slide_idx,slide_id,process_id,world_size,t_arrived_s,n_tiles,inference_batch_size,t_tissue_ms,t_extract_ms,t_mil_ms,t_heatmap_write_ms,t_total_ms,backend,model,cache_policy_requested,client_page_cache_discarded,heatmap_format,heatmap_path,heatmap_bytes
0,TCGA-A1-A0SH-01Z-00-DX1.90E71B08-E1D9-4FC2-85AC-062E56DDF17C,0,4,0.000009,9373,256,37.182,34390.315,57.473,4179.201,38664.170,kvikio,virchow2,warm,,tiff5x,/home/ec2-user/wsi-cloud/runs/2026-08-23-063822-weka-s7-7.5.b-endurance-all-four-4hr/heatmaps/proc0/TCGA-A1-A0SH-01Z-00-DX1.90E71B08-E1D9-4FC2-85AC-062E56DDF17C.tiff,5543524
1,TCGA-A2-A0SW-01Z-00-DX1.E1EA0407-B831-4D75-826E-80B82B821797,0,4,38.664341,11161,256,68.693,40725.605,1.331,12053.405,52849.034,kvikio,virchow2,warm,,tiff5x,/home/ec2-user/wsi-cloud/runs/2026-08-23-063822-weka-s7-7.5.b-endurance-all-four-4hr/heatmaps/proc0/TCGA-A2-A0SW-01Z-00-DX1.E1EA0407-B831-4D75-826E-80B82B821797.tiff,7123888
2,TCGA-A7-A426-01Z-00-DX1.3058E873-9442-4872-80DA-E8A5B35054D2,0,4,91.513531,6044,256,25.869,22376.026,0.986,3658.765,26061.646,kvikio,virchow2,warm,,tiff5x,/home/ec2-user/wsi-cloud/runs/2026-08-23-063822-weka-s7-7.5.b-endurance-all-four-4hr/heatmaps/proc0/TCGA-A7-A426-01Z-00-DX1.3058E873-9442-4872-80DA-E8A5B35054D2.tiff,4029440
3,TCGA-A8-A07B-01Z-00-DX1.950B5E4E-C5F0-4445-9F88-E8C32CDFE6DA,0,4,117.575337,2205,256,15.123,8169.707,0.938,1562.572,9748.340,kvikio,virchow2,warm,,tiff5x,/home/ec2-user/wsi-cloud/runs/2026-08-23-063822-weka-s7-7.5.b-endurance-all-four-4hr/heatmaps/proc0/TCGA-A8-A07B-01Z-00-DX1.950B5E4E-C5F0-4445-9F88-E8C32CDFE6DA.tiff,1475538
4,TCGA-A8-A0A2-01Z-00-DX1.47BCDF13-1065-466A-B7CB-F91F5EAD7D91,0,4,127.323820,2024,256,31.346,7601.589,1.121,916.240,8550.296,kvikio,virchow2,warm,,tiff5x,/home/ec2-user/wsi-cloud/runs/2026-08-23-063822-weka-s7-7.5.b-endurance-all-four-4hr/heatmaps/proc0/TCGA-A8-A0A2-01Z-00-DX1.47BCDF13-1065-466A-B7CB-F91F5EAD7D91.tiff,1706200
5,TCGA-AQ-A54O-01Z-00-DX1.85AB0AC4-47BB-4CD8-B7FB-5928108864AC,0,4,135.874263,18572,256,108.341,69967.357,1.530,12477.958,82555.186,kvikio,virchow2,warm,,tiff5x,/home/ec2-user/wsi-cloud/runs/2026-08-23-063822-weka-s7-7.5.b-endurance-all-four-4hr/heatmaps/proc0/TCGA-AQ-A54O-01Z-00-DX1.85AB0AC4-47BB-4CD8-B7FB-5928108864AC.tiff,11780868
6,TCGA-AR-A2LE-01Z-00-DX1.E8E1FC5C-9A4A-463F-81D7-E9A8AF43EAD9,0,4,218.430937,5213,256,22.942,19497.768,0.941,4113.549,23635.200,kvikio,virchow2,warm,,tiff5x,/home/ec2-user/wsi-cloud/runs/2026-08-23-063822-weka-s7-7.5.b-endurance-all-four-4hr/heatmaps/proc0/TCGA-AR-A2LE-01Z-00-DX1.E8E1FC5C-9A4A-463F-81D7-E9A8AF43EAD9.tiff,3533711
7,TCGA-B6-A0WW-01Z-00-DX1.64048633-1D1A-4074-8C50-7641159355DB,0,4,242.066296,25271,256,126.961,95397.153,1.953,3764.946,99291.014,kvikio,virchow2,warm,,tiff5x,/home/ec2-user/wsi-cloud/runs/2026-08-23-063822-weka-s7-7.5.b-endurance-all-four-4hr/heatmaps/proc0/TCGA-B6-A0WW-01Z-00-DX1.64048633-1D1A-4074-8C50-7641159355DB.tiff,12373810
8,TCGA-BH-A0HQ-01Z-00-DX1.0921FCEF-20A2-4D4B-A198-91AF9F6C814C,0,4,341.357464,12548,256,60.544,47679.555,1.826,5651.852,53393.777,kvikio,virchow2,warm,,tiff5x,/home/ec2-user/wsi-cloud/runs/2026-08-23-063822-weka-s7-7.5.b-endurance-all-four-4hr/heatmaps/proc0/TCGA-BH-A0HQ-01Z-00-DX1.0921FCEF-20A2-4D4B-A198-91AF9F6C814C.tiff,9033522
9,TCGA-C8-A8HR-01Z-00-DX1.8E841CA8-1CE2-4242-AC5A-3247075CF8F4,0,4,394.752883,5410,256,31.101,20423.272,0.692,5353.276,25808.342,kvikio,virchow2,warm,,tiff5x,/home/ec2-user/wsi-cloud/runs/2026-08-23-063822-weka-s7-7.5.b-endurance-all-four-4hr/heatmaps/proc0/TCGA-C8-A8HR-01Z-00-DX1.8E841CA8-1CE2-4242-AC5A-3247075CF8F4.tiff,3866240
10,TCGA-D8-A1XV-01Z-00-DX2.D1988E01-5FDC-4F50-8183-F0CCE74D0CB2,0,4,420.561356,11410,256,48.009,42914.571,0.886,1697.746,44661.212,kvikio,virchow2,warm,,tiff5x,/home/ec2-user/wsi-cloud/runs/2026-08-23-063822-weka-s7-7.5.b-endurance-all-four-4hr/heatmaps/proc0/TCGA-D8-A1XV-01Z-00-DX2.D1988E01-5FDC-4F50-8183-F0CCE74D0CB2.tiff,7197342
11,TCGA-E9-A1N8-01Z-00-DX1.1243AB1C-75A3-4A5E-9674-53992E6DD377,0,4,465.222707,11469,256,46.211,41862.915,0.877,1672.812,43582.814,kvikio,virchow2,warm,,tiff5x,/home/ec2-user/wsi-cloud/runs/2026-08-23-063822-weka-s7-7.5.b-endurance-all-four-4hr/heatmaps/proc0/TCGA-E9-A1N8-01Z-00-DX1.1243AB1C-75A3-4A5E-9674-53992E6DD377.tiff,6979870
12,TCGA-S3-AA12-01Z-00-DX1.2A991B9F-E7E6-410B-B0BF-635E3CC40C7E,0,4,508.805678,19501,256,84.411,70626.731,1.463,2378.398,73091.003,kvikio,virchow2,warm,,tiff5x,/home/ec2-user/wsi-cloud/runs/2026-08-23-063822-weka-s7-7.5.b-endurance-all-four-4hr/heatmaps/proc0/TCGA-S3-AA12-01Z-00-DX1.2A991B9F-E7E6-410B-B0BF-635E3CC40C7E.tiff,10003184
13,TCGA-A1-A0SH-01Z-00-DX1.90E71B08-E1D9-4FC2-85AC-062E56DDF17C,0,4,581.896844,9373,256,41.416,34567.293,0.947,1783.216,36392.872,kvikio,virchow2,warm,,tiff5x,/home/ec2-user/wsi-cloud/runs/2026-08-23-063822-weka-s7-7.5.b-endurance-all-four-4hr/heatmaps/proc0/TCGA-A1-A0SH-01Z-00-DX1.90E71B08-E1D9-4FC2-85AC-062E56DDF17C.tiff,5543524
14,TCGA-A2-A0SW-01Z-00-DX1.E1EA0407-B831-4D75-826E-80B82B821797,0,4,618.289871,11161,256,46.053,40311.764,0.714,2826.862,43185.393,kvikio,virchow2,warm,,tiff5x,/home/ec2-user/wsi-cloud/runs/2026-08-23-063822-weka-s7-7.5.b-endurance-all-four-4hr/heatmaps/proc0/TCGA-A2-A0SW-01Z-00-DX1.E1EA0407-B831-4D75-826E-80B82B821797.tiff,7123888
15,TCGA-A7-A426-01Z-00-DX1.3058E873-9442-4872-80DA-E8A5B35054D2,0,4,661.475432,6044,256,29.500,21718.269,0.637,1478.325,23226.732,kvikio,virchow2,warm,,tiff5x,/home/ec2-user/wsi-cloud/runs/2026-08-23-063822-weka-s7-7.5.b-endurance-all-four-4hr/heatmaps/proc0/TCGA-A7-A426-01Z-00-DX1.3058E873-9442-4872-80DA-E8A5B35054D2.tiff,4029440
16,TCGA-A8-A07B-01Z-00-DX1.950B5E4E-C5F0-4445-9F88-E8C32CDFE6DA,0,4,684.702313,2205,256,12.868,7907.189,0.791,297.128,8217.975,kvikio,virchow2,warm,,tiff5x,/home/ec2-user/wsi-cloud/runs/2026-08-23-063822-weka-s7-7.5.b-endurance-all-four-4hr/heatmaps/proc0/TCGA-A8-A07B-01Z-00-DX1.950B5E4E-C5F0-4445-9F88-E8C32CDFE6DA.tiff,1475538
17,TCGA-A8-A0A2-01Z-00-DX1.47BCDF13-1065-466A-B7CB-F91F5EAD7D91,0,4,692.920417,2024,256,11.970,7314.867,0.818,855.374,8183.029,kvikio,virchow2,warm,,tiff5x,/home/ec2-user/wsi-cloud/runs/2026-08-23-063822-weka-s7-7.5.b-endurance-all-four-4hr/heatmaps/proc0/TCGA-A8-A0A2-01Z-00-DX1.47BCDF13-1065-466A-B7CB-F91F5EAD7D91.tiff,1706200
18,TCGA-AQ-A54O-01Z-00-DX1.85AB0AC4-47BB-4CD8-B7FB-5928108864AC,0,4,701.103593,18572,256,89.676,67326.140,1.485,3087.324,70504.625,kvikio,virchow2,warm,,tiff5x,/home/ec2-user/wsi-cloud/runs/2026-08-23-063822-weka-s7-7.5.b-endurance-all-four-4hr/heatmaps/proc0/TCGA-AQ-A54O-01Z-00-DX1.85AB0AC4-47BB-4CD8-B7FB-5928108864AC.tiff,11780868
19,TCGA-AR-A2LE-01Z-00-DX1.E8E1FC5C-9A4A-463F-81D7-E9A8AF43EAD9,0,4,771.608388,5213,256,28.016,19256.761,0.905,941.202,20226.884,kvikio,virchow2,warm,,tiff5x,/home/ec2-user/wsi-cloud/runs/2026-08-23-063822-weka-s7-7.5.b-endurance-all-four-4hr/heatmaps/proc0/TCGA-AR-A2LE-01Z-00-DX1.E8E1FC5C-9A4A-463F-81D7-E9A8AF43EAD9.tiff,3533711
20,TCGA-B6-A0WW-01Z-00-DX1.64048633-1D1A-4074-8C50-7641159355DB,0,4,791.835409,25271,256,110.283,93897.694,1.954,2586.898,96596.829,kvikio,virchow2,warm,,tiff5x,/home/ec2-user/wsi-cloud/runs/2026-08-23-063822-weka-s7-7.5.b-endurance-all-four-4hr/heatmaps/proc0/TCGA-B6-A0WW-01Z-00-DX1.64048633-1D1A-4074-8C50-7641159355DB.tiff,12373810
21,TCGA-BH-A0HQ-01Z-00-DX1.0921FCEF-20A2-4D4B-A198-91AF9F6C814C,0,4,888.432391,12548,256,61.464,46518.197,0.998,1826.183,48406.843,kvikio,virchow2,warm,,tiff5x,/home/ec2-user/wsi-cloud/runs/2026-08-23-063822-weka-s7-7.5.b-endurance-all-four-4hr/heatmaps/proc0/TCGA-BH-A0HQ-01Z-00-DX1.0921FCEF-20A2-4D4B-A198-91AF9F6C814C.tiff,9033522
22,TCGA-C8-A8HR-01Z-00-DX1.8E841CA8-1CE2-4242-AC5A-3247075CF8F4,0,4,936.839385,5410,256,26.485,20027.121,0.540,617.552,20671.699,kvikio,virchow2,warm,,tiff5x,/home/ec2-user/wsi-cloud/runs/2026-08-23-063822-weka-s7-7.5.b-endurance-all-four-4hr/heatmaps/proc0/TCGA-C8-A8HR-01Z-00-DX1.8E841CA8-1CE2-4242-AC5A-3247075CF8F4.tiff,3866240
23,TCGA-D8-A1XV-01Z-00-DX2.D1988E01-5FDC-4F50-8183-F0CCE74D0CB2,0,4,957.511220,11410,256,44.856,42325.930,0.771,1731.406,44102.963,kvikio,virchow2,warm,,tiff5x,/home/ec2-user/wsi-cloud/runs/2026-08-23-063822-weka-s7-7.5.b-endurance-all-four-4hr/heatmaps/proc0/TCGA-D8-A1XV-01Z-00-DX2.D1988E01-5FDC-4F50-8183-F0CCE74D0CB2.tiff,7197342
24,TCGA-E9-A1N8-01Z-00-DX1.1243AB1C-75A3-4A5E-9674-53992E6DD377,0,4,1001.614325,11469,256,47.707,42426.960,0.773,1650.725,44126.164,kvikio,virchow2,warm,,tiff5x,/home/ec2-user/wsi-cloud/runs/2026-08-23-063822-weka-s7-7.5.b-endurance-all-four-4hr/heatmaps/proc0/TCGA-E9-A1N8-01Z-00-DX1.1243AB1C-75A3-4A5E-9674-53992E6DD377.tiff,6979870
25,TCGA-S3-AA12-01Z-00-DX1.2A991B9F-E7E6-410B-B0BF-635E3CC40C7E,0,4,1045.740703,19501,256,110.671,72326.538,1.389,2414.483,74853.080,kvikio,virchow2,warm,,tiff5x,/home/ec2-user/wsi-cloud/runs/2026-08-23-063822-weka-s7-7.5.b-endurance-all-four-4hr/heatmaps/proc0/TCGA-S3-AA12-01Z-00-DX1.2A991B9F-E7E6-410B-B0BF-635E3CC40C7E.tiff,10003184
26,TCGA-A1-A0SH-01Z-00-DX1.90E71B08-E1D9-4FC2-85AC-062E56DDF17C,0,4,1120.593931,9373,256,41.255,34517.570,0.592,1710.462,36269.879,kvikio,virchow2,warm,,tiff5x,/home/ec2-user/wsi-cloud/runs/2026-08-23-063822-weka-s7-7.5.b-endurance-all-four-4hr/heatmaps/proc0/TCGA-A1-A0SH-01Z-00-DX1.90E71B08-E1D9-4FC2-85AC-062E56DDF17C.tiff,5543524
27,TCGA-A2-A0SW-01Z-00-DX1.E1EA0407-B831-4D75-826E-80B82B821797,0,4,1156.864115,11161,256,42.263,41149.188,0.738,2834.838,44027.027,kvikio,virchow2,warm,,tiff5x,/home/ec2-user/wsi-cloud/runs/2026-08-23-063822-weka-s7-7.5.b-endurance-all-four-4hr/heatmaps/proc0/TCGA-A2-A0SW-01Z-00-DX1.E1EA0407-B831-4D75-826E-80B82B821797.tiff,7123888
28,TCGA-A7-A426-01Z-00-DX1.3058E873-9442-4872-80DA-E8A5B35054D2,0,4,1200.891305,6044,256,24.392,22318.042,0.543,1471.690,23814.667,kvikio,virchow2,warm,,tiff5x,/home/ec2-user/wsi-cloud/runs/2026-08-23-063822-weka-s7-7.5.b-endurance-all-four-4hr/heatmaps/proc0/TCGA-A7-A426-01Z-00-DX1.3058E873-9442-4872-80DA-E8A5B35054D2.tiff,4029440
29,TCGA-A8-A07B-01Z-00-DX1.950B5E4E-C5F0-4445-9F88-E8C32CDFE6DA,0,4,1224.706115,2205,256,12.332,8124.660,0.563,297.116,8434.671,kvikio,virchow2,warm,,tiff5x,/home/ec2-user/wsi-cloud/runs/2026-08-23-063822-weka-s7-7.5.b-endurance-all-four-4hr/heatmaps/proc0/TCGA-A8-A07B-01Z-00-DX1.950B5E4E-C5F0-4445-9F88-E8C32CDFE6DA.tiff,1475538
30,TCGA-A8-A0A2-01Z-00-DX1.47BCDF13-1065-466A-B7CB-F91F5EAD7D91,0,4,1233.140918,2024,256,11.222,7470.627,0.575,857.594,8340.018,kvikio,virchow2,warm,,tiff5x,/home/ec2-user/wsi-cloud/runs/2026-08-23-063822-weka-s7-7.5.b-endurance-all-four-4hr/heatmaps/proc0/TCGA-A8-A0A2-01Z-00-DX1.47BCDF13-1065-466A-B7CB-F91F5EAD7D91.tiff,1706200
31,TCGA-AQ-A54O-01Z-00-DX1.85AB0AC4-47BB-4CD8-B7FB-5928108864AC,0,4,1241.481070,18572,256,75.421,68700.155,1.464,3075.713,71852.752,kvikio,virchow2,warm,,tiff5x,/home/ec2-user/wsi-cloud/runs/2026-08-23-063822-weka-s7-7.5.b-endurance-all-four-4hr/heatmaps/proc0/TCGA-AQ-A54O-01Z-00-DX1.85AB0AC4-47BB-4CD8-B7FB-5928108864AC.tiff,11780868
32,TCGA-AR-A2LE-01Z-00-DX1.E8E1FC5C-9A4A-463F-81D7-E9A8AF43EAD9,0,4,1313.333976,5213,256,27.248,19254.094,0.629,954.861,20236.831,kvikio,virchow2,warm,,tiff5x,/home/ec2-user/wsi-cloud/runs/2026-08-23-063822-weka-s7-7.5.b-endurance-all-four-4hr/heatmaps/proc0/TCGA-AR-A2LE-01Z-00-DX1.E8E1FC5C-9A4A-463F-81D7-E9A8AF43EAD9.tiff,3533711
33,TCGA-B6-A0WW-01Z-00-DX1.64048633-1D1A-4074-8C50-7641159355DB,0,4,1333.570956,25271,256,110.346,93629.000,1.895,2537.972,96279.213,kvikio,virchow2,warm,,tiff5x,/home/ec2-user/wsi-cloud/runs/2026-08-23-063822-weka-s7-7.5.b-endurance-all-four-4hr/heatmaps/proc0/TCGA-B6-A0WW-01Z-00-DX1.64048633-1D1A-4074-8C50-7641159355DB.tiff,12373810
34,TCGA-BH-A0HQ-01Z-00-DX1.0921FCEF-20A2-4D4B-A198-91AF9F6C814C,0,4,1429.850311,12548,256,49.703,46276.851,0.828,1823.161,48150.543,kvikio,virchow2,warm,,tiff5x,/home/ec2-user/wsi-cloud/runs/2026-08-23-063822-weka-s7-7.5.b-endurance-all-four-4hr/heatmaps/proc0/TCGA-BH-A0HQ-01Z-00-DX1.0921FCEF-20A2-4D4B-A198-91AF9F6C814C.tiff,9033522
35,TCGA-C8-A8HR-01Z-00-DX1.8E841CA8-1CE2-4242-AC5A-3247075CF8F4,0,4,1478.000995,5410,256,25.556,20011.693,0.693,613.020,20650.961,kvikio,virchow2,warm,,tiff5x,/home/ec2-user/wsi-cloud/runs/2026-08-23-063822-weka-s7-7.5.b-endurance-all-four-4hr/heatmaps/proc0/TCGA-C8-A8HR-01Z-00-DX1.8E841CA8-1CE2-4242-AC5A-3247075CF8F4.tiff,3866240
36,TCGA-D8-A1XV-01Z-00-DX2.D1988E01-5FDC-4F50-8183-F0CCE74D0CB2,0,4,1498.652104,11410,256,46.447,42131.679,0.959,1729.225,43908.311,kvikio,virchow2,warm,,tiff5x,/home/ec2-user/wsi-cloud/runs/2026-08-23-063822-weka-s7-7.5.b-endurance-all-four-4hr/heatmaps/proc0/TCGA-D8-A1XV-01Z-00-DX2.D1988E01-5FDC-4F50-8183-F0CCE74D0CB2.tiff,7197342
37,TCGA-E9-A1N8-01Z-00-DX1.1243AB1C-75A3-4A5E-9674-53992E6DD377,0,4,1542.560565,11469,256,55.610,42482.822,1.043,1701.571,44241.046,kvikio,virchow2,warm,,tiff5x,/home/ec2-user/wsi-cloud/runs/2026-08-23-063822-weka-s7-7.5.b-endurance-all-four-4hr/heatmaps/proc0/TCGA-E9-A1N8-01Z-00-DX1.1243AB1C-75A3-4A5E-9674-53992E6DD377.tiff,6979870
38,TCGA-S3-AA12-01Z-00-DX1.2A991B9F-E7E6-410B-B0BF-635E3CC40C7E,0,4,1586.801767,19501,256,86.213,72250.538,1.388,2309.137,74647.276,kvikio,virchow2,warm,,tiff5x,/home/ec2-user/wsi-cloud/runs/2026-08-23-063822-weka-s7-7.5.b-endurance-all-four-4hr/heatmaps/proc0/TCGA-S3-AA12-01Z-00-DX1.2A991B9F-E7E6-410B-B0BF-635E3CC40C7E.tiff,10003184
39,TCGA-A1-A0SH-01Z-00-DX1.90E71B08-E1D9-4FC2-85AC-062E56DDF17C,0,4,1661.449196,9373,256,40.775,34657.749,0.581,1822.315,36521.420,kvikio,virchow2,warm,,tiff5x,/home/ec2-user/wsi-cloud/runs/2026-08-23-063822-weka-s7-7.5.b-endurance-all-four-4hr/heatmaps/proc0/TCGA-A1-A0SH-01Z-00-DX1.90E71B08-E1D9-4FC2-85AC-062E56DDF17C.tiff,5543524
40,TCGA-A2-A0SW-01Z-00-DX1.E1EA0407-B831-4D75-826E-80B82B821797,0,4,1697.970754,11161,256,43.362,41294.713,0.757,2810.100,44148.931,kvikio,virchow2,warm,,tiff5x,/home/ec2-user/wsi-cloud/runs/2026-08-23-063822-weka-s7-7.5.b-endurance-all-four-4hr/heatmaps/proc0/TCGA-A2-A0SW-01Z-00-DX1.E1EA0407-B831-4D75-826E-80B82B821797.tiff,7123888
41,TCGA-A7-A426-01Z-00-DX1.3058E873-9442-4872-80DA-E8A5B35054D2,0,4,1742.119833,6044,256,26.653,22306.830,0.681,1463.405,23797.569,kvikio,virchow2,warm,,tiff5x,/home/ec2-user/wsi-cloud/runs/2026-08-23-063822-weka-s7-7.5.b-endurance-all-four-4hr/heatmaps/proc0/TCGA-A7-A426-01Z-00-DX1.3058E873-9442-4872-80DA-E8A5B35054D2.tiff,4029440
42,TCGA-A8-A07B-01Z-00-DX1.950B5E4E-C5F0-4445-9F88-E8C32CDFE6DA,0,4,1765.917558,2205,256,12.633,8121.689,0.762,299.583,8434.667,kvikio,virchow2,warm,,tiff5x,/home/ec2-user/wsi-cloud/runs/2026-08-23-063822-weka-s7-7.5.b-endurance-all-four-4hr/heatmaps/proc0/TCGA-A8-A07B-01Z-00-DX1.950B5E4E-C5F0-4445-9F88-E8C32CDFE6DA.tiff,1475538
43,TCGA-A8-A0A2-01Z-00-DX1.47BCDF13-1065-466A-B7CB-F91F5EAD7D91,0,4,1774.352358,2024,256,11.547,7470.502,0.581,858.394,8341.025,kvikio,virchow2,warm,,tiff5x,/home/ec2-user/wsi-cloud/runs/2026-08-23-063822-weka-s7-7.5.b-endurance-all-four-4hr/heatmaps/proc0/TCGA-A8-A0A2-01Z-00-DX1.47BCDF13-1065-466A-B7CB-F91F5EAD7D91.tiff,1706200
44,TCGA-AQ-A54O-01Z-00-DX1.85AB0AC4-47BB-4CD8-B7FB-5928108864AC,0,4,1782.693511,18572,256,83.119,68413.322,1.479,3104.708,71602.627,kvikio,virchow2,warm,,tiff5x,/home/ec2-user/wsi-cloud/runs/2026-08-23-063822-weka-s7-7.5.b-endurance-all-four-4hr/heatmaps/proc0/TCGA-AQ-A54O-01Z-00-DX1.85AB0AC4-47BB-4CD8-B7FB-5928108864AC.tiff,11780868
45,TCGA-AR-A2LE-01Z-00-DX1.E8E1FC5C-9A4A-463F-81D7-E9A8AF43EAD9,0,4,1854.296297,5213,256,25.655,19245.712,0.776,935.482,20207.625,kvikio,virchow2,warm,,tiff5x,/home/ec2-user/wsi-cloud/runs/2026-08-23-063822-weka-s7-7.5.b-endurance-all-four-4hr/heatmaps/proc0/TCGA-AR-A2LE-01Z-00-DX1.E8E1FC5C-9A4A-463F-81D7-E9A8AF43EAD9.tiff,3533711
46,TCGA-B6-A0WW-01Z-00-DX1.64048633-1D1A-4074-8C50-7641159355DB,0,4,1874.504059,25271,256,111.589,93665.280,1.948,2561.236,96340.054,kvikio,virchow2,warm,,tiff5x,/home/ec2-user/wsi-cloud/runs/2026-08-23-063822-weka-s7-7.5.b-endurance-all-four-4hr/heatmaps/proc0/TCGA-B6-A0WW-01Z-00-DX1.64048633-1D1A-4074-8C50-7641159355DB.tiff,12373810
47,TCGA-BH-A0HQ-01Z-00-DX1.0921FCEF-20A2-4D4B-A198-91AF9F6C814C,0,4,1970.844265,12548,256,53.567,46428.174,0.837,1847.450,48330.028,kvikio,virchow2,warm,,tiff5x,/home/ec2-user/wsi-cloud/runs/2026-08-23-063822-weka-s7-7.5.b-endurance-all-four-4hr/heatmaps/proc0/TCGA-BH-A0HQ-01Z-00-DX1.0921FCEF-20A2-4D4B-A198-91AF9F6C814C.tiff,9033522
48,TCGA-C8-A8HR-01Z-00-DX1.8E841CA8-1CE2-4242-AC5A-3247075CF8F4,0,4,2019.174450,5410,256,29.827,20019.430,0.639,621.752,20671.647,kvikio,virchow2,warm,,tiff5x,/home/ec2-user/wsi-cloud/runs/2026-08-23-063822-weka-s7-7.5.b-endurance-all-four-4hr/heatmaps/proc0/TCGA-C8-A8HR-01Z-00-DX1.8E841CA8-1CE2-4242-AC5A-3247075CF8F4.tiff,3866240
49,TCGA-D8-A1XV-01Z-00-DX2.D1988E01-5FDC-4F50-8183-F0CCE74D0CB2,0,4,2039.846241,11410,256,48.642,41995.767,0.928,1713.452,43758.789,kvikio,virchow2,warm,,tiff5x,/home/ec2-user/wsi-cloud/runs/2026-08-23-063822-weka-s7-7.5.b-endurance-all-four-4hr/heatmaps/proc0/TCGA-D8-A1XV-01Z-00-DX2.D1988E01-5FDC-4F50-8183-F0CCE74D0CB2.tiff,7197342
50,TCGA-E9-A1N8-01Z-00-DX1.1243AB1C-75A3-4A5E-9674-53992E6DD377,0,4,2083.605174,11469,256,49.649,42264.271,0.975,1641.739,43956.633,kvikio,virchow2,warm,,tiff5x,/home/ec2-user/wsi-cloud/runs/2026-08-23-063822-weka-s7-7.5.b-endurance-all-four-4hr/heatmaps/proc0/TCGA-E9-A1N8-01Z-00-DX1.1243AB1C-75A3-4A5E-9674-53992E6DD377.tiff,6979870
51,TCGA-S3-AA12-01Z-00-DX1.2A991B9F-E7E6-410B-B0BF-635E3CC40C7E,0,4,2127.561958,19501,256,89.011,72289.443,1.457,2358.685,74738.595,kvikio,virchow2,warm,,tiff5x,/home/ec2-user/wsi-cloud/runs/2026-08-23-063822-weka-s7-7.5.b-endurance-all-four-4hr/heatmaps/proc0/TCGA-S3-AA12-01Z-00-DX1.2A991B9F-E7E6-410B-B0BF-635E3CC40C7E.tiff,10003184
52,TCGA-A1-A0SH-01Z-00-DX1.90E71B08-E1D9-4FC2-85AC-062E56DDF17C,0,4,2202.300700,9373,256,40.063,34391.968,0.641,1715.331,36148.003,kvikio,virchow2,warm,,tiff5x,/home/ec2-user/wsi-cloud/runs/2026-08-23-063822-weka-s7-7.5.b-endurance-all-four-4hr/heatmaps/proc0/TCGA-A1-A0SH-01Z-00-DX1.90E71B08-E1D9-4FC2-85AC-062E56DDF17C.tiff,5543524
53,TCGA-A2-A0SW-01Z-00-DX1.E1EA0407-B831-4D75-826E-80B82B821797,0,4,2238.448840,11161,256,46.029,41091.154,0.747,2945.993,44083.922,kvikio,virchow2,warm,,tiff5x,/home/ec2-user/wsi-cloud/runs/2026-08-23-063822-weka-s7-7.5.b-endurance-all-four-4hr/heatmaps/proc0/TCGA-A2-A0SW-01Z-00-DX1.E1EA0407-B831-4D75-826E-80B82B821797.tiff,7123888
54,TCGA-A7-A426-01Z-00-DX1.3058E873-9442-4872-80DA-E8A5B35054D2,0,4,2282.532910,6044,256,26.752,22222.328,0.543,1469.521,23719.144,kvikio,virchow2,warm,,tiff5x,/home/ec2-user/wsi-cloud/runs/2026-08-23-063822-weka-s7-7.5.b-endurance-all-four-4hr/heatmaps/proc0/TCGA-A7-A426-01Z-00-DX1.3058E873-9442-4872-80DA-E8A5B35054D2.tiff,4029440
55,TCGA-A8-A07B-01Z-00-DX1.950B5E4E-C5F0-4445-9F88-E8C32CDFE6DA,0,4,2306.252192,2205,256,12.450,8098.226,0.804,301.167,8412.648,kvikio,virchow2,warm,,tiff5x,/home/ec2-user/wsi-cloud/runs/2026-08-23-063822-weka-s7-7.5.b-endurance-all-four-4hr/heatmaps/proc0/TCGA-A8-A07B-01Z-00-DX1.950B5E4E-C5F0-4445-9F88-E8C32CDFE6DA.tiff,1475538
56,TCGA-A8-A0A2-01Z-00-DX1.47BCDF13-1065-466A-B7CB-F91F5EAD7D91,0,4,2314.664971,2024,256,10.652,7482.119,0.806,855.344,8348.921,kvikio,virchow2,warm,,tiff5x,/home/ec2-user/wsi-cloud/runs/2026-08-23-063822-weka-s7-7.5.b-endurance-all-four-4hr/heatmaps/proc0/TCGA-A8-A0A2-01Z-00-DX1.47BCDF13-1065-466A-B7CB-F91F5EAD7D91.tiff,1706200
57,TCGA-AQ-A54O-01Z-00-DX1.85AB0AC4-47BB-4CD8-B7FB-5928108864AC,0,4,2323.014032,18572,256,76.299,68348.736,1.350,3078.157,71504.542,kvikio,virchow2,warm,,tiff5x,/home/ec2-user/wsi-cloud/runs/2026-08-23-063822-weka-s7-7.5.b-endurance-all-four-4hr/heatmaps/proc0/TCGA-AQ-A54O-01Z-00-DX1.85AB0AC4-47BB-4CD8-B7FB-5928108864AC.tiff,11780868
58,TCGA-AR-A2LE-01Z-00-DX1.E8E1FC5C-9A4A-463F-81D7-E9A8AF43EAD9,0,4,2394.519031,5213,256,30.967,19241.264,1.044,980.198,20253.474,kvikio,virchow2,warm,,tiff5x,/home/ec2-user/wsi-cloud/runs/2026-08-23-063822-weka-s7-7.5.b-endurance-all-four-4hr/heatmaps/proc0/TCGA-AR-A2LE-01Z-00-DX1.E8E1FC5C-9A4A-463F-81D7-E9A8AF43EAD9.tiff,3533711
59,TCGA-B6-A0WW-01Z-00-DX1.64048633-1D1A-4074-8C50-7641159355DB,0,4,2414.772867,25271,256,114.314,93483.181,1.839,2598.986,96198.321,kvikio,virchow2,warm,,tiff5x,/home/ec2-user/wsi-cloud/runs/2026-08-23-063822-weka-s7-7.5.b-endurance-all-four-4hr/heatmaps/proc0/TCGA-B6-A0WW-01Z-00-DX1.64048633-1D1A-4074-8C50-7641159355DB.tiff,12373810
60,TCGA-BH-A0HQ-01Z-00-DX1.0921FCEF-20A2-4D4B-A198-91AF9F6C814C,0,4,2510.971359,12548,256,52.886,45614.873,0.833,1824.210,47492.801,kvikio,virchow2,warm,,tiff5x,/home/ec2-user/wsi-cloud/runs/2026-08-23-063822-weka-s7-7.5.b-endurance-all-four-4hr/heatmaps/proc0/TCGA-BH-A0HQ-01Z-00-DX1.0921FCEF-20A2-4D4B-A198-91AF9F6C814C.tiff,9033522
61,TCGA-C8-A8HR-01Z-00-DX1.8E841CA8-1CE2-4242-AC5A-3247075CF8F4,0,4,2558.464308,5410,256,23.973,19865.603,0.531,610.456,20500.563,kvikio,virchow2,warm,,tiff5x,/home/ec2-user/wsi-cloud/runs/2026-08-23-063822-weka-s7-7.5.b-endurance-all-four-4hr/heatmaps/proc0/TCGA-C8-A8HR-01Z-00-DX1.8E841CA8-1CE2-4242-AC5A-3247075CF8F4.tiff,3866240
62,TCGA-D8-A1XV-01Z-00-DX2.D1988E01-5FDC-4F50-8183-F0CCE74D0CB2,0,4,2578.964997,11410,256,45.832,42325.832,0.796,1715.777,44088.238,kvikio,virchow2,warm,,tiff5x,/home/ec2-user/wsi-cloud/runs/2026-08-23-063822-weka-s7-7.5.b-endurance-all-four-4hr/heatmaps/proc0/TCGA-D8-A1XV-01Z-00-DX2.D1988E01-5FDC-4F50-8183-F0CCE74D0CB2.tiff,7197342
63,TCGA-E9-A1N8-01Z-00-DX1.1243AB1C-75A3-4A5E-9674-53992E6DD377,0,4,2623.053372,11469,256,46.796,42223.000,0.840,1637.039,43907.676,kvikio,virchow2,warm,,tiff5x,/home/ec2-user/wsi-cloud/runs/2026-08-23-063822-weka-s7-7.5.b-endurance-all-four-4hr/heatmaps/proc0/TCGA-E9-A1N8-01Z-00-DX1.1243AB1C-75A3-4A5E-9674-53992E6DD377.tiff,6979870
64,TCGA-S3-AA12-01Z-00-DX1.2A991B9F-E7E6-410B-B0BF-635E3CC40C7E,0,4,2666.961246,19501,256,80.385,71504.218,1.473,2434.472,74020.548,kvikio,virchow2,warm,,tiff5x,/home/ec2-user/wsi-cloud/runs/2026-08-23-063822-weka-s7-7.5.b-endurance-all-four-4hr/heatmaps/proc0/TCGA-S3-AA12-01Z-00-DX1.2A991B9F-E7E6-410B-B0BF-635E3CC40C7E.tiff,10003184
65,TCGA-A1-A0SH-01Z-00-DX1.90E71B08-E1D9-4FC2-85AC-062E56DDF17C,0,4,2740.981968,9373,256,44.995,33768.384,0.877,1799.113,35613.370,kvikio,virchow2,warm,,tiff5x,/home/ec2-user/wsi-cloud/runs/2026-08-23-063822-weka-s7-7.5.b-endurance-all-four-4hr/heatmaps/proc0/TCGA-A1-A0SH-01Z-00-DX1.90E71B08-E1D9-4FC2-85AC-062E56DDF17C.tiff,5543524
66,TCGA-A2-A0SW-01Z-00-DX1.E1EA0407-B831-4D75-826E-80B82B821797,0,4,2776.595489,11161,256,48.970,40064.762,0.715,2853.914,42968.361,kvikio,virchow2,warm,,tiff5x,/home/ec2-user/wsi-cloud/runs/2026-08-23-063822-weka-s7-7.5.b-endurance-all-four-4hr/heatmaps/proc0/TCGA-A2-A0SW-01Z-00-DX1.E1EA0407-B831-4D75-826E-80B82B821797.tiff,7123888
67,TCGA-A7-A426-01Z-00-DX1.3058E873-9442-4872-80DA-E8A5B35054D2,0,4,2819.563994,6044,256,25.160,21817.881,0.625,1470.600,23314.266,kvikio,virchow2,warm,,tiff5x,/home/ec2-user/wsi-cloud/runs/2026-08-23-063822-weka-s7-7.5.b-endurance-all-four-4hr/heatmaps/proc0/TCGA-A7-A426-01Z-00-DX1.3058E873-9442-4872-80DA-E8A5B35054D2.tiff,4029440
68,TCGA-A8-A07B-01Z-00-DX1.950B5E4E-C5F0-4445-9F88-E8C32CDFE6DA,0,4,2842.878419,2205,256,10.474,8054.049,0.894,307.509,8372.926,kvikio,virchow2,warm,,tiff5x,/home/ec2-user/wsi-cloud/runs/2026-08-23-063822-weka-s7-7.5.b-endurance-all-four-4hr/heatmaps/proc0/TCGA-A8-A07B-01Z-00-DX1.950B5E4E-C5F0-4445-9F88-E8C32CDFE6DA.tiff,1475538
69,TCGA-A8-A0A2-01Z-00-DX1.47BCDF13-1065-466A-B7CB-F91F5EAD7D91,0,4,2851.251481,2024,256,10.794,7443.139,0.643,872.685,8327.261,kvikio,virchow2,warm,,tiff5x,/home/ec2-user/wsi-cloud/runs/2026-08-23-063822-weka-s7-7.5.b-endurance-all-four-4hr/heatmaps/proc0/TCGA-A8-A0A2-01Z-00-DX1.47BCDF13-1065-466A-B7CB-F91F5EAD7D91.tiff,1706200
70,TCGA-AQ-A54O-01Z-00-DX1.85AB0AC4-47BB-4CD8-B7FB-5928108864AC,0,4,2859.578897,18572,256,77.566,67836.869,1.327,3053.263,70969.025,kvikio,virchow2,warm,,tiff5x,/home/ec2-user/wsi-cloud/runs/2026-08-23-063822-weka-s7-7.5.b-endurance-all-four-4hr/heatmaps/proc0/TCGA-AQ-A54O-01Z-00-DX1.85AB0AC4-47BB-4CD8-B7FB-5928108864AC.tiff,11780868
71,TCGA-AR-A2LE-01Z-00-DX1.E8E1FC5C-9A4A-463F-81D7-E9A8AF43EAD9,0,4,2930.548070,5213,256,24.761,18720.125,0.578,1037.475,19782.940,kvikio,virchow2,warm,,tiff5x,/home/ec2-user/wsi-cloud/runs/2026-08-23-063822-weka-s7-7.5.b-endurance-all-four-4hr/heatmaps/proc0/TCGA-AR-A2LE-01Z-00-DX1.E8E1FC5C-9A4A-463F-81D7-E9A8AF43EAD9.tiff,3533711
72,TCGA-B6-A0WW-01Z-00-DX1.64048633-1D1A-4074-8C50-7641159355DB,0,4,2950.331147,25271,256,105.186,91942.309,1.982,2559.678,94609.155,kvikio,virchow2,warm,,tiff5x,/home/ec2-user/wsi-cloud/runs/2026-08-23-063822-weka-s7-7.5.b-endurance-all-four-4hr/heatmaps/proc0/TCGA-B6-A0WW-01Z-00-DX1.64048633-1D1A-4074-8C50-7641159355DB.tiff,12373810
73,TCGA-BH-A0HQ-01Z-00-DX1.0921FCEF-20A2-4D4B-A198-91AF9F6C814C,0,4,3044.940473,12548,256,58.737,45504.723,0.850,1822.748,47387.057,kvikio,virchow2,warm,,tiff5x,/home/ec2-user/wsi-cloud/runs/2026-08-23-063822-weka-s7-7.5.b-endurance-all-four-4hr/heatmaps/proc0/TCGA-BH-A0HQ-01Z-00-DX1.0921FCEF-20A2-4D4B-A198-91AF9F6C814C.tiff,9033522
74,TCGA-C8-A8HR-01Z-00-DX1.8E841CA8-1CE2-4242-AC5A-3247075CF8F4,0,4,3092.327672,5410,256,22.383,19715.690,0.542,616.226,20354.842,kvikio,virchow2,warm,,tiff5x,/home/ec2-user/wsi-cloud/runs/2026-08-23-063822-weka-s7-7.5.b-endurance-all-four-4hr/heatmaps/proc0/TCGA-C8-A8HR-01Z-00-DX1.8E841CA8-1CE2-4242-AC5A-3247075CF8F4.tiff,3866240
75,TCGA-D8-A1XV-01Z-00-DX2.D1988E01-5FDC-4F50-8183-F0CCE74D0CB2,0,4,3112.682650,11410,256,48.841,42216.693,0.756,1719.599,43985.889,kvikio,virchow2,warm,,tiff5x,/home/ec2-user/wsi-cloud/runs/2026-08-23-063822-weka-s7-7.5.b-endurance-all-four-4hr/heatmaps/proc0/TCGA-D8-A1XV-01Z-00-DX2.D1988E01-5FDC-4F50-8183-F0CCE74D0CB2.tiff,7197342
76,TCGA-E9-A1N8-01Z-00-DX1.1243AB1C-75A3-4A5E-9674-53992E6DD377,0,4,3156.668674,11469,256,45.132,41988.838,0.863,1630.596,43665.428,kvikio,virchow2,warm,,tiff5x,/home/ec2-user/wsi-cloud/runs/2026-08-23-063822-weka-s7-7.5.b-endurance-all-four-4hr/heatmaps/proc0/TCGA-E9-A1N8-01Z-00-DX1.1243AB1C-75A3-4A5E-9674-53992E6DD377.tiff,6979870
77,TCGA-S3-AA12-01Z-00-DX1.2A991B9F-E7E6-410B-B0BF-635E3CC40C7E,0,4,3200.334250,19501,256,85.913,72008.910,1.398,2313.905,74410.125,kvikio,virchow2,warm,,tiff5x,/home/ec2-user/wsi-cloud/runs/2026-08-23-063822-weka-s7-7.5.b-endurance-all-four-4hr/heatmaps/proc0/TCGA-S3-AA12-01Z-00-DX1.2A991B9F-E7E6-410B-B0BF-635E3CC40C7E.tiff,10003184
78,TCGA-A1-A0SH-01Z-00-DX1.90E71B08-E1D9-4FC2-85AC-062E56DDF17C,0,4,3274.744523,9373,256,39.901,34699.582,0.629,1720.030,36460.141,kvikio,virchow2,warm,,tiff5x,/home/ec2-user/wsi-cloud/runs/2026-08-23-063822-weka-s7-7.5.b-endurance-all-four-4hr/heatmaps/proc0/TCGA-A1-A0SH-01Z-00-DX1.90E71B08-E1D9-4FC2-85AC-062E56DDF17C.tiff,5543524
79,TCGA-A2-A0SW-01Z-00-DX1.E1EA0407-B831-4D75-826E-80B82B821797,0,4,3311.204799,11161,256,46.556,40869.820,0.746,2831.101,43748.223,kvikio,virchow2,warm,,tiff5x,/home/ec2-user/wsi-cloud/runs/2026-08-23-063822-weka-s7-7.5.b-endurance-all-four-4hr/heatmaps/proc0/TCGA-A2-A0SW-01Z-00-DX1.E1EA0407-B831-4D75-826E-80B82B821797.tiff,7123888
80,TCGA-A7-A426-01Z-00-DX1.3058E873-9442-4872-80DA-E8A5B35054D2,0,4,3354.953160,6044,256,25.082,22027.883,0.580,1480.461,23534.006,kvikio,virchow2,warm,,tiff5x,/home/ec2-user/wsi-cloud/runs/2026-08-23-063822-weka-s7-7.5.b-endurance-all-four-4hr/heatmaps/proc0/TCGA-A7-A426-01Z-00-DX1.3058E873-9442-4872-80DA-E8A5B35054D2.tiff,4029440
81,TCGA-A8-A07B-01Z-00-DX1.950B5E4E-C5F0-4445-9F88-E8C32CDFE6DA,0,4,3378.487318,2205,256,11.560,8105.785,0.541,294.109,8411.995,kvikio,virchow2,warm,,tiff5x,/home/ec2-user/wsi-cloud/runs/2026-08-23-063822-weka-s7-7.5.b-endurance-all-four-4hr/heatmaps/proc0/TCGA-A8-A07B-01Z-00-DX1.950B5E4E-C5F0-4445-9F88-E8C32CDFE6DA.tiff,1475538
82,TCGA-A8-A0A2-01Z-00-DX1.47BCDF13-1065-466A-B7CB-F91F5EAD7D91,0,4,3386.899439,2024,256,11.134,7433.963,0.569,847.334,8293.001,kvikio,virchow2,warm,,tiff5x,/home/ec2-user/wsi-cloud/runs/2026-08-23-063822-weka-s7-7.5.b-endurance-all-four-4hr/heatmaps/proc0/TCGA-A8-A0A2-01Z-00-DX1.47BCDF13-1065-466A-B7CB-F91F5EAD7D91.tiff,1706200
83,TCGA-AQ-A54O-01Z-00-DX1.85AB0AC4-47BB-4CD8-B7FB-5928108864AC,0,4,3395.192573,18572,256,76.918,68197.489,1.352,3184.694,71460.453,kvikio,virchow2,warm,,tiff5x,/home/ec2-user/wsi-cloud/runs/2026-08-23-063822-weka-s7-7.5.b-endurance-all-four-4hr/heatmaps/proc0/TCGA-AQ-A54O-01Z-00-DX1.85AB0AC4-47BB-4CD8-B7FB-5928108864AC.tiff,11780868
84,TCGA-AR-A2LE-01Z-00-DX1.E8E1FC5C-9A4A-463F-81D7-E9A8AF43EAD9,0,4,3466.653175,5213,256,24.572,19256.095,0.552,926.145,20207.363,kvikio,virchow2,warm,,tiff5x,/home/ec2-user/wsi-cloud/runs/2026-08-23-063822-weka-s7-7.5.b-endurance-all-four-4hr/heatmaps/proc0/TCGA-AR-A2LE-01Z-00-DX1.E8E1FC5C-9A4A-463F-81D7-E9A8AF43EAD9.tiff,3533711
85,TCGA-B6-A0WW-01Z-00-DX1.64048633-1D1A-4074-8C50-7641159355DB,0,4,3486.860675,25271,256,104.918,92591.424,1.883,2544.352,95242.576,kvikio,virchow2,warm,,tiff5x,/home/ec2-user/wsi-cloud/runs/2026-08-23-063822-weka-s7-7.5.b-endurance-all-four-4hr/heatmaps/proc0/TCGA-B6-A0WW-01Z-00-DX1.64048633-1D1A-4074-8C50-7641159355DB.tiff,12373810
86,TCGA-BH-A0HQ-01Z-00-DX1.0921FCEF-20A2-4D4B-A198-91AF9F6C814C,0,4,3582.103400,12548,256,54.154,45699.496,0.833,1830.571,47585.053,kvikio,virchow2,warm,,tiff5x,/home/ec2-user/wsi-cloud/runs/2026-08-23-063822-weka-s7-7.5.b-endurance-all-four-4hr/heatmaps/proc0/TCGA-BH-A0HQ-01Z-00-DX1.0921FCEF-20A2-4D4B-A198-91AF9F6C814C.tiff,9033522
87,TCGA-C8-A8HR-01Z-00-DX1.8E841CA8-1CE2-4242-AC5A-3247075CF8F4,0,4,3629.688738,5410,256,21.811,19588.927,0.537,614.848,20226.123,kvikio,virchow2,warm,,tiff5x,/home/ec2-user/wsi-cloud/runs/2026-08-23-063822-weka-s7-7.5.b-endurance-all-four-4hr/heatmaps/proc0/TCGA-C8-A8HR-01Z-00-DX1.8E841CA8-1CE2-4242-AC5A-3247075CF8F4.tiff,3866240
88,TCGA-D8-A1XV-01Z-00-DX2.D1988E01-5FDC-4F50-8183-F0CCE74D0CB2,0,4,3649.914993,11410,256,45.798,41985.905,0.780,1710.260,43742.743,kvikio,virchow2,warm,,tiff5x,/home/ec2-user/wsi-cloud/runs/2026-08-23-063822-weka-s7-7.5.b-endurance-all-four-4hr/heatmaps/proc0/TCGA-D8-A1XV-01Z-00-DX2.D1988E01-5FDC-4F50-8183-F0CCE74D0CB2.tiff,7197342
89,TCGA-E9-A1N8-01Z-00-DX1.1243AB1C-75A3-4A5E-9674-53992E6DD377,0,4,3693.657885,11469,256,49.906,42419.959,0.813,1635.273,44105.951,kvikio,virchow2,warm,,tiff5x,/home/ec2-user/wsi-cloud/runs/2026-08-23-063822-weka-s7-7.5.b-endurance-all-four-4hr/heatmaps/proc0/TCGA-E9-A1N8-01Z-00-DX1.1243AB1C-75A3-4A5E-9674-53992E6DD377.tiff,6979870
90,TCGA-S3-AA12-01Z-00-DX1.2A991B9F-E7E6-410B-B0BF-635E3CC40C7E,0,4,3737.763985,19501,256,84.481,72262.086,1.407,2349.660,74697.635,kvikio,virchow2,warm,,tiff5x,/home/ec2-user/wsi-cloud/runs/2026-08-23-063822-weka-s7-7.5.b-endurance-all-four-4hr/heatmaps/proc0/TCGA-S3-AA12-01Z-00-DX1.2A991B9F-E7E6-410B-B0BF-635E3CC40C7E.tiff,10003184
91,TCGA-A1-A0SH-01Z-00-DX1.90E71B08-E1D9-4FC2-85AC-062E56DDF17C,0,4,3812.461765,9373,256,42.564,34706.457,0.598,1733.948,36483.567,kvikio,virchow2,warm,,tiff5x,/home/ec2-user/wsi-cloud/runs/2026-08-23-063822-weka-s7-7.5.b-endurance-all-four-4hr/heatmaps/proc0/TCGA-A1-A0SH-01Z-00-DX1.90E71B08-E1D9-4FC2-85AC-062E56DDF17C.tiff,5543524
92,TCGA-A2-A0SW-01Z-00-DX1.E1EA0407-B831-4D75-826E-80B82B821797,0,4,3848.945469,11161,256,43.664,41258.671,0.740,2821.372,44124.447,kvikio,virchow2,warm,,tiff5x,/home/ec2-user/wsi-cloud/runs/2026-08-23-063822-weka-s7-7.5.b-endurance-all-four-4hr/heatmaps/proc0/TCGA-A2-A0SW-01Z-00-DX1.E1EA0407-B831-4D75-826E-80B82B821797.tiff,7123888
93,TCGA-A7-A426-01Z-00-DX1.3058E873-9442-4872-80DA-E8A5B35054D2,0,4,3893.070062,6044,256,26.234,22136.557,0.598,1490.252,23653.641,kvikio,virchow2,warm,,tiff5x,/home/ec2-user/wsi-cloud/runs/2026-08-23-063822-weka-s7-7.5.b-endurance-all-four-4hr/heatmaps/proc0/TCGA-A7-A426-01Z-00-DX1.3058E873-9442-4872-80DA-E8A5B35054D2.tiff,4029440
94,TCGA-A8-A07B-01Z-00-DX1.950B5E4E-C5F0-4445-9F88-E8C32CDFE6DA,0,4,3916.723839,2205,256,11.312,8107.759,0.630,299.490,8419.190,kvikio,virchow2,warm,,tiff5x,/home/ec2-user/wsi-cloud/runs/2026-08-23-063822-weka-s7-7.5.b-endurance-all-four-4hr/heatmaps/proc0/TCGA-A8-A07B-01Z-00-DX1.950B5E4E-C5F0-4445-9F88-E8C32CDFE6DA.tiff,1475538
95,TCGA-A8-A0A2-01Z-00-DX1.47BCDF13-1065-466A-B7CB-F91F5EAD7D91,0,4,3925.143315,2024,256,10.628,7472.409,0.590,850.403,8334.030,kvikio,virchow2,warm,,tiff5x,/home/ec2-user/wsi-cloud/runs/2026-08-23-063822-weka-s7-7.5.b-endurance-all-four-4hr/heatmaps/proc0/TCGA-A8-A0A2-01Z-00-DX1.47BCDF13-1065-466A-B7CB-F91F5EAD7D91.tiff,1706200
96,TCGA-AQ-A54O-01Z-00-DX1.85AB0AC4-47BB-4CD8-B7FB-5928108864AC,0,4,3933.477633,18572,256,81.683,68575.038,1.336,3066.923,71724.979,kvikio,virchow2,warm,,tiff5x,/home/ec2-user/wsi-cloud/runs/2026-08-23-063822-weka-s7-7.5.b-endurance-all-four-4hr/heatmaps/proc0/TCGA-AQ-A54O-01Z-00-DX1.85AB0AC4-47BB-4CD8-B7FB-5928108864AC.tiff,11780868
97,TCGA-AR-A2LE-01Z-00-DX1.E8E1FC5C-9A4A-463F-81D7-E9A8AF43EAD9,0,4,4005.202784,5213,256,25.818,19169.367,0.572,931.518,20127.275,kvikio,virchow2,warm,,tiff5x,/home/ec2-user/wsi-cloud/runs/2026-08-23-063822-weka-s7-7.5.b-endurance-all-four-4hr/heatmaps/proc0/TCGA-AR-A2LE-01Z-00-DX1.E8E1FC5C-9A4A-463F-81D7-E9A8AF43EAD9.tiff,3533711
98,TCGA-B6-A0WW-01Z-00-DX1.64048633-1D1A-4074-8C50-7641159355DB,0,4,4025.330205,25271,256,109.024,93377.784,1.880,2655.568,96144.256,kvikio,virchow2,warm,,tiff5x,/home/ec2-user/wsi-cloud/runs/2026-08-23-063822-weka-s7-7.5.b-endurance-all-four-4hr/heatmaps/proc0/TCGA-B6-A0WW-01Z-00-DX1.64048633-1D1A-4074-8C50-7641159355DB.tiff,12373810
99,TCGA-BH-A0HQ-01Z-00-DX1.0921FCEF-20A2-4D4B-A198-91AF9F6C814C,0,4,4121.474600,12548,256,49.021,46413.110,0.829,1822.790,48285.750,kvikio,virchow2,warm,,tiff5x,/home/ec2-user/wsi-cloud/runs/2026-08-23-063822-weka-s7-7.5.b-endurance-all-four-4hr/heatmaps/proc0/TCGA-BH-A0HQ-01Z-00-DX1.0921FCEF-20A2-4D4B-A198-91AF9F6C814C.tiff,9033522
100,TCGA-C8-A8HR-01Z-00-DX1.8E841CA8-1CE2-4242-AC5A-3247075CF8F4,0,4,4169.760491,5410,256,25.732,20033.198,0.930,619.724,20679.584,kvikio,virchow2,warm,,tiff5x,/home/ec2-user/wsi-cloud/runs/2026-08-23-063822-weka-s7-7.5.b-endurance-all-four-4hr/heatmaps/proc0/TCGA-C8-A8HR-01Z-00-DX1.8E841CA8-1CE2-4242-AC5A-3247075CF8F4.tiff,3866240
101,TCGA-D8-A1XV-01Z-00-DX2.D1988E01-5FDC-4F50-8183-F0CCE74D0CB2,0,4,4190.440210,11410,256,48.435,42325.435,1.047,1811.999,44186.917,kvikio,virchow2,warm,,tiff5x,/home/ec2-user/wsi-cloud/runs/2026-08-23-063822-weka-s7-7.5.b-endurance-all-four-4hr/heatmaps/proc0/TCGA-D8-A1XV-01Z-00-DX2.D1988E01-5FDC-4F50-8183-F0CCE74D0CB2.tiff,7197342
102,TCGA-E9-A1N8-01Z-00-DX1.1243AB1C-75A3-4A5E-9674-53992E6DD377,0,4,4234.627290,11469,256,50.757,42513.900,0.803,1637.149,44202.608,kvikio,virchow2,warm,,tiff5x,/home/ec2-user/wsi-cloud/runs/2026-08-23-063822-weka-s7-7.5.b-endurance-all-four-4hr/heatmaps/proc0/TCGA-E9-A1N8-01Z-00-DX1.1243AB1C-75A3-4A5E-9674-53992E6DD377.tiff,6979870
103,TCGA-S3-AA12-01Z-00-DX1.2A991B9F-E7E6-410B-B0BF-635E3CC40C7E,0,4,4278.830040,19501,256,79.306,72340.972,1.397,2313.065,74734.740,kvikio,virchow2,warm,,tiff5x,/home/ec2-user/wsi-cloud/runs/2026-08-23-063822-weka-s7-7.5.b-endurance-all-four-4hr/heatmaps/proc0/TCGA-S3-AA12-01Z-00-DX1.2A991B9F-E7E6-410B-B0BF-635E3CC40C7E.tiff,10003184
104,TCGA-A1-A0SH-01Z-00-DX1.90E71B08-E1D9-4FC2-85AC-062E56DDF17C,0,4,4353.564936,9373,256,48.082,34682.389,0.596,1709.820,36440.888,kvikio,virchow2,warm,,tiff5x,/home/ec2-user/wsi-cloud/runs/2026-08-23-063822-weka-s7-7.5.b-endurance-all-four-4hr/heatmaps/proc0/TCGA-A1-A0SH-01Z-00-DX1.90E71B08-E1D9-4FC2-85AC-062E56DDF17C.tiff,5543524
105,TCGA-A2-A0SW-01Z-00-DX1.E1EA0407-B831-4D75-826E-80B82B821797,0,4,4390.005966,11161,256,44.638,41342.534,0.755,2820.398,44208.324,kvikio,virchow2,warm,,tiff5x,/home/ec2-user/wsi-cloud/runs/2026-08-23-063822-weka-s7-7.5.b-endurance-all-four-4hr/heatmaps/proc0/TCGA-A2-A0SW-01Z-00-DX1.E1EA0407-B831-4D75-826E-80B82B821797.tiff,7123888
106,TCGA-A7-A426-01Z-00-DX1.3058E873-9442-4872-80DA-E8A5B35054D2,0,4,4434.214438,6044,256,29.922,22319.158,0.595,1470.867,23820.542,kvikio,virchow2,warm,,tiff5x,/home/ec2-user/wsi-cloud/runs/2026-08-23-063822-weka-s7-7.5.b-endurance-all-four-4hr/heatmaps/proc0/TCGA-A7-A426-01Z-00-DX1.3058E873-9442-4872-80DA-E8A5B35054D2.tiff,4029440
107,TCGA-A8-A07B-01Z-00-DX1.950B5E4E-C5F0-4445-9F88-E8C32CDFE6DA,0,4,4458.035303,2205,256,12.530,8081.886,0.575,298.345,8393.337,kvikio,virchow2,warm,,tiff5x,/home/ec2-user/wsi-cloud/runs/2026-08-23-063822-weka-s7-7.5.b-endurance-all-four-4hr/heatmaps/proc0/TCGA-A8-A07B-01Z-00-DX1.950B5E4E-C5F0-4445-9F88-E8C32CDFE6DA.tiff,1475538
108,TCGA-A8-A0A2-01Z-00-DX1.47BCDF13-1065-466A-B7CB-F91F5EAD7D91,0,4,4466.428770,2024,256,11.442,7366.866,0.565,849.265,8228.139,kvikio,virchow2,warm,,tiff5x,/home/ec2-user/wsi-cloud/runs/2026-08-23-063822-weka-s7-7.5.b-endurance-all-four-4hr/heatmaps/proc0/TCGA-A8-A0A2-01Z-00-DX1.47BCDF13-1065-466A-B7CB-F91F5EAD7D91.tiff,1706200
109,TCGA-AQ-A54O-01Z-00-DX1.85AB0AC4-47BB-4CD8-B7FB-5928108864AC,0,4,4474.657038,18572,256,77.877,68017.819,1.388,3165.377,71262.460,kvikio,virchow2,warm,,tiff5x,/home/ec2-user/wsi-cloud/runs/2026-08-23-063822-weka-s7-7.5.b-endurance-all-four-4hr/heatmaps/proc0/TCGA-AQ-A54O-01Z-00-DX1.85AB0AC4-47BB-4CD8-B7FB-5928108864AC.tiff,11780868
110,TCGA-AR-A2LE-01Z-00-DX1.E8E1FC5C-9A4A-463F-81D7-E9A8AF43EAD9,0,4,4545.919652,5213,256,26.794,19218.388,0.720,926.060,20171.962,kvikio,virchow2,warm,,tiff5x,/home/ec2-user/wsi-cloud/runs/2026-08-23-063822-weka-s7-7.5.b-endurance-all-four-4hr/heatmaps/proc0/TCGA-AR-A2LE-01Z-00-DX1.E8E1FC5C-9A4A-463F-81D7-E9A8AF43EAD9.tiff,3533711
111,TCGA-B6-A0WW-01Z-00-DX1.64048633-1D1A-4074-8C50-7641159355DB,0,4,4566.091748,25271,256,102.452,91633.028,1.912,2543.674,94281.067,kvikio,virchow2,warm,,tiff5x,/home/ec2-user/wsi-cloud/runs/2026-08-23-063822-weka-s7-7.5.b-endurance-all-four-4hr/heatmaps/proc0/TCGA-B6-A0WW-01Z-00-DX1.64048633-1D1A-4074-8C50-7641159355DB.tiff,12373810
112,TCGA-BH-A0HQ-01Z-00-DX1.0921FCEF-20A2-4D4B-A198-91AF9F6C814C,0,4,4660.372977,12548,256,63.204,46334.414,0.824,1818.378,48216.820,kvikio,virchow2,warm,,tiff5x,/home/ec2-user/wsi-cloud/runs/2026-08-23-063822-weka-s7-7.5.b-endurance-all-four-4hr/heatmaps/proc0/TCGA-BH-A0HQ-01Z-00-DX1.0921FCEF-20A2-4D4B-A198-91AF9F6C814C.tiff,9033522
113,TCGA-C8-A8HR-01Z-00-DX1.8E841CA8-1CE2-4242-AC5A-3247075CF8F4,0,4,4708.589949,5410,256,31.392,19584.001,0.643,637.813,20253.849,kvikio,virchow2,warm,,tiff5x,/home/ec2-user/wsi-cloud/runs/2026-08-23-063822-weka-s7-7.5.b-endurance-all-four-4hr/heatmaps/proc0/TCGA-C8-A8HR-01Z-00-DX1.8E841CA8-1CE2-4242-AC5A-3247075CF8F4.tiff,3866240
114,TCGA-D8-A1XV-01Z-00-DX2.D1988E01-5FDC-4F50-8183-F0CCE74D0CB2,0,4,4728.843938,11410,256,45.136,41000.062,0.819,1712.246,42758.263,kvikio,virchow2,warm,,tiff5x,/home/ec2-user/wsi-cloud/runs/2026-08-23-063822-weka-s7-7.5.b-endurance-all-four-4hr/heatmaps/proc0/TCGA-D8-A1XV-01Z-00-DX2.D1988E01-5FDC-4F50-8183-F0CCE74D0CB2.tiff,7197342
115,TCGA-E9-A1N8-01Z-00-DX1.1243AB1C-75A3-4A5E-9674-53992E6DD377,0,4,4771.602361,11469,256,48.364,41329.091,0.766,1745.417,43123.638,kvikio,virchow2,warm,,tiff5x,/home/ec2-user/wsi-cloud/runs/2026-08-23-063822-weka-s7-7.5.b-endurance-all-four-4hr/heatmaps/proc0/TCGA-E9-A1N8-01Z-00-DX1.1243AB1C-75A3-4A5E-9674-53992E6DD377.tiff,6979870
116,TCGA-S3-AA12-01Z-00-DX1.2A991B9F-E7E6-410B-B0BF-635E3CC40C7E,0,4,4814.726144,19501,256,84.459,72118.631,1.406,2310.653,74515.149,kvikio,virchow2,warm,,tiff5x,/home/ec2-user/wsi-cloud/runs/2026-08-23-063822-weka-s7-7.5.b-endurance-all-four-4hr/heatmaps/proc0/TCGA-S3-AA12-01Z-00-DX1.2A991B9F-E7E6-410B-B0BF-635E3CC40C7E.tiff,10003184
117,TCGA-A1-A0SH-01Z-00-DX1.90E71B08-E1D9-4FC2-85AC-062E56DDF17C,0,4,4889.241451,9373,256,49.846,34315.812,0.679,1721.020,36087.357,kvikio,virchow2,warm,,tiff5x,/home/ec2-user/wsi-cloud/runs/2026-08-23-063822-weka-s7-7.5.b-endurance-all-four-4hr/heatmaps/proc0/TCGA-A1-A0SH-01Z-00-DX1.90E71B08-E1D9-4FC2-85AC-062E56DDF17C.tiff,5543524
118,TCGA-A2-A0SW-01Z-00-DX1.E1EA0407-B831-4D75-826E-80B82B821797,0,4,4925.328972,11161,256,48.141,40820.531,0.916,2823.841,43693.430,kvikio,virchow2,warm,,tiff5x,/home/ec2-user/wsi-cloud/runs/2026-08-23-063822-weka-s7-7.5.b-endurance-all-four-4hr/heatmaps/proc0/TCGA-A2-A0SW-01Z-00-DX1.E1EA0407-B831-4D75-826E-80B82B821797.tiff,7123888
119,TCGA-A7-A426-01Z-00-DX1.3058E873-9442-4872-80DA-E8A5B35054D2,0,4,4969.022543,6044,256,25.222,22411.117,0.615,1476.417,23913.371,kvikio,virchow2,warm,,tiff5x,/home/ec2-user/wsi-cloud/runs/2026-08-23-063822-weka-s7-7.5.b-endurance-all-four-4hr/heatmaps/proc0/TCGA-A7-A426-01Z-00-DX1.3058E873-9442-4872-80DA-E8A5B35054D2.tiff,4029440
120,TCGA-A8-A07B-01Z-00-DX1.950B5E4E-C5F0-4445-9F88-E8C32CDFE6DA,0,4,4992.936055,2205,256,12.640,8085.941,0.638,299.143,8398.362,kvikio,virchow2,warm,,tiff5x,/home/ec2-user/wsi-cloud/runs/2026-08-23-063822-weka-s7-7.5.b-endurance-all-four-4hr/heatmaps/proc0/TCGA-A8-A07B-01Z-00-DX1.950B5E4E-C5F0-4445-9F88-E8C32CDFE6DA.tiff,1475538
121,TCGA-A8-A0A2-01Z-00-DX1.47BCDF13-1065-466A-B7CB-F91F5EAD7D91,0,4,5001.334548,2024,256,11.360,7362.876,0.700,851.941,8226.876,kvikio,virchow2,warm,,tiff5x,/home/ec2-user/wsi-cloud/runs/2026-08-23-063822-weka-s7-7.5.b-endurance-all-four-4hr/heatmaps/proc0/TCGA-A8-A0A2-01Z-00-DX1.47BCDF13-1065-466A-B7CB-F91F5EAD7D91.tiff,1706200
122,TCGA-AQ-A54O-01Z-00-DX1.85AB0AC4-47BB-4CD8-B7FB-5928108864AC,0,4,5009.561561,18572,256,87.625,67460.170,1.413,3081.276,70630.483,kvikio,virchow2,warm,,tiff5x,/home/ec2-user/wsi-cloud/runs/2026-08-23-063822-weka-s7-7.5.b-endurance-all-four-4hr/heatmaps/proc0/TCGA-AQ-A54O-01Z-00-DX1.85AB0AC4-47BB-4CD8-B7FB-5928108864AC.tiff,11780868
123,TCGA-AR-A2LE-01Z-00-DX1.E8E1FC5C-9A4A-463F-81D7-E9A8AF43EAD9,0,4,5080.192193,5213,256,25.465,19247.297,0.548,928.516,20201.825,kvikio,virchow2,warm,,tiff5x,/home/ec2-user/wsi-cloud/runs/2026-08-23-063822-weka-s7-7.5.b-endurance-all-four-4hr/heatmaps/proc0/TCGA-AR-A2LE-01Z-00-DX1.E8E1FC5C-9A4A-463F-81D7-E9A8AF43EAD9.tiff,3533711
124,TCGA-B6-A0WW-01Z-00-DX1.64048633-1D1A-4074-8C50-7641159355DB,0,4,5100.394159,25271,256,110.738,92386.314,1.839,2559.122,95058.012,kvikio,virchow2,warm,,tiff5x,/home/ec2-user/wsi-cloud/runs/2026-08-23-063822-weka-s7-7.5.b-endurance-all-four-4hr/heatmaps/proc0/TCGA-B6-A0WW-01Z-00-DX1.64048633-1D1A-4074-8C50-7641159355DB.tiff,12373810
125,TCGA-BH-A0HQ-01Z-00-DX1.0921FCEF-20A2-4D4B-A198-91AF9F6C814C,0,4,5195.452330,12548,256,53.291,46387.943,0.839,1835.749,48277.821,kvikio,virchow2,warm,,tiff5x,/home/ec2-user/wsi-cloud/runs/2026-08-23-063822-weka-s7-7.5.b-endurance-all-four-4hr/heatmaps/proc0/TCGA-BH-A0HQ-01Z-00-DX1.0921FCEF-20A2-4D4B-A198-91AF9F6C814C.tiff,9033522
126,TCGA-C8-A8HR-01Z-00-DX1.8E841CA8-1CE2-4242-AC5A-3247075CF8F4,0,4,5243.730299,5410,256,24.981,19803.793,0.615,637.571,20466.958,kvikio,virchow2,warm,,tiff5x,/home/ec2-user/wsi-cloud/runs/2026-08-23-063822-weka-s7-7.5.b-endurance-all-four-4hr/heatmaps/proc0/TCGA-C8-A8HR-01Z-00-DX1.8E841CA8-1CE2-4242-AC5A-3247075CF8F4.tiff,3866240
127,TCGA-D8-A1XV-01Z-00-DX2.D1988E01-5FDC-4F50-8183-F0CCE74D0CB2,0,4,5264.197400,11410,256,50.707,41910.527,0.767,1706.984,43668.984,kvikio,virchow2,warm,,tiff5x,/home/ec2-user/wsi-cloud/runs/2026-08-23-063822-weka-s7-7.5.b-endurance-all-four-4hr/heatmaps/proc0/TCGA-D8-A1XV-01Z-00-DX2.D1988E01-5FDC-4F50-8183-F0CCE74D0CB2.tiff,7197342
128,TCGA-E9-A1N8-01Z-00-DX1.1243AB1C-75A3-4A5E-9674-53992E6DD377,0,4,5307.866530,11469,256,47.899,42368.936,0.964,1821.240,44239.039,kvikio,virchow2,warm,,tiff5x,/home/ec2-user/wsi-cloud/runs/2026-08-23-063822-weka-s7-7.5.b-endurance-all-four-4hr/heatmaps/proc0/TCGA-E9-A1N8-01Z-00-DX1.1243AB1C-75A3-4A5E-9674-53992E6DD377.tiff,6979870
129,TCGA-S3-AA12-01Z-00-DX1.2A991B9F-E7E6-410B-B0BF-635E3CC40C7E,0,4,5352.105739,19501,256,87.907,71722.217,1.414,2323.680,74135.218,kvikio,virchow2,warm,,tiff5x,/home/ec2-user/wsi-cloud/runs/2026-08-23-063822-weka-s7-7.5.b-endurance-all-four-4hr/heatmaps/proc0/TCGA-S3-AA12-01Z-00-DX1.2A991B9F-E7E6-410B-B0BF-635E3CC40C7E.tiff,10003184
130,TCGA-A1-A0SH-01Z-00-DX1.90E71B08-E1D9-4FC2-85AC-062E56DDF17C,0,4,5426.241262,9373,256,39.120,34222.095,0.581,1716.831,35978.627,kvikio,virchow2,warm,,tiff5x,/home/ec2-user/wsi-cloud/runs/2026-08-23-063822-weka-s7-7.5.b-endurance-all-four-4hr/heatmaps/proc0/TCGA-A1-A0SH-01Z-00-DX1.90E71B08-E1D9-4FC2-85AC-062E56DDF17C.tiff,5543524
131,TCGA-A2-A0SW-01Z-00-DX1.E1EA0407-B831-4D75-826E-80B82B821797,0,4,5462.220034,11161,256,43.704,41042.426,0.746,2820.661,43907.538,kvikio,virchow2,warm,,tiff5x,/home/ec2-user/wsi-cloud/runs/2026-08-23-063822-weka-s7-7.5.b-endurance-all-four-4hr/heatmaps/proc0/TCGA-A2-A0SW-01Z-00-DX1.E1EA0407-B831-4D75-826E-80B82B821797.tiff,7123888
132,TCGA-A7-A426-01Z-00-DX1.3058E873-9442-4872-80DA-E8A5B35054D2,0,4,5506.127723,6044,256,27.128,22384.291,0.587,1471.533,23883.539,kvikio,virchow2,warm,,tiff5x,/home/ec2-user/wsi-cloud/runs/2026-08-23-063822-weka-s7-7.5.b-endurance-all-four-4hr/heatmaps/proc0/TCGA-A7-A426-01Z-00-DX1.3058E873-9442-4872-80DA-E8A5B35054D2.tiff,4029440
133,TCGA-A8-A07B-01Z-00-DX1.950B5E4E-C5F0-4445-9F88-E8C32CDFE6DA,0,4,5530.011586,2205,256,12.369,8132.677,0.620,298.538,8444.204,kvikio,virchow2,warm,,tiff5x,/home/ec2-user/wsi-cloud/runs/2026-08-23-063822-weka-s7-7.5.b-endurance-all-four-4hr/heatmaps/proc0/TCGA-A8-A07B-01Z-00-DX1.950B5E4E-C5F0-4445-9F88-E8C32CDFE6DA.tiff,1475538
134,TCGA-A8-A0A2-01Z-00-DX1.47BCDF13-1065-466A-B7CB-F91F5EAD7D91,0,4,5538.456063,2024,256,11.276,7478.555,0.566,864.962,8355.358,kvikio,virchow2,warm,,tiff5x,/home/ec2-user/wsi-cloud/runs/2026-08-23-063822-weka-s7-7.5.b-endurance-all-four-4hr/heatmaps/proc0/TCGA-A8-A0A2-01Z-00-DX1.47BCDF13-1065-466A-B7CB-F91F5EAD7D91.tiff,1706200
135,TCGA-AQ-A54O-01Z-00-DX1.85AB0AC4-47BB-4CD8-B7FB-5928108864AC,0,4,5546.811553,18572,256,78.442,68359.578,1.344,3050.457,71489.822,kvikio,virchow2,warm,,tiff5x,/home/ec2-user/wsi-cloud/runs/2026-08-23-063822-weka-s7-7.5.b-endurance-all-four-4hr/heatmaps/proc0/TCGA-AQ-A54O-01Z-00-DX1.85AB0AC4-47BB-4CD8-B7FB-5928108864AC.tiff,11780868
136,TCGA-AR-A2LE-01Z-00-DX1.E8E1FC5C-9A4A-463F-81D7-E9A8AF43EAD9,0,4,5618.301542,5213,256,26.167,19236.072,0.557,932.329,20195.126,kvikio,virchow2,warm,,tiff5x,/home/ec2-user/wsi-cloud/runs/2026-08-23-063822-weka-s7-7.5.b-endurance-all-four-4hr/heatmaps/proc0/TCGA-AR-A2LE-01Z-00-DX1.E8E1FC5C-9A4A-463F-81D7-E9A8AF43EAD9.tiff,3533711
137,TCGA-B6-A0WW-01Z-00-DX1.64048633-1D1A-4074-8C50-7641159355DB,0,4,5638.496804,25271,256,103.463,93543.002,1.837,2553.461,96201.763,kvikio,virchow2,warm,,tiff5x,/home/ec2-user/wsi-cloud/runs/2026-08-23-063822-weka-s7-7.5.b-endurance-all-four-4hr/heatmaps/proc0/TCGA-B6-A0WW-01Z-00-DX1.64048633-1D1A-4074-8C50-7641159355DB.tiff,12373810
138,TCGA-BH-A0HQ-01Z-00-DX1.0921FCEF-20A2-4D4B-A198-91AF9F6C814C,0,4,5734.698718,12548,256,51.833,46428.076,0.825,1830.893,48311.628,kvikio,virchow2,warm,,tiff5x,/home/ec2-user/wsi-cloud/runs/2026-08-23-063822-weka-s7-7.5.b-endurance-all-four-4hr/heatmaps/proc0/TCGA-BH-A0HQ-01Z-00-DX1.0921FCEF-20A2-4D4B-A198-91AF9F6C814C.tiff,9033522
139,TCGA-C8-A8HR-01Z-00-DX1.8E841CA8-1CE2-4242-AC5A-3247075CF8F4,0,4,5783.010483,5410,256,25.600,19946.491,0.525,611.975,20584.592,kvikio,virchow2,warm,,tiff5x,/home/ec2-user/wsi-cloud/runs/2026-08-23-063822-weka-s7-7.5.b-endurance-all-four-4hr/heatmaps/proc0/TCGA-C8-A8HR-01Z-00-DX1.8E841CA8-1CE2-4242-AC5A-3247075CF8F4.tiff,3866240
140,TCGA-D8-A1XV-01Z-00-DX2.D1988E01-5FDC-4F50-8183-F0CCE74D0CB2,0,4,5803.595214,11410,256,45.763,42274.419,0.952,1727.346,44048.480,kvikio,virchow2,warm,,tiff5x,/home/ec2-user/wsi-cloud/runs/2026-08-23-063822-weka-s7-7.5.b-endurance-all-four-4hr/heatmaps/proc0/TCGA-D8-A1XV-01Z-00-DX2.D1988E01-5FDC-4F50-8183-F0CCE74D0CB2.tiff,7197342
141,TCGA-E9-A1N8-01Z-00-DX1.1243AB1C-75A3-4A5E-9674-53992E6DD377,0,4,5847.643835,11469,256,47.788,42349.120,0.998,1648.190,44046.096,kvikio,virchow2,warm,,tiff5x,/home/ec2-user/wsi-cloud/runs/2026-08-23-063822-weka-s7-7.5.b-endurance-all-four-4hr/heatmaps/proc0/TCGA-E9-A1N8-01Z-00-DX1.1243AB1C-75A3-4A5E-9674-53992E6DD377.tiff,6979870
142,TCGA-S3-AA12-01Z-00-DX1.2A991B9F-E7E6-410B-B0BF-635E3CC40C7E,0,4,5891.690080,19501,256,82.717,71936.640,1.487,2426.503,74447.347,kvikio,virchow2,warm,,tiff5x,/home/ec2-user/wsi-cloud/runs/2026-08-23-063822-weka-s7-7.5.b-endurance-all-four-4hr/heatmaps/proc0/TCGA-S3-AA12-01Z-00-DX1.2A991B9F-E7E6-410B-B0BF-635E3CC40C7E.tiff,10003184
143,TCGA-A1-A0SH-01Z-00-DX1.90E71B08-E1D9-4FC2-85AC-062E56DDF17C,0,4,5966.137586,9373,256,41.961,34228.354,0.664,1711.300,35982.279,kvikio,virchow2,warm,,tiff5x,/home/ec2-user/wsi-cloud/runs/2026-08-23-063822-weka-s7-7.5.b-endurance-all-four-4hr/heatmaps/proc0/TCGA-A1-A0SH-01Z-00-DX1.90E71B08-E1D9-4FC2-85AC-062E56DDF17C.tiff,5543524
144,TCGA-A2-A0SW-01Z-00-DX1.E1EA0407-B831-4D75-826E-80B82B821797,0,4,6002.120009,11161,256,44.046,41174.461,1.040,2955.488,44175.035,kvikio,virchow2,warm,,tiff5x,/home/ec2-user/wsi-cloud/runs/2026-08-23-063822-weka-s7-7.5.b-endurance-all-four-4hr/heatmaps/proc0/TCGA-A2-A0SW-01Z-00-DX1.E1EA0407-B831-4D75-826E-80B82B821797.tiff,7123888
145,TCGA-A7-A426-01Z-00-DX1.3058E873-9442-4872-80DA-E8A5B35054D2,0,4,6046.295194,6044,256,25.810,21945.841,0.680,1493.323,23465.654,kvikio,virchow2,warm,,tiff5x,/home/ec2-user/wsi-cloud/runs/2026-08-23-063822-weka-s7-7.5.b-endurance-all-four-4hr/heatmaps/proc0/TCGA-A7-A426-01Z-00-DX1.3058E873-9442-4872-80DA-E8A5B35054D2.tiff,4029440
146,TCGA-A8-A07B-01Z-00-DX1.950B5E4E-C5F0-4445-9F88-E8C32CDFE6DA,0,4,6069.760998,2205,256,12.150,8043.978,0.703,318.699,8375.530,kvikio,virchow2,warm,,tiff5x,/home/ec2-user/wsi-cloud/runs/2026-08-23-063822-weka-s7-7.5.b-endurance-all-four-4hr/heatmaps/proc0/TCGA-A8-A07B-01Z-00-DX1.950B5E4E-C5F0-4445-9F88-E8C32CDFE6DA.tiff,1475538
147,TCGA-A8-A0A2-01Z-00-DX1.47BCDF13-1065-466A-B7CB-F91F5EAD7D91,0,4,6078.136663,2024,256,10.668,7369.294,0.725,853.475,8234.162,kvikio,virchow2,warm,,tiff5x,/home/ec2-user/wsi-cloud/runs/2026-08-23-063822-weka-s7-7.5.b-endurance-all-four-4hr/heatmaps/proc0/TCGA-A8-A0A2-01Z-00-DX1.47BCDF13-1065-466A-B7CB-F91F5EAD7D91.tiff,1706200
148,TCGA-AQ-A54O-01Z-00-DX1.85AB0AC4-47BB-4CD8-B7FB-5928108864AC,0,4,6086.370958,18572,256,80.630,68132.556,1.392,3056.027,71270.605,kvikio,virchow2,warm,,tiff5x,/home/ec2-user/wsi-cloud/runs/2026-08-23-063822-weka-s7-7.5.b-endurance-all-four-4hr/heatmaps/proc0/TCGA-AQ-A54O-01Z-00-DX1.85AB0AC4-47BB-4CD8-B7FB-5928108864AC.tiff,11780868
149,TCGA-AR-A2LE-01Z-00-DX1.E8E1FC5C-9A4A-463F-81D7-E9A8AF43EAD9,0,4,6157.641707,5213,256,25.626,18795.350,0.619,931.107,19752.703,kvikio,virchow2,warm,,tiff5x,/home/ec2-user/wsi-cloud/runs/2026-08-23-063822-weka-s7-7.5.b-endurance-all-four-4hr/heatmaps/proc0/TCGA-AR-A2LE-01Z-00-DX1.E8E1FC5C-9A4A-463F-81D7-E9A8AF43EAD9.tiff,3533711
150,TCGA-B6-A0WW-01Z-00-DX1.64048633-1D1A-4074-8C50-7641159355DB,0,4,6177.394538,25271,256,103.576,92456.923,1.841,2543.832,95106.172,kvikio,virchow2,warm,,tiff5x,/home/ec2-user/wsi-cloud/runs/2026-08-23-063822-weka-s7-7.5.b-endurance-all-four-4hr/heatmaps/proc0/TCGA-B6-A0WW-01Z-00-DX1.64048633-1D1A-4074-8C50-7641159355DB.tiff,12373810
151,TCGA-BH-A0HQ-01Z-00-DX1.0921FCEF-20A2-4D4B-A198-91AF9F6C814C,0,4,6272.500863,12548,256,60.506,45758.034,0.880,1922.628,47742.047,kvikio,virchow2,warm,,tiff5x,/home/ec2-user/wsi-cloud/runs/2026-08-23-063822-weka-s7-7.5.b-endurance-all-four-4hr/heatmaps/proc0/TCGA-BH-A0HQ-01Z-00-DX1.0921FCEF-20A2-4D4B-A198-91AF9F6C814C.tiff,9033522
152,TCGA-C8-A8HR-01Z-00-DX1.8E841CA8-1CE2-4242-AC5A-3247075CF8F4,0,4,6320.243057,5410,256,25.208,20071.085,0.582,628.454,20725.328,kvikio,virchow2,warm,,tiff5x,/home/ec2-user/wsi-cloud/runs/2026-08-23-063822-weka-s7-7.5.b-endurance-all-four-4hr/heatmaps/proc0/TCGA-C8-A8HR-01Z-00-DX1.8E841CA8-1CE2-4242-AC5A-3247075CF8F4.tiff,3866240
153,TCGA-D8-A1XV-01Z-00-DX2.D1988E01-5FDC-4F50-8183-F0CCE74D0CB2,0,4,6340.968520,11410,256,49.542,41365.699,0.982,1722.982,43139.205,kvikio,virchow2,warm,,tiff5x,/home/ec2-user/wsi-cloud/runs/2026-08-23-063822-weka-s7-7.5.b-endurance-all-four-4hr/heatmaps/proc0/TCGA-D8-A1XV-01Z-00-DX2.D1988E01-5FDC-4F50-8183-F0CCE74D0CB2.tiff,7197342
154,TCGA-E9-A1N8-01Z-00-DX1.1243AB1C-75A3-4A5E-9674-53992E6DD377,0,4,6384.107878,11469,256,46.833,41121.664,0.989,1678.847,42848.332,kvikio,virchow2,warm,,tiff5x,/home/ec2-user/wsi-cloud/runs/2026-08-23-063822-weka-s7-7.5.b-endurance-all-four-4hr/heatmaps/proc0/TCGA-E9-A1N8-01Z-00-DX1.1243AB1C-75A3-4A5E-9674-53992E6DD377.tiff,6979870
155,TCGA-S3-AA12-01Z-00-DX1.2A991B9F-E7E6-410B-B0BF-635E3CC40C7E,0,4,6426.956376,19501,256,89.570,70996.533,1.390,2328.663,73416.156,kvikio,virchow2,warm,,tiff5x,/home/ec2-user/wsi-cloud/runs/2026-08-23-063822-weka-s7-7.5.b-endurance-all-four-4hr/heatmaps/proc0/TCGA-S3-AA12-01Z-00-DX1.2A991B9F-E7E6-410B-B0BF-635E3CC40C7E.tiff,10003184
156,TCGA-A1-A0SH-01Z-00-DX1.90E71B08-E1D9-4FC2-85AC-062E56DDF17C,0,4,6500.372686,9373,256,41.524,34229.435,0.917,1728.512,36000.388,kvikio,virchow2,warm,,tiff5x,/home/ec2-user/wsi-cloud/runs/2026-08-23-063822-weka-s7-7.5.b-endurance-all-four-4hr/heatmaps/proc0/TCGA-A1-A0SH-01Z-00-DX1.90E71B08-E1D9-4FC2-85AC-062E56DDF17C.tiff,5543524
157,TCGA-A2-A0SW-01Z-00-DX1.E1EA0407-B831-4D75-826E-80B82B821797,0,4,6536.373218,11161,256,48.962,40833.061,0.957,2860.168,43743.149,kvikio,virchow2,warm,,tiff5x,/home/ec2-user/wsi-cloud/runs/2026-08-23-063822-weka-s7-7.5.b-endurance-all-four-4hr/heatmaps/proc0/TCGA-A2-A0SW-01Z-00-DX1.E1EA0407-B831-4D75-826E-80B82B821797.tiff,7123888
158,TCGA-A7-A426-01Z-00-DX1.3058E873-9442-4872-80DA-E8A5B35054D2,0,4,6580.116686,6044,256,24.115,22372.683,0.574,1591.534,23988.907,kvikio,virchow2,warm,,tiff5x,/home/ec2-user/wsi-cloud/runs/2026-08-23-063822-weka-s7-7.5.b-endurance-all-four-4hr/heatmaps/proc0/TCGA-A7-A426-01Z-00-DX1.3058E873-9442-4872-80DA-E8A5B35054D2.tiff,4029440
159,TCGA-A8-A07B-01Z-00-DX1.950B5E4E-C5F0-4445-9F88-E8C32CDFE6DA,0,4,6604.105736,2205,256,9.713,8033.535,0.537,303.266,8347.051,kvikio,virchow2,warm,,tiff5x,/home/ec2-user/wsi-cloud/runs/2026-08-23-063822-weka-s7-7.5.b-endurance-all-four-4hr/heatmaps/proc0/TCGA-A8-A07B-01Z-00-DX1.950B5E4E-C5F0-4445-9F88-E8C32CDFE6DA.tiff,1475538
160,TCGA-A8-A0A2-01Z-00-DX1.47BCDF13-1065-466A-B7CB-F91F5EAD7D91,0,4,6612.452914,2024,256,11.443,7411.038,0.562,851.978,8275.021,kvikio,virchow2,warm,,tiff5x,/home/ec2-user/wsi-cloud/runs/2026-08-23-063822-weka-s7-7.5.b-endurance-all-four-4hr/heatmaps/proc0/TCGA-A8-A0A2-01Z-00-DX1.47BCDF13-1065-466A-B7CB-F91F5EAD7D91.tiff,1706200
161,TCGA-AQ-A54O-01Z-00-DX1.85AB0AC4-47BB-4CD8-B7FB-5928108864AC,0,4,6620.728069,18572,256,79.919,68267.091,1.368,3069.358,71417.737,kvikio,virchow2,warm,,tiff5x,/home/ec2-user/wsi-cloud/runs/2026-08-23-063822-weka-s7-7.5.b-endurance-all-four-4hr/heatmaps/proc0/TCGA-AQ-A54O-01Z-00-DX1.85AB0AC4-47BB-4CD8-B7FB-5928108864AC.tiff,11780868
162,TCGA-AR-A2LE-01Z-00-DX1.E8E1FC5C-9A4A-463F-81D7-E9A8AF43EAD9,0,4,6692.145956,5213,256,25.011,19024.851,0.589,952.825,20003.276,kvikio,virchow2,warm,,tiff5x,/home/ec2-user/wsi-cloud/runs/2026-08-23-063822-weka-s7-7.5.b-endurance-all-four-4hr/heatmaps/proc0/TCGA-AR-A2LE-01Z-00-DX1.E8E1FC5C-9A4A-463F-81D7-E9A8AF43EAD9.tiff,3533711
163,TCGA-B6-A0WW-01Z-00-DX1.64048633-1D1A-4074-8C50-7641159355DB,0,4,6712.149361,25271,256,103.695,91871.643,1.943,2693.606,94670.886,kvikio,virchow2,warm,,tiff5x,/home/ec2-user/wsi-cloud/runs/2026-08-23-063822-weka-s7-7.5.b-endurance-all-four-4hr/heatmaps/proc0/TCGA-B6-A0WW-01Z-00-DX1.64048633-1D1A-4074-8C50-7641159355DB.tiff,12373810
164,TCGA-BH-A0HQ-01Z-00-DX1.0921FCEF-20A2-4D4B-A198-91AF9F6C814C,0,4,6806.820395,12548,256,52.166,46432.555,0.816,1837.973,48323.509,kvikio,virchow2,warm,,tiff5x,/home/ec2-user/wsi-cloud/runs/2026-08-23-063822-weka-s7-7.5.b-endurance-all-four-4hr/heatmaps/proc0/TCGA-BH-A0HQ-01Z-00-DX1.0921FCEF-20A2-4D4B-A198-91AF9F6C814C.tiff,9033522
165,TCGA-C8-A8HR-01Z-00-DX1.8E841CA8-1CE2-4242-AC5A-3247075CF8F4,0,4,6855.144047,5410,256,23.529,19804.478,0.552,620.133,20448.691,kvikio,virchow2,warm,,tiff5x,/home/ec2-user/wsi-cloud/runs/2026-08-23-063822-weka-s7-7.5.b-endurance-all-four-4hr/heatmaps/proc0/TCGA-C8-A8HR-01Z-00-DX1.8E841CA8-1CE2-4242-AC5A-3247075CF8F4.tiff,3866240
166,TCGA-D8-A1XV-01Z-00-DX2.D1988E01-5FDC-4F50-8183-F0CCE74D0CB2,0,4,6875.592877,11410,256,45.860,42146.343,0.842,1725.597,43918.641,kvikio,virchow2,warm,,tiff5x,/home/ec2-user/wsi-cloud/runs/2026-08-23-063822-weka-s7-7.5.b-endurance-all-four-4hr/heatmaps/proc0/TCGA-D8-A1XV-01Z-00-DX2.D1988E01-5FDC-4F50-8183-F0CCE74D0CB2.tiff,7197342
167,TCGA-E9-A1N8-01Z-00-DX1.1243AB1C-75A3-4A5E-9674-53992E6DD377,0,4,6919.511892,11469,256,51.746,42559.673,1.016,1717.473,44329.908,kvikio,virchow2,warm,,tiff5x,/home/ec2-user/wsi-cloud/runs/2026-08-23-063822-weka-s7-7.5.b-endurance-all-four-4hr/heatmaps/proc0/TCGA-E9-A1N8-01Z-00-DX1.1243AB1C-75A3-4A5E-9674-53992E6DD377.tiff,6979870
168,TCGA-S3-AA12-01Z-00-DX1.2A991B9F-E7E6-410B-B0BF-635E3CC40C7E,0,4,6963.841950,19501,256,80.216,72260.446,1.464,2335.363,74677.489,kvikio,virchow2,warm,,tiff5x,/home/ec2-user/wsi-cloud/runs/2026-08-23-063822-weka-s7-7.5.b-endurance-all-four-4hr/heatmaps/proc0/TCGA-S3-AA12-01Z-00-DX1.2A991B9F-E7E6-410B-B0BF-635E3CC40C7E.tiff,10003184
169,TCGA-A1-A0SH-01Z-00-DX1.90E71B08-E1D9-4FC2-85AC-062E56DDF17C,0,4,7038.519605,9373,256,46.001,34690.960,0.593,1715.124,36452.677,kvikio,virchow2,warm,,tiff5x,/home/ec2-user/wsi-cloud/runs/2026-08-23-063822-weka-s7-7.5.b-endurance-all-four-4hr/heatmaps/proc0/TCGA-A1-A0SH-01Z-00-DX1.90E71B08-E1D9-4FC2-85AC-062E56DDF17C.tiff,5543524
170,TCGA-A2-A0SW-01Z-00-DX1.E1EA0407-B831-4D75-826E-80B82B821797,0,4,7074.972441,11161,256,45.404,41185.531,0.733,2940.787,44172.455,kvikio,virchow2,warm,,tiff5x,/home/ec2-user/wsi-cloud/runs/2026-08-23-063822-weka-s7-7.5.b-endurance-all-four-4hr/heatmaps/proc0/TCGA-A2-A0SW-01Z-00-DX1.E1EA0407-B831-4D75-826E-80B82B821797.tiff,7123888
171,TCGA-A7-A426-01Z-00-DX1.3058E873-9442-4872-80DA-E8A5B35054D2,0,4,7119.145057,6044,256,32.689,22213.476,0.625,1479.949,23726.738,kvikio,virchow2,warm,,tiff5x,/home/ec2-user/wsi-cloud/runs/2026-08-23-063822-weka-s7-7.5.b-endurance-all-four-4hr/heatmaps/proc0/TCGA-A7-A426-01Z-00-DX1.3058E873-9442-4872-80DA-E8A5B35054D2.tiff,4029440
172,TCGA-A8-A07B-01Z-00-DX1.950B5E4E-C5F0-4445-9F88-E8C32CDFE6DA,0,4,7142.871937,2205,256,14.116,8134.301,0.567,299.745,8448.730,kvikio,virchow2,warm,,tiff5x,/home/ec2-user/wsi-cloud/runs/2026-08-23-063822-weka-s7-7.5.b-endurance-all-four-4hr/heatmaps/proc0/TCGA-A8-A07B-01Z-00-DX1.950B5E4E-C5F0-4445-9F88-E8C32CDFE6DA.tiff,1475538
173,TCGA-A8-A0A2-01Z-00-DX1.47BCDF13-1065-466A-B7CB-F91F5EAD7D91,0,4,7151.320798,2024,256,11.682,7488.423,0.600,856.280,8356.985,kvikio,virchow2,warm,,tiff5x,/home/ec2-user/wsi-cloud/runs/2026-08-23-063822-weka-s7-7.5.b-endurance-all-four-4hr/heatmaps/proc0/TCGA-A8-A0A2-01Z-00-DX1.47BCDF13-1065-466A-B7CB-F91F5EAD7D91.tiff,1706200
174,TCGA-AQ-A54O-01Z-00-DX1.85AB0AC4-47BB-4CD8-B7FB-5928108864AC,0,4,7159.677917,18572,256,81.510,68693.822,1.480,3142.811,71919.622,kvikio,virchow2,warm,,tiff5x,/home/ec2-user/wsi-cloud/runs/2026-08-23-063822-weka-s7-7.5.b-endurance-all-four-4hr/heatmaps/proc0/TCGA-AQ-A54O-01Z-00-DX1.85AB0AC4-47BB-4CD8-B7FB-5928108864AC.tiff,11780868
175,TCGA-AR-A2LE-01Z-00-DX1.E8E1FC5C-9A4A-463F-81D7-E9A8AF43EAD9,0,4,7231.597688,5213,256,23.633,19181.766,0.824,925.264,20131.486,kvikio,virchow2,warm,,tiff5x,/home/ec2-user/wsi-cloud/runs/2026-08-23-063822-weka-s7-7.5.b-endurance-all-four-4hr/heatmaps/proc0/TCGA-AR-A2LE-01Z-00-DX1.E8E1FC5C-9A4A-463F-81D7-E9A8AF43EAD9.tiff,3533711
176,TCGA-B6-A0WW-01Z-00-DX1.64048633-1D1A-4074-8C50-7641159355DB,0,4,7251.729311,25271,256,110.058,93573.795,1.834,2549.411,96235.099,kvikio,virchow2,warm,,tiff5x,/home/ec2-user/wsi-cloud/runs/2026-08-23-063822-weka-s7-7.5.b-endurance-all-four-4hr/heatmaps/proc0/TCGA-B6-A0WW-01Z-00-DX1.64048633-1D1A-4074-8C50-7641159355DB.tiff,12373810
177,TCGA-BH-A0HQ-01Z-00-DX1.0921FCEF-20A2-4D4B-A198-91AF9F6C814C,0,4,7347.964558,12548,256,49.034,46444.248,0.820,1831.910,48326.012,kvikio,virchow2,warm,,tiff5x,/home/ec2-user/wsi-cloud/runs/2026-08-23-063822-weka-s7-7.5.b-endurance-all-four-4hr/heatmaps/proc0/TCGA-BH-A0HQ-01Z-00-DX1.0921FCEF-20A2-4D4B-A198-91AF9F6C814C.tiff,9033522
178,TCGA-C8-A8HR-01Z-00-DX1.8E841CA8-1CE2-4242-AC5A-3247075CF8F4,0,4,7396.290708,5410,256,22.321,20014.857,0.533,622.738,20660.449,kvikio,virchow2,warm,,tiff5x,/home/ec2-user/wsi-cloud/runs/2026-08-23-063822-weka-s7-7.5.b-endurance-all-four-4hr/heatmaps/proc0/TCGA-C8-A8HR-01Z-00-DX1.8E841CA8-1CE2-4242-AC5A-3247075CF8F4.tiff,3866240
179,TCGA-D8-A1XV-01Z-00-DX2.D1988E01-5FDC-4F50-8183-F0CCE74D0CB2,0,4,7416.951300,11410,256,46.311,42104.094,0.786,1722.963,43874.154,kvikio,virchow2,warm,,tiff5x,/home/ec2-user/wsi-cloud/runs/2026-08-23-063822-weka-s7-7.5.b-endurance-all-four-4hr/heatmaps/proc0/TCGA-D8-A1XV-01Z-00-DX2.D1988E01-5FDC-4F50-8183-F0CCE74D0CB2.tiff,7197342
180,TCGA-E9-A1N8-01Z-00-DX1.1243AB1C-75A3-4A5E-9674-53992E6DD377,0,4,7460.825596,11469,256,47.034,42369.131,1.003,1666.720,44083.887,kvikio,virchow2,warm,,tiff5x,/home/ec2-user/wsi-cloud/runs/2026-08-23-063822-weka-s7-7.5.b-endurance-all-four-4hr/heatmaps/proc0/TCGA-E9-A1N8-01Z-00-DX1.1243AB1C-75A3-4A5E-9674-53992E6DD377.tiff,6979870
181,TCGA-S3-AA12-01Z-00-DX1.2A991B9F-E7E6-410B-B0BF-635E3CC40C7E,0,4,7504.909648,19501,256,87.871,72311.480,1.395,2318.063,74718.808,kvikio,virchow2,warm,,tiff5x,/home/ec2-user/wsi-cloud/runs/2026-08-23-063822-weka-s7-7.5.b-endurance-all-four-4hr/heatmaps/proc0/TCGA-S3-AA12-01Z-00-DX1.2A991B9F-E7E6-410B-B0BF-635E3CC40C7E.tiff,10003184
182,TCGA-A1-A0SH-01Z-00-DX1.90E71B08-E1D9-4FC2-85AC-062E56DDF17C,0,4,7579.628613,9373,256,39.472,34402.967,1.032,1741.400,36184.873,kvikio,virchow2,warm,,tiff5x,/home/ec2-user/wsi-cloud/runs/2026-08-23-063822-weka-s7-7.5.b-endurance-all-four-4hr/heatmaps/proc0/TCGA-A1-A0SH-01Z-00-DX1.90E71B08-E1D9-4FC2-85AC-062E56DDF17C.tiff,5543524
183,TCGA-A2-A0SW-01Z-00-DX1.E1EA0407-B831-4D75-826E-80B82B821797,0,4,7615.813638,11161,256,45.894,41066.837,0.768,2830.827,43944.326,kvikio,virchow2,warm,,tiff5x,/home/ec2-user/wsi-cloud/runs/2026-08-23-063822-weka-s7-7.5.b-endurance-all-four-4hr/heatmaps/proc0/TCGA-A2-A0SW-01Z-00-DX1.E1EA0407-B831-4D75-826E-80B82B821797.tiff,7123888
184,TCGA-A7-A426-01Z-00-DX1.3058E873-9442-4872-80DA-E8A5B35054D2,0,4,7659.758121,6044,256,28.703,22171.494,0.614,1470.548,23671.360,kvikio,virchow2,warm,,tiff5x,/home/ec2-user/wsi-cloud/runs/2026-08-23-063822-weka-s7-7.5.b-endurance-all-four-4hr/heatmaps/proc0/TCGA-A7-A426-01Z-00-DX1.3058E873-9442-4872-80DA-E8A5B35054D2.tiff,4029440
185,TCGA-A8-A07B-01Z-00-DX1.950B5E4E-C5F0-4445-9F88-E8C32CDFE6DA,0,4,7683.429624,2205,256,9.597,8035.476,0.565,300.156,8345.794,kvikio,virchow2,warm,,tiff5x,/home/ec2-user/wsi-cloud/runs/2026-08-23-063822-weka-s7-7.5.b-endurance-all-four-4hr/heatmaps/proc0/TCGA-A8-A07B-01Z-00-DX1.950B5E4E-C5F0-4445-9F88-E8C32CDFE6DA.tiff,1475538
186,TCGA-A8-A0A2-01Z-00-DX1.47BCDF13-1065-466A-B7CB-F91F5EAD7D91,0,4,7691.775543,2024,256,10.658,7424.720,0.615,858.216,8294.209,kvikio,virchow2,warm,,tiff5x,/home/ec2-user/wsi-cloud/runs/2026-08-23-063822-weka-s7-7.5.b-endurance-all-four-4hr/heatmaps/proc0/TCGA-A8-A0A2-01Z-00-DX1.47BCDF13-1065-466A-B7CB-F91F5EAD7D91.tiff,1706200
187,TCGA-AQ-A54O-01Z-00-DX1.85AB0AC4-47BB-4CD8-B7FB-5928108864AC,0,4,7700.069884,18572,256,80.975,68252.075,1.346,3061.917,71396.312,kvikio,virchow2,warm,,tiff5x,/home/ec2-user/wsi-cloud/runs/2026-08-23-063822-weka-s7-7.5.b-endurance-all-four-4hr/heatmaps/proc0/TCGA-AQ-A54O-01Z-00-DX1.85AB0AC4-47BB-4CD8-B7FB-5928108864AC.tiff,11780868
188,TCGA-AR-A2LE-01Z-00-DX1.E8E1FC5C-9A4A-463F-81D7-E9A8AF43EAD9,0,4,7771.466339,5213,256,25.864,19242.304,0.673,930.944,20199.785,kvikio,virchow2,warm,,tiff5x,/home/ec2-user/wsi-cloud/runs/2026-08-23-063822-weka-s7-7.5.b-endurance-all-four-4hr/heatmaps/proc0/TCGA-AR-A2LE-01Z-00-DX1.E8E1FC5C-9A4A-463F-81D7-E9A8AF43EAD9.tiff,3533711
189,TCGA-B6-A0WW-01Z-00-DX1.64048633-1D1A-4074-8C50-7641159355DB,0,4,7791.666257,25271,256,107.477,93370.758,1.855,2662.061,96142.152,kvikio,virchow2,warm,,tiff5x,/home/ec2-user/wsi-cloud/runs/2026-08-23-063822-weka-s7-7.5.b-endurance-all-four-4hr/heatmaps/proc0/TCGA-B6-A0WW-01Z-00-DX1.64048633-1D1A-4074-8C50-7641159355DB.tiff,12373810
190,TCGA-BH-A0HQ-01Z-00-DX1.0921FCEF-20A2-4D4B-A198-91AF9F6C814C,0,4,7887.808555,12548,256,52.217,46373.706,0.845,1831.657,48258.425,kvikio,virchow2,warm,,tiff5x,/home/ec2-user/wsi-cloud/runs/2026-08-23-063822-weka-s7-7.5.b-endurance-all-four-4hr/heatmaps/proc0/TCGA-BH-A0HQ-01Z-00-DX1.0921FCEF-20A2-4D4B-A198-91AF9F6C814C.tiff,9033522
191,TCGA-C8-A8HR-01Z-00-DX1.8E841CA8-1CE2-4242-AC5A-3247075CF8F4,0,4,7936.067137,5410,256,27.190,19919.949,0.511,611.955,20559.605,kvikio,virchow2,warm,,tiff5x,/home/ec2-user/wsi-cloud/runs/2026-08-23-063822-weka-s7-7.5.b-endurance-all-four-4hr/heatmaps/proc0/TCGA-C8-A8HR-01Z-00-DX1.8E841CA8-1CE2-4242-AC5A-3247075CF8F4.tiff,3866240
192,TCGA-D8-A1XV-01Z-00-DX2.D1988E01-5FDC-4F50-8183-F0CCE74D0CB2,0,4,7956.626873,11410,256,44.318,42136.613,0.766,1718.890,43900.586,kvikio,virchow2,warm,,tiff5x,/home/ec2-user/wsi-cloud/runs/2026-08-23-063822-weka-s7-7.5.b-endurance-all-four-4hr/heatmaps/proc0/TCGA-D8-A1XV-01Z-00-DX2.D1988E01-5FDC-4F50-8183-F0CCE74D0CB2.tiff,7197342
193,TCGA-E9-A1N8-01Z-00-DX1.1243AB1C-75A3-4A5E-9674-53992E6DD377,0,4,8000.527599,11469,256,49.988,42446.009,0.964,1640.806,44137.767,kvikio,virchow2,warm,,tiff5x,/home/ec2-user/wsi-cloud/runs/2026-08-23-063822-weka-s7-7.5.b-endurance-all-four-4hr/heatmaps/proc0/TCGA-E9-A1N8-01Z-00-DX1.1243AB1C-75A3-4A5E-9674-53992E6DD377.tiff,6979870
194,TCGA-S3-AA12-01Z-00-DX1.2A991B9F-E7E6-410B-B0BF-635E3CC40C7E,0,4,8044.665512,19501,256,82.770,71893.950,1.440,2334.345,74312.505,kvikio,virchow2,warm,,tiff5x,/home/ec2-user/wsi-cloud/runs/2026-08-23-063822-weka-s7-7.5.b-endurance-all-four-4hr/heatmaps/proc0/TCGA-S3-AA12-01Z-00-DX1.2A991B9F-E7E6-410B-B0BF-635E3CC40C7E.tiff,10003184
195,TCGA-A1-A0SH-01Z-00-DX1.90E71B08-E1D9-4FC2-85AC-062E56DDF17C,0,4,8118.978187,9373,256,48.478,34335.264,0.945,1731.758,36116.445,kvikio,virchow2,warm,,tiff5x,/home/ec2-user/wsi-cloud/runs/2026-08-23-063822-weka-s7-7.5.b-endurance-all-four-4hr/heatmaps/proc0/TCGA-A1-A0SH-01Z-00-DX1.90E71B08-E1D9-4FC2-85AC-062E56DDF17C.tiff,5543524
196,TCGA-A2-A0SW-01Z-00-DX1.E1EA0407-B831-4D75-826E-80B82B821797,0,4,8155.094777,11161,256,47.739,41312.073,1.009,2869.177,44229.998,kvikio,virchow2,warm,,tiff5x,/home/ec2-user/wsi-cloud/runs/2026-08-23-063822-weka-s7-7.5.b-endurance-all-four-4hr/heatmaps/proc0/TCGA-A2-A0SW-01Z-00-DX1.E1EA0407-B831-4D75-826E-80B82B821797.tiff,7123888
197,TCGA-A7-A426-01Z-00-DX1.3058E873-9442-4872-80DA-E8A5B35054D2,0,4,8199.324914,6044,256,26.395,22039.602,1.065,1479.486,23546.548,kvikio,virchow2,warm,,tiff5x,/home/ec2-user/wsi-cloud/runs/2026-08-23-063822-weka-s7-7.5.b-endurance-all-four-4hr/heatmaps/proc0/TCGA-A7-A426-01Z-00-DX1.3058E873-9442-4872-80DA-E8A5B35054D2.tiff,4029440
198,TCGA-A8-A07B-01Z-00-DX1.950B5E4E-C5F0-4445-9F88-E8C32CDFE6DA,0,4,8222.871607,2205,256,10.372,8083.695,0.832,306.788,8401.687,kvikio,virchow2,warm,,tiff5x,/home/ec2-user/wsi-cloud/runs/2026-08-23-063822-weka-s7-7.5.b-endurance-all-four-4hr/heatmaps/proc0/TCGA-A8-A07B-01Z-00-DX1.950B5E4E-C5F0-4445-9F88-E8C32CDFE6DA.tiff,1475538
199,TCGA-A8-A0A2-01Z-00-DX1.47BCDF13-1065-466A-B7CB-F91F5EAD7D91,0,4,8231.273429,2024,256,11.576,7454.000,0.872,873.656,8340.104,kvikio,virchow2,warm,,tiff5x,/home/ec2-user/wsi-cloud/runs/2026-08-23-063822-weka-s7-7.5.b-endurance-all-four-4hr/heatmaps/proc0/TCGA-A8-A0A2-01Z-00-DX1.47BCDF13-1065-466A-B7CB-F91F5EAD7D91.tiff,1706200
200,TCGA-AQ-A54O-01Z-00-DX1.85AB0AC4-47BB-4CD8-B7FB-5928108864AC,0,4,8239.613662,18572,256,79.879,68360.773,1.453,3087.338,71529.443,kvikio,virchow2,warm,,tiff5x,/home/ec2-user/wsi-cloud/runs/2026-08-23-063822-weka-s7-7.5.b-endurance-all-four-4hr/heatmaps/proc0/TCGA-AQ-A54O-01Z-00-DX1.85AB0AC4-47BB-4CD8-B7FB-5928108864AC.tiff,11780868
201,TCGA-AR-A2LE-01Z-00-DX1.E8E1FC5C-9A4A-463F-81D7-E9A8AF43EAD9,0,4,8311.143276,5213,256,25.624,18991.982,0.936,939.889,19958.430,kvikio,virchow2,warm,,tiff5x,/home/ec2-user/wsi-cloud/runs/2026-08-23-063822-weka-s7-7.5.b-endurance-all-four-4hr/heatmaps/proc0/TCGA-AR-A2LE-01Z-00-DX1.E8E1FC5C-9A4A-463F-81D7-E9A8AF43EAD9.tiff,3533711
202,TCGA-B6-A0WW-01Z-00-DX1.64048633-1D1A-4074-8C50-7641159355DB,0,4,8331.101837,25271,256,113.339,92466.612,1.873,2669.843,95251.668,kvikio,virchow2,warm,,tiff5x,/home/ec2-user/wsi-cloud/runs/2026-08-23-063822-weka-s7-7.5.b-endurance-all-four-4hr/heatmaps/proc0/TCGA-B6-A0WW-01Z-00-DX1.64048633-1D1A-4074-8C50-7641159355DB.tiff,12373810
203,TCGA-BH-A0HQ-01Z-00-DX1.0921FCEF-20A2-4D4B-A198-91AF9F6C814C,0,4,8426.353656,12548,256,49.992,46348.234,0.886,1831.089,48230.201,kvikio,virchow2,warm,,tiff5x,/home/ec2-user/wsi-cloud/runs/2026-08-23-063822-weka-s7-7.5.b-endurance-all-four-4hr/heatmaps/proc0/TCGA-BH-A0HQ-01Z-00-DX1.0921FCEF-20A2-4D4B-A198-91AF9F6C814C.tiff,9033522
204,TCGA-C8-A8HR-01Z-00-DX1.8E841CA8-1CE2-4242-AC5A-3247075CF8F4,0,4,8474.584002,5410,256,28.531,19916.084,0.559,618.456,20563.630,kvikio,virchow2,warm,,tiff5x,/home/ec2-user/wsi-cloud/runs/2026-08-23-063822-weka-s7-7.5.b-endurance-all-four-4hr/heatmaps/proc0/TCGA-C8-A8HR-01Z-00-DX1.8E841CA8-1CE2-4242-AC5A-3247075CF8F4.tiff,3866240
205,TCGA-D8-A1XV-01Z-00-DX2.D1988E01-5FDC-4F50-8183-F0CCE74D0CB2,0,4,8495.147763,11410,256,50.395,41860.954,0.769,1714.133,43626.251,kvikio,virchow2,warm,,tiff5x,/home/ec2-user/wsi-cloud/runs/2026-08-23-063822-weka-s7-7.5.b-endurance-all-four-4hr/heatmaps/proc0/TCGA-D8-A1XV-01Z-00-DX2.D1988E01-5FDC-4F50-8183-F0CCE74D0CB2.tiff,7197342
206,TCGA-E9-A1N8-01Z-00-DX1.1243AB1C-75A3-4A5E-9674-53992E6DD377,0,4,8538.774163,11469,256,49.303,42302.696,1.095,1693.899,44046.993,kvikio,virchow2,warm,,tiff5x,/home/ec2-user/wsi-cloud/runs/2026-08-23-063822-weka-s7-7.5.b-endurance-all-four-4hr/heatmaps/proc0/TCGA-E9-A1N8-01Z-00-DX1.1243AB1C-75A3-4A5E-9674-53992E6DD377.tiff,6979870
207,TCGA-S3-AA12-01Z-00-DX1.2A991B9F-E7E6-410B-B0BF-635E3CC40C7E,0,4,8582.821313,19501,256,86.632,71795.939,1.392,2328.543,74212.505,kvikio,virchow2,warm,,tiff5x,/home/ec2-user/wsi-cloud/runs/2026-08-23-063822-weka-s7-7.5.b-endurance-all-four-4hr/heatmaps/proc0/TCGA-S3-AA12-01Z-00-DX1.2A991B9F-E7E6-410B-B0BF-635E3CC40C7E.tiff,10003184
208,TCGA-A1-A0SH-01Z-00-DX1.90E71B08-E1D9-4FC2-85AC-062E56DDF17C,0,4,8657.033971,9373,256,42.255,34400.634,0.600,1724.981,36168.470,kvikio,virchow2,warm,,tiff5x,/home/ec2-user/wsi-cloud/runs/2026-08-23-063822-weka-s7-7.5.b-endurance-all-four-4hr/heatmaps/proc0/TCGA-A1-A0SH-01Z-00-DX1.90E71B08-E1D9-4FC2-85AC-062E56DDF17C.tiff,5543524
209,TCGA-A2-A0SW-01Z-00-DX1.E1EA0407-B831-4D75-826E-80B82B821797,0,4,8693.202632,11161,256,58.252,40574.436,0.764,2861.592,43495.044,kvikio,virchow2,warm,,tiff5x,/home/ec2-user/wsi-cloud/runs/2026-08-23-063822-weka-s7-7.5.b-endurance-all-four-4hr/heatmaps/proc0/TCGA-A2-A0SW-01Z-00-DX1.E1EA0407-B831-4D75-826E-80B82B821797.tiff,7123888
210,TCGA-A7-A426-01Z-00-DX1.3058E873-9442-4872-80DA-E8A5B35054D2,0,4,8736.698015,6044,256,30.819,22293.001,0.782,1478.256,23802.858,kvikio,virchow2,warm,,tiff5x,/home/ec2-user/wsi-cloud/runs/2026-08-23-063822-weka-s7-7.5.b-endurance-all-four-4hr/heatmaps/proc0/TCGA-A7-A426-01Z-00-DX1.3058E873-9442-4872-80DA-E8A5B35054D2.tiff,4029440
211,TCGA-A8-A07B-01Z-00-DX1.950B5E4E-C5F0-4445-9F88-E8C32CDFE6DA,0,4,8760.501015,2205,256,9.736,8128.862,0.576,299.876,8439.050,kvikio,virchow2,warm,,tiff5x,/home/ec2-user/wsi-cloud/runs/2026-08-23-063822-weka-s7-7.5.b-endurance-all-four-4hr/heatmaps/proc0/TCGA-A8-A07B-01Z-00-DX1.950B5E4E-C5F0-4445-9F88-E8C32CDFE6DA.tiff,1475538
212,TCGA-A8-A0A2-01Z-00-DX1.47BCDF13-1065-466A-B7CB-F91F5EAD7D91,0,4,8768.940197,2024,256,11.260,7432.318,0.635,860.234,8304.446,kvikio,virchow2,warm,,tiff5x,/home/ec2-user/wsi-cloud/runs/2026-08-23-063822-weka-s7-7.5.b-endurance-all-four-4hr/heatmaps/proc0/TCGA-A8-A0A2-01Z-00-DX1.47BCDF13-1065-466A-B7CB-F91F5EAD7D91.tiff,1706200
213,TCGA-AQ-A54O-01Z-00-DX1.85AB0AC4-47BB-4CD8-B7FB-5928108864AC,0,4,8777.244774,18572,256,77.393,67482.783,1.341,3070.017,70631.534,kvikio,virchow2,warm,,tiff5x,/home/ec2-user/wsi-cloud/runs/2026-08-23-063822-weka-s7-7.5.b-endurance-all-four-4hr/heatmaps/proc0/TCGA-AQ-A54O-01Z-00-DX1.85AB0AC4-47BB-4CD8-B7FB-5928108864AC.tiff,11780868
214,TCGA-AR-A2LE-01Z-00-DX1.E8E1FC5C-9A4A-463F-81D7-E9A8AF43EAD9,0,4,8847.876454,5213,256,24.292,19119.669,0.613,943.019,20087.593,kvikio,virchow2,warm,,tiff5x,/home/ec2-user/wsi-cloud/runs/2026-08-23-063822-weka-s7-7.5.b-endurance-all-four-4hr/heatmaps/proc0/TCGA-AR-A2LE-01Z-00-DX1.E8E1FC5C-9A4A-463F-81D7-E9A8AF43EAD9.tiff,3533711
215,TCGA-B6-A0WW-01Z-00-DX1.64048633-1D1A-4074-8C50-7641159355DB,0,4,8867.964179,25271,256,107.536,92780.058,1.882,2668.398,95557.874,kvikio,virchow2,warm,,tiff5x,/home/ec2-user/wsi-cloud/runs/2026-08-23-063822-weka-s7-7.5.b-endurance-all-four-4hr/heatmaps/proc0/TCGA-B6-A0WW-01Z-00-DX1.64048633-1D1A-4074-8C50-7641159355DB.tiff,12373810
216,TCGA-BH-A0HQ-01Z-00-DX1.0921FCEF-20A2-4D4B-A198-91AF9F6C814C,0,4,8963.522204,12548,256,59.940,45689.032,0.827,1823.884,47573.683,kvikio,virchow2,warm,,tiff5x,/home/ec2-user/wsi-cloud/runs/2026-08-23-063822-weka-s7-7.5.b-endurance-all-four-4hr/heatmaps/proc0/TCGA-BH-A0HQ-01Z-00-DX1.0921FCEF-20A2-4D4B-A198-91AF9F6C814C.tiff,9033522
217,TCGA-C8-A8HR-01Z-00-DX1.8E841CA8-1CE2-4242-AC5A-3247075CF8F4,0,4,9011.096039,5410,256,30.785,19759.632,0.542,613.274,20404.233,kvikio,virchow2,warm,,tiff5x,/home/ec2-user/wsi-cloud/runs/2026-08-23-063822-weka-s7-7.5.b-endurance-all-four-4hr/heatmaps/proc0/TCGA-C8-A8HR-01Z-00-DX1.8E841CA8-1CE2-4242-AC5A-3247075CF8F4.tiff,3866240
218,TCGA-D8-A1XV-01Z-00-DX2.D1988E01-5FDC-4F50-8183-F0CCE74D0CB2,0,4,9031.500405,11410,256,44.974,42205.234,0.873,1713.839,43964.920,kvikio,virchow2,warm,,tiff5x,/home/ec2-user/wsi-cloud/runs/2026-08-23-063822-weka-s7-7.5.b-endurance-all-four-4hr/heatmaps/proc0/TCGA-D8-A1XV-01Z-00-DX2.D1988E01-5FDC-4F50-8183-F0CCE74D0CB2.tiff,7197342
219,TCGA-E9-A1N8-01Z-00-DX1.1243AB1C-75A3-4A5E-9674-53992E6DD377,0,4,9075.465474,11469,256,50.514,41665.014,0.792,1720.079,43436.400,kvikio,virchow2,warm,,tiff5x,/home/ec2-user/wsi-cloud/runs/2026-08-23-063822-weka-s7-7.5.b-endurance-all-four-4hr/heatmaps/proc0/TCGA-E9-A1N8-01Z-00-DX1.1243AB1C-75A3-4A5E-9674-53992E6DD377.tiff,6979870
220,TCGA-S3-AA12-01Z-00-DX1.2A991B9F-E7E6-410B-B0BF-635E3CC40C7E,0,4,9118.902021,19501,256,82.657,71865.863,1.379,2316.018,74265.918,kvikio,virchow2,warm,,tiff5x,/home/ec2-user/wsi-cloud/runs/2026-08-23-063822-weka-s7-7.5.b-endurance-all-four-4hr/heatmaps/proc0/TCGA-S3-AA12-01Z-00-DX1.2A991B9F-E7E6-410B-B0BF-635E3CC40C7E.tiff,10003184
221,TCGA-A1-A0SH-01Z-00-DX1.90E71B08-E1D9-4FC2-85AC-062E56DDF17C,0,4,9193.168095,9373,256,43.959,34172.363,0.593,1715.310,35932.225,kvikio,virchow2,warm,,tiff5x,/home/ec2-user/wsi-cloud/runs/2026-08-23-063822-weka-s7-7.5.b-endurance-all-four-4hr/heatmaps/proc0/TCGA-A1-A0SH-01Z-00-DX1.90E71B08-E1D9-4FC2-85AC-062E56DDF17C.tiff,5543524
222,TCGA-A2-A0SW-01Z-00-DX1.E1EA0407-B831-4D75-826E-80B82B821797,0,4,9229.100459,11161,256,48.436,40871.452,0.745,2827.271,43747.903,kvikio,virchow2,warm,,tiff5x,/home/ec2-user/wsi-cloud/runs/2026-08-23-063822-weka-s7-7.5.b-endurance-all-four-4hr/heatmaps/proc0/TCGA-A2-A0SW-01Z-00-DX1.E1EA0407-B831-4D75-826E-80B82B821797.tiff,7123888
223,TCGA-A7-A426-01Z-00-DX1.3058E873-9442-4872-80DA-E8A5B35054D2,0,4,9272.848510,6044,256,27.147,22248.025,0.566,1465.202,23740.940,kvikio,virchow2,warm,,tiff5x,/home/ec2-user/wsi-cloud/runs/2026-08-23-063822-weka-s7-7.5.b-endurance-all-four-4hr/heatmaps/proc0/TCGA-A7-A426-01Z-00-DX1.3058E873-9442-4872-80DA-E8A5B35054D2.tiff,4029440
224,TCGA-A8-A07B-01Z-00-DX1.950B5E4E-C5F0-4445-9F88-E8C32CDFE6DA,0,4,9296.589595,2205,256,12.518,8065.814,0.560,297.504,8376.396,kvikio,virchow2,warm,,tiff5x,/home/ec2-user/wsi-cloud/runs/2026-08-23-063822-weka-s7-7.5.b-endurance-all-four-4hr/heatmaps/proc0/TCGA-A8-A07B-01Z-00-DX1.950B5E4E-C5F0-4445-9F88-E8C32CDFE6DA.tiff,1475538
225,TCGA-A8-A0A2-01Z-00-DX1.47BCDF13-1065-466A-B7CB-F91F5EAD7D91,0,4,9304.966124,2024,256,11.147,7390.008,0.610,852.192,8253.957,kvikio,virchow2,warm,,tiff5x,/home/ec2-user/wsi-cloud/runs/2026-08-23-063822-weka-s7-7.5.b-endurance-all-four-4hr/heatmaps/proc0/TCGA-A8-A0A2-01Z-00-DX1.47BCDF13-1065-466A-B7CB-F91F5EAD7D91.tiff,1706200
226,TCGA-AQ-A54O-01Z-00-DX1.85AB0AC4-47BB-4CD8-B7FB-5928108864AC,0,4,9313.220211,18572,256,77.067,67572.473,1.340,3059.778,70710.658,kvikio,virchow2,warm,,tiff5x,/home/ec2-user/wsi-cloud/runs/2026-08-23-063822-weka-s7-7.5.b-endurance-all-four-4hr/heatmaps/proc0/TCGA-AQ-A54O-01Z-00-DX1.85AB0AC4-47BB-4CD8-B7FB-5928108864AC.tiff,11780868
227,TCGA-AR-A2LE-01Z-00-DX1.E8E1FC5C-9A4A-463F-81D7-E9A8AF43EAD9,0,4,9383.931036,5213,256,22.493,19302.562,0.599,931.191,20256.844,kvikio,virchow2,warm,,tiff5x,/home/ec2-user/wsi-cloud/runs/2026-08-23-063822-weka-s7-7.5.b-endurance-all-four-4hr/heatmaps/proc0/TCGA-AR-A2LE-01Z-00-DX1.E8E1FC5C-9A4A-463F-81D7-E9A8AF43EAD9.tiff,3533711
228,TCGA-B6-A0WW-01Z-00-DX1.64048633-1D1A-4074-8C50-7641159355DB,0,4,9404.188019,25271,256,106.346,92319.561,1.960,2594.237,95022.104,kvikio,virchow2,warm,,tiff5x,/home/ec2-user/wsi-cloud/runs/2026-08-23-063822-weka-s7-7.5.b-endurance-all-four-4hr/heatmaps/proc0/TCGA-B6-A0WW-01Z-00-DX1.64048633-1D1A-4074-8C50-7641159355DB.tiff,12373810
229,TCGA-BH-A0HQ-01Z-00-DX1.0921FCEF-20A2-4D4B-A198-91AF9F6C814C,0,4,9499.210275,12548,256,58.109,46190.074,0.833,1827.204,48076.220,kvikio,virchow2,warm,,tiff5x,/home/ec2-user/wsi-cloud/runs/2026-08-23-063822-weka-s7-7.5.b-endurance-all-four-4hr/heatmaps/proc0/TCGA-BH-A0HQ-01Z-00-DX1.0921FCEF-20A2-4D4B-A198-91AF9F6C814C.tiff,9033522
230,TCGA-C8-A8HR-01Z-00-DX1.8E841CA8-1CE2-4242-AC5A-3247075CF8F4,0,4,9547.286644,5410,256,22.465,19927.127,0.522,626.768,20576.882,kvikio,virchow2,warm,,tiff5x,/home/ec2-user/wsi-cloud/runs/2026-08-23-063822-weka-s7-7.5.b-endurance-all-four-4hr/heatmaps/proc0/TCGA-C8-A8HR-01Z-00-DX1.8E841CA8-1CE2-4242-AC5A-3247075CF8F4.tiff,3866240
231,TCGA-D8-A1XV-01Z-00-DX2.D1988E01-5FDC-4F50-8183-F0CCE74D0CB2,0,4,9567.863673,11410,256,51.992,42333.356,0.956,1734.840,44121.145,kvikio,virchow2,warm,,tiff5x,/home/ec2-user/wsi-cloud/runs/2026-08-23-063822-weka-s7-7.5.b-endurance-all-four-4hr/heatmaps/proc0/TCGA-D8-A1XV-01Z-00-DX2.D1988E01-5FDC-4F50-8183-F0CCE74D0CB2.tiff,7197342
232,TCGA-E9-A1N8-01Z-00-DX1.1243AB1C-75A3-4A5E-9674-53992E6DD377,0,4,9611.984989,11469,256,55.948,42345.404,0.902,1634.617,44036.870,kvikio,virchow2,warm,,tiff5x,/home/ec2-user/wsi-cloud/runs/2026-08-23-063822-weka-s7-7.5.b-endurance-all-four-4hr/heatmaps/proc0/TCGA-E9-A1N8-01Z-00-DX1.1243AB1C-75A3-4A5E-9674-53992E6DD377.tiff,6979870
233,TCGA-S3-AA12-01Z-00-DX1.2A991B9F-E7E6-410B-B0BF-635E3CC40C7E,0,4,9656.022011,19501,256,87.322,71421.331,1.387,2428.477,73938.517,kvikio,virchow2,warm,,tiff5x,/home/ec2-user/wsi-cloud/runs/2026-08-23-063822-weka-s7-7.5.b-endurance-all-four-4hr/heatmaps/proc0/TCGA-S3-AA12-01Z-00-DX1.2A991B9F-E7E6-410B-B0BF-635E3CC40C7E.tiff,10003184
234,TCGA-A1-A0SH-01Z-00-DX1.90E71B08-E1D9-4FC2-85AC-062E56DDF17C,0,4,9729.960869,9373,256,40.316,34560.634,0.966,1742.161,36344.077,kvikio,virchow2,warm,,tiff5x,/home/ec2-user/wsi-cloud/runs/2026-08-23-063822-weka-s7-7.5.b-endurance-all-four-4hr/heatmaps/proc0/TCGA-A1-A0SH-01Z-00-DX1.90E71B08-E1D9-4FC2-85AC-062E56DDF17C.tiff,5543524
235,TCGA-A2-A0SW-01Z-00-DX1.E1EA0407-B831-4D75-826E-80B82B821797,0,4,9766.305095,11161,256,48.535,40791.177,0.921,2846.923,43687.556,kvikio,virchow2,warm,,tiff5x,/home/ec2-user/wsi-cloud/runs/2026-08-23-063822-weka-s7-7.5.b-endurance-all-four-4hr/heatmaps/proc0/TCGA-A2-A0SW-01Z-00-DX1.E1EA0407-B831-4D75-826E-80B82B821797.tiff,7123888
236,TCGA-A7-A426-01Z-00-DX1.3058E873-9442-4872-80DA-E8A5B35054D2,0,4,9809.992793,6044,256,30.474,21904.433,0.906,1486.672,23422.484,kvikio,virchow2,warm,,tiff5x,/home/ec2-user/wsi-cloud/runs/2026-08-23-063822-weka-s7-7.5.b-endurance-all-four-4hr/heatmaps/proc0/TCGA-A7-A426-01Z-00-DX1.3058E873-9442-4872-80DA-E8A5B35054D2.tiff,4029440
237,TCGA-A8-A07B-01Z-00-DX1.950B5E4E-C5F0-4445-9F88-E8C32CDFE6DA,0,4,9833.415415,2205,256,12.386,7993.727,0.851,301.933,8308.897,kvikio,virchow2,warm,,tiff5x,/home/ec2-user/wsi-cloud/runs/2026-08-23-063822-weka-s7-7.5.b-endurance-all-four-4hr/heatmaps/proc0/TCGA-A8-A07B-01Z-00-DX1.950B5E4E-C5F0-4445-9F88-E8C32CDFE6DA.tiff,1475538
238,TCGA-A8-A0A2-01Z-00-DX1.47BCDF13-1065-466A-B7CB-F91F5EAD7D91,0,4,9841.724445,2024,256,11.238,7377.234,0.779,854.834,8244.086,kvikio,virchow2,warm,,tiff5x,/home/ec2-user/wsi-cloud/runs/2026-08-23-063822-weka-s7-7.5.b-endurance-all-four-4hr/heatmaps/proc0/TCGA-A8-A0A2-01Z-00-DX1.47BCDF13-1065-466A-B7CB-F91F5EAD7D91.tiff,1706200
239,TCGA-AQ-A54O-01Z-00-DX1.85AB0AC4-47BB-4CD8-B7FB-5928108864AC,0,4,9849.968662,18572,256,77.827,68170.491,1.447,3106.008,71355.774,kvikio,virchow2,warm,,tiff5x,/home/ec2-user/wsi-cloud/runs/2026-08-23-063822-weka-s7-7.5.b-endurance-all-four-4hr/heatmaps/proc0/TCGA-AQ-A54O-01Z-00-DX1.85AB0AC4-47BB-4CD8-B7FB-5928108864AC.tiff,11780868
240,TCGA-AR-A2LE-01Z-00-DX1.E8E1FC5C-9A4A-463F-81D7-E9A8AF43EAD9,0,4,9921.324594,5213,256,27.108,18754.853,0.818,939.415,19722.194,kvikio,virchow2,warm,,tiff5x,/home/ec2-user/wsi-cloud/runs/2026-08-23-063822-weka-s7-7.5.b-endurance-all-four-4hr/heatmaps/proc0/TCGA-AR-A2LE-01Z-00-DX1.E8E1FC5C-9A4A-463F-81D7-E9A8AF43EAD9.tiff,3533711
241,TCGA-B6-A0WW-01Z-00-DX1.64048633-1D1A-4074-8C50-7641159355DB,0,4,9941.046925,25271,256,109.922,91636.761,1.949,2565.142,94313.774,kvikio,virchow2,warm,,tiff5x,/home/ec2-user/wsi-cloud/runs/2026-08-23-063822-weka-s7-7.5.b-endurance-all-four-4hr/heatmaps/proc0/TCGA-B6-A0WW-01Z-00-DX1.64048633-1D1A-4074-8C50-7641159355DB.tiff,12373810
242,TCGA-BH-A0HQ-01Z-00-DX1.0921FCEF-20A2-4D4B-A198-91AF9F6C814C,0,4,10035.360847,12548,256,57.526,46584.150,0.834,1833.563,48476.074,kvikio,virchow2,warm,,tiff5x,/home/ec2-user/wsi-cloud/runs/2026-08-23-063822-weka-s7-7.5.b-endurance-all-four-4hr/heatmaps/proc0/TCGA-BH-A0HQ-01Z-00-DX1.0921FCEF-20A2-4D4B-A198-91AF9F6C814C.tiff,9033522
243,TCGA-C8-A8HR-01Z-00-DX1.8E841CA8-1CE2-4242-AC5A-3247075CF8F4,0,4,10083.837060,5410,256,26.122,19788.768,0.635,647.436,20462.962,kvikio,virchow2,warm,,tiff5x,/home/ec2-user/wsi-cloud/runs/2026-08-23-063822-weka-s7-7.5.b-endurance-all-four-4hr/heatmaps/proc0/TCGA-C8-A8HR-01Z-00-DX1.8E841CA8-1CE2-4242-AC5A-3247075CF8F4.tiff,3866240
244,TCGA-D8-A1XV-01Z-00-DX2.D1988E01-5FDC-4F50-8183-F0CCE74D0CB2,0,4,10104.300169,11410,256,53.818,41287.971,0.740,1709.266,43051.795,kvikio,virchow2,warm,,tiff5x,/home/ec2-user/wsi-cloud/runs/2026-08-23-063822-weka-s7-7.5.b-endurance-all-four-4hr/heatmaps/proc0/TCGA-D8-A1XV-01Z-00-DX2.D1988E01-5FDC-4F50-8183-F0CCE74D0CB2.tiff,7197342
245,TCGA-E9-A1N8-01Z-00-DX1.1243AB1C-75A3-4A5E-9674-53992E6DD377,0,4,10147.352107,11469,256,47.661,41864.089,0.783,1635.217,43547.750,kvikio,virchow2,warm,,tiff5x,/home/ec2-user/wsi-cloud/runs/2026-08-23-063822-weka-s7-7.5.b-endurance-all-four-4hr/heatmaps/proc0/TCGA-E9-A1N8-01Z-00-DX1.1243AB1C-75A3-4A5E-9674-53992E6DD377.tiff,6979870
246,TCGA-S3-AA12-01Z-00-DX1.2A991B9F-E7E6-410B-B0BF-635E3CC40C7E,0,4,10190.899997,19501,256,78.272,72135.336,1.391,2317.831,74532.830,kvikio,virchow2,warm,,tiff5x,/home/ec2-user/wsi-cloud/runs/2026-08-23-063822-weka-s7-7.5.b-endurance-all-four-4hr/heatmaps/proc0/TCGA-S3-AA12-01Z-00-DX1.2A991B9F-E7E6-410B-B0BF-635E3CC40C7E.tiff,10003184
247,TCGA-A1-A0SH-01Z-00-DX1.90E71B08-E1D9-4FC2-85AC-062E56DDF17C,0,4,10265.432975,9373,256,38.816,34597.634,0.584,1846.095,36483.129,kvikio,virchow2,warm,,tiff5x,/home/ec2-user/wsi-cloud/runs/2026-08-23-063822-weka-s7-7.5.b-endurance-all-four-4hr/heatmaps/proc0/TCGA-A1-A0SH-01Z-00-DX1.90E71B08-E1D9-4FC2-85AC-062E56DDF17C.tiff,5543524
248,TCGA-A2-A0SW-01Z-00-DX1.E1EA0407-B831-4D75-826E-80B82B821797,0,4,10301.916254,11161,256,47.562,40185.958,0.737,2845.762,43080.019,kvikio,virchow2,warm,,tiff5x,/home/ec2-user/wsi-cloud/runs/2026-08-23-063822-weka-s7-7.5.b-endurance-all-four-4hr/heatmaps/proc0/TCGA-A2-A0SW-01Z-00-DX1.E1EA0407-B831-4D75-826E-80B82B821797.tiff,7123888
249,TCGA-A7-A426-01Z-00-DX1.3058E873-9442-4872-80DA-E8A5B35054D2,0,4,10344.996420,6044,256,28.007,21734.649,0.716,1470.676,23234.049,kvikio,virchow2,warm,,tiff5x,/home/ec2-user/wsi-cloud/runs/2026-08-23-063822-weka-s7-7.5.b-endurance-all-four-4hr/heatmaps/proc0/TCGA-A7-A426-01Z-00-DX1.3058E873-9442-4872-80DA-E8A5B35054D2.tiff,4029440
250,TCGA-A8-A07B-01Z-00-DX1.950B5E4E-C5F0-4445-9F88-E8C32CDFE6DA,0,4,10368.230607,2205,256,12.080,7924.046,0.621,298.957,8235.704,kvikio,virchow2,warm,,tiff5x,/home/ec2-user/wsi-cloud/runs/2026-08-23-063822-weka-s7-7.5.b-endurance-all-four-4hr/heatmaps/proc0/TCGA-A8-A07B-01Z-00-DX1.950B5E4E-C5F0-4445-9F88-E8C32CDFE6DA.tiff,1475538
251,TCGA-A8-A0A2-01Z-00-DX1.47BCDF13-1065-466A-B7CB-F91F5EAD7D91,0,4,10376.466439,2024,256,9.272,7295.533,0.750,852.446,8158.001,kvikio,virchow2,warm,,tiff5x,/home/ec2-user/wsi-cloud/runs/2026-08-23-063822-weka-s7-7.5.b-endurance-all-four-4hr/heatmaps/proc0/TCGA-A8-A0A2-01Z-00-DX1.47BCDF13-1065-466A-B7CB-F91F5EAD7D91.tiff,1706200
252,TCGA-AQ-A54O-01Z-00-DX1.85AB0AC4-47BB-4CD8-B7FB-5928108864AC,0,4,10384.624572,18572,256,76.590,68103.763,1.343,3083.611,71265.307,kvikio,virchow2,warm,,tiff5x,/home/ec2-user/wsi-cloud/runs/2026-08-23-063822-weka-s7-7.5.b-endurance-all-four-4hr/heatmaps/proc0/TCGA-AQ-A54O-01Z-00-DX1.85AB0AC4-47BB-4CD8-B7FB-5928108864AC.tiff,11780868
253,TCGA-AR-A2LE-01Z-00-DX1.E8E1FC5C-9A4A-463F-81D7-E9A8AF43EAD9,0,4,10455.890040,5213,256,25.681,18975.607,0.562,934.410,19936.261,kvikio,virchow2,warm,,tiff5x,/home/ec2-user/wsi-cloud/runs/2026-08-23-063822-weka-s7-7.5.b-endurance-all-four-4hr/heatmaps/proc0/TCGA-AR-A2LE-01Z-00-DX1.E8E1FC5C-9A4A-463F-81D7-E9A8AF43EAD9.tiff,3533711
254,TCGA-B6-A0WW-01Z-00-DX1.64048633-1D1A-4074-8C50-7641159355DB,0,4,10475.826443,25271,256,109.850,92249.901,1.881,2562.639,94924.271,kvikio,virchow2,warm,,tiff5x,/home/ec2-user/wsi-cloud/runs/2026-08-23-063822-weka-s7-7.5.b-endurance-all-four-4hr/heatmaps/proc0/TCGA-B6-A0WW-01Z-00-DX1.64048633-1D1A-4074-8C50-7641159355DB.tiff,12373810
255,TCGA-BH-A0HQ-01Z-00-DX1.0921FCEF-20A2-4D4B-A198-91AF9F6C814C,0,4,10570.750873,12548,256,59.305,45059.091,0.827,1906.844,47026.067,kvikio,virchow2,warm,,tiff5x,/home/ec2-user/wsi-cloud/runs/2026-08-23-063822-weka-s7-7.5.b-endurance-all-four-4hr/heatmaps/proc0/TCGA-BH-A0HQ-01Z-00-DX1.0921FCEF-20A2-4D4B-A198-91AF9F6C814C.tiff,9033522
256,TCGA-C8-A8HR-01Z-00-DX1.8E841CA8-1CE2-4242-AC5A-3247075CF8F4,0,4,10617.777096,5410,256,27.359,19458.695,0.559,610.436,20097.048,kvikio,virchow2,warm,,tiff5x,/home/ec2-user/wsi-cloud/runs/2026-08-23-063822-weka-s7-7.5.b-endurance-all-four-4hr/heatmaps/proc0/TCGA-C8-A8HR-01Z-00-DX1.8E841CA8-1CE2-4242-AC5A-3247075CF8F4.tiff,3866240
257,TCGA-D8-A1XV-01Z-00-DX2.D1988E01-5FDC-4F50-8183-F0CCE74D0CB2,0,4,10637.874279,11410,256,44.163,41755.112,0.776,1727.490,43527.541,kvikio,virchow2,warm,,tiff5x,/home/ec2-user/wsi-cloud/runs/2026-08-23-063822-weka-s7-7.5.b-endurance-all-four-4hr/heatmaps/proc0/TCGA-D8-A1XV-01Z-00-DX2.D1988E01-5FDC-4F50-8183-F0CCE74D0CB2.tiff,7197342
258,TCGA-E9-A1N8-01Z-00-DX1.1243AB1C-75A3-4A5E-9674-53992E6DD377,0,4,10681.401958,11469,256,46.152,42092.195,0.784,1629.783,43768.914,kvikio,virchow2,warm,,tiff5x,/home/ec2-user/wsi-cloud/runs/2026-08-23-063822-weka-s7-7.5.b-endurance-all-four-4hr/heatmaps/proc0/TCGA-E9-A1N8-01Z-00-DX1.1243AB1C-75A3-4A5E-9674-53992E6DD377.tiff,6979870
259,TCGA-S3-AA12-01Z-00-DX1.2A991B9F-E7E6-410B-B0BF-635E3CC40C7E,0,4,10725.171020,19501,256,83.024,72143.044,1.381,2317.347,74544.795,kvikio,virchow2,warm,,tiff5x,/home/ec2-user/wsi-cloud/runs/2026-08-23-063822-weka-s7-7.5.b-endurance-all-four-4hr/heatmaps/proc0/TCGA-S3-AA12-01Z-00-DX1.2A991B9F-E7E6-410B-B0BF-635E3CC40C7E.tiff,10003184
260,TCGA-A1-A0SH-01Z-00-DX1.90E71B08-E1D9-4FC2-85AC-062E56DDF17C,0,4,10799.715960,9373,256,41.219,34039.456,0.583,1709.799,35791.056,kvikio,virchow2,warm,,tiff5x,/home/ec2-user/wsi-cloud/runs/2026-08-23-063822-weka-s7-7.5.b-endurance-all-four-4hr/heatmaps/proc0/TCGA-A1-A0SH-01Z-00-DX1.90E71B08-E1D9-4FC2-85AC-062E56DDF17C.tiff,5543524
261,TCGA-A2-A0SW-01Z-00-DX1.E1EA0407-B831-4D75-826E-80B82B821797,0,4,10835.507162,11161,256,50.355,41019.772,0.718,2957.507,44028.352,kvikio,virchow2,warm,,tiff5x,/home/ec2-user/wsi-cloud/runs/2026-08-23-063822-weka-s7-7.5.b-endurance-all-four-4hr/heatmaps/proc0/TCGA-A2-A0SW-01Z-00-DX1.E1EA0407-B831-4D75-826E-80B82B821797.tiff,7123888
262,TCGA-A7-A426-01Z-00-DX1.3058E873-9442-4872-80DA-E8A5B35054D2,0,4,10879.535662,6044,256,29.333,22309.961,0.562,1470.040,23809.895,kvikio,virchow2,warm,,tiff5x,/home/ec2-user/wsi-cloud/runs/2026-08-23-063822-weka-s7-7.5.b-endurance-all-four-4hr/heatmaps/proc0/TCGA-A7-A426-01Z-00-DX1.3058E873-9442-4872-80DA-E8A5B35054D2.tiff,4029440
263,TCGA-A8-A07B-01Z-00-DX1.950B5E4E-C5F0-4445-9F88-E8C32CDFE6DA,0,4,10903.345712,2205,256,10.275,8029.026,0.720,311.369,8351.390,kvikio,virchow2,warm,,tiff5x,/home/ec2-user/wsi-cloud/runs/2026-08-23-063822-weka-s7-7.5.b-endurance-all-four-4hr/heatmaps/proc0/TCGA-A8-A07B-01Z-00-DX1.950B5E4E-C5F0-4445-9F88-E8C32CDFE6DA.tiff,1475538
264,TCGA-A8-A0A2-01Z-00-DX1.47BCDF13-1065-466A-B7CB-F91F5EAD7D91,0,4,10911.697229,2024,256,10.208,7365.837,0.857,860.359,8237.261,kvikio,virchow2,warm,,tiff5x,/home/ec2-user/wsi-cloud/runs/2026-08-23-063822-weka-s7-7.5.b-endurance-all-four-4hr/heatmaps/proc0/TCGA-A8-A0A2-01Z-00-DX1.47BCDF13-1065-466A-B7CB-F91F5EAD7D91.tiff,1706200
265,TCGA-AQ-A54O-01Z-00-DX1.85AB0AC4-47BB-4CD8-B7FB-5928108864AC,0,4,10919.934622,18572,256,82.763,67768.609,1.356,3072.311,70925.040,kvikio,virchow2,warm,,tiff5x,/home/ec2-user/wsi-cloud/runs/2026-08-23-063822-weka-s7-7.5.b-endurance-all-four-4hr/heatmaps/proc0/TCGA-AQ-A54O-01Z-00-DX1.85AB0AC4-47BB-4CD8-B7FB-5928108864AC.tiff,11780868
266,TCGA-AR-A2LE-01Z-00-DX1.E8E1FC5C-9A4A-463F-81D7-E9A8AF43EAD9,0,4,10990.859812,5213,256,26.045,19345.517,0.594,937.016,20309.172,kvikio,virchow2,warm,,tiff5x,/home/ec2-user/wsi-cloud/runs/2026-08-23-063822-weka-s7-7.5.b-endurance-all-four-4hr/heatmaps/proc0/TCGA-AR-A2LE-01Z-00-DX1.E8E1FC5C-9A4A-463F-81D7-E9A8AF43EAD9.tiff,3533711
267,TCGA-B6-A0WW-01Z-00-DX1.64048633-1D1A-4074-8C50-7641159355DB,0,4,11011.169123,25271,256,104.792,92870.354,1.841,2539.133,95516.121,kvikio,virchow2,warm,,tiff5x,/home/ec2-user/wsi-cloud/runs/2026-08-23-063822-weka-s7-7.5.b-endurance-all-four-4hr/heatmaps/proc0/TCGA-B6-A0WW-01Z-00-DX1.64048633-1D1A-4074-8C50-7641159355DB.tiff,12373810
268,TCGA-BH-A0HQ-01Z-00-DX1.0921FCEF-20A2-4D4B-A198-91AF9F6C814C,0,4,11106.685389,12548,256,59.224,46240.852,0.818,1855.525,48156.419,kvikio,virchow2,warm,,tiff5x,/home/ec2-user/wsi-cloud/runs/2026-08-23-063822-weka-s7-7.5.b-endurance-all-four-4hr/heatmaps/proc0/TCGA-BH-A0HQ-01Z-00-DX1.0921FCEF-20A2-4D4B-A198-91AF9F6C814C.tiff,9033522
269,TCGA-C8-A8HR-01Z-00-DX1.8E841CA8-1CE2-4242-AC5A-3247075CF8F4,0,4,11154.841963,5410,256,22.623,19725.481,0.568,615.191,20363.862,kvikio,virchow2,warm,,tiff5x,/home/ec2-user/wsi-cloud/runs/2026-08-23-063822-weka-s7-7.5.b-endurance-all-four-4hr/heatmaps/proc0/TCGA-C8-A8HR-01Z-00-DX1.8E841CA8-1CE2-4242-AC5A-3247075CF8F4.tiff,3866240
270,TCGA-D8-A1XV-01Z-00-DX2.D1988E01-5FDC-4F50-8183-F0CCE74D0CB2,0,4,11175.205958,11410,256,43.811,41961.511,0.817,1710.414,43716.554,kvikio,virchow2,warm,,tiff5x,/home/ec2-user/wsi-cloud/runs/2026-08-23-063822-weka-s7-7.5.b-endurance-all-four-4hr/heatmaps/proc0/TCGA-D8-A1XV-01Z-00-DX2.D1988E01-5FDC-4F50-8183-F0CCE74D0CB2.tiff,7197342
271,TCGA-E9-A1N8-01Z-00-DX1.1243AB1C-75A3-4A5E-9674-53992E6DD377,0,4,11218.922655,11469,256,48.679,42515.113,0.830,1684.471,44249.093,kvikio,virchow2,warm,,tiff5x,/home/ec2-user/wsi-cloud/runs/2026-08-23-063822-weka-s7-7.5.b-endurance-all-four-4hr/heatmaps/proc0/TCGA-E9-A1N8-01Z-00-DX1.1243AB1C-75A3-4A5E-9674-53992E6DD377.tiff,6979870
272,TCGA-S3-AA12-01Z-00-DX1.2A991B9F-E7E6-410B-B0BF-635E3CC40C7E,0,4,11263.171914,19501,256,94.179,71863.930,1.416,2313.642,74273.168,kvikio,virchow2,warm,,tiff5x,/home/ec2-user/wsi-cloud/runs/2026-08-23-063822-weka-s7-7.5.b-endurance-all-four-4hr/heatmaps/proc0/TCGA-S3-AA12-01Z-00-DX1.2A991B9F-E7E6-410B-B0BF-635E3CC40C7E.tiff,10003184
273,TCGA-A1-A0SH-01Z-00-DX1.90E71B08-E1D9-4FC2-85AC-062E56DDF17C,0,4,11337.445232,9373,256,39.525,34015.410,0.641,1717.863,35773.440,kvikio,virchow2,warm,,tiff5x,/home/ec2-user/wsi-cloud/runs/2026-08-23-063822-weka-s7-7.5.b-endurance-all-four-4hr/heatmaps/proc0/TCGA-A1-A0SH-01Z-00-DX1.90E71B08-E1D9-4FC2-85AC-062E56DDF17C.tiff,5543524
274,TCGA-A2-A0SW-01Z-00-DX1.E1EA0407-B831-4D75-826E-80B82B821797,0,4,11373.218804,11161,256,45.530,41117.074,0.761,2833.956,43997.321,kvikio,virchow2,warm,,tiff5x,/home/ec2-user/wsi-cloud/runs/2026-08-23-063822-weka-s7-7.5.b-endurance-all-four-4hr/heatmaps/proc0/TCGA-A2-A0SW-01Z-00-DX1.E1EA0407-B831-4D75-826E-80B82B821797.tiff,7123888
275,TCGA-A7-A426-01Z-00-DX1.3058E873-9442-4872-80DA-E8A5B35054D2,0,4,11417.216280,6044,256,28.307,22164.395,0.552,1476.698,23669.952,kvikio,virchow2,warm,,tiff5x,/home/ec2-user/wsi-cloud/runs/2026-08-23-063822-weka-s7-7.5.b-endurance-all-four-4hr/heatmaps/proc0/TCGA-A7-A426-01Z-00-DX1.3058E873-9442-4872-80DA-E8A5B35054D2.tiff,4029440
276,TCGA-A8-A07B-01Z-00-DX1.950B5E4E-C5F0-4445-9F88-E8C32CDFE6DA,0,4,11440.886371,2205,256,11.811,8053.594,0.598,298.748,8364.750,kvikio,virchow2,warm,,tiff5x,/home/ec2-user/wsi-cloud/runs/2026-08-23-063822-weka-s7-7.5.b-endurance-all-four-4hr/heatmaps/proc0/TCGA-A8-A07B-01Z-00-DX1.950B5E4E-C5F0-4445-9F88-E8C32CDFE6DA.tiff,1475538
277,TCGA-A8-A0A2-01Z-00-DX1.47BCDF13-1065-466A-B7CB-F91F5EAD7D91,0,4,11449.251270,2024,256,11.418,7418.042,0.925,881.262,8311.647,kvikio,virchow2,warm,,tiff5x,/home/ec2-user/wsi-cloud/runs/2026-08-23-063822-weka-s7-7.5.b-endurance-all-four-4hr/heatmaps/proc0/TCGA-A8-A0A2-01Z-00-DX1.47BCDF13-1065-466A-B7CB-F91F5EAD7D91.tiff,1706200
278,TCGA-AQ-A54O-01Z-00-DX1.85AB0AC4-47BB-4CD8-B7FB-5928108864AC,0,4,11457.563055,18572,256,82.039,68674.996,1.343,3207.228,71965.606,kvikio,virchow2,warm,,tiff5x,/home/ec2-user/wsi-cloud/runs/2026-08-23-063822-weka-s7-7.5.b-endurance-all-four-4hr/heatmaps/proc0/TCGA-AQ-A54O-01Z-00-DX1.85AB0AC4-47BB-4CD8-B7FB-5928108864AC.tiff,11780868
279,TCGA-AR-A2LE-01Z-00-DX1.E8E1FC5C-9A4A-463F-81D7-E9A8AF43EAD9,0,4,11529.528814,5213,256,25.877,19164.388,0.542,928.261,20119.067,kvikio,virchow2,warm,,tiff5x,/home/ec2-user/wsi-cloud/runs/2026-08-23-063822-weka-s7-7.5.b-endurance-all-four-4hr/heatmaps/proc0/TCGA-AR-A2LE-01Z-00-DX1.E8E1FC5C-9A4A-463F-81D7-E9A8AF43EAD9.tiff,3533711
280,TCGA-B6-A0WW-01Z-00-DX1.64048633-1D1A-4074-8C50-7641159355DB,0,4,11549.648035,25271,256,114.550,93483.279,1.819,2553.528,96153.176,kvikio,virchow2,warm,,tiff5x,/home/ec2-user/wsi-cloud/runs/2026-08-23-063822-weka-s7-7.5.b-endurance-all-four-4hr/heatmaps/proc0/TCGA-B6-A0WW-01Z-00-DX1.64048633-1D1A-4074-8C50-7641159355DB.tiff,12373810
281,TCGA-BH-A0HQ-01Z-00-DX1.0921FCEF-20A2-4D4B-A198-91AF9F6C814C,0,4,11645.801367,12548,256,55.381,46428.044,0.858,1847.149,48331.433,kvikio,virchow2,warm,,tiff5x,/home/ec2-user/wsi-cloud/runs/2026-08-23-063822-weka-s7-7.5.b-endurance-all-four-4hr/heatmaps/proc0/TCGA-BH-A0HQ-01Z-00-DX1.0921FCEF-20A2-4D4B-A198-91AF9F6C814C.tiff,9033522
282,TCGA-C8-A8HR-01Z-00-DX1.8E841CA8-1CE2-4242-AC5A-3247075CF8F4,0,4,11694.132951,5410,256,25.886,20025.804,0.629,624.314,20676.634,kvikio,virchow2,warm,,tiff5x,/home/ec2-user/wsi-cloud/runs/2026-08-23-063822-weka-s7-7.5.b-endurance-all-four-4hr/heatmaps/proc0/TCGA-C8-A8HR-01Z-00-DX1.8E841CA8-1CE2-4242-AC5A-3247075CF8F4.tiff,3866240
283,TCGA-D8-A1XV-01Z-00-DX2.D1988E01-5FDC-4F50-8183-F0CCE74D0CB2,0,4,11714.809734,11410,256,47.302,41420.145,0.928,1729.521,43197.897,kvikio,virchow2,warm,,tiff5x,/home/ec2-user/wsi-cloud/runs/2026-08-23-063822-weka-s7-7.5.b-endurance-all-four-4hr/heatmaps/proc0/TCGA-D8-A1XV-01Z-00-DX2.D1988E01-5FDC-4F50-8183-F0CCE74D0CB2.tiff,7197342
284,TCGA-E9-A1N8-01Z-00-DX1.1243AB1C-75A3-4A5E-9674-53992E6DD377,0,4,11758.007780,11469,256,52.242,41826.252,1.059,1726.561,43606.115,kvikio,virchow2,warm,,tiff5x,/home/ec2-user/wsi-cloud/runs/2026-08-23-063822-weka-s7-7.5.b-endurance-all-four-4hr/heatmaps/proc0/TCGA-E9-A1N8-01Z-00-DX1.1243AB1C-75A3-4A5E-9674-53992E6DD377.tiff,6979870
285,TCGA-S3-AA12-01Z-00-DX1.2A991B9F-E7E6-410B-B0BF-635E3CC40C7E,0,4,11801.614044,19501,256,80.081,72328.823,1.391,2332.332,74742.628,kvikio,virchow2,warm,,tiff5x,/home/ec2-user/wsi-cloud/runs/2026-08-23-063822-weka-s7-7.5.b-endurance-all-four-4hr/heatmaps/proc0/TCGA-S3-AA12-01Z-00-DX1.2A991B9F-E7E6-410B-B0BF-635E3CC40C7E.tiff,10003184
286,TCGA-A1-A0SH-01Z-00-DX1.90E71B08-E1D9-4FC2-85AC-062E56DDF17C,0,4,11876.356819,9373,256,42.531,34145.930,0.649,1728.405,35917.515,kvikio,virchow2,warm,,tiff5x,/home/ec2-user/wsi-cloud/runs/2026-08-23-063822-weka-s7-7.5.b-endurance-all-four-4hr/heatmaps/proc0/TCGA-A1-A0SH-01Z-00-DX1.90E71B08-E1D9-4FC2-85AC-062E56DDF17C.tiff,5543524
287,TCGA-A2-A0SW-01Z-00-DX1.E1EA0407-B831-4D75-826E-80B82B821797,0,4,11912.274483,11161,256,50.740,40491.629,0.831,2844.305,43387.505,kvikio,virchow2,warm,,tiff5x,/home/ec2-user/wsi-cloud/runs/2026-08-23-063822-weka-s7-7.5.b-endurance-all-four-4hr/heatmaps/proc0/TCGA-A2-A0SW-01Z-00-DX1.E1EA0407-B831-4D75-826E-80B82B821797.tiff,7123888
288,TCGA-A7-A426-01Z-00-DX1.3058E873-9442-4872-80DA-E8A5B35054D2,0,4,11955.662153,6044,256,29.784,22307.887,0.543,1476.136,23814.351,kvikio,virchow2,warm,,tiff5x,/home/ec2-user/wsi-cloud/runs/2026-08-23-063822-weka-s7-7.5.b-endurance-all-four-4hr/heatmaps/proc0/TCGA-A7-A426-01Z-00-DX1.3058E873-9442-4872-80DA-E8A5B35054D2.tiff,4029440
289,TCGA-A8-A07B-01Z-00-DX1.950B5E4E-C5F0-4445-9F88-E8C32CDFE6DA,0,4,11979.476658,2205,256,12.466,8140.115,0.655,298.438,8451.674,kvikio,virchow2,warm,,tiff5x,/home/ec2-user/wsi-cloud/runs/2026-08-23-063822-weka-s7-7.5.b-endurance-all-four-4hr/heatmaps/proc0/TCGA-A8-A07B-01Z-00-DX1.950B5E4E-C5F0-4445-9F88-E8C32CDFE6DA.tiff,1475538
290,TCGA-A8-A0A2-01Z-00-DX1.47BCDF13-1065-466A-B7CB-F91F5EAD7D91,0,4,11987.928471,2024,256,11.657,7488.843,0.797,867.419,8368.716,kvikio,virchow2,warm,,tiff5x,/home/ec2-user/wsi-cloud/runs/2026-08-23-063822-weka-s7-7.5.b-endurance-all-four-4hr/heatmaps/proc0/TCGA-A8-A0A2-01Z-00-DX1.47BCDF13-1065-466A-B7CB-F91F5EAD7D91.tiff,1706200
291,TCGA-AQ-A54O-01Z-00-DX1.85AB0AC4-47BB-4CD8-B7FB-5928108864AC,0,4,11996.297314,18572,256,76.397,68687.667,1.355,3184.134,71949.553,kvikio,virchow2,warm,,tiff5x,/home/ec2-user/wsi-cloud/runs/2026-08-23-063822-weka-s7-7.5.b-endurance-all-four-4hr/heatmaps/proc0/TCGA-AQ-A54O-01Z-00-DX1.85AB0AC4-47BB-4CD8-B7FB-5928108864AC.tiff,11780868
292,TCGA-AR-A2LE-01Z-00-DX1.E8E1FC5C-9A4A-463F-81D7-E9A8AF43EAD9,0,4,12068.247022,5213,256,24.714,18909.254,0.537,937.031,19871.537,kvikio,virchow2,warm,,tiff5x,/home/ec2-user/wsi-cloud/runs/2026-08-23-063822-weka-s7-7.5.b-endurance-all-four-4hr/heatmaps/proc0/TCGA-AR-A2LE-01Z-00-DX1.E8E1FC5C-9A4A-463F-81D7-E9A8AF43EAD9.tiff,3533711
293,TCGA-B6-A0WW-01Z-00-DX1.64048633-1D1A-4074-8C50-7641159355DB,0,4,12088.118704,25271,256,107.473,92382.890,1.881,2542.919,95035.164,kvikio,virchow2,warm,,tiff5x,/home/ec2-user/wsi-cloud/runs/2026-08-23-063822-weka-s7-7.5.b-endurance-all-four-4hr/heatmaps/proc0/TCGA-B6-A0WW-01Z-00-DX1.64048633-1D1A-4074-8C50-7641159355DB.tiff,12373810
294,TCGA-BH-A0HQ-01Z-00-DX1.0921FCEF-20A2-4D4B-A198-91AF9F6C814C,0,4,12183.154015,12548,256,52.000,46113.312,0.847,1835.678,48001.836,kvikio,virchow2,warm,,tiff5x,/home/ec2-user/wsi-cloud/runs/2026-08-23-063822-weka-s7-7.5.b-endurance-all-four-4hr/heatmaps/proc0/TCGA-BH-A0HQ-01Z-00-DX1.0921FCEF-20A2-4D4B-A198-91AF9F6C814C.tiff,9033522
295,TCGA-C8-A8HR-01Z-00-DX1.8E841CA8-1CE2-4242-AC5A-3247075CF8F4,0,4,12231.155994,5410,256,26.052,20105.339,0.576,615.357,20747.324,kvikio,virchow2,warm,,tiff5x,/home/ec2-user/wsi-cloud/runs/2026-08-23-063822-weka-s7-7.5.b-endurance-all-four-4hr/heatmaps/proc0/TCGA-C8-A8HR-01Z-00-DX1.8E841CA8-1CE2-4242-AC5A-3247075CF8F4.tiff,3866240
296,TCGA-D8-A1XV-01Z-00-DX2.D1988E01-5FDC-4F50-8183-F0CCE74D0CB2,0,4,12251.903451,11410,256,55.283,41901.523,0.801,1727.453,43685.059,kvikio,virchow2,warm,,tiff5x,/home/ec2-user/wsi-cloud/runs/2026-08-23-063822-weka-s7-7.5.b-endurance-all-four-4hr/heatmaps/proc0/TCGA-D8-A1XV-01Z-00-DX2.D1988E01-5FDC-4F50-8183-F0CCE74D0CB2.tiff,7197342
297,TCGA-E9-A1N8-01Z-00-DX1.1243AB1C-75A3-4A5E-9674-53992E6DD377,0,4,12295.588671,11469,256,52.018,42334.927,0.939,1641.903,44029.787,kvikio,virchow2,warm,,tiff5x,/home/ec2-user/wsi-cloud/runs/2026-08-23-063822-weka-s7-7.5.b-endurance-all-four-4hr/heatmaps/proc0/TCGA-E9-A1N8-01Z-00-DX1.1243AB1C-75A3-4A5E-9674-53992E6DD377.tiff,6979870
298,TCGA-S3-AA12-01Z-00-DX1.2A991B9F-E7E6-410B-B0BF-635E3CC40C7E,0,4,12339.618604,19501,256,82.489,71983.803,1.412,2323.938,74391.642,kvikio,virchow2,warm,,tiff5x,/home/ec2-user/wsi-cloud/runs/2026-08-23-063822-weka-s7-7.5.b-endurance-all-four-4hr/heatmaps/proc0/TCGA-S3-AA12-01Z-00-DX1.2A991B9F-E7E6-410B-B0BF-635E3CC40C7E.tiff,10003184
299,TCGA-A1-A0SH-01Z-00-DX1.90E71B08-E1D9-4FC2-85AC-062E56DDF17C,0,4,12414.010407,9373,256,50.009,34598.336,0.783,1720.601,36369.729,kvikio,virchow2,warm,,tiff5x,/home/ec2-user/wsi-cloud/runs/2026-08-23-063822-weka-s7-7.5.b-endurance-all-four-4hr/heatmaps/proc0/TCGA-A1-A0SH-01Z-00-DX1.90E71B08-E1D9-4FC2-85AC-062E56DDF17C.tiff,5543524
300,TCGA-A2-A0SW-01Z-00-DX1.E1EA0407-B831-4D75-826E-80B82B821797,0,4,12450.380279,11161,256,45.986,41211.434,0.943,2933.242,44191.605,kvikio,virchow2,warm,,tiff5x,/home/ec2-user/wsi-cloud/runs/2026-08-23-063822-weka-s7-7.5.b-endurance-all-four-4hr/heatmaps/proc0/TCGA-A2-A0SW-01Z-00-DX1.E1EA0407-B831-4D75-826E-80B82B821797.tiff,7123888
301,TCGA-A7-A426-01Z-00-DX1.3058E873-9442-4872-80DA-E8A5B35054D2,0,4,12494.572036,6044,256,28.451,21873.901,0.721,1466.968,23370.041,kvikio,virchow2,warm,,tiff5x,/home/ec2-user/wsi-cloud/runs/2026-08-23-063822-weka-s7-7.5.b-endurance-all-four-4hr/heatmaps/proc0/TCGA-A7-A426-01Z-00-DX1.3058E873-9442-4872-80DA-E8A5B35054D2.tiff,4029440
302,TCGA-A8-A07B-01Z-00-DX1.950B5E4E-C5F0-4445-9F88-E8C32CDFE6DA,0,4,12517.942206,2205,256,9.715,8022.880,0.595,296.021,8329.211,kvikio,virchow2,warm,,tiff5x,/home/ec2-user/wsi-cloud/runs/2026-08-23-063822-weka-s7-7.5.b-endurance-all-four-4hr/heatmaps/proc0/TCGA-A8-A07B-01Z-00-DX1.950B5E4E-C5F0-4445-9F88-E8C32CDFE6DA.tiff,1475538
303,TCGA-A8-A0A2-01Z-00-DX1.47BCDF13-1065-466A-B7CB-F91F5EAD7D91,0,4,12526.271553,2024,256,11.128,7392.379,0.993,871.688,8276.189,kvikio,virchow2,warm,,tiff5x,/home/ec2-user/wsi-cloud/runs/2026-08-23-063822-weka-s7-7.5.b-endurance-all-four-4hr/heatmaps/proc0/TCGA-A8-A0A2-01Z-00-DX1.47BCDF13-1065-466A-B7CB-F91F5EAD7D91.tiff,1706200
304,TCGA-AQ-A54O-01Z-00-DX1.85AB0AC4-47BB-4CD8-B7FB-5928108864AC,0,4,12534.547869,18572,256,74.693,68583.416,1.339,3082.724,71742.171,kvikio,virchow2,warm,,tiff5x,/home/ec2-user/wsi-cloud/runs/2026-08-23-063822-weka-s7-7.5.b-endurance-all-four-4hr/heatmaps/proc0/TCGA-AQ-A54O-01Z-00-DX1.85AB0AC4-47BB-4CD8-B7FB-5928108864AC.tiff,11780868
305,TCGA-AR-A2LE-01Z-00-DX1.E8E1FC5C-9A4A-463F-81D7-E9A8AF43EAD9,0,4,12606.290198,5213,256,24.287,19036.116,0.542,926.026,19986.971,kvikio,virchow2,warm,,tiff5x,/home/ec2-user/wsi-cloud/runs/2026-08-23-063822-weka-s7-7.5.b-endurance-all-four-4hr/heatmaps/proc0/TCGA-AR-A2LE-01Z-00-DX1.E8E1FC5C-9A4A-463F-81D7-E9A8AF43EAD9.tiff,3533711
306,TCGA-B6-A0WW-01Z-00-DX1.64048633-1D1A-4074-8C50-7641159355DB,0,4,12626.277305,25271,256,106.403,92768.011,1.959,2632.359,95508.731,kvikio,virchow2,warm,,tiff5x,/home/ec2-user/wsi-cloud/runs/2026-08-23-063822-weka-s7-7.5.b-endurance-all-four-4hr/heatmaps/proc0/TCGA-B6-A0WW-01Z-00-DX1.64048633-1D1A-4074-8C50-7641159355DB.tiff,12373810
307,TCGA-BH-A0HQ-01Z-00-DX1.0921FCEF-20A2-4D4B-A198-91AF9F6C814C,0,4,12721.786201,12548,256,53.475,46408.399,0.844,1853.186,48315.904,kvikio,virchow2,warm,,tiff5x,/home/ec2-user/wsi-cloud/runs/2026-08-23-063822-weka-s7-7.5.b-endurance-all-four-4hr/heatmaps/proc0/TCGA-BH-A0HQ-01Z-00-DX1.0921FCEF-20A2-4D4B-A198-91AF9F6C814C.tiff,9033522
308,TCGA-C8-A8HR-01Z-00-DX1.8E841CA8-1CE2-4242-AC5A-3247075CF8F4,0,4,12770.102252,5410,256,30.578,19693.763,0.524,612.107,20336.972,kvikio,virchow2,warm,,tiff5x,/home/ec2-user/wsi-cloud/runs/2026-08-23-063822-weka-s7-7.5.b-endurance-all-four-4hr/heatmaps/proc0/TCGA-C8-A8HR-01Z-00-DX1.8E841CA8-1CE2-4242-AC5A-3247075CF8F4.tiff,3866240
309,TCGA-D8-A1XV-01Z-00-DX2.D1988E01-5FDC-4F50-8183-F0CCE74D0CB2,0,4,12790.439361,11410,256,46.216,41083.783,0.737,1707.392,42838.127,kvikio,virchow2,warm,,tiff5x,/home/ec2-user/wsi-cloud/runs/2026-08-23-063822-weka-s7-7.5.b-endurance-all-four-4hr/heatmaps/proc0/TCGA-D8-A1XV-01Z-00-DX2.D1988E01-5FDC-4F50-8183-F0CCE74D0CB2.tiff,7197342
310,TCGA-E9-A1N8-01Z-00-DX1.1243AB1C-75A3-4A5E-9674-53992E6DD377,0,4,12833.277632,11469,256,49.494,41217.315,0.808,1740.306,43007.923,kvikio,virchow2,warm,,tiff5x,/home/ec2-user/wsi-cloud/runs/2026-08-23-063822-weka-s7-7.5.b-endurance-all-four-4hr/heatmaps/proc0/TCGA-E9-A1N8-01Z-00-DX1.1243AB1C-75A3-4A5E-9674-53992E6DD377.tiff,6979870
311,TCGA-S3-AA12-01Z-00-DX1.2A991B9F-E7E6-410B-B0BF-635E3CC40C7E,0,4,12876.285712,19501,256,86.214,70938.101,1.410,2315.594,73341.319,kvikio,virchow2,warm,,tiff5x,/home/ec2-user/wsi-cloud/runs/2026-08-23-063822-weka-s7-7.5.b-endurance-all-four-4hr/heatmaps/proc0/TCGA-S3-AA12-01Z-00-DX1.2A991B9F-E7E6-410B-B0BF-635E3CC40C7E.tiff,10003184
312,TCGA-A1-A0SH-01Z-00-DX1.90E71B08-E1D9-4FC2-85AC-062E56DDF17C,0,4,12949.627182,9373,256,41.092,34384.633,0.944,1726.590,36153.260,kvikio,virchow2,warm,,tiff5x,/home/ec2-user/wsi-cloud/runs/2026-08-23-063822-weka-s7-7.5.b-endurance-all-four-4hr/heatmaps/proc0/TCGA-A1-A0SH-01Z-00-DX1.90E71B08-E1D9-4FC2-85AC-062E56DDF17C.tiff,5543524
313,TCGA-A2-A0SW-01Z-00-DX1.E1EA0407-B831-4D75-826E-80B82B821797,0,4,12985.780589,11161,256,48.164,40038.354,1.016,2918.003,43005.536,kvikio,virchow2,warm,,tiff5x,/home/ec2-user/wsi-cloud/runs/2026-08-23-063822-weka-s7-7.5.b-endurance-all-four-4hr/heatmaps/proc0/TCGA-A2-A0SW-01Z-00-DX1.E1EA0407-B831-4D75-826E-80B82B821797.tiff,7123888
314,TCGA-A7-A426-01Z-00-DX1.3058E873-9442-4872-80DA-E8A5B35054D2,0,4,13028.786290,6044,256,28.981,21593.829,0.590,1475.193,23098.593,kvikio,virchow2,warm,,tiff5x,/home/ec2-user/wsi-cloud/runs/2026-08-23-063822-weka-s7-7.5.b-endurance-all-four-4hr/heatmaps/proc0/TCGA-A7-A426-01Z-00-DX1.3058E873-9442-4872-80DA-E8A5B35054D2.tiff,4029440
315,TCGA-A8-A07B-01Z-00-DX1.950B5E4E-C5F0-4445-9F88-E8C32CDFE6DA,0,4,13051.885019,2205,256,12.831,7879.930,0.531,301.041,8194.332,kvikio,virchow2,warm,,tiff5x,/home/ec2-user/wsi-cloud/runs/2026-08-23-063822-weka-s7-7.5.b-endurance-all-four-4hr/heatmaps/proc0/TCGA-A8-A07B-01Z-00-DX1.950B5E4E-C5F0-4445-9F88-E8C32CDFE6DA.tiff,1475538
316,TCGA-A8-A0A2-01Z-00-DX1.47BCDF13-1065-466A-B7CB-F91F5EAD7D91,0,4,13060.079480,2024,256,9.475,7253.244,0.553,849.433,8112.706,kvikio,virchow2,warm,,tiff5x,/home/ec2-user/wsi-cloud/runs/2026-08-23-063822-weka-s7-7.5.b-endurance-all-four-4hr/heatmaps/proc0/TCGA-A8-A0A2-01Z-00-DX1.47BCDF13-1065-466A-B7CB-F91F5EAD7D91.tiff,1706200
317,TCGA-AQ-A54O-01Z-00-DX1.85AB0AC4-47BB-4CD8-B7FB-5928108864AC,0,4,13068.192322,18572,256,74.664,67398.272,1.356,3066.028,70540.320,kvikio,virchow2,warm,,tiff5x,/home/ec2-user/wsi-cloud/runs/2026-08-23-063822-weka-s7-7.5.b-endurance-all-four-4hr/heatmaps/proc0/TCGA-AQ-A54O-01Z-00-DX1.85AB0AC4-47BB-4CD8-B7FB-5928108864AC.tiff,11780868
318,TCGA-AR-A2LE-01Z-00-DX1.E8E1FC5C-9A4A-463F-81D7-E9A8AF43EAD9,0,4,13138.732797,5213,256,28.484,19170.402,0.555,929.750,20129.191,kvikio,virchow2,warm,,tiff5x,/home/ec2-user/wsi-cloud/runs/2026-08-23-063822-weka-s7-7.5.b-endurance-all-four-4hr/heatmaps/proc0/TCGA-AR-A2LE-01Z-00-DX1.E8E1FC5C-9A4A-463F-81D7-E9A8AF43EAD9.tiff,3533711
319,TCGA-B6-A0WW-01Z-00-DX1.64048633-1D1A-4074-8C50-7641159355DB,0,4,13158.862129,25271,256,102.757,92462.183,1.971,2539.373,95106.283,kvikio,virchow2,warm,,tiff5x,/home/ec2-user/wsi-cloud/runs/2026-08-23-063822-weka-s7-7.5.b-endurance-all-four-4hr/heatmaps/proc0/TCGA-B6-A0WW-01Z-00-DX1.64048633-1D1A-4074-8C50-7641159355DB.tiff,12373810
320,TCGA-BH-A0HQ-01Z-00-DX1.0921FCEF-20A2-4D4B-A198-91AF9F6C814C,0,4,13253.968569,12548,256,57.603,45841.013,0.853,1835.589,47735.058,kvikio,virchow2,warm,,tiff5x,/home/ec2-user/wsi-cloud/runs/2026-08-23-063822-weka-s7-7.5.b-endurance-all-four-4hr/heatmaps/proc0/TCGA-BH-A0HQ-01Z-00-DX1.0921FCEF-20A2-4D4B-A198-91AF9F6C814C.tiff,9033522
321,TCGA-C8-A8HR-01Z-00-DX1.8E841CA8-1CE2-4242-AC5A-3247075CF8F4,0,4,13301.703959,5410,256,21.995,19942.579,0.592,622.409,20587.575,kvikio,virchow2,warm,,tiff5x,/home/ec2-user/wsi-cloud/runs/2026-08-23-063822-weka-s7-7.5.b-endurance-all-four-4hr/heatmaps/proc0/TCGA-C8-A8HR-01Z-00-DX1.8E841CA8-1CE2-4242-AC5A-3247075CF8F4.tiff,3866240
322,TCGA-D8-A1XV-01Z-00-DX2.D1988E01-5FDC-4F50-8183-F0CCE74D0CB2,0,4,13322.291668,11410,256,48.915,42381.960,0.754,1714.404,44146.033,kvikio,virchow2,warm,,tiff5x,/home/ec2-user/wsi-cloud/runs/2026-08-23-063822-weka-s7-7.5.b-endurance-all-four-4hr/heatmaps/proc0/TCGA-D8-A1XV-01Z-00-DX2.D1988E01-5FDC-4F50-8183-F0CCE74D0CB2.tiff,7197342
323,TCGA-E9-A1N8-01Z-00-DX1.1243AB1C-75A3-4A5E-9674-53992E6DD377,0,4,13366.437846,11469,256,45.453,42335.757,0.806,1735.167,44117.182,kvikio,virchow2,warm,,tiff5x,/home/ec2-user/wsi-cloud/runs/2026-08-23-063822-weka-s7-7.5.b-endurance-all-four-4hr/heatmaps/proc0/TCGA-E9-A1N8-01Z-00-DX1.1243AB1C-75A3-4A5E-9674-53992E6DD377.tiff,6979870
324,TCGA-S3-AA12-01Z-00-DX1.2A991B9F-E7E6-410B-B0BF-635E3CC40C7E,0,4,13410.555183,19501,256,81.478,71879.173,1.421,2431.961,74394.034,kvikio,virchow2,warm,,tiff5x,/home/ec2-user/wsi-cloud/runs/2026-08-23-063822-weka-s7-7.5.b-endurance-all-four-4hr/heatmaps/proc0/TCGA-S3-AA12-01Z-00-DX1.2A991B9F-E7E6-410B-B0BF-635E3CC40C7E.tiff,10003184
325,TCGA-A1-A0SH-01Z-00-DX1.90E71B08-E1D9-4FC2-85AC-062E56DDF17C,0,4,13484.949551,9373,256,44.346,34510.837,0.619,1745.147,36300.949,kvikio,virchow2,warm,,tiff5x,/home/ec2-user/wsi-cloud/runs/2026-08-23-063822-weka-s7-7.5.b-endurance-all-four-4hr/heatmaps/proc0/TCGA-A1-A0SH-01Z-00-DX1.90E71B08-E1D9-4FC2-85AC-062E56DDF17C.tiff,5543524
326,TCGA-A2-A0SW-01Z-00-DX1.E1EA0407-B831-4D75-826E-80B82B821797,0,4,13521.250640,11161,256,46.582,41383.296,0.746,2820.024,44250.648,kvikio,virchow2,warm,,tiff5x,/home/ec2-user/wsi-cloud/runs/2026-08-23-063822-weka-s7-7.5.b-endurance-all-four-4hr/heatmaps/proc0/TCGA-A2-A0SW-01Z-00-DX1.E1EA0407-B831-4D75-826E-80B82B821797.tiff,7123888
327,TCGA-A7-A426-01Z-00-DX1.3058E873-9442-4872-80DA-E8A5B35054D2,0,4,13565.501427,6044,256,28.885,22324.486,0.994,1547.474,23901.839,kvikio,virchow2,warm,,tiff5x,/home/ec2-user/wsi-cloud/runs/2026-08-23-063822-weka-s7-7.5.b-endurance-all-four-4hr/heatmaps/proc0/TCGA-A7-A426-01Z-00-DX1.3058E873-9442-4872-80DA-E8A5B35054D2.tiff,4029440
328,TCGA-A8-A07B-01Z-00-DX1.950B5E4E-C5F0-4445-9F88-E8C32CDFE6DA,0,4,13589.403414,2205,256,12.106,8028.972,0.565,299.901,8341.543,kvikio,virchow2,warm,,tiff5x,/home/ec2-user/wsi-cloud/runs/2026-08-23-063822-weka-s7-7.5.b-endurance-all-four-4hr/heatmaps/proc0/TCGA-A8-A07B-01Z-00-DX1.950B5E4E-C5F0-4445-9F88-E8C32CDFE6DA.tiff,1475538
329,TCGA-A8-A0A2-01Z-00-DX1.47BCDF13-1065-466A-B7CB-F91F5EAD7D91,0,4,13597.745097,2024,256,11.165,7421.625,0.585,856.316,8289.691,kvikio,virchow2,warm,,tiff5x,/home/ec2-user/wsi-cloud/runs/2026-08-23-063822-weka-s7-7.5.b-endurance-all-four-4hr/heatmaps/proc0/TCGA-A8-A0A2-01Z-00-DX1.47BCDF13-1065-466A-B7CB-F91F5EAD7D91.tiff,1706200
330,TCGA-AQ-A54O-01Z-00-DX1.85AB0AC4-47BB-4CD8-B7FB-5928108864AC,0,4,13606.034915,18572,256,76.722,68474.519,1.329,3062.523,71615.092,kvikio,virchow2,warm,,tiff5x,/home/ec2-user/wsi-cloud/runs/2026-08-23-063822-weka-s7-7.5.b-endurance-all-four-4hr/heatmaps/proc0/TCGA-AQ-A54O-01Z-00-DX1.85AB0AC4-47BB-4CD8-B7FB-5928108864AC.tiff,11780868
331,TCGA-AR-A2LE-01Z-00-DX1.E8E1FC5C-9A4A-463F-81D7-E9A8AF43EAD9,0,4,13677.650156,5213,256,22.572,18755.881,0.611,944.556,19723.619,kvikio,virchow2,warm,,tiff5x,/home/ec2-user/wsi-cloud/runs/2026-08-23-063822-weka-s7-7.5.b-endurance-all-four-4hr/heatmaps/proc0/TCGA-AR-A2LE-01Z-00-DX1.E8E1FC5C-9A4A-463F-81D7-E9A8AF43EAD9.tiff,3533711
332,TCGA-B6-A0WW-01Z-00-DX1.64048633-1D1A-4074-8C50-7641159355DB,0,4,13697.373923,25271,256,106.971,91579.837,1.828,2535.953,94224.589,kvikio,virchow2,warm,,tiff5x,/home/ec2-user/wsi-cloud/runs/2026-08-23-063822-weka-s7-7.5.b-endurance-all-four-4hr/heatmaps/proc0/TCGA-B6-A0WW-01Z-00-DX1.64048633-1D1A-4074-8C50-7641159355DB.tiff,12373810
333,TCGA-BH-A0HQ-01Z-00-DX1.0921FCEF-20A2-4D4B-A198-91AF9F6C814C,0,4,13791.598653,12548,256,59.317,46145.410,0.834,1827.367,48032.929,kvikio,virchow2,warm,,tiff5x,/home/ec2-user/wsi-cloud/runs/2026-08-23-063822-weka-s7-7.5.b-endurance-all-four-4hr/heatmaps/proc0/TCGA-BH-A0HQ-01Z-00-DX1.0921FCEF-20A2-4D4B-A198-91AF9F6C814C.tiff,9033522
334,TCGA-C8-A8HR-01Z-00-DX1.8E841CA8-1CE2-4242-AC5A-3247075CF8F4,0,4,13839.631728,5410,256,23.827,19917.545,0.553,616.280,20558.205,kvikio,virchow2,warm,,tiff5x,/home/ec2-user/wsi-cloud/runs/2026-08-23-063822-weka-s7-7.5.b-endurance-all-four-4hr/heatmaps/proc0/TCGA-C8-A8HR-01Z-00-DX1.8E841CA8-1CE2-4242-AC5A-3247075CF8F4.tiff,3866240
335,TCGA-D8-A1XV-01Z-00-DX2.D1988E01-5FDC-4F50-8183-F0CCE74D0CB2,0,4,13860.190063,11410,256,46.358,42207.335,0.755,1721.637,43976.085,kvikio,virchow2,warm,,tiff5x,/home/ec2-user/wsi-cloud/runs/2026-08-23-063822-weka-s7-7.5.b-endurance-all-four-4hr/heatmaps/proc0/TCGA-D8-A1XV-01Z-00-DX2.D1988E01-5FDC-4F50-8183-F0CCE74D0CB2.tiff,7197342
336,TCGA-E9-A1N8-01Z-00-DX1.1243AB1C-75A3-4A5E-9674-53992E6DD377,0,4,13904.166290,11469,256,48.228,41941.217,0.883,1652.749,43643.076,kvikio,virchow2,warm,,tiff5x,/home/ec2-user/wsi-cloud/runs/2026-08-23-063822-weka-s7-7.5.b-endurance-all-four-4hr/heatmaps/proc0/TCGA-E9-A1N8-01Z-00-DX1.1243AB1C-75A3-4A5E-9674-53992E6DD377.tiff,6979870
337,TCGA-S3-AA12-01Z-00-DX1.2A991B9F-E7E6-410B-B0BF-635E3CC40C7E,0,4,13947.809507,19501,256,81.760,72220.705,1.394,2438.732,74742.591,kvikio,virchow2,warm,,tiff5x,/home/ec2-user/wsi-cloud/runs/2026-08-23-063822-weka-s7-7.5.b-endurance-all-four-4hr/heatmaps/proc0/TCGA-S3-AA12-01Z-00-DX1.2A991B9F-E7E6-410B-B0BF-635E3CC40C7E.tiff,10003184
338,TCGA-A1-A0SH-01Z-00-DX1.90E71B08-E1D9-4FC2-85AC-062E56DDF17C,0,4,14022.552249,9373,256,37.598,34680.718,0.594,1721.571,36440.481,kvikio,virchow2,warm,,tiff5x,/home/ec2-user/wsi-cloud/runs/2026-08-23-063822-weka-s7-7.5.b-endurance-all-four-4hr/heatmaps/proc0/TCGA-A1-A0SH-01Z-00-DX1.90E71B08-E1D9-4FC2-85AC-062E56DDF17C.tiff,5543524
339,TCGA-A2-A0SW-01Z-00-DX1.E1EA0407-B831-4D75-826E-80B82B821797,0,4,14058.992867,11161,256,49.461,41119.252,0.732,2830.775,44000.221,kvikio,virchow2,warm,,tiff5x,/home/ec2-user/wsi-cloud/runs/2026-08-23-063822-weka-s7-7.5.b-endurance-all-four-4hr/heatmaps/proc0/TCGA-A2-A0SW-01Z-00-DX1.E1EA0407-B831-4D75-826E-80B82B821797.tiff,7123888
340,TCGA-A7-A426-01Z-00-DX1.3058E873-9442-4872-80DA-E8A5B35054D2,0,4,14102.993235,6044,256,27.835,22346.149,0.590,1473.543,23848.117,kvikio,virchow2,warm,,tiff5x,/home/ec2-user/wsi-cloud/runs/2026-08-23-063822-weka-s7-7.5.b-endurance-all-four-4hr/heatmaps/proc0/TCGA-A7-A426-01Z-00-DX1.3058E873-9442-4872-80DA-E8A5B35054D2.tiff,4029440
341,TCGA-A8-A07B-01Z-00-DX1.950B5E4E-C5F0-4445-9F88-E8C32CDFE6DA,0,4,14126.841504,2205,256,13.159,8113.563,0.581,305.223,8432.525,kvikio,virchow2,warm,,tiff5x,/home/ec2-user/wsi-cloud/runs/2026-08-23-063822-weka-s7-7.5.b-endurance-all-four-4hr/heatmaps/proc0/TCGA-A8-A07B-01Z-00-DX1.950B5E4E-C5F0-4445-9F88-E8C32CDFE6DA.tiff,1475538
342,TCGA-A8-A0A2-01Z-00-DX1.47BCDF13-1065-466A-B7CB-F91F5EAD7D91,0,4,14135.274165,2024,256,10.674,7472.842,0.754,864.425,8348.695,kvikio,virchow2,warm,,tiff5x,/home/ec2-user/wsi-cloud/runs/2026-08-23-063822-weka-s7-7.5.b-endurance-all-four-4hr/heatmaps/proc0/TCGA-A8-A0A2-01Z-00-DX1.47BCDF13-1065-466A-B7CB-F91F5EAD7D91.tiff,1706200
343,TCGA-AQ-A54O-01Z-00-DX1.85AB0AC4-47BB-4CD8-B7FB-5928108864AC,0,4,14143.622999,18572,256,83.885,68753.276,1.352,3077.293,71915.807,kvikio,virchow2,warm,,tiff5x,/home/ec2-user/wsi-cloud/runs/2026-08-23-063822-weka-s7-7.5.b-endurance-all-four-4hr/heatmaps/proc0/TCGA-AQ-A54O-01Z-00-DX1.85AB0AC4-47BB-4CD8-B7FB-5928108864AC.tiff,11780868
344,TCGA-AR-A2LE-01Z-00-DX1.E8E1FC5C-9A4A-463F-81D7-E9A8AF43EAD9,0,4,14215.538977,5213,256,25.619,19248.949,0.762,935.985,20211.315,kvikio,virchow2,warm,,tiff5x,/home/ec2-user/wsi-cloud/runs/2026-08-23-063822-weka-s7-7.5.b-endurance-all-four-4hr/heatmaps/proc0/TCGA-AR-A2LE-01Z-00-DX1.E8E1FC5C-9A4A-463F-81D7-E9A8AF43EAD9.tiff,3533711
345,TCGA-B6-A0WW-01Z-00-DX1.64048633-1D1A-4074-8C50-7641159355DB,0,4,14235.750436,25271,256,110.516,93103.670,1.802,2543.966,95759.954,kvikio,virchow2,warm,,tiff5x,/home/ec2-user/wsi-cloud/runs/2026-08-23-063822-weka-s7-7.5.b-endurance-all-four-4hr/heatmaps/proc0/TCGA-B6-A0WW-01Z-00-DX1.64048633-1D1A-4074-8C50-7641159355DB.tiff,12373810
346,TCGA-BH-A0HQ-01Z-00-DX1.0921FCEF-20A2-4D4B-A198-91AF9F6C814C,0,4,14331.510544,12548,256,53.416,46234.274,0.825,1850.698,48139.213,kvikio,virchow2,warm,,tiff5x,/home/ec2-user/wsi-cloud/runs/2026-08-23-063822-weka-s7-7.5.b-endurance-all-four-4hr/heatmaps/proc0/TCGA-BH-A0HQ-01Z-00-DX1.0921FCEF-20A2-4D4B-A198-91AF9F6C814C.tiff,9033522
347,TCGA-C8-A8HR-01Z-00-DX1.8E841CA8-1CE2-4242-AC5A-3247075CF8F4,0,4,14379.649904,5410,256,25.926,19583.686,0.535,621.116,20231.263,kvikio,virchow2,warm,,tiff5x,/home/ec2-user/wsi-cloud/runs/2026-08-23-063822-weka-s7-7.5.b-endurance-all-four-4hr/heatmaps/proc0/TCGA-C8-A8HR-01Z-00-DX1.8E841CA8-1CE2-4242-AC5A-3247075CF8F4.tiff,3866240
348,TCGA-D8-A1XV-01Z-00-DX2.D1988E01-5FDC-4F50-8183-F0CCE74D0CB2,0,4,14399.881301,11410,256,49.731,41636.939,0.757,1721.579,43409.006,kvikio,virchow2,warm,,tiff5x,/home/ec2-user/wsi-cloud/runs/2026-08-23-063822-weka-s7-7.5.b-endurance-all-four-4hr/heatmaps/proc0/TCGA-D8-A1XV-01Z-00-DX2.D1988E01-5FDC-4F50-8183-F0CCE74D0CB2.tiff,7197342
349,TCGA-E9-A1N8-01Z-00-DX1.1243AB1C-75A3-4A5E-9674-53992E6DD377,0,4,14443.290457,11469,256,45.185,42347.794,0.789,1631.335,44025.104,kvikio,virchow2,warm,,tiff5x,/home/ec2-user/wsi-cloud/runs/2026-08-23-063822-weka-s7-7.5.b-endurance-all-four-4hr/heatmaps/proc0/TCGA-E9-A1N8-01Z-00-DX1.1243AB1C-75A3-4A5E-9674-53992E6DD377.tiff,6979870
350,TCGA-S3-AA12-01Z-00-DX1.2A991B9F-E7E6-410B-B0BF-635E3CC40C7E,0,4,14487.315699,19501,256,81.262,70862.858,1.379,2314.549,73260.048,kvikio,virchow2,warm,,tiff5x,/home/ec2-user/wsi-cloud/runs/2026-08-23-063822-weka-s7-7.5.b-endurance-all-four-4hr/heatmaps/proc0/TCGA-S3-AA12-01Z-00-DX1.2A991B9F-E7E6-410B-B0BF-635E3CC40C7E.tiff,10003184
351,TCGA-A1-A0SH-01Z-00-DX1.90E71B08-E1D9-4FC2-85AC-062E56DDF17C,0,4,14560.575897,9373,256,43.001,34756.655,0.856,1719.911,36520.423,kvikio,virchow2,warm,,tiff5x,/home/ec2-user/wsi-cloud/runs/2026-08-23-063822-weka-s7-7.5.b-endurance-all-four-4hr/heatmaps/proc0/TCGA-A1-A0SH-01Z-00-DX1.90E71B08-E1D9-4FC2-85AC-062E56DDF17C.tiff,5543524
352,TCGA-A2-A0SW-01Z-00-DX1.E1EA0407-B831-4D75-826E-80B82B821797,0,4,14597.096460,11161,256,43.786,41039.171,0.733,2822.285,43905.976,kvikio,virchow2,warm,,tiff5x,/home/ec2-user/wsi-cloud/runs/2026-08-23-063822-weka-s7-7.5.b-endurance-all-four-4hr/heatmaps/proc0/TCGA-A2-A0SW-01Z-00-DX1.E1EA0407-B831-4D75-826E-80B82B821797.tiff,7123888
353,TCGA-A7-A426-01Z-00-DX1.3058E873-9442-4872-80DA-E8A5B35054D2,0,4,14641.002580,6044,256,27.072,22275.216,0.577,1576.241,23879.107,kvikio,virchow2,warm,,tiff5x,/home/ec2-user/wsi-cloud/runs/2026-08-23-063822-weka-s7-7.5.b-endurance-all-four-4hr/heatmaps/proc0/TCGA-A7-A426-01Z-00-DX1.3058E873-9442-4872-80DA-E8A5B35054D2.tiff,4029440
354,TCGA-A8-A07B-01Z-00-DX1.950B5E4E-C5F0-4445-9F88-E8C32CDFE6DA,0,4,14664.881830,2205,256,13.414,8172.502,0.556,297.451,8483.924,kvikio,virchow2,warm,,tiff5x,/home/ec2-user/wsi-cloud/runs/2026-08-23-063822-weka-s7-7.5.b-endurance-all-four-4hr/heatmaps/proc0/TCGA-A8-A07B-01Z-00-DX1.950B5E4E-C5F0-4445-9F88-E8C32CDFE6DA.tiff,1475538
355,TCGA-A8-A0A2-01Z-00-DX1.47BCDF13-1065-466A-B7CB-F91F5EAD7D91,0,4,14673.365881,2024,256,9.267,7448.830,0.552,866.273,8324.922,kvikio,virchow2,warm,,tiff5x,/home/ec2-user/wsi-cloud/runs/2026-08-23-063822-weka-s7-7.5.b-endurance-all-four-4hr/heatmaps/proc0/TCGA-A8-A0A2-01Z-00-DX1.47BCDF13-1065-466A-B7CB-F91F5EAD7D91.tiff,1706200
0,TCGA-A2-A0EO-01Z-00-DX1.D7A09E23-2CAB-4B3B-814C-BF0BA75B7589,1,4,0.000013,11520,256,59.729,42016.944,46.776,3442.411,45565.860,kvikio,virchow2,warm,,tiff5x,/home/ec2-user/wsi-cloud/runs/2026-08-23-063822-weka-s7-7.5.b-endurance-all-four-4hr/heatmaps/proc1/TCGA-A2-A0EO-01Z-00-DX1.D7A09E23-2CAB-4B3B-814C-BF0BA75B7589.tiff,6985972
1,TCGA-A2-A1FV-01Z-00-DX1.F70ACD9A-7819-4296-BD28-4D24BBA8AFF4,1,4,45.566027,19432,256,134.330,72536.363,1.530,15324.559,87996.782,kvikio,virchow2,warm,,tiff5x,/home/ec2-user/wsi-cloud/runs/2026-08-23-063822-weka-s7-7.5.b-endurance-all-four-4hr/heatmaps/proc1/TCGA-A2-A1FV-01Z-00-DX1.F70ACD9A-7819-4296-BD28-4D24BBA8AFF4.tiff,11587226
2,TCGA-A7-A4SB-01Z-00-DX1.E8925605-5189-441E-A719-92CFC1118B0B,1,4,133.564481,2177,256,14.327,8184.556,1.042,4616.878,12816.803,kvikio,virchow2,warm,,tiff5x,/home/ec2-user/wsi-cloud/runs/2026-08-23-063822-weka-s7-7.5.b-endurance-all-four-4hr/heatmaps/proc1/TCGA-A7-A4SB-01Z-00-DX1.E8925605-5189-441E-A719-92CFC1118B0B.tiff,1979887
3,TCGA-A8-A07L-01Z-00-DX1.D9E1051F-724E-4E88-940A-C97005DC5BEB,1,4,146.381496,1988,256,33.499,7548.927,0.893,692.913,8276.232,kvikio,virchow2,warm,,tiff5x,/home/ec2-user/wsi-cloud/runs/2026-08-23-063822-weka-s7-7.5.b-endurance-all-four-4hr/heatmaps/proc1/TCGA-A8-A07L-01Z-00-DX1.D9E1051F-724E-4E88-940A-C97005DC5BEB.tiff,1410273
4,TCGA-AC-A3TN-01Z-00-DX1.F00E81C7-0CA2-49E8-A30F-DE423538E93C,1,4,154.657976,4478,256,18.261,17017.655,1.074,2550.531,19587.522,kvikio,virchow2,warm,,tiff5x,/home/ec2-user/wsi-cloud/runs/2026-08-23-063822-weka-s7-7.5.b-endurance-all-four-4hr/heatmaps/proc1/TCGA-AC-A3TN-01Z-00-DX1.F00E81C7-0CA2-49E8-A30F-DE423538E93C.tiff,3455403
5,TCGA-AR-A0U1-01Z-00-DX1.276433E7-E841-42D2-AF21-762F2FEA3B9B,1,4,174.245716,8980,256,74.754,34043.513,4.708,8968.185,43091.161,kvikio,virchow2,warm,,tiff5x,/home/ec2-user/wsi-cloud/runs/2026-08-23-063822-weka-s7-7.5.b-endurance-all-four-4hr/heatmaps/proc1/TCGA-AR-A0U1-01Z-00-DX1.276433E7-E841-42D2-AF21-762F2FEA3B9B.tiff,6061891
6,TCGA-AR-A2LN-01Z-00-DX1.3EF43524-28B8-4326-9356-6BCBC63A1DA8,1,4,217.337054,13502,256,89.827,51326.962,1.184,11626.461,63044.435,kvikio,virchow2,warm,,tiff5x,/home/ec2-user/wsi-cloud/runs/2026-08-23-063822-weka-s7-7.5.b-endurance-all-four-4hr/heatmaps/proc1/TCGA-AR-A2LN-01Z-00-DX1.3EF43524-28B8-4326-9356-6BCBC63A1DA8.tiff,9132929
7,TCGA-BH-A0BS-01Z-00-DX1.FEE32127-4D0B-4560-A39C-4EAA5B189B70,1,4,280.383106,14377,256,81.296,54711.757,0.982,5324.726,60118.761,kvikio,virchow2,warm,,tiff5x,/home/ec2-user/wsi-cloud/runs/2026-08-23-063822-weka-s7-7.5.b-endurance-all-four-4hr/heatmaps/proc1/TCGA-BH-A0BS-01Z-00-DX1.FEE32127-4D0B-4560-A39C-4EAA5B189B70.tiff,10258732
8,TCGA-BH-A0W5-01Z-00-DX1.84EA3913-667B-4694-A0F0-E629CAC615C8,1,4,340.502320,13459,256,84.130,51990.548,1.013,2996.454,55072.145,kvikio,virchow2,warm,,tiff5x,/home/ec2-user/wsi-cloud/runs/2026-08-23-063822-weka-s7-7.5.b-endurance-all-four-4hr/heatmaps/proc1/TCGA-BH-A0W5-01Z-00-DX1.84EA3913-667B-4694-A0F0-E629CAC615C8.tiff,8537687
9,TCGA-D8-A1JI-01Z-00-DX2.E688E270-26C9-43EC-BC26-86BF8B74A31D,1,4,395.574624,8616,256,39.341,33454.824,0.930,2449.928,35945.024,kvikio,virchow2,warm,,tiff5x,/home/ec2-user/wsi-cloud/runs/2026-08-23-063822-weka-s7-7.5.b-endurance-all-four-4hr/heatmaps/proc1/TCGA-D8-A1JI-01Z-00-DX2.E688E270-26C9-43EC-BC26-86BF8B74A31D.tiff,5274623
10,TCGA-E2-A15E-06Z-00-DX1.D394A007-91A2-4445-9B4A-1629EE684A51,1,4,431.521269,16165,256,84.134,61641.887,1.192,3982.454,65709.667,kvikio,virchow2,warm,,tiff5x,/home/ec2-user/wsi-cloud/runs/2026-08-23-063822-weka-s7-7.5.b-endurance-all-four-4hr/heatmaps/proc1/TCGA-E2-A15E-06Z-00-DX1.D394A007-91A2-4445-9B4A-1629EE684A51.tiff,10636434
11,TCGA-E9-A1RD-01Z-00-DX1.34083668-cbd2-4610-b857-d50ee9f3e5bd,1,4,497.231259,8753,256,33.947,32140.131,0.634,1147.558,33322.269,kvikio,virchow2,warm,,tiff5x,/home/ec2-user/wsi-cloud/runs/2026-08-23-063822-weka-s7-7.5.b-endurance-all-four-4hr/heatmaps/proc1/TCGA-E9-A1RD-01Z-00-DX1.34083668-cbd2-4610-b857-d50ee9f3e5bd.tiff,5149354
12,TCGA-Z7-A8R6-01Z-00-DX1.CE4ED818-D762-4324-9DEA-2ACB38B9B0B9,1,4,530.553696,16460,256,73.389,60898.930,1.179,2177.852,63151.349,kvikio,virchow2,warm,,tiff5x,/home/ec2-user/wsi-cloud/runs/2026-08-23-063822-weka-s7-7.5.b-endurance-all-four-4hr/heatmaps/proc1/TCGA-Z7-A8R6-01Z-00-DX1.CE4ED818-D762-4324-9DEA-2ACB38B9B0B9.tiff,9709762
13,TCGA-A2-A0EO-01Z-00-DX1.D7A09E23-2CAB-4B3B-814C-BF0BA75B7589,1,4,593.705191,11520,256,43.808,43320.656,0.732,1652.084,45017.280,kvikio,virchow2,warm,,tiff5x,/home/ec2-user/wsi-cloud/runs/2026-08-23-063822-weka-s7-7.5.b-endurance-all-four-4hr/heatmaps/proc1/TCGA-A2-A0EO-01Z-00-DX1.D7A09E23-2CAB-4B3B-814C-BF0BA75B7589.tiff,6985972
14,TCGA-A2-A1FV-01Z-00-DX1.F70ACD9A-7819-4296-BD28-4D24BBA8AFF4,1,4,638.722614,19432,256,79.060,71120.151,1.412,3022.194,74222.817,kvikio,virchow2,warm,,tiff5x,/home/ec2-user/wsi-cloud/runs/2026-08-23-063822-weka-s7-7.5.b-endurance-all-four-4hr/heatmaps/proc1/TCGA-A2-A1FV-01Z-00-DX1.F70ACD9A-7819-4296-BD28-4D24BBA8AFF4.tiff,11587226
15,TCGA-A7-A4SB-01Z-00-DX1.E8925605-5189-441E-A719-92CFC1118B0B,1,4,712.945595,2177,256,9.890,7939.337,0.573,1868.285,9818.085,kvikio,virchow2,warm,,tiff5x,/home/ec2-user/wsi-cloud/runs/2026-08-23-063822-weka-s7-7.5.b-endurance-all-four-4hr/heatmaps/proc1/TCGA-A7-A4SB-01Z-00-DX1.E8925605-5189-441E-A719-92CFC1118B0B.tiff,1979887
16,TCGA-A8-A07L-01Z-00-DX1.D9E1051F-724E-4E88-940A-C97005DC5BEB,1,4,722.763821,1988,256,10.498,7259.447,0.598,262.580,7533.122,kvikio,virchow2,warm,,tiff5x,/home/ec2-user/wsi-cloud/runs/2026-08-23-063822-weka-s7-7.5.b-endurance-all-four-4hr/heatmaps/proc1/TCGA-A8-A07L-01Z-00-DX1.D9E1051F-724E-4E88-940A-C97005DC5BEB.tiff,1410273
17,TCGA-AC-A3TN-01Z-00-DX1.F00E81C7-0CA2-49E8-A30F-DE423538E93C,1,4,730.297079,4478,256,20.733,16387.057,0.571,831.456,17239.818,kvikio,virchow2,warm,,tiff5x,/home/ec2-user/wsi-cloud/runs/2026-08-23-063822-weka-s7-7.5.b-endurance-all-four-4hr/heatmaps/proc1/TCGA-AC-A3TN-01Z-00-DX1.F00E81C7-0CA2-49E8-A30F-DE423538E93C.tiff,3455403
18,TCGA-AR-A0U1-01Z-00-DX1.276433E7-E841-42D2-AF21-762F2FEA3B9B,1,4,747.537038,8980,256,39.957,33761.628,0.556,1458.193,35260.334,kvikio,virchow2,warm,,tiff5x,/home/ec2-user/wsi-cloud/runs/2026-08-23-063822-weka-s7-7.5.b-endurance-all-four-4hr/heatmaps/proc1/TCGA-AR-A0U1-01Z-00-DX1.276433E7-E841-42D2-AF21-762F2FEA3B9B.tiff,6061891
19,TCGA-AR-A2LN-01Z-00-DX1.3EF43524-28B8-4326-9356-6BCBC63A1DA8,1,4,782.797675,13502,256,50.084,51376.864,0.990,2908.003,54335.941,kvikio,virchow2,warm,,tiff5x,/home/ec2-user/wsi-cloud/runs/2026-08-23-063822-weka-s7-7.5.b-endurance-all-four-4hr/heatmaps/proc1/TCGA-AR-A2LN-01Z-00-DX1.3EF43524-28B8-4326-9356-6BCBC63A1DA8.tiff,9132929
20,TCGA-BH-A0BS-01Z-00-DX1.FEE32127-4D0B-4560-A39C-4EAA5B189B70,1,4,837.133765,14377,256,58.550,54956.053,0.996,2498.035,57513.634,kvikio,virchow2,warm,,tiff5x,/home/ec2-user/wsi-cloud/runs/2026-08-23-063822-weka-s7-7.5.b-endurance-all-four-4hr/heatmaps/proc1/TCGA-BH-A0BS-01Z-00-DX1.FEE32127-4D0B-4560-A39C-4EAA5B189B70.tiff,10258732
21,TCGA-BH-A0W5-01Z-00-DX1.84EA3913-667B-4694-A0F0-E629CAC615C8,1,4,894.647544,13459,256,55.692,51301.180,1.034,2448.319,53806.225,kvikio,virchow2,warm,,tiff5x,/home/ec2-user/wsi-cloud/runs/2026-08-23-063822-weka-s7-7.5.b-endurance-all-four-4hr/heatmaps/proc1/TCGA-BH-A0W5-01Z-00-DX1.84EA3913-667B-4694-A0F0-E629CAC615C8.tiff,8537687
22,TCGA-D8-A1JI-01Z-00-DX2.E688E270-26C9-43EC-BC26-86BF8B74A31D,1,4,948.453915,8616,256,37.758,32745.260,0.599,1155.768,33939.385,kvikio,virchow2,warm,,tiff5x,/home/ec2-user/wsi-cloud/runs/2026-08-23-063822-weka-s7-7.5.b-endurance-all-four-4hr/heatmaps/proc1/TCGA-D8-A1JI-01Z-00-DX2.E688E270-26C9-43EC-BC26-86BF8B74A31D.tiff,5274623
23,TCGA-E2-A15E-06Z-00-DX1.D394A007-91A2-4445-9B4A-1629EE684A51,1,4,982.393445,16165,256,61.123,61642.392,1.271,2914.784,64619.571,kvikio,virchow2,warm,,tiff5x,/home/ec2-user/wsi-cloud/runs/2026-08-23-063822-weka-s7-7.5.b-endurance-all-four-4hr/heatmaps/proc1/TCGA-E2-A15E-06Z-00-DX1.D394A007-91A2-4445-9B4A-1629EE684A51.tiff,10636434
24,TCGA-E9-A1RD-01Z-00-DX1.34083668-cbd2-4610-b857-d50ee9f3e5bd,1,4,1047.013172,8753,256,33.799,33327.235,0.586,1154.209,34515.830,kvikio,virchow2,warm,,tiff5x,/home/ec2-user/wsi-cloud/runs/2026-08-23-063822-weka-s7-7.5.b-endurance-all-four-4hr/heatmaps/proc1/TCGA-E9-A1RD-01Z-00-DX1.34083668-cbd2-4610-b857-d50ee9f3e5bd.tiff,5149354
25,TCGA-Z7-A8R6-01Z-00-DX1.CE4ED818-D762-4324-9DEA-2ACB38B9B0B9,1,4,1081.529151,16460,256,64.342,62757.278,1.172,2177.169,64999.962,kvikio,virchow2,warm,,tiff5x,/home/ec2-user/wsi-cloud/runs/2026-08-23-063822-weka-s7-7.5.b-endurance-all-four-4hr/heatmaps/proc1/TCGA-Z7-A8R6-01Z-00-DX1.CE4ED818-D762-4324-9DEA-2ACB38B9B0B9.tiff,9709762
26,TCGA-A2-A0EO-01Z-00-DX1.D7A09E23-2CAB-4B3B-814C-BF0BA75B7589,1,4,1146.529264,11520,256,44.315,43918.880,0.767,1649.625,45613.587,kvikio,virchow2,warm,,tiff5x,/home/ec2-user/wsi-cloud/runs/2026-08-23-063822-weka-s7-7.5.b-endurance-all-four-4hr/heatmaps/proc1/TCGA-A2-A0EO-01Z-00-DX1.D7A09E23-2CAB-4B3B-814C-BF0BA75B7589.tiff,6985972
27,TCGA-A2-A1FV-01Z-00-DX1.F70ACD9A-7819-4296-BD28-4D24BBA8AFF4,1,4,1192.142994,19432,256,76.531,74194.060,1.492,3017.141,77289.224,kvikio,virchow2,warm,,tiff5x,/home/ec2-user/wsi-cloud/runs/2026-08-23-063822-weka-s7-7.5.b-endurance-all-four-4hr/heatmaps/proc1/TCGA-A2-A1FV-01Z-00-DX1.F70ACD9A-7819-4296-BD28-4D24BBA8AFF4.tiff,11587226
28,TCGA-A7-A4SB-01Z-00-DX1.E8925605-5189-441E-A719-92CFC1118B0B,1,4,1269.432362,2177,256,9.121,8201.597,0.719,1879.687,10091.124,kvikio,virchow2,warm,,tiff5x,/home/ec2-user/wsi-cloud/runs/2026-08-23-063822-weka-s7-7.5.b-endurance-all-four-4hr/heatmaps/proc1/TCGA-A7-A4SB-01Z-00-DX1.E8925605-5189-441E-A719-92CFC1118B0B.tiff,1979887
29,TCGA-A8-A07L-01Z-00-DX1.D9E1051F-724E-4E88-940A-C97005DC5BEB,1,4,1279.523632,1988,256,10.165,7475.642,0.586,262.072,7748.466,kvikio,virchow2,warm,,tiff5x,/home/ec2-user/wsi-cloud/runs/2026-08-23-063822-weka-s7-7.5.b-endurance-all-four-4hr/heatmaps/proc1/TCGA-A8-A07L-01Z-00-DX1.D9E1051F-724E-4E88-940A-C97005DC5BEB.tiff,1410273
30,TCGA-AC-A3TN-01Z-00-DX1.F00E81C7-0CA2-49E8-A30F-DE423538E93C,1,4,1287.272238,4478,256,23.411,16956.850,0.662,820.541,17801.465,kvikio,virchow2,warm,,tiff5x,/home/ec2-user/wsi-cloud/runs/2026-08-23-063822-weka-s7-7.5.b-endurance-all-four-4hr/heatmaps/proc1/TCGA-AC-A3TN-01Z-00-DX1.F00E81C7-0CA2-49E8-A30F-DE423538E93C.tiff,3455403
31,TCGA-AR-A0U1-01Z-00-DX1.276433E7-E841-42D2-AF21-762F2FEA3B9B,1,4,1305.073835,8980,256,34.958,34217.074,0.601,1468.579,35721.211,kvikio,virchow2,warm,,tiff5x,/home/ec2-user/wsi-cloud/runs/2026-08-23-063822-weka-s7-7.5.b-endurance-all-four-4hr/heatmaps/proc1/TCGA-AR-A0U1-01Z-00-DX1.276433E7-E841-42D2-AF21-762F2FEA3B9B.tiff,6061891
32,TCGA-AR-A2LN-01Z-00-DX1.3EF43524-28B8-4326-9356-6BCBC63A1DA8,1,4,1340.795190,13502,256,51.269,51498.720,0.958,2918.153,54469.100,kvikio,virchow2,warm,,tiff5x,/home/ec2-user/wsi-cloud/runs/2026-08-23-063822-weka-s7-7.5.b-endurance-all-four-4hr/heatmaps/proc1/TCGA-AR-A2LN-01Z-00-DX1.3EF43524-28B8-4326-9356-6BCBC63A1DA8.tiff,9132929
33,TCGA-BH-A0BS-01Z-00-DX1.FEE32127-4D0B-4560-A39C-4EAA5B189B70,1,4,1395.264433,14377,256,60.508,54607.524,0.984,2630.513,57299.530,kvikio,virchow2,warm,,tiff5x,/home/ec2-user/wsi-cloud/runs/2026-08-23-063822-weka-s7-7.5.b-endurance-all-four-4hr/heatmaps/proc1/TCGA-BH-A0BS-01Z-00-DX1.FEE32127-4D0B-4560-A39C-4EAA5B189B70.tiff,10258732
34,TCGA-BH-A0W5-01Z-00-DX1.84EA3913-667B-4694-A0F0-E629CAC615C8,1,4,1452.564107,13459,256,56.033,51186.106,0.962,2340.463,53583.564,kvikio,virchow2,warm,,tiff5x,/home/ec2-user/wsi-cloud/runs/2026-08-23-063822-weka-s7-7.5.b-endurance-all-four-4hr/heatmaps/proc1/TCGA-BH-A0W5-01Z-00-DX1.84EA3913-667B-4694-A0F0-E629CAC615C8.tiff,8537687
35,TCGA-D8-A1JI-01Z-00-DX2.E688E270-26C9-43EC-BC26-86BF8B74A31D,1,4,1506.147812,8616,256,32.740,32721.580,0.576,1143.853,33898.749,kvikio,virchow2,warm,,tiff5x,/home/ec2-user/wsi-cloud/runs/2026-08-23-063822-weka-s7-7.5.b-endurance-all-four-4hr/heatmaps/proc1/TCGA-D8-A1JI-01Z-00-DX2.E688E270-26C9-43EC-BC26-86BF8B74A31D.tiff,5274623
36,TCGA-E2-A15E-06Z-00-DX1.D394A007-91A2-4445-9B4A-1629EE684A51,1,4,1540.046704,16165,256,59.545,61706.257,1.146,2854.483,64621.431,kvikio,virchow2,warm,,tiff5x,/home/ec2-user/wsi-cloud/runs/2026-08-23-063822-weka-s7-7.5.b-endurance-all-four-4hr/heatmaps/proc1/TCGA-E2-A15E-06Z-00-DX1.D394A007-91A2-4445-9B4A-1629EE684A51.tiff,10636434
37,TCGA-E9-A1RD-01Z-00-DX1.34083668-cbd2-4610-b857-d50ee9f3e5bd,1,4,1604.668282,8753,256,32.213,33171.174,0.595,1149.884,34353.866,kvikio,virchow2,warm,,tiff5x,/home/ec2-user/wsi-cloud/runs/2026-08-23-063822-weka-s7-7.5.b-endurance-all-four-4hr/heatmaps/proc1/TCGA-E9-A1RD-01Z-00-DX1.34083668-cbd2-4610-b857-d50ee9f3e5bd.tiff,5149354
38,TCGA-Z7-A8R6-01Z-00-DX1.CE4ED818-D762-4324-9DEA-2ACB38B9B0B9,1,4,1639.022309,16460,256,70.617,62876.908,1.172,2168.223,65116.920,kvikio,virchow2,warm,,tiff5x,/home/ec2-user/wsi-cloud/runs/2026-08-23-063822-weka-s7-7.5.b-endurance-all-four-4hr/heatmaps/proc1/TCGA-Z7-A8R6-01Z-00-DX1.CE4ED818-D762-4324-9DEA-2ACB38B9B0B9.tiff,9709762
39,TCGA-A2-A0EO-01Z-00-DX1.D7A09E23-2CAB-4B3B-814C-BF0BA75B7589,1,4,1704.139382,11520,256,45.413,44012.889,0.759,1652.576,45711.637,kvikio,virchow2,warm,,tiff5x,/home/ec2-user/wsi-cloud/runs/2026-08-23-063822-weka-s7-7.5.b-endurance-all-four-4hr/heatmaps/proc1/TCGA-A2-A0EO-01Z-00-DX1.D7A09E23-2CAB-4B3B-814C-BF0BA75B7589.tiff,6985972
40,TCGA-A2-A1FV-01Z-00-DX1.F70ACD9A-7819-4296-BD28-4D24BBA8AFF4,1,4,1749.851157,19432,256,77.680,74296.532,1.444,3019.127,77394.783,kvikio,virchow2,warm,,tiff5x,/home/ec2-user/wsi-cloud/runs/2026-08-23-063822-weka-s7-7.5.b-endurance-all-four-4hr/heatmaps/proc1/TCGA-A2-A1FV-01Z-00-DX1.F70ACD9A-7819-4296-BD28-4D24BBA8AFF4.tiff,11587226
41,TCGA-A7-A4SB-01Z-00-DX1.E8925605-5189-441E-A719-92CFC1118B0B,1,4,1827.246107,2177,256,11.598,8196.125,0.528,1875.219,10083.470,kvikio,virchow2,warm,,tiff5x,/home/ec2-user/wsi-cloud/runs/2026-08-23-063822-weka-s7-7.5.b-endurance-all-four-4hr/heatmaps/proc1/TCGA-A7-A4SB-01Z-00-DX1.E8925605-5189-441E-A719-92CFC1118B0B.tiff,1979887
42,TCGA-A8-A07L-01Z-00-DX1.D9E1051F-724E-4E88-940A-C97005DC5BEB,1,4,1837.329708,1988,256,8.672,7466.002,0.567,262.223,7737.464,kvikio,virchow2,warm,,tiff5x,/home/ec2-user/wsi-cloud/runs/2026-08-23-063822-weka-s7-7.5.b-endurance-all-four-4hr/heatmaps/proc1/TCGA-A8-A07L-01Z-00-DX1.D9E1051F-724E-4E88-940A-C97005DC5BEB.tiff,1410273
43,TCGA-AC-A3TN-01Z-00-DX1.F00E81C7-0CA2-49E8-A30F-DE423538E93C,1,4,1845.067306,4478,256,21.153,16960.055,0.618,819.767,17801.593,kvikio,virchow2,warm,,tiff5x,/home/ec2-user/wsi-cloud/runs/2026-08-23-063822-weka-s7-7.5.b-endurance-all-four-4hr/heatmaps/proc1/TCGA-AC-A3TN-01Z-00-DX1.F00E81C7-0CA2-49E8-A30F-DE423538E93C.tiff,3455403
44,TCGA-AR-A0U1-01Z-00-DX1.276433E7-E841-42D2-AF21-762F2FEA3B9B,1,4,1862.869028,8980,256,34.531,34279.367,0.562,1458.179,35772.639,kvikio,virchow2,warm,,tiff5x,/home/ec2-user/wsi-cloud/runs/2026-08-23-063822-weka-s7-7.5.b-endurance-all-four-4hr/heatmaps/proc1/TCGA-AR-A0U1-01Z-00-DX1.276433E7-E841-42D2-AF21-762F2FEA3B9B.tiff,6061891
45,TCGA-AR-A2LN-01Z-00-DX1.3EF43524-28B8-4326-9356-6BCBC63A1DA8,1,4,1898.641815,13502,256,52.513,51571.085,0.982,2922.624,54547.204,kvikio,virchow2,warm,,tiff5x,/home/ec2-user/wsi-cloud/runs/2026-08-23-063822-weka-s7-7.5.b-endurance-all-four-4hr/heatmaps/proc1/TCGA-AR-A2LN-01Z-00-DX1.3EF43524-28B8-4326-9356-6BCBC63A1DA8.tiff,9132929
46,TCGA-BH-A0BS-01Z-00-DX1.FEE32127-4D0B-4560-A39C-4EAA5B189B70,1,4,1953.189184,14377,256,60.366,54654.096,0.975,2518.930,57234.368,kvikio,virchow2,warm,,tiff5x,/home/ec2-user/wsi-cloud/runs/2026-08-23-063822-weka-s7-7.5.b-endurance-all-four-4hr/heatmaps/proc1/TCGA-BH-A0BS-01Z-00-DX1.FEE32127-4D0B-4560-A39C-4EAA5B189B70.tiff,10258732
47,TCGA-BH-A0W5-01Z-00-DX1.84EA3913-667B-4694-A0F0-E629CAC615C8,1,4,2010.423697,13459,256,55.484,51261.568,0.959,2447.376,53765.387,kvikio,virchow2,warm,,tiff5x,/home/ec2-user/wsi-cloud/runs/2026-08-23-063822-weka-s7-7.5.b-endurance-all-four-4hr/heatmaps/proc1/TCGA-BH-A0W5-01Z-00-DX1.84EA3913-667B-4694-A0F0-E629CAC615C8.tiff,8537687
48,TCGA-D8-A1JI-01Z-00-DX2.E688E270-26C9-43EC-BC26-86BF8B74A31D,1,4,2064.189245,8616,256,34.011,32368.996,0.620,1163.923,33567.549,kvikio,virchow2,warm,,tiff5x,/home/ec2-user/wsi-cloud/runs/2026-08-23-063822-weka-s7-7.5.b-endurance-all-four-4hr/heatmaps/proc1/TCGA-D8-A1JI-01Z-00-DX2.E688E270-26C9-43EC-BC26-86BF8B74A31D.tiff,5274623
49,TCGA-E2-A15E-06Z-00-DX1.D394A007-91A2-4445-9B4A-1629EE684A51,1,4,2097.756959,16165,256,79.454,61717.556,1.155,2881.614,64679.778,kvikio,virchow2,warm,,tiff5x,/home/ec2-user/wsi-cloud/runs/2026-08-23-063822-weka-s7-7.5.b-endurance-all-four-4hr/heatmaps/proc1/TCGA-E2-A15E-06Z-00-DX1.D394A007-91A2-4445-9B4A-1629EE684A51.tiff,10636434
50,TCGA-E9-A1RD-01Z-00-DX1.34083668-cbd2-4610-b857-d50ee9f3e5bd,1,4,2162.436891,8753,256,31.597,33195.302,0.596,1171.790,34399.284,kvikio,virchow2,warm,,tiff5x,/home/ec2-user/wsi-cloud/runs/2026-08-23-063822-weka-s7-7.5.b-endurance-all-four-4hr/heatmaps/proc1/TCGA-E9-A1RD-01Z-00-DX1.34083668-cbd2-4610-b857-d50ee9f3e5bd.tiff,5149354
51,TCGA-Z7-A8R6-01Z-00-DX1.CE4ED818-D762-4324-9DEA-2ACB38B9B0B9,1,4,2196.836310,16460,256,62.421,62277.344,1.161,2227.106,64568.032,kvikio,virchow2,warm,,tiff5x,/home/ec2-user/wsi-cloud/runs/2026-08-23-063822-weka-s7-7.5.b-endurance-all-four-4hr/heatmaps/proc1/TCGA-Z7-A8R6-01Z-00-DX1.CE4ED818-D762-4324-9DEA-2ACB38B9B0B9.tiff,9709762
52,TCGA-A2-A0EO-01Z-00-DX1.D7A09E23-2CAB-4B3B-814C-BF0BA75B7589,1,4,2261.404490,11520,256,44.111,43683.871,0.914,1712.425,45441.321,kvikio,virchow2,warm,,tiff5x,/home/ec2-user/wsi-cloud/runs/2026-08-23-063822-weka-s7-7.5.b-endurance-all-four-4hr/heatmaps/proc1/TCGA-A2-A0EO-01Z-00-DX1.D7A09E23-2CAB-4B3B-814C-BF0BA75B7589.tiff,6985972
53,TCGA-A2-A1FV-01Z-00-DX1.F70ACD9A-7819-4296-BD28-4D24BBA8AFF4,1,4,2306.845960,19432,256,74.752,74102.355,1.595,3238.128,77416.830,kvikio,virchow2,warm,,tiff5x,/home/ec2-user/wsi-cloud/runs/2026-08-23-063822-weka-s7-7.5.b-endurance-all-four-4hr/heatmaps/proc1/TCGA-A2-A1FV-01Z-00-DX1.F70ACD9A-7819-4296-BD28-4D24BBA8AFF4.tiff,11587226
54,TCGA-A7-A4SB-01Z-00-DX1.E8925605-5189-441E-A719-92CFC1118B0B,1,4,2384.262940,2177,256,10.883,8178.440,0.671,2028.583,10218.576,kvikio,virchow2,warm,,tiff5x,/home/ec2-user/wsi-cloud/runs/2026-08-23-063822-weka-s7-7.5.b-endurance-all-four-4hr/heatmaps/proc1/TCGA-A7-A4SB-01Z-00-DX1.E8925605-5189-441E-A719-92CFC1118B0B.tiff,1979887
55,TCGA-A8-A07L-01Z-00-DX1.D9E1051F-724E-4E88-940A-C97005DC5BEB,1,4,2394.481660,1988,256,10.355,7435.596,0.553,267.114,7713.619,kvikio,virchow2,warm,,tiff5x,/home/ec2-user/wsi-cloud/runs/2026-08-23-063822-weka-s7-7.5.b-endurance-all-four-4hr/heatmaps/proc1/TCGA-A8-A07L-01Z-00-DX1.D9E1051F-724E-4E88-940A-C97005DC5BEB.tiff,1410273
56,TCGA-AC-A3TN-01Z-00-DX1.F00E81C7-0CA2-49E8-A30F-DE423538E93C,1,4,2402.195412,4478,256,21.525,17021.799,0.683,839.554,17883.561,kvikio,virchow2,warm,,tiff5x,/home/ec2-user/wsi-cloud/runs/2026-08-23-063822-weka-s7-7.5.b-endurance-all-four-4hr/heatmaps/proc1/TCGA-AC-A3TN-01Z-00-DX1.F00E81C7-0CA2-49E8-A30F-DE423538E93C.tiff,3455403
57,TCGA-AR-A0U1-01Z-00-DX1.276433E7-E841-42D2-AF21-762F2FEA3B9B,1,4,2420.079151,8980,256,38.993,34149.598,0.554,1501.598,35690.743,kvikio,virchow2,warm,,tiff5x,/home/ec2-user/wsi-cloud/runs/2026-08-23-063822-weka-s7-7.5.b-endurance-all-four-4hr/heatmaps/proc1/TCGA-AR-A0U1-01Z-00-DX1.276433E7-E841-42D2-AF21-762F2FEA3B9B.tiff,6061891
58,TCGA-AR-A2LN-01Z-00-DX1.3EF43524-28B8-4326-9356-6BCBC63A1DA8,1,4,2455.770045,13502,256,57.881,51102.286,1.075,2921.107,54082.349,kvikio,virchow2,warm,,tiff5x,/home/ec2-user/wsi-cloud/runs/2026-08-23-063822-weka-s7-7.5.b-endurance-all-four-4hr/heatmaps/proc1/TCGA-AR-A2LN-01Z-00-DX1.3EF43524-28B8-4326-9356-6BCBC63A1DA8.tiff,9132929
59,TCGA-BH-A0BS-01Z-00-DX1.FEE32127-4D0B-4560-A39C-4EAA5B189B70,1,4,2509.852545,14377,256,59.792,53174.739,0.987,2682.560,55918.078,kvikio,virchow2,warm,,tiff5x,/home/ec2-user/wsi-cloud/runs/2026-08-23-063822-weka-s7-7.5.b-endurance-all-four-4hr/heatmaps/proc1/TCGA-BH-A0BS-01Z-00-DX1.FEE32127-4D0B-4560-A39C-4EAA5B189B70.tiff,10258732
60,TCGA-BH-A0W5-01Z-00-DX1.84EA3913-667B-4694-A0F0-E629CAC615C8,1,4,2565.770958,13459,256,57.830,50937.975,1.120,2474.105,53471.030,kvikio,virchow2,warm,,tiff5x,/home/ec2-user/wsi-cloud/runs/2026-08-23-063822-weka-s7-7.5.b-endurance-all-four-4hr/heatmaps/proc1/TCGA-BH-A0W5-01Z-00-DX1.84EA3913-667B-4694-A0F0-E629CAC615C8.tiff,8537687
61,TCGA-D8-A1JI-01Z-00-DX2.E688E270-26C9-43EC-BC26-86BF8B74A31D,1,4,2619.242155,8616,256,45.012,32201.422,0.649,1187.605,33434.688,kvikio,virchow2,warm,,tiff5x,/home/ec2-user/wsi-cloud/runs/2026-08-23-063822-weka-s7-7.5.b-endurance-all-four-4hr/heatmaps/proc1/TCGA-D8-A1JI-01Z-00-DX2.E688E270-26C9-43EC-BC26-86BF8B74A31D.tiff,5274623
62,TCGA-E2-A15E-06Z-00-DX1.D394A007-91A2-4445-9B4A-1629EE684A51,1,4,2652.677015,16165,256,64.928,61247.599,1.127,3014.422,64328.077,kvikio,virchow2,warm,,tiff5x,/home/ec2-user/wsi-cloud/runs/2026-08-23-063822-weka-s7-7.5.b-endurance-all-four-4hr/heatmaps/proc1/TCGA-E2-A15E-06Z-00-DX1.D394A007-91A2-4445-9B4A-1629EE684A51.tiff,10636434
63,TCGA-E9-A1RD-01Z-00-DX1.34083668-cbd2-4610-b857-d50ee9f3e5bd,1,4,2717.005243,8753,256,35.541,31473.409,0.550,1170.697,32680.198,kvikio,virchow2,warm,,tiff5x,/home/ec2-user/wsi-cloud/runs/2026-08-23-063822-weka-s7-7.5.b-endurance-all-four-4hr/heatmaps/proc1/TCGA-E9-A1RD-01Z-00-DX1.34083668-cbd2-4610-b857-d50ee9f3e5bd.tiff,5149354
64,TCGA-Z7-A8R6-01Z-00-DX1.CE4ED818-D762-4324-9DEA-2ACB38B9B0B9,1,4,2749.685589,16460,256,69.038,60041.794,1.247,2263.873,62375.952,kvikio,virchow2,warm,,tiff5x,/home/ec2-user/wsi-cloud/runs/2026-08-23-063822-weka-s7-7.5.b-endurance-all-four-4hr/heatmaps/proc1/TCGA-Z7-A8R6-01Z-00-DX1.CE4ED818-D762-4324-9DEA-2ACB38B9B0B9.tiff,9709762
65,TCGA-A2-A0EO-01Z-00-DX1.D7A09E23-2CAB-4B3B-814C-BF0BA75B7589,1,4,2812.061705,11520,256,53.556,42576.323,0.824,1650.996,44281.699,kvikio,virchow2,warm,,tiff5x,/home/ec2-user/wsi-cloud/runs/2026-08-23-063822-weka-s7-7.5.b-endurance-all-four-4hr/heatmaps/proc1/TCGA-A2-A0EO-01Z-00-DX1.D7A09E23-2CAB-4B3B-814C-BF0BA75B7589.tiff,6985972
66,TCGA-A2-A1FV-01Z-00-DX1.F70ACD9A-7819-4296-BD28-4D24BBA8AFF4,1,4,2856.343551,19432,256,88.364,72195.010,1.544,3150.754,75435.671,kvikio,virchow2,warm,,tiff5x,/home/ec2-user/wsi-cloud/runs/2026-08-23-063822-weka-s7-7.5.b-endurance-all-four-4hr/heatmaps/proc1/TCGA-A2-A1FV-01Z-00-DX1.F70ACD9A-7819-4296-BD28-4D24BBA8AFF4.tiff,11587226
67,TCGA-A7-A4SB-01Z-00-DX1.E8925605-5189-441E-A719-92CFC1118B0B,1,4,2931.779395,2177,256,11.171,7932.713,0.921,1926.438,9871.243,kvikio,virchow2,warm,,tiff5x,/home/ec2-user/wsi-cloud/runs/2026-08-23-063822-weka-s7-7.5.b-endurance-all-four-4hr/heatmaps/proc1/TCGA-A7-A4SB-01Z-00-DX1.E8925605-5189-441E-A719-92CFC1118B0B.tiff,1979887
68,TCGA-A8-A07L-01Z-00-DX1.D9E1051F-724E-4E88-940A-C97005DC5BEB,1,4,2941.650980,1988,256,10.623,7244.145,0.937,274.264,7529.969,kvikio,virchow2,warm,,tiff5x,/home/ec2-user/wsi-cloud/runs/2026-08-23-063822-weka-s7-7.5.b-endurance-all-four-4hr/heatmaps/proc1/TCGA-A8-A07L-01Z-00-DX1.D9E1051F-724E-4E88-940A-C97005DC5BEB.tiff,1410273
69,TCGA-AC-A3TN-01Z-00-DX1.F00E81C7-0CA2-49E8-A30F-DE423538E93C,1,4,2949.181088,4478,256,21.686,16272.268,0.929,856.956,17151.839,kvikio,virchow2,warm,,tiff5x,/home/ec2-user/wsi-cloud/runs/2026-08-23-063822-weka-s7-7.5.b-endurance-all-four-4hr/heatmaps/proc1/TCGA-AC-A3TN-01Z-00-DX1.F00E81C7-0CA2-49E8-A30F-DE423538E93C.tiff,3455403
70,TCGA-AR-A0U1-01Z-00-DX1.276433E7-E841-42D2-AF21-762F2FEA3B9B,1,4,2966.333070,8980,256,35.625,32851.400,0.655,1494.698,34382.378,kvikio,virchow2,warm,,tiff5x,/home/ec2-user/wsi-cloud/runs/2026-08-23-063822-weka-s7-7.5.b-endurance-all-four-4hr/heatmaps/proc1/TCGA-AR-A0U1-01Z-00-DX1.276433E7-E841-42D2-AF21-762F2FEA3B9B.tiff,6061891
71,TCGA-AR-A2LN-01Z-00-DX1.3EF43524-28B8-4326-9356-6BCBC63A1DA8,1,4,3000.715592,13502,256,57.788,50745.378,0.947,2915.950,53720.063,kvikio,virchow2,warm,,tiff5x,/home/ec2-user/wsi-cloud/runs/2026-08-23-063822-weka-s7-7.5.b-endurance-all-four-4hr/heatmaps/proc1/TCGA-AR-A2LN-01Z-00-DX1.3EF43524-28B8-4326-9356-6BCBC63A1DA8.tiff,9132929
72,TCGA-BH-A0BS-01Z-00-DX1.FEE32127-4D0B-4560-A39C-4EAA5B189B70,1,4,3054.435979,14377,256,60.855,53079.883,0.964,2625.397,55767.099,kvikio,virchow2,warm,,tiff5x,/home/ec2-user/wsi-cloud/runs/2026-08-23-063822-weka-s7-7.5.b-endurance-all-four-4hr/heatmaps/proc1/TCGA-BH-A0BS-01Z-00-DX1.FEE32127-4D0B-4560-A39C-4EAA5B189B70.tiff,10258732
73,TCGA-BH-A0W5-01Z-00-DX1.84EA3913-667B-4694-A0F0-E629CAC615C8,1,4,3110.203241,13459,256,56.829,50992.769,0.962,2338.507,53389.067,kvikio,virchow2,warm,,tiff5x,/home/ec2-user/wsi-cloud/runs/2026-08-23-063822-weka-s7-7.5.b-endurance-all-four-4hr/heatmaps/proc1/TCGA-BH-A0W5-01Z-00-DX1.84EA3913-667B-4694-A0F0-E629CAC615C8.tiff,8537687
74,TCGA-D8-A1JI-01Z-00-DX2.E688E270-26C9-43EC-BC26-86BF8B74A31D,1,4,3163.592457,8616,256,37.744,32152.432,0.923,1182.395,33373.493,kvikio,virchow2,warm,,tiff5x,/home/ec2-user/wsi-cloud/runs/2026-08-23-063822-weka-s7-7.5.b-endurance-all-four-4hr/heatmaps/proc1/TCGA-D8-A1JI-01Z-00-DX2.E688E270-26C9-43EC-BC26-86BF8B74A31D.tiff,5274623
75,TCGA-E2-A15E-06Z-00-DX1.D394A007-91A2-4445-9B4A-1629EE684A51,1,4,3196.966091,16165,256,65.662,61206.345,1.144,2882.622,64155.774,kvikio,virchow2,warm,,tiff5x,/home/ec2-user/wsi-cloud/runs/2026-08-23-063822-weka-s7-7.5.b-endurance-all-four-4hr/heatmaps/proc1/TCGA-E2-A15E-06Z-00-DX1.D394A007-91A2-4445-9B4A-1629EE684A51.tiff,10636434
76,TCGA-E9-A1RD-01Z-00-DX1.34083668-cbd2-4610-b857-d50ee9f3e5bd,1,4,3261.122007,8753,256,31.374,32730.320,0.593,1148.896,33911.183,kvikio,virchow2,warm,,tiff5x,/home/ec2-user/wsi-cloud/runs/2026-08-23-063822-weka-s7-7.5.b-endurance-all-four-4hr/heatmaps/proc1/TCGA-E9-A1RD-01Z-00-DX1.34083668-cbd2-4610-b857-d50ee9f3e5bd.tiff,5149354
77,TCGA-Z7-A8R6-01Z-00-DX1.CE4ED818-D762-4324-9DEA-2ACB38B9B0B9,1,4,3295.033336,16460,256,65.204,62293.595,1.219,2189.452,64549.470,kvikio,virchow2,warm,,tiff5x,/home/ec2-user/wsi-cloud/runs/2026-08-23-063822-weka-s7-7.5.b-endurance-all-four-4hr/heatmaps/proc1/TCGA-Z7-A8R6-01Z-00-DX1.CE4ED818-D762-4324-9DEA-2ACB38B9B0B9.tiff,9709762
78,TCGA-A2-A0EO-01Z-00-DX1.D7A09E23-2CAB-4B3B-814C-BF0BA75B7589,1,4,3359.582959,11520,256,50.951,43526.286,0.971,1665.144,45243.351,kvikio,virchow2,warm,,tiff5x,/home/ec2-user/wsi-cloud/runs/2026-08-23-063822-weka-s7-7.5.b-endurance-all-four-4hr/heatmaps/proc1/TCGA-A2-A0EO-01Z-00-DX1.D7A09E23-2CAB-4B3B-814C-BF0BA75B7589.tiff,6985972
79,TCGA-A2-A1FV-01Z-00-DX1.F70ACD9A-7819-4296-BD28-4D24BBA8AFF4,1,4,3404.826453,19432,256,79.296,73170.790,1.448,3031.877,76283.411,kvikio,virchow2,warm,,tiff5x,/home/ec2-user/wsi-cloud/runs/2026-08-23-063822-weka-s7-7.5.b-endurance-all-four-4hr/heatmaps/proc1/TCGA-A2-A1FV-01Z-00-DX1.F70ACD9A-7819-4296-BD28-4D24BBA8AFF4.tiff,11587226
80,TCGA-A7-A4SB-01Z-00-DX1.E8925605-5189-441E-A719-92CFC1118B0B,1,4,3481.110017,2177,256,11.567,8152.617,0.534,1869.138,10033.856,kvikio,virchow2,warm,,tiff5x,/home/ec2-user/wsi-cloud/runs/2026-08-23-063822-weka-s7-7.5.b-endurance-all-four-4hr/heatmaps/proc1/TCGA-A7-A4SB-01Z-00-DX1.E8925605-5189-441E-A719-92CFC1118B0B.tiff,1979887
81,TCGA-A8-A07L-01Z-00-DX1.D9E1051F-724E-4E88-940A-C97005DC5BEB,1,4,3491.144008,1988,256,10.284,7367.928,0.549,261.634,7640.396,kvikio,virchow2,warm,,tiff5x,/home/ec2-user/wsi-cloud/runs/2026-08-23-063822-weka-s7-7.5.b-endurance-all-four-4hr/heatmaps/proc1/TCGA-A8-A07L-01Z-00-DX1.D9E1051F-724E-4E88-940A-C97005DC5BEB.tiff,1410273
82,TCGA-AC-A3TN-01Z-00-DX1.F00E81C7-0CA2-49E8-A30F-DE423538E93C,1,4,3498.784543,4478,256,20.880,16572.822,0.870,833.591,17428.163,kvikio,virchow2,warm,,tiff5x,/home/ec2-user/wsi-cloud/runs/2026-08-23-063822-weka-s7-7.5.b-endurance-all-four-4hr/heatmaps/proc1/TCGA-AC-A3TN-01Z-00-DX1.F00E81C7-0CA2-49E8-A30F-DE423538E93C.tiff,3455403
83,TCGA-AR-A0U1-01Z-00-DX1.276433E7-E841-42D2-AF21-762F2FEA3B9B,1,4,3516.212848,8980,256,34.286,33404.667,0.555,1467.264,34906.772,kvikio,virchow2,warm,,tiff5x,/home/ec2-user/wsi-cloud/runs/2026-08-23-063822-weka-s7-7.5.b-endurance-all-four-4hr/heatmaps/proc1/TCGA-AR-A0U1-01Z-00-DX1.276433E7-E841-42D2-AF21-762F2FEA3B9B.tiff,6061891
84,TCGA-AR-A2LN-01Z-00-DX1.3EF43524-28B8-4326-9356-6BCBC63A1DA8,1,4,3551.119769,13502,256,54.013,50768.305,0.985,2902.734,53726.037,kvikio,virchow2,warm,,tiff5x,/home/ec2-user/wsi-cloud/runs/2026-08-23-063822-weka-s7-7.5.b-endurance-all-four-4hr/heatmaps/proc1/TCGA-AR-A2LN-01Z-00-DX1.3EF43524-28B8-4326-9356-6BCBC63A1DA8.tiff,9132929
85,TCGA-BH-A0BS-01Z-00-DX1.FEE32127-4D0B-4560-A39C-4EAA5B189B70,1,4,3604.845965,14377,256,59.449,52949.323,1.007,2692.878,55702.658,kvikio,virchow2,warm,,tiff5x,/home/ec2-user/wsi-cloud/runs/2026-08-23-063822-weka-s7-7.5.b-endurance-all-four-4hr/heatmaps/proc1/TCGA-BH-A0BS-01Z-00-DX1.FEE32127-4D0B-4560-A39C-4EAA5B189B70.tiff,10258732
86,TCGA-BH-A0W5-01Z-00-DX1.84EA3913-667B-4694-A0F0-E629CAC615C8,1,4,3660.548778,13459,256,55.907,51165.937,1.062,2471.117,53694.023,kvikio,virchow2,warm,,tiff5x,/home/ec2-user/wsi-cloud/runs/2026-08-23-063822-weka-s7-7.5.b-endurance-all-four-4hr/heatmaps/proc1/TCGA-BH-A0W5-01Z-00-DX1.84EA3913-667B-4694-A0F0-E629CAC615C8.tiff,8537687
87,TCGA-D8-A1JI-01Z-00-DX2.E688E270-26C9-43EC-BC26-86BF8B74A31D,1,4,3714.242952,8616,256,37.841,32911.305,0.579,1154.819,34104.545,kvikio,virchow2,warm,,tiff5x,/home/ec2-user/wsi-cloud/runs/2026-08-23-063822-weka-s7-7.5.b-endurance-all-four-4hr/heatmaps/proc1/TCGA-D8-A1JI-01Z-00-DX2.E688E270-26C9-43EC-BC26-86BF8B74A31D.tiff,5274623
88,TCGA-E2-A15E-06Z-00-DX1.D394A007-91A2-4445-9B4A-1629EE684A51,1,4,3748.347632,16165,256,64.954,61768.114,1.203,2982.182,64816.453,kvikio,virchow2,warm,,tiff5x,/home/ec2-user/wsi-cloud/runs/2026-08-23-063822-weka-s7-7.5.b-endurance-all-four-4hr/heatmaps/proc1/TCGA-E2-A15E-06Z-00-DX1.D394A007-91A2-4445-9B4A-1629EE684A51.tiff,10636434
89,TCGA-E9-A1RD-01Z-00-DX1.34083668-cbd2-4610-b857-d50ee9f3e5bd,1,4,3813.164242,8753,256,41.986,33262.839,0.599,1146.656,34452.081,kvikio,virchow2,warm,,tiff5x,/home/ec2-user/wsi-cloud/runs/2026-08-23-063822-weka-s7-7.5.b-endurance-all-four-4hr/heatmaps/proc1/TCGA-E9-A1RD-01Z-00-DX1.34083668-cbd2-4610-b857-d50ee9f3e5bd.tiff,5149354
90,TCGA-Z7-A8R6-01Z-00-DX1.CE4ED818-D762-4324-9DEA-2ACB38B9B0B9,1,4,3847.616475,16460,256,76.660,62744.387,1.160,2173.411,64995.618,kvikio,virchow2,warm,,tiff5x,/home/ec2-user/wsi-cloud/runs/2026-08-23-063822-weka-s7-7.5.b-endurance-all-four-4hr/heatmaps/proc1/TCGA-Z7-A8R6-01Z-00-DX1.CE4ED818-D762-4324-9DEA-2ACB38B9B0B9.tiff,9709762
91,TCGA-A2-A0EO-01Z-00-DX1.D7A09E23-2CAB-4B3B-814C-BF0BA75B7589,1,4,3912.612437,11520,256,51.889,43974.620,0.953,1658.796,45686.259,kvikio,virchow2,warm,,tiff5x,/home/ec2-user/wsi-cloud/runs/2026-08-23-063822-weka-s7-7.5.b-endurance-all-four-4hr/heatmaps/proc1/TCGA-A2-A0EO-01Z-00-DX1.D7A09E23-2CAB-4B3B-814C-BF0BA75B7589.tiff,6985972
92,TCGA-A2-A1FV-01Z-00-DX1.F70ACD9A-7819-4296-BD28-4D24BBA8AFF4,1,4,3958.298843,19432,256,75.835,73954.830,1.442,3012.888,77044.996,kvikio,virchow2,warm,,tiff5x,/home/ec2-user/wsi-cloud/runs/2026-08-23-063822-weka-s7-7.5.b-endurance-all-four-4hr/heatmaps/proc1/TCGA-A2-A1FV-01Z-00-DX1.F70ACD9A-7819-4296-BD28-4D24BBA8AFF4.tiff,11587226
93,TCGA-A7-A4SB-01Z-00-DX1.E8925605-5189-441E-A719-92CFC1118B0B,1,4,4035.343982,2177,256,9.056,8195.150,0.966,1882.090,10087.262,kvikio,virchow2,warm,,tiff5x,/home/ec2-user/wsi-cloud/runs/2026-08-23-063822-weka-s7-7.5.b-endurance-all-four-4hr/heatmaps/proc1/TCGA-A7-A4SB-01Z-00-DX1.E8925605-5189-441E-A719-92CFC1118B0B.tiff,1979887
94,TCGA-A8-A07L-01Z-00-DX1.D9E1051F-724E-4E88-940A-C97005DC5BEB,1,4,4045.431389,1988,256,8.735,7464.433,0.844,267.596,7741.608,kvikio,virchow2,warm,,tiff5x,/home/ec2-user/wsi-cloud/runs/2026-08-23-063822-weka-s7-7.5.b-endurance-all-four-4hr/heatmaps/proc1/TCGA-A8-A07L-01Z-00-DX1.D9E1051F-724E-4E88-940A-C97005DC5BEB.tiff,1410273
95,TCGA-AC-A3TN-01Z-00-DX1.F00E81C7-0CA2-49E8-A30F-DE423538E93C,1,4,4053.173136,4478,256,21.361,16985.888,0.534,817.666,17825.448,kvikio,virchow2,warm,,tiff5x,/home/ec2-user/wsi-cloud/runs/2026-08-23-063822-weka-s7-7.5.b-endurance-all-four-4hr/heatmaps/proc1/TCGA-AC-A3TN-01Z-00-DX1.F00E81C7-0CA2-49E8-A30F-DE423538E93C.tiff,3455403
96,TCGA-AR-A0U1-01Z-00-DX1.276433E7-E841-42D2-AF21-762F2FEA3B9B,1,4,4070.998722,8980,256,33.870,34220.102,0.621,1495.038,35749.631,kvikio,virchow2,warm,,tiff5x,/home/ec2-user/wsi-cloud/runs/2026-08-23-063822-weka-s7-7.5.b-endurance-all-four-4hr/heatmaps/proc1/TCGA-AR-A0U1-01Z-00-DX1.276433E7-E841-42D2-AF21-762F2FEA3B9B.tiff,6061891
97,TCGA-AR-A2LN-01Z-00-DX1.3EF43524-28B8-4326-9356-6BCBC63A1DA8,1,4,4106.748500,13502,256,56.057,51467.135,0.972,2904.333,54428.498,kvikio,virchow2,warm,,tiff5x,/home/ec2-user/wsi-cloud/runs/2026-08-23-063822-weka-s7-7.5.b-endurance-all-four-4hr/heatmaps/proc1/TCGA-AR-A2LN-01Z-00-DX1.3EF43524-28B8-4326-9356-6BCBC63A1DA8.tiff,9132929
98,TCGA-BH-A0BS-01Z-00-DX1.FEE32127-4D0B-4560-A39C-4EAA5B189B70,1,4,4161.177146,14377,256,55.780,54743.772,0.982,2636.034,57436.568,kvikio,virchow2,warm,,tiff5x,/home/ec2-user/wsi-cloud/runs/2026-08-23-063822-weka-s7-7.5.b-endurance-all-four-4hr/heatmaps/proc1/TCGA-BH-A0BS-01Z-00-DX1.FEE32127-4D0B-4560-A39C-4EAA5B189B70.tiff,10258732
99,TCGA-BH-A0W5-01Z-00-DX1.84EA3913-667B-4694-A0F0-E629CAC615C8,1,4,4218.613862,13459,256,56.891,51355.128,1.165,2422.313,53835.498,kvikio,virchow2,warm,,tiff5x,/home/ec2-user/wsi-cloud/runs/2026-08-23-063822-weka-s7-7.5.b-endurance-all-four-4hr/heatmaps/proc1/TCGA-BH-A0W5-01Z-00-DX1.84EA3913-667B-4694-A0F0-E629CAC615C8.tiff,8537687
100,TCGA-D8-A1JI-01Z-00-DX2.E688E270-26C9-43EC-BC26-86BF8B74A31D,1,4,4272.449541,8616,256,40.249,32846.982,1.050,1216.965,34105.247,kvikio,virchow2,warm,,tiff5x,/home/ec2-user/wsi-cloud/runs/2026-08-23-063822-weka-s7-7.5.b-endurance-all-four-4hr/heatmaps/proc1/TCGA-D8-A1JI-01Z-00-DX2.E688E270-26C9-43EC-BC26-86BF8B74A31D.tiff,5274623
101,TCGA-E2-A15E-06Z-00-DX1.D394A007-91A2-4445-9B4A-1629EE684A51,1,4,4306.554939,16165,256,65.627,61796.537,1.218,2978.999,64842.382,kvikio,virchow2,warm,,tiff5x,/home/ec2-user/wsi-cloud/runs/2026-08-23-063822-weka-s7-7.5.b-endurance-all-four-4hr/heatmaps/proc1/TCGA-E2-A15E-06Z-00-DX1.D394A007-91A2-4445-9B4A-1629EE684A51.tiff,10636434
102,TCGA-E9-A1RD-01Z-00-DX1.34083668-cbd2-4610-b857-d50ee9f3e5bd,1,4,4371.397496,8753,256,36.970,33194.108,0.594,1144.472,34376.144,kvikio,virchow2,warm,,tiff5x,/home/ec2-user/wsi-cloud/runs/2026-08-23-063822-weka-s7-7.5.b-endurance-all-four-4hr/heatmaps/proc1/TCGA-E9-A1RD-01Z-00-DX1.34083668-cbd2-4610-b857-d50ee9f3e5bd.tiff,5149354
103,TCGA-Z7-A8R6-01Z-00-DX1.CE4ED818-D762-4324-9DEA-2ACB38B9B0B9,1,4,4405.773778,16460,256,63.875,62820.621,1.284,2242.521,65128.300,kvikio,virchow2,warm,,tiff5x,/home/ec2-user/wsi-cloud/runs/2026-08-23-063822-weka-s7-7.5.b-endurance-all-four-4hr/heatmaps/proc1/TCGA-Z7-A8R6-01Z-00-DX1.CE4ED818-D762-4324-9DEA-2ACB38B9B0B9.tiff,9709762
104,TCGA-A2-A0EO-01Z-00-DX1.D7A09E23-2CAB-4B3B-814C-BF0BA75B7589,1,4,4470.902237,11520,256,52.760,42632.480,0.752,1659.108,44345.100,kvikio,virchow2,warm,,tiff5x,/home/ec2-user/wsi-cloud/runs/2026-08-23-063822-weka-s7-7.5.b-endurance-all-four-4hr/heatmaps/proc1/TCGA-A2-A0EO-01Z-00-DX1.D7A09E23-2CAB-4B3B-814C-BF0BA75B7589.tiff,6985972
105,TCGA-A2-A1FV-01Z-00-DX1.F70ACD9A-7819-4296-BD28-4D24BBA8AFF4,1,4,4515.247481,19432,256,80.022,73423.171,1.416,3027.392,76532.002,kvikio,virchow2,warm,,tiff5x,/home/ec2-user/wsi-cloud/runs/2026-08-23-063822-weka-s7-7.5.b-endurance-all-four-4hr/heatmaps/proc1/TCGA-A2-A1FV-01Z-00-DX1.F70ACD9A-7819-4296-BD28-4D24BBA8AFF4.tiff,11587226
106,TCGA-A7-A4SB-01Z-00-DX1.E8925605-5189-441E-A719-92CFC1118B0B,1,4,4591.779628,2177,256,10.169,7982.789,0.723,1895.884,9889.564,kvikio,virchow2,warm,,tiff5x,/home/ec2-user/wsi-cloud/runs/2026-08-23-063822-weka-s7-7.5.b-endurance-all-four-4hr/heatmaps/proc1/TCGA-A7-A4SB-01Z-00-DX1.E8925605-5189-441E-A719-92CFC1118B0B.tiff,1979887
107,TCGA-A8-A07L-01Z-00-DX1.D9E1051F-724E-4E88-940A-C97005DC5BEB,1,4,4601.669342,1988,256,10.530,7223.079,0.578,269.215,7503.402,kvikio,virchow2,warm,,tiff5x,/home/ec2-user/wsi-cloud/runs/2026-08-23-063822-weka-s7-7.5.b-endurance-all-four-4hr/heatmaps/proc1/TCGA-A8-A07L-01Z-00-DX1.D9E1051F-724E-4E88-940A-C97005DC5BEB.tiff,1410273
108,TCGA-AC-A3TN-01Z-00-DX1.F00E81C7-0CA2-49E8-A30F-DE423538E93C,1,4,4609.172884,4478,256,21.529,16312.939,0.556,821.235,17156.259,kvikio,virchow2,warm,,tiff5x,/home/ec2-user/wsi-cloud/runs/2026-08-23-063822-weka-s7-7.5.b-endurance-all-four-4hr/heatmaps/proc1/TCGA-AC-A3TN-01Z-00-DX1.F00E81C7-0CA2-49E8-A30F-DE423538E93C.tiff,3455403
109,TCGA-AR-A0U1-01Z-00-DX1.276433E7-E841-42D2-AF21-762F2FEA3B9B,1,4,4626.329287,8980,256,33.624,33023.951,0.537,1468.728,34526.840,kvikio,virchow2,warm,,tiff5x,/home/ec2-user/wsi-cloud/runs/2026-08-23-063822-weka-s7-7.5.b-endurance-all-four-4hr/heatmaps/proc1/TCGA-AR-A0U1-01Z-00-DX1.276433E7-E841-42D2-AF21-762F2FEA3B9B.tiff,6061891
110,TCGA-AR-A2LN-01Z-00-DX1.3EF43524-28B8-4326-9356-6BCBC63A1DA8,1,4,4660.856274,13502,256,49.952,50944.983,0.956,2923.082,53918.973,kvikio,virchow2,warm,,tiff5x,/home/ec2-user/wsi-cloud/runs/2026-08-23-063822-weka-s7-7.5.b-endurance-all-four-4hr/heatmaps/proc1/TCGA-AR-A2LN-01Z-00-DX1.3EF43524-28B8-4326-9356-6BCBC63A1DA8.tiff,9132929
111,TCGA-BH-A0BS-01Z-00-DX1.FEE32127-4D0B-4560-A39C-4EAA5B189B70,1,4,4714.775391,14377,256,55.221,52441.412,0.954,2498.148,54995.735,kvikio,virchow2,warm,,tiff5x,/home/ec2-user/wsi-cloud/runs/2026-08-23-063822-weka-s7-7.5.b-endurance-all-four-4hr/heatmaps/proc1/TCGA-BH-A0BS-01Z-00-DX1.FEE32127-4D0B-4560-A39C-4EAA5B189B70.tiff,10258732
112,TCGA-BH-A0W5-01Z-00-DX1.84EA3913-667B-4694-A0F0-E629CAC615C8,1,4,4769.771272,13459,256,49.421,49328.172,0.946,2344.041,51722.581,kvikio,virchow2,warm,,tiff5x,/home/ec2-user/wsi-cloud/runs/2026-08-23-063822-weka-s7-7.5.b-endurance-all-four-4hr/heatmaps/proc1/TCGA-BH-A0W5-01Z-00-DX1.84EA3913-667B-4694-A0F0-E629CAC615C8.tiff,8537687
113,TCGA-D8-A1JI-01Z-00-DX2.E688E270-26C9-43EC-BC26-86BF8B74A31D,1,4,4821.493993,8616,256,42.882,32521.027,0.568,1157.556,33722.033,kvikio,virchow2,warm,,tiff5x,/home/ec2-user/wsi-cloud/runs/2026-08-23-063822-weka-s7-7.5.b-endurance-all-four-4hr/heatmaps/proc1/TCGA-D8-A1JI-01Z-00-DX2.E688E270-26C9-43EC-BC26-86BF8B74A31D.tiff,5274623
114,TCGA-E2-A15E-06Z-00-DX1.D394A007-91A2-4445-9B4A-1629EE684A51,1,4,4855.216160,16165,256,61.578,61428.400,1.129,2997.354,64488.461,kvikio,virchow2,warm,,tiff5x,/home/ec2-user/wsi-cloud/runs/2026-08-23-063822-weka-s7-7.5.b-endurance-all-four-4hr/heatmaps/proc1/TCGA-E2-A15E-06Z-00-DX1.D394A007-91A2-4445-9B4A-1629EE684A51.tiff,10636434
115,TCGA-E9-A1RD-01Z-00-DX1.34083668-cbd2-4610-b857-d50ee9f3e5bd,1,4,4919.704766,8753,256,36.399,32399.432,0.570,1155.593,33591.994,kvikio,virchow2,warm,,tiff5x,/home/ec2-user/wsi-cloud/runs/2026-08-23-063822-weka-s7-7.5.b-endurance-all-four-4hr/heatmaps/proc1/TCGA-E9-A1RD-01Z-00-DX1.34083668-cbd2-4610-b857-d50ee9f3e5bd.tiff,5149354
116,TCGA-Z7-A8R6-01Z-00-DX1.CE4ED818-D762-4324-9DEA-2ACB38B9B0B9,1,4,4953.296895,16460,256,63.263,62207.254,1.138,2261.254,64532.908,kvikio,virchow2,warm,,tiff5x,/home/ec2-user/wsi-cloud/runs/2026-08-23-063822-weka-s7-7.5.b-endurance-all-four-4hr/heatmaps/proc1/TCGA-Z7-A8R6-01Z-00-DX1.CE4ED818-D762-4324-9DEA-2ACB38B9B0B9.tiff,9709762
117,TCGA-A2-A0EO-01Z-00-DX1.D7A09E23-2CAB-4B3B-814C-BF0BA75B7589,1,4,5017.829956,11520,256,48.732,42466.477,0.732,1662.108,44178.049,kvikio,virchow2,warm,,tiff5x,/home/ec2-user/wsi-cloud/runs/2026-08-23-063822-weka-s7-7.5.b-endurance-all-four-4hr/heatmaps/proc1/TCGA-A2-A0EO-01Z-00-DX1.D7A09E23-2CAB-4B3B-814C-BF0BA75B7589.tiff,6985972
118,TCGA-A2-A1FV-01Z-00-DX1.F70ACD9A-7819-4296-BD28-4D24BBA8AFF4,1,4,5062.008163,19432,256,90.713,72975.027,1.525,3047.139,76114.404,kvikio,virchow2,warm,,tiff5x,/home/ec2-user/wsi-cloud/runs/2026-08-23-063822-weka-s7-7.5.b-endurance-all-four-4hr/heatmaps/proc1/TCGA-A2-A1FV-01Z-00-DX1.F70ACD9A-7819-4296-BD28-4D24BBA8AFF4.tiff,11587226
119,TCGA-A7-A4SB-01Z-00-DX1.E8925605-5189-441E-A719-92CFC1118B0B,1,4,5138.122710,2177,256,11.221,7946.502,0.692,1859.250,9817.664,kvikio,virchow2,warm,,tiff5x,/home/ec2-user/wsi-cloud/runs/2026-08-23-063822-weka-s7-7.5.b-endurance-all-four-4hr/heatmaps/proc1/TCGA-A7-A4SB-01Z-00-DX1.E8925605-5189-441E-A719-92CFC1118B0B.tiff,1979887
120,TCGA-A8-A07L-01Z-00-DX1.D9E1051F-724E-4E88-940A-C97005DC5BEB,1,4,5147.940505,1988,256,8.656,7280.365,0.588,261.333,7550.942,kvikio,virchow2,warm,,tiff5x,/home/ec2-user/wsi-cloud/runs/2026-08-23-063822-weka-s7-7.5.b-endurance-all-four-4hr/heatmaps/proc1/TCGA-A8-A07L-01Z-00-DX1.D9E1051F-724E-4E88-940A-C97005DC5BEB.tiff,1410273
121,TCGA-AC-A3TN-01Z-00-DX1.F00E81C7-0CA2-49E8-A30F-DE423538E93C,1,4,5155.491580,4478,256,20.067,16400.718,0.567,820.156,17241.507,kvikio,virchow2,warm,,tiff5x,/home/ec2-user/wsi-cloud/runs/2026-08-23-063822-weka-s7-7.5.b-endurance-all-four-4hr/heatmaps/proc1/TCGA-AC-A3TN-01Z-00-DX1.F00E81C7-0CA2-49E8-A30F-DE423538E93C.tiff,3455403
122,TCGA-AR-A0U1-01Z-00-DX1.276433E7-E841-42D2-AF21-762F2FEA3B9B,1,4,5172.733435,8980,256,39.274,33485.319,0.564,1462.218,34987.376,kvikio,virchow2,warm,,tiff5x,/home/ec2-user/wsi-cloud/runs/2026-08-23-063822-weka-s7-7.5.b-endurance-all-four-4hr/heatmaps/proc1/TCGA-AR-A0U1-01Z-00-DX1.276433E7-E841-42D2-AF21-762F2FEA3B9B.tiff,6061891
123,TCGA-AR-A2LN-01Z-00-DX1.3EF43524-28B8-4326-9356-6BCBC63A1DA8,1,4,5207.720954,13502,256,59.776,50903.695,1.126,2974.060,53938.657,kvikio,virchow2,warm,,tiff5x,/home/ec2-user/wsi-cloud/runs/2026-08-23-063822-weka-s7-7.5.b-endurance-all-four-4hr/heatmaps/proc1/TCGA-AR-A2LN-01Z-00-DX1.3EF43524-28B8-4326-9356-6BCBC63A1DA8.tiff,9132929
124,TCGA-BH-A0BS-01Z-00-DX1.FEE32127-4D0B-4560-A39C-4EAA5B189B70,1,4,5261.659759,14377,256,59.743,53998.202,1.023,2529.335,56588.303,kvikio,virchow2,warm,,tiff5x,/home/ec2-user/wsi-cloud/runs/2026-08-23-063822-weka-s7-7.5.b-endurance-all-four-4hr/heatmaps/proc1/TCGA-BH-A0BS-01Z-00-DX1.FEE32127-4D0B-4560-A39C-4EAA5B189B70.tiff,10258732
125,TCGA-BH-A0W5-01Z-00-DX1.84EA3913-667B-4694-A0F0-E629CAC615C8,1,4,5318.248206,13459,256,56.504,50263.716,1.119,2544.609,52865.948,kvikio,virchow2,warm,,tiff5x,/home/ec2-user/wsi-cloud/runs/2026-08-23-063822-weka-s7-7.5.b-endurance-all-four-4hr/heatmaps/proc1/TCGA-BH-A0W5-01Z-00-DX1.84EA3913-667B-4694-A0F0-E629CAC615C8.tiff,8537687
126,TCGA-D8-A1JI-01Z-00-DX2.E688E270-26C9-43EC-BC26-86BF8B74A31D,1,4,5371.114311,8616,256,39.325,32312.077,0.594,1152.740,33504.736,kvikio,virchow2,warm,,tiff5x,/home/ec2-user/wsi-cloud/runs/2026-08-23-063822-weka-s7-7.5.b-endurance-all-four-4hr/heatmaps/proc1/TCGA-D8-A1JI-01Z-00-DX2.E688E270-26C9-43EC-BC26-86BF8B74A31D.tiff,5274623
127,TCGA-E2-A15E-06Z-00-DX1.D394A007-91A2-4445-9B4A-1629EE684A51,1,4,5404.619217,16165,256,68.070,60849.860,1.192,2976.241,63895.362,kvikio,virchow2,warm,,tiff5x,/home/ec2-user/wsi-cloud/runs/2026-08-23-063822-weka-s7-7.5.b-endurance-all-four-4hr/heatmaps/proc1/TCGA-E2-A15E-06Z-00-DX1.D394A007-91A2-4445-9B4A-1629EE684A51.tiff,10636434
128,TCGA-E9-A1RD-01Z-00-DX1.34083668-cbd2-4610-b857-d50ee9f3e5bd,1,4,5468.514742,8753,256,33.808,32724.109,0.628,1155.241,33913.785,kvikio,virchow2,warm,,tiff5x,/home/ec2-user/wsi-cloud/runs/2026-08-23-063822-weka-s7-7.5.b-endurance-all-four-4hr/heatmaps/proc1/TCGA-E9-A1RD-01Z-00-DX1.34083668-cbd2-4610-b857-d50ee9f3e5bd.tiff,5149354
129,TCGA-Z7-A8R6-01Z-00-DX1.CE4ED818-D762-4324-9DEA-2ACB38B9B0B9,1,4,5502.428673,16460,256,68.032,62860.637,1.163,2193.068,65122.900,kvikio,virchow2,warm,,tiff5x,/home/ec2-user/wsi-cloud/runs/2026-08-23-063822-weka-s7-7.5.b-endurance-all-four-4hr/heatmaps/proc1/TCGA-Z7-A8R6-01Z-00-DX1.CE4ED818-D762-4324-9DEA-2ACB38B9B0B9.tiff,9709762
130,TCGA-A2-A0EO-01Z-00-DX1.D7A09E23-2CAB-4B3B-814C-BF0BA75B7589,1,4,5567.551722,11520,256,44.771,43774.829,0.800,1668.546,45488.946,kvikio,virchow2,warm,,tiff5x,/home/ec2-user/wsi-cloud/runs/2026-08-23-063822-weka-s7-7.5.b-endurance-all-four-4hr/heatmaps/proc1/TCGA-A2-A0EO-01Z-00-DX1.D7A09E23-2CAB-4B3B-814C-BF0BA75B7589.tiff,6985972
131,TCGA-A2-A1FV-01Z-00-DX1.F70ACD9A-7819-4296-BD28-4D24BBA8AFF4,1,4,5613.040821,19432,256,78.186,74279.305,1.475,3047.119,77406.085,kvikio,virchow2,warm,,tiff5x,/home/ec2-user/wsi-cloud/runs/2026-08-23-063822-weka-s7-7.5.b-endurance-all-four-4hr/heatmaps/proc1/TCGA-A2-A1FV-01Z-00-DX1.F70ACD9A-7819-4296-BD28-4D24BBA8AFF4.tiff,11587226
132,TCGA-A7-A4SB-01Z-00-DX1.E8925605-5189-441E-A719-92CFC1118B0B,1,4,5690.447055,2177,256,11.959,8249.435,0.700,1972.411,10234.505,kvikio,virchow2,warm,,tiff5x,/home/ec2-user/wsi-cloud/runs/2026-08-23-063822-weka-s7-7.5.b-endurance-all-four-4hr/heatmaps/proc1/TCGA-A7-A4SB-01Z-00-DX1.E8925605-5189-441E-A719-92CFC1118B0B.tiff,1979887
133,TCGA-A8-A07L-01Z-00-DX1.D9E1051F-724E-4E88-940A-C97005DC5BEB,1,4,5700.681702,1988,256,8.578,7463.912,0.823,277.380,7750.692,kvikio,virchow2,warm,,tiff5x,/home/ec2-user/wsi-cloud/runs/2026-08-23-063822-weka-s7-7.5.b-endurance-all-four-4hr/heatmaps/proc1/TCGA-A8-A07L-01Z-00-DX1.D9E1051F-724E-4E88-940A-C97005DC5BEB.tiff,1410273
134,TCGA-AC-A3TN-01Z-00-DX1.F00E81C7-0CA2-49E8-A30F-DE423538E93C,1,4,5708.432537,4478,256,21.769,16939.441,0.610,824.377,17786.198,kvikio,virchow2,warm,,tiff5x,/home/ec2-user/wsi-cloud/runs/2026-08-23-063822-weka-s7-7.5.b-endurance-all-four-4hr/heatmaps/proc1/TCGA-AC-A3TN-01Z-00-DX1.F00E81C7-0CA2-49E8-A30F-DE423538E93C.tiff,3455403
135,TCGA-AR-A0U1-01Z-00-DX1.276433E7-E841-42D2-AF21-762F2FEA3B9B,1,4,5726.218880,8980,256,34.273,34289.281,0.550,1471.960,35796.065,kvikio,virchow2,warm,,tiff5x,/home/ec2-user/wsi-cloud/runs/2026-08-23-063822-weka-s7-7.5.b-endurance-all-four-4hr/heatmaps/proc1/TCGA-AR-A0U1-01Z-00-DX1.276433E7-E841-42D2-AF21-762F2FEA3B9B.tiff,6061891
136,TCGA-AR-A2LN-01Z-00-DX1.3EF43524-28B8-4326-9356-6BCBC63A1DA8,1,4,5762.015096,13502,256,57.163,51382.736,0.964,2926.091,54366.954,kvikio,virchow2,warm,,tiff5x,/home/ec2-user/wsi-cloud/runs/2026-08-23-063822-weka-s7-7.5.b-endurance-all-four-4hr/heatmaps/proc1/TCGA-AR-A2LN-01Z-00-DX1.3EF43524-28B8-4326-9356-6BCBC63A1DA8.tiff,9132929
137,TCGA-BH-A0BS-01Z-00-DX1.FEE32127-4D0B-4560-A39C-4EAA5B189B70,1,4,5816.382209,14377,256,62.229,54572.422,0.974,2519.758,57155.382,kvikio,virchow2,warm,,tiff5x,/home/ec2-user/wsi-cloud/runs/2026-08-23-063822-weka-s7-7.5.b-endurance-all-four-4hr/heatmaps/proc1/TCGA-BH-A0BS-01Z-00-DX1.FEE32127-4D0B-4560-A39C-4EAA5B189B70.tiff,10258732
138,TCGA-BH-A0W5-01Z-00-DX1.84EA3913-667B-4694-A0F0-E629CAC615C8,1,4,5873.537733,13459,256,51.045,51234.698,0.950,2465.956,53752.648,kvikio,virchow2,warm,,tiff5x,/home/ec2-user/wsi-cloud/runs/2026-08-23-063822-weka-s7-7.5.b-endurance-all-four-4hr/heatmaps/proc1/TCGA-BH-A0W5-01Z-00-DX1.84EA3913-667B-4694-A0F0-E629CAC615C8.tiff,8537687
139,TCGA-D8-A1JI-01Z-00-DX2.E688E270-26C9-43EC-BC26-86BF8B74A31D,1,4,5927.290530,8616,256,37.462,31934.166,0.575,1158.708,33130.911,kvikio,virchow2,warm,,tiff5x,/home/ec2-user/wsi-cloud/runs/2026-08-23-063822-weka-s7-7.5.b-endurance-all-four-4hr/heatmaps/proc1/TCGA-D8-A1JI-01Z-00-DX2.E688E270-26C9-43EC-BC26-86BF8B74A31D.tiff,5274623
140,TCGA-E2-A15E-06Z-00-DX1.D394A007-91A2-4445-9B4A-1629EE684A51,1,4,5960.421583,16165,256,65.410,60774.672,1.143,2876.700,63717.924,kvikio,virchow2,warm,,tiff5x,/home/ec2-user/wsi-cloud/runs/2026-08-23-063822-weka-s7-7.5.b-endurance-all-four-4hr/heatmaps/proc1/TCGA-E2-A15E-06Z-00-DX1.D394A007-91A2-4445-9B4A-1629EE684A51.tiff,10636434
141,TCGA-E9-A1RD-01Z-00-DX1.34083668-cbd2-4610-b857-d50ee9f3e5bd,1,4,6024.139657,8753,256,36.173,32415.487,0.579,1153.291,33605.529,kvikio,virchow2,warm,,tiff5x,/home/ec2-user/wsi-cloud/runs/2026-08-23-063822-weka-s7-7.5.b-endurance-all-four-4hr/heatmaps/proc1/TCGA-E9-A1RD-01Z-00-DX1.34083668-cbd2-4610-b857-d50ee9f3e5bd.tiff,5149354
142,TCGA-Z7-A8R6-01Z-00-DX1.CE4ED818-D762-4324-9DEA-2ACB38B9B0B9,1,4,6057.745324,16460,256,62.549,62030.735,1.141,2193.202,64287.628,kvikio,virchow2,warm,,tiff5x,/home/ec2-user/wsi-cloud/runs/2026-08-23-063822-weka-s7-7.5.b-endurance-all-four-4hr/heatmaps/proc1/TCGA-Z7-A8R6-01Z-00-DX1.CE4ED818-D762-4324-9DEA-2ACB38B9B0B9.tiff,9709762
143,TCGA-A2-A0EO-01Z-00-DX1.D7A09E23-2CAB-4B3B-814C-BF0BA75B7589,1,4,6122.033106,11520,256,44.675,42485.766,0.751,1648.386,44179.578,kvikio,virchow2,warm,,tiff5x,/home/ec2-user/wsi-cloud/runs/2026-08-23-063822-weka-s7-7.5.b-endurance-all-four-4hr/heatmaps/proc1/TCGA-A2-A0EO-01Z-00-DX1.D7A09E23-2CAB-4B3B-814C-BF0BA75B7589.tiff,6985972
144,TCGA-A2-A1FV-01Z-00-DX1.F70ACD9A-7819-4296-BD28-4D24BBA8AFF4,1,4,6166.212832,19432,256,81.718,72366.023,1.588,3185.646,75634.975,kvikio,virchow2,warm,,tiff5x,/home/ec2-user/wsi-cloud/runs/2026-08-23-063822-weka-s7-7.5.b-endurance-all-four-4hr/heatmaps/proc1/TCGA-A2-A1FV-01Z-00-DX1.F70ACD9A-7819-4296-BD28-4D24BBA8AFF4.tiff,11587226
145,TCGA-A7-A4SB-01Z-00-DX1.E8925605-5189-441E-A719-92CFC1118B0B,1,4,6241.847962,2177,256,10.861,8143.986,0.834,1910.710,10066.390,kvikio,virchow2,warm,,tiff5x,/home/ec2-user/wsi-cloud/runs/2026-08-23-063822-weka-s7-7.5.b-endurance-all-four-4hr/heatmaps/proc1/TCGA-A7-A4SB-01Z-00-DX1.E8925605-5189-441E-A719-92CFC1118B0B.tiff,1979887
146,TCGA-A8-A07L-01Z-00-DX1.D9E1051F-724E-4E88-940A-C97005DC5BEB,1,4,6251.914503,1988,256,9.935,7350.244,0.547,262.713,7623.439,kvikio,virchow2,warm,,tiff5x,/home/ec2-user/wsi-cloud/runs/2026-08-23-063822-weka-s7-7.5.b-endurance-all-four-4hr/heatmaps/proc1/TCGA-A8-A07L-01Z-00-DX1.D9E1051F-724E-4E88-940A-C97005DC5BEB.tiff,1410273
147,TCGA-AC-A3TN-01Z-00-DX1.F00E81C7-0CA2-49E8-A30F-DE423538E93C,1,4,6259.538075,4478,256,21.270,16510.102,0.560,821.935,17353.867,kvikio,virchow2,warm,,tiff5x,/home/ec2-user/wsi-cloud/runs/2026-08-23-063822-weka-s7-7.5.b-endurance-all-four-4hr/heatmaps/proc1/TCGA-AC-A3TN-01Z-00-DX1.F00E81C7-0CA2-49E8-A30F-DE423538E93C.tiff,3455403
148,TCGA-AR-A0U1-01Z-00-DX1.276433E7-E841-42D2-AF21-762F2FEA3B9B,1,4,6276.892082,8980,256,34.933,33254.361,0.559,1465.367,34755.220,kvikio,virchow2,warm,,tiff5x,/home/ec2-user/wsi-cloud/runs/2026-08-23-063822-weka-s7-7.5.b-endurance-all-four-4hr/heatmaps/proc1/TCGA-AR-A0U1-01Z-00-DX1.276433E7-E841-42D2-AF21-762F2FEA3B9B.tiff,6061891
149,TCGA-AR-A2LN-01Z-00-DX1.3EF43524-28B8-4326-9356-6BCBC63A1DA8,1,4,6311.647452,13502,256,56.726,50868.006,0.951,2906.095,53831.779,kvikio,virchow2,warm,,tiff5x,/home/ec2-user/wsi-cloud/runs/2026-08-23-063822-weka-s7-7.5.b-endurance-all-four-4hr/heatmaps/proc1/TCGA-AR-A2LN-01Z-00-DX1.3EF43524-28B8-4326-9356-6BCBC63A1DA8.tiff,9132929
150,TCGA-BH-A0BS-01Z-00-DX1.FEE32127-4D0B-4560-A39C-4EAA5B189B70,1,4,6365.479530,14377,256,58.603,52243.951,0.951,2508.842,54812.346,kvikio,virchow2,warm,,tiff5x,/home/ec2-user/wsi-cloud/runs/2026-08-23-063822-weka-s7-7.5.b-endurance-all-four-4hr/heatmaps/proc1/TCGA-BH-A0BS-01Z-00-DX1.FEE32127-4D0B-4560-A39C-4EAA5B189B70.tiff,10258732
151,TCGA-BH-A0W5-01Z-00-DX1.84EA3913-667B-4694-A0F0-E629CAC615C8,1,4,6420.292026,13459,256,58.554,49231.770,0.967,2469.380,51760.672,kvikio,virchow2,warm,,tiff5x,/home/ec2-user/wsi-cloud/runs/2026-08-23-063822-weka-s7-7.5.b-endurance-all-four-4hr/heatmaps/proc1/TCGA-BH-A0W5-01Z-00-DX1.84EA3913-667B-4694-A0F0-E629CAC615C8.tiff,8537687
152,TCGA-D8-A1JI-01Z-00-DX2.E688E270-26C9-43EC-BC26-86BF8B74A31D,1,4,6472.052856,8616,256,38.234,32460.648,0.737,1157.197,33656.815,kvikio,virchow2,warm,,tiff5x,/home/ec2-user/wsi-cloud/runs/2026-08-23-063822-weka-s7-7.5.b-endurance-all-four-4hr/heatmaps/proc1/TCGA-D8-A1JI-01Z-00-DX2.E688E270-26C9-43EC-BC26-86BF8B74A31D.tiff,5274623
153,TCGA-E2-A15E-06Z-00-DX1.D394A007-91A2-4445-9B4A-1629EE684A51,1,4,6505.709808,16165,256,62.805,60141.881,1.139,2875.730,63081.555,kvikio,virchow2,warm,,tiff5x,/home/ec2-user/wsi-cloud/runs/2026-08-23-063822-weka-s7-7.5.b-endurance-all-four-4hr/heatmaps/proc1/TCGA-E2-A15E-06Z-00-DX1.D394A007-91A2-4445-9B4A-1629EE684A51.tiff,10636434
154,TCGA-E9-A1RD-01Z-00-DX1.34083668-cbd2-4610-b857-d50ee9f3e5bd,1,4,6568.791511,8753,256,34.501,33220.557,0.609,1153.357,34409.023,kvikio,virchow2,warm,,tiff5x,/home/ec2-user/wsi-cloud/runs/2026-08-23-063822-weka-s7-7.5.b-endurance-all-four-4hr/heatmaps/proc1/TCGA-E9-A1RD-01Z-00-DX1.34083668-cbd2-4610-b857-d50ee9f3e5bd.tiff,5149354
155,TCGA-Z7-A8R6-01Z-00-DX1.CE4ED818-D762-4324-9DEA-2ACB38B9B0B9,1,4,6603.200680,16460,256,67.025,61711.121,1.163,2184.642,63963.951,kvikio,virchow2,warm,,tiff5x,/home/ec2-user/wsi-cloud/runs/2026-08-23-063822-weka-s7-7.5.b-endurance-all-four-4hr/heatmaps/proc1/TCGA-Z7-A8R6-01Z-00-DX1.CE4ED818-D762-4324-9DEA-2ACB38B9B0B9.tiff,9709762
156,TCGA-A2-A0EO-01Z-00-DX1.D7A09E23-2CAB-4B3B-814C-BF0BA75B7589,1,4,6667.164781,11520,256,49.046,43697.923,0.757,1676.484,45424.211,kvikio,virchow2,warm,,tiff5x,/home/ec2-user/wsi-cloud/runs/2026-08-23-063822-weka-s7-7.5.b-endurance-all-four-4hr/heatmaps/proc1/TCGA-A2-A0EO-01Z-00-DX1.D7A09E23-2CAB-4B3B-814C-BF0BA75B7589.tiff,6985972
157,TCGA-A2-A1FV-01Z-00-DX1.F70ACD9A-7819-4296-BD28-4D24BBA8AFF4,1,4,6712.589151,19432,256,82.212,71508.373,1.463,3045.012,74637.060,kvikio,virchow2,warm,,tiff5x,/home/ec2-user/wsi-cloud/runs/2026-08-23-063822-weka-s7-7.5.b-endurance-all-four-4hr/heatmaps/proc1/TCGA-A2-A1FV-01Z-00-DX1.F70ACD9A-7819-4296-BD28-4D24BBA8AFF4.tiff,11587226
158,TCGA-A7-A4SB-01Z-00-DX1.E8925605-5189-441E-A719-92CFC1118B0B,1,4,6787.226376,2177,256,13.011,8085.507,0.594,1873.293,9972.405,kvikio,virchow2,warm,,tiff5x,/home/ec2-user/wsi-cloud/runs/2026-08-23-063822-weka-s7-7.5.b-endurance-all-four-4hr/heatmaps/proc1/TCGA-A7-A4SB-01Z-00-DX1.E8925605-5189-441E-A719-92CFC1118B0B.tiff,1979887
159,TCGA-A8-A07L-01Z-00-DX1.D9E1051F-724E-4E88-940A-C97005DC5BEB,1,4,6797.198928,1988,256,9.974,7425.414,0.594,261.037,7697.019,kvikio,virchow2,warm,,tiff5x,/home/ec2-user/wsi-cloud/runs/2026-08-23-063822-weka-s7-7.5.b-endurance-all-four-4hr/heatmaps/proc1/TCGA-A8-A07L-01Z-00-DX1.D9E1051F-724E-4E88-940A-C97005DC5BEB.tiff,1410273
160,TCGA-AC-A3TN-01Z-00-DX1.F00E81C7-0CA2-49E8-A30F-DE423538E93C,1,4,6804.896080,4478,256,21.572,17121.938,0.565,823.443,17967.518,kvikio,virchow2,warm,,tiff5x,/home/ec2-user/wsi-cloud/runs/2026-08-23-063822-weka-s7-7.5.b-endurance-all-four-4hr/heatmaps/proc1/TCGA-AC-A3TN-01Z-00-DX1.F00E81C7-0CA2-49E8-A30F-DE423538E93C.tiff,3455403
161,TCGA-AR-A0U1-01Z-00-DX1.276433E7-E841-42D2-AF21-762F2FEA3B9B,1,4,6822.863728,8980,256,36.022,33785.423,0.563,1465.920,35287.928,kvikio,virchow2,warm,,tiff5x,/home/ec2-user/wsi-cloud/runs/2026-08-23-063822-weka-s7-7.5.b-endurance-all-four-4hr/heatmaps/proc1/TCGA-AR-A0U1-01Z-00-DX1.276433E7-E841-42D2-AF21-762F2FEA3B9B.tiff,6061891
162,TCGA-AR-A2LN-01Z-00-DX1.3EF43524-28B8-4326-9356-6BCBC63A1DA8,1,4,6858.151795,13502,256,50.818,50632.246,1.001,2924.489,53608.554,kvikio,virchow2,warm,,tiff5x,/home/ec2-user/wsi-cloud/runs/2026-08-23-063822-weka-s7-7.5.b-endurance-all-four-4hr/heatmaps/proc1/TCGA-AR-A2LN-01Z-00-DX1.3EF43524-28B8-4326-9356-6BCBC63A1DA8.tiff,9132929
163,TCGA-BH-A0BS-01Z-00-DX1.FEE32127-4D0B-4560-A39C-4EAA5B189B70,1,4,6911.760492,14377,256,59.917,54912.393,0.973,2643.725,57617.008,kvikio,virchow2,warm,,tiff5x,/home/ec2-user/wsi-cloud/runs/2026-08-23-063822-weka-s7-7.5.b-endurance-all-four-4hr/heatmaps/proc1/TCGA-BH-A0BS-01Z-00-DX1.FEE32127-4D0B-4560-A39C-4EAA5B189B70.tiff,10258732
164,TCGA-BH-A0W5-01Z-00-DX1.84EA3913-667B-4694-A0F0-E629CAC615C8,1,4,6969.377649,13459,256,54.771,51073.670,0.973,2336.751,53466.165,kvikio,virchow2,warm,,tiff5x,/home/ec2-user/wsi-cloud/runs/2026-08-23-063822-weka-s7-7.5.b-endurance-all-four-4hr/heatmaps/proc1/TCGA-BH-A0W5-01Z-00-DX1.84EA3913-667B-4694-A0F0-E629CAC615C8.tiff,8537687
165,TCGA-D8-A1JI-01Z-00-DX2.E688E270-26C9-43EC-BC26-86BF8B74A31D,1,4,7022.843962,8616,256,36.464,32919.100,0.724,1156.400,34112.688,kvikio,virchow2,warm,,tiff5x,/home/ec2-user/wsi-cloud/runs/2026-08-23-063822-weka-s7-7.5.b-endurance-all-four-4hr/heatmaps/proc1/TCGA-D8-A1JI-01Z-00-DX2.E688E270-26C9-43EC-BC26-86BF8B74A31D.tiff,5274623
166,TCGA-E2-A15E-06Z-00-DX1.D394A007-91A2-4445-9B4A-1629EE684A51,1,4,7056.956792,16165,256,64.552,61803.408,1.209,3024.957,64894.127,kvikio,virchow2,warm,,tiff5x,/home/ec2-user/wsi-cloud/runs/2026-08-23-063822-weka-s7-7.5.b-endurance-all-four-4hr/heatmaps/proc1/TCGA-E2-A15E-06Z-00-DX1.D394A007-91A2-4445-9B4A-1629EE684A51.tiff,10636434
167,TCGA-E9-A1RD-01Z-00-DX1.34083668-cbd2-4610-b857-d50ee9f3e5bd,1,4,7121.851067,8753,256,36.608,33101.781,0.580,1147.079,34286.048,kvikio,virchow2,warm,,tiff5x,/home/ec2-user/wsi-cloud/runs/2026-08-23-063822-weka-s7-7.5.b-endurance-all-four-4hr/heatmaps/proc1/TCGA-E9-A1RD-01Z-00-DX1.34083668-cbd2-4610-b857-d50ee9f3e5bd.tiff,5149354
168,TCGA-Z7-A8R6-01Z-00-DX1.CE4ED818-D762-4324-9DEA-2ACB38B9B0B9,1,4,7156.137251,16460,256,61.771,62778.724,1.291,2298.738,65140.524,kvikio,virchow2,warm,,tiff5x,/home/ec2-user/wsi-cloud/runs/2026-08-23-063822-weka-s7-7.5.b-endurance-all-four-4hr/heatmaps/proc1/TCGA-Z7-A8R6-01Z-00-DX1.CE4ED818-D762-4324-9DEA-2ACB38B9B0B9.tiff,9709762
169,TCGA-A2-A0EO-01Z-00-DX1.D7A09E23-2CAB-4B3B-814C-BF0BA75B7589,1,4,7221.277929,11520,256,51.091,43896.189,0.765,1656.930,45604.976,kvikio,virchow2,warm,,tiff5x,/home/ec2-user/wsi-cloud/runs/2026-08-23-063822-weka-s7-7.5.b-endurance-all-four-4hr/heatmaps/proc1/TCGA-A2-A0EO-01Z-00-DX1.D7A09E23-2CAB-4B3B-814C-BF0BA75B7589.tiff,6985972
170,TCGA-A2-A1FV-01Z-00-DX1.F70ACD9A-7819-4296-BD28-4D24BBA8AFF4,1,4,7266.883040,19432,256,77.324,74175.640,1.578,3146.328,77400.871,kvikio,virchow2,warm,,tiff5x,/home/ec2-user/wsi-cloud/runs/2026-08-23-063822-weka-s7-7.5.b-endurance-all-four-4hr/heatmaps/proc1/TCGA-A2-A1FV-01Z-00-DX1.F70ACD9A-7819-4296-BD28-4D24BBA8AFF4.tiff,11587226
171,TCGA-A7-A4SB-01Z-00-DX1.E8925605-5189-441E-A719-92CFC1118B0B,1,4,7344.284071,2177,256,11.443,8195.651,0.857,1926.434,10134.386,kvikio,virchow2,warm,,tiff5x,/home/ec2-user/wsi-cloud/runs/2026-08-23-063822-weka-s7-7.5.b-endurance-all-four-4hr/heatmaps/proc1/TCGA-A7-A4SB-01Z-00-DX1.E8925605-5189-441E-A719-92CFC1118B0B.tiff,1979887
172,TCGA-A8-A07L-01Z-00-DX1.D9E1051F-724E-4E88-940A-C97005DC5BEB,1,4,7354.418599,1988,256,8.790,7473.158,0.577,262.974,7745.500,kvikio,virchow2,warm,,tiff5x,/home/ec2-user/wsi-cloud/runs/2026-08-23-063822-weka-s7-7.5.b-endurance-all-four-4hr/heatmaps/proc1/TCGA-A8-A07L-01Z-00-DX1.D9E1051F-724E-4E88-940A-C97005DC5BEB.tiff,1410273
173,TCGA-AC-A3TN-01Z-00-DX1.F00E81C7-0CA2-49E8-A30F-DE423538E93C,1,4,7362.164232,4478,256,20.864,17001.537,0.534,816.628,17839.563,kvikio,virchow2,warm,,tiff5x,/home/ec2-user/wsi-cloud/runs/2026-08-23-063822-weka-s7-7.5.b-endurance-all-four-4hr/heatmaps/proc1/TCGA-AC-A3TN-01Z-00-DX1.F00E81C7-0CA2-49E8-A30F-DE423538E93C.tiff,3455403
174,TCGA-AR-A0U1-01Z-00-DX1.276433E7-E841-42D2-AF21-762F2FEA3B9B,1,4,7380.003934,8980,256,34.546,34209.059,0.558,1468.866,35713.028,kvikio,virchow2,warm,,tiff5x,/home/ec2-user/wsi-cloud/runs/2026-08-23-063822-weka-s7-7.5.b-endurance-all-four-4hr/heatmaps/proc1/TCGA-AR-A0U1-01Z-00-DX1.276433E7-E841-42D2-AF21-762F2FEA3B9B.tiff,6061891
175,TCGA-AR-A2LN-01Z-00-DX1.3EF43524-28B8-4326-9356-6BCBC63A1DA8,1,4,7415.717115,13502,256,56.482,51484.199,0.962,2916.333,54457.976,kvikio,virchow2,warm,,tiff5x,/home/ec2-user/wsi-cloud/runs/2026-08-23-063822-weka-s7-7.5.b-endurance-all-four-4hr/heatmaps/proc1/TCGA-AR-A2LN-01Z-00-DX1.3EF43524-28B8-4326-9356-6BCBC63A1DA8.tiff,9132929
176,TCGA-BH-A0BS-01Z-00-DX1.FEE32127-4D0B-4560-A39C-4EAA5B189B70,1,4,7470.175250,14377,256,61.850,54764.557,0.966,2507.882,57335.255,kvikio,virchow2,warm,,tiff5x,/home/ec2-user/wsi-cloud/runs/2026-08-23-063822-weka-s7-7.5.b-endurance-all-four-4hr/heatmaps/proc1/TCGA-BH-A0BS-01Z-00-DX1.FEE32127-4D0B-4560-A39C-4EAA5B189B70.tiff,10258732
177,TCGA-BH-A0W5-01Z-00-DX1.84EA3913-667B-4694-A0F0-E629CAC615C8,1,4,7527.510655,13459,256,61.834,51348.935,0.967,2352.862,53764.598,kvikio,virchow2,warm,,tiff5x,/home/ec2-user/wsi-cloud/runs/2026-08-23-063822-weka-s7-7.5.b-endurance-all-four-4hr/heatmaps/proc1/TCGA-BH-A0W5-01Z-00-DX1.84EA3913-667B-4694-A0F0-E629CAC615C8.tiff,8537687
178,TCGA-D8-A1JI-01Z-00-DX2.E688E270-26C9-43EC-BC26-86BF8B74A31D,1,4,7581.275405,8616,256,36.579,32310.035,0.599,1165.915,33513.128,kvikio,virchow2,warm,,tiff5x,/home/ec2-user/wsi-cloud/runs/2026-08-23-063822-weka-s7-7.5.b-endurance-all-four-4hr/heatmaps/proc1/TCGA-D8-A1JI-01Z-00-DX2.E688E270-26C9-43EC-BC26-86BF8B74A31D.tiff,5274623
179,TCGA-E2-A15E-06Z-00-DX1.D394A007-91A2-4445-9B4A-1629EE684A51,1,4,7614.788671,16165,256,61.200,61530.218,1.136,3003.171,64595.725,kvikio,virchow2,warm,,tiff5x,/home/ec2-user/wsi-cloud/runs/2026-08-23-063822-weka-s7-7.5.b-endurance-all-four-4hr/heatmaps/proc1/TCGA-E2-A15E-06Z-00-DX1.D394A007-91A2-4445-9B4A-1629EE684A51.tiff,10636434
180,TCGA-E9-A1RD-01Z-00-DX1.34083668-cbd2-4610-b857-d50ee9f3e5bd,1,4,7679.384543,8753,256,36.943,32590.136,0.588,1159.656,33787.322,kvikio,virchow2,warm,,tiff5x,/home/ec2-user/wsi-cloud/runs/2026-08-23-063822-weka-s7-7.5.b-endurance-all-four-4hr/heatmaps/proc1/TCGA-E9-A1RD-01Z-00-DX1.34083668-cbd2-4610-b857-d50ee9f3e5bd.tiff,5149354
181,TCGA-Z7-A8R6-01Z-00-DX1.CE4ED818-D762-4324-9DEA-2ACB38B9B0B9,1,4,7713.172193,16460,256,67.985,62740.234,1.141,2170.098,64979.458,kvikio,virchow2,warm,,tiff5x,/home/ec2-user/wsi-cloud/runs/2026-08-23-063822-weka-s7-7.5.b-endurance-all-four-4hr/heatmaps/proc1/TCGA-Z7-A8R6-01Z-00-DX1.CE4ED818-D762-4324-9DEA-2ACB38B9B0B9.tiff,9709762
182,TCGA-A2-A0EO-01Z-00-DX1.D7A09E23-2CAB-4B3B-814C-BF0BA75B7589,1,4,7778.151812,11520,256,48.397,43868.554,0.765,1659.699,45577.415,kvikio,virchow2,warm,,tiff5x,/home/ec2-user/wsi-cloud/runs/2026-08-23-063822-weka-s7-7.5.b-endurance-all-four-4hr/heatmaps/proc1/TCGA-A2-A0EO-01Z-00-DX1.D7A09E23-2CAB-4B3B-814C-BF0BA75B7589.tiff,6985972
183,TCGA-A2-A1FV-01Z-00-DX1.F70ACD9A-7819-4296-BD28-4D24BBA8AFF4,1,4,7823.729567,19432,256,80.699,73971.225,1.610,3057.846,77111.381,kvikio,virchow2,warm,,tiff5x,/home/ec2-user/wsi-cloud/runs/2026-08-23-063822-weka-s7-7.5.b-endurance-all-four-4hr/heatmaps/proc1/TCGA-A2-A1FV-01Z-00-DX1.F70ACD9A-7819-4296-BD28-4D24BBA8AFF4.tiff,11587226
184,TCGA-A7-A4SB-01Z-00-DX1.E8925605-5189-441E-A719-92CFC1118B0B,1,4,7900.841101,2177,256,10.120,8188.473,0.666,1905.664,10104.923,kvikio,virchow2,warm,,tiff5x,/home/ec2-user/wsi-cloud/runs/2026-08-23-063822-weka-s7-7.5.b-endurance-all-four-4hr/heatmaps/proc1/TCGA-A7-A4SB-01Z-00-DX1.E8925605-5189-441E-A719-92CFC1118B0B.tiff,1979887
185,TCGA-A8-A07L-01Z-00-DX1.D9E1051F-724E-4E88-940A-C97005DC5BEB,1,4,7910.946160,1988,256,9.646,7470.864,0.876,264.390,7745.776,kvikio,virchow2,warm,,tiff5x,/home/ec2-user/wsi-cloud/runs/2026-08-23-063822-weka-s7-7.5.b-endurance-all-four-4hr/heatmaps/proc1/TCGA-A8-A07L-01Z-00-DX1.D9E1051F-724E-4E88-940A-C97005DC5BEB.tiff,1410273
186,TCGA-AC-A3TN-01Z-00-DX1.F00E81C7-0CA2-49E8-A30F-DE423538E93C,1,4,7918.692088,4478,256,20.277,17010.847,0.844,837.635,17869.602,kvikio,virchow2,warm,,tiff5x,/home/ec2-user/wsi-cloud/runs/2026-08-23-063822-weka-s7-7.5.b-endurance-all-four-4hr/heatmaps/proc1/TCGA-AC-A3TN-01Z-00-DX1.F00E81C7-0CA2-49E8-A30F-DE423538E93C.tiff,3455403
187,TCGA-AR-A0U1-01Z-00-DX1.276433E7-E841-42D2-AF21-762F2FEA3B9B,1,4,7936.561826,8980,256,36.939,34273.646,0.607,1480.982,35792.174,kvikio,virchow2,warm,,tiff5x,/home/ec2-user/wsi-cloud/runs/2026-08-23-063822-weka-s7-7.5.b-endurance-all-four-4hr/heatmaps/proc1/TCGA-AR-A0U1-01Z-00-DX1.276433E7-E841-42D2-AF21-762F2FEA3B9B.tiff,6061891
188,TCGA-AR-A2LN-01Z-00-DX1.3EF43524-28B8-4326-9356-6BCBC63A1DA8,1,4,7972.354154,13502,256,56.157,51492.114,1.123,2939.843,54489.237,kvikio,virchow2,warm,,tiff5x,/home/ec2-user/wsi-cloud/runs/2026-08-23-063822-weka-s7-7.5.b-endurance-all-four-4hr/heatmaps/proc1/TCGA-AR-A2LN-01Z-00-DX1.3EF43524-28B8-4326-9356-6BCBC63A1DA8.tiff,9132929
189,TCGA-BH-A0BS-01Z-00-DX1.FEE32127-4D0B-4560-A39C-4EAA5B189B70,1,4,8026.843546,14377,256,56.751,54758.395,0.970,2634.645,57450.761,kvikio,virchow2,warm,,tiff5x,/home/ec2-user/wsi-cloud/runs/2026-08-23-063822-weka-s7-7.5.b-endurance-all-four-4hr/heatmaps/proc1/TCGA-BH-A0BS-01Z-00-DX1.FEE32127-4D0B-4560-A39C-4EAA5B189B70.tiff,10258732
190,TCGA-BH-A0W5-01Z-00-DX1.84EA3913-667B-4694-A0F0-E629CAC615C8,1,4,8084.294457,13459,256,56.428,49831.768,1.012,2357.645,52246.853,kvikio,virchow2,warm,,tiff5x,/home/ec2-user/wsi-cloud/runs/2026-08-23-063822-weka-s7-7.5.b-endurance-all-four-4hr/heatmaps/proc1/TCGA-BH-A0W5-01Z-00-DX1.84EA3913-667B-4694-A0F0-E629CAC615C8.tiff,8537687
191,TCGA-D8-A1JI-01Z-00-DX2.E688E270-26C9-43EC-BC26-86BF8B74A31D,1,4,8136.541467,8616,256,37.968,32453.137,0.657,1165.084,33656.845,kvikio,virchow2,warm,,tiff5x,/home/ec2-user/wsi-cloud/runs/2026-08-23-063822-weka-s7-7.5.b-endurance-all-four-4hr/heatmaps/proc1/TCGA-D8-A1JI-01Z-00-DX2.E688E270-26C9-43EC-BC26-86BF8B74A31D.tiff,5274623
192,TCGA-E2-A15E-06Z-00-DX1.D394A007-91A2-4445-9B4A-1629EE684A51,1,4,8170.198460,16165,256,62.292,61074.368,1.136,2873.020,64010.815,kvikio,virchow2,warm,,tiff5x,/home/ec2-user/wsi-cloud/runs/2026-08-23-063822-weka-s7-7.5.b-endurance-all-four-4hr/heatmaps/proc1/TCGA-E2-A15E-06Z-00-DX1.D394A007-91A2-4445-9B4A-1629EE684A51.tiff,10636434
193,TCGA-E9-A1RD-01Z-00-DX1.34083668-cbd2-4610-b857-d50ee9f3e5bd,1,4,8234.209428,8753,256,36.726,33312.348,0.604,1156.726,34506.404,kvikio,virchow2,warm,,tiff5x,/home/ec2-user/wsi-cloud/runs/2026-08-23-063822-weka-s7-7.5.b-endurance-all-four-4hr/heatmaps/proc1/TCGA-E9-A1RD-01Z-00-DX1.34083668-cbd2-4610-b857-d50ee9f3e5bd.tiff,5149354
194,TCGA-Z7-A8R6-01Z-00-DX1.CE4ED818-D762-4324-9DEA-2ACB38B9B0B9,1,4,8268.715966,16460,256,63.990,61595.818,1.163,2187.656,63848.626,kvikio,virchow2,warm,,tiff5x,/home/ec2-user/wsi-cloud/runs/2026-08-23-063822-weka-s7-7.5.b-endurance-all-four-4hr/heatmaps/proc1/TCGA-Z7-A8R6-01Z-00-DX1.CE4ED818-D762-4324-9DEA-2ACB38B9B0B9.tiff,9709762
195,TCGA-A2-A0EO-01Z-00-DX1.D7A09E23-2CAB-4B3B-814C-BF0BA75B7589,1,4,8332.564785,11520,256,64.050,43526.403,0.761,1661.316,45252.530,kvikio,virchow2,warm,,tiff5x,/home/ec2-user/wsi-cloud/runs/2026-08-23-063822-weka-s7-7.5.b-endurance-all-four-4hr/heatmaps/proc1/TCGA-A2-A0EO-01Z-00-DX1.D7A09E23-2CAB-4B3B-814C-BF0BA75B7589.tiff,6985972
196,TCGA-A2-A1FV-01Z-00-DX1.F70ACD9A-7819-4296-BD28-4D24BBA8AFF4,1,4,8377.817464,19432,256,76.005,71887.785,1.507,3021.875,74987.172,kvikio,virchow2,warm,,tiff5x,/home/ec2-user/wsi-cloud/runs/2026-08-23-063822-weka-s7-7.5.b-endurance-all-four-4hr/heatmaps/proc1/TCGA-A2-A1FV-01Z-00-DX1.F70ACD9A-7819-4296-BD28-4D24BBA8AFF4.tiff,11587226
197,TCGA-A7-A4SB-01Z-00-DX1.E8925605-5189-441E-A719-92CFC1118B0B,1,4,8452.804785,2177,256,9.040,8235.021,0.777,1876.447,10121.286,kvikio,virchow2,warm,,tiff5x,/home/ec2-user/wsi-cloud/runs/2026-08-23-063822-weka-s7-7.5.b-endurance-all-four-4hr/heatmaps/proc1/TCGA-A7-A4SB-01Z-00-DX1.E8925605-5189-441E-A719-92CFC1118B0B.tiff,1979887
198,TCGA-A8-A07L-01Z-00-DX1.D9E1051F-724E-4E88-940A-C97005DC5BEB,1,4,8462.926213,1988,256,8.722,7584.384,0.687,262.093,7855.886,kvikio,virchow2,warm,,tiff5x,/home/ec2-user/wsi-cloud/runs/2026-08-23-063822-weka-s7-7.5.b-endurance-all-four-4hr/heatmaps/proc1/TCGA-A8-A07L-01Z-00-DX1.D9E1051F-724E-4E88-940A-C97005DC5BEB.tiff,1410273
199,TCGA-AC-A3TN-01Z-00-DX1.F00E81C7-0CA2-49E8-A30F-DE423538E93C,1,4,8470.782233,4478,256,18.504,16946.057,0.534,817.301,17782.397,kvikio,virchow2,warm,,tiff5x,/home/ec2-user/wsi-cloud/runs/2026-08-23-063822-weka-s7-7.5.b-endurance-all-four-4hr/heatmaps/proc1/TCGA-AC-A3TN-01Z-00-DX1.F00E81C7-0CA2-49E8-A30F-DE423538E93C.tiff,3455403
200,TCGA-AR-A0U1-01Z-00-DX1.276433E7-E841-42D2-AF21-762F2FEA3B9B,1,4,8488.564777,8980,256,38.115,33627.832,0.555,1468.534,35135.036,kvikio,virchow2,warm,,tiff5x,/home/ec2-user/wsi-cloud/runs/2026-08-23-063822-weka-s7-7.5.b-endurance-all-four-4hr/heatmaps/proc1/TCGA-AR-A0U1-01Z-00-DX1.276433E7-E841-42D2-AF21-762F2FEA3B9B.tiff,6061891
201,TCGA-AR-A2LN-01Z-00-DX1.3EF43524-28B8-4326-9356-6BCBC63A1DA8,1,4,8523.699968,13502,256,54.846,51176.395,1.023,2912.069,54144.333,kvikio,virchow2,warm,,tiff5x,/home/ec2-user/wsi-cloud/runs/2026-08-23-063822-weka-s7-7.5.b-endurance-all-four-4hr/heatmaps/proc1/TCGA-AR-A2LN-01Z-00-DX1.3EF43524-28B8-4326-9356-6BCBC63A1DA8.tiff,9132929
202,TCGA-BH-A0BS-01Z-00-DX1.FEE32127-4D0B-4560-A39C-4EAA5B189B70,1,4,8577.844459,14377,256,61.489,53773.864,0.988,2509.299,56345.640,kvikio,virchow2,warm,,tiff5x,/home/ec2-user/wsi-cloud/runs/2026-08-23-063822-weka-s7-7.5.b-endurance-all-four-4hr/heatmaps/proc1/TCGA-BH-A0BS-01Z-00-DX1.FEE32127-4D0B-4560-A39C-4EAA5B189B70.tiff,10258732
203,TCGA-BH-A0W5-01Z-00-DX1.84EA3913-667B-4694-A0F0-E629CAC615C8,1,4,8634.190252,13459,256,57.380,50912.475,0.962,2481.489,53452.306,kvikio,virchow2,warm,,tiff5x,/home/ec2-user/wsi-cloud/runs/2026-08-23-063822-weka-s7-7.5.b-endurance-all-four-4hr/heatmaps/proc1/TCGA-BH-A0W5-01Z-00-DX1.84EA3913-667B-4694-A0F0-E629CAC615C8.tiff,8537687
204,TCGA-D8-A1JI-01Z-00-DX2.E688E270-26C9-43EC-BC26-86BF8B74A31D,1,4,8687.642716,8616,256,41.569,31804.470,0.595,1160.007,33006.640,kvikio,virchow2,warm,,tiff5x,/home/ec2-user/wsi-cloud/runs/2026-08-23-063822-weka-s7-7.5.b-endurance-all-four-4hr/heatmaps/proc1/TCGA-D8-A1JI-01Z-00-DX2.E688E270-26C9-43EC-BC26-86BF8B74A31D.tiff,5274623
205,TCGA-E2-A15E-06Z-00-DX1.D394A007-91A2-4445-9B4A-1629EE684A51,1,4,8720.649512,16165,256,65.859,60948.838,1.155,2918.913,63934.765,kvikio,virchow2,warm,,tiff5x,/home/ec2-user/wsi-cloud/runs/2026-08-23-063822-weka-s7-7.5.b-endurance-all-four-4hr/heatmaps/proc1/TCGA-E2-A15E-06Z-00-DX1.D394A007-91A2-4445-9B4A-1629EE684A51.tiff,10636434
206,TCGA-E9-A1RD-01Z-00-DX1.34083668-cbd2-4610-b857-d50ee9f3e5bd,1,4,8784.584437,8753,256,36.357,32179.004,0.582,1164.046,33379.988,kvikio,virchow2,warm,,tiff5x,/home/ec2-user/wsi-cloud/runs/2026-08-23-063822-weka-s7-7.5.b-endurance-all-four-4hr/heatmaps/proc1/TCGA-E9-A1RD-01Z-00-DX1.34083668-cbd2-4610-b857-d50ee9f3e5bd.tiff,5149354
207,TCGA-Z7-A8R6-01Z-00-DX1.CE4ED818-D762-4324-9DEA-2ACB38B9B0B9,1,4,8817.964584,16460,256,68.460,61986.099,1.152,2180.589,64236.299,kvikio,virchow2,warm,,tiff5x,/home/ec2-user/wsi-cloud/runs/2026-08-23-063822-weka-s7-7.5.b-endurance-all-four-4hr/heatmaps/proc1/TCGA-Z7-A8R6-01Z-00-DX1.CE4ED818-D762-4324-9DEA-2ACB38B9B0B9.tiff,9709762
208,TCGA-A2-A0EO-01Z-00-DX1.D7A09E23-2CAB-4B3B-814C-BF0BA75B7589,1,4,8882.201240,11520,256,48.939,42861.118,0.858,1661.387,44572.302,kvikio,virchow2,warm,,tiff5x,/home/ec2-user/wsi-cloud/runs/2026-08-23-063822-weka-s7-7.5.b-endurance-all-four-4hr/heatmaps/proc1/TCGA-A2-A0EO-01Z-00-DX1.D7A09E23-2CAB-4B3B-814C-BF0BA75B7589.tiff,6985972
209,TCGA-A2-A1FV-01Z-00-DX1.F70ACD9A-7819-4296-BD28-4D24BBA8AFF4,1,4,8926.773707,19432,256,94.658,73199.389,1.494,3026.803,76322.344,kvikio,virchow2,warm,,tiff5x,/home/ec2-user/wsi-cloud/runs/2026-08-23-063822-weka-s7-7.5.b-endurance-all-four-4hr/heatmaps/proc1/TCGA-A2-A1FV-01Z-00-DX1.F70ACD9A-7819-4296-BD28-4D24BBA8AFF4.tiff,11587226
210,TCGA-A7-A4SB-01Z-00-DX1.E8925605-5189-441E-A719-92CFC1118B0B,1,4,9003.096197,2177,256,11.393,8008.221,0.826,1880.588,9901.028,kvikio,virchow2,warm,,tiff5x,/home/ec2-user/wsi-cloud/runs/2026-08-23-063822-weka-s7-7.5.b-endurance-all-four-4hr/heatmaps/proc1/TCGA-A7-A4SB-01Z-00-DX1.E8925605-5189-441E-A719-92CFC1118B0B.tiff,1979887
211,TCGA-A8-A07L-01Z-00-DX1.D9E1051F-724E-4E88-940A-C97005DC5BEB,1,4,9012.997359,1988,256,9.520,7315.023,0.584,262.179,7587.306,kvikio,virchow2,warm,,tiff5x,/home/ec2-user/wsi-cloud/runs/2026-08-23-063822-weka-s7-7.5.b-endurance-all-four-4hr/heatmaps/proc1/TCGA-A8-A07L-01Z-00-DX1.D9E1051F-724E-4E88-940A-C97005DC5BEB.tiff,1410273
212,TCGA-AC-A3TN-01Z-00-DX1.F00E81C7-0CA2-49E8-A30F-DE423538E93C,1,4,9020.584802,4478,256,21.735,16589.537,0.571,826.202,17438.045,kvikio,virchow2,warm,,tiff5x,/home/ec2-user/wsi-cloud/runs/2026-08-23-063822-weka-s7-7.5.b-endurance-all-four-4hr/heatmaps/proc1/TCGA-AC-A3TN-01Z-00-DX1.F00E81C7-0CA2-49E8-A30F-DE423538E93C.tiff,3455403
213,TCGA-AR-A0U1-01Z-00-DX1.276433E7-E841-42D2-AF21-762F2FEA3B9B,1,4,9038.022992,8980,256,38.138,34078.452,0.547,1461.034,35578.171,kvikio,virchow2,warm,,tiff5x,/home/ec2-user/wsi-cloud/runs/2026-08-23-063822-weka-s7-7.5.b-endurance-all-four-4hr/heatmaps/proc1/TCGA-AR-A0U1-01Z-00-DX1.276433E7-E841-42D2-AF21-762F2FEA3B9B.tiff,6061891
214,TCGA-AR-A2LN-01Z-00-DX1.3EF43524-28B8-4326-9356-6BCBC63A1DA8,1,4,9073.601313,13502,256,58.733,49918.964,1.142,3059.276,53038.116,kvikio,virchow2,warm,,tiff5x,/home/ec2-user/wsi-cloud/runs/2026-08-23-063822-weka-s7-7.5.b-endurance-all-four-4hr/heatmaps/proc1/TCGA-AR-A2LN-01Z-00-DX1.3EF43524-28B8-4326-9356-6BCBC63A1DA8.tiff,9132929
215,TCGA-BH-A0BS-01Z-00-DX1.FEE32127-4D0B-4560-A39C-4EAA5B189B70,1,4,9126.639595,14377,256,59.750,54024.914,0.989,2630.109,56715.763,kvikio,virchow2,warm,,tiff5x,/home/ec2-user/wsi-cloud/runs/2026-08-23-063822-weka-s7-7.5.b-endurance-all-four-4hr/heatmaps/proc1/TCGA-BH-A0BS-01Z-00-DX1.FEE32127-4D0B-4560-A39C-4EAA5B189B70.tiff,10258732
216,TCGA-BH-A0W5-01Z-00-DX1.84EA3913-667B-4694-A0F0-E629CAC615C8,1,4,9183.355507,13459,256,55.647,49729.915,1.164,2451.912,52238.638,kvikio,virchow2,warm,,tiff5x,/home/ec2-user/wsi-cloud/runs/2026-08-23-063822-weka-s7-7.5.b-endurance-all-four-4hr/heatmaps/proc1/TCGA-BH-A0W5-01Z-00-DX1.84EA3913-667B-4694-A0F0-E629CAC615C8.tiff,8537687
217,TCGA-D8-A1JI-01Z-00-DX2.E688E270-26C9-43EC-BC26-86BF8B74A31D,1,4,9235.594303,8616,256,39.401,32069.723,0.633,1154.304,33264.061,kvikio,virchow2,warm,,tiff5x,/home/ec2-user/wsi-cloud/runs/2026-08-23-063822-weka-s7-7.5.b-endurance-all-four-4hr/heatmaps/proc1/TCGA-D8-A1JI-01Z-00-DX2.E688E270-26C9-43EC-BC26-86BF8B74A31D.tiff,5274623
218,TCGA-E2-A15E-06Z-00-DX1.D394A007-91A2-4445-9B4A-1629EE684A51,1,4,9268.858500,16165,256,65.701,60802.534,1.132,2887.215,63756.583,kvikio,virchow2,warm,,tiff5x,/home/ec2-user/wsi-cloud/runs/2026-08-23-063822-weka-s7-7.5.b-endurance-all-four-4hr/heatmaps/proc1/TCGA-E2-A15E-06Z-00-DX1.D394A007-91A2-4445-9B4A-1629EE684A51.tiff,10636434
219,TCGA-E9-A1RD-01Z-00-DX1.34083668-cbd2-4610-b857-d50ee9f3e5bd,1,4,9332.615243,8753,256,34.801,32297.998,0.580,1179.820,33513.198,kvikio,virchow2,warm,,tiff5x,/home/ec2-user/wsi-cloud/runs/2026-08-23-063822-weka-s7-7.5.b-endurance-all-four-4hr/heatmaps/proc1/TCGA-E9-A1RD-01Z-00-DX1.34083668-cbd2-4610-b857-d50ee9f3e5bd.tiff,5149354
220,TCGA-Z7-A8R6-01Z-00-DX1.CE4ED818-D762-4324-9DEA-2ACB38B9B0B9,1,4,9366.128575,16460,256,64.873,62318.431,1.121,2180.900,64565.325,kvikio,virchow2,warm,,tiff5x,/home/ec2-user/wsi-cloud/runs/2026-08-23-063822-weka-s7-7.5.b-endurance-all-four-4hr/heatmaps/proc1/TCGA-Z7-A8R6-01Z-00-DX1.CE4ED818-D762-4324-9DEA-2ACB38B9B0B9.tiff,9709762
221,TCGA-A2-A0EO-01Z-00-DX1.D7A09E23-2CAB-4B3B-814C-BF0BA75B7589,1,4,9430.694050,11520,256,46.334,42707.355,0.805,1663.212,44417.706,kvikio,virchow2,warm,,tiff5x,/home/ec2-user/wsi-cloud/runs/2026-08-23-063822-weka-s7-7.5.b-endurance-all-four-4hr/heatmaps/proc1/TCGA-A2-A0EO-01Z-00-DX1.D7A09E23-2CAB-4B3B-814C-BF0BA75B7589.tiff,6985972
222,TCGA-A2-A1FV-01Z-00-DX1.F70ACD9A-7819-4296-BD28-4D24BBA8AFF4,1,4,9475.111912,19432,256,84.131,73355.222,1.497,3042.789,76483.639,kvikio,virchow2,warm,,tiff5x,/home/ec2-user/wsi-cloud/runs/2026-08-23-063822-weka-s7-7.5.b-endurance-all-four-4hr/heatmaps/proc1/TCGA-A2-A1FV-01Z-00-DX1.F70ACD9A-7819-4296-BD28-4D24BBA8AFF4.tiff,11587226
223,TCGA-A7-A4SB-01Z-00-DX1.E8925605-5189-441E-A719-92CFC1118B0B,1,4,9551.595698,2177,256,11.596,8131.096,0.604,1868.112,10011.408,kvikio,virchow2,warm,,tiff5x,/home/ec2-user/wsi-cloud/runs/2026-08-23-063822-weka-s7-7.5.b-endurance-all-four-4hr/heatmaps/proc1/TCGA-A7-A4SB-01Z-00-DX1.E8925605-5189-441E-A719-92CFC1118B0B.tiff,1979887
224,TCGA-A8-A07L-01Z-00-DX1.D9E1051F-724E-4E88-940A-C97005DC5BEB,1,4,9561.607249,1988,256,10.411,7454.057,0.605,263.696,7728.768,kvikio,virchow2,warm,,tiff5x,/home/ec2-user/wsi-cloud/runs/2026-08-23-063822-weka-s7-7.5.b-endurance-all-four-4hr/heatmaps/proc1/TCGA-A8-A07L-01Z-00-DX1.D9E1051F-724E-4E88-940A-C97005DC5BEB.tiff,1410273
225,TCGA-AC-A3TN-01Z-00-DX1.F00E81C7-0CA2-49E8-A30F-DE423538E93C,1,4,9569.336152,4478,256,21.467,17110.422,0.575,824.382,17956.847,kvikio,virchow2,warm,,tiff5x,/home/ec2-user/wsi-cloud/runs/2026-08-23-063822-weka-s7-7.5.b-endurance-all-four-4hr/heatmaps/proc1/TCGA-AC-A3TN-01Z-00-DX1.F00E81C7-0CA2-49E8-A30F-DE423538E93C.tiff,3455403
226,TCGA-AR-A0U1-01Z-00-DX1.276433E7-E841-42D2-AF21-762F2FEA3B9B,1,4,9587.293143,8980,256,34.737,34282.570,0.601,1474.034,35791.941,kvikio,virchow2,warm,,tiff5x,/home/ec2-user/wsi-cloud/runs/2026-08-23-063822-weka-s7-7.5.b-endurance-all-four-4hr/heatmaps/proc1/TCGA-AR-A0U1-01Z-00-DX1.276433E7-E841-42D2-AF21-762F2FEA3B9B.tiff,6061891
227,TCGA-AR-A2LN-01Z-00-DX1.3EF43524-28B8-4326-9356-6BCBC63A1DA8,1,4,9623.085240,13502,256,54.348,51484.013,1.137,2941.216,54480.713,kvikio,virchow2,warm,,tiff5x,/home/ec2-user/wsi-cloud/runs/2026-08-23-063822-weka-s7-7.5.b-endurance-all-four-4hr/heatmaps/proc1/TCGA-AR-A2LN-01Z-00-DX1.3EF43524-28B8-4326-9356-6BCBC63A1DA8.tiff,9132929
228,TCGA-BH-A0BS-01Z-00-DX1.FEE32127-4D0B-4560-A39C-4EAA5B189B70,1,4,9677.566106,14377,256,58.599,53182.421,0.965,2641.663,55883.648,kvikio,virchow2,warm,,tiff5x,/home/ec2-user/wsi-cloud/runs/2026-08-23-063822-weka-s7-7.5.b-endurance-all-four-4hr/heatmaps/proc1/TCGA-BH-A0BS-01Z-00-DX1.FEE32127-4D0B-4560-A39C-4EAA5B189B70.tiff,10258732
229,TCGA-BH-A0W5-01Z-00-DX1.84EA3913-667B-4694-A0F0-E629CAC615C8,1,4,9733.449910,13459,256,61.198,50840.263,1.070,2354.041,53256.572,kvikio,virchow2,warm,,tiff5x,/home/ec2-user/wsi-cloud/runs/2026-08-23-063822-weka-s7-7.5.b-endurance-all-four-4hr/heatmaps/proc1/TCGA-BH-A0W5-01Z-00-DX1.84EA3913-667B-4694-A0F0-E629CAC615C8.tiff,8537687
230,TCGA-D8-A1JI-01Z-00-DX2.E688E270-26C9-43EC-BC26-86BF8B74A31D,1,4,9786.706649,8616,256,39.521,31772.235,0.724,1158.966,32971.445,kvikio,virchow2,warm,,tiff5x,/home/ec2-user/wsi-cloud/runs/2026-08-23-063822-weka-s7-7.5.b-endurance-all-four-4hr/heatmaps/proc1/TCGA-D8-A1JI-01Z-00-DX2.E688E270-26C9-43EC-BC26-86BF8B74A31D.tiff,5274623
231,TCGA-E2-A15E-06Z-00-DX1.D394A007-91A2-4445-9B4A-1629EE684A51,1,4,9819.678235,16165,256,66.488,60753.136,1.153,2888.212,63708.989,kvikio,virchow2,warm,,tiff5x,/home/ec2-user/wsi-cloud/runs/2026-08-23-063822-weka-s7-7.5.b-endurance-all-four-4hr/heatmaps/proc1/TCGA-E2-A15E-06Z-00-DX1.D394A007-91A2-4445-9B4A-1629EE684A51.tiff,10636434
232,TCGA-E9-A1RD-01Z-00-DX1.34083668-cbd2-4610-b857-d50ee9f3e5bd,1,4,9883.387431,8753,256,34.642,32190.271,0.584,1188.681,33414.178,kvikio,virchow2,warm,,tiff5x,/home/ec2-user/wsi-cloud/runs/2026-08-23-063822-weka-s7-7.5.b-endurance-all-four-4hr/heatmaps/proc1/TCGA-E9-A1RD-01Z-00-DX1.34083668-cbd2-4610-b857-d50ee9f3e5bd.tiff,5149354
233,TCGA-Z7-A8R6-01Z-00-DX1.CE4ED818-D762-4324-9DEA-2ACB38B9B0B9,1,4,9916.801755,16460,256,65.112,59977.874,1.149,2173.056,62217.191,kvikio,virchow2,warm,,tiff5x,/home/ec2-user/wsi-cloud/runs/2026-08-23-063822-weka-s7-7.5.b-endurance-all-four-4hr/heatmaps/proc1/TCGA-Z7-A8R6-01Z-00-DX1.CE4ED818-D762-4324-9DEA-2ACB38B9B0B9.tiff,9709762
234,TCGA-A2-A0EO-01Z-00-DX1.D7A09E23-2CAB-4B3B-814C-BF0BA75B7589,1,4,9979.019141,11520,256,47.973,42515.219,0.777,1651.259,44215.228,kvikio,virchow2,warm,,tiff5x,/home/ec2-user/wsi-cloud/runs/2026-08-23-063822-weka-s7-7.5.b-endurance-all-four-4hr/heatmaps/proc1/TCGA-A2-A0EO-01Z-00-DX1.D7A09E23-2CAB-4B3B-814C-BF0BA75B7589.tiff,6985972
235,TCGA-A2-A1FV-01Z-00-DX1.F70ACD9A-7819-4296-BD28-4D24BBA8AFF4,1,4,10023.234678,19432,256,75.884,73941.397,1.473,3040.397,77059.151,kvikio,virchow2,warm,,tiff5x,/home/ec2-user/wsi-cloud/runs/2026-08-23-063822-weka-s7-7.5.b-endurance-all-four-4hr/heatmaps/proc1/TCGA-A2-A1FV-01Z-00-DX1.F70ACD9A-7819-4296-BD28-4D24BBA8AFF4.tiff,11587226
236,TCGA-A7-A4SB-01Z-00-DX1.E8925605-5189-441E-A719-92CFC1118B0B,1,4,10100.293980,2177,256,11.808,7963.671,0.583,1868.180,9844.242,kvikio,virchow2,warm,,tiff5x,/home/ec2-user/wsi-cloud/runs/2026-08-23-063822-weka-s7-7.5.b-endurance-all-four-4hr/heatmaps/proc1/TCGA-A7-A4SB-01Z-00-DX1.E8925605-5189-441E-A719-92CFC1118B0B.tiff,1979887
237,TCGA-A8-A07L-01Z-00-DX1.D9E1051F-724E-4E88-940A-C97005DC5BEB,1,4,10110.138357,1988,256,8.746,7246.160,0.648,262.225,7517.779,kvikio,virchow2,warm,,tiff5x,/home/ec2-user/wsi-cloud/runs/2026-08-23-063822-weka-s7-7.5.b-endurance-all-four-4hr/heatmaps/proc1/TCGA-A8-A07L-01Z-00-DX1.D9E1051F-724E-4E88-940A-C97005DC5BEB.tiff,1410273
238,TCGA-AC-A3TN-01Z-00-DX1.F00E81C7-0CA2-49E8-A30F-DE423538E93C,1,4,10117.656266,4478,256,17.778,16416.131,0.657,823.843,17258.410,kvikio,virchow2,warm,,tiff5x,/home/ec2-user/wsi-cloud/runs/2026-08-23-063822-weka-s7-7.5.b-endurance-all-four-4hr/heatmaps/proc1/TCGA-AC-A3TN-01Z-00-DX1.F00E81C7-0CA2-49E8-A30F-DE423538E93C.tiff,3455403
239,TCGA-AR-A0U1-01Z-00-DX1.276433E7-E841-42D2-AF21-762F2FEA3B9B,1,4,10134.914811,8980,256,34.517,33095.848,0.555,1464.549,34595.468,kvikio,virchow2,warm,,tiff5x,/home/ec2-user/wsi-cloud/runs/2026-08-23-063822-weka-s7-7.5.b-endurance-all-four-4hr/heatmaps/proc1/TCGA-AR-A0U1-01Z-00-DX1.276433E7-E841-42D2-AF21-762F2FEA3B9B.tiff,6061891
240,TCGA-AR-A2LN-01Z-00-DX1.3EF43524-28B8-4326-9356-6BCBC63A1DA8,1,4,10169.510428,13502,256,53.425,51200.946,1.000,2950.158,54205.529,kvikio,virchow2,warm,,tiff5x,/home/ec2-user/wsi-cloud/runs/2026-08-23-063822-weka-s7-7.5.b-endurance-all-four-4hr/heatmaps/proc1/TCGA-AR-A2LN-01Z-00-DX1.3EF43524-28B8-4326-9356-6BCBC63A1DA8.tiff,9132929
241,TCGA-BH-A0BS-01Z-00-DX1.FEE32127-4D0B-4560-A39C-4EAA5B189B70,1,4,10223.716113,14377,256,60.479,54578.294,0.985,2525.665,57165.423,kvikio,virchow2,warm,,tiff5x,/home/ec2-user/wsi-cloud/runs/2026-08-23-063822-weka-s7-7.5.b-endurance-all-four-4hr/heatmaps/proc1/TCGA-BH-A0BS-01Z-00-DX1.FEE32127-4D0B-4560-A39C-4EAA5B189B70.tiff,10258732
242,TCGA-BH-A0W5-01Z-00-DX1.84EA3913-667B-4694-A0F0-E629CAC615C8,1,4,10280.881703,13459,256,58.403,49528.865,0.927,2354.093,51942.287,kvikio,virchow2,warm,,tiff5x,/home/ec2-user/wsi-cloud/runs/2026-08-23-063822-weka-s7-7.5.b-endurance-all-four-4hr/heatmaps/proc1/TCGA-BH-A0W5-01Z-00-DX1.84EA3913-667B-4694-A0F0-E629CAC615C8.tiff,8537687
243,TCGA-D8-A1JI-01Z-00-DX2.E688E270-26C9-43EC-BC26-86BF8B74A31D,1,4,10332.824328,8616,256,38.785,31536.742,0.626,1277.635,32853.788,kvikio,virchow2,warm,,tiff5x,/home/ec2-user/wsi-cloud/runs/2026-08-23-063822-weka-s7-7.5.b-endurance-all-four-4hr/heatmaps/proc1/TCGA-D8-A1JI-01Z-00-DX2.E688E270-26C9-43EC-BC26-86BF8B74A31D.tiff,5274623
244,TCGA-E2-A15E-06Z-00-DX1.D394A007-91A2-4445-9B4A-1629EE684A51,1,4,10365.678283,16165,256,69.993,60286.826,1.171,2888.578,63246.568,kvikio,virchow2,warm,,tiff5x,/home/ec2-user/wsi-cloud/runs/2026-08-23-063822-weka-s7-7.5.b-endurance-all-four-4hr/heatmaps/proc1/TCGA-E2-A15E-06Z-00-DX1.D394A007-91A2-4445-9B4A-1629EE684A51.tiff,10636434
245,TCGA-E9-A1RD-01Z-00-DX1.34083668-cbd2-4610-b857-d50ee9f3e5bd,1,4,10428.925192,8753,256,37.518,32689.354,0.601,1160.728,33888.201,kvikio,virchow2,warm,,tiff5x,/home/ec2-user/wsi-cloud/runs/2026-08-23-063822-weka-s7-7.5.b-endurance-all-four-4hr/heatmaps/proc1/TCGA-E9-A1RD-01Z-00-DX1.34083668-cbd2-4610-b857-d50ee9f3e5bd.tiff,5149354
246,TCGA-Z7-A8R6-01Z-00-DX1.CE4ED818-D762-4324-9DEA-2ACB38B9B0B9,1,4,10462.813543,16460,256,62.670,62079.574,1.126,2176.208,64319.578,kvikio,virchow2,warm,,tiff5x,/home/ec2-user/wsi-cloud/runs/2026-08-23-063822-weka-s7-7.5.b-endurance-all-four-4hr/heatmaps/proc1/TCGA-Z7-A8R6-01Z-00-DX1.CE4ED818-D762-4324-9DEA-2ACB38B9B0B9.tiff,9709762
247,TCGA-A2-A0EO-01Z-00-DX1.D7A09E23-2CAB-4B3B-814C-BF0BA75B7589,1,4,10527.133284,11520,256,47.628,42084.630,0.739,1658.294,43791.292,kvikio,virchow2,warm,,tiff5x,/home/ec2-user/wsi-cloud/runs/2026-08-23-063822-weka-s7-7.5.b-endurance-all-four-4hr/heatmaps/proc1/TCGA-A2-A0EO-01Z-00-DX1.D7A09E23-2CAB-4B3B-814C-BF0BA75B7589.tiff,6985972
248,TCGA-A2-A1FV-01Z-00-DX1.F70ACD9A-7819-4296-BD28-4D24BBA8AFF4,1,4,10570.924716,19432,256,74.928,71041.814,1.431,3032.321,74150.493,kvikio,virchow2,warm,,tiff5x,/home/ec2-user/wsi-cloud/runs/2026-08-23-063822-weka-s7-7.5.b-endurance-all-four-4hr/heatmaps/proc1/TCGA-A2-A1FV-01Z-00-DX1.F70ACD9A-7819-4296-BD28-4D24BBA8AFF4.tiff,11587226
249,TCGA-A7-A4SB-01Z-00-DX1.E8925605-5189-441E-A719-92CFC1118B0B,1,4,10645.075362,2177,256,12.138,8033.696,0.565,1872.495,9918.894,kvikio,virchow2,warm,,tiff5x,/home/ec2-user/wsi-cloud/runs/2026-08-23-063822-weka-s7-7.5.b-endurance-all-four-4hr/heatmaps/proc1/TCGA-A7-A4SB-01Z-00-DX1.E8925605-5189-441E-A719-92CFC1118B0B.tiff,1979887
250,TCGA-A8-A07L-01Z-00-DX1.D9E1051F-724E-4E88-940A-C97005DC5BEB,1,4,10654.994402,1988,256,10.605,7385.305,0.660,263.743,7660.314,kvikio,virchow2,warm,,tiff5x,/home/ec2-user/wsi-cloud/runs/2026-08-23-063822-weka-s7-7.5.b-endurance-all-four-4hr/heatmaps/proc1/TCGA-A8-A07L-01Z-00-DX1.D9E1051F-724E-4E88-940A-C97005DC5BEB.tiff,1410273
251,TCGA-AC-A3TN-01Z-00-DX1.F00E81C7-0CA2-49E8-A30F-DE423538E93C,1,4,10662.654848,4478,256,21.339,17019.601,0.831,833.527,17875.297,kvikio,virchow2,warm,,tiff5x,/home/ec2-user/wsi-cloud/runs/2026-08-23-063822-weka-s7-7.5.b-endurance-all-four-4hr/heatmaps/proc1/TCGA-AC-A3TN-01Z-00-DX1.F00E81C7-0CA2-49E8-A30F-DE423538E93C.tiff,3455403
252,TCGA-AR-A0U1-01Z-00-DX1.276433E7-E841-42D2-AF21-762F2FEA3B9B,1,4,10680.530321,8980,256,51.998,33481.033,0.538,1468.818,35002.387,kvikio,virchow2,warm,,tiff5x,/home/ec2-user/wsi-cloud/runs/2026-08-23-063822-weka-s7-7.5.b-endurance-all-four-4hr/heatmaps/proc1/TCGA-AR-A0U1-01Z-00-DX1.276433E7-E841-42D2-AF21-762F2FEA3B9B.tiff,6061891
253,TCGA-AR-A2LN-01Z-00-DX1.3EF43524-28B8-4326-9356-6BCBC63A1DA8,1,4,10715.532869,13502,256,57.134,50855.667,0.969,2918.322,53832.092,kvikio,virchow2,warm,,tiff5x,/home/ec2-user/wsi-cloud/runs/2026-08-23-063822-weka-s7-7.5.b-endurance-all-four-4hr/heatmaps/proc1/TCGA-AR-A2LN-01Z-00-DX1.3EF43524-28B8-4326-9356-6BCBC63A1DA8.tiff,9132929
254,TCGA-BH-A0BS-01Z-00-DX1.FEE32127-4D0B-4560-A39C-4EAA5B189B70,1,4,10769.365109,14377,256,60.588,53958.240,0.960,2622.432,56642.221,kvikio,virchow2,warm,,tiff5x,/home/ec2-user/wsi-cloud/runs/2026-08-23-063822-weka-s7-7.5.b-endurance-all-four-4hr/heatmaps/proc1/TCGA-BH-A0BS-01Z-00-DX1.FEE32127-4D0B-4560-A39C-4EAA5B189B70.tiff,10258732
255,TCGA-BH-A0W5-01Z-00-DX1.84EA3913-667B-4694-A0F0-E629CAC615C8,1,4,10826.007481,13459,256,63.929,50334.539,1.150,2386.948,52786.566,kvikio,virchow2,warm,,tiff5x,/home/ec2-user/wsi-cloud/runs/2026-08-23-063822-weka-s7-7.5.b-endurance-all-four-4hr/heatmaps/proc1/TCGA-BH-A0W5-01Z-00-DX1.84EA3913-667B-4694-A0F0-E629CAC615C8.tiff,8537687
256,TCGA-D8-A1JI-01Z-00-DX2.E688E270-26C9-43EC-BC26-86BF8B74A31D,1,4,10878.794208,8616,256,40.503,32796.840,0.668,1157.401,33995.412,kvikio,virchow2,warm,,tiff5x,/home/ec2-user/wsi-cloud/runs/2026-08-23-063822-weka-s7-7.5.b-endurance-all-four-4hr/heatmaps/proc1/TCGA-D8-A1JI-01Z-00-DX2.E688E270-26C9-43EC-BC26-86BF8B74A31D.tiff,5274623
257,TCGA-E2-A15E-06Z-00-DX1.D394A007-91A2-4445-9B4A-1629EE684A51,1,4,10912.789768,16165,256,64.885,60122.459,1.170,2886.149,63074.664,kvikio,virchow2,warm,,tiff5x,/home/ec2-user/wsi-cloud/runs/2026-08-23-063822-weka-s7-7.5.b-endurance-all-four-4hr/heatmaps/proc1/TCGA-E2-A15E-06Z-00-DX1.D394A007-91A2-4445-9B4A-1629EE684A51.tiff,10636434
258,TCGA-E9-A1RD-01Z-00-DX1.34083668-cbd2-4610-b857-d50ee9f3e5bd,1,4,10975.864589,8753,256,39.222,33350.459,0.589,1150.835,34541.105,kvikio,virchow2,warm,,tiff5x,/home/ec2-user/wsi-cloud/runs/2026-08-23-063822-weka-s7-7.5.b-endurance-all-four-4hr/heatmaps/proc1/TCGA-E9-A1RD-01Z-00-DX1.34083668-cbd2-4610-b857-d50ee9f3e5bd.tiff,5149354
259,TCGA-Z7-A8R6-01Z-00-DX1.CE4ED818-D762-4324-9DEA-2ACB38B9B0B9,1,4,11010.405831,16460,256,70.980,61437.303,1.140,2173.694,63683.116,kvikio,virchow2,warm,,tiff5x,/home/ec2-user/wsi-cloud/runs/2026-08-23-063822-weka-s7-7.5.b-endurance-all-four-4hr/heatmaps/proc1/TCGA-Z7-A8R6-01Z-00-DX1.CE4ED818-D762-4324-9DEA-2ACB38B9B0B9.tiff,9709762
260,TCGA-A2-A0EO-01Z-00-DX1.D7A09E23-2CAB-4B3B-814C-BF0BA75B7589,1,4,11074.089333,11520,256,50.507,43752.267,0.855,1658.153,45461.783,kvikio,virchow2,warm,,tiff5x,/home/ec2-user/wsi-cloud/runs/2026-08-23-063822-weka-s7-7.5.b-endurance-all-four-4hr/heatmaps/proc1/TCGA-A2-A0EO-01Z-00-DX1.D7A09E23-2CAB-4B3B-814C-BF0BA75B7589.tiff,6985972
261,TCGA-A2-A1FV-01Z-00-DX1.F70ACD9A-7819-4296-BD28-4D24BBA8AFF4,1,4,11119.551266,19432,256,80.940,72418.252,1.581,3037.141,75537.913,kvikio,virchow2,warm,,tiff5x,/home/ec2-user/wsi-cloud/runs/2026-08-23-063822-weka-s7-7.5.b-endurance-all-four-4hr/heatmaps/proc1/TCGA-A2-A1FV-01Z-00-DX1.F70ACD9A-7819-4296-BD28-4D24BBA8AFF4.tiff,11587226
262,TCGA-A7-A4SB-01Z-00-DX1.E8925605-5189-441E-A719-92CFC1118B0B,1,4,11195.089333,2177,256,12.625,8121.675,0.880,1902.455,10037.635,kvikio,virchow2,warm,,tiff5x,/home/ec2-user/wsi-cloud/runs/2026-08-23-063822-weka-s7-7.5.b-endurance-all-four-4hr/heatmaps/proc1/TCGA-A7-A4SB-01Z-00-DX1.E8925605-5189-441E-A719-92CFC1118B0B.tiff,1979887
263,TCGA-A8-A07L-01Z-00-DX1.D9E1051F-724E-4E88-940A-C97005DC5BEB,1,4,11205.127106,1988,256,8.645,7473.610,0.873,267.420,7750.548,kvikio,virchow2,warm,,tiff5x,/home/ec2-user/wsi-cloud/runs/2026-08-23-063822-weka-s7-7.5.b-endurance-all-four-4hr/heatmaps/proc1/TCGA-A8-A07L-01Z-00-DX1.D9E1051F-724E-4E88-940A-C97005DC5BEB.tiff,1410273
264,TCGA-AC-A3TN-01Z-00-DX1.F00E81C7-0CA2-49E8-A30F-DE423538E93C,1,4,11212.877810,4478,256,21.927,17118.551,0.559,824.706,17965.743,kvikio,virchow2,warm,,tiff5x,/home/ec2-user/wsi-cloud/runs/2026-08-23-063822-weka-s7-7.5.b-endurance-all-four-4hr/heatmaps/proc1/TCGA-AC-A3TN-01Z-00-DX1.F00E81C7-0CA2-49E8-A30F-DE423538E93C.tiff,3455403
265,TCGA-AR-A0U1-01Z-00-DX1.276433E7-E841-42D2-AF21-762F2FEA3B9B,1,4,11230.843701,8980,256,35.352,34183.543,0.554,1467.219,35686.668,kvikio,virchow2,warm,,tiff5x,/home/ec2-user/wsi-cloud/runs/2026-08-23-063822-weka-s7-7.5.b-endurance-all-four-4hr/heatmaps/proc1/TCGA-AR-A0U1-01Z-00-DX1.276433E7-E841-42D2-AF21-762F2FEA3B9B.tiff,6061891
266,TCGA-AR-A2LN-01Z-00-DX1.3EF43524-28B8-4326-9356-6BCBC63A1DA8,1,4,11266.530517,13502,256,56.965,51123.507,1.167,3055.366,54237.005,kvikio,virchow2,warm,,tiff5x,/home/ec2-user/wsi-cloud/runs/2026-08-23-063822-weka-s7-7.5.b-endurance-all-four-4hr/heatmaps/proc1/TCGA-AR-A2LN-01Z-00-DX1.3EF43524-28B8-4326-9356-6BCBC63A1DA8.tiff,9132929
267,TCGA-BH-A0BS-01Z-00-DX1.FEE32127-4D0B-4560-A39C-4EAA5B189B70,1,4,11320.767683,14377,256,62.192,53039.750,0.976,2514.405,55617.323,kvikio,virchow2,warm,,tiff5x,/home/ec2-user/wsi-cloud/runs/2026-08-23-063822-weka-s7-7.5.b-endurance-all-four-4hr/heatmaps/proc1/TCGA-BH-A0BS-01Z-00-DX1.FEE32127-4D0B-4560-A39C-4EAA5B189B70.tiff,10258732
268,TCGA-BH-A0W5-01Z-00-DX1.84EA3913-667B-4694-A0F0-E629CAC615C8,1,4,11376.385158,13459,256,65.369,50990.725,0.946,2457.945,53514.985,kvikio,virchow2,warm,,tiff5x,/home/ec2-user/wsi-cloud/runs/2026-08-23-063822-weka-s7-7.5.b-endurance-all-four-4hr/heatmaps/proc1/TCGA-BH-A0W5-01Z-00-DX1.84EA3913-667B-4694-A0F0-E629CAC615C8.tiff,8537687
269,TCGA-D8-A1JI-01Z-00-DX2.E688E270-26C9-43EC-BC26-86BF8B74A31D,1,4,11429.900295,8616,256,38.848,32160.910,0.618,1161.445,33361.821,kvikio,virchow2,warm,,tiff5x,/home/ec2-user/wsi-cloud/runs/2026-08-23-063822-weka-s7-7.5.b-endurance-all-four-4hr/heatmaps/proc1/TCGA-D8-A1JI-01Z-00-DX2.E688E270-26C9-43EC-BC26-86BF8B74A31D.tiff,5274623
270,TCGA-E2-A15E-06Z-00-DX1.D394A007-91A2-4445-9B4A-1629EE684A51,1,4,11463.262264,16165,256,68.523,61719.787,1.149,2880.889,64670.347,kvikio,virchow2,warm,,tiff5x,/home/ec2-user/wsi-cloud/runs/2026-08-23-063822-weka-s7-7.5.b-endurance-all-four-4hr/heatmaps/proc1/TCGA-E2-A15E-06Z-00-DX1.D394A007-91A2-4445-9B4A-1629EE684A51.tiff,10636434
271,TCGA-E9-A1RD-01Z-00-DX1.34083668-cbd2-4610-b857-d50ee9f3e5bd,1,4,11527.932758,8753,256,41.244,33003.370,0.601,1155.397,34200.612,kvikio,virchow2,warm,,tiff5x,/home/ec2-user/wsi-cloud/runs/2026-08-23-063822-weka-s7-7.5.b-endurance-all-four-4hr/heatmaps/proc1/TCGA-E9-A1RD-01Z-00-DX1.34083668-cbd2-4610-b857-d50ee9f3e5bd.tiff,5149354
272,TCGA-Z7-A8R6-01Z-00-DX1.CE4ED818-D762-4324-9DEA-2ACB38B9B0B9,1,4,11562.133524,16460,256,65.947,62879.810,1.141,2179.573,65126.471,kvikio,virchow2,warm,,tiff5x,/home/ec2-user/wsi-cloud/runs/2026-08-23-063822-weka-s7-7.5.b-endurance-all-four-4hr/heatmaps/proc1/TCGA-Z7-A8R6-01Z-00-DX1.CE4ED818-D762-4324-9DEA-2ACB38B9B0B9.tiff,9709762
273,TCGA-A2-A0EO-01Z-00-DX1.D7A09E23-2CAB-4B3B-814C-BF0BA75B7589,1,4,11627.260161,11520,256,53.845,44075.120,0.787,1699.374,45829.126,kvikio,virchow2,warm,,tiff5x,/home/ec2-user/wsi-cloud/runs/2026-08-23-063822-weka-s7-7.5.b-endurance-all-four-4hr/heatmaps/proc1/TCGA-A2-A0EO-01Z-00-DX1.D7A09E23-2CAB-4B3B-814C-BF0BA75B7589.tiff,6985972
274,TCGA-A2-A1FV-01Z-00-DX1.F70ACD9A-7819-4296-BD28-4D24BBA8AFF4,1,4,11673.089463,19432,256,83.372,73176.929,1.491,3015.075,76276.867,kvikio,virchow2,warm,,tiff5x,/home/ec2-user/wsi-cloud/runs/2026-08-23-063822-weka-s7-7.5.b-endurance-all-four-4hr/heatmaps/proc1/TCGA-A2-A1FV-01Z-00-DX1.F70ACD9A-7819-4296-BD28-4D24BBA8AFF4.tiff,11587226
275,TCGA-A7-A4SB-01Z-00-DX1.E8925605-5189-441E-A719-92CFC1118B0B,1,4,11749.366478,2177,256,10.947,7980.659,0.664,1886.939,9879.209,kvikio,virchow2,warm,,tiff5x,/home/ec2-user/wsi-cloud/runs/2026-08-23-063822-weka-s7-7.5.b-endurance-all-four-4hr/heatmaps/proc1/TCGA-A7-A4SB-01Z-00-DX1.E8925605-5189-441E-A719-92CFC1118B0B.tiff,1979887
276,TCGA-A8-A07L-01Z-00-DX1.D9E1051F-724E-4E88-940A-C97005DC5BEB,1,4,11759.245832,1988,256,10.211,7288.292,0.845,264.633,7563.981,kvikio,virchow2,warm,,tiff5x,/home/ec2-user/wsi-cloud/runs/2026-08-23-063822-weka-s7-7.5.b-endurance-all-four-4hr/heatmaps/proc1/TCGA-A8-A07L-01Z-00-DX1.D9E1051F-724E-4E88-940A-C97005DC5BEB.tiff,1410273
277,TCGA-AC-A3TN-01Z-00-DX1.F00E81C7-0CA2-49E8-A30F-DE423538E93C,1,4,11766.809949,4478,256,18.218,16397.851,0.810,830.053,17246.932,kvikio,virchow2,warm,,tiff5x,/home/ec2-user/wsi-cloud/runs/2026-08-23-063822-weka-s7-7.5.b-endurance-all-four-4hr/heatmaps/proc1/TCGA-AC-A3TN-01Z-00-DX1.F00E81C7-0CA2-49E8-A30F-DE423538E93C.tiff,3455403
278,TCGA-AR-A0U1-01Z-00-DX1.276433E7-E841-42D2-AF21-762F2FEA3B9B,1,4,11784.057040,8980,256,45.241,33532.339,0.602,1472.475,35050.657,kvikio,virchow2,warm,,tiff5x,/home/ec2-user/wsi-cloud/runs/2026-08-23-063822-weka-s7-7.5.b-endurance-all-four-4hr/heatmaps/proc1/TCGA-AR-A0U1-01Z-00-DX1.276433E7-E841-42D2-AF21-762F2FEA3B9B.tiff,6061891
279,TCGA-AR-A2LN-01Z-00-DX1.3EF43524-28B8-4326-9356-6BCBC63A1DA8,1,4,11819.107841,13502,256,53.989,51635.015,1.142,2929.513,54619.658,kvikio,virchow2,warm,,tiff5x,/home/ec2-user/wsi-cloud/runs/2026-08-23-063822-weka-s7-7.5.b-endurance-all-four-4hr/heatmaps/proc1/TCGA-AR-A2LN-01Z-00-DX1.3EF43524-28B8-4326-9356-6BCBC63A1DA8.tiff,9132929
280,TCGA-BH-A0BS-01Z-00-DX1.FEE32127-4D0B-4560-A39C-4EAA5B189B70,1,4,11873.727847,14377,256,64.084,52929.267,0.972,2617.452,55611.775,kvikio,virchow2,warm,,tiff5x,/home/ec2-user/wsi-cloud/runs/2026-08-23-063822-weka-s7-7.5.b-endurance-all-four-4hr/heatmaps/proc1/TCGA-BH-A0BS-01Z-00-DX1.FEE32127-4D0B-4560-A39C-4EAA5B189B70.tiff,10258732
281,TCGA-BH-A0W5-01Z-00-DX1.84EA3913-667B-4694-A0F0-E629CAC615C8,1,4,11929.339781,13459,256,59.024,50421.269,1.050,2338.929,52820.271,kvikio,virchow2,warm,,tiff5x,/home/ec2-user/wsi-cloud/runs/2026-08-23-063822-weka-s7-7.5.b-endurance-all-four-4hr/heatmaps/proc1/TCGA-BH-A0W5-01Z-00-DX1.84EA3913-667B-4694-A0F0-E629CAC615C8.tiff,8537687
282,TCGA-D8-A1JI-01Z-00-DX2.E688E270-26C9-43EC-BC26-86BF8B74A31D,1,4,11982.160197,8616,256,36.550,32789.787,0.556,1149.072,33975.965,kvikio,virchow2,warm,,tiff5x,/home/ec2-user/wsi-cloud/runs/2026-08-23-063822-weka-s7-7.5.b-endurance-all-four-4hr/heatmaps/proc1/TCGA-D8-A1JI-01Z-00-DX2.E688E270-26C9-43EC-BC26-86BF8B74A31D.tiff,5274623
283,TCGA-E2-A15E-06Z-00-DX1.D394A007-91A2-4445-9B4A-1629EE684A51,1,4,12016.136297,16165,256,66.378,61338.283,1.128,2873.102,64278.890,kvikio,virchow2,warm,,tiff5x,/home/ec2-user/wsi-cloud/runs/2026-08-23-063822-weka-s7-7.5.b-endurance-all-four-4hr/heatmaps/proc1/TCGA-E2-A15E-06Z-00-DX1.D394A007-91A2-4445-9B4A-1629EE684A51.tiff,10636434
284,TCGA-E9-A1RD-01Z-00-DX1.34083668-cbd2-4610-b857-d50ee9f3e5bd,1,4,12080.415337,8753,256,40.940,32101.273,0.565,1152.540,33295.319,kvikio,virchow2,warm,,tiff5x,/home/ec2-user/wsi-cloud/runs/2026-08-23-063822-weka-s7-7.5.b-endurance-all-four-4hr/heatmaps/proc1/TCGA-E9-A1RD-01Z-00-DX1.34083668-cbd2-4610-b857-d50ee9f3e5bd.tiff,5149354
285,TCGA-Z7-A8R6-01Z-00-DX1.CE4ED818-D762-4324-9DEA-2ACB38B9B0B9,1,4,12113.710798,16460,256,69.433,61980.651,1.143,2174.916,64226.143,kvikio,virchow2,warm,,tiff5x,/home/ec2-user/wsi-cloud/runs/2026-08-23-063822-weka-s7-7.5.b-endurance-all-four-4hr/heatmaps/proc1/TCGA-Z7-A8R6-01Z-00-DX1.CE4ED818-D762-4324-9DEA-2ACB38B9B0B9.tiff,9709762
286,TCGA-A2-A0EO-01Z-00-DX1.D7A09E23-2CAB-4B3B-814C-BF0BA75B7589,1,4,12177.937104,11520,256,57.846,43086.098,0.772,1647.692,44792.408,kvikio,virchow2,warm,,tiff5x,/home/ec2-user/wsi-cloud/runs/2026-08-23-063822-weka-s7-7.5.b-endurance-all-four-4hr/heatmaps/proc1/TCGA-A2-A0EO-01Z-00-DX1.D7A09E23-2CAB-4B3B-814C-BF0BA75B7589.tiff,6985972
287,TCGA-A2-A1FV-01Z-00-DX1.F70ACD9A-7819-4296-BD28-4D24BBA8AFF4,1,4,12222.729668,19432,256,76.605,73379.675,1.560,3025.503,76483.342,kvikio,virchow2,warm,,tiff5x,/home/ec2-user/wsi-cloud/runs/2026-08-23-063822-weka-s7-7.5.b-endurance-all-four-4hr/heatmaps/proc1/TCGA-A2-A1FV-01Z-00-DX1.F70ACD9A-7819-4296-BD28-4D24BBA8AFF4.tiff,11587226
288,TCGA-A7-A4SB-01Z-00-DX1.E8925605-5189-441E-A719-92CFC1118B0B,1,4,12299.213159,2177,256,10.740,8080.883,0.943,1923.595,10016.161,kvikio,virchow2,warm,,tiff5x,/home/ec2-user/wsi-cloud/runs/2026-08-23-063822-weka-s7-7.5.b-endurance-all-four-4hr/heatmaps/proc1/TCGA-A7-A4SB-01Z-00-DX1.E8925605-5189-441E-A719-92CFC1118B0B.tiff,1979887
289,TCGA-A8-A07L-01Z-00-DX1.D9E1051F-724E-4E88-940A-C97005DC5BEB,1,4,12309.229473,1988,256,8.674,7399.368,0.864,265.389,7674.295,kvikio,virchow2,warm,,tiff5x,/home/ec2-user/wsi-cloud/runs/2026-08-23-063822-weka-s7-7.5.b-endurance-all-four-4hr/heatmaps/proc1/TCGA-A8-A07L-01Z-00-DX1.D9E1051F-724E-4E88-940A-C97005DC5BEB.tiff,1410273
290,TCGA-AC-A3TN-01Z-00-DX1.F00E81C7-0CA2-49E8-A30F-DE423538E93C,1,4,12316.903914,4478,256,22.461,17003.137,1.029,864.875,17891.501,kvikio,virchow2,warm,,tiff5x,/home/ec2-user/wsi-cloud/runs/2026-08-23-063822-weka-s7-7.5.b-endurance-all-four-4hr/heatmaps/proc1/TCGA-AC-A3TN-01Z-00-DX1.F00E81C7-0CA2-49E8-A30F-DE423538E93C.tiff,3455403
291,TCGA-AR-A0U1-01Z-00-DX1.276433E7-E841-42D2-AF21-762F2FEA3B9B,1,4,12334.795558,8980,256,36.874,33943.726,0.540,1460.528,35441.668,kvikio,virchow2,warm,,tiff5x,/home/ec2-user/wsi-cloud/runs/2026-08-23-063822-weka-s7-7.5.b-endurance-all-four-4hr/heatmaps/proc1/TCGA-AR-A0U1-01Z-00-DX1.276433E7-E841-42D2-AF21-762F2FEA3B9B.tiff,6061891
292,TCGA-AR-A2LN-01Z-00-DX1.3EF43524-28B8-4326-9356-6BCBC63A1DA8,1,4,12370.237384,13502,256,52.549,51067.483,0.947,2998.174,54119.153,kvikio,virchow2,warm,,tiff5x,/home/ec2-user/wsi-cloud/runs/2026-08-23-063822-weka-s7-7.5.b-endurance-all-four-4hr/heatmaps/proc1/TCGA-AR-A2LN-01Z-00-DX1.3EF43524-28B8-4326-9356-6BCBC63A1DA8.tiff,9132929
293,TCGA-BH-A0BS-01Z-00-DX1.FEE32127-4D0B-4560-A39C-4EAA5B189B70,1,4,12424.356696,14377,256,71.254,54596.028,1.007,2657.494,57325.782,kvikio,virchow2,warm,,tiff5x,/home/ec2-user/wsi-cloud/runs/2026-08-23-063822-weka-s7-7.5.b-endurance-all-four-4hr/heatmaps/proc1/TCGA-BH-A0BS-01Z-00-DX1.FEE32127-4D0B-4560-A39C-4EAA5B189B70.tiff,10258732
294,TCGA-BH-A0W5-01Z-00-DX1.84EA3913-667B-4694-A0F0-E629CAC615C8,1,4,12481.682643,13459,256,60.708,49718.881,1.121,2383.082,52163.791,kvikio,virchow2,warm,,tiff5x,/home/ec2-user/wsi-cloud/runs/2026-08-23-063822-weka-s7-7.5.b-endurance-all-four-4hr/heatmaps/proc1/TCGA-BH-A0W5-01Z-00-DX1.84EA3913-667B-4694-A0F0-E629CAC615C8.tiff,8537687
295,TCGA-D8-A1JI-01Z-00-DX2.E688E270-26C9-43EC-BC26-86BF8B74A31D,1,4,12533.846589,8616,256,43.969,32490.693,0.774,1210.921,33746.357,kvikio,virchow2,warm,,tiff5x,/home/ec2-user/wsi-cloud/runs/2026-08-23-063822-weka-s7-7.5.b-endurance-all-four-4hr/heatmaps/proc1/TCGA-D8-A1JI-01Z-00-DX2.E688E270-26C9-43EC-BC26-86BF8B74A31D.tiff,5274623
296,TCGA-E2-A15E-06Z-00-DX1.D394A007-91A2-4445-9B4A-1629EE684A51,1,4,12567.593093,16165,256,62.809,60895.275,1.153,2881.656,63840.893,kvikio,virchow2,warm,,tiff5x,/home/ec2-user/wsi-cloud/runs/2026-08-23-063822-weka-s7-7.5.b-endurance-all-four-4hr/heatmaps/proc1/TCGA-E2-A15E-06Z-00-DX1.D394A007-91A2-4445-9B4A-1629EE684A51.tiff,10636434
297,TCGA-E9-A1RD-01Z-00-DX1.34083668-cbd2-4610-b857-d50ee9f3e5bd,1,4,12631.434132,8753,256,35.695,32908.064,0.608,1148.721,34093.087,kvikio,virchow2,warm,,tiff5x,/home/ec2-user/wsi-cloud/runs/2026-08-23-063822-weka-s7-7.5.b-endurance-all-four-4hr/heatmaps/proc1/TCGA-E9-A1RD-01Z-00-DX1.34083668-cbd2-4610-b857-d50ee9f3e5bd.tiff,5149354
298,TCGA-Z7-A8R6-01Z-00-DX1.CE4ED818-D762-4324-9DEA-2ACB38B9B0B9,1,4,12665.527363,16460,256,62.886,61770.643,1.155,2176.145,64010.829,kvikio,virchow2,warm,,tiff5x,/home/ec2-user/wsi-cloud/runs/2026-08-23-063822-weka-s7-7.5.b-endurance-all-four-4hr/heatmaps/proc1/TCGA-Z7-A8R6-01Z-00-DX1.CE4ED818-D762-4324-9DEA-2ACB38B9B0B9.tiff,9709762
299,TCGA-A2-A0EO-01Z-00-DX1.D7A09E23-2CAB-4B3B-814C-BF0BA75B7589,1,4,12729.538337,11520,256,43.908,43819.818,0.888,1662.212,45526.827,kvikio,virchow2,warm,,tiff5x,/home/ec2-user/wsi-cloud/runs/2026-08-23-063822-weka-s7-7.5.b-endurance-all-four-4hr/heatmaps/proc1/TCGA-A2-A0EO-01Z-00-DX1.D7A09E23-2CAB-4B3B-814C-BF0BA75B7589.tiff,6985972
300,TCGA-A2-A1FV-01Z-00-DX1.F70ACD9A-7819-4296-BD28-4D24BBA8AFF4,1,4,12775.065309,19432,256,78.931,70841.045,1.556,3085.855,74007.387,kvikio,virchow2,warm,,tiff5x,/home/ec2-user/wsi-cloud/runs/2026-08-23-063822-weka-s7-7.5.b-endurance-all-four-4hr/heatmaps/proc1/TCGA-A2-A1FV-01Z-00-DX1.F70ACD9A-7819-4296-BD28-4D24BBA8AFF4.tiff,11587226
301,TCGA-A7-A4SB-01Z-00-DX1.E8925605-5189-441E-A719-92CFC1118B0B,1,4,12849.072862,2177,256,11.456,7871.611,0.896,1913.429,9797.393,kvikio,virchow2,warm,,tiff5x,/home/ec2-user/wsi-cloud/runs/2026-08-23-063822-weka-s7-7.5.b-endurance-all-four-4hr/heatmaps/proc1/TCGA-A7-A4SB-01Z-00-DX1.E8925605-5189-441E-A719-92CFC1118B0B.tiff,1979887
302,TCGA-A8-A07L-01Z-00-DX1.D9E1051F-724E-4E88-940A-C97005DC5BEB,1,4,12858.870399,1988,256,10.512,7192.286,0.900,265.785,7469.483,kvikio,virchow2,warm,,tiff5x,/home/ec2-user/wsi-cloud/runs/2026-08-23-063822-weka-s7-7.5.b-endurance-all-four-4hr/heatmaps/proc1/TCGA-A8-A07L-01Z-00-DX1.D9E1051F-724E-4E88-940A-C97005DC5BEB.tiff,1410273
303,TCGA-AC-A3TN-01Z-00-DX1.F00E81C7-0CA2-49E8-A30F-DE423538E93C,1,4,12866.340014,4478,256,18.019,16255.529,0.540,835.601,17109.689,kvikio,virchow2,warm,,tiff5x,/home/ec2-user/wsi-cloud/runs/2026-08-23-063822-weka-s7-7.5.b-endurance-all-four-4hr/heatmaps/proc1/TCGA-AC-A3TN-01Z-00-DX1.F00E81C7-0CA2-49E8-A30F-DE423538E93C.tiff,3455403
304,TCGA-AR-A0U1-01Z-00-DX1.276433E7-E841-42D2-AF21-762F2FEA3B9B,1,4,12883.449851,8980,256,34.203,32713.189,0.646,1499.658,34247.696,kvikio,virchow2,warm,,tiff5x,/home/ec2-user/wsi-cloud/runs/2026-08-23-063822-weka-s7-7.5.b-endurance-all-four-4hr/heatmaps/proc1/TCGA-AR-A0U1-01Z-00-DX1.276433E7-E841-42D2-AF21-762F2FEA3B9B.tiff,6061891
305,TCGA-AR-A2LN-01Z-00-DX1.3EF43524-28B8-4326-9356-6BCBC63A1DA8,1,4,12917.697697,13502,256,59.020,50758.560,0.957,2915.862,53734.399,kvikio,virchow2,warm,,tiff5x,/home/ec2-user/wsi-cloud/runs/2026-08-23-063822-weka-s7-7.5.b-endurance-all-four-4hr/heatmaps/proc1/TCGA-AR-A2LN-01Z-00-DX1.3EF43524-28B8-4326-9356-6BCBC63A1DA8.tiff,9132929
306,TCGA-BH-A0BS-01Z-00-DX1.FEE32127-4D0B-4560-A39C-4EAA5B189B70,1,4,12971.432243,14377,256,56.467,52355.551,0.964,2522.526,54935.509,kvikio,virchow2,warm,,tiff5x,/home/ec2-user/wsi-cloud/runs/2026-08-23-063822-weka-s7-7.5.b-endurance-all-four-4hr/heatmaps/proc1/TCGA-BH-A0BS-01Z-00-DX1.FEE32127-4D0B-4560-A39C-4EAA5B189B70.tiff,10258732
307,TCGA-BH-A0W5-01Z-00-DX1.84EA3913-667B-4694-A0F0-E629CAC615C8,1,4,13026.367895,13459,256,51.322,48948.953,0.965,2447.127,51448.367,kvikio,virchow2,warm,,tiff5x,/home/ec2-user/wsi-cloud/runs/2026-08-23-063822-weka-s7-7.5.b-endurance-all-four-4hr/heatmaps/proc1/TCGA-BH-A0W5-01Z-00-DX1.84EA3913-667B-4694-A0F0-E629CAC615C8.tiff,8537687
308,TCGA-D8-A1JI-01Z-00-DX2.E688E270-26C9-43EC-BC26-86BF8B74A31D,1,4,13077.816410,8616,256,38.115,31606.984,0.619,1173.004,32818.722,kvikio,virchow2,warm,,tiff5x,/home/ec2-user/wsi-cloud/runs/2026-08-23-063822-weka-s7-7.5.b-endurance-all-four-4hr/heatmaps/proc1/TCGA-D8-A1JI-01Z-00-DX2.E688E270-26C9-43EC-BC26-86BF8B74A31D.tiff,5274623
309,TCGA-E2-A15E-06Z-00-DX1.D394A007-91A2-4445-9B4A-1629EE684A51,1,4,13110.635272,16165,256,66.993,60885.557,1.131,2864.945,63818.627,kvikio,virchow2,warm,,tiff5x,/home/ec2-user/wsi-cloud/runs/2026-08-23-063822-weka-s7-7.5.b-endurance-all-four-4hr/heatmaps/proc1/TCGA-E2-A15E-06Z-00-DX1.D394A007-91A2-4445-9B4A-1629EE684A51.tiff,10636434
310,TCGA-E9-A1RD-01Z-00-DX1.34083668-cbd2-4610-b857-d50ee9f3e5bd,1,4,13174.454044,8753,256,32.431,32322.824,0.598,1159.896,33515.749,kvikio,virchow2,warm,,tiff5x,/home/ec2-user/wsi-cloud/runs/2026-08-23-063822-weka-s7-7.5.b-endurance-all-four-4hr/heatmaps/proc1/TCGA-E9-A1RD-01Z-00-DX1.34083668-cbd2-4610-b857-d50ee9f3e5bd.tiff,5149354
311,TCGA-Z7-A8R6-01Z-00-DX1.CE4ED818-D762-4324-9DEA-2ACB38B9B0B9,1,4,13207.969944,16460,256,68.772,62233.312,1.163,2181.942,64485.189,kvikio,virchow2,warm,,tiff5x,/home/ec2-user/wsi-cloud/runs/2026-08-23-063822-weka-s7-7.5.b-endurance-all-four-4hr/heatmaps/proc1/TCGA-Z7-A8R6-01Z-00-DX1.CE4ED818-D762-4324-9DEA-2ACB38B9B0B9.tiff,9709762
312,TCGA-A2-A0EO-01Z-00-DX1.D7A09E23-2CAB-4B3B-814C-BF0BA75B7589,1,4,13272.455284,11520,256,54.947,43345.619,0.764,1660.082,45061.412,kvikio,virchow2,warm,,tiff5x,/home/ec2-user/wsi-cloud/runs/2026-08-23-063822-weka-s7-7.5.b-endurance-all-four-4hr/heatmaps/proc1/TCGA-A2-A0EO-01Z-00-DX1.D7A09E23-2CAB-4B3B-814C-BF0BA75B7589.tiff,6985972
313,TCGA-A2-A1FV-01Z-00-DX1.F70ACD9A-7819-4296-BD28-4D24BBA8AFF4,1,4,13317.516847,19432,256,81.161,74354.447,1.489,3034.634,77471.731,kvikio,virchow2,warm,,tiff5x,/home/ec2-user/wsi-cloud/runs/2026-08-23-063822-weka-s7-7.5.b-endurance-all-four-4hr/heatmaps/proc1/TCGA-A2-A1FV-01Z-00-DX1.F70ACD9A-7819-4296-BD28-4D24BBA8AFF4.tiff,11587226
314,TCGA-A7-A4SB-01Z-00-DX1.E8925605-5189-441E-A719-92CFC1118B0B,1,4,13394.988735,2177,256,13.121,8149.433,0.915,1947.290,10110.759,kvikio,virchow2,warm,,tiff5x,/home/ec2-user/wsi-cloud/runs/2026-08-23-063822-weka-s7-7.5.b-endurance-all-four-4hr/heatmaps/proc1/TCGA-A7-A4SB-01Z-00-DX1.E8925605-5189-441E-A719-92CFC1118B0B.tiff,1979887
315,TCGA-A8-A07L-01Z-00-DX1.D9E1051F-724E-4E88-940A-C97005DC5BEB,1,4,13405.099640,1988,256,8.902,7373.713,0.916,279.375,7662.907,kvikio,virchow2,warm,,tiff5x,/home/ec2-user/wsi-cloud/runs/2026-08-23-063822-weka-s7-7.5.b-endurance-all-four-4hr/heatmaps/proc1/TCGA-A8-A07L-01Z-00-DX1.D9E1051F-724E-4E88-940A-C97005DC5BEB.tiff,1410273
316,TCGA-AC-A3TN-01Z-00-DX1.F00E81C7-0CA2-49E8-A30F-DE423538E93C,1,4,13412.762684,4478,256,21.861,16657.335,0.953,870.010,17550.159,kvikio,virchow2,warm,,tiff5x,/home/ec2-user/wsi-cloud/runs/2026-08-23-063822-weka-s7-7.5.b-endurance-all-four-4hr/heatmaps/proc1/TCGA-AC-A3TN-01Z-00-DX1.F00E81C7-0CA2-49E8-A30F-DE423538E93C.tiff,3455403
317,TCGA-AR-A0U1-01Z-00-DX1.276433E7-E841-42D2-AF21-762F2FEA3B9B,1,4,13430.313009,8980,256,37.987,33927.430,0.655,1491.718,35457.790,kvikio,virchow2,warm,,tiff5x,/home/ec2-user/wsi-cloud/runs/2026-08-23-063822-weka-s7-7.5.b-endurance-all-four-4hr/heatmaps/proc1/TCGA-AR-A0U1-01Z-00-DX1.276433E7-E841-42D2-AF21-762F2FEA3B9B.tiff,6061891
318,TCGA-AR-A2LN-01Z-00-DX1.3EF43524-28B8-4326-9356-6BCBC63A1DA8,1,4,13465.770949,13502,256,55.867,51644.117,0.971,2920.920,54621.876,kvikio,virchow2,warm,,tiff5x,/home/ec2-user/wsi-cloud/runs/2026-08-23-063822-weka-s7-7.5.b-endurance-all-four-4hr/heatmaps/proc1/TCGA-AR-A2LN-01Z-00-DX1.3EF43524-28B8-4326-9356-6BCBC63A1DA8.tiff,9132929
319,TCGA-BH-A0BS-01Z-00-DX1.FEE32127-4D0B-4560-A39C-4EAA5B189B70,1,4,13520.392982,14377,256,62.219,54976.643,0.969,2622.220,57662.051,kvikio,virchow2,warm,,tiff5x,/home/ec2-user/wsi-cloud/runs/2026-08-23-063822-weka-s7-7.5.b-endurance-all-four-4hr/heatmaps/proc1/TCGA-BH-A0BS-01Z-00-DX1.FEE32127-4D0B-4560-A39C-4EAA5B189B70.tiff,10258732
320,TCGA-BH-A0W5-01Z-00-DX1.84EA3913-667B-4694-A0F0-E629CAC615C8,1,4,13578.055181,13459,256,56.673,50414.728,0.943,2335.258,52807.602,kvikio,virchow2,warm,,tiff5x,/home/ec2-user/wsi-cloud/runs/2026-08-23-063822-weka-s7-7.5.b-endurance-all-four-4hr/heatmaps/proc1/TCGA-BH-A0W5-01Z-00-DX1.84EA3913-667B-4694-A0F0-E629CAC615C8.tiff,8537687
321,TCGA-D8-A1JI-01Z-00-DX2.E688E270-26C9-43EC-BC26-86BF8B74A31D,1,4,13630.862934,8616,256,41.784,32786.705,0.580,1166.522,33995.589,kvikio,virchow2,warm,,tiff5x,/home/ec2-user/wsi-cloud/runs/2026-08-23-063822-weka-s7-7.5.b-endurance-all-four-4hr/heatmaps/proc1/TCGA-D8-A1JI-01Z-00-DX2.E688E270-26C9-43EC-BC26-86BF8B74A31D.tiff,5274623
322,TCGA-E2-A15E-06Z-00-DX1.D394A007-91A2-4445-9B4A-1629EE684A51,1,4,13664.858660,16165,256,61.153,59412.944,1.119,2875.284,62350.500,kvikio,virchow2,warm,,tiff5x,/home/ec2-user/wsi-cloud/runs/2026-08-23-063822-weka-s7-7.5.b-endurance-all-four-4hr/heatmaps/proc1/TCGA-E2-A15E-06Z-00-DX1.D394A007-91A2-4445-9B4A-1629EE684A51.tiff,10636434
323,TCGA-E9-A1RD-01Z-00-DX1.34083668-cbd2-4610-b857-d50ee9f3e5bd,1,4,13727.209318,8753,256,37.924,32107.382,0.581,1158.403,33304.289,kvikio,virchow2,warm,,tiff5x,/home/ec2-user/wsi-cloud/runs/2026-08-23-063822-weka-s7-7.5.b-endurance-all-four-4hr/heatmaps/proc1/TCGA-E9-A1RD-01Z-00-DX1.34083668-cbd2-4610-b857-d50ee9f3e5bd.tiff,5149354
324,TCGA-Z7-A8R6-01Z-00-DX1.CE4ED818-D762-4324-9DEA-2ACB38B9B0B9,1,4,13760.513752,16460,256,64.602,62001.583,1.137,2188.941,64256.264,kvikio,virchow2,warm,,tiff5x,/home/ec2-user/wsi-cloud/runs/2026-08-23-063822-weka-s7-7.5.b-endurance-all-four-4hr/heatmaps/proc1/TCGA-Z7-A8R6-01Z-00-DX1.CE4ED818-D762-4324-9DEA-2ACB38B9B0B9.tiff,9709762
325,TCGA-A2-A0EO-01Z-00-DX1.D7A09E23-2CAB-4B3B-814C-BF0BA75B7589,1,4,13824.770171,11520,256,49.744,43444.129,0.781,1657.194,45151.847,kvikio,virchow2,warm,,tiff5x,/home/ec2-user/wsi-cloud/runs/2026-08-23-063822-weka-s7-7.5.b-endurance-all-four-4hr/heatmaps/proc1/TCGA-A2-A0EO-01Z-00-DX1.D7A09E23-2CAB-4B3B-814C-BF0BA75B7589.tiff,6985972
326,TCGA-A2-A1FV-01Z-00-DX1.F70ACD9A-7819-4296-BD28-4D24BBA8AFF4,1,4,13869.922156,19432,256,76.423,72970.227,1.410,3032.941,76081.000,kvikio,virchow2,warm,,tiff5x,/home/ec2-user/wsi-cloud/runs/2026-08-23-063822-weka-s7-7.5.b-endurance-all-four-4hr/heatmaps/proc1/TCGA-A2-A1FV-01Z-00-DX1.F70ACD9A-7819-4296-BD28-4D24BBA8AFF4.tiff,11587226
327,TCGA-A7-A4SB-01Z-00-DX1.E8925605-5189-441E-A719-92CFC1118B0B,1,4,13946.003303,2177,256,11.941,8068.443,0.553,1870.871,9951.808,kvikio,virchow2,warm,,tiff5x,/home/ec2-user/wsi-cloud/runs/2026-08-23-063822-weka-s7-7.5.b-endurance-all-four-4hr/heatmaps/proc1/TCGA-A7-A4SB-01Z-00-DX1.E8925605-5189-441E-A719-92CFC1118B0B.tiff,1979887
328,TCGA-A8-A07L-01Z-00-DX1.D9E1051F-724E-4E88-940A-C97005DC5BEB,1,4,13955.955246,1988,256,10.340,7388.707,0.561,262.982,7662.589,kvikio,virchow2,warm,,tiff5x,/home/ec2-user/wsi-cloud/runs/2026-08-23-063822-weka-s7-7.5.b-endurance-all-four-4hr/heatmaps/proc1/TCGA-A8-A07L-01Z-00-DX1.D9E1051F-724E-4E88-940A-C97005DC5BEB.tiff,1410273
329,TCGA-AC-A3TN-01Z-00-DX1.F00E81C7-0CA2-49E8-A30F-DE423538E93C,1,4,13963.617980,4478,256,22.089,16999.947,0.537,822.912,17845.485,kvikio,virchow2,warm,,tiff5x,/home/ec2-user/wsi-cloud/runs/2026-08-23-063822-weka-s7-7.5.b-endurance-all-four-4hr/heatmaps/proc1/TCGA-AC-A3TN-01Z-00-DX1.F00E81C7-0CA2-49E8-A30F-DE423538E93C.tiff,3455403
330,TCGA-AR-A0U1-01Z-00-DX1.276433E7-E841-42D2-AF21-762F2FEA3B9B,1,4,13981.463597,8980,256,36.100,34326.416,0.556,1463.414,35826.486,kvikio,virchow2,warm,,tiff5x,/home/ec2-user/wsi-cloud/runs/2026-08-23-063822-weka-s7-7.5.b-endurance-all-four-4hr/heatmaps/proc1/TCGA-AR-A0U1-01Z-00-DX1.276433E7-E841-42D2-AF21-762F2FEA3B9B.tiff,6061891
331,TCGA-AR-A2LN-01Z-00-DX1.3EF43524-28B8-4326-9356-6BCBC63A1DA8,1,4,14017.290228,13502,256,52.603,51654.096,0.967,2915.571,54623.237,kvikio,virchow2,warm,,tiff5x,/home/ec2-user/wsi-cloud/runs/2026-08-23-063822-weka-s7-7.5.b-endurance-all-four-4hr/heatmaps/proc1/TCGA-AR-A2LN-01Z-00-DX1.3EF43524-28B8-4326-9356-6BCBC63A1DA8.tiff,9132929
332,TCGA-BH-A0BS-01Z-00-DX1.FEE32127-4D0B-4560-A39C-4EAA5B189B70,1,4,14071.913624,14377,256,60.010,54747.207,1.121,2525.156,57333.493,kvikio,virchow2,warm,,tiff5x,/home/ec2-user/wsi-cloud/runs/2026-08-23-063822-weka-s7-7.5.b-endurance-all-four-4hr/heatmaps/proc1/TCGA-BH-A0BS-01Z-00-DX1.FEE32127-4D0B-4560-A39C-4EAA5B189B70.tiff,10258732
333,TCGA-BH-A0W5-01Z-00-DX1.84EA3913-667B-4694-A0F0-E629CAC615C8,1,4,14129.247268,13459,256,51.322,51371.881,1.131,2353.757,53778.090,kvikio,virchow2,warm,,tiff5x,/home/ec2-user/wsi-cloud/runs/2026-08-23-063822-weka-s7-7.5.b-endurance-all-four-4hr/heatmaps/proc1/TCGA-BH-A0W5-01Z-00-DX1.84EA3913-667B-4694-A0F0-E629CAC615C8.tiff,8537687
334,TCGA-D8-A1JI-01Z-00-DX2.E688E270-26C9-43EC-BC26-86BF8B74A31D,1,4,14183.025528,8616,256,38.036,32879.921,0.939,1171.147,34090.043,kvikio,virchow2,warm,,tiff5x,/home/ec2-user/wsi-cloud/runs/2026-08-23-063822-weka-s7-7.5.b-endurance-all-four-4hr/heatmaps/proc1/TCGA-D8-A1JI-01Z-00-DX2.E688E270-26C9-43EC-BC26-86BF8B74A31D.tiff,5274623
335,TCGA-E2-A15E-06Z-00-DX1.D394A007-91A2-4445-9B4A-1629EE684A51,1,4,14217.115710,16165,256,69.916,61754.152,1.111,2984.120,64809.298,kvikio,virchow2,warm,,tiff5x,/home/ec2-user/wsi-cloud/runs/2026-08-23-063822-weka-s7-7.5.b-endurance-all-four-4hr/heatmaps/proc1/TCGA-E2-A15E-06Z-00-DX1.D394A007-91A2-4445-9B4A-1629EE684A51.tiff,10636434
336,TCGA-E9-A1RD-01Z-00-DX1.34083668-cbd2-4610-b857-d50ee9f3e5bd,1,4,14281.925159,8753,256,35.786,32525.231,0.573,1148.876,33710.465,kvikio,virchow2,warm,,tiff5x,/home/ec2-user/wsi-cloud/runs/2026-08-23-063822-weka-s7-7.5.b-endurance-all-four-4hr/heatmaps/proc1/TCGA-E9-A1RD-01Z-00-DX1.34083668-cbd2-4610-b857-d50ee9f3e5bd.tiff,5149354
337,TCGA-Z7-A8R6-01Z-00-DX1.CE4ED818-D762-4324-9DEA-2ACB38B9B0B9,1,4,14315.635762,16460,256,62.999,62138.080,1.139,2193.461,64395.679,kvikio,virchow2,warm,,tiff5x,/home/ec2-user/wsi-cloud/runs/2026-08-23-063822-weka-s7-7.5.b-endurance-all-four-4hr/heatmaps/proc1/TCGA-Z7-A8R6-01Z-00-DX1.CE4ED818-D762-4324-9DEA-2ACB38B9B0B9.tiff,9709762
338,TCGA-A2-A0EO-01Z-00-DX1.D7A09E23-2CAB-4B3B-814C-BF0BA75B7589,1,4,14380.031590,11520,256,42.966,42444.313,0.796,1664.157,44152.232,kvikio,virchow2,warm,,tiff5x,/home/ec2-user/wsi-cloud/runs/2026-08-23-063822-weka-s7-7.5.b-endurance-all-four-4hr/heatmaps/proc1/TCGA-A2-A0EO-01Z-00-DX1.D7A09E23-2CAB-4B3B-814C-BF0BA75B7589.tiff,6985972
339,TCGA-A2-A1FV-01Z-00-DX1.F70ACD9A-7819-4296-BD28-4D24BBA8AFF4,1,4,14424.183974,19432,256,84.684,72991.171,1.562,3077.760,76155.177,kvikio,virchow2,warm,,tiff5x,/home/ec2-user/wsi-cloud/runs/2026-08-23-063822-weka-s7-7.5.b-endurance-all-four-4hr/heatmaps/proc1/TCGA-A2-A1FV-01Z-00-DX1.F70ACD9A-7819-4296-BD28-4D24BBA8AFF4.tiff,11587226
340,TCGA-A7-A4SB-01Z-00-DX1.E8925605-5189-441E-A719-92CFC1118B0B,1,4,14500.339311,2177,256,10.785,7965.897,0.844,1907.302,9884.829,kvikio,virchow2,warm,,tiff5x,/home/ec2-user/wsi-cloud/runs/2026-08-23-063822-weka-s7-7.5.b-endurance-all-four-4hr/heatmaps/proc1/TCGA-A7-A4SB-01Z-00-DX1.E8925605-5189-441E-A719-92CFC1118B0B.tiff,1979887
341,TCGA-A8-A07L-01Z-00-DX1.D9E1051F-724E-4E88-940A-C97005DC5BEB,1,4,14510.224482,1988,256,10.614,7260.472,0.870,265.995,7537.950,kvikio,virchow2,warm,,tiff5x,/home/ec2-user/wsi-cloud/runs/2026-08-23-063822-weka-s7-7.5.b-endurance-all-four-4hr/heatmaps/proc1/TCGA-A8-A07L-01Z-00-DX1.D9E1051F-724E-4E88-940A-C97005DC5BEB.tiff,1410273
342,TCGA-AC-A3TN-01Z-00-DX1.F00E81C7-0CA2-49E8-A30F-DE423538E93C,1,4,14517.762571,4478,256,22.049,16466.724,0.839,845.758,17335.371,kvikio,virchow2,warm,,tiff5x,/home/ec2-user/wsi-cloud/runs/2026-08-23-063822-weka-s7-7.5.b-endurance-all-four-4hr/heatmaps/proc1/TCGA-AC-A3TN-01Z-00-DX1.F00E81C7-0CA2-49E8-A30F-DE423538E93C.tiff,3455403
343,TCGA-AR-A0U1-01Z-00-DX1.276433E7-E841-42D2-AF21-762F2FEA3B9B,1,4,14535.098083,8980,256,39.095,33434.308,0.625,1473.907,34947.934,kvikio,virchow2,warm,,tiff5x,/home/ec2-user/wsi-cloud/runs/2026-08-23-063822-weka-s7-7.5.b-endurance-all-four-4hr/heatmaps/proc1/TCGA-AR-A0U1-01Z-00-DX1.276433E7-E841-42D2-AF21-762F2FEA3B9B.tiff,6061891
344,TCGA-AR-A2LN-01Z-00-DX1.3EF43524-28B8-4326-9356-6BCBC63A1DA8,1,4,14570.046163,13502,256,54.870,51198.188,1.129,2941.263,54195.449,kvikio,virchow2,warm,,tiff5x,/home/ec2-user/wsi-cloud/runs/2026-08-23-063822-weka-s7-7.5.b-endurance-all-four-4hr/heatmaps/proc1/TCGA-AR-A2LN-01Z-00-DX1.3EF43524-28B8-4326-9356-6BCBC63A1DA8.tiff,9132929
345,TCGA-BH-A0BS-01Z-00-DX1.FEE32127-4D0B-4560-A39C-4EAA5B189B70,1,4,14624.241772,14377,256,56.634,54289.022,1.014,2525.849,56872.518,kvikio,virchow2,warm,,tiff5x,/home/ec2-user/wsi-cloud/runs/2026-08-23-063822-weka-s7-7.5.b-endurance-all-four-4hr/heatmaps/proc1/TCGA-BH-A0BS-01Z-00-DX1.FEE32127-4D0B-4560-A39C-4EAA5B189B70.tiff,10258732
0,TCGA-A2-A0ER-01Z-00-DX1.18123C1B-A0CC-4957-9373-5FFAB985C2E8,2,4,0.000009,7989,256,26.629,29838.231,53.493,2662.175,32580.528,kvikio,virchow2,warm,,tiff5x,/home/ec2-user/wsi-cloud/runs/2026-08-23-063822-weka-s7-7.5.b-endurance-all-four-4hr/heatmaps/proc2/TCGA-A2-A0ER-01Z-00-DX1.18123C1B-A0CC-4957-9373-5FFAB985C2E8.tiff,6139355
1,TCGA-A2-A1G1-01Z-00-DX1.E52A474F-DE13-41CF-94D4-D00BAC46ECF4,2,4,32.580698,4797,256,48.970,18044.912,1.187,2555.205,20650.275,kvikio,virchow2,warm,,tiff5x,/home/ec2-user/wsi-cloud/runs/2026-08-23-063822-weka-s7-7.5.b-endurance-all-four-4hr/heatmaps/proc2/TCGA-A2-A1G1-01Z-00-DX1.E52A474F-DE13-41CF-94D4-D00BAC46ECF4.tiff,3578320
2,TCGA-A8-A06N-01Z-00-DX1.E25E65F8-DFE0-47CF-9FAB-B82EE8E321F7,2,4,53.231125,3413,256,14.578,13027.484,1.009,902.586,13945.656,kvikio,virchow2,warm,,tiff5x,/home/ec2-user/wsi-cloud/runs/2026-08-23-063822-weka-s7-7.5.b-endurance-all-four-4hr/heatmaps/proc2/TCGA-A8-A06N-01Z-00-DX1.E25E65F8-DFE0-47CF-9FAB-B82EE8E321F7.tiff,2797754
3,TCGA-A8-A084-01Z-00-DX1.2B52D1B8-5AD4-4BD6-ADF7-9D65B8EE2621,2,4,67.176989,3734,256,27.382,14096.500,1.248,3994.893,18120.022,kvikio,virchow2,warm,,tiff5x,/home/ec2-user/wsi-cloud/runs/2026-08-23-063822-weka-s7-7.5.b-endurance-all-four-4hr/heatmaps/proc2/TCGA-A8-A084-01Z-00-DX1.2B52D1B8-5AD4-4BD6-ADF7-9D65B8EE2621.tiff,2454367
4,TCGA-AN-A0AT-01Z-00-DX1.DFD68CD2-C25E-47BE-BC06-8CE3C657B9FD,2,4,85.297185,10735,256,68.079,40812.035,1.199,7493.364,48374.676,kvikio,virchow2,warm,,tiff5x,/home/ec2-user/wsi-cloud/runs/2026-08-23-063822-weka-s7-7.5.b-endurance-all-four-4hr/heatmaps/proc2/TCGA-AN-A0AT-01Z-00-DX1.DFD68CD2-C25E-47BE-BC06-8CE3C657B9FD.tiff,6610999
5,TCGA-AR-A24U-01Z-00-DX1.220FD0D0-0DB6-4E3C-92A0-66CD6509F0AD,2,4,133.672558,9856,256,51.709,37574.492,1.433,3884.025,41511.658,kvikio,virchow2,warm,,tiff5x,/home/ec2-user/wsi-cloud/runs/2026-08-23-063822-weka-s7-7.5.b-endurance-all-four-4hr/heatmaps/proc2/TCGA-AR-A24U-01Z-00-DX1.220FD0D0-0DB6-4E3C-92A0-66CD6509F0AD.tiff,6978380
6,TCGA-B6-A0I2-01Z-00-DX1.885D2034-73B7-48AE-8343-631F89061C38,2,4,175.185529,10086,256,84.844,38684.042,1.390,3885.268,42655.544,kvikio,virchow2,warm,,tiff5x,/home/ec2-user/wsi-cloud/runs/2026-08-23-063822-weka-s7-7.5.b-endurance-all-four-4hr/heatmaps/proc2/TCGA-B6-A0I2-01Z-00-DX1.885D2034-73B7-48AE-8343-631F89061C38.tiff,6096668
7,TCGA-BH-A0DX-01Z-00-DX1.45C27E71-9A0A-400E-93A9-5CE7780F3C5E,2,4,217.841259,5319,256,33.055,20640.708,1.040,14692.332,35367.135,kvikio,virchow2,warm,,tiff5x,/home/ec2-user/wsi-cloud/runs/2026-08-23-063822-weka-s7-7.5.b-endurance-all-four-4hr/heatmaps/proc2/TCGA-BH-A0DX-01Z-00-DX1.45C27E71-9A0A-400E-93A9-5CE7780F3C5E.tiff,5302116
8,TCGA-C8-A26V-01Z-00-DX1.6E86DF74-D575-4969-8142-963D9DF5208F,2,4,253.208646,9195,256,62.853,34919.823,0.710,2095.308,37078.694,kvikio,virchow2,warm,,tiff5x,/home/ec2-user/wsi-cloud/runs/2026-08-23-063822-weka-s7-7.5.b-endurance-all-four-4hr/heatmaps/proc2/TCGA-C8-A26V-01Z-00-DX1.6E86DF74-D575-4969-8142-963D9DF5208F.tiff,5639776
9,TCGA-D8-A1JM-01Z-00-DX1.3CD15BC8-08B3-4BEE-9FD7-A8BEED33268E,2,4,290.288067,11874,256,81.924,45261.353,1.486,3968.307,49313.070,kvikio,virchow2,warm,,tiff5x,/home/ec2-user/wsi-cloud/runs/2026-08-23-063822-weka-s7-7.5.b-endurance-all-four-4hr/heatmaps/proc2/TCGA-D8-A1JM-01Z-00-DX1.3CD15BC8-08B3-4BEE-9FD7-A8BEED33268E.tiff,6922054
10,TCGA-E2-A15J-01Z-00-DX1.BF7901D1-30B1-4A76-B0A5-E9B8B36EF4C9,2,4,339.602348,15013,256,109.392,57808.189,1.292,4847.314,62766.186,kvikio,virchow2,warm,,tiff5x,/home/ec2-user/wsi-cloud/runs/2026-08-23-063822-weka-s7-7.5.b-endurance-all-four-4hr/heatmaps/proc2/TCGA-E2-A15J-01Z-00-DX1.BF7901D1-30B1-4A76-B0A5-E9B8B36EF4C9.tiff,9990418
11,TCGA-GM-A2DN-01Z-00-DX1.593003B0-BA87-486B-B472-D6B85867D54D,2,4,402.368771,10425,256,39.485,39982.931,1.007,5466.124,45489.547,kvikio,virchow2,warm,,tiff5x,/home/ec2-user/wsi-cloud/runs/2026-08-23-063822-weka-s7-7.5.b-endurance-all-four-4hr/heatmaps/proc2/TCGA-GM-A2DN-01Z-00-DX1.593003B0-BA87-486B-B472-D6B85867D54D.tiff,6807482
12,TCGA-A2-A0ER-01Z-00-DX1.18123C1B-A0CC-4957-9373-5FFAB985C2E8,2,4,447.859082,7989,256,36.274,29992.694,0.562,1379.290,31408.820,kvikio,virchow2,warm,,tiff5x,/home/ec2-user/wsi-cloud/runs/2026-08-23-063822-weka-s7-7.5.b-endurance-all-four-4hr/heatmaps/proc2/TCGA-A2-A0ER-01Z-00-DX1.18123C1B-A0CC-4957-9373-5FFAB985C2E8.tiff,6139355
13,TCGA-A2-A1G1-01Z-00-DX1.E52A474F-DE13-41CF-94D4-D00BAC46ECF4,2,4,479.268047,4797,256,21.827,17763.711,0.881,1133.721,18920.140,kvikio,virchow2,warm,,tiff5x,/home/ec2-user/wsi-cloud/runs/2026-08-23-063822-weka-s7-7.5.b-endurance-all-four-4hr/heatmaps/proc2/TCGA-A2-A1G1-01Z-00-DX1.E52A474F-DE13-41CF-94D4-D00BAC46ECF4.tiff,3578320
14,TCGA-A8-A06N-01Z-00-DX1.E25E65F8-DFE0-47CF-9FAB-B82EE8E321F7,2,4,498.188324,3413,256,13.306,12596.142,0.635,504.470,13114.552,kvikio,virchow2,warm,,tiff5x,/home/ec2-user/wsi-cloud/runs/2026-08-23-063822-weka-s7-7.5.b-endurance-all-four-4hr/heatmaps/proc2/TCGA-A8-A06N-01Z-00-DX1.E25E65F8-DFE0-47CF-9FAB-B82EE8E321F7.tiff,2797754
15,TCGA-A8-A084-01Z-00-DX1.2B52D1B8-5AD4-4BD6-ADF7-9D65B8EE2621,2,4,511.303009,3734,256,18.166,13751.399,0.626,516.785,14286.976,kvikio,virchow2,warm,,tiff5x,/home/ec2-user/wsi-cloud/runs/2026-08-23-063822-weka-s7-7.5.b-endurance-all-four-4hr/heatmaps/proc2/TCGA-A8-A084-01Z-00-DX1.2B52D1B8-5AD4-4BD6-ADF7-9D65B8EE2621.tiff,2454367
16,TCGA-AN-A0AT-01Z-00-DX1.DFD68CD2-C25E-47BE-BC06-8CE3C657B9FD,2,4,525.590113,10735,256,48.827,39663.943,0.688,2594.295,42307.752,kvikio,virchow2,warm,,tiff5x,/home/ec2-user/wsi-cloud/runs/2026-08-23-063822-weka-s7-7.5.b-endurance-all-four-4hr/heatmaps/proc2/TCGA-AN-A0AT-01Z-00-DX1.DFD68CD2-C25E-47BE-BC06-8CE3C657B9FD.tiff,6610999
17,TCGA-AR-A24U-01Z-00-DX1.220FD0D0-0DB6-4E3C-92A0-66CD6509F0AD,2,4,567.898185,9856,256,40.016,36840.952,0.877,1807.641,38689.485,kvikio,virchow2,warm,,tiff5x,/home/ec2-user/wsi-cloud/runs/2026-08-23-063822-weka-s7-7.5.b-endurance-all-four-4hr/heatmaps/proc2/TCGA-AR-A24U-01Z-00-DX1.220FD0D0-0DB6-4E3C-92A0-66CD6509F0AD.tiff,6978380
18,TCGA-B6-A0I2-01Z-00-DX1.885D2034-73B7-48AE-8343-631F89061C38,2,4,606.587824,10086,256,47.072,37616.962,0.671,1680.520,39345.225,kvikio,virchow2,warm,,tiff5x,/home/ec2-user/wsi-cloud/runs/2026-08-23-063822-weka-s7-7.5.b-endurance-all-four-4hr/heatmaps/proc2/TCGA-B6-A0I2-01Z-00-DX1.885D2034-73B7-48AE-8343-631F89061C38.tiff,6096668
19,TCGA-BH-A0DX-01Z-00-DX1.45C27E71-9A0A-400E-93A9-5CE7780F3C5E,2,4,645.933188,5319,256,22.004,19467.740,0.964,2369.396,21860.104,kvikio,virchow2,warm,,tiff5x,/home/ec2-user/wsi-cloud/runs/2026-08-23-063822-weka-s7-7.5.b-endurance-all-four-4hr/heatmaps/proc2/TCGA-BH-A0DX-01Z-00-DX1.45C27E71-9A0A-400E-93A9-5CE7780F3C5E.tiff,5302116
20,TCGA-C8-A26V-01Z-00-DX1.6E86DF74-D575-4969-8142-963D9DF5208F,2,4,667.793523,9195,256,37.865,33937.440,0.590,1024.307,35000.203,kvikio,virchow2,warm,,tiff5x,/home/ec2-user/wsi-cloud/runs/2026-08-23-063822-weka-s7-7.5.b-endurance-all-four-4hr/heatmaps/proc2/TCGA-C8-A26V-01Z-00-DX1.6E86DF74-D575-4969-8142-963D9DF5208F.tiff,5639776
21,TCGA-D8-A1JM-01Z-00-DX1.3CD15BC8-08B3-4BEE-9FD7-A8BEED33268E,2,4,702.793867,11874,256,46.018,43728.417,0.763,1418.495,45193.693,kvikio,virchow2,warm,,tiff5x,/home/ec2-user/wsi-cloud/runs/2026-08-23-063822-weka-s7-7.5.b-endurance-all-four-4hr/heatmaps/proc2/TCGA-D8-A1JM-01Z-00-DX1.3CD15BC8-08B3-4BEE-9FD7-A8BEED33268E.tiff,6922054
22,TCGA-E2-A15J-01Z-00-DX1.BF7901D1-30B1-4A76-B0A5-E9B8B36EF4C9,2,4,747.987701,15013,256,60.130,56451.542,1.038,2285.833,58798.543,kvikio,virchow2,warm,,tiff5x,/home/ec2-user/wsi-cloud/runs/2026-08-23-063822-weka-s7-7.5.b-endurance-all-four-4hr/heatmaps/proc2/TCGA-E2-A15J-01Z-00-DX1.BF7901D1-30B1-4A76-B0A5-E9B8B36EF4C9.tiff,9990418
23,TCGA-GM-A2DN-01Z-00-DX1.593003B0-BA87-486B-B472-D6B85867D54D,2,4,806.786396,10425,256,41.898,39120.369,0.736,1839.152,41002.154,kvikio,virchow2,warm,,tiff5x,/home/ec2-user/wsi-cloud/runs/2026-08-23-063822-weka-s7-7.5.b-endurance-all-four-4hr/heatmaps/proc2/TCGA-GM-A2DN-01Z-00-DX1.593003B0-BA87-486B-B472-D6B85867D54D.tiff,6807482
24,TCGA-A2-A0ER-01Z-00-DX1.18123C1B-A0CC-4957-9373-5FFAB985C2E8,2,4,847.788704,7989,256,30.927,29974.876,0.564,1264.761,31271.128,kvikio,virchow2,warm,,tiff5x,/home/ec2-user/wsi-cloud/runs/2026-08-23-063822-weka-s7-7.5.b-endurance-all-four-4hr/heatmaps/proc2/TCGA-A2-A0ER-01Z-00-DX1.18123C1B-A0CC-4957-9373-5FFAB985C2E8.tiff,6139355
25,TCGA-A2-A1G1-01Z-00-DX1.E52A474F-DE13-41CF-94D4-D00BAC46ECF4,2,4,879.059986,4797,256,18.885,18109.326,0.903,1115.768,19244.883,kvikio,virchow2,warm,,tiff5x,/home/ec2-user/wsi-cloud/runs/2026-08-23-063822-weka-s7-7.5.b-endurance-all-four-4hr/heatmaps/proc2/TCGA-A2-A1G1-01Z-00-DX1.E52A474F-DE13-41CF-94D4-D00BAC46ECF4.tiff,3578320
26,TCGA-A8-A06N-01Z-00-DX1.E25E65F8-DFE0-47CF-9FAB-B82EE8E321F7,2,4,898.305000,3413,256,13.892,12765.016,0.770,505.269,13284.947,kvikio,virchow2,warm,,tiff5x,/home/ec2-user/wsi-cloud/runs/2026-08-23-063822-weka-s7-7.5.b-endurance-all-four-4hr/heatmaps/proc2/TCGA-A8-A06N-01Z-00-DX1.E25E65F8-DFE0-47CF-9FAB-B82EE8E321F7.tiff,2797754
27,TCGA-A8-A084-01Z-00-DX1.2B52D1B8-5AD4-4BD6-ADF7-9D65B8EE2621,2,4,911.590197,3734,256,15.204,13977.769,0.914,516.264,14510.150,kvikio,virchow2,warm,,tiff5x,/home/ec2-user/wsi-cloud/runs/2026-08-23-063822-weka-s7-7.5.b-endurance-all-four-4hr/heatmaps/proc2/TCGA-A8-A084-01Z-00-DX1.2B52D1B8-5AD4-4BD6-ADF7-9D65B8EE2621.tiff,2454367
28,TCGA-AN-A0AT-01Z-00-DX1.DFD68CD2-C25E-47BE-BC06-8CE3C657B9FD,2,4,926.100479,10735,256,43.354,40495.619,0.960,2552.052,43091.985,kvikio,virchow2,warm,,tiff5x,/home/ec2-user/wsi-cloud/runs/2026-08-23-063822-weka-s7-7.5.b-endurance-all-four-4hr/heatmaps/proc2/TCGA-AN-A0AT-01Z-00-DX1.DFD68CD2-C25E-47BE-BC06-8CE3C657B9FD.tiff,6610999
29,TCGA-AR-A24U-01Z-00-DX1.220FD0D0-0DB6-4E3C-92A0-66CD6509F0AD,2,4,969.192632,9856,256,43.652,36884.641,0.970,1752.799,38682.063,kvikio,virchow2,warm,,tiff5x,/home/ec2-user/wsi-cloud/runs/2026-08-23-063822-weka-s7-7.5.b-endurance-all-four-4hr/heatmaps/proc2/TCGA-AR-A24U-01Z-00-DX1.220FD0D0-0DB6-4E3C-92A0-66CD6509F0AD.tiff,6978380
30,TCGA-B6-A0I2-01Z-00-DX1.885D2034-73B7-48AE-8343-631F89061C38,2,4,1007.874849,10086,256,44.838,37934.984,0.906,1698.828,39679.555,kvikio,virchow2,warm,,tiff5x,/home/ec2-user/wsi-cloud/runs/2026-08-23-063822-weka-s7-7.5.b-endurance-all-four-4hr/heatmaps/proc2/TCGA-B6-A0I2-01Z-00-DX1.885D2034-73B7-48AE-8343-631F89061C38.tiff,6096668
31,TCGA-BH-A0DX-01Z-00-DX1.45C27E71-9A0A-400E-93A9-5CE7780F3C5E,2,4,1047.554557,5319,256,21.248,19909.607,1.001,2378.494,22310.350,kvikio,virchow2,warm,,tiff5x,/home/ec2-user/wsi-cloud/runs/2026-08-23-063822-weka-s7-7.5.b-endurance-all-four-4hr/heatmaps/proc2/TCGA-BH-A0DX-01Z-00-DX1.45C27E71-9A0A-400E-93A9-5CE7780F3C5E.tiff,5302116
32,TCGA-C8-A26V-01Z-00-DX1.6E86DF74-D575-4969-8142-963D9DF5208F,2,4,1069.865056,9195,256,41.130,34555.309,1.023,1035.814,35633.276,kvikio,virchow2,warm,,tiff5x,/home/ec2-user/wsi-cloud/runs/2026-08-23-063822-weka-s7-7.5.b-endurance-all-four-4hr/heatmaps/proc2/TCGA-C8-A26V-01Z-00-DX1.6E86DF74-D575-4969-8142-963D9DF5208F.tiff,5639776
33,TCGA-D8-A1JM-01Z-00-DX1.3CD15BC8-08B3-4BEE-9FD7-A8BEED33268E,2,4,1105.498475,11874,256,48.969,44663.153,0.916,1437.421,46150.459,kvikio,virchow2,warm,,tiff5x,/home/ec2-user/wsi-cloud/runs/2026-08-23-063822-weka-s7-7.5.b-endurance-all-four-4hr/heatmaps/proc2/TCGA-D8-A1JM-01Z-00-DX1.3CD15BC8-08B3-4BEE-9FD7-A8BEED33268E.tiff,6922054
34,TCGA-E2-A15J-01Z-00-DX1.BF7901D1-30B1-4A76-B0A5-E9B8B36EF4C9,2,4,1151.649081,15013,256,62.339,56523.190,1.173,2298.395,58885.098,kvikio,virchow2,warm,,tiff5x,/home/ec2-user/wsi-cloud/runs/2026-08-23-063822-weka-s7-7.5.b-endurance-all-four-4hr/heatmaps/proc2/TCGA-E2-A15J-01Z-00-DX1.BF7901D1-30B1-4A76-B0A5-E9B8B36EF4C9.tiff,9990418
35,TCGA-GM-A2DN-01Z-00-DX1.593003B0-BA87-486B-B472-D6B85867D54D,2,4,1210.534342,10425,256,51.464,39204.119,0.750,1844.147,41100.479,kvikio,virchow2,warm,,tiff5x,/home/ec2-user/wsi-cloud/runs/2026-08-23-063822-weka-s7-7.5.b-endurance-all-four-4hr/heatmaps/proc2/TCGA-GM-A2DN-01Z-00-DX1.593003B0-BA87-486B-B472-D6B85867D54D.tiff,6807482
36,TCGA-A2-A0ER-01Z-00-DX1.18123C1B-A0CC-4957-9373-5FFAB985C2E8,2,4,1251.634977,7989,256,32.113,30002.798,0.577,1257.807,31293.295,kvikio,virchow2,warm,,tiff5x,/home/ec2-user/wsi-cloud/runs/2026-08-23-063822-weka-s7-7.5.b-endurance-all-four-4hr/heatmaps/proc2/TCGA-A2-A0ER-01Z-00-DX1.18123C1B-A0CC-4957-9373-5FFAB985C2E8.tiff,6139355
37,TCGA-A2-A1G1-01Z-00-DX1.E52A474F-DE13-41CF-94D4-D00BAC46ECF4,2,4,1282.928423,4797,256,23.081,18041.590,0.631,1119.899,19185.201,kvikio,virchow2,warm,,tiff5x,/home/ec2-user/wsi-cloud/runs/2026-08-23-063822-weka-s7-7.5.b-endurance-all-four-4hr/heatmaps/proc2/TCGA-A2-A1G1-01Z-00-DX1.E52A474F-DE13-41CF-94D4-D00BAC46ECF4.tiff,3578320
38,TCGA-A8-A06N-01Z-00-DX1.E25E65F8-DFE0-47CF-9FAB-B82EE8E321F7,2,4,1302.113766,3413,256,17.189,12824.946,0.570,497.410,13340.115,kvikio,virchow2,warm,,tiff5x,/home/ec2-user/wsi-cloud/runs/2026-08-23-063822-weka-s7-7.5.b-endurance-all-four-4hr/heatmaps/proc2/TCGA-A8-A06N-01Z-00-DX1.E25E65F8-DFE0-47CF-9FAB-B82EE8E321F7.tiff,2797754
39,TCGA-A8-A084-01Z-00-DX1.2B52D1B8-5AD4-4BD6-ADF7-9D65B8EE2621,2,4,1315.454014,3734,256,18.146,14051.023,0.624,513.034,14582.825,kvikio,virchow2,warm,,tiff5x,/home/ec2-user/wsi-cloud/runs/2026-08-23-063822-weka-s7-7.5.b-endurance-all-four-4hr/heatmaps/proc2/TCGA-A8-A084-01Z-00-DX1.2B52D1B8-5AD4-4BD6-ADF7-9D65B8EE2621.tiff,2454367
40,TCGA-AN-A0AT-01Z-00-DX1.DFD68CD2-C25E-47BE-BC06-8CE3C657B9FD,2,4,1330.036977,10735,256,47.419,40230.348,0.691,2522.736,42801.195,kvikio,virchow2,warm,,tiff5x,/home/ec2-user/wsi-cloud/runs/2026-08-23-063822-weka-s7-7.5.b-endurance-all-four-4hr/heatmaps/proc2/TCGA-AN-A0AT-01Z-00-DX1.DFD68CD2-C25E-47BE-BC06-8CE3C657B9FD.tiff,6610999
41,TCGA-AR-A24U-01Z-00-DX1.220FD0D0-0DB6-4E3C-92A0-66CD6509F0AD,2,4,1372.838337,9856,256,38.978,36848.330,0.620,1747.639,38635.567,kvikio,virchow2,warm,,tiff5x,/home/ec2-user/wsi-cloud/runs/2026-08-23-063822-weka-s7-7.5.b-endurance-all-four-4hr/heatmaps/proc2/TCGA-AR-A24U-01Z-00-DX1.220FD0D0-0DB6-4E3C-92A0-66CD6509F0AD.tiff,6978380
42,TCGA-B6-A0I2-01Z-00-DX1.885D2034-73B7-48AE-8343-631F89061C38,2,4,1411.474057,10086,256,44.984,37715.198,0.769,1653.447,39414.399,kvikio,virchow2,warm,,tiff5x,/home/ec2-user/wsi-cloud/runs/2026-08-23-063822-weka-s7-7.5.b-endurance-all-four-4hr/heatmaps/proc2/TCGA-B6-A0I2-01Z-00-DX1.885D2034-73B7-48AE-8343-631F89061C38.tiff,6096668
43,TCGA-BH-A0DX-01Z-00-DX1.45C27E71-9A0A-400E-93A9-5CE7780F3C5E,2,4,1450.888592,5319,256,21.466,20005.365,0.862,2243.872,22271.565,kvikio,virchow2,warm,,tiff5x,/home/ec2-user/wsi-cloud/runs/2026-08-23-063822-weka-s7-7.5.b-endurance-all-four-4hr/heatmaps/proc2/TCGA-BH-A0DX-01Z-00-DX1.45C27E71-9A0A-400E-93A9-5CE7780F3C5E.tiff,5302116
44,TCGA-C8-A26V-01Z-00-DX1.6E86DF74-D575-4969-8142-963D9DF5208F,2,4,1473.160295,9195,256,36.190,34351.226,0.592,1034.192,35422.200,kvikio,virchow2,warm,,tiff5x,/home/ec2-user/wsi-cloud/runs/2026-08-23-063822-weka-s7-7.5.b-endurance-all-four-4hr/heatmaps/proc2/TCGA-C8-A26V-01Z-00-DX1.6E86DF74-D575-4969-8142-963D9DF5208F.tiff,5639776
45,TCGA-D8-A1JM-01Z-00-DX1.3CD15BC8-08B3-4BEE-9FD7-A8BEED33268E,2,4,1508.582634,11874,256,46.875,44675.166,0.962,1412.314,46135.316,kvikio,virchow2,warm,,tiff5x,/home/ec2-user/wsi-cloud/runs/2026-08-23-063822-weka-s7-7.5.b-endurance-all-four-4hr/heatmaps/proc2/TCGA-D8-A1JM-01Z-00-DX1.3CD15BC8-08B3-4BEE-9FD7-A8BEED33268E.tiff,6922054
46,TCGA-E2-A15J-01Z-00-DX1.BF7901D1-30B1-4A76-B0A5-E9B8B36EF4C9,2,4,1554.718094,15013,256,65.103,56206.861,1.198,2296.656,58569.818,kvikio,virchow2,warm,,tiff5x,/home/ec2-user/wsi-cloud/runs/2026-08-23-063822-weka-s7-7.5.b-endurance-all-four-4hr/heatmaps/proc2/TCGA-E2-A15J-01Z-00-DX1.BF7901D1-30B1-4A76-B0A5-E9B8B36EF4C9.tiff,9990418
47,TCGA-GM-A2DN-01Z-00-DX1.593003B0-BA87-486B-B472-D6B85867D54D,2,4,1613.288055,10425,256,49.204,39024.336,1.119,1873.629,40948.287,kvikio,virchow2,warm,,tiff5x,/home/ec2-user/wsi-cloud/runs/2026-08-23-063822-weka-s7-7.5.b-endurance-all-four-4hr/heatmaps/proc2/TCGA-GM-A2DN-01Z-00-DX1.593003B0-BA87-486B-B472-D6B85867D54D.tiff,6807482
48,TCGA-A2-A0ER-01Z-00-DX1.18123C1B-A0CC-4957-9373-5FFAB985C2E8,2,4,1654.236493,7989,256,35.119,29872.719,0.829,1275.335,31184.002,kvikio,virchow2,warm,,tiff5x,/home/ec2-user/wsi-cloud/runs/2026-08-23-063822-weka-s7-7.5.b-endurance-all-four-4hr/heatmaps/proc2/TCGA-A2-A0ER-01Z-00-DX1.18123C1B-A0CC-4957-9373-5FFAB985C2E8.tiff,6139355
49,TCGA-A2-A1G1-01Z-00-DX1.E52A474F-DE13-41CF-94D4-D00BAC46ECF4,2,4,1685.420652,4797,256,19.313,18051.879,0.926,1127.310,19199.428,kvikio,virchow2,warm,,tiff5x,/home/ec2-user/wsi-cloud/runs/2026-08-23-063822-weka-s7-7.5.b-endurance-all-four-4hr/heatmaps/proc2/TCGA-A2-A1G1-01Z-00-DX1.E52A474F-DE13-41CF-94D4-D00BAC46ECF4.tiff,3578320
50,TCGA-A8-A06N-01Z-00-DX1.E25E65F8-DFE0-47CF-9FAB-B82EE8E321F7,2,4,1704.620212,3413,256,13.358,12835.159,0.776,502.411,13351.704,kvikio,virchow2,warm,,tiff5x,/home/ec2-user/wsi-cloud/runs/2026-08-23-063822-weka-s7-7.5.b-endurance-all-four-4hr/heatmaps/proc2/TCGA-A8-A06N-01Z-00-DX1.E25E65F8-DFE0-47CF-9FAB-B82EE8E321F7.tiff,2797754
51,TCGA-A8-A084-01Z-00-DX1.2B52D1B8-5AD4-4BD6-ADF7-9D65B8EE2621,2,4,1717.972092,3734,256,15.215,13969.550,0.932,517.834,14503.531,kvikio,virchow2,warm,,tiff5x,/home/ec2-user/wsi-cloud/runs/2026-08-23-063822-weka-s7-7.5.b-endurance-all-four-4hr/heatmaps/proc2/TCGA-A8-A084-01Z-00-DX1.2B52D1B8-5AD4-4BD6-ADF7-9D65B8EE2621.tiff,2454367
52,TCGA-AN-A0AT-01Z-00-DX1.DFD68CD2-C25E-47BE-BC06-8CE3C657B9FD,2,4,1732.475757,10735,256,42.967,40256.485,0.954,2682.541,42982.947,kvikio,virchow2,warm,,tiff5x,/home/ec2-user/wsi-cloud/runs/2026-08-23-063822-weka-s7-7.5.b-endurance-all-four-4hr/heatmaps/proc2/TCGA-AN-A0AT-01Z-00-DX1.DFD68CD2-C25E-47BE-BC06-8CE3C657B9FD.tiff,6610999
53,TCGA-AR-A24U-01Z-00-DX1.220FD0D0-0DB6-4E3C-92A0-66CD6509F0AD,2,4,1775.458871,9856,256,45.423,37078.539,0.904,1747.455,38872.321,kvikio,virchow2,warm,,tiff5x,/home/ec2-user/wsi-cloud/runs/2026-08-23-063822-weka-s7-7.5.b-endurance-all-four-4hr/heatmaps/proc2/TCGA-AR-A24U-01Z-00-DX1.220FD0D0-0DB6-4E3C-92A0-66CD6509F0AD.tiff,6978380
54,TCGA-B6-A0I2-01Z-00-DX1.885D2034-73B7-48AE-8343-631F89061C38,2,4,1814.331348,10086,256,42.181,37910.591,0.640,1674.168,39627.580,kvikio,virchow2,warm,,tiff5x,/home/ec2-user/wsi-cloud/runs/2026-08-23-063822-weka-s7-7.5.b-endurance-all-four-4hr/heatmaps/proc2/TCGA-B6-A0I2-01Z-00-DX1.885D2034-73B7-48AE-8343-631F89061C38.tiff,6096668
55,TCGA-BH-A0DX-01Z-00-DX1.45C27E71-9A0A-400E-93A9-5CE7780F3C5E,2,4,1853.959074,5319,256,21.014,19978.048,0.627,2259.840,22259.529,kvikio,virchow2,warm,,tiff5x,/home/ec2-user/wsi-cloud/runs/2026-08-23-063822-weka-s7-7.5.b-endurance-all-four-4hr/heatmaps/proc2/TCGA-BH-A0DX-01Z-00-DX1.45C27E71-9A0A-400E-93A9-5CE7780F3C5E.tiff,5302116
56,TCGA-C8-A26V-01Z-00-DX1.6E86DF74-D575-4969-8142-963D9DF5208F,2,4,1876.218745,9195,256,39.109,34367.912,0.590,1033.296,35440.906,kvikio,virchow2,warm,,tiff5x,/home/ec2-user/wsi-cloud/runs/2026-08-23-063822-weka-s7-7.5.b-endurance-all-four-4hr/heatmaps/proc2/TCGA-C8-A26V-01Z-00-DX1.6E86DF74-D575-4969-8142-963D9DF5208F.tiff,5639776
57,TCGA-D8-A1JM-01Z-00-DX1.3CD15BC8-08B3-4BEE-9FD7-A8BEED33268E,2,4,1911.659789,11874,256,46.453,44702.946,0.781,1403.886,46154.066,kvikio,virchow2,warm,,tiff5x,/home/ec2-user/wsi-cloud/runs/2026-08-23-063822-weka-s7-7.5.b-endurance-all-four-4hr/heatmaps/proc2/TCGA-D8-A1JM-01Z-00-DX1.3CD15BC8-08B3-4BEE-9FD7-A8BEED33268E.tiff,6922054
58,TCGA-E2-A15J-01Z-00-DX1.BF7901D1-30B1-4A76-B0A5-E9B8B36EF4C9,2,4,1957.814003,15013,256,59.141,56192.222,1.050,2283.637,58536.051,kvikio,virchow2,warm,,tiff5x,/home/ec2-user/wsi-cloud/runs/2026-08-23-063822-weka-s7-7.5.b-endurance-all-four-4hr/heatmaps/proc2/TCGA-E2-A15J-01Z-00-DX1.BF7901D1-30B1-4A76-B0A5-E9B8B36EF4C9.tiff,9990418
59,TCGA-GM-A2DN-01Z-00-DX1.593003B0-BA87-486B-B472-D6B85867D54D,2,4,2016.350224,10425,256,48.276,39243.192,0.723,1864.452,41156.644,kvikio,virchow2,warm,,tiff5x,/home/ec2-user/wsi-cloud/runs/2026-08-23-063822-weka-s7-7.5.b-endurance-all-four-4hr/heatmaps/proc2/TCGA-GM-A2DN-01Z-00-DX1.593003B0-BA87-486B-B472-D6B85867D54D.tiff,6807482
60,TCGA-A2-A0ER-01Z-00-DX1.18123C1B-A0CC-4957-9373-5FFAB985C2E8,2,4,2057.507015,7989,256,30.391,29721.689,0.537,1267.756,31020.373,kvikio,virchow2,warm,,tiff5x,/home/ec2-user/wsi-cloud/runs/2026-08-23-063822-weka-s7-7.5.b-endurance-all-four-4hr/heatmaps/proc2/TCGA-A2-A0ER-01Z-00-DX1.18123C1B-A0CC-4957-9373-5FFAB985C2E8.tiff,6139355
61,TCGA-A2-A1G1-01Z-00-DX1.E52A474F-DE13-41CF-94D4-D00BAC46ECF4,2,4,2088.527539,4797,256,21.957,17903.372,0.575,1108.663,19034.567,kvikio,virchow2,warm,,tiff5x,/home/ec2-user/wsi-cloud/runs/2026-08-23-063822-weka-s7-7.5.b-endurance-all-four-4hr/heatmaps/proc2/TCGA-A2-A1G1-01Z-00-DX1.E52A474F-DE13-41CF-94D4-D00BAC46ECF4.tiff,3578320
62,TCGA-A8-A06N-01Z-00-DX1.E25E65F8-DFE0-47CF-9FAB-B82EE8E321F7,2,4,2107.562239,3413,256,17.271,12834.065,0.548,494.161,13346.045,kvikio,virchow2,warm,,tiff5x,/home/ec2-user/wsi-cloud/runs/2026-08-23-063822-weka-s7-7.5.b-endurance-all-four-4hr/heatmaps/proc2/TCGA-A8-A06N-01Z-00-DX1.E25E65F8-DFE0-47CF-9FAB-B82EE8E321F7.tiff,2797754
63,TCGA-A8-A084-01Z-00-DX1.2B52D1B8-5AD4-4BD6-ADF7-9D65B8EE2621,2,4,2120.908421,3734,256,15.177,13956.396,0.567,510.773,14482.913,kvikio,virchow2,warm,,tiff5x,/home/ec2-user/wsi-cloud/runs/2026-08-23-063822-weka-s7-7.5.b-endurance-all-four-4hr/heatmaps/proc2/TCGA-A8-A084-01Z-00-DX1.2B52D1B8-5AD4-4BD6-ADF7-9D65B8EE2621.tiff,2454367
64,TCGA-AN-A0AT-01Z-00-DX1.DFD68CD2-C25E-47BE-BC06-8CE3C657B9FD,2,4,2135.391461,10735,256,41.915,40419.072,0.868,2558.799,43020.654,kvikio,virchow2,warm,,tiff5x,/home/ec2-user/wsi-cloud/runs/2026-08-23-063822-weka-s7-7.5.b-endurance-all-four-4hr/heatmaps/proc2/TCGA-AN-A0AT-01Z-00-DX1.DFD68CD2-C25E-47BE-BC06-8CE3C657B9FD.tiff,6610999
65,TCGA-AR-A24U-01Z-00-DX1.220FD0D0-0DB6-4E3C-92A0-66CD6509F0AD,2,4,2178.412279,9856,256,45.427,36993.684,0.623,1745.584,38785.318,kvikio,virchow2,warm,,tiff5x,/home/ec2-user/wsi-cloud/runs/2026-08-23-063822-weka-s7-7.5.b-endurance-all-four-4hr/heatmaps/proc2/TCGA-AR-A24U-01Z-00-DX1.220FD0D0-0DB6-4E3C-92A0-66CD6509F0AD.tiff,6978380
66,TCGA-B6-A0I2-01Z-00-DX1.885D2034-73B7-48AE-8343-631F89061C38,2,4,2217.197753,10086,256,41.245,37780.485,0.788,1657.420,39479.938,kvikio,virchow2,warm,,tiff5x,/home/ec2-user/wsi-cloud/runs/2026-08-23-063822-weka-s7-7.5.b-endurance-all-four-4hr/heatmaps/proc2/TCGA-B6-A0I2-01Z-00-DX1.885D2034-73B7-48AE-8343-631F89061C38.tiff,6096668
67,TCGA-BH-A0DX-01Z-00-DX1.45C27E71-9A0A-400E-93A9-5CE7780F3C5E,2,4,2256.677833,5319,256,21.194,19972.878,0.883,2251.808,22246.764,kvikio,virchow2,warm,,tiff5x,/home/ec2-user/wsi-cloud/runs/2026-08-23-063822-weka-s7-7.5.b-endurance-all-four-4hr/heatmaps/proc2/TCGA-BH-A0DX-01Z-00-DX1.45C27E71-9A0A-400E-93A9-5CE7780F3C5E.tiff,5302116
68,TCGA-C8-A26V-01Z-00-DX1.6E86DF74-D575-4969-8142-963D9DF5208F,2,4,2278.924749,9195,256,43.751,34209.744,0.820,1085.640,35339.954,kvikio,virchow2,warm,,tiff5x,/home/ec2-user/wsi-cloud/runs/2026-08-23-063822-weka-s7-7.5.b-endurance-all-four-4hr/heatmaps/proc2/TCGA-C8-A26V-01Z-00-DX1.6E86DF74-D575-4969-8142-963D9DF5208F.tiff,5639776
69,TCGA-D8-A1JM-01Z-00-DX1.3CD15BC8-08B3-4BEE-9FD7-A8BEED33268E,2,4,2314.264849,11874,256,49.859,44621.405,0.759,1398.907,46070.930,kvikio,virchow2,warm,,tiff5x,/home/ec2-user/wsi-cloud/runs/2026-08-23-063822-weka-s7-7.5.b-endurance-all-four-4hr/heatmaps/proc2/TCGA-D8-A1JM-01Z-00-DX1.3CD15BC8-08B3-4BEE-9FD7-A8BEED33268E.tiff,6922054
70,TCGA-E2-A15J-01Z-00-DX1.BF7901D1-30B1-4A76-B0A5-E9B8B36EF4C9,2,4,2360.335919,15013,256,60.243,56428.264,1.097,2290.890,58780.493,kvikio,virchow2,warm,,tiff5x,/home/ec2-user/wsi-cloud/runs/2026-08-23-063822-weka-s7-7.5.b-endurance-all-four-4hr/heatmaps/proc2/TCGA-E2-A15J-01Z-00-DX1.BF7901D1-30B1-4A76-B0A5-E9B8B36EF4C9.tiff,9990418
71,TCGA-GM-A2DN-01Z-00-DX1.593003B0-BA87-486B-B472-D6B85867D54D,2,4,2419.116563,10425,256,45.437,38977.460,0.875,1854.830,40878.602,kvikio,virchow2,warm,,tiff5x,/home/ec2-user/wsi-cloud/runs/2026-08-23-063822-weka-s7-7.5.b-endurance-all-four-4hr/heatmaps/proc2/TCGA-GM-A2DN-01Z-00-DX1.593003B0-BA87-486B-B472-D6B85867D54D.tiff,6807482
72,TCGA-A2-A0ER-01Z-00-DX1.18123C1B-A0CC-4957-9373-5FFAB985C2E8,2,4,2459.995314,7989,256,31.003,29759.869,0.699,1337.879,31129.451,kvikio,virchow2,warm,,tiff5x,/home/ec2-user/wsi-cloud/runs/2026-08-23-063822-weka-s7-7.5.b-endurance-all-four-4hr/heatmaps/proc2/TCGA-A2-A0ER-01Z-00-DX1.18123C1B-A0CC-4957-9373-5FFAB985C2E8.tiff,6139355
73,TCGA-A2-A1G1-01Z-00-DX1.E52A474F-DE13-41CF-94D4-D00BAC46ECF4,2,4,2491.124925,4797,256,22.749,18001.977,0.571,1133.989,19159.286,kvikio,virchow2,warm,,tiff5x,/home/ec2-user/wsi-cloud/runs/2026-08-23-063822-weka-s7-7.5.b-endurance-all-four-4hr/heatmaps/proc2/TCGA-A2-A1G1-01Z-00-DX1.E52A474F-DE13-41CF-94D4-D00BAC46ECF4.tiff,3578320
74,TCGA-A8-A06N-01Z-00-DX1.E25E65F8-DFE0-47CF-9FAB-B82EE8E321F7,2,4,2510.284354,3413,256,15.772,12697.397,0.545,602.756,13316.471,kvikio,virchow2,warm,,tiff5x,/home/ec2-user/wsi-cloud/runs/2026-08-23-063822-weka-s7-7.5.b-endurance-all-four-4hr/heatmaps/proc2/TCGA-A8-A06N-01Z-00-DX1.E25E65F8-DFE0-47CF-9FAB-B82EE8E321F7.tiff,2797754
75,TCGA-A8-A084-01Z-00-DX1.2B52D1B8-5AD4-4BD6-ADF7-9D65B8EE2621,2,4,2523.600960,3734,256,18.060,13873.134,0.852,511.313,14403.358,kvikio,virchow2,warm,,tiff5x,/home/ec2-user/wsi-cloud/runs/2026-08-23-063822-weka-s7-7.5.b-endurance-all-four-4hr/heatmaps/proc2/TCGA-A8-A084-01Z-00-DX1.2B52D1B8-5AD4-4BD6-ADF7-9D65B8EE2621.tiff,2454367
76,TCGA-AN-A0AT-01Z-00-DX1.DFD68CD2-C25E-47BE-BC06-8CE3C657B9FD,2,4,2538.004450,10735,256,42.640,39803.120,0.698,2545.121,42391.578,kvikio,virchow2,warm,,tiff5x,/home/ec2-user/wsi-cloud/runs/2026-08-23-063822-weka-s7-7.5.b-endurance-all-four-4hr/heatmaps/proc2/TCGA-AN-A0AT-01Z-00-DX1.DFD68CD2-C25E-47BE-BC06-8CE3C657B9FD.tiff,6610999
77,TCGA-AR-A24U-01Z-00-DX1.220FD0D0-0DB6-4E3C-92A0-66CD6509F0AD,2,4,2580.396183,9856,256,43.945,37036.674,0.605,1748.895,38830.119,kvikio,virchow2,warm,,tiff5x,/home/ec2-user/wsi-cloud/runs/2026-08-23-063822-weka-s7-7.5.b-endurance-all-four-4hr/heatmaps/proc2/TCGA-AR-A24U-01Z-00-DX1.220FD0D0-0DB6-4E3C-92A0-66CD6509F0AD.tiff,6978380
78,TCGA-B6-A0I2-01Z-00-DX1.885D2034-73B7-48AE-8343-631F89061C38,2,4,2619.226487,10086,256,51.095,37662.856,0.632,1648.321,39362.903,kvikio,virchow2,warm,,tiff5x,/home/ec2-user/wsi-cloud/runs/2026-08-23-063822-weka-s7-7.5.b-endurance-all-four-4hr/heatmaps/proc2/TCGA-B6-A0I2-01Z-00-DX1.885D2034-73B7-48AE-8343-631F89061C38.tiff,6096668
79,TCGA-BH-A0DX-01Z-00-DX1.45C27E71-9A0A-400E-93A9-5CE7780F3C5E,2,4,2658.589694,5319,256,21.228,19877.589,0.705,2241.278,22140.801,kvikio,virchow2,warm,,tiff5x,/home/ec2-user/wsi-cloud/runs/2026-08-23-063822-weka-s7-7.5.b-endurance-all-four-4hr/heatmaps/proc2/TCGA-BH-A0DX-01Z-00-DX1.45C27E71-9A0A-400E-93A9-5CE7780F3C5E.tiff,5302116
80,TCGA-C8-A26V-01Z-00-DX1.6E86DF74-D575-4969-8142-963D9DF5208F,2,4,2680.730777,9195,256,35.939,34180.788,0.921,1048.851,35266.498,kvikio,virchow2,warm,,tiff5x,/home/ec2-user/wsi-cloud/runs/2026-08-23-063822-weka-s7-7.5.b-endurance-all-four-4hr/heatmaps/proc2/TCGA-C8-A26V-01Z-00-DX1.6E86DF74-D575-4969-8142-963D9DF5208F.tiff,5639776
81,TCGA-D8-A1JM-01Z-00-DX1.3CD15BC8-08B3-4BEE-9FD7-A8BEED33268E,2,4,2715.997414,11874,256,46.926,43407.891,0.767,1404.418,44860.002,kvikio,virchow2,warm,,tiff5x,/home/ec2-user/wsi-cloud/runs/2026-08-23-063822-weka-s7-7.5.b-endurance-all-four-4hr/heatmaps/proc2/TCGA-D8-A1JM-01Z-00-DX1.3CD15BC8-08B3-4BEE-9FD7-A8BEED33268E.tiff,6922054
82,TCGA-E2-A15J-01Z-00-DX1.BF7901D1-30B1-4A76-B0A5-E9B8B36EF4C9,2,4,2760.857594,15013,256,59.174,55228.131,1.043,2285.266,57573.614,kvikio,virchow2,warm,,tiff5x,/home/ec2-user/wsi-cloud/runs/2026-08-23-063822-weka-s7-7.5.b-endurance-all-four-4hr/heatmaps/proc2/TCGA-E2-A15J-01Z-00-DX1.BF7901D1-30B1-4A76-B0A5-E9B8B36EF4C9.tiff,9990418
83,TCGA-GM-A2DN-01Z-00-DX1.593003B0-BA87-486B-B472-D6B85867D54D,2,4,2818.431354,10425,256,47.187,38550.954,1.058,1932.234,40531.434,kvikio,virchow2,warm,,tiff5x,/home/ec2-user/wsi-cloud/runs/2026-08-23-063822-weka-s7-7.5.b-endurance-all-four-4hr/heatmaps/proc2/TCGA-GM-A2DN-01Z-00-DX1.593003B0-BA87-486B-B472-D6B85867D54D.tiff,6807482
84,TCGA-A2-A0ER-01Z-00-DX1.18123C1B-A0CC-4957-9373-5FFAB985C2E8,2,4,2858.962943,7989,256,31.785,30070.510,0.755,1268.022,31371.072,kvikio,virchow2,warm,,tiff5x,/home/ec2-user/wsi-cloud/runs/2026-08-23-063822-weka-s7-7.5.b-endurance-all-four-4hr/heatmaps/proc2/TCGA-A2-A0ER-01Z-00-DX1.18123C1B-A0CC-4957-9373-5FFAB985C2E8.tiff,6139355
85,TCGA-A2-A1G1-01Z-00-DX1.E52A474F-DE13-41CF-94D4-D00BAC46ECF4,2,4,2890.334156,4797,256,19.268,17813.655,0.827,1110.374,18944.124,kvikio,virchow2,warm,,tiff5x,/home/ec2-user/wsi-cloud/runs/2026-08-23-063822-weka-s7-7.5.b-endurance-all-four-4hr/heatmaps/proc2/TCGA-A2-A1G1-01Z-00-DX1.E52A474F-DE13-41CF-94D4-D00BAC46ECF4.tiff,3578320
86,TCGA-A8-A06N-01Z-00-DX1.E25E65F8-DFE0-47CF-9FAB-B82EE8E321F7,2,4,2909.278416,3413,256,14.640,12522.032,0.567,495.938,13033.177,kvikio,virchow2,warm,,tiff5x,/home/ec2-user/wsi-cloud/runs/2026-08-23-063822-weka-s7-7.5.b-endurance-all-four-4hr/heatmaps/proc2/TCGA-A8-A06N-01Z-00-DX1.E25E65F8-DFE0-47CF-9FAB-B82EE8E321F7.tiff,2797754
87,TCGA-A8-A084-01Z-00-DX1.2B52D1B8-5AD4-4BD6-ADF7-9D65B8EE2621,2,4,2922.311720,3734,256,14.958,13678.239,0.600,512.144,14205.940,kvikio,virchow2,warm,,tiff5x,/home/ec2-user/wsi-cloud/runs/2026-08-23-063822-weka-s7-7.5.b-endurance-all-four-4hr/heatmaps/proc2/TCGA-A8-A084-01Z-00-DX1.2B52D1B8-5AD4-4BD6-ADF7-9D65B8EE2621.tiff,2454367
88,TCGA-AN-A0AT-01Z-00-DX1.DFD68CD2-C25E-47BE-BC06-8CE3C657B9FD,2,4,2936.517813,10735,256,44.666,39422.514,0.707,2540.495,42008.382,kvikio,virchow2,warm,,tiff5x,/home/ec2-user/wsi-cloud/runs/2026-08-23-063822-weka-s7-7.5.b-endurance-all-four-4hr/heatmaps/proc2/TCGA-AN-A0AT-01Z-00-DX1.DFD68CD2-C25E-47BE-BC06-8CE3C657B9FD.tiff,6610999
89,TCGA-AR-A24U-01Z-00-DX1.220FD0D0-0DB6-4E3C-92A0-66CD6509F0AD,2,4,2978.526360,9856,256,41.714,36453.483,0.631,1740.796,38236.623,kvikio,virchow2,warm,,tiff5x,/home/ec2-user/wsi-cloud/runs/2026-08-23-063822-weka-s7-7.5.b-endurance-all-four-4hr/heatmaps/proc2/TCGA-AR-A24U-01Z-00-DX1.220FD0D0-0DB6-4E3C-92A0-66CD6509F0AD.tiff,6978380
90,TCGA-B6-A0I2-01Z-00-DX1.885D2034-73B7-48AE-8343-631F89061C38,2,4,3016.763126,10086,256,40.389,37520.297,0.992,1855.844,39417.522,kvikio,virchow2,warm,,tiff5x,/home/ec2-user/wsi-cloud/runs/2026-08-23-063822-weka-s7-7.5.b-endurance-all-four-4hr/heatmaps/proc2/TCGA-B6-A0I2-01Z-00-DX1.885D2034-73B7-48AE-8343-631F89061C38.tiff,6096668
91,TCGA-BH-A0DX-01Z-00-DX1.45C27E71-9A0A-400E-93A9-5CE7780F3C5E,2,4,3056.180806,5319,256,25.098,19690.236,0.992,2255.970,21972.296,kvikio,virchow2,warm,,tiff5x,/home/ec2-user/wsi-cloud/runs/2026-08-23-063822-weka-s7-7.5.b-endurance-all-four-4hr/heatmaps/proc2/TCGA-BH-A0DX-01Z-00-DX1.45C27E71-9A0A-400E-93A9-5CE7780F3C5E.tiff,5302116
92,TCGA-C8-A26V-01Z-00-DX1.6E86DF74-D575-4969-8142-963D9DF5208F,2,4,3078.153246,9195,256,37.230,34167.632,0.985,1053.127,35258.975,kvikio,virchow2,warm,,tiff5x,/home/ec2-user/wsi-cloud/runs/2026-08-23-063822-weka-s7-7.5.b-endurance-all-four-4hr/heatmaps/proc2/TCGA-C8-A26V-01Z-00-DX1.6E86DF74-D575-4969-8142-963D9DF5208F.tiff,5639776
93,TCGA-D8-A1JM-01Z-00-DX1.3CD15BC8-08B3-4BEE-9FD7-A8BEED33268E,2,4,3113.412362,11874,256,48.368,44668.010,0.908,1413.156,46130.443,kvikio,virchow2,warm,,tiff5x,/home/ec2-user/wsi-cloud/runs/2026-08-23-063822-weka-s7-7.5.b-endurance-all-four-4hr/heatmaps/proc2/TCGA-D8-A1JM-01Z-00-DX1.3CD15BC8-08B3-4BEE-9FD7-A8BEED33268E.tiff,6922054
94,TCGA-E2-A15J-01Z-00-DX1.BF7901D1-30B1-4A76-B0A5-E9B8B36EF4C9,2,4,3159.542946,15013,256,63.544,55903.880,1.083,2298.864,58267.370,kvikio,virchow2,warm,,tiff5x,/home/ec2-user/wsi-cloud/runs/2026-08-23-063822-weka-s7-7.5.b-endurance-all-four-4hr/heatmaps/proc2/TCGA-E2-A15J-01Z-00-DX1.BF7901D1-30B1-4A76-B0A5-E9B8B36EF4C9.tiff,9990418
95,TCGA-GM-A2DN-01Z-00-DX1.593003B0-BA87-486B-B472-D6B85867D54D,2,4,3217.810468,10425,256,41.222,38810.322,0.986,1856.410,40708.940,kvikio,virchow2,warm,,tiff5x,/home/ec2-user/wsi-cloud/runs/2026-08-23-063822-weka-s7-7.5.b-endurance-all-four-4hr/heatmaps/proc2/TCGA-GM-A2DN-01Z-00-DX1.593003B0-BA87-486B-B472-D6B85867D54D.tiff,6807482
96,TCGA-A2-A0ER-01Z-00-DX1.18123C1B-A0CC-4957-9373-5FFAB985C2E8,2,4,3258.519556,7989,256,34.390,29840.160,0.713,1287.855,31163.118,kvikio,virchow2,warm,,tiff5x,/home/ec2-user/wsi-cloud/runs/2026-08-23-063822-weka-s7-7.5.b-endurance-all-four-4hr/heatmaps/proc2/TCGA-A2-A0ER-01Z-00-DX1.18123C1B-A0CC-4957-9373-5FFAB985C2E8.tiff,6139355
97,TCGA-A2-A1G1-01Z-00-DX1.E52A474F-DE13-41CF-94D4-D00BAC46ECF4,2,4,3289.682818,4797,256,18.764,17988.413,0.902,1114.837,19122.916,kvikio,virchow2,warm,,tiff5x,/home/ec2-user/wsi-cloud/runs/2026-08-23-063822-weka-s7-7.5.b-endurance-all-four-4hr/heatmaps/proc2/TCGA-A2-A1G1-01Z-00-DX1.E52A474F-DE13-41CF-94D4-D00BAC46ECF4.tiff,3578320
98,TCGA-A8-A06N-01Z-00-DX1.E25E65F8-DFE0-47CF-9FAB-B82EE8E321F7,2,4,3308.805881,3413,256,14.026,12858.220,0.813,505.150,13378.209,kvikio,virchow2,warm,,tiff5x,/home/ec2-user/wsi-cloud/runs/2026-08-23-063822-weka-s7-7.5.b-endurance-all-four-4hr/heatmaps/proc2/TCGA-A8-A06N-01Z-00-DX1.E25E65F8-DFE0-47CF-9FAB-B82EE8E321F7.tiff,2797754
99,TCGA-A8-A084-01Z-00-DX1.2B52D1B8-5AD4-4BD6-ADF7-9D65B8EE2621,2,4,3322.184222,3734,256,15.356,13878.442,0.943,515.680,14410.420,kvikio,virchow2,warm,,tiff5x,/home/ec2-user/wsi-cloud/runs/2026-08-23-063822-weka-s7-7.5.b-endurance-all-four-4hr/heatmaps/proc2/TCGA-A8-A084-01Z-00-DX1.2B52D1B8-5AD4-4BD6-ADF7-9D65B8EE2621.tiff,2454367
100,TCGA-AN-A0AT-01Z-00-DX1.DFD68CD2-C25E-47BE-BC06-8CE3C657B9FD,2,4,3336.594778,10735,256,43.540,40098.141,0.962,2558.853,42701.495,kvikio,virchow2,warm,,tiff5x,/home/ec2-user/wsi-cloud/runs/2026-08-23-063822-weka-s7-7.5.b-endurance-all-four-4hr/heatmaps/proc2/TCGA-AN-A0AT-01Z-00-DX1.DFD68CD2-C25E-47BE-BC06-8CE3C657B9FD.tiff,6610999
101,TCGA-AR-A24U-01Z-00-DX1.220FD0D0-0DB6-4E3C-92A0-66CD6509F0AD,2,4,3379.296434,9856,256,43.237,36879.597,0.700,1745.525,38669.059,kvikio,virchow2,warm,,tiff5x,/home/ec2-user/wsi-cloud/runs/2026-08-23-063822-weka-s7-7.5.b-endurance-all-four-4hr/heatmaps/proc2/TCGA-AR-A24U-01Z-00-DX1.220FD0D0-0DB6-4E3C-92A0-66CD6509F0AD.tiff,6978380
102,TCGA-B6-A0I2-01Z-00-DX1.885D2034-73B7-48AE-8343-631F89061C38,2,4,3417.965636,10086,256,39.768,37367.529,0.927,1663.302,39071.526,kvikio,virchow2,warm,,tiff5x,/home/ec2-user/wsi-cloud/runs/2026-08-23-063822-weka-s7-7.5.b-endurance-all-four-4hr/heatmaps/proc2/TCGA-B6-A0I2-01Z-00-DX1.885D2034-73B7-48AE-8343-631F89061C38.tiff,6096668
103,TCGA-BH-A0DX-01Z-00-DX1.45C27E71-9A0A-400E-93A9-5CE7780F3C5E,2,4,3457.037306,5319,256,21.679,20000.027,1.005,2261.031,22283.742,kvikio,virchow2,warm,,tiff5x,/home/ec2-user/wsi-cloud/runs/2026-08-23-063822-weka-s7-7.5.b-endurance-all-four-4hr/heatmaps/proc2/TCGA-BH-A0DX-01Z-00-DX1.45C27E71-9A0A-400E-93A9-5CE7780F3C5E.tiff,5302116
104,TCGA-C8-A26V-01Z-00-DX1.6E86DF74-D575-4969-8142-963D9DF5208F,2,4,3479.321194,9195,256,36.723,34290.547,0.704,1075.645,35403.619,kvikio,virchow2,warm,,tiff5x,/home/ec2-user/wsi-cloud/runs/2026-08-23-063822-weka-s7-7.5.b-endurance-all-four-4hr/heatmaps/proc2/TCGA-C8-A26V-01Z-00-DX1.6E86DF74-D575-4969-8142-963D9DF5208F.tiff,5639776
105,TCGA-D8-A1JM-01Z-00-DX1.3CD15BC8-08B3-4BEE-9FD7-A8BEED33268E,2,4,3514.724953,11874,256,46.440,44330.444,0.820,1458.320,45836.025,kvikio,virchow2,warm,,tiff5x,/home/ec2-user/wsi-cloud/runs/2026-08-23-063822-weka-s7-7.5.b-endurance-all-four-4hr/heatmaps/proc2/TCGA-D8-A1JM-01Z-00-DX1.3CD15BC8-08B3-4BEE-9FD7-A8BEED33268E.tiff,6922054
106,TCGA-E2-A15J-01Z-00-DX1.BF7901D1-30B1-4A76-B0A5-E9B8B36EF4C9,2,4,3560.561144,15013,256,68.023,55649.448,1.033,2388.893,58107.398,kvikio,virchow2,warm,,tiff5x,/home/ec2-user/wsi-cloud/runs/2026-08-23-063822-weka-s7-7.5.b-endurance-all-four-4hr/heatmaps/proc2/TCGA-E2-A15J-01Z-00-DX1.BF7901D1-30B1-4A76-B0A5-E9B8B36EF4C9.tiff,9990418
107,TCGA-GM-A2DN-01Z-00-DX1.593003B0-BA87-486B-B472-D6B85867D54D,2,4,3618.668688,10425,256,50.418,38749.728,0.733,1855.070,40655.950,kvikio,virchow2,warm,,tiff5x,/home/ec2-user/wsi-cloud/runs/2026-08-23-063822-weka-s7-7.5.b-endurance-all-four-4hr/heatmaps/proc2/TCGA-GM-A2DN-01Z-00-DX1.593003B0-BA87-486B-B472-D6B85867D54D.tiff,6807482
108,TCGA-A2-A0ER-01Z-00-DX1.18123C1B-A0CC-4957-9373-5FFAB985C2E8,2,4,3659.324801,7989,256,31.908,29813.188,0.614,1273.520,31119.229,kvikio,virchow2,warm,,tiff5x,/home/ec2-user/wsi-cloud/runs/2026-08-23-063822-weka-s7-7.5.b-endurance-all-four-4hr/heatmaps/proc2/TCGA-A2-A0ER-01Z-00-DX1.18123C1B-A0CC-4957-9373-5FFAB985C2E8.tiff,6139355
109,TCGA-A2-A1G1-01Z-00-DX1.E52A474F-DE13-41CF-94D4-D00BAC46ECF4,2,4,3690.444188,4797,256,21.822,18071.850,0.586,1114.545,19208.802,kvikio,virchow2,warm,,tiff5x,/home/ec2-user/wsi-cloud/runs/2026-08-23-063822-weka-s7-7.5.b-endurance-all-four-4hr/heatmaps/proc2/TCGA-A2-A1G1-01Z-00-DX1.E52A474F-DE13-41CF-94D4-D00BAC46ECF4.tiff,3578320
110,TCGA-A8-A06N-01Z-00-DX1.E25E65F8-DFE0-47CF-9FAB-B82EE8E321F7,2,4,3709.653142,3413,256,14.388,12837.433,0.524,501.419,13353.764,kvikio,virchow2,warm,,tiff5x,/home/ec2-user/wsi-cloud/runs/2026-08-23-063822-weka-s7-7.5.b-endurance-all-four-4hr/heatmaps/proc2/TCGA-A8-A06N-01Z-00-DX1.E25E65F8-DFE0-47CF-9FAB-B82EE8E321F7.tiff,2797754
111,TCGA-A8-A084-01Z-00-DX1.2B52D1B8-5AD4-4BD6-ADF7-9D65B8EE2621,2,4,3723.007039,3734,256,15.194,14060.667,0.556,518.559,14594.977,kvikio,virchow2,warm,,tiff5x,/home/ec2-user/wsi-cloud/runs/2026-08-23-063822-weka-s7-7.5.b-endurance-all-four-4hr/heatmaps/proc2/TCGA-A8-A084-01Z-00-DX1.2B52D1B8-5AD4-4BD6-ADF7-9D65B8EE2621.tiff,2454367
112,TCGA-AN-A0AT-01Z-00-DX1.DFD68CD2-C25E-47BE-BC06-8CE3C657B9FD,2,4,3737.602155,10735,256,41.941,40228.457,0.850,2525.597,42796.846,kvikio,virchow2,warm,,tiff5x,/home/ec2-user/wsi-cloud/runs/2026-08-23-063822-weka-s7-7.5.b-endurance-all-four-4hr/heatmaps/proc2/TCGA-AN-A0AT-01Z-00-DX1.DFD68CD2-C25E-47BE-BC06-8CE3C657B9FD.tiff,6610999
113,TCGA-AR-A24U-01Z-00-DX1.220FD0D0-0DB6-4E3C-92A0-66CD6509F0AD,2,4,3780.399149,9856,256,39.889,36775.522,0.617,1738.744,38554.772,kvikio,virchow2,warm,,tiff5x,/home/ec2-user/wsi-cloud/runs/2026-08-23-063822-weka-s7-7.5.b-endurance-all-four-4hr/heatmaps/proc2/TCGA-AR-A24U-01Z-00-DX1.220FD0D0-0DB6-4E3C-92A0-66CD6509F0AD.tiff,6978380
114,TCGA-B6-A0I2-01Z-00-DX1.885D2034-73B7-48AE-8343-631F89061C38,2,4,3818.954063,10086,256,46.077,37742.782,0.659,1655.978,39445.496,kvikio,virchow2,warm,,tiff5x,/home/ec2-user/wsi-cloud/runs/2026-08-23-063822-weka-s7-7.5.b-endurance-all-four-4hr/heatmaps/proc2/TCGA-B6-A0I2-01Z-00-DX1.885D2034-73B7-48AE-8343-631F89061C38.tiff,6096668
115,TCGA-BH-A0DX-01Z-00-DX1.45C27E71-9A0A-400E-93A9-5CE7780F3C5E,2,4,3858.399705,5319,256,24.864,19854.468,0.668,2344.364,22224.365,kvikio,virchow2,warm,,tiff5x,/home/ec2-user/wsi-cloud/runs/2026-08-23-063822-weka-s7-7.5.b-endurance-all-four-4hr/heatmaps/proc2/TCGA-BH-A0DX-01Z-00-DX1.45C27E71-9A0A-400E-93A9-5CE7780F3C5E.tiff,5302116
116,TCGA-C8-A26V-01Z-00-DX1.6E86DF74-D575-4969-8142-963D9DF5208F,2,4,3880.624209,9195,256,38.788,34284.400,0.841,1037.561,35361.590,kvikio,virchow2,warm,,tiff5x,/home/ec2-user/wsi-cloud/runs/2026-08-23-063822-weka-s7-7.5.b-endurance-all-four-4hr/heatmaps/proc2/TCGA-C8-A26V-01Z-00-DX1.6E86DF74-D575-4969-8142-963D9DF5208F.tiff,5639776
117,TCGA-D8-A1JM-01Z-00-DX1.3CD15BC8-08B3-4BEE-9FD7-A8BEED33268E,2,4,3915.985942,11874,256,51.011,44474.784,0.822,1479.897,46006.515,kvikio,virchow2,warm,,tiff5x,/home/ec2-user/wsi-cloud/runs/2026-08-23-063822-weka-s7-7.5.b-endurance-all-four-4hr/heatmaps/proc2/TCGA-D8-A1JM-01Z-00-DX1.3CD15BC8-08B3-4BEE-9FD7-A8BEED33268E.tiff,6922054
118,TCGA-E2-A15J-01Z-00-DX1.BF7901D1-30B1-4A76-B0A5-E9B8B36EF4C9,2,4,3961.992620,15013,256,62.223,56053.920,1.201,2415.610,58532.953,kvikio,virchow2,warm,,tiff5x,/home/ec2-user/wsi-cloud/runs/2026-08-23-063822-weka-s7-7.5.b-endurance-all-four-4hr/heatmaps/proc2/TCGA-E2-A15J-01Z-00-DX1.BF7901D1-30B1-4A76-B0A5-E9B8B36EF4C9.tiff,9990418
119,TCGA-GM-A2DN-01Z-00-DX1.593003B0-BA87-486B-B472-D6B85867D54D,2,4,4020.525882,10425,256,51.313,38952.191,0.749,1846.835,40851.088,kvikio,virchow2,warm,,tiff5x,/home/ec2-user/wsi-cloud/runs/2026-08-23-063822-weka-s7-7.5.b-endurance-all-four-4hr/heatmaps/proc2/TCGA-GM-A2DN-01Z-00-DX1.593003B0-BA87-486B-B472-D6B85867D54D.tiff,6807482
120,TCGA-A2-A0ER-01Z-00-DX1.18123C1B-A0CC-4957-9373-5FFAB985C2E8,2,4,4061.377341,7989,256,35.626,30016.291,0.562,1261.029,31313.508,kvikio,virchow2,warm,,tiff5x,/home/ec2-user/wsi-cloud/runs/2026-08-23-063822-weka-s7-7.5.b-endurance-all-four-4hr/heatmaps/proc2/TCGA-A2-A0ER-01Z-00-DX1.18123C1B-A0CC-4957-9373-5FFAB985C2E8.tiff,6139355
121,TCGA-A2-A1G1-01Z-00-DX1.E52A474F-DE13-41CF-94D4-D00BAC46ECF4,2,4,4092.691125,4797,256,18.950,17927.359,0.557,1116.535,19063.401,kvikio,virchow2,warm,,tiff5x,/home/ec2-user/wsi-cloud/runs/2026-08-23-063822-weka-s7-7.5.b-endurance-all-four-4hr/heatmaps/proc2/TCGA-A2-A1G1-01Z-00-DX1.E52A474F-DE13-41CF-94D4-D00BAC46ECF4.tiff,3578320
122,TCGA-A8-A06N-01Z-00-DX1.E25E65F8-DFE0-47CF-9FAB-B82EE8E321F7,2,4,4111.754678,3413,256,13.801,12838.298,0.853,510.222,13363.174,kvikio,virchow2,warm,,tiff5x,/home/ec2-user/wsi-cloud/runs/2026-08-23-063822-weka-s7-7.5.b-endurance-all-four-4hr/heatmaps/proc2/TCGA-A8-A06N-01Z-00-DX1.E25E65F8-DFE0-47CF-9FAB-B82EE8E321F7.tiff,2797754
123,TCGA-A8-A084-01Z-00-DX1.2B52D1B8-5AD4-4BD6-ADF7-9D65B8EE2621,2,4,4125.117981,3734,256,16.292,14062.359,0.949,520.307,14599.907,kvikio,virchow2,warm,,tiff5x,/home/ec2-user/wsi-cloud/runs/2026-08-23-063822-weka-s7-7.5.b-endurance-all-four-4hr/heatmaps/proc2/TCGA-A8-A084-01Z-00-DX1.2B52D1B8-5AD4-4BD6-ADF7-9D65B8EE2621.tiff,2454367
124,TCGA-AN-A0AT-01Z-00-DX1.DFD68CD2-C25E-47BE-BC06-8CE3C657B9FD,2,4,4139.718025,10735,256,43.307,40447.826,0.935,2550.162,43042.230,kvikio,virchow2,warm,,tiff5x,/home/ec2-user/wsi-cloud/runs/2026-08-23-063822-weka-s7-7.5.b-endurance-all-four-4hr/heatmaps/proc2/TCGA-AN-A0AT-01Z-00-DX1.DFD68CD2-C25E-47BE-BC06-8CE3C657B9FD.tiff,6610999
125,TCGA-AR-A24U-01Z-00-DX1.220FD0D0-0DB6-4E3C-92A0-66CD6509F0AD,2,4,4182.760407,9856,256,41.957,37071.286,0.623,1853.298,38967.164,kvikio,virchow2,warm,,tiff5x,/home/ec2-user/wsi-cloud/runs/2026-08-23-063822-weka-s7-7.5.b-endurance-all-four-4hr/heatmaps/proc2/TCGA-AR-A24U-01Z-00-DX1.220FD0D0-0DB6-4E3C-92A0-66CD6509F0AD.tiff,6978380
126,TCGA-B6-A0I2-01Z-00-DX1.885D2034-73B7-48AE-8343-631F89061C38,2,4,4221.727715,10086,256,44.125,37956.498,0.632,1646.759,39648.013,kvikio,virchow2,warm,,tiff5x,/home/ec2-user/wsi-cloud/runs/2026-08-23-063822-weka-s7-7.5.b-endurance-all-four-4hr/heatmaps/proc2/TCGA-B6-A0I2-01Z-00-DX1.885D2034-73B7-48AE-8343-631F89061C38.tiff,6096668
127,TCGA-BH-A0DX-01Z-00-DX1.45C27E71-9A0A-400E-93A9-5CE7780F3C5E,2,4,4261.375871,5319,256,20.724,19981.419,0.993,2248.578,22251.714,kvikio,virchow2,warm,,tiff5x,/home/ec2-user/wsi-cloud/runs/2026-08-23-063822-weka-s7-7.5.b-endurance-all-four-4hr/heatmaps/proc2/TCGA-BH-A0DX-01Z-00-DX1.45C27E71-9A0A-400E-93A9-5CE7780F3C5E.tiff,5302116
128,TCGA-C8-A26V-01Z-00-DX1.6E86DF74-D575-4969-8142-963D9DF5208F,2,4,4283.627728,9195,256,40.065,34343.409,0.583,1032.949,35417.007,kvikio,virchow2,warm,,tiff5x,/home/ec2-user/wsi-cloud/runs/2026-08-23-063822-weka-s7-7.5.b-endurance-all-four-4hr/heatmaps/proc2/TCGA-C8-A26V-01Z-00-DX1.6E86DF74-D575-4969-8142-963D9DF5208F.tiff,5639776
129,TCGA-D8-A1JM-01Z-00-DX1.3CD15BC8-08B3-4BEE-9FD7-A8BEED33268E,2,4,4319.044871,11874,256,47.293,44704.555,0.773,1405.660,46158.281,kvikio,virchow2,warm,,tiff5x,/home/ec2-user/wsi-cloud/runs/2026-08-23-063822-weka-s7-7.5.b-endurance-all-four-4hr/heatmaps/proc2/TCGA-D8-A1JM-01Z-00-DX1.3CD15BC8-08B3-4BEE-9FD7-A8BEED33268E.tiff,6922054
130,TCGA-E2-A15J-01Z-00-DX1.BF7901D1-30B1-4A76-B0A5-E9B8B36EF4C9,2,4,4365.203312,15013,256,58.421,56217.407,1.036,2273.926,58550.790,kvikio,virchow2,warm,,tiff5x,/home/ec2-user/wsi-cloud/runs/2026-08-23-063822-weka-s7-7.5.b-endurance-all-four-4hr/heatmaps/proc2/TCGA-E2-A15J-01Z-00-DX1.BF7901D1-30B1-4A76-B0A5-E9B8B36EF4C9.tiff,9990418
131,TCGA-GM-A2DN-01Z-00-DX1.593003B0-BA87-486B-B472-D6B85867D54D,2,4,4423.754261,10425,256,41.943,39161.207,0.726,1850.107,41053.982,kvikio,virchow2,warm,,tiff5x,/home/ec2-user/wsi-cloud/runs/2026-08-23-063822-weka-s7-7.5.b-endurance-all-four-4hr/heatmaps/proc2/TCGA-GM-A2DN-01Z-00-DX1.593003B0-BA87-486B-B472-D6B85867D54D.tiff,6807482
132,TCGA-A2-A0ER-01Z-00-DX1.18123C1B-A0CC-4957-9373-5FFAB985C2E8,2,4,4464.808609,7989,256,35.376,29698.089,0.546,1262.395,30996.406,kvikio,virchow2,warm,,tiff5x,/home/ec2-user/wsi-cloud/runs/2026-08-23-063822-weka-s7-7.5.b-endurance-all-four-4hr/heatmaps/proc2/TCGA-A2-A0ER-01Z-00-DX1.18123C1B-A0CC-4957-9373-5FFAB985C2E8.tiff,6139355
133,TCGA-A2-A1G1-01Z-00-DX1.E52A474F-DE13-41CF-94D4-D00BAC46ECF4,2,4,4495.805171,4797,256,23.433,17818.069,0.536,1112.299,18954.336,kvikio,virchow2,warm,,tiff5x,/home/ec2-user/wsi-cloud/runs/2026-08-23-063822-weka-s7-7.5.b-endurance-all-four-4hr/heatmaps/proc2/TCGA-A2-A1G1-01Z-00-DX1.E52A474F-DE13-41CF-94D4-D00BAC46ECF4.tiff,3578320
134,TCGA-A8-A06N-01Z-00-DX1.E25E65F8-DFE0-47CF-9FAB-B82EE8E321F7,2,4,4514.759643,3413,256,13.857,12707.162,0.534,496.514,13218.067,kvikio,virchow2,warm,,tiff5x,/home/ec2-user/wsi-cloud/runs/2026-08-23-063822-weka-s7-7.5.b-endurance-all-four-4hr/heatmaps/proc2/TCGA-A8-A06N-01Z-00-DX1.E25E65F8-DFE0-47CF-9FAB-B82EE8E321F7.tiff,2797754
135,TCGA-A8-A084-01Z-00-DX1.2B52D1B8-5AD4-4BD6-ADF7-9D65B8EE2621,2,4,4527.977845,3734,256,20.160,13990.569,0.958,539.775,14551.463,kvikio,virchow2,warm,,tiff5x,/home/ec2-user/wsi-cloud/runs/2026-08-23-063822-weka-s7-7.5.b-endurance-all-four-4hr/heatmaps/proc2/TCGA-A8-A084-01Z-00-DX1.2B52D1B8-5AD4-4BD6-ADF7-9D65B8EE2621.tiff,2454367
136,TCGA-AN-A0AT-01Z-00-DX1.DFD68CD2-C25E-47BE-BC06-8CE3C657B9FD,2,4,4542.529453,10735,256,49.297,40428.225,0.670,2532.154,43010.346,kvikio,virchow2,warm,,tiff5x,/home/ec2-user/wsi-cloud/runs/2026-08-23-063822-weka-s7-7.5.b-endurance-all-four-4hr/heatmaps/proc2/TCGA-AN-A0AT-01Z-00-DX1.DFD68CD2-C25E-47BE-BC06-8CE3C657B9FD.tiff,6610999
137,TCGA-AR-A24U-01Z-00-DX1.220FD0D0-0DB6-4E3C-92A0-66CD6509F0AD,2,4,4585.539954,9856,256,45.510,36415.039,0.728,1754.732,38216.008,kvikio,virchow2,warm,,tiff5x,/home/ec2-user/wsi-cloud/runs/2026-08-23-063822-weka-s7-7.5.b-endurance-all-four-4hr/heatmaps/proc2/TCGA-AR-A24U-01Z-00-DX1.220FD0D0-0DB6-4E3C-92A0-66CD6509F0AD.tiff,6978380
138,TCGA-B6-A0I2-01Z-00-DX1.885D2034-73B7-48AE-8343-631F89061C38,2,4,4623.756116,10086,256,45.202,37346.844,0.658,1650.036,39042.740,kvikio,virchow2,warm,,tiff5x,/home/ec2-user/wsi-cloud/runs/2026-08-23-063822-weka-s7-7.5.b-endurance-all-four-4hr/heatmaps/proc2/TCGA-B6-A0I2-01Z-00-DX1.885D2034-73B7-48AE-8343-631F89061C38.tiff,6096668
139,TCGA-BH-A0DX-01Z-00-DX1.45C27E71-9A0A-400E-93A9-5CE7780F3C5E,2,4,4662.798998,5319,256,21.298,19712.128,0.579,2239.998,21974.003,kvikio,virchow2,warm,,tiff5x,/home/ec2-user/wsi-cloud/runs/2026-08-23-063822-weka-s7-7.5.b-endurance-all-four-4hr/heatmaps/proc2/TCGA-BH-A0DX-01Z-00-DX1.45C27E71-9A0A-400E-93A9-5CE7780F3C5E.tiff,5302116
140,TCGA-C8-A26V-01Z-00-DX1.6E86DF74-D575-4969-8142-963D9DF5208F,2,4,4684.773147,9195,256,41.330,34433.642,0.574,1023.986,35499.532,kvikio,virchow2,warm,,tiff5x,/home/ec2-user/wsi-cloud/runs/2026-08-23-063822-weka-s7-7.5.b-endurance-all-four-4hr/heatmaps/proc2/TCGA-C8-A26V-01Z-00-DX1.6E86DF74-D575-4969-8142-963D9DF5208F.tiff,5639776
141,TCGA-D8-A1JM-01Z-00-DX1.3CD15BC8-08B3-4BEE-9FD7-A8BEED33268E,2,4,4720.272821,11874,256,47.501,43908.065,0.759,1398.506,45354.830,kvikio,virchow2,warm,,tiff5x,/home/ec2-user/wsi-cloud/runs/2026-08-23-063822-weka-s7-7.5.b-endurance-all-four-4hr/heatmaps/proc2/TCGA-D8-A1JM-01Z-00-DX1.3CD15BC8-08B3-4BEE-9FD7-A8BEED33268E.tiff,6922054
142,TCGA-E2-A15J-01Z-00-DX1.BF7901D1-30B1-4A76-B0A5-E9B8B36EF4C9,2,4,4765.627806,15013,256,64.027,55589.940,1.040,2289.551,57944.557,kvikio,virchow2,warm,,tiff5x,/home/ec2-user/wsi-cloud/runs/2026-08-23-063822-weka-s7-7.5.b-endurance-all-four-4hr/heatmaps/proc2/TCGA-E2-A15J-01Z-00-DX1.BF7901D1-30B1-4A76-B0A5-E9B8B36EF4C9.tiff,9990418
143,TCGA-GM-A2DN-01Z-00-DX1.593003B0-BA87-486B-B472-D6B85867D54D,2,4,4823.572516,10425,256,47.639,38935.220,0.731,1955.193,40938.784,kvikio,virchow2,warm,,tiff5x,/home/ec2-user/wsi-cloud/runs/2026-08-23-063822-weka-s7-7.5.b-endurance-all-four-4hr/heatmaps/proc2/TCGA-GM-A2DN-01Z-00-DX1.593003B0-BA87-486B-B472-D6B85867D54D.tiff,6807482
144,TCGA-A2-A0ER-01Z-00-DX1.18123C1B-A0CC-4957-9373-5FFAB985C2E8,2,4,4864.511442,7989,256,31.094,30070.955,0.548,1259.184,31361.781,kvikio,virchow2,warm,,tiff5x,/home/ec2-user/wsi-cloud/runs/2026-08-23-063822-weka-s7-7.5.b-endurance-all-four-4hr/heatmaps/proc2/TCGA-A2-A0ER-01Z-00-DX1.18123C1B-A0CC-4957-9373-5FFAB985C2E8.tiff,6139355
145,TCGA-A2-A1G1-01Z-00-DX1.E52A474F-DE13-41CF-94D4-D00BAC46ECF4,2,4,4895.873385,4797,256,18.647,17839.349,0.626,1126.195,18984.817,kvikio,virchow2,warm,,tiff5x,/home/ec2-user/wsi-cloud/runs/2026-08-23-063822-weka-s7-7.5.b-endurance-all-four-4hr/heatmaps/proc2/TCGA-A2-A1G1-01Z-00-DX1.E52A474F-DE13-41CF-94D4-D00BAC46ECF4.tiff,3578320
146,TCGA-A8-A06N-01Z-00-DX1.E25E65F8-DFE0-47CF-9FAB-B82EE8E321F7,2,4,4914.858389,3413,256,17.382,12633.448,0.947,503.656,13155.433,kvikio,virchow2,warm,,tiff5x,/home/ec2-user/wsi-cloud/runs/2026-08-23-063822-weka-s7-7.5.b-endurance-all-four-4hr/heatmaps/proc2/TCGA-A8-A06N-01Z-00-DX1.E25E65F8-DFE0-47CF-9FAB-B82EE8E321F7.tiff,2797754
147,TCGA-A8-A084-01Z-00-DX1.2B52D1B8-5AD4-4BD6-ADF7-9D65B8EE2621,2,4,4928.013970,3734,256,15.138,13798.898,0.565,515.544,14330.145,kvikio,virchow2,warm,,tiff5x,/home/ec2-user/wsi-cloud/runs/2026-08-23-063822-weka-s7-7.5.b-endurance-all-four-4hr/heatmaps/proc2/TCGA-A8-A084-01Z-00-DX1.2B52D1B8-5AD4-4BD6-ADF7-9D65B8EE2621.tiff,2454367
148,TCGA-AN-A0AT-01Z-00-DX1.DFD68CD2-C25E-47BE-BC06-8CE3C657B9FD,2,4,4942.344255,10735,256,41.311,40097.997,0.685,2542.750,42682.742,kvikio,virchow2,warm,,tiff5x,/home/ec2-user/wsi-cloud/runs/2026-08-23-063822-weka-s7-7.5.b-endurance-all-four-4hr/heatmaps/proc2/TCGA-AN-A0AT-01Z-00-DX1.DFD68CD2-C25E-47BE-BC06-8CE3C657B9FD.tiff,6610999
149,TCGA-AR-A24U-01Z-00-DX1.220FD0D0-0DB6-4E3C-92A0-66CD6509F0AD,2,4,4985.027152,9856,256,42.307,36573.152,0.614,1746.603,38362.676,kvikio,virchow2,warm,,tiff5x,/home/ec2-user/wsi-cloud/runs/2026-08-23-063822-weka-s7-7.5.b-endurance-all-four-4hr/heatmaps/proc2/TCGA-AR-A24U-01Z-00-DX1.220FD0D0-0DB6-4E3C-92A0-66CD6509F0AD.tiff,6978380
150,TCGA-B6-A0I2-01Z-00-DX1.885D2034-73B7-48AE-8343-631F89061C38,2,4,5023.389983,10086,256,39.164,37189.360,0.641,1671.857,38901.021,kvikio,virchow2,warm,,tiff5x,/home/ec2-user/wsi-cloud/runs/2026-08-23-063822-weka-s7-7.5.b-endurance-all-four-4hr/heatmaps/proc2/TCGA-B6-A0I2-01Z-00-DX1.885D2034-73B7-48AE-8343-631F89061C38.tiff,6096668
151,TCGA-BH-A0DX-01Z-00-DX1.45C27E71-9A0A-400E-93A9-5CE7780F3C5E,2,4,5062.291146,5319,256,20.657,19820.323,0.594,2257.728,22099.302,kvikio,virchow2,warm,,tiff5x,/home/ec2-user/wsi-cloud/runs/2026-08-23-063822-weka-s7-7.5.b-endurance-all-four-4hr/heatmaps/proc2/TCGA-BH-A0DX-01Z-00-DX1.45C27E71-9A0A-400E-93A9-5CE7780F3C5E.tiff,5302116
152,TCGA-C8-A26V-01Z-00-DX1.6E86DF74-D575-4969-8142-963D9DF5208F,2,4,5084.390591,9195,256,45.052,34321.266,1.023,1074.313,35441.653,kvikio,virchow2,warm,,tiff5x,/home/ec2-user/wsi-cloud/runs/2026-08-23-063822-weka-s7-7.5.b-endurance-all-four-4hr/heatmaps/proc2/TCGA-C8-A26V-01Z-00-DX1.6E86DF74-D575-4969-8142-963D9DF5208F.tiff,5639776
153,TCGA-D8-A1JM-01Z-00-DX1.3CD15BC8-08B3-4BEE-9FD7-A8BEED33268E,2,4,5119.832385,11874,256,48.755,43681.550,0.911,1418.240,45149.455,kvikio,virchow2,warm,,tiff5x,/home/ec2-user/wsi-cloud/runs/2026-08-23-063822-weka-s7-7.5.b-endurance-all-four-4hr/heatmaps/proc2/TCGA-D8-A1JM-01Z-00-DX1.3CD15BC8-08B3-4BEE-9FD7-A8BEED33268E.tiff,6922054
154,TCGA-E2-A15J-01Z-00-DX1.BF7901D1-30B1-4A76-B0A5-E9B8B36EF4C9,2,4,5164.982189,15013,256,61.957,55966.413,1.186,2300.471,58330.027,kvikio,virchow2,warm,,tiff5x,/home/ec2-user/wsi-cloud/runs/2026-08-23-063822-weka-s7-7.5.b-endurance-all-four-4hr/heatmaps/proc2/TCGA-E2-A15J-01Z-00-DX1.BF7901D1-30B1-4A76-B0A5-E9B8B36EF4C9.tiff,9990418
155,TCGA-GM-A2DN-01Z-00-DX1.593003B0-BA87-486B-B472-D6B85867D54D,2,4,5223.312368,10425,256,48.709,38982.179,0.737,1852.745,40884.370,kvikio,virchow2,warm,,tiff5x,/home/ec2-user/wsi-cloud/runs/2026-08-23-063822-weka-s7-7.5.b-endurance-all-four-4hr/heatmaps/proc2/TCGA-GM-A2DN-01Z-00-DX1.593003B0-BA87-486B-B472-D6B85867D54D.tiff,6807482
156,TCGA-A2-A0ER-01Z-00-DX1.18123C1B-A0CC-4957-9373-5FFAB985C2E8,2,4,5264.196882,7989,256,32.321,29839.859,0.539,1266.550,31139.269,kvikio,virchow2,warm,,tiff5x,/home/ec2-user/wsi-cloud/runs/2026-08-23-063822-weka-s7-7.5.b-endurance-all-four-4hr/heatmaps/proc2/TCGA-A2-A0ER-01Z-00-DX1.18123C1B-A0CC-4957-9373-5FFAB985C2E8.tiff,6139355
157,TCGA-A2-A1G1-01Z-00-DX1.E52A474F-DE13-41CF-94D4-D00BAC46ECF4,2,4,5295.336296,4797,256,21.088,18000.153,0.558,1109.205,19131.004,kvikio,virchow2,warm,,tiff5x,/home/ec2-user/wsi-cloud/runs/2026-08-23-063822-weka-s7-7.5.b-endurance-all-four-4hr/heatmaps/proc2/TCGA-A2-A1G1-01Z-00-DX1.E52A474F-DE13-41CF-94D4-D00BAC46ECF4.tiff,3578320
158,TCGA-A8-A06N-01Z-00-DX1.E25E65F8-DFE0-47CF-9FAB-B82EE8E321F7,2,4,5314.467435,3413,256,13.875,12858.627,0.533,497.568,13370.602,kvikio,virchow2,warm,,tiff5x,/home/ec2-user/wsi-cloud/runs/2026-08-23-063822-weka-s7-7.5.b-endurance-all-four-4hr/heatmaps/proc2/TCGA-A8-A06N-01Z-00-DX1.E25E65F8-DFE0-47CF-9FAB-B82EE8E321F7.tiff,2797754
159,TCGA-A8-A084-01Z-00-DX1.2B52D1B8-5AD4-4BD6-ADF7-9D65B8EE2621,2,4,5327.838178,3734,256,15.222,13873.176,0.566,518.604,14407.568,kvikio,virchow2,warm,,tiff5x,/home/ec2-user/wsi-cloud/runs/2026-08-23-063822-weka-s7-7.5.b-endurance-all-four-4hr/heatmaps/proc2/TCGA-A8-A084-01Z-00-DX1.2B52D1B8-5AD4-4BD6-ADF7-9D65B8EE2621.tiff,2454367
160,TCGA-AN-A0AT-01Z-00-DX1.DFD68CD2-C25E-47BE-BC06-8CE3C657B9FD,2,4,5342.245892,10735,256,44.275,40055.149,0.843,2692.974,42793.240,kvikio,virchow2,warm,,tiff5x,/home/ec2-user/wsi-cloud/runs/2026-08-23-063822-weka-s7-7.5.b-endurance-all-four-4hr/heatmaps/proc2/TCGA-AN-A0AT-01Z-00-DX1.DFD68CD2-C25E-47BE-BC06-8CE3C657B9FD.tiff,6610999
161,TCGA-AR-A24U-01Z-00-DX1.220FD0D0-0DB6-4E3C-92A0-66CD6509F0AD,2,4,5385.039293,9856,256,45.693,37062.973,0.614,1744.676,38853.956,kvikio,virchow2,warm,,tiff5x,/home/ec2-user/wsi-cloud/runs/2026-08-23-063822-weka-s7-7.5.b-endurance-all-four-4hr/heatmaps/proc2/TCGA-AR-A24U-01Z-00-DX1.220FD0D0-0DB6-4E3C-92A0-66CD6509F0AD.tiff,6978380
162,TCGA-B6-A0I2-01Z-00-DX1.885D2034-73B7-48AE-8343-631F89061C38,2,4,5423.893410,10086,256,45.750,37388.295,1.021,1682.203,39117.269,kvikio,virchow2,warm,,tiff5x,/home/ec2-user/wsi-cloud/runs/2026-08-23-063822-weka-s7-7.5.b-endurance-all-four-4hr/heatmaps/proc2/TCGA-B6-A0I2-01Z-00-DX1.885D2034-73B7-48AE-8343-631F89061C38.tiff,6096668
163,TCGA-BH-A0DX-01Z-00-DX1.45C27E71-9A0A-400E-93A9-5CE7780F3C5E,2,4,5463.010837,5319,256,33.665,19819.960,0.694,2248.338,22102.656,kvikio,virchow2,warm,,tiff5x,/home/ec2-user/wsi-cloud/runs/2026-08-23-063822-weka-s7-7.5.b-endurance-all-four-4hr/heatmaps/proc2/TCGA-BH-A0DX-01Z-00-DX1.45C27E71-9A0A-400E-93A9-5CE7780F3C5E.tiff,5302116
164,TCGA-C8-A26V-01Z-00-DX1.6E86DF74-D575-4969-8142-963D9DF5208F,2,4,5485.113637,9195,256,38.533,34556.628,0.630,1030.863,35626.654,kvikio,virchow2,warm,,tiff5x,/home/ec2-user/wsi-cloud/runs/2026-08-23-063822-weka-s7-7.5.b-endurance-all-four-4hr/heatmaps/proc2/TCGA-C8-A26V-01Z-00-DX1.6E86DF74-D575-4969-8142-963D9DF5208F.tiff,5639776
165,TCGA-D8-A1JM-01Z-00-DX1.3CD15BC8-08B3-4BEE-9FD7-A8BEED33268E,2,4,5520.740442,11874,256,52.362,44401.355,0.806,1406.508,45861.031,kvikio,virchow2,warm,,tiff5x,/home/ec2-user/wsi-cloud/runs/2026-08-23-063822-weka-s7-7.5.b-endurance-all-four-4hr/heatmaps/proc2/TCGA-D8-A1JM-01Z-00-DX1.3CD15BC8-08B3-4BEE-9FD7-A8BEED33268E.tiff,6922054
166,TCGA-E2-A15J-01Z-00-DX1.BF7901D1-30B1-4A76-B0A5-E9B8B36EF4C9,2,4,5566.601620,15013,256,70.809,56196.826,1.163,2297.065,58565.863,kvikio,virchow2,warm,,tiff5x,/home/ec2-user/wsi-cloud/runs/2026-08-23-063822-weka-s7-7.5.b-endurance-all-four-4hr/heatmaps/proc2/TCGA-E2-A15J-01Z-00-DX1.BF7901D1-30B1-4A76-B0A5-E9B8B36EF4C9.tiff,9990418
167,TCGA-GM-A2DN-01Z-00-DX1.593003B0-BA87-486B-B472-D6B85867D54D,2,4,5625.167640,10425,256,49.897,39241.043,0.931,1907.774,41199.646,kvikio,virchow2,warm,,tiff5x,/home/ec2-user/wsi-cloud/runs/2026-08-23-063822-weka-s7-7.5.b-endurance-all-four-4hr/heatmaps/proc2/TCGA-GM-A2DN-01Z-00-DX1.593003B0-BA87-486B-B472-D6B85867D54D.tiff,6807482
168,TCGA-A2-A0ER-01Z-00-DX1.18123C1B-A0CC-4957-9373-5FFAB985C2E8,2,4,5666.367437,7989,256,35.420,30034.846,0.791,1274.533,31345.590,kvikio,virchow2,warm,,tiff5x,/home/ec2-user/wsi-cloud/runs/2026-08-23-063822-weka-s7-7.5.b-endurance-all-four-4hr/heatmaps/proc2/TCGA-A2-A0ER-01Z-00-DX1.18123C1B-A0CC-4957-9373-5FFAB985C2E8.tiff,6139355
169,TCGA-A2-A1G1-01Z-00-DX1.E52A474F-DE13-41CF-94D4-D00BAC46ECF4,2,4,5697.713166,4797,256,19.258,17919.201,0.939,1119.524,19058.922,kvikio,virchow2,warm,,tiff5x,/home/ec2-user/wsi-cloud/runs/2026-08-23-063822-weka-s7-7.5.b-endurance-all-four-4hr/heatmaps/proc2/TCGA-A2-A1G1-01Z-00-DX1.E52A474F-DE13-41CF-94D4-D00BAC46ECF4.tiff,3578320
170,TCGA-A8-A06N-01Z-00-DX1.E25E65F8-DFE0-47CF-9FAB-B82EE8E321F7,2,4,5716.772219,3413,256,13.885,12766.727,0.820,499.748,13281.181,kvikio,virchow2,warm,,tiff5x,/home/ec2-user/wsi-cloud/runs/2026-08-23-063822-weka-s7-7.5.b-endurance-all-four-4hr/heatmaps/proc2/TCGA-A8-A06N-01Z-00-DX1.E25E65F8-DFE0-47CF-9FAB-B82EE8E321F7.tiff,2797754
171,TCGA-A8-A084-01Z-00-DX1.2B52D1B8-5AD4-4BD6-ADF7-9D65B8EE2621,2,4,5730.053537,3734,256,15.131,14062.370,0.840,528.734,14607.074,kvikio,virchow2,warm,,tiff5x,/home/ec2-user/wsi-cloud/runs/2026-08-23-063822-weka-s7-7.5.b-endurance-all-four-4hr/heatmaps/proc2/TCGA-A8-A084-01Z-00-DX1.2B52D1B8-5AD4-4BD6-ADF7-9D65B8EE2621.tiff,2454367
172,TCGA-AN-A0AT-01Z-00-DX1.DFD68CD2-C25E-47BE-BC06-8CE3C657B9FD,2,4,5744.660744,10735,256,42.887,40468.806,0.945,2547.654,43060.292,kvikio,virchow2,warm,,tiff5x,/home/ec2-user/wsi-cloud/runs/2026-08-23-063822-weka-s7-7.5.b-endurance-all-four-4hr/heatmaps/proc2/TCGA-AN-A0AT-01Z-00-DX1.DFD68CD2-C25E-47BE-BC06-8CE3C657B9FD.tiff,6610999
173,TCGA-AR-A24U-01Z-00-DX1.220FD0D0-0DB6-4E3C-92A0-66CD6509F0AD,2,4,5787.721186,9856,256,42.078,37077.261,0.625,1737.391,38857.356,kvikio,virchow2,warm,,tiff5x,/home/ec2-user/wsi-cloud/runs/2026-08-23-063822-weka-s7-7.5.b-endurance-all-four-4hr/heatmaps/proc2/TCGA-AR-A24U-01Z-00-DX1.220FD0D0-0DB6-4E3C-92A0-66CD6509F0AD.tiff,6978380
174,TCGA-B6-A0I2-01Z-00-DX1.885D2034-73B7-48AE-8343-631F89061C38,2,4,5826.578681,10086,256,39.532,37897.573,0.669,1654.913,39592.688,kvikio,virchow2,warm,,tiff5x,/home/ec2-user/wsi-cloud/runs/2026-08-23-063822-weka-s7-7.5.b-endurance-all-four-4hr/heatmaps/proc2/TCGA-B6-A0I2-01Z-00-DX1.885D2034-73B7-48AE-8343-631F89061C38.tiff,6096668
175,TCGA-BH-A0DX-01Z-00-DX1.45C27E71-9A0A-400E-93A9-5CE7780F3C5E,2,4,5866.171523,5319,256,24.995,19818.284,0.623,2386.406,22230.309,kvikio,virchow2,warm,,tiff5x,/home/ec2-user/wsi-cloud/runs/2026-08-23-063822-weka-s7-7.5.b-endurance-all-four-4hr/heatmaps/proc2/TCGA-BH-A0DX-01Z-00-DX1.45C27E71-9A0A-400E-93A9-5CE7780F3C5E.tiff,5302116
176,TCGA-C8-A26V-01Z-00-DX1.6E86DF74-D575-4969-8142-963D9DF5208F,2,4,5888.402003,9195,256,40.860,34549.101,0.877,1029.535,35620.373,kvikio,virchow2,warm,,tiff5x,/home/ec2-user/wsi-cloud/runs/2026-08-23-063822-weka-s7-7.5.b-endurance-all-four-4hr/heatmaps/proc2/TCGA-C8-A26V-01Z-00-DX1.6E86DF74-D575-4969-8142-963D9DF5208F.tiff,5639776
177,TCGA-D8-A1JM-01Z-00-DX1.3CD15BC8-08B3-4BEE-9FD7-A8BEED33268E,2,4,5924.022517,11874,256,52.090,43967.302,0.774,1399.620,45419.787,kvikio,virchow2,warm,,tiff5x,/home/ec2-user/wsi-cloud/runs/2026-08-23-063822-weka-s7-7.5.b-endurance-all-four-4hr/heatmaps/proc2/TCGA-D8-A1JM-01Z-00-DX1.3CD15BC8-08B3-4BEE-9FD7-A8BEED33268E.tiff,6922054
178,TCGA-E2-A15J-01Z-00-DX1.BF7901D1-30B1-4A76-B0A5-E9B8B36EF4C9,2,4,5969.442578,15013,256,58.718,56335.820,1.089,2610.891,59006.518,kvikio,virchow2,warm,,tiff5x,/home/ec2-user/wsi-cloud/runs/2026-08-23-063822-weka-s7-7.5.b-endurance-all-four-4hr/heatmaps/proc2/TCGA-E2-A15J-01Z-00-DX1.BF7901D1-30B1-4A76-B0A5-E9B8B36EF4C9.tiff,9990418
179,TCGA-GM-A2DN-01Z-00-DX1.593003B0-BA87-486B-B472-D6B85867D54D,2,4,6028.449239,10425,256,40.892,38793.008,0.739,1844.838,40679.476,kvikio,virchow2,warm,,tiff5x,/home/ec2-user/wsi-cloud/runs/2026-08-23-063822-weka-s7-7.5.b-endurance-all-four-4hr/heatmaps/proc2/TCGA-GM-A2DN-01Z-00-DX1.593003B0-BA87-486B-B472-D6B85867D54D.tiff,6807482
180,TCGA-A2-A0ER-01Z-00-DX1.18123C1B-A0CC-4957-9373-5FFAB985C2E8,2,4,6069.128881,7989,256,35.138,29804.687,0.567,1260.575,31100.967,kvikio,virchow2,warm,,tiff5x,/home/ec2-user/wsi-cloud/runs/2026-08-23-063822-weka-s7-7.5.b-endurance-all-four-4hr/heatmaps/proc2/TCGA-A2-A0ER-01Z-00-DX1.18123C1B-A0CC-4957-9373-5FFAB985C2E8.tiff,6139355
181,TCGA-A2-A1G1-01Z-00-DX1.E52A474F-DE13-41CF-94D4-D00BAC46ECF4,2,4,6100.229987,4797,256,18.262,18064.509,0.618,1114.043,19197.432,kvikio,virchow2,warm,,tiff5x,/home/ec2-user/wsi-cloud/runs/2026-08-23-063822-weka-s7-7.5.b-endurance-all-four-4hr/heatmaps/proc2/TCGA-A2-A1G1-01Z-00-DX1.E52A474F-DE13-41CF-94D4-D00BAC46ECF4.tiff,3578320
182,TCGA-A8-A06N-01Z-00-DX1.E25E65F8-DFE0-47CF-9FAB-B82EE8E321F7,2,4,6119.427570,3413,256,17.103,12673.627,0.549,505.841,13197.121,kvikio,virchow2,warm,,tiff5x,/home/ec2-user/wsi-cloud/runs/2026-08-23-063822-weka-s7-7.5.b-endurance-all-four-4hr/heatmaps/proc2/TCGA-A8-A06N-01Z-00-DX1.E25E65F8-DFE0-47CF-9FAB-B82EE8E321F7.tiff,2797754
183,TCGA-A8-A084-01Z-00-DX1.2B52D1B8-5AD4-4BD6-ADF7-9D65B8EE2621,2,4,6132.624837,3734,256,15.990,13847.339,0.555,515.037,14378.921,kvikio,virchow2,warm,,tiff5x,/home/ec2-user/wsi-cloud/runs/2026-08-23-063822-weka-s7-7.5.b-endurance-all-four-4hr/heatmaps/proc2/TCGA-A8-A084-01Z-00-DX1.2B52D1B8-5AD4-4BD6-ADF7-9D65B8EE2621.tiff,2454367
184,TCGA-AN-A0AT-01Z-00-DX1.DFD68CD2-C25E-47BE-BC06-8CE3C657B9FD,2,4,6147.003892,10735,256,41.447,39370.815,0.685,2534.740,41947.686,kvikio,virchow2,warm,,tiff5x,/home/ec2-user/wsi-cloud/runs/2026-08-23-063822-weka-s7-7.5.b-endurance-all-four-4hr/heatmaps/proc2/TCGA-AN-A0AT-01Z-00-DX1.DFD68CD2-C25E-47BE-BC06-8CE3C657B9FD.tiff,6610999
185,TCGA-AR-A24U-01Z-00-DX1.220FD0D0-0DB6-4E3C-92A0-66CD6509F0AD,2,4,6188.951727,9856,256,44.145,36458.847,0.656,1765.499,38269.148,kvikio,virchow2,warm,,tiff5x,/home/ec2-user/wsi-cloud/runs/2026-08-23-063822-weka-s7-7.5.b-endurance-all-four-4hr/heatmaps/proc2/TCGA-AR-A24U-01Z-00-DX1.220FD0D0-0DB6-4E3C-92A0-66CD6509F0AD.tiff,6978380
186,TCGA-B6-A0I2-01Z-00-DX1.885D2034-73B7-48AE-8343-631F89061C38,2,4,6227.221177,10086,256,40.022,37778.732,0.639,1655.029,39474.422,kvikio,virchow2,warm,,tiff5x,/home/ec2-user/wsi-cloud/runs/2026-08-23-063822-weka-s7-7.5.b-endurance-all-four-4hr/heatmaps/proc2/TCGA-B6-A0I2-01Z-00-DX1.885D2034-73B7-48AE-8343-631F89061C38.tiff,6096668
187,TCGA-BH-A0DX-01Z-00-DX1.45C27E71-9A0A-400E-93A9-5CE7780F3C5E,2,4,6266.695750,5319,256,22.997,19751.248,0.691,2245.431,22020.368,kvikio,virchow2,warm,,tiff5x,/home/ec2-user/wsi-cloud/runs/2026-08-23-063822-weka-s7-7.5.b-endurance-all-four-4hr/heatmaps/proc2/TCGA-BH-A0DX-01Z-00-DX1.45C27E71-9A0A-400E-93A9-5CE7780F3C5E.tiff,5302116
188,TCGA-C8-A26V-01Z-00-DX1.6E86DF74-D575-4969-8142-963D9DF5208F,2,4,6288.716253,9195,256,35.758,34085.282,0.761,1036.217,35158.019,kvikio,virchow2,warm,,tiff5x,/home/ec2-user/wsi-cloud/runs/2026-08-23-063822-weka-s7-7.5.b-endurance-all-four-4hr/heatmaps/proc2/TCGA-C8-A26V-01Z-00-DX1.6E86DF74-D575-4969-8142-963D9DF5208F.tiff,5639776
189,TCGA-D8-A1JM-01Z-00-DX1.3CD15BC8-08B3-4BEE-9FD7-A8BEED33268E,2,4,6323.874431,11874,256,46.160,44429.146,0.958,1420.107,45896.370,kvikio,virchow2,warm,,tiff5x,/home/ec2-user/wsi-cloud/runs/2026-08-23-063822-weka-s7-7.5.b-endurance-all-four-4hr/heatmaps/proc2/TCGA-D8-A1JM-01Z-00-DX1.3CD15BC8-08B3-4BEE-9FD7-A8BEED33268E.tiff,6922054
190,TCGA-E2-A15J-01Z-00-DX1.BF7901D1-30B1-4A76-B0A5-E9B8B36EF4C9,2,4,6369.770951,15013,256,64.547,55153.565,1.026,2318.655,57537.793,kvikio,virchow2,warm,,tiff5x,/home/ec2-user/wsi-cloud/runs/2026-08-23-063822-weka-s7-7.5.b-endurance-all-four-4hr/heatmaps/proc2/TCGA-E2-A15J-01Z-00-DX1.BF7901D1-30B1-4A76-B0A5-E9B8B36EF4C9.tiff,9990418
191,TCGA-GM-A2DN-01Z-00-DX1.593003B0-BA87-486B-B472-D6B85867D54D,2,4,6427.308891,10425,256,59.874,38501.344,1.011,1996.078,40558.308,kvikio,virchow2,warm,,tiff5x,/home/ec2-user/wsi-cloud/runs/2026-08-23-063822-weka-s7-7.5.b-endurance-all-four-4hr/heatmaps/proc2/TCGA-GM-A2DN-01Z-00-DX1.593003B0-BA87-486B-B472-D6B85867D54D.tiff,6807482
192,TCGA-A2-A0ER-01Z-00-DX1.18123C1B-A0CC-4957-9373-5FFAB985C2E8,2,4,6467.867358,7989,256,35.151,29723.923,0.701,1275.207,31034.982,kvikio,virchow2,warm,,tiff5x,/home/ec2-user/wsi-cloud/runs/2026-08-23-063822-weka-s7-7.5.b-endurance-all-four-4hr/heatmaps/proc2/TCGA-A2-A0ER-01Z-00-DX1.18123C1B-A0CC-4957-9373-5FFAB985C2E8.tiff,6139355
193,TCGA-A2-A1G1-01Z-00-DX1.E52A474F-DE13-41CF-94D4-D00BAC46ECF4,2,4,6498.902496,4797,256,19.280,17863.397,0.570,1110.307,18993.553,kvikio,virchow2,warm,,tiff5x,/home/ec2-user/wsi-cloud/runs/2026-08-23-063822-weka-s7-7.5.b-endurance-all-four-4hr/heatmaps/proc2/TCGA-A2-A1G1-01Z-00-DX1.E52A474F-DE13-41CF-94D4-D00BAC46ECF4.tiff,3578320
194,TCGA-A8-A06N-01Z-00-DX1.E25E65F8-DFE0-47CF-9FAB-B82EE8E321F7,2,4,6517.896179,3413,256,15.784,12708.533,0.538,496.741,13221.595,kvikio,virchow2,warm,,tiff5x,/home/ec2-user/wsi-cloud/runs/2026-08-23-063822-weka-s7-7.5.b-endurance-all-four-4hr/heatmaps/proc2/TCGA-A8-A06N-01Z-00-DX1.E25E65F8-DFE0-47CF-9FAB-B82EE8E321F7.tiff,2797754
195,TCGA-A8-A084-01Z-00-DX1.2B52D1B8-5AD4-4BD6-ADF7-9D65B8EE2621,2,4,6531.117969,3734,256,15.084,13796.170,0.708,514.343,14326.304,kvikio,virchow2,warm,,tiff5x,/home/ec2-user/wsi-cloud/runs/2026-08-23-063822-weka-s7-7.5.b-endurance-all-four-4hr/heatmaps/proc2/TCGA-A8-A084-01Z-00-DX1.2B52D1B8-5AD4-4BD6-ADF7-9D65B8EE2621.tiff,2454367
196,TCGA-AN-A0AT-01Z-00-DX1.DFD68CD2-C25E-47BE-BC06-8CE3C657B9FD,2,4,6545.444404,10735,256,42.094,40314.307,0.687,2527.698,42884.785,kvikio,virchow2,warm,,tiff5x,/home/ec2-user/wsi-cloud/runs/2026-08-23-063822-weka-s7-7.5.b-endurance-all-four-4hr/heatmaps/proc2/TCGA-AN-A0AT-01Z-00-DX1.DFD68CD2-C25E-47BE-BC06-8CE3C657B9FD.tiff,6610999
197,TCGA-AR-A24U-01Z-00-DX1.220FD0D0-0DB6-4E3C-92A0-66CD6509F0AD,2,4,6588.329335,9856,256,41.738,36732.150,0.621,1745.541,38520.050,kvikio,virchow2,warm,,tiff5x,/home/ec2-user/wsi-cloud/runs/2026-08-23-063822-weka-s7-7.5.b-endurance-all-four-4hr/heatmaps/proc2/TCGA-AR-A24U-01Z-00-DX1.220FD0D0-0DB6-4E3C-92A0-66CD6509F0AD.tiff,6978380
198,TCGA-B6-A0I2-01Z-00-DX1.885D2034-73B7-48AE-8343-631F89061C38,2,4,6626.849529,10086,256,44.972,37727.714,0.654,1651.884,39425.224,kvikio,virchow2,warm,,tiff5x,/home/ec2-user/wsi-cloud/runs/2026-08-23-063822-weka-s7-7.5.b-endurance-all-four-4hr/heatmaps/proc2/TCGA-B6-A0I2-01Z-00-DX1.885D2034-73B7-48AE-8343-631F89061C38.tiff,6096668
199,TCGA-BH-A0DX-01Z-00-DX1.45C27E71-9A0A-400E-93A9-5CE7780F3C5E,2,4,6666.274913,5319,256,23.911,20040.188,0.562,2233.738,22298.399,kvikio,virchow2,warm,,tiff5x,/home/ec2-user/wsi-cloud/runs/2026-08-23-063822-weka-s7-7.5.b-endurance-all-four-4hr/heatmaps/proc2/TCGA-BH-A0DX-01Z-00-DX1.45C27E71-9A0A-400E-93A9-5CE7780F3C5E.tiff,5302116
200,TCGA-C8-A26V-01Z-00-DX1.6E86DF74-D575-4969-8142-963D9DF5208F,2,4,6688.573462,9195,256,36.149,34092.079,0.886,1032.942,35162.056,kvikio,virchow2,warm,,tiff5x,/home/ec2-user/wsi-cloud/runs/2026-08-23-063822-weka-s7-7.5.b-endurance-all-four-4hr/heatmaps/proc2/TCGA-C8-A26V-01Z-00-DX1.6E86DF74-D575-4969-8142-963D9DF5208F.tiff,5639776
201,TCGA-D8-A1JM-01Z-00-DX1.3CD15BC8-08B3-4BEE-9FD7-A8BEED33268E,2,4,6723.735666,11874,256,45.332,43686.388,0.770,1439.492,45171.982,kvikio,virchow2,warm,,tiff5x,/home/ec2-user/wsi-cloud/runs/2026-08-23-063822-weka-s7-7.5.b-endurance-all-four-4hr/heatmaps/proc2/TCGA-D8-A1JM-01Z-00-DX1.3CD15BC8-08B3-4BEE-9FD7-A8BEED33268E.tiff,6922054
202,TCGA-E2-A15J-01Z-00-DX1.BF7901D1-30B1-4A76-B0A5-E9B8B36EF4C9,2,4,6768.907797,15013,256,59.943,56223.661,1.057,2285.514,58570.176,kvikio,virchow2,warm,,tiff5x,/home/ec2-user/wsi-cloud/runs/2026-08-23-063822-weka-s7-7.5.b-endurance-all-four-4hr/heatmaps/proc2/TCGA-E2-A15J-01Z-00-DX1.BF7901D1-30B1-4A76-B0A5-E9B8B36EF4C9.tiff,9990418
203,TCGA-GM-A2DN-01Z-00-DX1.593003B0-BA87-486B-B472-D6B85867D54D,2,4,6827.478133,10425,256,45.125,38995.704,0.722,1848.173,40889.724,kvikio,virchow2,warm,,tiff5x,/home/ec2-user/wsi-cloud/runs/2026-08-23-063822-weka-s7-7.5.b-endurance-all-four-4hr/heatmaps/proc2/TCGA-GM-A2DN-01Z-00-DX1.593003B0-BA87-486B-B472-D6B85867D54D.tiff,6807482
204,TCGA-A2-A0ER-01Z-00-DX1.18123C1B-A0CC-4957-9373-5FFAB985C2E8,2,4,6868.368014,7989,256,36.140,29649.607,0.539,1260.539,30946.824,kvikio,virchow2,warm,,tiff5x,/home/ec2-user/wsi-cloud/runs/2026-08-23-063822-weka-s7-7.5.b-endurance-all-four-4hr/heatmaps/proc2/TCGA-A2-A0ER-01Z-00-DX1.18123C1B-A0CC-4957-9373-5FFAB985C2E8.tiff,6139355
205,TCGA-A2-A1G1-01Z-00-DX1.E52A474F-DE13-41CF-94D4-D00BAC46ECF4,2,4,6899.314983,4797,256,19.041,18087.423,0.639,1177.972,19285.076,kvikio,virchow2,warm,,tiff5x,/home/ec2-user/wsi-cloud/runs/2026-08-23-063822-weka-s7-7.5.b-endurance-all-four-4hr/heatmaps/proc2/TCGA-A2-A1G1-01Z-00-DX1.E52A474F-DE13-41CF-94D4-D00BAC46ECF4.tiff,3578320
206,TCGA-A8-A06N-01Z-00-DX1.E25E65F8-DFE0-47CF-9FAB-B82EE8E321F7,2,4,6918.600245,3413,256,19.988,12818.822,0.550,501.756,13341.116,kvikio,virchow2,warm,,tiff5x,/home/ec2-user/wsi-cloud/runs/2026-08-23-063822-weka-s7-7.5.b-endurance-all-four-4hr/heatmaps/proc2/TCGA-A8-A06N-01Z-00-DX1.E25E65F8-DFE0-47CF-9FAB-B82EE8E321F7.tiff,2797754
207,TCGA-A8-A084-01Z-00-DX1.2B52D1B8-5AD4-4BD6-ADF7-9D65B8EE2621,2,4,6931.941506,3734,256,18.480,14000.963,0.553,515.795,14535.791,kvikio,virchow2,warm,,tiff5x,/home/ec2-user/wsi-cloud/runs/2026-08-23-063822-weka-s7-7.5.b-endurance-all-four-4hr/heatmaps/proc2/TCGA-A8-A084-01Z-00-DX1.2B52D1B8-5AD4-4BD6-ADF7-9D65B8EE2621.tiff,2454367
208,TCGA-AN-A0AT-01Z-00-DX1.DFD68CD2-C25E-47BE-BC06-8CE3C657B9FD,2,4,6946.477441,10735,256,45.678,40168.351,1.130,2645.852,42861.010,kvikio,virchow2,warm,,tiff5x,/home/ec2-user/wsi-cloud/runs/2026-08-23-063822-weka-s7-7.5.b-endurance-all-four-4hr/heatmaps/proc2/TCGA-AN-A0AT-01Z-00-DX1.DFD68CD2-C25E-47BE-BC06-8CE3C657B9FD.tiff,6610999
209,TCGA-AR-A24U-01Z-00-DX1.220FD0D0-0DB6-4E3C-92A0-66CD6509F0AD,2,4,6989.338608,9856,256,43.011,37150.419,0.618,1755.070,38949.117,kvikio,virchow2,warm,,tiff5x,/home/ec2-user/wsi-cloud/runs/2026-08-23-063822-weka-s7-7.5.b-endurance-all-four-4hr/heatmaps/proc2/TCGA-AR-A24U-01Z-00-DX1.220FD0D0-0DB6-4E3C-92A0-66CD6509F0AD.tiff,6978380
210,TCGA-B6-A0I2-01Z-00-DX1.885D2034-73B7-48AE-8343-631F89061C38,2,4,7028.287877,10086,256,44.688,38082.166,0.648,1758.620,39886.122,kvikio,virchow2,warm,,tiff5x,/home/ec2-user/wsi-cloud/runs/2026-08-23-063822-weka-s7-7.5.b-endurance-all-four-4hr/heatmaps/proc2/TCGA-B6-A0I2-01Z-00-DX1.885D2034-73B7-48AE-8343-631F89061C38.tiff,6096668
211,TCGA-BH-A0DX-01Z-00-DX1.45C27E71-9A0A-400E-93A9-5CE7780F3C5E,2,4,7068.174145,5319,256,25.246,19854.180,0.584,2264.388,22144.397,kvikio,virchow2,warm,,tiff5x,/home/ec2-user/wsi-cloud/runs/2026-08-23-063822-weka-s7-7.5.b-endurance-all-four-4hr/heatmaps/proc2/TCGA-BH-A0DX-01Z-00-DX1.45C27E71-9A0A-400E-93A9-5CE7780F3C5E.tiff,5302116
212,TCGA-C8-A26V-01Z-00-DX1.6E86DF74-D575-4969-8142-963D9DF5208F,2,4,7090.318689,9195,256,35.677,34319.501,0.593,1028.680,35384.450,kvikio,virchow2,warm,,tiff5x,/home/ec2-user/wsi-cloud/runs/2026-08-23-063822-weka-s7-7.5.b-endurance-all-four-4hr/heatmaps/proc2/TCGA-C8-A26V-01Z-00-DX1.6E86DF74-D575-4969-8142-963D9DF5208F.tiff,5639776
213,TCGA-D8-A1JM-01Z-00-DX1.3CD15BC8-08B3-4BEE-9FD7-A8BEED33268E,2,4,7125.703283,11874,256,50.120,44436.852,0.888,1406.848,45894.708,kvikio,virchow2,warm,,tiff5x,/home/ec2-user/wsi-cloud/runs/2026-08-23-063822-weka-s7-7.5.b-endurance-all-four-4hr/heatmaps/proc2/TCGA-D8-A1JM-01Z-00-DX1.3CD15BC8-08B3-4BEE-9FD7-A8BEED33268E.tiff,6922054
214,TCGA-E2-A15J-01Z-00-DX1.BF7901D1-30B1-4A76-B0A5-E9B8B36EF4C9,2,4,7171.598145,15013,256,59.727,56480.514,1.058,2307.576,58848.875,kvikio,virchow2,warm,,tiff5x,/home/ec2-user/wsi-cloud/runs/2026-08-23-063822-weka-s7-7.5.b-endurance-all-four-4hr/heatmaps/proc2/TCGA-E2-A15J-01Z-00-DX1.BF7901D1-30B1-4A76-B0A5-E9B8B36EF4C9.tiff,9990418
215,TCGA-GM-A2DN-01Z-00-DX1.593003B0-BA87-486B-B472-D6B85867D54D,2,4,7230.447313,10425,256,50.575,39196.762,0.976,1877.727,41126.040,kvikio,virchow2,warm,,tiff5x,/home/ec2-user/wsi-cloud/runs/2026-08-23-063822-weka-s7-7.5.b-endurance-all-four-4hr/heatmaps/proc2/TCGA-GM-A2DN-01Z-00-DX1.593003B0-BA87-486B-B472-D6B85867D54D.tiff,6807482
216,TCGA-A2-A0ER-01Z-00-DX1.18123C1B-A0CC-4957-9373-5FFAB985C2E8,2,4,7271.573523,7989,256,38.187,30076.651,0.532,1260.537,31375.907,kvikio,virchow2,warm,,tiff5x,/home/ec2-user/wsi-cloud/runs/2026-08-23-063822-weka-s7-7.5.b-endurance-all-four-4hr/heatmaps/proc2/TCGA-A2-A0ER-01Z-00-DX1.18123C1B-A0CC-4957-9373-5FFAB985C2E8.tiff,6139355
217,TCGA-A2-A1G1-01Z-00-DX1.E52A474F-DE13-41CF-94D4-D00BAC46ECF4,2,4,7302.949576,4797,256,18.635,17874.880,0.580,1113.464,19007.559,kvikio,virchow2,warm,,tiff5x,/home/ec2-user/wsi-cloud/runs/2026-08-23-063822-weka-s7-7.5.b-endurance-all-four-4hr/heatmaps/proc2/TCGA-A2-A1G1-01Z-00-DX1.E52A474F-DE13-41CF-94D4-D00BAC46ECF4.tiff,3578320
218,TCGA-A8-A06N-01Z-00-DX1.E25E65F8-DFE0-47CF-9FAB-B82EE8E321F7,2,4,7321.957275,3413,256,17.328,12792.504,0.558,499.156,13309.547,kvikio,virchow2,warm,,tiff5x,/home/ec2-user/wsi-cloud/runs/2026-08-23-063822-weka-s7-7.5.b-endurance-all-four-4hr/heatmaps/proc2/TCGA-A8-A06N-01Z-00-DX1.E25E65F8-DFE0-47CF-9FAB-B82EE8E321F7.tiff,2797754
219,TCGA-A8-A084-01Z-00-DX1.2B52D1B8-5AD4-4BD6-ADF7-9D65B8EE2621,2,4,7335.267075,3734,256,15.155,14010.877,0.647,542.354,14569.033,kvikio,virchow2,warm,,tiff5x,/home/ec2-user/wsi-cloud/runs/2026-08-23-063822-weka-s7-7.5.b-endurance-all-four-4hr/heatmaps/proc2/TCGA-A8-A084-01Z-00-DX1.2B52D1B8-5AD4-4BD6-ADF7-9D65B8EE2621.tiff,2454367
220,TCGA-AN-A0AT-01Z-00-DX1.DFD68CD2-C25E-47BE-BC06-8CE3C657B9FD,2,4,7349.836247,10735,256,45.341,40188.540,0.868,2531.676,42766.425,kvikio,virchow2,warm,,tiff5x,/home/ec2-user/wsi-cloud/runs/2026-08-23-063822-weka-s7-7.5.b-endurance-all-four-4hr/heatmaps/proc2/TCGA-AN-A0AT-01Z-00-DX1.DFD68CD2-C25E-47BE-BC06-8CE3C657B9FD.tiff,6610999
221,TCGA-AR-A24U-01Z-00-DX1.220FD0D0-0DB6-4E3C-92A0-66CD6509F0AD,2,4,7392.602822,9856,256,43.997,37053.785,0.834,1744.310,38842.926,kvikio,virchow2,warm,,tiff5x,/home/ec2-user/wsi-cloud/runs/2026-08-23-063822-weka-s7-7.5.b-endurance-all-four-4hr/heatmaps/proc2/TCGA-AR-A24U-01Z-00-DX1.220FD0D0-0DB6-4E3C-92A0-66CD6509F0AD.tiff,6978380
222,TCGA-B6-A0I2-01Z-00-DX1.885D2034-73B7-48AE-8343-631F89061C38,2,4,7431.446038,10086,256,39.941,37935.914,1.026,1746.192,39723.073,kvikio,virchow2,warm,,tiff5x,/home/ec2-user/wsi-cloud/runs/2026-08-23-063822-weka-s7-7.5.b-endurance-all-four-4hr/heatmaps/proc2/TCGA-B6-A0I2-01Z-00-DX1.885D2034-73B7-48AE-8343-631F89061C38.tiff,6096668
223,TCGA-BH-A0DX-01Z-00-DX1.45C27E71-9A0A-400E-93A9-5CE7780F3C5E,2,4,7471.169267,5319,256,20.925,19860.858,1.125,2367.553,22250.461,kvikio,virchow2,warm,,tiff5x,/home/ec2-user/wsi-cloud/runs/2026-08-23-063822-weka-s7-7.5.b-endurance-all-four-4hr/heatmaps/proc2/TCGA-BH-A0DX-01Z-00-DX1.45C27E71-9A0A-400E-93A9-5CE7780F3C5E.tiff,5302116
224,TCGA-C8-A26V-01Z-00-DX1.6E86DF74-D575-4969-8142-963D9DF5208F,2,4,7493.419905,9195,256,38.256,34310.244,0.936,1092.199,35441.636,kvikio,virchow2,warm,,tiff5x,/home/ec2-user/wsi-cloud/runs/2026-08-23-063822-weka-s7-7.5.b-endurance-all-four-4hr/heatmaps/proc2/TCGA-C8-A26V-01Z-00-DX1.6E86DF74-D575-4969-8142-963D9DF5208F.tiff,5639776
225,TCGA-D8-A1JM-01Z-00-DX1.3CD15BC8-08B3-4BEE-9FD7-A8BEED33268E,2,4,7528.861699,11874,256,54.166,44670.746,0.818,1402.674,46128.404,kvikio,virchow2,warm,,tiff5x,/home/ec2-user/wsi-cloud/runs/2026-08-23-063822-weka-s7-7.5.b-endurance-all-four-4hr/heatmaps/proc2/TCGA-D8-A1JM-01Z-00-DX1.3CD15BC8-08B3-4BEE-9FD7-A8BEED33268E.tiff,6922054
226,TCGA-E2-A15J-01Z-00-DX1.BF7901D1-30B1-4A76-B0A5-E9B8B36EF4C9,2,4,7574.990254,15013,256,60.465,55963.991,1.043,2287.008,58312.507,kvikio,virchow2,warm,,tiff5x,/home/ec2-user/wsi-cloud/runs/2026-08-23-063822-weka-s7-7.5.b-endurance-all-four-4hr/heatmaps/proc2/TCGA-E2-A15J-01Z-00-DX1.BF7901D1-30B1-4A76-B0A5-E9B8B36EF4C9.tiff,9990418
227,TCGA-GM-A2DN-01Z-00-DX1.593003B0-BA87-486B-B472-D6B85867D54D,2,4,7633.302904,10425,256,62.168,39179.724,0.748,1852.573,41095.212,kvikio,virchow2,warm,,tiff5x,/home/ec2-user/wsi-cloud/runs/2026-08-23-063822-weka-s7-7.5.b-endurance-all-four-4hr/heatmaps/proc2/TCGA-GM-A2DN-01Z-00-DX1.593003B0-BA87-486B-B472-D6B85867D54D.tiff,6807482
228,TCGA-A2-A0ER-01Z-00-DX1.18123C1B-A0CC-4957-9373-5FFAB985C2E8,2,4,7674.398276,7989,256,30.842,29673.382,0.703,1387.312,31092.239,kvikio,virchow2,warm,,tiff5x,/home/ec2-user/wsi-cloud/runs/2026-08-23-063822-weka-s7-7.5.b-endurance-all-four-4hr/heatmaps/proc2/TCGA-A2-A0ER-01Z-00-DX1.18123C1B-A0CC-4957-9373-5FFAB985C2E8.tiff,6139355
229,TCGA-A2-A1G1-01Z-00-DX1.E52A474F-DE13-41CF-94D4-D00BAC46ECF4,2,4,7705.490672,4797,256,23.524,17843.644,0.952,1126.842,18994.962,kvikio,virchow2,warm,,tiff5x,/home/ec2-user/wsi-cloud/runs/2026-08-23-063822-weka-s7-7.5.b-endurance-all-four-4hr/heatmaps/proc2/TCGA-A2-A1G1-01Z-00-DX1.E52A474F-DE13-41CF-94D4-D00BAC46ECF4.tiff,3578320
230,TCGA-A8-A06N-01Z-00-DX1.E25E65F8-DFE0-47CF-9FAB-B82EE8E321F7,2,4,7724.485774,3413,256,15.012,12838.769,0.848,511.779,13366.408,kvikio,virchow2,warm,,tiff5x,/home/ec2-user/wsi-cloud/runs/2026-08-23-063822-weka-s7-7.5.b-endurance-all-four-4hr/heatmaps/proc2/TCGA-A8-A06N-01Z-00-DX1.E25E65F8-DFE0-47CF-9FAB-B82EE8E321F7.tiff,2797754
231,TCGA-A8-A084-01Z-00-DX1.2B52D1B8-5AD4-4BD6-ADF7-9D65B8EE2621,2,4,7737.852322,3734,256,15.327,13975.500,0.887,525.292,14517.005,kvikio,virchow2,warm,,tiff5x,/home/ec2-user/wsi-cloud/runs/2026-08-23-063822-weka-s7-7.5.b-endurance-all-four-4hr/heatmaps/proc2/TCGA-A8-A084-01Z-00-DX1.2B52D1B8-5AD4-4BD6-ADF7-9D65B8EE2621.tiff,2454367
232,TCGA-AN-A0AT-01Z-00-DX1.DFD68CD2-C25E-47BE-BC06-8CE3C657B9FD,2,4,7752.369471,10735,256,44.045,40407.224,0.967,2574.290,43026.526,kvikio,virchow2,warm,,tiff5x,/home/ec2-user/wsi-cloud/runs/2026-08-23-063822-weka-s7-7.5.b-endurance-all-four-4hr/heatmaps/proc2/TCGA-AN-A0AT-01Z-00-DX1.DFD68CD2-C25E-47BE-BC06-8CE3C657B9FD.tiff,6610999
233,TCGA-AR-A24U-01Z-00-DX1.220FD0D0-0DB6-4E3C-92A0-66CD6509F0AD,2,4,7795.396148,9856,256,44.517,36969.519,0.968,1758.577,38773.581,kvikio,virchow2,warm,,tiff5x,/home/ec2-user/wsi-cloud/runs/2026-08-23-063822-weka-s7-7.5.b-endurance-all-four-4hr/heatmaps/proc2/TCGA-AR-A24U-01Z-00-DX1.220FD0D0-0DB6-4E3C-92A0-66CD6509F0AD.tiff,6978380
234,TCGA-B6-A0I2-01Z-00-DX1.885D2034-73B7-48AE-8343-631F89061C38,2,4,7834.169870,10086,256,41.939,37834.066,0.867,1665.157,39542.029,kvikio,virchow2,warm,,tiff5x,/home/ec2-user/wsi-cloud/runs/2026-08-23-063822-weka-s7-7.5.b-endurance-all-four-4hr/heatmaps/proc2/TCGA-B6-A0I2-01Z-00-DX1.885D2034-73B7-48AE-8343-631F89061C38.tiff,6096668
235,TCGA-BH-A0DX-01Z-00-DX1.45C27E71-9A0A-400E-93A9-5CE7780F3C5E,2,4,7873.712227,5319,256,21.948,19793.117,0.993,2275.097,22091.154,kvikio,virchow2,warm,,tiff5x,/home/ec2-user/wsi-cloud/runs/2026-08-23-063822-weka-s7-7.5.b-endurance-all-four-4hr/heatmaps/proc2/TCGA-BH-A0DX-01Z-00-DX1.45C27E71-9A0A-400E-93A9-5CE7780F3C5E.tiff,5302116
236,TCGA-C8-A26V-01Z-00-DX1.6E86DF74-D575-4969-8142-963D9DF5208F,2,4,7895.803522,9195,256,37.126,34326.469,0.689,1035.865,35400.148,kvikio,virchow2,warm,,tiff5x,/home/ec2-user/wsi-cloud/runs/2026-08-23-063822-weka-s7-7.5.b-endurance-all-four-4hr/heatmaps/proc2/TCGA-C8-A26V-01Z-00-DX1.6E86DF74-D575-4969-8142-963D9DF5208F.tiff,5639776
237,TCGA-D8-A1JM-01Z-00-DX1.3CD15BC8-08B3-4BEE-9FD7-A8BEED33268E,2,4,7931.203828,11874,256,46.552,44737.224,0.759,1414.444,46198.979,kvikio,virchow2,warm,,tiff5x,/home/ec2-user/wsi-cloud/runs/2026-08-23-063822-weka-s7-7.5.b-endurance-all-four-4hr/heatmaps/proc2/TCGA-D8-A1JM-01Z-00-DX1.3CD15BC8-08B3-4BEE-9FD7-A8BEED33268E.tiff,6922054
238,TCGA-E2-A15J-01Z-00-DX1.BF7901D1-30B1-4A76-B0A5-E9B8B36EF4C9,2,4,7977.402962,15013,256,66.577,56468.378,1.112,2287.604,58823.670,kvikio,virchow2,warm,,tiff5x,/home/ec2-user/wsi-cloud/runs/2026-08-23-063822-weka-s7-7.5.b-endurance-all-four-4hr/heatmaps/proc2/TCGA-E2-A15J-01Z-00-DX1.BF7901D1-30B1-4A76-B0A5-E9B8B36EF4C9.tiff,9990418
239,TCGA-GM-A2DN-01Z-00-DX1.593003B0-BA87-486B-B472-D6B85867D54D,2,4,8036.226791,10425,256,46.342,38967.372,0.758,1852.987,40867.459,kvikio,virchow2,warm,,tiff5x,/home/ec2-user/wsi-cloud/runs/2026-08-23-063822-weka-s7-7.5.b-endurance-all-four-4hr/heatmaps/proc2/TCGA-GM-A2DN-01Z-00-DX1.593003B0-BA87-486B-B472-D6B85867D54D.tiff,6807482
240,TCGA-A2-A0ER-01Z-00-DX1.18123C1B-A0CC-4957-9373-5FFAB985C2E8,2,4,8077.094410,7989,256,36.344,29786.369,0.543,1266.396,31089.653,kvikio,virchow2,warm,,tiff5x,/home/ec2-user/wsi-cloud/runs/2026-08-23-063822-weka-s7-7.5.b-endurance-all-four-4hr/heatmaps/proc2/TCGA-A2-A0ER-01Z-00-DX1.18123C1B-A0CC-4957-9373-5FFAB985C2E8.tiff,6139355
241,TCGA-A2-A1G1-01Z-00-DX1.E52A474F-DE13-41CF-94D4-D00BAC46ECF4,2,4,8108.184207,4797,256,19.012,17815.391,0.627,1113.415,18948.444,kvikio,virchow2,warm,,tiff5x,/home/ec2-user/wsi-cloud/runs/2026-08-23-063822-weka-s7-7.5.b-endurance-all-four-4hr/heatmaps/proc2/TCGA-A2-A1G1-01Z-00-DX1.E52A474F-DE13-41CF-94D4-D00BAC46ECF4.tiff,3578320
242,TCGA-A8-A06N-01Z-00-DX1.E25E65F8-DFE0-47CF-9FAB-B82EE8E321F7,2,4,8127.132795,3413,256,17.076,12700.358,0.715,515.595,13233.744,kvikio,virchow2,warm,,tiff5x,/home/ec2-user/wsi-cloud/runs/2026-08-23-063822-weka-s7-7.5.b-endurance-all-four-4hr/heatmaps/proc2/TCGA-A8-A06N-01Z-00-DX1.E25E65F8-DFE0-47CF-9FAB-B82EE8E321F7.tiff,2797754
243,TCGA-A8-A084-01Z-00-DX1.2B52D1B8-5AD4-4BD6-ADF7-9D65B8EE2621,2,4,8140.366673,3734,256,18.173,13955.170,0.707,543.965,14518.016,kvikio,virchow2,warm,,tiff5x,/home/ec2-user/wsi-cloud/runs/2026-08-23-063822-weka-s7-7.5.b-endurance-all-four-4hr/heatmaps/proc2/TCGA-A8-A084-01Z-00-DX1.2B52D1B8-5AD4-4BD6-ADF7-9D65B8EE2621.tiff,2454367
244,TCGA-AN-A0AT-01Z-00-DX1.DFD68CD2-C25E-47BE-BC06-8CE3C657B9FD,2,4,8154.884835,10735,256,43.772,40190.620,0.703,2525.661,42760.756,kvikio,virchow2,warm,,tiff5x,/home/ec2-user/wsi-cloud/runs/2026-08-23-063822-weka-s7-7.5.b-endurance-all-four-4hr/heatmaps/proc2/TCGA-AN-A0AT-01Z-00-DX1.DFD68CD2-C25E-47BE-BC06-8CE3C657B9FD.tiff,6610999
245,TCGA-AR-A24U-01Z-00-DX1.220FD0D0-0DB6-4E3C-92A0-66CD6509F0AD,2,4,8197.645751,9856,256,39.530,36619.579,0.945,1754.453,38414.507,kvikio,virchow2,warm,,tiff5x,/home/ec2-user/wsi-cloud/runs/2026-08-23-063822-weka-s7-7.5.b-endurance-all-four-4hr/heatmaps/proc2/TCGA-AR-A24U-01Z-00-DX1.220FD0D0-0DB6-4E3C-92A0-66CD6509F0AD.tiff,6978380
246,TCGA-B6-A0I2-01Z-00-DX1.885D2034-73B7-48AE-8343-631F89061C38,2,4,8236.060407,10086,256,44.517,37761.135,0.702,1669.558,39475.911,kvikio,virchow2,warm,,tiff5x,/home/ec2-user/wsi-cloud/runs/2026-08-23-063822-weka-s7-7.5.b-endurance-all-four-4hr/heatmaps/proc2/TCGA-B6-A0I2-01Z-00-DX1.885D2034-73B7-48AE-8343-631F89061C38.tiff,6096668
247,TCGA-BH-A0DX-01Z-00-DX1.45C27E71-9A0A-400E-93A9-5CE7780F3C5E,2,4,8275.536467,5319,256,21.468,19814.292,0.643,2357.336,22193.739,kvikio,virchow2,warm,,tiff5x,/home/ec2-user/wsi-cloud/runs/2026-08-23-063822-weka-s7-7.5.b-endurance-all-four-4hr/heatmaps/proc2/TCGA-BH-A0DX-01Z-00-DX1.45C27E71-9A0A-400E-93A9-5CE7780F3C5E.tiff,5302116
248,TCGA-C8-A26V-01Z-00-DX1.6E86DF74-D575-4969-8142-963D9DF5208F,2,4,8297.730360,9195,256,41.098,34248.845,0.788,1067.671,35358.402,kvikio,virchow2,warm,,tiff5x,/home/ec2-user/wsi-cloud/runs/2026-08-23-063822-weka-s7-7.5.b-endurance-all-four-4hr/heatmaps/proc2/TCGA-C8-A26V-01Z-00-DX1.6E86DF74-D575-4969-8142-963D9DF5208F.tiff,5639776
249,TCGA-D8-A1JM-01Z-00-DX1.3CD15BC8-08B3-4BEE-9FD7-A8BEED33268E,2,4,8333.088912,11874,256,46.209,44473.874,0.757,1420.164,45941.004,kvikio,virchow2,warm,,tiff5x,/home/ec2-user/wsi-cloud/runs/2026-08-23-063822-weka-s7-7.5.b-endurance-all-four-4hr/heatmaps/proc2/TCGA-D8-A1JM-01Z-00-DX1.3CD15BC8-08B3-4BEE-9FD7-A8BEED33268E.tiff,6922054
250,TCGA-E2-A15J-01Z-00-DX1.BF7901D1-30B1-4A76-B0A5-E9B8B36EF4C9,2,4,8379.030080,15013,256,64.332,55369.461,1.061,2298.806,57733.660,kvikio,virchow2,warm,,tiff5x,/home/ec2-user/wsi-cloud/runs/2026-08-23-063822-weka-s7-7.5.b-endurance-all-four-4hr/heatmaps/proc2/TCGA-E2-A15J-01Z-00-DX1.BF7901D1-30B1-4A76-B0A5-E9B8B36EF4C9.tiff,9990418
251,TCGA-GM-A2DN-01Z-00-DX1.593003B0-BA87-486B-B472-D6B85867D54D,2,4,8436.763894,10425,256,47.184,39188.731,0.742,1843.646,41080.303,kvikio,virchow2,warm,,tiff5x,/home/ec2-user/wsi-cloud/runs/2026-08-23-063822-weka-s7-7.5.b-endurance-all-four-4hr/heatmaps/proc2/TCGA-GM-A2DN-01Z-00-DX1.593003B0-BA87-486B-B472-D6B85867D54D.tiff,6807482
252,TCGA-A2-A0ER-01Z-00-DX1.18123C1B-A0CC-4957-9373-5FFAB985C2E8,2,4,8477.844345,7989,256,35.286,29894.853,0.560,1270.004,31200.704,kvikio,virchow2,warm,,tiff5x,/home/ec2-user/wsi-cloud/runs/2026-08-23-063822-weka-s7-7.5.b-endurance-all-four-4hr/heatmaps/proc2/TCGA-A2-A0ER-01Z-00-DX1.18123C1B-A0CC-4957-9373-5FFAB985C2E8.tiff,6139355
253,TCGA-A2-A1G1-01Z-00-DX1.E52A474F-DE13-41CF-94D4-D00BAC46ECF4,2,4,8509.045220,4797,256,22.672,17835.897,0.568,1106.751,18965.889,kvikio,virchow2,warm,,tiff5x,/home/ec2-user/wsi-cloud/runs/2026-08-23-063822-weka-s7-7.5.b-endurance-all-four-4hr/heatmaps/proc2/TCGA-A2-A1G1-01Z-00-DX1.E52A474F-DE13-41CF-94D4-D00BAC46ECF4.tiff,3578320
254,TCGA-A8-A06N-01Z-00-DX1.E25E65F8-DFE0-47CF-9FAB-B82EE8E321F7,2,4,8528.011252,3413,256,17.337,12755.137,0.536,507.342,13280.351,kvikio,virchow2,warm,,tiff5x,/home/ec2-user/wsi-cloud/runs/2026-08-23-063822-weka-s7-7.5.b-endurance-all-four-4hr/heatmaps/proc2/TCGA-A8-A06N-01Z-00-DX1.E25E65F8-DFE0-47CF-9FAB-B82EE8E321F7.tiff,2797754
255,TCGA-A8-A084-01Z-00-DX1.2B52D1B8-5AD4-4BD6-ADF7-9D65B8EE2621,2,4,8541.291740,3734,256,15.820,14102.363,0.575,518.267,14637.025,kvikio,virchow2,warm,,tiff5x,/home/ec2-user/wsi-cloud/runs/2026-08-23-063822-weka-s7-7.5.b-endurance-all-four-4hr/heatmaps/proc2/TCGA-A8-A084-01Z-00-DX1.2B52D1B8-5AD4-4BD6-ADF7-9D65B8EE2621.tiff,2454367
256,TCGA-AN-A0AT-01Z-00-DX1.DFD68CD2-C25E-47BE-BC06-8CE3C657B9FD,2,4,8555.928904,10735,256,42.851,40083.318,0.685,2528.964,42655.817,kvikio,virchow2,warm,,tiff5x,/home/ec2-user/wsi-cloud/runs/2026-08-23-063822-weka-s7-7.5.b-endurance-all-four-4hr/heatmaps/proc2/TCGA-AN-A0AT-01Z-00-DX1.DFD68CD2-C25E-47BE-BC06-8CE3C657B9FD.tiff,6610999
257,TCGA-AR-A24U-01Z-00-DX1.220FD0D0-0DB6-4E3C-92A0-66CD6509F0AD,2,4,8598.584865,9856,256,38.248,36901.813,0.996,1815.431,38756.488,kvikio,virchow2,warm,,tiff5x,/home/ec2-user/wsi-cloud/runs/2026-08-23-063822-weka-s7-7.5.b-endurance-all-four-4hr/heatmaps/proc2/TCGA-AR-A24U-01Z-00-DX1.220FD0D0-0DB6-4E3C-92A0-66CD6509F0AD.tiff,6978380
258,TCGA-B6-A0I2-01Z-00-DX1.885D2034-73B7-48AE-8343-631F89061C38,2,4,8637.341682,10086,256,44.073,37912.761,0.658,1657.289,39614.781,kvikio,virchow2,warm,,tiff5x,/home/ec2-user/wsi-cloud/runs/2026-08-23-063822-weka-s7-7.5.b-endurance-all-four-4hr/heatmaps/proc2/TCGA-B6-A0I2-01Z-00-DX1.885D2034-73B7-48AE-8343-631F89061C38.tiff,6096668
259,TCGA-BH-A0DX-01Z-00-DX1.45C27E71-9A0A-400E-93A9-5CE7780F3C5E,2,4,8676.956623,5319,256,21.168,19609.711,0.663,2246.898,21878.440,kvikio,virchow2,warm,,tiff5x,/home/ec2-user/wsi-cloud/runs/2026-08-23-063822-weka-s7-7.5.b-endurance-all-four-4hr/heatmaps/proc2/TCGA-BH-A0DX-01Z-00-DX1.45C27E71-9A0A-400E-93A9-5CE7780F3C5E.tiff,5302116
260,TCGA-C8-A26V-01Z-00-DX1.6E86DF74-D575-4969-8142-963D9DF5208F,2,4,8698.835253,9195,256,35.861,33949.679,0.580,1030.484,35016.604,kvikio,virchow2,warm,,tiff5x,/home/ec2-user/wsi-cloud/runs/2026-08-23-063822-weka-s7-7.5.b-endurance-all-four-4hr/heatmaps/proc2/TCGA-C8-A26V-01Z-00-DX1.6E86DF74-D575-4969-8142-963D9DF5208F.tiff,5639776
261,TCGA-D8-A1JM-01Z-00-DX1.3CD15BC8-08B3-4BEE-9FD7-A8BEED33268E,2,4,8733.852026,11874,256,46.476,44621.341,0.766,1400.022,46068.605,kvikio,virchow2,warm,,tiff5x,/home/ec2-user/wsi-cloud/runs/2026-08-23-063822-weka-s7-7.5.b-endurance-all-four-4hr/heatmaps/proc2/TCGA-D8-A1JM-01Z-00-DX1.3CD15BC8-08B3-4BEE-9FD7-A8BEED33268E.tiff,6922054
262,TCGA-E2-A15J-01Z-00-DX1.BF7901D1-30B1-4A76-B0A5-E9B8B36EF4C9,2,4,8779.920771,15013,256,60.492,55804.135,1.102,2312.139,58177.868,kvikio,virchow2,warm,,tiff5x,/home/ec2-user/wsi-cloud/runs/2026-08-23-063822-weka-s7-7.5.b-endurance-all-four-4hr/heatmaps/proc2/TCGA-E2-A15J-01Z-00-DX1.BF7901D1-30B1-4A76-B0A5-E9B8B36EF4C9.tiff,9990418
263,TCGA-GM-A2DN-01Z-00-DX1.593003B0-BA87-486B-B472-D6B85867D54D,2,4,8838.098793,10425,256,46.095,39088.078,0.917,1854.986,40990.076,kvikio,virchow2,warm,,tiff5x,/home/ec2-user/wsi-cloud/runs/2026-08-23-063822-weka-s7-7.5.b-endurance-all-four-4hr/heatmaps/proc2/TCGA-GM-A2DN-01Z-00-DX1.593003B0-BA87-486B-B472-D6B85867D54D.tiff,6807482
264,TCGA-A2-A0ER-01Z-00-DX1.18123C1B-A0CC-4957-9373-5FFAB985C2E8,2,4,8879.089019,7989,256,30.971,29688.841,0.533,1260.749,30981.094,kvikio,virchow2,warm,,tiff5x,/home/ec2-user/wsi-cloud/runs/2026-08-23-063822-weka-s7-7.5.b-endurance-all-four-4hr/heatmaps/proc2/TCGA-A2-A0ER-01Z-00-DX1.18123C1B-A0CC-4957-9373-5FFAB985C2E8.tiff,6139355
265,TCGA-A2-A1G1-01Z-00-DX1.E52A474F-DE13-41CF-94D4-D00BAC46ECF4,2,4,8910.070253,4797,256,23.003,17866.104,0.563,1113.944,19003.614,kvikio,virchow2,warm,,tiff5x,/home/ec2-user/wsi-cloud/runs/2026-08-23-063822-weka-s7-7.5.b-endurance-all-four-4hr/heatmaps/proc2/TCGA-A2-A1G1-01Z-00-DX1.E52A474F-DE13-41CF-94D4-D00BAC46ECF4.tiff,3578320
266,TCGA-A8-A06N-01Z-00-DX1.E25E65F8-DFE0-47CF-9FAB-B82EE8E321F7,2,4,8929.073998,3413,256,17.146,12767.196,0.539,500.014,13284.895,kvikio,virchow2,warm,,tiff5x,/home/ec2-user/wsi-cloud/runs/2026-08-23-063822-weka-s7-7.5.b-endurance-all-four-4hr/heatmaps/proc2/TCGA-A8-A06N-01Z-00-DX1.E25E65F8-DFE0-47CF-9FAB-B82EE8E321F7.tiff,2797754
267,TCGA-A8-A084-01Z-00-DX1.2B52D1B8-5AD4-4BD6-ADF7-9D65B8EE2621,2,4,8942.359028,3734,256,18.147,14059.467,0.561,515.797,14593.971,kvikio,virchow2,warm,,tiff5x,/home/ec2-user/wsi-cloud/runs/2026-08-23-063822-weka-s7-7.5.b-endurance-all-four-4hr/heatmaps/proc2/TCGA-A8-A084-01Z-00-DX1.2B52D1B8-5AD4-4BD6-ADF7-9D65B8EE2621.tiff,2454367
268,TCGA-AN-A0AT-01Z-00-DX1.DFD68CD2-C25E-47BE-BC06-8CE3C657B9FD,2,4,8956.953139,10735,256,47.641,39822.990,0.690,2644.213,42515.534,kvikio,virchow2,warm,,tiff5x,/home/ec2-user/wsi-cloud/runs/2026-08-23-063822-weka-s7-7.5.b-endurance-all-four-4hr/heatmaps/proc2/TCGA-AN-A0AT-01Z-00-DX1.DFD68CD2-C25E-47BE-BC06-8CE3C657B9FD.tiff,6610999
269,TCGA-AR-A24U-01Z-00-DX1.220FD0D0-0DB6-4E3C-92A0-66CD6509F0AD,2,4,8999.468835,9856,256,46.246,36406.752,0.618,1747.622,38201.239,kvikio,virchow2,warm,,tiff5x,/home/ec2-user/wsi-cloud/runs/2026-08-23-063822-weka-s7-7.5.b-endurance-all-four-4hr/heatmaps/proc2/TCGA-AR-A24U-01Z-00-DX1.220FD0D0-0DB6-4E3C-92A0-66CD6509F0AD.tiff,6978380
270,TCGA-B6-A0I2-01Z-00-DX1.885D2034-73B7-48AE-8343-631F89061C38,2,4,9037.670226,10086,256,44.394,37911.767,1.080,1757.120,39714.360,kvikio,virchow2,warm,,tiff5x,/home/ec2-user/wsi-cloud/runs/2026-08-23-063822-weka-s7-7.5.b-endurance-all-four-4hr/heatmaps/proc2/TCGA-B6-A0I2-01Z-00-DX1.885D2034-73B7-48AE-8343-631F89061C38.tiff,6096668
271,TCGA-BH-A0DX-01Z-00-DX1.45C27E71-9A0A-400E-93A9-5CE7780F3C5E,2,4,9077.384745,5319,256,21.354,19772.637,1.049,2325.399,22120.439,kvikio,virchow2,warm,,tiff5x,/home/ec2-user/wsi-cloud/runs/2026-08-23-063822-weka-s7-7.5.b-endurance-all-four-4hr/heatmaps/proc2/TCGA-BH-A0DX-01Z-00-DX1.45C27E71-9A0A-400E-93A9-5CE7780F3C5E.tiff,5302116
272,TCGA-C8-A26V-01Z-00-DX1.6E86DF74-D575-4969-8142-963D9DF5208F,2,4,9099.505340,9195,256,37.098,34114.412,0.634,1026.661,35178.806,kvikio,virchow2,warm,,tiff5x,/home/ec2-user/wsi-cloud/runs/2026-08-23-063822-weka-s7-7.5.b-endurance-all-four-4hr/heatmaps/proc2/TCGA-C8-A26V-01Z-00-DX1.6E86DF74-D575-4969-8142-963D9DF5208F.tiff,5639776
273,TCGA-D8-A1JM-01Z-00-DX1.3CD15BC8-08B3-4BEE-9FD7-A8BEED33268E,2,4,9134.684291,11874,256,46.562,44549.524,0.775,1405.494,46002.355,kvikio,virchow2,warm,,tiff5x,/home/ec2-user/wsi-cloud/runs/2026-08-23-063822-weka-s7-7.5.b-endurance-all-four-4hr/heatmaps/proc2/TCGA-D8-A1JM-01Z-00-DX1.3CD15BC8-08B3-4BEE-9FD7-A8BEED33268E.tiff,6922054
274,TCGA-E2-A15J-01Z-00-DX1.BF7901D1-30B1-4A76-B0A5-E9B8B36EF4C9,2,4,9180.686813,15013,256,64.750,55806.946,1.037,2276.111,58148.843,kvikio,virchow2,warm,,tiff5x,/home/ec2-user/wsi-cloud/runs/2026-08-23-063822-weka-s7-7.5.b-endurance-all-four-4hr/heatmaps/proc2/TCGA-E2-A15J-01Z-00-DX1.BF7901D1-30B1-4A76-B0A5-E9B8B36EF4C9.tiff,9990418
275,TCGA-GM-A2DN-01Z-00-DX1.593003B0-BA87-486B-B472-D6B85867D54D,2,4,9238.835931,10425,256,47.746,38715.909,1.034,1861.578,40626.267,kvikio,virchow2,warm,,tiff5x,/home/ec2-user/wsi-cloud/runs/2026-08-23-063822-weka-s7-7.5.b-endurance-all-four-4hr/heatmaps/proc2/TCGA-GM-A2DN-01Z-00-DX1.593003B0-BA87-486B-B472-D6B85867D54D.tiff,6807482
276,TCGA-A2-A0ER-01Z-00-DX1.18123C1B-A0CC-4957-9373-5FFAB985C2E8,2,4,9279.462369,7989,256,32.825,29981.859,0.802,1275.965,31291.451,kvikio,virchow2,warm,,tiff5x,/home/ec2-user/wsi-cloud/runs/2026-08-23-063822-weka-s7-7.5.b-endurance-all-four-4hr/heatmaps/proc2/TCGA-A2-A0ER-01Z-00-DX1.18123C1B-A0CC-4957-9373-5FFAB985C2E8.tiff,6139355
277,TCGA-A2-A1G1-01Z-00-DX1.E52A474F-DE13-41CF-94D4-D00BAC46ECF4,2,4,9310.753984,4797,256,19.064,17794.975,0.829,1134.655,18949.524,kvikio,virchow2,warm,,tiff5x,/home/ec2-user/wsi-cloud/runs/2026-08-23-063822-weka-s7-7.5.b-endurance-all-four-4hr/heatmaps/proc2/TCGA-A2-A1G1-01Z-00-DX1.E52A474F-DE13-41CF-94D4-D00BAC46ECF4.tiff,3578320
278,TCGA-A8-A06N-01Z-00-DX1.E25E65F8-DFE0-47CF-9FAB-B82EE8E321F7,2,4,9329.703642,3413,256,14.109,12663.929,0.939,522.325,13201.301,kvikio,virchow2,warm,,tiff5x,/home/ec2-user/wsi-cloud/runs/2026-08-23-063822-weka-s7-7.5.b-endurance-all-four-4hr/heatmaps/proc2/TCGA-A8-A06N-01Z-00-DX1.E25E65F8-DFE0-47CF-9FAB-B82EE8E321F7.tiff,2797754
279,TCGA-A8-A084-01Z-00-DX1.2B52D1B8-5AD4-4BD6-ADF7-9D65B8EE2621,2,4,9342.905084,3734,256,15.601,13877.613,0.932,521.711,14415.857,kvikio,virchow2,warm,,tiff5x,/home/ec2-user/wsi-cloud/runs/2026-08-23-063822-weka-s7-7.5.b-endurance-all-four-4hr/heatmaps/proc2/TCGA-A8-A084-01Z-00-DX1.2B52D1B8-5AD4-4BD6-ADF7-9D65B8EE2621.tiff,2454367
280,TCGA-AN-A0AT-01Z-00-DX1.DFD68CD2-C25E-47BE-BC06-8CE3C657B9FD,2,4,9357.321083,10735,256,44.398,40332.470,1.004,2552.493,42930.366,kvikio,virchow2,warm,,tiff5x,/home/ec2-user/wsi-cloud/runs/2026-08-23-063822-weka-s7-7.5.b-endurance-all-four-4hr/heatmaps/proc2/TCGA-AN-A0AT-01Z-00-DX1.DFD68CD2-C25E-47BE-BC06-8CE3C657B9FD.tiff,6610999
281,TCGA-AR-A24U-01Z-00-DX1.220FD0D0-0DB6-4E3C-92A0-66CD6509F0AD,2,4,9400.251770,9856,256,40.792,36778.610,0.882,1760.483,38580.767,kvikio,virchow2,warm,,tiff5x,/home/ec2-user/wsi-cloud/runs/2026-08-23-063822-weka-s7-7.5.b-endurance-all-four-4hr/heatmaps/proc2/TCGA-AR-A24U-01Z-00-DX1.220FD0D0-0DB6-4E3C-92A0-66CD6509F0AD.tiff,6978380
282,TCGA-B6-A0I2-01Z-00-DX1.885D2034-73B7-48AE-8343-631F89061C38,2,4,9438.832681,10086,256,44.422,37541.616,0.650,1658.563,39245.250,kvikio,virchow2,warm,,tiff5x,/home/ec2-user/wsi-cloud/runs/2026-08-23-063822-weka-s7-7.5.b-endurance-all-four-4hr/heatmaps/proc2/TCGA-B6-A0I2-01Z-00-DX1.885D2034-73B7-48AE-8343-631F89061C38.tiff,6096668
283,TCGA-BH-A0DX-01Z-00-DX1.45C27E71-9A0A-400E-93A9-5CE7780F3C5E,2,4,9478.078072,5319,256,25.149,19820.408,0.588,2380.675,22226.820,kvikio,virchow2,warm,,tiff5x,/home/ec2-user/wsi-cloud/runs/2026-08-23-063822-weka-s7-7.5.b-endurance-all-four-4hr/heatmaps/proc2/TCGA-BH-A0DX-01Z-00-DX1.45C27E71-9A0A-400E-93A9-5CE7780F3C5E.tiff,5302116
284,TCGA-C8-A26V-01Z-00-DX1.6E86DF74-D575-4969-8142-963D9DF5208F,2,4,9500.305039,9195,256,41.392,34341.915,0.604,1033.931,35417.841,kvikio,virchow2,warm,,tiff5x,/home/ec2-user/wsi-cloud/runs/2026-08-23-063822-weka-s7-7.5.b-endurance-all-four-4hr/heatmaps/proc2/TCGA-C8-A26V-01Z-00-DX1.6E86DF74-D575-4969-8142-963D9DF5208F.tiff,5639776
285,TCGA-D8-A1JM-01Z-00-DX1.3CD15BC8-08B3-4BEE-9FD7-A8BEED33268E,2,4,9535.723016,11874,256,46.104,44531.973,0.785,1403.468,45982.330,kvikio,virchow2,warm,,tiff5x,/home/ec2-user/wsi-cloud/runs/2026-08-23-063822-weka-s7-7.5.b-endurance-all-four-4hr/heatmaps/proc2/TCGA-D8-A1JM-01Z-00-DX1.3CD15BC8-08B3-4BEE-9FD7-A8BEED33268E.tiff,6922054
286,TCGA-E2-A15J-01Z-00-DX1.BF7901D1-30B1-4A76-B0A5-E9B8B36EF4C9,2,4,9581.705611,15013,256,58.612,56578.922,1.059,2312.777,58951.370,kvikio,virchow2,warm,,tiff5x,/home/ec2-user/wsi-cloud/runs/2026-08-23-063822-weka-s7-7.5.b-endurance-all-four-4hr/heatmaps/proc2/TCGA-E2-A15J-01Z-00-DX1.BF7901D1-30B1-4A76-B0A5-E9B8B36EF4C9.tiff,9990418
287,TCGA-GM-A2DN-01Z-00-DX1.593003B0-BA87-486B-B472-D6B85867D54D,2,4,9640.657146,10425,256,45.601,39214.752,0.739,1850.868,41111.961,kvikio,virchow2,warm,,tiff5x,/home/ec2-user/wsi-cloud/runs/2026-08-23-063822-weka-s7-7.5.b-endurance-all-four-4hr/heatmaps/proc2/TCGA-GM-A2DN-01Z-00-DX1.593003B0-BA87-486B-B472-D6B85867D54D.tiff,6807482
288,TCGA-A2-A0ER-01Z-00-DX1.18123C1B-A0CC-4957-9373-5FFAB985C2E8,2,4,9681.769261,7989,256,37.243,29513.648,0.547,1268.653,30820.091,kvikio,virchow2,warm,,tiff5x,/home/ec2-user/wsi-cloud/runs/2026-08-23-063822-weka-s7-7.5.b-endurance-all-four-4hr/heatmaps/proc2/TCGA-A2-A0ER-01Z-00-DX1.18123C1B-A0CC-4957-9373-5FFAB985C2E8.tiff,6139355
289,TCGA-A2-A1G1-01Z-00-DX1.E52A474F-DE13-41CF-94D4-D00BAC46ECF4,2,4,9712.589494,4797,256,19.262,17832.707,0.882,1126.872,18979.723,kvikio,virchow2,warm,,tiff5x,/home/ec2-user/wsi-cloud/runs/2026-08-23-063822-weka-s7-7.5.b-endurance-all-four-4hr/heatmaps/proc2/TCGA-A2-A1G1-01Z-00-DX1.E52A474F-DE13-41CF-94D4-D00BAC46ECF4.tiff,3578320
290,TCGA-A8-A06N-01Z-00-DX1.E25E65F8-DFE0-47CF-9FAB-B82EE8E321F7,2,4,9731.569362,3413,256,15.909,12646.900,0.541,500.381,13163.731,kvikio,virchow2,warm,,tiff5x,/home/ec2-user/wsi-cloud/runs/2026-08-23-063822-weka-s7-7.5.b-endurance-all-four-4hr/heatmaps/proc2/TCGA-A8-A06N-01Z-00-DX1.E25E65F8-DFE0-47CF-9FAB-B82EE8E321F7.tiff,2797754
291,TCGA-A8-A084-01Z-00-DX1.2B52D1B8-5AD4-4BD6-ADF7-9D65B8EE2621,2,4,9744.733245,3734,256,18.880,13917.093,0.589,515.614,14452.176,kvikio,virchow2,warm,,tiff5x,/home/ec2-user/wsi-cloud/runs/2026-08-23-063822-weka-s7-7.5.b-endurance-all-four-4hr/heatmaps/proc2/TCGA-A8-A084-01Z-00-DX1.2B52D1B8-5AD4-4BD6-ADF7-9D65B8EE2621.tiff,2454367
292,TCGA-AN-A0AT-01Z-00-DX1.DFD68CD2-C25E-47BE-BC06-8CE3C657B9FD,2,4,9759.185555,10735,256,42.596,40271.831,0.664,2542.960,42858.050,kvikio,virchow2,warm,,tiff5x,/home/ec2-user/wsi-cloud/runs/2026-08-23-063822-weka-s7-7.5.b-endurance-all-four-4hr/heatmaps/proc2/TCGA-AN-A0AT-01Z-00-DX1.DFD68CD2-C25E-47BE-BC06-8CE3C657B9FD.tiff,6610999
293,TCGA-AR-A24U-01Z-00-DX1.220FD0D0-0DB6-4E3C-92A0-66CD6509F0AD,2,4,9802.043766,9856,256,43.022,36327.920,0.622,1740.528,38112.091,kvikio,virchow2,warm,,tiff5x,/home/ec2-user/wsi-cloud/runs/2026-08-23-063822-weka-s7-7.5.b-endurance-all-four-4hr/heatmaps/proc2/TCGA-AR-A24U-01Z-00-DX1.220FD0D0-0DB6-4E3C-92A0-66CD6509F0AD.tiff,6978380
294,TCGA-B6-A0I2-01Z-00-DX1.885D2034-73B7-48AE-8343-631F89061C38,2,4,9840.156002,10086,256,43.372,37790.426,0.685,1661.146,39495.628,kvikio,virchow2,warm,,tiff5x,/home/ec2-user/wsi-cloud/runs/2026-08-23-063822-weka-s7-7.5.b-endurance-all-four-4hr/heatmaps/proc2/TCGA-B6-A0I2-01Z-00-DX1.885D2034-73B7-48AE-8343-631F89061C38.tiff,6096668
295,TCGA-BH-A0DX-01Z-00-DX1.45C27E71-9A0A-400E-93A9-5CE7780F3C5E,2,4,9879.651770,5319,256,21.671,19750.659,0.843,2261.117,22034.290,kvikio,virchow2,warm,,tiff5x,/home/ec2-user/wsi-cloud/runs/2026-08-23-063822-weka-s7-7.5.b-endurance-all-four-4hr/heatmaps/proc2/TCGA-BH-A0DX-01Z-00-DX1.45C27E71-9A0A-400E-93A9-5CE7780F3C5E.tiff,5302116
296,TCGA-C8-A26V-01Z-00-DX1.6E86DF74-D575-4969-8142-963D9DF5208F,2,4,9901.686194,9195,256,36.337,33757.336,0.641,1047.808,34842.122,kvikio,virchow2,warm,,tiff5x,/home/ec2-user/wsi-cloud/runs/2026-08-23-063822-weka-s7-7.5.b-endurance-all-four-4hr/heatmaps/proc2/TCGA-C8-A26V-01Z-00-DX1.6E86DF74-D575-4969-8142-963D9DF5208F.tiff,5639776
297,TCGA-D8-A1JM-01Z-00-DX1.3CD15BC8-08B3-4BEE-9FD7-A8BEED33268E,2,4,9936.528465,11874,256,49.505,43885.592,0.792,1486.672,45422.560,kvikio,virchow2,warm,,tiff5x,/home/ec2-user/wsi-cloud/runs/2026-08-23-063822-weka-s7-7.5.b-endurance-all-four-4hr/heatmaps/proc2/TCGA-D8-A1JM-01Z-00-DX1.3CD15BC8-08B3-4BEE-9FD7-A8BEED33268E.tiff,6922054
298,TCGA-E2-A15J-01Z-00-DX1.BF7901D1-30B1-4A76-B0A5-E9B8B36EF4C9,2,4,9981.951167,15013,256,61.553,55703.336,1.193,2305.462,58071.544,kvikio,virchow2,warm,,tiff5x,/home/ec2-user/wsi-cloud/runs/2026-08-23-063822-weka-s7-7.5.b-endurance-all-four-4hr/heatmaps/proc2/TCGA-E2-A15J-01Z-00-DX1.BF7901D1-30B1-4A76-B0A5-E9B8B36EF4C9.tiff,9990418
299,TCGA-GM-A2DN-01Z-00-DX1.593003B0-BA87-486B-B472-D6B85867D54D,2,4,10040.022861,10425,256,44.822,39288.338,0.735,1966.072,41299.966,kvikio,virchow2,warm,,tiff5x,/home/ec2-user/wsi-cloud/runs/2026-08-23-063822-weka-s7-7.5.b-endurance-all-four-4hr/heatmaps/proc2/TCGA-GM-A2DN-01Z-00-DX1.593003B0-BA87-486B-B472-D6B85867D54D.tiff,6807482
300,TCGA-A2-A0ER-01Z-00-DX1.18123C1B-A0CC-4957-9373-5FFAB985C2E8,2,4,10081.322995,7989,256,35.585,29528.502,0.589,1266.487,30831.163,kvikio,virchow2,warm,,tiff5x,/home/ec2-user/wsi-cloud/runs/2026-08-23-063822-weka-s7-7.5.b-endurance-all-four-4hr/heatmaps/proc2/TCGA-A2-A0ER-01Z-00-DX1.18123C1B-A0CC-4957-9373-5FFAB985C2E8.tiff,6139355
301,TCGA-A2-A1G1-01Z-00-DX1.E52A474F-DE13-41CF-94D4-D00BAC46ECF4,2,4,10112.154315,4797,256,18.838,17751.546,0.580,1111.529,18882.493,kvikio,virchow2,warm,,tiff5x,/home/ec2-user/wsi-cloud/runs/2026-08-23-063822-weka-s7-7.5.b-endurance-all-four-4hr/heatmaps/proc2/TCGA-A2-A1G1-01Z-00-DX1.E52A474F-DE13-41CF-94D4-D00BAC46ECF4.tiff,3578320
302,TCGA-A8-A06N-01Z-00-DX1.E25E65F8-DFE0-47CF-9FAB-B82EE8E321F7,2,4,10131.036948,3413,256,13.795,12637.472,0.558,500.276,13152.102,kvikio,virchow2,warm,,tiff5x,/home/ec2-user/wsi-cloud/runs/2026-08-23-063822-weka-s7-7.5.b-endurance-all-four-4hr/heatmaps/proc2/TCGA-A8-A06N-01Z-00-DX1.E25E65F8-DFE0-47CF-9FAB-B82EE8E321F7.tiff,2797754
303,TCGA-A8-A084-01Z-00-DX1.2B52D1B8-5AD4-4BD6-ADF7-9D65B8EE2621,2,4,10144.189187,3734,256,15.448,13785.267,0.580,517.317,14318.612,kvikio,virchow2,warm,,tiff5x,/home/ec2-user/wsi-cloud/runs/2026-08-23-063822-weka-s7-7.5.b-endurance-all-four-4hr/heatmaps/proc2/TCGA-A8-A084-01Z-00-DX1.2B52D1B8-5AD4-4BD6-ADF7-9D65B8EE2621.tiff,2454367
304,TCGA-AN-A0AT-01Z-00-DX1.DFD68CD2-C25E-47BE-BC06-8CE3C657B9FD,2,4,10158.507935,10735,256,42.014,40274.932,0.686,2540.369,42858.000,kvikio,virchow2,warm,,tiff5x,/home/ec2-user/wsi-cloud/runs/2026-08-23-063822-weka-s7-7.5.b-endurance-all-four-4hr/heatmaps/proc2/TCGA-AN-A0AT-01Z-00-DX1.DFD68CD2-C25E-47BE-BC06-8CE3C657B9FD.tiff,6610999
305,TCGA-AR-A24U-01Z-00-DX1.220FD0D0-0DB6-4E3C-92A0-66CD6509F0AD,2,4,10201.366093,9856,256,40.956,36970.607,0.613,1746.463,38758.639,kvikio,virchow2,warm,,tiff5x,/home/ec2-user/wsi-cloud/runs/2026-08-23-063822-weka-s7-7.5.b-endurance-all-four-4hr/heatmaps/proc2/TCGA-AR-A24U-01Z-00-DX1.220FD0D0-0DB6-4E3C-92A0-66CD6509F0AD.tiff,6978380
306,TCGA-B6-A0I2-01Z-00-DX1.885D2034-73B7-48AE-8343-631F89061C38,2,4,10240.124877,10086,256,46.457,37761.309,0.658,1653.586,39462.010,kvikio,virchow2,warm,,tiff5x,/home/ec2-user/wsi-cloud/runs/2026-08-23-063822-weka-s7-7.5.b-endurance-all-four-4hr/heatmaps/proc2/TCGA-B6-A0I2-01Z-00-DX1.885D2034-73B7-48AE-8343-631F89061C38.tiff,6096668
307,TCGA-BH-A0DX-01Z-00-DX1.45C27E71-9A0A-400E-93A9-5CE7780F3C5E,2,4,10279.587039,5319,256,21.194,19886.392,0.589,2259.095,22167.270,kvikio,virchow2,warm,,tiff5x,/home/ec2-user/wsi-cloud/runs/2026-08-23-063822-weka-s7-7.5.b-endurance-all-four-4hr/heatmaps/proc2/TCGA-BH-A0DX-01Z-00-DX1.45C27E71-9A0A-400E-93A9-5CE7780F3C5E.tiff,5302116
308,TCGA-C8-A26V-01Z-00-DX1.6E86DF74-D575-4969-8142-963D9DF5208F,2,4,10301.754465,9195,256,38.894,33811.544,0.588,1029.994,34881.020,kvikio,virchow2,warm,,tiff5x,/home/ec2-user/wsi-cloud/runs/2026-08-23-063822-weka-s7-7.5.b-endurance-all-four-4hr/heatmaps/proc2/TCGA-C8-A26V-01Z-00-DX1.6E86DF74-D575-4969-8142-963D9DF5208F.tiff,5639776
309,TCGA-D8-A1JM-01Z-00-DX1.3CD15BC8-08B3-4BEE-9FD7-A8BEED33268E,2,4,10336.635643,11874,256,48.206,43643.589,0.772,1406.856,45099.423,kvikio,virchow2,warm,,tiff5x,/home/ec2-user/wsi-cloud/runs/2026-08-23-063822-weka-s7-7.5.b-endurance-all-four-4hr/heatmaps/proc2/TCGA-D8-A1JM-01Z-00-DX1.3CD15BC8-08B3-4BEE-9FD7-A8BEED33268E.tiff,6922054
310,TCGA-E2-A15J-01Z-00-DX1.BF7901D1-30B1-4A76-B0A5-E9B8B36EF4C9,2,4,10381.735211,15013,256,58.572,56274.647,1.049,2295.169,58629.437,kvikio,virchow2,warm,,tiff5x,/home/ec2-user/wsi-cloud/runs/2026-08-23-063822-weka-s7-7.5.b-endurance-all-four-4hr/heatmaps/proc2/TCGA-E2-A15J-01Z-00-DX1.BF7901D1-30B1-4A76-B0A5-E9B8B36EF4C9.tiff,9990418
311,TCGA-GM-A2DN-01Z-00-DX1.593003B0-BA87-486B-B472-D6B85867D54D,2,4,10440.364800,10425,256,47.084,38696.363,0.736,1847.663,40591.846,kvikio,virchow2,warm,,tiff5x,/home/ec2-user/wsi-cloud/runs/2026-08-23-063822-weka-s7-7.5.b-endurance-all-four-4hr/heatmaps/proc2/TCGA-GM-A2DN-01Z-00-DX1.593003B0-BA87-486B-B472-D6B85867D54D.tiff,6807482
312,TCGA-A2-A0ER-01Z-00-DX1.18123C1B-A0CC-4957-9373-5FFAB985C2E8,2,4,10480.956793,7989,256,35.613,29850.608,0.544,1271.259,31158.024,kvikio,virchow2,warm,,tiff5x,/home/ec2-user/wsi-cloud/runs/2026-08-23-063822-weka-s7-7.5.b-endurance-all-four-4hr/heatmaps/proc2/TCGA-A2-A0ER-01Z-00-DX1.18123C1B-A0CC-4957-9373-5FFAB985C2E8.tiff,6139355
313,TCGA-A2-A1G1-01Z-00-DX1.E52A474F-DE13-41CF-94D4-D00BAC46ECF4,2,4,10512.114971,4797,256,22.068,17665.592,0.572,1115.644,18803.875,kvikio,virchow2,warm,,tiff5x,/home/ec2-user/wsi-cloud/runs/2026-08-23-063822-weka-s7-7.5.b-endurance-all-four-4hr/heatmaps/proc2/TCGA-A2-A1G1-01Z-00-DX1.E52A474F-DE13-41CF-94D4-D00BAC46ECF4.tiff,3578320
314,TCGA-A8-A06N-01Z-00-DX1.E25E65F8-DFE0-47CF-9FAB-B82EE8E321F7,2,4,10530.918977,3413,256,13.853,12508.294,0.608,500.576,13023.331,kvikio,virchow2,warm,,tiff5x,/home/ec2-user/wsi-cloud/runs/2026-08-23-063822-weka-s7-7.5.b-endurance-all-four-4hr/heatmaps/proc2/TCGA-A8-A06N-01Z-00-DX1.E25E65F8-DFE0-47CF-9FAB-B82EE8E321F7.tiff,2797754
315,TCGA-A8-A084-01Z-00-DX1.2B52D1B8-5AD4-4BD6-ADF7-9D65B8EE2621,2,4,10543.942563,3734,256,14.985,13718.896,0.656,516.585,14251.122,kvikio,virchow2,warm,,tiff5x,/home/ec2-user/wsi-cloud/runs/2026-08-23-063822-weka-s7-7.5.b-endurance-all-four-4hr/heatmaps/proc2/TCGA-A8-A084-01Z-00-DX1.2B52D1B8-5AD4-4BD6-ADF7-9D65B8EE2621.tiff,2454367
316,TCGA-AN-A0AT-01Z-00-DX1.DFD68CD2-C25E-47BE-BC06-8CE3C657B9FD,2,4,10558.193816,10735,256,41.992,39201.429,0.967,2552.612,41797.000,kvikio,virchow2,warm,,tiff5x,/home/ec2-user/wsi-cloud/runs/2026-08-23-063822-weka-s7-7.5.b-endurance-all-four-4hr/heatmaps/proc2/TCGA-AN-A0AT-01Z-00-DX1.DFD68CD2-C25E-47BE-BC06-8CE3C657B9FD.tiff,6610999
317,TCGA-AR-A24U-01Z-00-DX1.220FD0D0-0DB6-4E3C-92A0-66CD6509F0AD,2,4,10599.990970,9856,256,41.144,36052.889,0.910,1757.177,37852.119,kvikio,virchow2,warm,,tiff5x,/home/ec2-user/wsi-cloud/runs/2026-08-23-063822-weka-s7-7.5.b-endurance-all-four-4hr/heatmaps/proc2/TCGA-AR-A24U-01Z-00-DX1.220FD0D0-0DB6-4E3C-92A0-66CD6509F0AD.tiff,6978380
318,TCGA-B6-A0I2-01Z-00-DX1.885D2034-73B7-48AE-8343-631F89061C38,2,4,10637.843235,10086,256,41.284,37726.583,0.900,1671.107,39439.874,kvikio,virchow2,warm,,tiff5x,/home/ec2-user/wsi-cloud/runs/2026-08-23-063822-weka-s7-7.5.b-endurance-all-four-4hr/heatmaps/proc2/TCGA-B6-A0I2-01Z-00-DX1.885D2034-73B7-48AE-8343-631F89061C38.tiff,6096668
319,TCGA-BH-A0DX-01Z-00-DX1.45C27E71-9A0A-400E-93A9-5CE7780F3C5E,2,4,10677.283262,5319,256,21.500,19794.515,0.579,2358.793,22175.387,kvikio,virchow2,warm,,tiff5x,/home/ec2-user/wsi-cloud/runs/2026-08-23-063822-weka-s7-7.5.b-endurance-all-four-4hr/heatmaps/proc2/TCGA-BH-A0DX-01Z-00-DX1.45C27E71-9A0A-400E-93A9-5CE7780F3C5E.tiff,5302116
320,TCGA-C8-A26V-01Z-00-DX1.6E86DF74-D575-4969-8142-963D9DF5208F,2,4,10699.458799,9195,256,41.662,34001.545,0.975,1073.328,35117.510,kvikio,virchow2,warm,,tiff5x,/home/ec2-user/wsi-cloud/runs/2026-08-23-063822-weka-s7-7.5.b-endurance-all-four-4hr/heatmaps/proc2/TCGA-C8-A26V-01Z-00-DX1.6E86DF74-D575-4969-8142-963D9DF5208F.tiff,5639776
321,TCGA-D8-A1JM-01Z-00-DX1.3CD15BC8-08B3-4BEE-9FD7-A8BEED33268E,2,4,10734.576453,11874,256,48.090,44728.439,0.820,1407.538,46184.887,kvikio,virchow2,warm,,tiff5x,/home/ec2-user/wsi-cloud/runs/2026-08-23-063822-weka-s7-7.5.b-endurance-all-four-4hr/heatmaps/proc2/TCGA-D8-A1JM-01Z-00-DX1.3CD15BC8-08B3-4BEE-9FD7-A8BEED33268E.tiff,6922054
322,TCGA-E2-A15J-01Z-00-DX1.BF7901D1-30B1-4A76-B0A5-E9B8B36EF4C9,2,4,10780.761491,15013,256,61.653,55993.889,1.044,2285.753,58342.339,kvikio,virchow2,warm,,tiff5x,/home/ec2-user/wsi-cloud/runs/2026-08-23-063822-weka-s7-7.5.b-endurance-all-four-4hr/heatmaps/proc2/TCGA-E2-A15J-01Z-00-DX1.BF7901D1-30B1-4A76-B0A5-E9B8B36EF4C9.tiff,9990418
323,TCGA-GM-A2DN-01Z-00-DX1.593003B0-BA87-486B-B472-D6B85867D54D,2,4,10839.103992,10425,256,45.895,38972.778,0.738,1867.537,40886.948,kvikio,virchow2,warm,,tiff5x,/home/ec2-user/wsi-cloud/runs/2026-08-23-063822-weka-s7-7.5.b-endurance-all-four-4hr/heatmaps/proc2/TCGA-GM-A2DN-01Z-00-DX1.593003B0-BA87-486B-B472-D6B85867D54D.tiff,6807482
324,TCGA-A2-A0ER-01Z-00-DX1.18123C1B-A0CC-4957-9373-5FFAB985C2E8,2,4,10879.991092,7989,256,30.684,29869.570,0.530,1264.565,31165.349,kvikio,virchow2,warm,,tiff5x,/home/ec2-user/wsi-cloud/runs/2026-08-23-063822-weka-s7-7.5.b-endurance-all-four-4hr/heatmaps/proc2/TCGA-A2-A0ER-01Z-00-DX1.18123C1B-A0CC-4957-9373-5FFAB985C2E8.tiff,6139355
325,TCGA-A2-A1G1-01Z-00-DX1.E52A474F-DE13-41CF-94D4-D00BAC46ECF4,2,4,10911.156587,4797,256,18.975,17746.267,0.583,1114.693,18880.518,kvikio,virchow2,warm,,tiff5x,/home/ec2-user/wsi-cloud/runs/2026-08-23-063822-weka-s7-7.5.b-endurance-all-four-4hr/heatmaps/proc2/TCGA-A2-A1G1-01Z-00-DX1.E52A474F-DE13-41CF-94D4-D00BAC46ECF4.tiff,3578320
326,TCGA-A8-A06N-01Z-00-DX1.E25E65F8-DFE0-47CF-9FAB-B82EE8E321F7,2,4,10930.037413,3413,256,17.187,12677.276,0.553,500.930,13195.945,kvikio,virchow2,warm,,tiff5x,/home/ec2-user/wsi-cloud/runs/2026-08-23-063822-weka-s7-7.5.b-endurance-all-four-4hr/heatmaps/proc2/TCGA-A8-A06N-01Z-00-DX1.E25E65F8-DFE0-47CF-9FAB-B82EE8E321F7.tiff,2797754
327,TCGA-A8-A084-01Z-00-DX1.2B52D1B8-5AD4-4BD6-ADF7-9D65B8EE2621,2,4,10943.233504,3734,256,17.706,13890.279,0.870,519.908,14428.763,kvikio,virchow2,warm,,tiff5x,/home/ec2-user/wsi-cloud/runs/2026-08-23-063822-weka-s7-7.5.b-endurance-all-four-4hr/heatmaps/proc2/TCGA-A8-A084-01Z-00-DX1.2B52D1B8-5AD4-4BD6-ADF7-9D65B8EE2621.tiff,2454367
328,TCGA-AN-A0AT-01Z-00-DX1.DFD68CD2-C25E-47BE-BC06-8CE3C657B9FD,2,4,10957.662415,10735,256,41.496,40318.123,0.678,2593.655,42953.951,kvikio,virchow2,warm,,tiff5x,/home/ec2-user/wsi-cloud/runs/2026-08-23-063822-weka-s7-7.5.b-endurance-all-four-4hr/heatmaps/proc2/TCGA-AN-A0AT-01Z-00-DX1.DFD68CD2-C25E-47BE-BC06-8CE3C657B9FD.tiff,6610999
329,TCGA-AR-A24U-01Z-00-DX1.220FD0D0-0DB6-4E3C-92A0-66CD6509F0AD,2,4,11000.616529,9856,256,39.662,36686.432,0.614,1752.598,38479.306,kvikio,virchow2,warm,,tiff5x,/home/ec2-user/wsi-cloud/runs/2026-08-23-063822-weka-s7-7.5.b-endurance-all-four-4hr/heatmaps/proc2/TCGA-AR-A24U-01Z-00-DX1.220FD0D0-0DB6-4E3C-92A0-66CD6509F0AD.tiff,6978380
330,TCGA-B6-A0I2-01Z-00-DX1.885D2034-73B7-48AE-8343-631F89061C38,2,4,11039.095976,10086,256,39.166,37514.769,1.043,1732.565,39287.543,kvikio,virchow2,warm,,tiff5x,/home/ec2-user/wsi-cloud/runs/2026-08-23-063822-weka-s7-7.5.b-endurance-all-four-4hr/heatmaps/proc2/TCGA-B6-A0I2-01Z-00-DX1.885D2034-73B7-48AE-8343-631F89061C38.tiff,6096668
331,TCGA-BH-A0DX-01Z-00-DX1.45C27E71-9A0A-400E-93A9-5CE7780F3C5E,2,4,11078.383673,5319,256,21.436,19910.089,1.129,2330.672,22263.326,kvikio,virchow2,warm,,tiff5x,/home/ec2-user/wsi-cloud/runs/2026-08-23-063822-weka-s7-7.5.b-endurance-all-four-4hr/heatmaps/proc2/TCGA-BH-A0DX-01Z-00-DX1.45C27E71-9A0A-400E-93A9-5CE7780F3C5E.tiff,5302116
332,TCGA-C8-A26V-01Z-00-DX1.6E86DF74-D575-4969-8142-963D9DF5208F,2,4,11100.647148,9195,256,38.941,34338.244,0.558,1025.591,35403.334,kvikio,virchow2,warm,,tiff5x,/home/ec2-user/wsi-cloud/runs/2026-08-23-063822-weka-s7-7.5.b-endurance-all-four-4hr/heatmaps/proc2/TCGA-C8-A26V-01Z-00-DX1.6E86DF74-D575-4969-8142-963D9DF5208F.tiff,5639776
333,TCGA-D8-A1JM-01Z-00-DX1.3CD15BC8-08B3-4BEE-9FD7-A8BEED33268E,2,4,11136.050618,11874,256,52.407,44097.651,0.761,1413.375,45564.195,kvikio,virchow2,warm,,tiff5x,/home/ec2-user/wsi-cloud/runs/2026-08-23-063822-weka-s7-7.5.b-endurance-all-four-4hr/heatmaps/proc2/TCGA-D8-A1JM-01Z-00-DX1.3CD15BC8-08B3-4BEE-9FD7-A8BEED33268E.tiff,6922054
334,TCGA-E2-A15J-01Z-00-DX1.BF7901D1-30B1-4A76-B0A5-E9B8B36EF4C9,2,4,11181.614955,15013,256,59.013,56331.785,1.077,2305.736,58697.610,kvikio,virchow2,warm,,tiff5x,/home/ec2-user/wsi-cloud/runs/2026-08-23-063822-weka-s7-7.5.b-endurance-all-four-4hr/heatmaps/proc2/TCGA-E2-A15J-01Z-00-DX1.BF7901D1-30B1-4A76-B0A5-E9B8B36EF4C9.tiff,9990418
335,TCGA-GM-A2DN-01Z-00-DX1.593003B0-BA87-486B-B472-D6B85867D54D,2,4,11240.312720,10425,256,49.142,38883.844,0.753,1972.388,40906.127,kvikio,virchow2,warm,,tiff5x,/home/ec2-user/wsi-cloud/runs/2026-08-23-063822-weka-s7-7.5.b-endurance-all-four-4hr/heatmaps/proc2/TCGA-GM-A2DN-01Z-00-DX1.593003B0-BA87-486B-B472-D6B85867D54D.tiff,6807482
336,TCGA-A2-A0ER-01Z-00-DX1.18123C1B-A0CC-4957-9373-5FFAB985C2E8,2,4,11281.218997,7989,256,35.403,29982.049,0.566,1261.906,31279.923,kvikio,virchow2,warm,,tiff5x,/home/ec2-user/wsi-cloud/runs/2026-08-23-063822-weka-s7-7.5.b-endurance-all-four-4hr/heatmaps/proc2/TCGA-A2-A0ER-01Z-00-DX1.18123C1B-A0CC-4957-9373-5FFAB985C2E8.tiff,6139355
337,TCGA-A2-A1G1-01Z-00-DX1.E52A474F-DE13-41CF-94D4-D00BAC46ECF4,2,4,11312.499071,4797,256,21.081,17707.172,0.592,1114.302,18843.146,kvikio,virchow2,warm,,tiff5x,/home/ec2-user/wsi-cloud/runs/2026-08-23-063822-weka-s7-7.5.b-endurance-all-four-4hr/heatmaps/proc2/TCGA-A2-A1G1-01Z-00-DX1.E52A474F-DE13-41CF-94D4-D00BAC46ECF4.tiff,3578320
338,TCGA-A8-A06N-01Z-00-DX1.E25E65F8-DFE0-47CF-9FAB-B82EE8E321F7,2,4,11331.342364,3413,256,13.494,12653.395,0.539,498.685,13166.114,kvikio,virchow2,warm,,tiff5x,/home/ec2-user/wsi-cloud/runs/2026-08-23-063822-weka-s7-7.5.b-endurance-all-four-4hr/heatmaps/proc2/TCGA-A8-A06N-01Z-00-DX1.E25E65F8-DFE0-47CF-9FAB-B82EE8E321F7.tiff,2797754
339,TCGA-A8-A084-01Z-00-DX1.2B52D1B8-5AD4-4BD6-ADF7-9D65B8EE2621,2,4,11344.508609,3734,256,14.773,13769.173,0.886,512.211,14297.043,kvikio,virchow2,warm,,tiff5x,/home/ec2-user/wsi-cloud/runs/2026-08-23-063822-weka-s7-7.5.b-endurance-all-four-4hr/heatmaps/proc2/TCGA-A8-A084-01Z-00-DX1.2B52D1B8-5AD4-4BD6-ADF7-9D65B8EE2621.tiff,2454367
340,TCGA-AN-A0AT-01Z-00-DX1.DFD68CD2-C25E-47BE-BC06-8CE3C657B9FD,2,4,11358.805785,10735,256,41.913,40194.061,0.704,2532.505,42769.183,kvikio,virchow2,warm,,tiff5x,/home/ec2-user/wsi-cloud/runs/2026-08-23-063822-weka-s7-7.5.b-endurance-all-four-4hr/heatmaps/proc2/TCGA-AN-A0AT-01Z-00-DX1.DFD68CD2-C25E-47BE-BC06-8CE3C657B9FD.tiff,6610999
341,TCGA-AR-A24U-01Z-00-DX1.220FD0D0-0DB6-4E3C-92A0-66CD6509F0AD,2,4,11401.575122,9856,256,39.544,36685.814,0.631,1750.352,38476.341,kvikio,virchow2,warm,,tiff5x,/home/ec2-user/wsi-cloud/runs/2026-08-23-063822-weka-s7-7.5.b-endurance-all-four-4hr/heatmaps/proc2/TCGA-AR-A24U-01Z-00-DX1.220FD0D0-0DB6-4E3C-92A0-66CD6509F0AD.tiff,6978380
342,TCGA-B6-A0I2-01Z-00-DX1.885D2034-73B7-48AE-8343-631F89061C38,2,4,11440.051613,10086,256,42.115,37728.479,0.647,1657.874,39429.114,kvikio,virchow2,warm,,tiff5x,/home/ec2-user/wsi-cloud/runs/2026-08-23-063822-weka-s7-7.5.b-endurance-all-four-4hr/heatmaps/proc2/TCGA-B6-A0I2-01Z-00-DX1.885D2034-73B7-48AE-8343-631F89061C38.tiff,6096668
343,TCGA-BH-A0DX-01Z-00-DX1.45C27E71-9A0A-400E-93A9-5CE7780F3C5E,2,4,11479.481022,5319,256,21.177,19867.642,0.737,2246.532,22136.088,kvikio,virchow2,warm,,tiff5x,/home/ec2-user/wsi-cloud/runs/2026-08-23-063822-weka-s7-7.5.b-endurance-all-four-4hr/heatmaps/proc2/TCGA-BH-A0DX-01Z-00-DX1.45C27E71-9A0A-400E-93A9-5CE7780F3C5E.tiff,5302116
344,TCGA-C8-A26V-01Z-00-DX1.6E86DF74-D575-4969-8142-963D9DF5208F,2,4,11501.617261,9195,256,41.682,34503.025,0.613,1037.449,35582.769,kvikio,virchow2,warm,,tiff5x,/home/ec2-user/wsi-cloud/runs/2026-08-23-063822-weka-s7-7.5.b-endurance-all-four-4hr/heatmaps/proc2/TCGA-C8-A26V-01Z-00-DX1.6E86DF74-D575-4969-8142-963D9DF5208F.tiff,5639776
345,TCGA-D8-A1JM-01Z-00-DX1.3CD15BC8-08B3-4BEE-9FD7-A8BEED33268E,2,4,11537.200171,11874,256,51.742,44360.289,0.765,1400.022,45812.818,kvikio,virchow2,warm,,tiff5x,/home/ec2-user/wsi-cloud/runs/2026-08-23-063822-weka-s7-7.5.b-endurance-all-four-4hr/heatmaps/proc2/TCGA-D8-A1JM-01Z-00-DX1.3CD15BC8-08B3-4BEE-9FD7-A8BEED33268E.tiff,6922054
346,TCGA-E2-A15J-01Z-00-DX1.BF7901D1-30B1-4A76-B0A5-E9B8B36EF4C9,2,4,11583.013140,15013,256,72.076,56165.869,1.080,2283.450,58522.475,kvikio,virchow2,warm,,tiff5x,/home/ec2-user/wsi-cloud/runs/2026-08-23-063822-weka-s7-7.5.b-endurance-all-four-4hr/heatmaps/proc2/TCGA-E2-A15J-01Z-00-DX1.BF7901D1-30B1-4A76-B0A5-E9B8B36EF4C9.tiff,9990418
347,TCGA-GM-A2DN-01Z-00-DX1.593003B0-BA87-486B-B472-D6B85867D54D,2,4,11641.535780,10425,256,48.353,39094.308,0.732,1847.993,40991.386,kvikio,virchow2,warm,,tiff5x,/home/ec2-user/wsi-cloud/runs/2026-08-23-063822-weka-s7-7.5.b-endurance-all-four-4hr/heatmaps/proc2/TCGA-GM-A2DN-01Z-00-DX1.593003B0-BA87-486B-B472-D6B85867D54D.tiff,6807482
348,TCGA-A2-A0ER-01Z-00-DX1.18123C1B-A0CC-4957-9373-5FFAB985C2E8,2,4,11682.527312,7989,256,31.028,29893.885,0.569,1270.098,31195.580,kvikio,virchow2,warm,,tiff5x,/home/ec2-user/wsi-cloud/runs/2026-08-23-063822-weka-s7-7.5.b-endurance-all-four-4hr/heatmaps/proc2/TCGA-A2-A0ER-01Z-00-DX1.18123C1B-A0CC-4957-9373-5FFAB985C2E8.tiff,6139355
349,TCGA-A2-A1G1-01Z-00-DX1.E52A474F-DE13-41CF-94D4-D00BAC46ECF4,2,4,11713.723030,4797,256,18.553,17740.051,0.624,1115.630,18874.858,kvikio,virchow2,warm,,tiff5x,/home/ec2-user/wsi-cloud/runs/2026-08-23-063822-weka-s7-7.5.b-endurance-all-four-4hr/heatmaps/proc2/TCGA-A2-A1G1-01Z-00-DX1.E52A474F-DE13-41CF-94D4-D00BAC46ECF4.tiff,3578320
350,TCGA-A8-A06N-01Z-00-DX1.E25E65F8-DFE0-47CF-9FAB-B82EE8E321F7,2,4,11732.598019,3413,256,14.206,12623.288,0.561,502.511,13140.565,kvikio,virchow2,warm,,tiff5x,/home/ec2-user/wsi-cloud/runs/2026-08-23-063822-weka-s7-7.5.b-endurance-all-four-4hr/heatmaps/proc2/TCGA-A8-A06N-01Z-00-DX1.E25E65F8-DFE0-47CF-9FAB-B82EE8E321F7.tiff,2797754
351,TCGA-A8-A084-01Z-00-DX1.2B52D1B8-5AD4-4BD6-ADF7-9D65B8EE2621,2,4,11745.738735,3734,256,15.209,13704.801,0.880,522.714,14243.604,kvikio,virchow2,warm,,tiff5x,/home/ec2-user/wsi-cloud/runs/2026-08-23-063822-weka-s7-7.5.b-endurance-all-four-4hr/heatmaps/proc2/TCGA-A8-A084-01Z-00-DX1.2B52D1B8-5AD4-4BD6-ADF7-9D65B8EE2621.tiff,2454367
352,TCGA-AN-A0AT-01Z-00-DX1.DFD68CD2-C25E-47BE-BC06-8CE3C657B9FD,2,4,11759.982474,10735,256,42.423,39849.143,0.692,2572.493,42464.751,kvikio,virchow2,warm,,tiff5x,/home/ec2-user/wsi-cloud/runs/2026-08-23-063822-weka-s7-7.5.b-endurance-all-four-4hr/heatmaps/proc2/TCGA-AN-A0AT-01Z-00-DX1.DFD68CD2-C25E-47BE-BC06-8CE3C657B9FD.tiff,6610999
353,TCGA-AR-A24U-01Z-00-DX1.220FD0D0-0DB6-4E3C-92A0-66CD6509F0AD,2,4,11802.447381,9856,256,43.322,37038.566,0.621,1845.112,38927.622,kvikio,virchow2,warm,,tiff5x,/home/ec2-user/wsi-cloud/runs/2026-08-23-063822-weka-s7-7.5.b-endurance-all-four-4hr/heatmaps/proc2/TCGA-AR-A24U-01Z-00-DX1.220FD0D0-0DB6-4E3C-92A0-66CD6509F0AD.tiff,6978380
354,TCGA-B6-A0I2-01Z-00-DX1.885D2034-73B7-48AE-8343-631F89061C38,2,4,11841.375149,10086,256,39.139,37884.749,0.650,1650.966,39575.503,kvikio,virchow2,warm,,tiff5x,/home/ec2-user/wsi-cloud/runs/2026-08-23-063822-weka-s7-7.5.b-endurance-all-four-4hr/heatmaps/proc2/TCGA-B6-A0I2-01Z-00-DX1.885D2034-73B7-48AE-8343-631F89061C38.tiff,6096668
355,TCGA-BH-A0DX-01Z-00-DX1.45C27E71-9A0A-400E-93A9-5CE7780F3C5E,2,4,11880.950805,5319,256,24.646,19683.237,0.591,2247.683,21956.156,kvikio,virchow2,warm,,tiff5x,/home/ec2-user/wsi-cloud/runs/2026-08-23-063822-weka-s7-7.5.b-endurance-all-four-4hr/heatmaps/proc2/TCGA-BH-A0DX-01Z-00-DX1.45C27E71-9A0A-400E-93A9-5CE7780F3C5E.tiff,5302116
356,TCGA-C8-A26V-01Z-00-DX1.6E86DF74-D575-4969-8142-963D9DF5208F,2,4,11902.907102,9195,256,35.324,34007.239,1.062,1094.308,35137.932,kvikio,virchow2,warm,,tiff5x,/home/ec2-user/wsi-cloud/runs/2026-08-23-063822-weka-s7-7.5.b-endurance-all-four-4hr/heatmaps/proc2/TCGA-C8-A26V-01Z-00-DX1.6E86DF74-D575-4969-8142-963D9DF5208F.tiff,5639776
357,TCGA-D8-A1JM-01Z-00-DX1.3CD15BC8-08B3-4BEE-9FD7-A8BEED33268E,2,4,11938.045190,11874,256,50.728,44463.608,0.782,1423.198,45938.316,kvikio,virchow2,warm,,tiff5x,/home/ec2-user/wsi-cloud/runs/2026-08-23-063822-weka-s7-7.5.b-endurance-all-four-4hr/heatmaps/proc2/TCGA-D8-A1JM-01Z-00-DX1.3CD15BC8-08B3-4BEE-9FD7-A8BEED33268E.tiff,6922054
358,TCGA-E2-A15J-01Z-00-DX1.BF7901D1-30B1-4A76-B0A5-E9B8B36EF4C9,2,4,11983.983667,15013,256,69.962,56402.575,1.051,2298.420,58772.008,kvikio,virchow2,warm,,tiff5x,/home/ec2-user/wsi-cloud/runs/2026-08-23-063822-weka-s7-7.5.b-endurance-all-four-4hr/heatmaps/proc2/TCGA-E2-A15J-01Z-00-DX1.BF7901D1-30B1-4A76-B0A5-E9B8B36EF4C9.tiff,9990418
359,TCGA-GM-A2DN-01Z-00-DX1.593003B0-BA87-486B-B472-D6B85867D54D,2,4,12042.755831,10425,256,62.955,38835.670,0.841,1851.999,40751.465,kvikio,virchow2,warm,,tiff5x,/home/ec2-user/wsi-cloud/runs/2026-08-23-063822-weka-s7-7.5.b-endurance-all-four-4hr/heatmaps/proc2/TCGA-GM-A2DN-01Z-00-DX1.593003B0-BA87-486B-B472-D6B85867D54D.tiff,6807482
360,TCGA-A2-A0ER-01Z-00-DX1.18123C1B-A0CC-4957-9373-5FFAB985C2E8,2,4,12083.507447,7989,256,30.879,29395.539,0.732,1315.767,30742.916,kvikio,virchow2,warm,,tiff5x,/home/ec2-user/wsi-cloud/runs/2026-08-23-063822-weka-s7-7.5.b-endurance-all-four-4hr/heatmaps/proc2/TCGA-A2-A0ER-01Z-00-DX1.18123C1B-A0CC-4957-9373-5FFAB985C2E8.tiff,6139355
361,TCGA-A2-A1G1-01Z-00-DX1.E52A474F-DE13-41CF-94D4-D00BAC46ECF4,2,4,12114.250534,4797,256,18.285,17811.329,0.614,1108.766,18938.993,kvikio,virchow2,warm,,tiff5x,/home/ec2-user/wsi-cloud/runs/2026-08-23-063822-weka-s7-7.5.b-endurance-all-four-4hr/heatmaps/proc2/TCGA-A2-A1G1-01Z-00-DX1.E52A474F-DE13-41CF-94D4-D00BAC46ECF4.tiff,3578320
362,TCGA-A8-A06N-01Z-00-DX1.E25E65F8-DFE0-47CF-9FAB-B82EE8E321F7,2,4,12133.189665,3413,256,13.507,12727.667,0.574,498.015,13239.763,kvikio,virchow2,warm,,tiff5x,/home/ec2-user/wsi-cloud/runs/2026-08-23-063822-weka-s7-7.5.b-endurance-all-four-4hr/heatmaps/proc2/TCGA-A8-A06N-01Z-00-DX1.E25E65F8-DFE0-47CF-9FAB-B82EE8E321F7.tiff,2797754
363,TCGA-A8-A084-01Z-00-DX1.2B52D1B8-5AD4-4BD6-ADF7-9D65B8EE2621,2,4,12146.429561,3734,256,14.982,13937.054,0.665,513.270,14465.970,kvikio,virchow2,warm,,tiff5x,/home/ec2-user/wsi-cloud/runs/2026-08-23-063822-weka-s7-7.5.b-endurance-all-four-4hr/heatmaps/proc2/TCGA-A8-A084-01Z-00-DX1.2B52D1B8-5AD4-4BD6-ADF7-9D65B8EE2621.tiff,2454367
364,TCGA-AN-A0AT-01Z-00-DX1.DFD68CD2-C25E-47BE-BC06-8CE3C657B9FD,2,4,12160.895673,10735,256,45.551,39976.800,0.694,2613.797,42636.842,kvikio,virchow2,warm,,tiff5x,/home/ec2-user/wsi-cloud/runs/2026-08-23-063822-weka-s7-7.5.b-endurance-all-four-4hr/heatmaps/proc2/TCGA-AN-A0AT-01Z-00-DX1.DFD68CD2-C25E-47BE-BC06-8CE3C657B9FD.tiff,6610999
365,TCGA-AR-A24U-01Z-00-DX1.220FD0D0-0DB6-4E3C-92A0-66CD6509F0AD,2,4,12203.532857,9856,256,40.767,36887.318,0.624,1740.369,38669.079,kvikio,virchow2,warm,,tiff5x,/home/ec2-user/wsi-cloud/runs/2026-08-23-063822-weka-s7-7.5.b-endurance-all-four-4hr/heatmaps/proc2/TCGA-AR-A24U-01Z-00-DX1.220FD0D0-0DB6-4E3C-92A0-66CD6509F0AD.tiff,6978380
366,TCGA-B6-A0I2-01Z-00-DX1.885D2034-73B7-48AE-8343-631F89061C38,2,4,12242.202105,10086,256,54.290,37709.760,0.642,1652.858,39417.549,kvikio,virchow2,warm,,tiff5x,/home/ec2-user/wsi-cloud/runs/2026-08-23-063822-weka-s7-7.5.b-endurance-all-four-4hr/heatmaps/proc2/TCGA-B6-A0I2-01Z-00-DX1.885D2034-73B7-48AE-8343-631F89061C38.tiff,6096668
367,TCGA-BH-A0DX-01Z-00-DX1.45C27E71-9A0A-400E-93A9-5CE7780F3C5E,2,4,12281.619794,5319,256,21.516,19767.884,0.627,2246.667,22036.694,kvikio,virchow2,warm,,tiff5x,/home/ec2-user/wsi-cloud/runs/2026-08-23-063822-weka-s7-7.5.b-endurance-all-four-4hr/heatmaps/proc2/TCGA-BH-A0DX-01Z-00-DX1.45C27E71-9A0A-400E-93A9-5CE7780F3C5E.tiff,5302116
368,TCGA-C8-A26V-01Z-00-DX1.6E86DF74-D575-4969-8142-963D9DF5208F,2,4,12303.656623,9195,256,35.893,34247.649,0.594,1028.872,35313.009,kvikio,virchow2,warm,,tiff5x,/home/ec2-user/wsi-cloud/runs/2026-08-23-063822-weka-s7-7.5.b-endurance-all-four-4hr/heatmaps/proc2/TCGA-C8-A26V-01Z-00-DX1.6E86DF74-D575-4969-8142-963D9DF5208F.tiff,5639776
369,TCGA-D8-A1JM-01Z-00-DX1.3CD15BC8-08B3-4BEE-9FD7-A8BEED33268E,2,4,12338.969769,11874,256,46.181,44475.377,0.786,1513.820,46036.164,kvikio,virchow2,warm,,tiff5x,/home/ec2-user/wsi-cloud/runs/2026-08-23-063822-weka-s7-7.5.b-endurance-all-four-4hr/heatmaps/proc2/TCGA-D8-A1JM-01Z-00-DX1.3CD15BC8-08B3-4BEE-9FD7-A8BEED33268E.tiff,6922054
370,TCGA-E2-A15J-01Z-00-DX1.BF7901D1-30B1-4A76-B0A5-E9B8B36EF4C9,2,4,12385.006089,15013,256,64.857,56349.878,1.050,2290.567,58706.353,kvikio,virchow2,warm,,tiff5x,/home/ec2-user/wsi-cloud/runs/2026-08-23-063822-weka-s7-7.5.b-endurance-all-four-4hr/heatmaps/proc2/TCGA-E2-A15J-01Z-00-DX1.BF7901D1-30B1-4A76-B0A5-E9B8B36EF4C9.tiff,9990418
371,TCGA-GM-A2DN-01Z-00-DX1.593003B0-BA87-486B-B472-D6B85867D54D,2,4,12443.712597,10425,256,41.393,38973.561,0.726,1854.445,40870.126,kvikio,virchow2,warm,,tiff5x,/home/ec2-user/wsi-cloud/runs/2026-08-23-063822-weka-s7-7.5.b-endurance-all-four-4hr/heatmaps/proc2/TCGA-GM-A2DN-01Z-00-DX1.593003B0-BA87-486B-B472-D6B85867D54D.tiff,6807482
372,TCGA-A2-A0ER-01Z-00-DX1.18123C1B-A0CC-4957-9373-5FFAB985C2E8,2,4,12484.582867,7989,256,30.752,29477.505,0.692,1274.828,30783.776,kvikio,virchow2,warm,,tiff5x,/home/ec2-user/wsi-cloud/runs/2026-08-23-063822-weka-s7-7.5.b-endurance-all-four-4hr/heatmaps/proc2/TCGA-A2-A0ER-01Z-00-DX1.18123C1B-A0CC-4957-9373-5FFAB985C2E8.tiff,6139355
373,TCGA-A2-A1G1-01Z-00-DX1.E52A474F-DE13-41CF-94D4-D00BAC46ECF4,2,4,12515.366782,4797,256,23.121,17818.062,0.583,1128.031,18969.797,kvikio,virchow2,warm,,tiff5x,/home/ec2-user/wsi-cloud/runs/2026-08-23-063822-weka-s7-7.5.b-endurance-all-four-4hr/heatmaps/proc2/TCGA-A2-A1G1-01Z-00-DX1.E52A474F-DE13-41CF-94D4-D00BAC46ECF4.tiff,3578320
374,TCGA-A8-A06N-01Z-00-DX1.E25E65F8-DFE0-47CF-9FAB-B82EE8E321F7,2,4,12534.336738,3413,256,13.673,12640.309,0.569,505.855,13160.406,kvikio,virchow2,warm,,tiff5x,/home/ec2-user/wsi-cloud/runs/2026-08-23-063822-weka-s7-7.5.b-endurance-all-four-4hr/heatmaps/proc2/TCGA-A8-A06N-01Z-00-DX1.E25E65F8-DFE0-47CF-9FAB-B82EE8E321F7.tiff,2797754
375,TCGA-A8-A084-01Z-00-DX1.2B52D1B8-5AD4-4BD6-ADF7-9D65B8EE2621,2,4,12547.497284,3734,256,15.371,14011.021,0.578,517.385,14544.355,kvikio,virchow2,warm,,tiff5x,/home/ec2-user/wsi-cloud/runs/2026-08-23-063822-weka-s7-7.5.b-endurance-all-four-4hr/heatmaps/proc2/TCGA-A8-A084-01Z-00-DX1.2B52D1B8-5AD4-4BD6-ADF7-9D65B8EE2621.tiff,2454367
376,TCGA-AN-A0AT-01Z-00-DX1.DFD68CD2-C25E-47BE-BC06-8CE3C657B9FD,2,4,12562.041772,10735,256,41.838,40408.246,0.706,2546.056,42996.847,kvikio,virchow2,warm,,tiff5x,/home/ec2-user/wsi-cloud/runs/2026-08-23-063822-weka-s7-7.5.b-endurance-all-four-4hr/heatmaps/proc2/TCGA-AN-A0AT-01Z-00-DX1.DFD68CD2-C25E-47BE-BC06-8CE3C657B9FD.tiff,6610999
377,TCGA-AR-A24U-01Z-00-DX1.220FD0D0-0DB6-4E3C-92A0-66CD6509F0AD,2,4,12605.038771,9856,256,42.666,36668.973,0.919,1741.555,38454.114,kvikio,virchow2,warm,,tiff5x,/home/ec2-user/wsi-cloud/runs/2026-08-23-063822-weka-s7-7.5.b-endurance-all-four-4hr/heatmaps/proc2/TCGA-AR-A24U-01Z-00-DX1.220FD0D0-0DB6-4E3C-92A0-66CD6509F0AD.tiff,6978380
378,TCGA-B6-A0I2-01Z-00-DX1.885D2034-73B7-48AE-8343-631F89061C38,2,4,12643.493041,10086,256,44.061,37627.280,0.667,1676.380,39348.388,kvikio,virchow2,warm,,tiff5x,/home/ec2-user/wsi-cloud/runs/2026-08-23-063822-weka-s7-7.5.b-endurance-all-four-4hr/heatmaps/proc2/TCGA-B6-A0I2-01Z-00-DX1.885D2034-73B7-48AE-8343-631F89061C38.tiff,6096668
379,TCGA-BH-A0DX-01Z-00-DX1.45C27E71-9A0A-400E-93A9-5CE7780F3C5E,2,4,12682.841575,5319,256,25.198,19785.470,0.619,2281.179,22092.466,kvikio,virchow2,warm,,tiff5x,/home/ec2-user/wsi-cloud/runs/2026-08-23-063822-weka-s7-7.5.b-endurance-all-four-4hr/heatmaps/proc2/TCGA-BH-A0DX-01Z-00-DX1.45C27E71-9A0A-400E-93A9-5CE7780F3C5E.tiff,5302116
380,TCGA-C8-A26V-01Z-00-DX1.6E86DF74-D575-4969-8142-963D9DF5208F,2,4,12704.934191,9195,256,39.994,34248.849,0.894,1037.650,35327.387,kvikio,virchow2,warm,,tiff5x,/home/ec2-user/wsi-cloud/runs/2026-08-23-063822-weka-s7-7.5.b-endurance-all-four-4hr/heatmaps/proc2/TCGA-C8-A26V-01Z-00-DX1.6E86DF74-D575-4969-8142-963D9DF5208F.tiff,5639776
381,TCGA-D8-A1JM-01Z-00-DX1.3CD15BC8-08B3-4BEE-9FD7-A8BEED33268E,2,4,12740.261720,11874,256,46.869,44274.160,0.770,1424.107,45745.906,kvikio,virchow2,warm,,tiff5x,/home/ec2-user/wsi-cloud/runs/2026-08-23-063822-weka-s7-7.5.b-endurance-all-four-4hr/heatmaps/proc2/TCGA-D8-A1JM-01Z-00-DX1.3CD15BC8-08B3-4BEE-9FD7-A8BEED33268E.tiff,6922054
382,TCGA-E2-A15J-01Z-00-DX1.BF7901D1-30B1-4A76-B0A5-E9B8B36EF4C9,2,4,12786.007775,15013,256,61.272,54730.449,1.103,2292.592,57085.417,kvikio,virchow2,warm,,tiff5x,/home/ec2-user/wsi-cloud/runs/2026-08-23-063822-weka-s7-7.5.b-endurance-all-four-4hr/heatmaps/proc2/TCGA-E2-A15J-01Z-00-DX1.BF7901D1-30B1-4A76-B0A5-E9B8B36EF4C9.tiff,9990418
383,TCGA-GM-A2DN-01Z-00-DX1.593003B0-BA87-486B-B472-D6B85867D54D,2,4,12843.093342,10425,256,47.145,37940.956,0.878,1951.709,39940.687,kvikio,virchow2,warm,,tiff5x,/home/ec2-user/wsi-cloud/runs/2026-08-23-063822-weka-s7-7.5.b-endurance-all-four-4hr/heatmaps/proc2/TCGA-GM-A2DN-01Z-00-DX1.593003B0-BA87-486B-B472-D6B85867D54D.tiff,6807482
384,TCGA-A2-A0ER-01Z-00-DX1.18123C1B-A0CC-4957-9373-5FFAB985C2E8,2,4,12883.034260,7989,256,43.929,29379.728,0.672,1381.453,30805.782,kvikio,virchow2,warm,,tiff5x,/home/ec2-user/wsi-cloud/runs/2026-08-23-063822-weka-s7-7.5.b-endurance-all-four-4hr/heatmaps/proc2/TCGA-A2-A0ER-01Z-00-DX1.18123C1B-A0CC-4957-9373-5FFAB985C2E8.tiff,6139355
385,TCGA-A2-A1G1-01Z-00-DX1.E52A474F-DE13-41CF-94D4-D00BAC46ECF4,2,4,12913.840198,4797,256,22.012,17678.073,0.776,1112.841,18813.702,kvikio,virchow2,warm,,tiff5x,/home/ec2-user/wsi-cloud/runs/2026-08-23-063822-weka-s7-7.5.b-endurance-all-four-4hr/heatmaps/proc2/TCGA-A2-A1G1-01Z-00-DX1.E52A474F-DE13-41CF-94D4-D00BAC46ECF4.tiff,3578320
386,TCGA-A8-A06N-01Z-00-DX1.E25E65F8-DFE0-47CF-9FAB-B82EE8E321F7,2,4,12932.654033,3413,256,13.502,12693.586,0.552,503.895,13211.534,kvikio,virchow2,warm,,tiff5x,/home/ec2-user/wsi-cloud/runs/2026-08-23-063822-weka-s7-7.5.b-endurance-all-four-4hr/heatmaps/proc2/TCGA-A8-A06N-01Z-00-DX1.E25E65F8-DFE0-47CF-9FAB-B82EE8E321F7.tiff,2797754
387,TCGA-A8-A084-01Z-00-DX1.2B52D1B8-5AD4-4BD6-ADF7-9D65B8EE2621,2,4,12945.865712,3734,256,15.151,14032.403,0.659,517.072,14565.285,kvikio,virchow2,warm,,tiff5x,/home/ec2-user/wsi-cloud/runs/2026-08-23-063822-weka-s7-7.5.b-endurance-all-four-4hr/heatmaps/proc2/TCGA-A8-A084-01Z-00-DX1.2B52D1B8-5AD4-4BD6-ADF7-9D65B8EE2621.tiff,2454367
388,TCGA-AN-A0AT-01Z-00-DX1.DFD68CD2-C25E-47BE-BC06-8CE3C657B9FD,2,4,12960.431135,10735,256,46.159,39571.333,0.840,2524.056,42142.388,kvikio,virchow2,warm,,tiff5x,/home/ec2-user/wsi-cloud/runs/2026-08-23-063822-weka-s7-7.5.b-endurance-all-four-4hr/heatmaps/proc2/TCGA-AN-A0AT-01Z-00-DX1.DFD68CD2-C25E-47BE-BC06-8CE3C657B9FD.tiff,6610999
389,TCGA-AR-A24U-01Z-00-DX1.220FD0D0-0DB6-4E3C-92A0-66CD6509F0AD,2,4,13002.573667,9856,256,44.653,36495.061,0.711,1772.539,38312.963,kvikio,virchow2,warm,,tiff5x,/home/ec2-user/wsi-cloud/runs/2026-08-23-063822-weka-s7-7.5.b-endurance-all-four-4hr/heatmaps/proc2/TCGA-AR-A24U-01Z-00-DX1.220FD0D0-0DB6-4E3C-92A0-66CD6509F0AD.tiff,6978380
390,TCGA-B6-A0I2-01Z-00-DX1.885D2034-73B7-48AE-8343-631F89061C38,2,4,13040.886777,10086,256,39.869,36928.975,0.848,1660.913,38630.605,kvikio,virchow2,warm,,tiff5x,/home/ec2-user/wsi-cloud/runs/2026-08-23-063822-weka-s7-7.5.b-endurance-all-four-4hr/heatmaps/proc2/TCGA-B6-A0I2-01Z-00-DX1.885D2034-73B7-48AE-8343-631F89061C38.tiff,6096668
391,TCGA-BH-A0DX-01Z-00-DX1.45C27E71-9A0A-400E-93A9-5CE7780F3C5E,2,4,13079.517525,5319,256,21.441,19550.739,0.920,2264.310,21837.411,kvikio,virchow2,warm,,tiff5x,/home/ec2-user/wsi-cloud/runs/2026-08-23-063822-weka-s7-7.5.b-endurance-all-four-4hr/heatmaps/proc2/TCGA-BH-A0DX-01Z-00-DX1.45C27E71-9A0A-400E-93A9-5CE7780F3C5E.tiff,5302116
392,TCGA-C8-A26V-01Z-00-DX1.6E86DF74-D575-4969-8142-963D9DF5208F,2,4,13101.355079,9195,256,41.044,34389.395,0.576,1034.865,35465.880,kvikio,virchow2,warm,,tiff5x,/home/ec2-user/wsi-cloud/runs/2026-08-23-063822-weka-s7-7.5.b-endurance-all-four-4hr/heatmaps/proc2/TCGA-C8-A26V-01Z-00-DX1.6E86DF74-D575-4969-8142-963D9DF5208F.tiff,5639776
393,TCGA-D8-A1JM-01Z-00-DX1.3CD15BC8-08B3-4BEE-9FD7-A8BEED33268E,2,4,13136.821119,11874,256,53.407,44059.709,0.764,1411.046,45524.927,kvikio,virchow2,warm,,tiff5x,/home/ec2-user/wsi-cloud/runs/2026-08-23-063822-weka-s7-7.5.b-endurance-all-four-4hr/heatmaps/proc2/TCGA-D8-A1JM-01Z-00-DX1.3CD15BC8-08B3-4BEE-9FD7-A8BEED33268E.tiff,6922054
394,TCGA-E2-A15J-01Z-00-DX1.BF7901D1-30B1-4A76-B0A5-E9B8B36EF4C9,2,4,13182.346196,15013,256,64.093,55903.736,1.075,2370.037,58338.940,kvikio,virchow2,warm,,tiff5x,/home/ec2-user/wsi-cloud/runs/2026-08-23-063822-weka-s7-7.5.b-endurance-all-four-4hr/heatmaps/proc2/TCGA-E2-A15J-01Z-00-DX1.BF7901D1-30B1-4A76-B0A5-E9B8B36EF4C9.tiff,9990418
395,TCGA-GM-A2DN-01Z-00-DX1.593003B0-BA87-486B-B472-D6B85867D54D,2,4,13240.685303,10425,256,49.364,38735.534,0.938,1847.441,40633.277,kvikio,virchow2,warm,,tiff5x,/home/ec2-user/wsi-cloud/runs/2026-08-23-063822-weka-s7-7.5.b-endurance-all-four-4hr/heatmaps/proc2/TCGA-GM-A2DN-01Z-00-DX1.593003B0-BA87-486B-B472-D6B85867D54D.tiff,6807482
396,TCGA-A2-A0ER-01Z-00-DX1.18123C1B-A0CC-4957-9373-5FFAB985C2E8,2,4,13281.318729,7989,256,30.997,29887.382,0.561,1271.695,31190.635,kvikio,virchow2,warm,,tiff5x,/home/ec2-user/wsi-cloud/runs/2026-08-23-063822-weka-s7-7.5.b-endurance-all-four-4hr/heatmaps/proc2/TCGA-A2-A0ER-01Z-00-DX1.18123C1B-A0CC-4957-9373-5FFAB985C2E8.tiff,6139355
397,TCGA-A2-A1G1-01Z-00-DX1.E52A474F-DE13-41CF-94D4-D00BAC46ECF4,2,4,13312.509511,4797,256,18.776,17985.842,0.627,1118.100,19123.346,kvikio,virchow2,warm,,tiff5x,/home/ec2-user/wsi-cloud/runs/2026-08-23-063822-weka-s7-7.5.b-endurance-all-four-4hr/heatmaps/proc2/TCGA-A2-A1G1-01Z-00-DX1.E52A474F-DE13-41CF-94D4-D00BAC46ECF4.tiff,3578320
398,TCGA-A8-A06N-01Z-00-DX1.E25E65F8-DFE0-47CF-9FAB-B82EE8E321F7,2,4,13331.633001,3413,256,16.725,12822.794,0.569,502.945,13343.034,kvikio,virchow2,warm,,tiff5x,/home/ec2-user/wsi-cloud/runs/2026-08-23-063822-weka-s7-7.5.b-endurance-all-four-4hr/heatmaps/proc2/TCGA-A8-A06N-01Z-00-DX1.E25E65F8-DFE0-47CF-9FAB-B82EE8E321F7.tiff,2797754
399,TCGA-A8-A084-01Z-00-DX1.2B52D1B8-5AD4-4BD6-ADF7-9D65B8EE2621,2,4,13344.976164,3734,256,17.624,14055.041,0.584,518.189,14591.438,kvikio,virchow2,warm,,tiff5x,/home/ec2-user/wsi-cloud/runs/2026-08-23-063822-weka-s7-7.5.b-endurance-all-four-4hr/heatmaps/proc2/TCGA-A8-A084-01Z-00-DX1.2B52D1B8-5AD4-4BD6-ADF7-9D65B8EE2621.tiff,2454367
400,TCGA-AN-A0AT-01Z-00-DX1.DFD68CD2-C25E-47BE-BC06-8CE3C657B9FD,2,4,13359.567738,10735,256,41.818,40409.814,0.683,2543.282,42995.597,kvikio,virchow2,warm,,tiff5x,/home/ec2-user/wsi-cloud/runs/2026-08-23-063822-weka-s7-7.5.b-endurance-all-four-4hr/heatmaps/proc2/TCGA-AN-A0AT-01Z-00-DX1.DFD68CD2-C25E-47BE-BC06-8CE3C657B9FD.tiff,6610999
401,TCGA-AR-A24U-01Z-00-DX1.220FD0D0-0DB6-4E3C-92A0-66CD6509F0AD,2,4,13402.563491,9856,256,43.365,36490.286,0.631,1755.615,38289.897,kvikio,virchow2,warm,,tiff5x,/home/ec2-user/wsi-cloud/runs/2026-08-23-063822-weka-s7-7.5.b-endurance-all-four-4hr/heatmaps/proc2/TCGA-AR-A24U-01Z-00-DX1.220FD0D0-0DB6-4E3C-92A0-66CD6509F0AD.tiff,6978380
402,TCGA-B6-A0I2-01Z-00-DX1.885D2034-73B7-48AE-8343-631F89061C38,2,4,13440.853542,10086,256,39.004,37951.001,0.881,1785.061,39775.948,kvikio,virchow2,warm,,tiff5x,/home/ec2-user/wsi-cloud/runs/2026-08-23-063822-weka-s7-7.5.b-endurance-all-four-4hr/heatmaps/proc2/TCGA-B6-A0I2-01Z-00-DX1.885D2034-73B7-48AE-8343-631F89061C38.tiff,6096668
403,TCGA-BH-A0DX-01Z-00-DX1.45C27E71-9A0A-400E-93A9-5CE7780F3C5E,2,4,13480.629639,5319,256,24.512,19969.312,0.885,2252.178,22246.888,kvikio,virchow2,warm,,tiff5x,/home/ec2-user/wsi-cloud/runs/2026-08-23-063822-weka-s7-7.5.b-endurance-all-four-4hr/heatmaps/proc2/TCGA-BH-A0DX-01Z-00-DX1.45C27E71-9A0A-400E-93A9-5CE7780F3C5E.tiff,5302116
404,TCGA-C8-A26V-01Z-00-DX1.6E86DF74-D575-4969-8142-963D9DF5208F,2,4,13502.876675,9195,256,42.124,34551.150,0.619,1036.232,35630.126,kvikio,virchow2,warm,,tiff5x,/home/ec2-user/wsi-cloud/runs/2026-08-23-063822-weka-s7-7.5.b-endurance-all-four-4hr/heatmaps/proc2/TCGA-C8-A26V-01Z-00-DX1.6E86DF74-D575-4969-8142-963D9DF5208F.tiff,5639776
405,TCGA-D8-A1JM-01Z-00-DX1.3CD15BC8-08B3-4BEE-9FD7-A8BEED33268E,2,4,13538.506941,11874,256,50.518,44415.827,0.788,1413.714,45880.847,kvikio,virchow2,warm,,tiff5x,/home/ec2-user/wsi-cloud/runs/2026-08-23-063822-weka-s7-7.5.b-endurance-all-four-4hr/heatmaps/proc2/TCGA-D8-A1JM-01Z-00-DX1.3CD15BC8-08B3-4BEE-9FD7-A8BEED33268E.tiff,6922054
406,TCGA-E2-A15J-01Z-00-DX1.BF7901D1-30B1-4A76-B0A5-E9B8B36EF4C9,2,4,13584.387953,15013,256,80.006,55837.868,1.054,2297.089,58216.017,kvikio,virchow2,warm,,tiff5x,/home/ec2-user/wsi-cloud/runs/2026-08-23-063822-weka-s7-7.5.b-endurance-all-four-4hr/heatmaps/proc2/TCGA-E2-A15J-01Z-00-DX1.BF7901D1-30B1-4A76-B0A5-E9B8B36EF4C9.tiff,9990418
407,TCGA-GM-A2DN-01Z-00-DX1.593003B0-BA87-486B-B472-D6B85867D54D,2,4,13642.604137,10425,256,41.781,39048.944,0.982,1859.309,40951.016,kvikio,virchow2,warm,,tiff5x,/home/ec2-user/wsi-cloud/runs/2026-08-23-063822-weka-s7-7.5.b-endurance-all-four-4hr/heatmaps/proc2/TCGA-GM-A2DN-01Z-00-DX1.593003B0-BA87-486B-B472-D6B85867D54D.tiff,6807482
408,TCGA-A2-A0ER-01Z-00-DX1.18123C1B-A0CC-4957-9373-5FFAB985C2E8,2,4,13683.555313,7989,256,32.018,29422.261,0.726,1272.886,30727.891,kvikio,virchow2,warm,,tiff5x,/home/ec2-user/wsi-cloud/runs/2026-08-23-063822-weka-s7-7.5.b-endurance-all-four-4hr/heatmaps/proc2/TCGA-A2-A0ER-01Z-00-DX1.18123C1B-A0CC-4957-9373-5FFAB985C2E8.tiff,6139355
409,TCGA-A2-A1G1-01Z-00-DX1.E52A474F-DE13-41CF-94D4-D00BAC46ECF4,2,4,13714.283351,4797,256,19.354,17669.975,0.885,1136.344,18826.557,kvikio,virchow2,warm,,tiff5x,/home/ec2-user/wsi-cloud/runs/2026-08-23-063822-weka-s7-7.5.b-endurance-all-four-4hr/heatmaps/proc2/TCGA-A2-A1G1-01Z-00-DX1.E52A474F-DE13-41CF-94D4-D00BAC46ECF4.tiff,3578320
410,TCGA-A8-A06N-01Z-00-DX1.E25E65F8-DFE0-47CF-9FAB-B82EE8E321F7,2,4,13733.110046,3413,256,15.787,12504.429,0.538,504.153,13024.907,kvikio,virchow2,warm,,tiff5x,/home/ec2-user/wsi-cloud/runs/2026-08-23-063822-weka-s7-7.5.b-endurance-all-four-4hr/heatmaps/proc2/TCGA-A8-A06N-01Z-00-DX1.E25E65F8-DFE0-47CF-9FAB-B82EE8E321F7.tiff,2797754
411,TCGA-A8-A084-01Z-00-DX1.2B52D1B8-5AD4-4BD6-ADF7-9D65B8EE2621,2,4,13746.135105,3734,256,19.099,13729.947,0.985,540.677,14290.708,kvikio,virchow2,warm,,tiff5x,/home/ec2-user/wsi-cloud/runs/2026-08-23-063822-weka-s7-7.5.b-endurance-all-four-4hr/heatmaps/proc2/TCGA-A8-A084-01Z-00-DX1.2B52D1B8-5AD4-4BD6-ADF7-9D65B8EE2621.tiff,2454367
412,TCGA-AN-A0AT-01Z-00-DX1.DFD68CD2-C25E-47BE-BC06-8CE3C657B9FD,2,4,13760.425963,10735,256,48.054,39991.642,0.673,2540.968,42581.337,kvikio,virchow2,warm,,tiff5x,/home/ec2-user/wsi-cloud/runs/2026-08-23-063822-weka-s7-7.5.b-endurance-all-four-4hr/heatmaps/proc2/TCGA-AN-A0AT-01Z-00-DX1.DFD68CD2-C25E-47BE-BC06-8CE3C657B9FD.tiff,6610999
413,TCGA-AR-A24U-01Z-00-DX1.220FD0D0-0DB6-4E3C-92A0-66CD6509F0AD,2,4,13803.007462,9856,256,45.713,36536.794,0.725,1764.997,38348.230,kvikio,virchow2,warm,,tiff5x,/home/ec2-user/wsi-cloud/runs/2026-08-23-063822-weka-s7-7.5.b-endurance-all-four-4hr/heatmaps/proc2/TCGA-AR-A24U-01Z-00-DX1.220FD0D0-0DB6-4E3C-92A0-66CD6509F0AD.tiff,6978380
414,TCGA-B6-A0I2-01Z-00-DX1.885D2034-73B7-48AE-8343-631F89061C38,2,4,13841.355853,10086,256,40.774,37706.850,0.661,1656.074,39404.358,kvikio,virchow2,warm,,tiff5x,/home/ec2-user/wsi-cloud/runs/2026-08-23-063822-weka-s7-7.5.b-endurance-all-four-4hr/heatmaps/proc2/TCGA-B6-A0I2-01Z-00-DX1.885D2034-73B7-48AE-8343-631F89061C38.tiff,6096668
415,TCGA-BH-A0DX-01Z-00-DX1.45C27E71-9A0A-400E-93A9-5CE7780F3C5E,2,4,13880.760369,5319,256,21.438,19946.666,0.608,2247.492,22216.204,kvikio,virchow2,warm,,tiff5x,/home/ec2-user/wsi-cloud/runs/2026-08-23-063822-weka-s7-7.5.b-endurance-all-four-4hr/heatmaps/proc2/TCGA-BH-A0DX-01Z-00-DX1.45C27E71-9A0A-400E-93A9-5CE7780F3C5E.tiff,5302116
416,TCGA-C8-A26V-01Z-00-DX1.6E86DF74-D575-4969-8142-963D9DF5208F,2,4,13902.976727,9195,256,40.074,34148.380,0.965,1035.130,35224.548,kvikio,virchow2,warm,,tiff5x,/home/ec2-user/wsi-cloud/runs/2026-08-23-063822-weka-s7-7.5.b-endurance-all-four-4hr/heatmaps/proc2/TCGA-C8-A26V-01Z-00-DX1.6E86DF74-D575-4969-8142-963D9DF5208F.tiff,5639776
417,TCGA-D8-A1JM-01Z-00-DX1.3CD15BC8-08B3-4BEE-9FD7-A8BEED33268E,2,4,13938.201417,11874,256,50.009,44484.335,0.903,1420.923,45956.170,kvikio,virchow2,warm,,tiff5x,/home/ec2-user/wsi-cloud/runs/2026-08-23-063822-weka-s7-7.5.b-endurance-all-four-4hr/heatmaps/proc2/TCGA-D8-A1JM-01Z-00-DX1.3CD15BC8-08B3-4BEE-9FD7-A8BEED33268E.tiff,6922054
418,TCGA-E2-A15J-01Z-00-DX1.BF7901D1-30B1-4A76-B0A5-E9B8B36EF4C9,2,4,13984.157929,15013,256,64.480,56606.239,1.182,2303.798,58975.700,kvikio,virchow2,warm,,tiff5x,/home/ec2-user/wsi-cloud/runs/2026-08-23-063822-weka-s7-7.5.b-endurance-all-four-4hr/heatmaps/proc2/TCGA-E2-A15J-01Z-00-DX1.BF7901D1-30B1-4A76-B0A5-E9B8B36EF4C9.tiff,9990418
419,TCGA-GM-A2DN-01Z-00-DX1.593003B0-BA87-486B-B472-D6B85867D54D,2,4,14043.133794,10425,256,49.158,39010.878,0.994,1974.652,41035.683,kvikio,virchow2,warm,,tiff5x,/home/ec2-user/wsi-cloud/runs/2026-08-23-063822-weka-s7-7.5.b-endurance-all-four-4hr/heatmaps/proc2/TCGA-GM-A2DN-01Z-00-DX1.593003B0-BA87-486B-B472-D6B85867D54D.tiff,6807482
420,TCGA-A2-A0ER-01Z-00-DX1.18123C1B-A0CC-4957-9373-5FFAB985C2E8,2,4,14084.169630,7989,256,31.357,29846.259,0.794,1282.066,31160.476,kvikio,virchow2,warm,,tiff5x,/home/ec2-user/wsi-cloud/runs/2026-08-23-063822-weka-s7-7.5.b-endurance-all-four-4hr/heatmaps/proc2/TCGA-A2-A0ER-01Z-00-DX1.18123C1B-A0CC-4957-9373-5FFAB985C2E8.tiff,6139355
421,TCGA-A2-A1G1-01Z-00-DX1.E52A474F-DE13-41CF-94D4-D00BAC46ECF4,2,4,14115.330255,4797,256,19.451,18024.309,0.927,1127.451,19172.138,kvikio,virchow2,warm,,tiff5x,/home/ec2-user/wsi-cloud/runs/2026-08-23-063822-weka-s7-7.5.b-endurance-all-four-4hr/heatmaps/proc2/TCGA-A2-A1G1-01Z-00-DX1.E52A474F-DE13-41CF-94D4-D00BAC46ECF4.tiff,3578320
422,TCGA-A8-A06N-01Z-00-DX1.E25E65F8-DFE0-47CF-9FAB-B82EE8E321F7,2,4,14134.502527,3413,256,14.157,12740.652,0.918,504.604,13260.331,kvikio,virchow2,warm,,tiff5x,/home/ec2-user/wsi-cloud/runs/2026-08-23-063822-weka-s7-7.5.b-endurance-all-four-4hr/heatmaps/proc2/TCGA-A8-A06N-01Z-00-DX1.E25E65F8-DFE0-47CF-9FAB-B82EE8E321F7.tiff,2797754
423,TCGA-A8-A084-01Z-00-DX1.2B52D1B8-5AD4-4BD6-ADF7-9D65B8EE2621,2,4,14147.762997,3734,256,15.163,14016.608,0.688,518.819,14551.277,kvikio,virchow2,warm,,tiff5x,/home/ec2-user/wsi-cloud/runs/2026-08-23-063822-weka-s7-7.5.b-endurance-all-four-4hr/heatmaps/proc2/TCGA-A8-A084-01Z-00-DX1.2B52D1B8-5AD4-4BD6-ADF7-9D65B8EE2621.tiff,2454367
424,TCGA-AN-A0AT-01Z-00-DX1.DFD68CD2-C25E-47BE-BC06-8CE3C657B9FD,2,4,14162.314418,10735,256,41.921,40408.521,0.700,2540.762,42991.904,kvikio,virchow2,warm,,tiff5x,/home/ec2-user/wsi-cloud/runs/2026-08-23-063822-weka-s7-7.5.b-endurance-all-four-4hr/heatmaps/proc2/TCGA-AN-A0AT-01Z-00-DX1.DFD68CD2-C25E-47BE-BC06-8CE3C657B9FD.tiff,6610999
425,TCGA-AR-A24U-01Z-00-DX1.220FD0D0-0DB6-4E3C-92A0-66CD6509F0AD,2,4,14205.306484,9856,256,39.451,36844.674,0.922,1755.756,38640.803,kvikio,virchow2,warm,,tiff5x,/home/ec2-user/wsi-cloud/runs/2026-08-23-063822-weka-s7-7.5.b-endurance-all-four-4hr/heatmaps/proc2/TCGA-AR-A24U-01Z-00-DX1.220FD0D0-0DB6-4E3C-92A0-66CD6509F0AD.tiff,6978380
426,TCGA-B6-A0I2-01Z-00-DX1.885D2034-73B7-48AE-8343-631F89061C38,2,4,14243.947443,10086,256,41.737,37737.303,0.851,1677.603,39457.493,kvikio,virchow2,warm,,tiff5x,/home/ec2-user/wsi-cloud/runs/2026-08-23-063822-weka-s7-7.5.b-endurance-all-four-4hr/heatmaps/proc2/TCGA-B6-A0I2-01Z-00-DX1.885D2034-73B7-48AE-8343-631F89061C38.tiff,6096668
427,TCGA-BH-A0DX-01Z-00-DX1.45C27E71-9A0A-400E-93A9-5CE7780F3C5E,2,4,14283.405094,5319,256,21.372,19843.565,0.988,2262.268,22128.192,kvikio,virchow2,warm,,tiff5x,/home/ec2-user/wsi-cloud/runs/2026-08-23-063822-weka-s7-7.5.b-endurance-all-four-4hr/heatmaps/proc2/TCGA-BH-A0DX-01Z-00-DX1.45C27E71-9A0A-400E-93A9-5CE7780F3C5E.tiff,5302116
428,TCGA-C8-A26V-01Z-00-DX1.6E86DF74-D575-4969-8142-963D9DF5208F,2,4,14305.533430,9195,256,36.959,34016.803,0.565,1025.580,35079.906,kvikio,virchow2,warm,,tiff5x,/home/ec2-user/wsi-cloud/runs/2026-08-23-063822-weka-s7-7.5.b-endurance-all-four-4hr/heatmaps/proc2/TCGA-C8-A26V-01Z-00-DX1.6E86DF74-D575-4969-8142-963D9DF5208F.tiff,5639776
429,TCGA-D8-A1JM-01Z-00-DX1.3CD15BC8-08B3-4BEE-9FD7-A8BEED33268E,2,4,14340.613473,11874,256,48.591,44449.606,0.980,1417.908,45917.086,kvikio,virchow2,warm,,tiff5x,/home/ec2-user/wsi-cloud/runs/2026-08-23-063822-weka-s7-7.5.b-endurance-all-four-4hr/heatmaps/proc2/TCGA-D8-A1JM-01Z-00-DX1.3CD15BC8-08B3-4BEE-9FD7-A8BEED33268E.tiff,6922054
430,TCGA-E2-A15J-01Z-00-DX1.BF7901D1-30B1-4A76-B0A5-E9B8B36EF4C9,2,4,14386.530703,15013,256,63.500,55337.723,1.208,2350.863,57753.293,kvikio,virchow2,warm,,tiff5x,/home/ec2-user/wsi-cloud/runs/2026-08-23-063822-weka-s7-7.5.b-endurance-all-four-4hr/heatmaps/proc2/TCGA-E2-A15J-01Z-00-DX1.BF7901D1-30B1-4A76-B0A5-E9B8B36EF4C9.tiff,9990418
431,TCGA-GM-A2DN-01Z-00-DX1.593003B0-BA87-486B-B472-D6B85867D54D,2,4,14444.284160,10425,256,54.034,39136.427,0.749,1844.822,41036.032,kvikio,virchow2,warm,,tiff5x,/home/ec2-user/wsi-cloud/runs/2026-08-23-063822-weka-s7-7.5.b-endurance-all-four-4hr/heatmaps/proc2/TCGA-GM-A2DN-01Z-00-DX1.593003B0-BA87-486B-B472-D6B85867D54D.tiff,6807482
432,TCGA-A2-A0ER-01Z-00-DX1.18123C1B-A0CC-4957-9373-5FFAB985C2E8,2,4,14485.320339,7989,256,36.012,29620.291,0.564,1273.974,30930.840,kvikio,virchow2,warm,,tiff5x,/home/ec2-user/wsi-cloud/runs/2026-08-23-063822-weka-s7-7.5.b-endurance-all-four-4hr/heatmaps/proc2/TCGA-A2-A0ER-01Z-00-DX1.18123C1B-A0CC-4957-9373-5FFAB985C2E8.tiff,6139355
433,TCGA-A2-A1G1-01Z-00-DX1.E52A474F-DE13-41CF-94D4-D00BAC46ECF4,2,4,14516.251333,4797,256,19.063,17765.029,0.591,1124.959,18909.642,kvikio,virchow2,warm,,tiff5x,/home/ec2-user/wsi-cloud/runs/2026-08-23-063822-weka-s7-7.5.b-endurance-all-four-4hr/heatmaps/proc2/TCGA-A2-A1G1-01Z-00-DX1.E52A474F-DE13-41CF-94D4-D00BAC46ECF4.tiff,3578320
434,TCGA-A8-A06N-01Z-00-DX1.E25E65F8-DFE0-47CF-9FAB-B82EE8E321F7,2,4,14535.161121,3413,256,17.887,12674.795,0.537,495.231,13188.451,kvikio,virchow2,warm,,tiff5x,/home/ec2-user/wsi-cloud/runs/2026-08-23-063822-weka-s7-7.5.b-endurance-all-four-4hr/heatmaps/proc2/TCGA-A8-A06N-01Z-00-DX1.E25E65F8-DFE0-47CF-9FAB-B82EE8E321F7.tiff,2797754
435,TCGA-A8-A084-01Z-00-DX1.2B52D1B8-5AD4-4BD6-ADF7-9D65B8EE2621,2,4,14548.349705,3734,256,17.252,13828.152,0.649,514.596,14360.649,kvikio,virchow2,warm,,tiff5x,/home/ec2-user/wsi-cloud/runs/2026-08-23-063822-weka-s7-7.5.b-endurance-all-four-4hr/heatmaps/proc2/TCGA-A8-A084-01Z-00-DX1.2B52D1B8-5AD4-4BD6-ADF7-9D65B8EE2621.tiff,2454367
436,TCGA-AN-A0AT-01Z-00-DX1.DFD68CD2-C25E-47BE-BC06-8CE3C657B9FD,2,4,14562.710485,10735,256,43.306,40337.592,0.844,2545.374,42927.116,kvikio,virchow2,warm,,tiff5x,/home/ec2-user/wsi-cloud/runs/2026-08-23-063822-weka-s7-7.5.b-endurance-all-four-4hr/heatmaps/proc2/TCGA-AN-A0AT-01Z-00-DX1.DFD68CD2-C25E-47BE-BC06-8CE3C657B9FD.tiff,6610999
437,TCGA-AR-A24U-01Z-00-DX1.220FD0D0-0DB6-4E3C-92A0-66CD6509F0AD,2,4,14605.637750,9856,256,39.487,36538.049,0.879,1756.326,38334.740,kvikio,virchow2,warm,,tiff5x,/home/ec2-user/wsi-cloud/runs/2026-08-23-063822-weka-s7-7.5.b-endurance-all-four-4hr/heatmaps/proc2/TCGA-AR-A24U-01Z-00-DX1.220FD0D0-0DB6-4E3C-92A0-66CD6509F0AD.tiff,6978380
438,TCGA-B6-A0I2-01Z-00-DX1.885D2034-73B7-48AE-8343-631F89061C38,2,4,14643.972656,10086,256,41.359,37971.789,0.935,1663.885,39677.967,kvikio,virchow2,warm,,tiff5x,/home/ec2-user/wsi-cloud/runs/2026-08-23-063822-weka-s7-7.5.b-endurance-all-four-4hr/heatmaps/proc2/TCGA-B6-A0I2-01Z-00-DX1.885D2034-73B7-48AE-8343-631F89061C38.tiff,6096668
0,TCGA-A2-A0EY-01Z-00-DX1.2F2428B3-0767-48E0-AC22-443C244CBD16,3,4,0.000012,26624,256,139.939,97337.583,47.372,18255.399,115780.293,kvikio,virchow2,warm,,tiff5x,/home/ec2-user/wsi-cloud/runs/2026-08-23-063822-weka-s7-7.5.b-endurance-all-four-4hr/heatmaps/proc3/TCGA-A2-A0EY-01Z-00-DX1.2F2428B3-0767-48E0-AC22-443C244CBD16.tiff,14037415
1,TCGA-A7-A13F-01Z-00-DX1.AB4ADDD3-8E1C-4AB9-813E-D137A2CFB950,3,4,115.780474,6253,256,48.192,23087.701,5.569,984.445,24125.907,kvikio,virchow2,warm,,tiff5x,/home/ec2-user/wsi-cloud/runs/2026-08-23-063822-weka-s7-7.5.b-endurance-all-four-4hr/heatmaps/proc3/TCGA-A7-A13F-01Z-00-DX1.AB4ADDD3-8E1C-4AB9-813E-D137A2CFB950.tiff,3427968
2,TCGA-A8-A076-01Z-00-DX1.BAAC4F9C-0C04-42FB-95F4-D765305089B8,3,4,139.907567,4311,256,22.366,15980.188,1.259,3477.919,19481.732,kvikio,virchow2,warm,,tiff5x,/home/ec2-user/wsi-cloud/runs/2026-08-23-063822-weka-s7-7.5.b-endurance-all-four-4hr/heatmaps/proc3/TCGA-A8-A076-01Z-00-DX1.BAAC4F9C-0C04-42FB-95F4-D765305089B8.tiff,3137829
3,TCGA-A8-A090-01Z-00-DX1.01574070-D65E-486F-B69D-0F8E3816D057,3,4,159.389486,1606,256,27.588,6093.217,0.772,609.709,6731.287,kvikio,virchow2,warm,,tiff5x,/home/ec2-user/wsi-cloud/runs/2026-08-23-063822-weka-s7-7.5.b-endurance-all-four-4hr/heatmaps/proc3/TCGA-A8-A090-01Z-00-DX1.01574070-D65E-486F-B69D-0F8E3816D057.tiff,1305590
4,TCGA-AN-A0FT-01Z-00-DX1.6F263AB3-FB1D-4056-AEC2-4F163017324F,3,4,166.121035,6236,256,27.988,23151.537,1.085,6924.511,30105.121,kvikio,virchow2,warm,,tiff5x,/home/ec2-user/wsi-cloud/runs/2026-08-23-063822-weka-s7-7.5.b-endurance-all-four-4hr/heatmaps/proc3/TCGA-AN-A0FT-01Z-00-DX1.6F263AB3-FB1D-4056-AEC2-4F163017324F.tiff,3722907
5,TCGA-AR-A252-01Z-00-DX1.2E7EE069-A0B8-489B-A2F0-3175FB58F468,3,4,196.226330,14876,256,104.264,55186.181,1.395,3642.156,58933.996,kvikio,virchow2,warm,,tiff5x,/home/ec2-user/wsi-cloud/runs/2026-08-23-063822-weka-s7-7.5.b-endurance-all-four-4hr/heatmaps/proc3/TCGA-AR-A252-01Z-00-DX1.2E7EE069-A0B8-489B-A2F0-3175FB58F468.tiff,9955586
6,TCGA-B6-A0IH-01Z-00-DX1.3463B12E-D1B0-4FB2-B257-BFD63BA2B6BF,3,4,255.161360,22889,256,133.866,86842.418,1.810,4058.059,91036.153,kvikio,virchow2,warm,,tiff5x,/home/ec2-user/wsi-cloud/runs/2026-08-23-063822-weka-s7-7.5.b-endurance-all-four-4hr/heatmaps/proc3/TCGA-B6-A0IH-01Z-00-DX1.3463B12E-D1B0-4FB2-B257-BFD63BA2B6BF.tiff,12182375
7,TCGA-BH-A0E7-01Z-00-DX1.7FEE54C4-3795-403C-85B9-FF932BE56788,3,4,346.198642,7912,256,50.843,30194.489,1.088,8929.076,39175.496,kvikio,virchow2,warm,,tiff5x,/home/ec2-user/wsi-cloud/runs/2026-08-23-063822-weka-s7-7.5.b-endurance-all-four-4hr/heatmaps/proc3/TCGA-BH-A0E7-01Z-00-DX1.7FEE54C4-3795-403C-85B9-FF932BE56788.tiff,5940481
8,TCGA-C8-A275-01Z-00-DX1.44D27E67-4DD6-4893-B38A-01E48F5A358A,3,4,385.374303,12354,256,60.976,46476.504,1.028,3407.360,49945.867,kvikio,virchow2,warm,,tiff5x,/home/ec2-user/wsi-cloud/runs/2026-08-23-063822-weka-s7-7.5.b-endurance-all-four-4hr/heatmaps/proc3/TCGA-C8-A275-01Z-00-DX1.44D27E67-4DD6-4893-B38A-01E48F5A358A.tiff,6753588
9,TCGA-D8-A1XT-01Z-00-DX1.9E4DEEEB-AB0A-45F6-A69B-65B3E6F22D46,3,4,435.320899,15831,256,117.271,58397.581,1.286,4825.663,63341.801,kvikio,virchow2,warm,,tiff5x,/home/ec2-user/wsi-cloud/runs/2026-08-23-063822-weka-s7-7.5.b-endurance-all-four-4hr/heatmaps/proc3/TCGA-D8-A1XT-01Z-00-DX1.9E4DEEEB-AB0A-45F6-A69B-65B3E6F22D46.tiff,10089377
10,TCGA-E2-A15K-01Z-00-DX1.9F424BE2-9BFE-4DFF-8CC9-10D2DADBBEA7,3,4,498.662844,5719,256,24.293,20739.968,0.877,1569.353,22334.491,kvikio,virchow2,warm,,tiff5x,/home/ec2-user/wsi-cloud/runs/2026-08-23-063822-weka-s7-7.5.b-endurance-all-four-4hr/heatmaps/proc3/TCGA-E2-A15K-01Z-00-DX1.9F424BE2-9BFE-4DFF-8CC9-10D2DADBBEA7.tiff,4392473
11,TCGA-PE-A5DC-01Z-00-DX1.8E6953AD-C14A-43F5-B062-E31AB13C7BDF,3,4,520.997489,6251,256,26.048,22667.491,0.685,1031.842,23726.066,kvikio,virchow2,warm,,tiff5x,/home/ec2-user/wsi-cloud/runs/2026-08-23-063822-weka-s7-7.5.b-endurance-all-four-4hr/heatmaps/proc3/TCGA-PE-A5DC-01Z-00-DX1.8E6953AD-C14A-43F5-B062-E31AB13C7BDF.tiff,3947239
12,TCGA-A2-A0EY-01Z-00-DX1.2F2428B3-0767-48E0-AC22-443C244CBD16,3,4,544.723701,26624,256,121.626,97101.729,1.965,3047.568,100272.887,kvikio,virchow2,warm,,tiff5x,/home/ec2-user/wsi-cloud/runs/2026-08-23-063822-weka-s7-7.5.b-endurance-all-four-4hr/heatmaps/proc3/TCGA-A2-A0EY-01Z-00-DX1.2F2428B3-0767-48E0-AC22-443C244CBD16.tiff,14037415
13,TCGA-A7-A13F-01Z-00-DX1.AB4ADDD3-8E1C-4AB9-813E-D137A2CFB950,3,4,644.996766,6253,256,30.808,22556.921,0.907,1015.161,23603.797,kvikio,virchow2,warm,,tiff5x,/home/ec2-user/wsi-cloud/runs/2026-08-23-063822-weka-s7-7.5.b-endurance-all-four-4hr/heatmaps/proc3/TCGA-A7-A13F-01Z-00-DX1.AB4ADDD3-8E1C-4AB9-813E-D137A2CFB950.tiff,3427968
14,TCGA-A8-A076-01Z-00-DX1.BAAC4F9C-0C04-42FB-95F4-D765305089B8,3,4,668.600699,4311,256,15.990,15528.872,0.958,1393.575,16939.394,kvikio,virchow2,warm,,tiff5x,/home/ec2-user/wsi-cloud/runs/2026-08-23-063822-weka-s7-7.5.b-endurance-all-four-4hr/heatmaps/proc3/TCGA-A8-A076-01Z-00-DX1.BAAC4F9C-0C04-42FB-95F4-D765305089B8.tiff,3137829
15,TCGA-A8-A090-01Z-00-DX1.01574070-D65E-486F-B69D-0F8E3816D057,3,4,685.540228,1606,256,6.825,5754.534,0.765,296.189,6058.312,kvikio,virchow2,warm,,tiff5x,/home/ec2-user/wsi-cloud/runs/2026-08-23-063822-weka-s7-7.5.b-endurance-all-four-4hr/heatmaps/proc3/TCGA-A8-A090-01Z-00-DX1.01574070-D65E-486F-B69D-0F8E3816D057.tiff,1305590
16,TCGA-AN-A0FT-01Z-00-DX1.6F263AB3-FB1D-4056-AEC2-4F163017324F,3,4,691.598669,6236,256,24.002,22459.962,0.858,1621.564,24106.387,kvikio,virchow2,warm,,tiff5x,/home/ec2-user/wsi-cloud/runs/2026-08-23-063822-weka-s7-7.5.b-endurance-all-four-4hr/heatmaps/proc3/TCGA-AN-A0FT-01Z-00-DX1.6F263AB3-FB1D-4056-AEC2-4F163017324F.tiff,3722907
17,TCGA-AR-A252-01Z-00-DX1.2E7EE069-A0B8-489B-A2F0-3175FB58F468,3,4,715.705193,14876,256,60.090,54064.808,0.983,3018.256,57144.136,kvikio,virchow2,warm,,tiff5x,/home/ec2-user/wsi-cloud/runs/2026-08-23-063822-weka-s7-7.5.b-endurance-all-four-4hr/heatmaps/proc3/TCGA-AR-A252-01Z-00-DX1.2E7EE069-A0B8-489B-A2F0-3175FB58F468.tiff,9955586
18,TCGA-B6-A0IH-01Z-00-DX1.3463B12E-D1B0-4FB2-B257-BFD63BA2B6BF,3,4,772.849484,22889,256,93.183,84254.987,1.611,3031.607,87381.389,kvikio,virchow2,warm,,tiff5x,/home/ec2-user/wsi-cloud/runs/2026-08-23-063822-weka-s7-7.5.b-endurance-all-four-4hr/heatmaps/proc3/TCGA-B6-A0IH-01Z-00-DX1.3463B12E-D1B0-4FB2-B257-BFD63BA2B6BF.tiff,12182375
19,TCGA-BH-A0E7-01Z-00-DX1.7FEE54C4-3795-403C-85B9-FF932BE56788,3,4,860.231047,7912,256,29.345,29222.547,0.600,1867.344,31119.836,kvikio,virchow2,warm,,tiff5x,/home/ec2-user/wsi-cloud/runs/2026-08-23-063822-weka-s7-7.5.b-endurance-all-four-4hr/heatmaps/proc3/TCGA-BH-A0E7-01Z-00-DX1.7FEE54C4-3795-403C-85B9-FF932BE56788.tiff,5940481
20,TCGA-C8-A275-01Z-00-DX1.44D27E67-4DD6-4893-B38A-01E48F5A358A,3,4,891.351026,12354,256,46.799,45481.793,0.992,1293.433,46823.017,kvikio,virchow2,warm,,tiff5x,/home/ec2-user/wsi-cloud/runs/2026-08-23-063822-weka-s7-7.5.b-endurance-all-four-4hr/heatmaps/proc3/TCGA-C8-A275-01Z-00-DX1.44D27E67-4DD6-4893-B38A-01E48F5A358A.tiff,6753588
21,TCGA-D8-A1XT-01Z-00-DX1.9E4DEEEB-AB0A-45F6-A69B-65B3E6F22D46,3,4,938.174195,15831,256,60.519,58432.323,1.110,3912.654,62406.607,kvikio,virchow2,warm,,tiff5x,/home/ec2-user/wsi-cloud/runs/2026-08-23-063822-weka-s7-7.5.b-endurance-all-four-4hr/heatmaps/proc3/TCGA-D8-A1XT-01Z-00-DX1.9E4DEEEB-AB0A-45F6-A69B-65B3E6F22D46.tiff,10089377
22,TCGA-E2-A15K-01Z-00-DX1.9F424BE2-9BFE-4DFF-8CC9-10D2DADBBEA7,3,4,1000.580997,5719,256,21.676,20882.190,0.545,1501.089,22405.501,kvikio,virchow2,warm,,tiff5x,/home/ec2-user/wsi-cloud/runs/2026-08-23-063822-weka-s7-7.5.b-endurance-all-four-4hr/heatmaps/proc3/TCGA-E2-A15K-01Z-00-DX1.9F424BE2-9BFE-4DFF-8CC9-10D2DADBBEA7.tiff,4392473
23,TCGA-PE-A5DC-01Z-00-DX1.8E6953AD-C14A-43F5-B062-E31AB13C7BDF,3,4,1022.986645,6251,256,26.557,22951.740,0.625,1036.457,24015.379,kvikio,virchow2,warm,,tiff5x,/home/ec2-user/wsi-cloud/runs/2026-08-23-063822-weka-s7-7.5.b-endurance-all-four-4hr/heatmaps/proc3/TCGA-PE-A5DC-01Z-00-DX1.8E6953AD-C14A-43F5-B062-E31AB13C7BDF.tiff,3947239
24,TCGA-A2-A0EY-01Z-00-DX1.2F2428B3-0767-48E0-AC22-443C244CBD16,3,4,1047.002173,26624,256,125.179,98167.544,1.906,2963.468,101258.098,kvikio,virchow2,warm,,tiff5x,/home/ec2-user/wsi-cloud/runs/2026-08-23-063822-weka-s7-7.5.b-endurance-all-four-4hr/heatmaps/proc3/TCGA-A2-A0EY-01Z-00-DX1.2F2428B3-0767-48E0-AC22-443C244CBD16.tiff,14037415
25,TCGA-A7-A13F-01Z-00-DX1.AB4ADDD3-8E1C-4AB9-813E-D137A2CFB950,3,4,1148.260453,6253,256,27.094,22980.343,0.559,958.635,23966.632,kvikio,virchow2,warm,,tiff5x,/home/ec2-user/wsi-cloud/runs/2026-08-23-063822-weka-s7-7.5.b-endurance-all-four-4hr/heatmaps/proc3/TCGA-A7-A13F-01Z-00-DX1.AB4ADDD3-8E1C-4AB9-813E-D137A2CFB950.tiff,3427968
26,TCGA-A8-A076-01Z-00-DX1.BAAC4F9C-0C04-42FB-95F4-D765305089B8,3,4,1172.227216,4311,256,16.389,15850.378,0.604,1380.191,17247.562,kvikio,virchow2,warm,,tiff5x,/home/ec2-user/wsi-cloud/runs/2026-08-23-063822-weka-s7-7.5.b-endurance-all-four-4hr/heatmaps/proc3/TCGA-A8-A076-01Z-00-DX1.BAAC4F9C-0C04-42FB-95F4-D765305089B8.tiff,3137829
27,TCGA-A8-A090-01Z-00-DX1.01574070-D65E-486F-B69D-0F8E3816D057,3,4,1189.474919,1606,256,8.313,5896.952,0.542,289.639,6195.445,kvikio,virchow2,warm,,tiff5x,/home/ec2-user/wsi-cloud/runs/2026-08-23-063822-weka-s7-7.5.b-endurance-all-four-4hr/heatmaps/proc3/TCGA-A8-A090-01Z-00-DX1.01574070-D65E-486F-B69D-0F8E3816D057.tiff,1305590
28,TCGA-AN-A0FT-01Z-00-DX1.6F263AB3-FB1D-4056-AEC2-4F163017324F,3,4,1195.670492,6236,256,23.332,22971.727,0.550,1602.698,24598.307,kvikio,virchow2,warm,,tiff5x,/home/ec2-user/wsi-cloud/runs/2026-08-23-063822-weka-s7-7.5.b-endurance-all-four-4hr/heatmaps/proc3/TCGA-AN-A0FT-01Z-00-DX1.6F263AB3-FB1D-4056-AEC2-4F163017324F.tiff,3722907
29,TCGA-AR-A252-01Z-00-DX1.2E7EE069-A0B8-489B-A2F0-3175FB58F468,3,4,1220.268937,14876,256,56.650,54747.597,0.979,2977.734,57782.960,kvikio,virchow2,warm,,tiff5x,/home/ec2-user/wsi-cloud/runs/2026-08-23-063822-weka-s7-7.5.b-endurance-all-four-4hr/heatmaps/proc3/TCGA-AR-A252-01Z-00-DX1.2E7EE069-A0B8-489B-A2F0-3175FB58F468.tiff,9955586
30,TCGA-B6-A0IH-01Z-00-DX1.3463B12E-D1B0-4FB2-B257-BFD63BA2B6BF,3,4,1278.052064,22889,256,108.824,84318.310,1.753,3047.612,87476.498,kvikio,virchow2,warm,,tiff5x,/home/ec2-user/wsi-cloud/runs/2026-08-23-063822-weka-s7-7.5.b-endurance-all-four-4hr/heatmaps/proc3/TCGA-B6-A0IH-01Z-00-DX1.3463B12E-D1B0-4FB2-B257-BFD63BA2B6BF.tiff,12182375
31,TCGA-BH-A0E7-01Z-00-DX1.7FEE54C4-3795-403C-85B9-FF932BE56788,3,4,1365.528750,7912,256,35.296,29085.046,0.949,1907.100,31028.390,kvikio,virchow2,warm,,tiff5x,/home/ec2-user/wsi-cloud/runs/2026-08-23-063822-weka-s7-7.5.b-endurance-all-four-4hr/heatmaps/proc3/TCGA-BH-A0E7-01Z-00-DX1.7FEE54C4-3795-403C-85B9-FF932BE56788.tiff,5940481
32,TCGA-C8-A275-01Z-00-DX1.44D27E67-4DD6-4893-B38A-01E48F5A358A,3,4,1396.557288,12354,256,48.483,45419.130,0.918,1304.273,46772.805,kvikio,virchow2,warm,,tiff5x,/home/ec2-user/wsi-cloud/runs/2026-08-23-063822-weka-s7-7.5.b-endurance-all-four-4hr/heatmaps/proc3/TCGA-C8-A275-01Z-00-DX1.44D27E67-4DD6-4893-B38A-01E48F5A358A.tiff,6753588
33,TCGA-D8-A1XT-01Z-00-DX1.9E4DEEEB-AB0A-45F6-A69B-65B3E6F22D46,3,4,1443.330234,15831,256,64.422,58372.302,1.239,3951.270,62389.232,kvikio,virchow2,warm,,tiff5x,/home/ec2-user/wsi-cloud/runs/2026-08-23-063822-weka-s7-7.5.b-endurance-all-four-4hr/heatmaps/proc3/TCGA-D8-A1XT-01Z-00-DX1.9E4DEEEB-AB0A-45F6-A69B-65B3E6F22D46.tiff,10089377
34,TCGA-E2-A15K-01Z-00-DX1.9F424BE2-9BFE-4DFF-8CC9-10D2DADBBEA7,3,4,1505.719657,5719,256,23.660,20992.693,0.541,1496.551,22513.445,kvikio,virchow2,warm,,tiff5x,/home/ec2-user/wsi-cloud/runs/2026-08-23-063822-weka-s7-7.5.b-endurance-all-four-4hr/heatmaps/proc3/TCGA-E2-A15K-01Z-00-DX1.9F424BE2-9BFE-4DFF-8CC9-10D2DADBBEA7.tiff,4392473
35,TCGA-PE-A5DC-01Z-00-DX1.8E6953AD-C14A-43F5-B062-E31AB13C7BDF,3,4,1528.233241,6251,256,27.233,22949.796,0.566,1021.412,23999.008,kvikio,virchow2,warm,,tiff5x,/home/ec2-user/wsi-cloud/runs/2026-08-23-063822-weka-s7-7.5.b-endurance-all-four-4hr/heatmaps/proc3/TCGA-PE-A5DC-01Z-00-DX1.8E6953AD-C14A-43F5-B062-E31AB13C7BDF.tiff,3947239
36,TCGA-A2-A0EY-01Z-00-DX1.2F2428B3-0767-48E0-AC22-443C244CBD16,3,4,1552.232410,26624,256,108.931,98123.842,1.889,2951.446,101186.109,kvikio,virchow2,warm,,tiff5x,/home/ec2-user/wsi-cloud/runs/2026-08-23-063822-weka-s7-7.5.b-endurance-all-four-4hr/heatmaps/proc3/TCGA-A2-A0EY-01Z-00-DX1.2F2428B3-0767-48E0-AC22-443C244CBD16.tiff,14037415
37,TCGA-A7-A13F-01Z-00-DX1.AB4ADDD3-8E1C-4AB9-813E-D137A2CFB950,3,4,1653.418690,6253,256,25.197,22967.319,0.540,957.176,23950.232,kvikio,virchow2,warm,,tiff5x,/home/ec2-user/wsi-cloud/runs/2026-08-23-063822-weka-s7-7.5.b-endurance-all-four-4hr/heatmaps/proc3/TCGA-A7-A13F-01Z-00-DX1.AB4ADDD3-8E1C-4AB9-813E-D137A2CFB950.tiff,3427968
38,TCGA-A8-A076-01Z-00-DX1.BAAC4F9C-0C04-42FB-95F4-D765305089B8,3,4,1677.369061,4311,256,16.951,15849.906,0.592,1358.583,17226.032,kvikio,virchow2,warm,,tiff5x,/home/ec2-user/wsi-cloud/runs/2026-08-23-063822-weka-s7-7.5.b-endurance-all-four-4hr/heatmaps/proc3/TCGA-A8-A076-01Z-00-DX1.BAAC4F9C-0C04-42FB-95F4-D765305089B8.tiff,3137829
39,TCGA-A8-A090-01Z-00-DX1.01574070-D65E-486F-B69D-0F8E3816D057,3,4,1694.595237,1606,256,7.059,5893.545,0.560,293.036,6194.200,kvikio,virchow2,warm,,tiff5x,/home/ec2-user/wsi-cloud/runs/2026-08-23-063822-weka-s7-7.5.b-endurance-all-four-4hr/heatmaps/proc3/TCGA-A8-A090-01Z-00-DX1.01574070-D65E-486F-B69D-0F8E3816D057.tiff,1305590
40,TCGA-AN-A0FT-01Z-00-DX1.6F263AB3-FB1D-4056-AEC2-4F163017324F,3,4,1700.789566,6236,256,25.374,22938.554,0.565,1598.937,24563.430,kvikio,virchow2,warm,,tiff5x,/home/ec2-user/wsi-cloud/runs/2026-08-23-063822-weka-s7-7.5.b-endurance-all-four-4hr/heatmaps/proc3/TCGA-AN-A0FT-01Z-00-DX1.6F263AB3-FB1D-4056-AEC2-4F163017324F.tiff,3722907
41,TCGA-AR-A252-01Z-00-DX1.2E7EE069-A0B8-489B-A2F0-3175FB58F468,3,4,1725.353144,14876,256,62.405,54768.895,0.994,3000.841,57833.134,kvikio,virchow2,warm,,tiff5x,/home/ec2-user/wsi-cloud/runs/2026-08-23-063822-weka-s7-7.5.b-endurance-all-four-4hr/heatmaps/proc3/TCGA-AR-A252-01Z-00-DX1.2E7EE069-A0B8-489B-A2F0-3175FB58F468.tiff,9955586
42,TCGA-B6-A0IH-01Z-00-DX1.3463B12E-D1B0-4FB2-B257-BFD63BA2B6BF,3,4,1783.186439,22889,256,100.465,84257.510,1.607,3024.423,87384.006,kvikio,virchow2,warm,,tiff5x,/home/ec2-user/wsi-cloud/runs/2026-08-23-063822-weka-s7-7.5.b-endurance-all-four-4hr/heatmaps/proc3/TCGA-B6-A0IH-01Z-00-DX1.3463B12E-D1B0-4FB2-B257-BFD63BA2B6BF.tiff,12182375
43,TCGA-BH-A0E7-01Z-00-DX1.7FEE54C4-3795-403C-85B9-FF932BE56788,3,4,1870.570611,7912,256,27.838,29094.182,0.673,1876.621,30999.314,kvikio,virchow2,warm,,tiff5x,/home/ec2-user/wsi-cloud/runs/2026-08-23-063822-weka-s7-7.5.b-endurance-all-four-4hr/heatmaps/proc3/TCGA-BH-A0E7-01Z-00-DX1.7FEE54C4-3795-403C-85B9-FF932BE56788.tiff,5940481
44,TCGA-C8-A275-01Z-00-DX1.44D27E67-4DD6-4893-B38A-01E48F5A358A,3,4,1901.570076,12354,256,51.403,45448.485,0.857,1297.177,46797.922,kvikio,virchow2,warm,,tiff5x,/home/ec2-user/wsi-cloud/runs/2026-08-23-063822-weka-s7-7.5.b-endurance-all-four-4hr/heatmaps/proc3/TCGA-C8-A275-01Z-00-DX1.44D27E67-4DD6-4893-B38A-01E48F5A358A.tiff,6753588
45,TCGA-D8-A1XT-01Z-00-DX1.9E4DEEEB-AB0A-45F6-A69B-65B3E6F22D46,3,4,1948.368147,15831,256,67.519,58327.748,1.099,3950.551,62346.917,kvikio,virchow2,warm,,tiff5x,/home/ec2-user/wsi-cloud/runs/2026-08-23-063822-weka-s7-7.5.b-endurance-all-four-4hr/heatmaps/proc3/TCGA-D8-A1XT-01Z-00-DX1.9E4DEEEB-AB0A-45F6-A69B-65B3E6F22D46.tiff,10089377
46,TCGA-E2-A15K-01Z-00-DX1.9F424BE2-9BFE-4DFF-8CC9-10D2DADBBEA7,3,4,2010.715264,5719,256,20.777,20987.353,0.607,1504.232,22512.969,kvikio,virchow2,warm,,tiff5x,/home/ec2-user/wsi-cloud/runs/2026-08-23-063822-weka-s7-7.5.b-endurance-all-four-4hr/heatmaps/proc3/TCGA-E2-A15K-01Z-00-DX1.9F424BE2-9BFE-4DFF-8CC9-10D2DADBBEA7.tiff,4392473
47,TCGA-PE-A5DC-01Z-00-DX1.8E6953AD-C14A-43F5-B062-E31AB13C7BDF,3,4,2033.228389,6251,256,27.835,22985.732,0.513,1035.901,24049.981,kvikio,virchow2,warm,,tiff5x,/home/ec2-user/wsi-cloud/runs/2026-08-23-063822-weka-s7-7.5.b-endurance-all-four-4hr/heatmaps/proc3/TCGA-PE-A5DC-01Z-00-DX1.8E6953AD-C14A-43F5-B062-E31AB13C7BDF.tiff,3947239
48,TCGA-A2-A0EY-01Z-00-DX1.2F2428B3-0767-48E0-AC22-443C244CBD16,3,4,2057.278507,26624,256,108.550,97945.314,1.934,2952.325,101008.123,kvikio,virchow2,warm,,tiff5x,/home/ec2-user/wsi-cloud/runs/2026-08-23-063822-weka-s7-7.5.b-endurance-all-four-4hr/heatmaps/proc3/TCGA-A2-A0EY-01Z-00-DX1.2F2428B3-0767-48E0-AC22-443C244CBD16.tiff,14037415
49,TCGA-A7-A13F-01Z-00-DX1.AB4ADDD3-8E1C-4AB9-813E-D137A2CFB950,3,4,2158.286810,6253,256,24.754,22961.179,0.828,1012.543,23999.304,kvikio,virchow2,warm,,tiff5x,/home/ec2-user/wsi-cloud/runs/2026-08-23-063822-weka-s7-7.5.b-endurance-all-four-4hr/heatmaps/proc3/TCGA-A7-A13F-01Z-00-DX1.AB4ADDD3-8E1C-4AB9-813E-D137A2CFB950.tiff,3427968
50,TCGA-A8-A076-01Z-00-DX1.BAAC4F9C-0C04-42FB-95F4-D765305089B8,3,4,2182.286258,4311,256,16.692,15848.046,0.898,1437.862,17303.498,kvikio,virchow2,warm,,tiff5x,/home/ec2-user/wsi-cloud/runs/2026-08-23-063822-weka-s7-7.5.b-endurance-all-four-4hr/heatmaps/proc3/TCGA-A8-A076-01Z-00-DX1.BAAC4F9C-0C04-42FB-95F4-D765305089B8.tiff,3137829
51,TCGA-A8-A090-01Z-00-DX1.01574070-D65E-486F-B69D-0F8E3816D057,3,4,2199.589903,1606,256,7.342,5886.689,0.627,288.105,6182.764,kvikio,virchow2,warm,,tiff5x,/home/ec2-user/wsi-cloud/runs/2026-08-23-063822-weka-s7-7.5.b-endurance-all-four-4hr/heatmaps/proc3/TCGA-A8-A090-01Z-00-DX1.01574070-D65E-486F-B69D-0F8E3816D057.tiff,1305590
52,TCGA-AN-A0FT-01Z-00-DX1.6F263AB3-FB1D-4056-AEC2-4F163017324F,3,4,2205.772804,6236,256,24.370,22808.156,0.695,1664.663,24497.885,kvikio,virchow2,warm,,tiff5x,/home/ec2-user/wsi-cloud/runs/2026-08-23-063822-weka-s7-7.5.b-endurance-all-four-4hr/heatmaps/proc3/TCGA-AN-A0FT-01Z-00-DX1.6F263AB3-FB1D-4056-AEC2-4F163017324F.tiff,3722907
53,TCGA-AR-A252-01Z-00-DX1.2E7EE069-A0B8-489B-A2F0-3175FB58F468,3,4,2230.270834,14876,256,63.317,54644.754,0.984,3003.908,57712.963,kvikio,virchow2,warm,,tiff5x,/home/ec2-user/wsi-cloud/runs/2026-08-23-063822-weka-s7-7.5.b-endurance-all-four-4hr/heatmaps/proc3/TCGA-AR-A252-01Z-00-DX1.2E7EE069-A0B8-489B-A2F0-3175FB58F468.tiff,9955586
54,TCGA-B6-A0IH-01Z-00-DX1.3463B12E-D1B0-4FB2-B257-BFD63BA2B6BF,3,4,2287.983941,22889,256,92.401,84007.006,1.627,3041.884,87142.918,kvikio,virchow2,warm,,tiff5x,/home/ec2-user/wsi-cloud/runs/2026-08-23-063822-weka-s7-7.5.b-endurance-all-four-4hr/heatmaps/proc3/TCGA-B6-A0IH-01Z-00-DX1.3463B12E-D1B0-4FB2-B257-BFD63BA2B6BF.tiff,12182375
55,TCGA-BH-A0E7-01Z-00-DX1.7FEE54C4-3795-403C-85B9-FF932BE56788,3,4,2375.127040,7912,256,29.041,29026.412,0.829,1870.086,30926.367,kvikio,virchow2,warm,,tiff5x,/home/ec2-user/wsi-cloud/runs/2026-08-23-063822-weka-s7-7.5.b-endurance-all-four-4hr/heatmaps/proc3/TCGA-BH-A0E7-01Z-00-DX1.7FEE54C4-3795-403C-85B9-FF932BE56788.tiff,5940481
56,TCGA-C8-A275-01Z-00-DX1.44D27E67-4DD6-4893-B38A-01E48F5A358A,3,4,2406.053548,12354,256,51.123,45492.277,0.847,1289.392,46833.639,kvikio,virchow2,warm,,tiff5x,/home/ec2-user/wsi-cloud/runs/2026-08-23-063822-weka-s7-7.5.b-endurance-all-four-4hr/heatmaps/proc3/TCGA-C8-A275-01Z-00-DX1.44D27E67-4DD6-4893-B38A-01E48F5A358A.tiff,6753588
57,TCGA-D8-A1XT-01Z-00-DX1.9E4DEEEB-AB0A-45F6-A69B-65B3E6F22D46,3,4,2452.887346,15831,256,68.550,58084.682,1.247,3880.834,62035.313,kvikio,virchow2,warm,,tiff5x,/home/ec2-user/wsi-cloud/runs/2026-08-23-063822-weka-s7-7.5.b-endurance-all-four-4hr/heatmaps/proc3/TCGA-D8-A1XT-01Z-00-DX1.9E4DEEEB-AB0A-45F6-A69B-65B3E6F22D46.tiff,10089377
58,TCGA-E2-A15K-01Z-00-DX1.9F424BE2-9BFE-4DFF-8CC9-10D2DADBBEA7,3,4,2514.922866,5719,256,25.539,20732.553,0.960,1645.959,22405.011,kvikio,virchow2,warm,,tiff5x,/home/ec2-user/wsi-cloud/runs/2026-08-23-063822-weka-s7-7.5.b-endurance-all-four-4hr/heatmaps/proc3/TCGA-E2-A15K-01Z-00-DX1.9F424BE2-9BFE-4DFF-8CC9-10D2DADBBEA7.tiff,4392473
59,TCGA-PE-A5DC-01Z-00-DX1.8E6953AD-C14A-43F5-B062-E31AB13C7BDF,3,4,2537.328021,6251,256,25.065,22671.976,0.961,1056.759,23754.762,kvikio,virchow2,warm,,tiff5x,/home/ec2-user/wsi-cloud/runs/2026-08-23-063822-weka-s7-7.5.b-endurance-all-four-4hr/heatmaps/proc3/TCGA-PE-A5DC-01Z-00-DX1.8E6953AD-C14A-43F5-B062-E31AB13C7BDF.tiff,3947239
60,TCGA-A2-A0EY-01Z-00-DX1.2F2428B3-0767-48E0-AC22-443C244CBD16,3,4,2561.082930,26624,256,112.602,97545.533,2.020,3068.856,100729.011,kvikio,virchow2,warm,,tiff5x,/home/ec2-user/wsi-cloud/runs/2026-08-23-063822-weka-s7-7.5.b-endurance-all-four-4hr/heatmaps/proc3/TCGA-A2-A0EY-01Z-00-DX1.2F2428B3-0767-48E0-AC22-443C244CBD16.tiff,14037415
61,TCGA-A7-A13F-01Z-00-DX1.AB4ADDD3-8E1C-4AB9-813E-D137A2CFB950,3,4,2661.812130,6253,256,28.435,23062.047,0.994,1003.282,24094.758,kvikio,virchow2,warm,,tiff5x,/home/ec2-user/wsi-cloud/runs/2026-08-23-063822-weka-s7-7.5.b-endurance-all-four-4hr/heatmaps/proc3/TCGA-A7-A13F-01Z-00-DX1.AB4ADDD3-8E1C-4AB9-813E-D137A2CFB950.tiff,3427968
62,TCGA-A8-A076-01Z-00-DX1.BAAC4F9C-0C04-42FB-95F4-D765305089B8,3,4,2685.907041,4311,256,16.788,15856.724,0.577,1365.274,17239.363,kvikio,virchow2,warm,,tiff5x,/home/ec2-user/wsi-cloud/runs/2026-08-23-063822-weka-s7-7.5.b-endurance-all-four-4hr/heatmaps/proc3/TCGA-A8-A076-01Z-00-DX1.BAAC4F9C-0C04-42FB-95F4-D765305089B8.tiff,3137829
63,TCGA-A8-A090-01Z-00-DX1.01574070-D65E-486F-B69D-0F8E3816D057,3,4,2703.146531,1606,256,7.296,5825.551,0.518,288.498,6121.863,kvikio,virchow2,warm,,tiff5x,/home/ec2-user/wsi-cloud/runs/2026-08-23-063822-weka-s7-7.5.b-endurance-all-four-4hr/heatmaps/proc3/TCGA-A8-A090-01Z-00-DX1.01574070-D65E-486F-B69D-0F8E3816D057.tiff,1305590
64,TCGA-AN-A0FT-01Z-00-DX1.6F263AB3-FB1D-4056-AEC2-4F163017324F,3,4,2709.268521,6236,256,26.745,22307.703,0.550,1604.552,23939.550,kvikio,virchow2,warm,,tiff5x,/home/ec2-user/wsi-cloud/runs/2026-08-23-063822-weka-s7-7.5.b-endurance-all-four-4hr/heatmaps/proc3/TCGA-AN-A0FT-01Z-00-DX1.6F263AB3-FB1D-4056-AEC2-4F163017324F.tiff,3722907
65,TCGA-AR-A252-01Z-00-DX1.2E7EE069-A0B8-489B-A2F0-3175FB58F468,3,4,2733.208215,14876,256,58.749,53450.792,0.966,2983.968,56494.475,kvikio,virchow2,warm,,tiff5x,/home/ec2-user/wsi-cloud/runs/2026-08-23-063822-weka-s7-7.5.b-endurance-all-four-4hr/heatmaps/proc3/TCGA-AR-A252-01Z-00-DX1.2E7EE069-A0B8-489B-A2F0-3175FB58F468.tiff,9955586
66,TCGA-B6-A0IH-01Z-00-DX1.3463B12E-D1B0-4FB2-B257-BFD63BA2B6BF,3,4,2789.702840,22889,256,130.240,83057.458,1.622,3028.627,86217.946,kvikio,virchow2,warm,,tiff5x,/home/ec2-user/wsi-cloud/runs/2026-08-23-063822-weka-s7-7.5.b-endurance-all-four-4hr/heatmaps/proc3/TCGA-B6-A0IH-01Z-00-DX1.3463B12E-D1B0-4FB2-B257-BFD63BA2B6BF.tiff,12182375
67,TCGA-BH-A0E7-01Z-00-DX1.7FEE54C4-3795-403C-85B9-FF932BE56788,3,4,2875.920968,7912,256,34.352,28655.983,0.566,1864.971,30555.872,kvikio,virchow2,warm,,tiff5x,/home/ec2-user/wsi-cloud/runs/2026-08-23-063822-weka-s7-7.5.b-endurance-all-four-4hr/heatmaps/proc3/TCGA-BH-A0E7-01Z-00-DX1.7FEE54C4-3795-403C-85B9-FF932BE56788.tiff,5940481
68,TCGA-C8-A275-01Z-00-DX1.44D27E67-4DD6-4893-B38A-01E48F5A358A,3,4,2906.476986,12354,256,49.381,44170.688,0.843,1297.169,45518.081,kvikio,virchow2,warm,,tiff5x,/home/ec2-user/wsi-cloud/runs/2026-08-23-063822-weka-s7-7.5.b-endurance-all-four-4hr/heatmaps/proc3/TCGA-C8-A275-01Z-00-DX1.44D27E67-4DD6-4893-B38A-01E48F5A358A.tiff,6753588
69,TCGA-D8-A1XT-01Z-00-DX1.9E4DEEEB-AB0A-45F6-A69B-65B3E6F22D46,3,4,2951.995246,15831,256,69.818,57157.927,1.184,3841.066,61069.994,kvikio,virchow2,warm,,tiff5x,/home/ec2-user/wsi-cloud/runs/2026-08-23-063822-weka-s7-7.5.b-endurance-all-four-4hr/heatmaps/proc3/TCGA-D8-A1XT-01Z-00-DX1.9E4DEEEB-AB0A-45F6-A69B-65B3E6F22D46.tiff,10089377
70,TCGA-E2-A15K-01Z-00-DX1.9F424BE2-9BFE-4DFF-8CC9-10D2DADBBEA7,3,4,3013.065441,5719,256,32.685,20957.226,0.563,1508.250,22498.724,kvikio,virchow2,warm,,tiff5x,/home/ec2-user/wsi-cloud/runs/2026-08-23-063822-weka-s7-7.5.b-endurance-all-four-4hr/heatmaps/proc3/TCGA-E2-A15K-01Z-00-DX1.9F424BE2-9BFE-4DFF-8CC9-10D2DADBBEA7.tiff,4392473
71,TCGA-PE-A5DC-01Z-00-DX1.8E6953AD-C14A-43F5-B062-E31AB13C7BDF,3,4,3035.564311,6251,256,23.000,22643.726,0.586,1028.354,23695.666,kvikio,virchow2,warm,,tiff5x,/home/ec2-user/wsi-cloud/runs/2026-08-23-063822-weka-s7-7.5.b-endurance-all-four-4hr/heatmaps/proc3/TCGA-PE-A5DC-01Z-00-DX1.8E6953AD-C14A-43F5-B062-E31AB13C7BDF.tiff,3947239
72,TCGA-A2-A0EY-01Z-00-DX1.2F2428B3-0767-48E0-AC22-443C244CBD16,3,4,3059.260120,26624,256,110.317,97430.370,1.927,3066.563,100609.178,kvikio,virchow2,warm,,tiff5x,/home/ec2-user/wsi-cloud/runs/2026-08-23-063822-weka-s7-7.5.b-endurance-all-four-4hr/heatmaps/proc3/TCGA-A2-A0EY-01Z-00-DX1.2F2428B3-0767-48E0-AC22-443C244CBD16.tiff,14037415
73,TCGA-A7-A13F-01Z-00-DX1.AB4ADDD3-8E1C-4AB9-813E-D137A2CFB950,3,4,3159.869476,6253,256,23.318,22746.427,0.560,962.437,23732.742,kvikio,virchow2,warm,,tiff5x,/home/ec2-user/wsi-cloud/runs/2026-08-23-063822-weka-s7-7.5.b-endurance-all-four-4hr/heatmaps/proc3/TCGA-A7-A13F-01Z-00-DX1.AB4ADDD3-8E1C-4AB9-813E-D137A2CFB950.tiff,3427968
74,TCGA-A8-A076-01Z-00-DX1.BAAC4F9C-0C04-42FB-95F4-D765305089B8,3,4,3183.602354,4311,256,16.441,15752.538,0.558,1377.233,17146.771,kvikio,virchow2,warm,,tiff5x,/home/ec2-user/wsi-cloud/runs/2026-08-23-063822-weka-s7-7.5.b-endurance-all-four-4hr/heatmaps/proc3/TCGA-A8-A076-01Z-00-DX1.BAAC4F9C-0C04-42FB-95F4-D765305089B8.tiff,3137829
75,TCGA-A8-A090-01Z-00-DX1.01574070-D65E-486F-B69D-0F8E3816D057,3,4,3200.749263,1606,256,6.377,5865.694,0.510,288.886,6161.465,kvikio,virchow2,warm,,tiff5x,/home/ec2-user/wsi-cloud/runs/2026-08-23-063822-weka-s7-7.5.b-endurance-all-four-4hr/heatmaps/proc3/TCGA-A8-A090-01Z-00-DX1.01574070-D65E-486F-B69D-0F8E3816D057.tiff,1305590
76,TCGA-AN-A0FT-01Z-00-DX1.6F263AB3-FB1D-4056-AEC2-4F163017324F,3,4,3206.910859,6236,256,25.088,22953.133,0.528,1605.079,24583.828,kvikio,virchow2,warm,,tiff5x,/home/ec2-user/wsi-cloud/runs/2026-08-23-063822-weka-s7-7.5.b-endurance-all-four-4hr/heatmaps/proc3/TCGA-AN-A0FT-01Z-00-DX1.6F263AB3-FB1D-4056-AEC2-4F163017324F.tiff,3722907
77,TCGA-AR-A252-01Z-00-DX1.2E7EE069-A0B8-489B-A2F0-3175FB58F468,3,4,3231.494834,14876,256,62.460,54274.086,1.003,3007.058,57344.608,kvikio,virchow2,warm,,tiff5x,/home/ec2-user/wsi-cloud/runs/2026-08-23-063822-weka-s7-7.5.b-endurance-all-four-4hr/heatmaps/proc3/TCGA-AR-A252-01Z-00-DX1.2E7EE069-A0B8-489B-A2F0-3175FB58F468.tiff,9955586
78,TCGA-B6-A0IH-01Z-00-DX1.3463B12E-D1B0-4FB2-B257-BFD63BA2B6BF,3,4,3288.839610,22889,256,97.671,83882.187,1.714,3076.260,87057.832,kvikio,virchow2,warm,,tiff5x,/home/ec2-user/wsi-cloud/runs/2026-08-23-063822-weka-s7-7.5.b-endurance-all-four-4hr/heatmaps/proc3/TCGA-B6-A0IH-01Z-00-DX1.3463B12E-D1B0-4FB2-B257-BFD63BA2B6BF.tiff,12182375
79,TCGA-BH-A0E7-01Z-00-DX1.7FEE54C4-3795-403C-85B9-FF932BE56788,3,4,3375.897618,7912,256,35.720,29021.675,0.732,1886.207,30944.334,kvikio,virchow2,warm,,tiff5x,/home/ec2-user/wsi-cloud/runs/2026-08-23-063822-weka-s7-7.5.b-endurance-all-four-4hr/heatmaps/proc3/TCGA-BH-A0E7-01Z-00-DX1.7FEE54C4-3795-403C-85B9-FF932BE56788.tiff,5940481
80,TCGA-C8-A275-01Z-00-DX1.44D27E67-4DD6-4893-B38A-01E48F5A358A,3,4,3406.842093,12354,256,45.635,44951.149,0.876,1307.624,46305.284,kvikio,virchow2,warm,,tiff5x,/home/ec2-user/wsi-cloud/runs/2026-08-23-063822-weka-s7-7.5.b-endurance-all-four-4hr/heatmaps/proc3/TCGA-C8-A275-01Z-00-DX1.44D27E67-4DD6-4893-B38A-01E48F5A358A.tiff,6753588
81,TCGA-D8-A1XT-01Z-00-DX1.9E4DEEEB-AB0A-45F6-A69B-65B3E6F22D46,3,4,3453.147522,15831,256,62.260,58025.747,1.240,3958.922,62048.169,kvikio,virchow2,warm,,tiff5x,/home/ec2-user/wsi-cloud/runs/2026-08-23-063822-weka-s7-7.5.b-endurance-all-four-4hr/heatmaps/proc3/TCGA-D8-A1XT-01Z-00-DX1.9E4DEEEB-AB0A-45F6-A69B-65B3E6F22D46.tiff,10089377
82,TCGA-E2-A15K-01Z-00-DX1.9F424BE2-9BFE-4DFF-8CC9-10D2DADBBEA7,3,4,3515.195913,5719,256,27.005,20755.400,0.614,1506.838,22289.857,kvikio,virchow2,warm,,tiff5x,/home/ec2-user/wsi-cloud/runs/2026-08-23-063822-weka-s7-7.5.b-endurance-all-four-4hr/heatmaps/proc3/TCGA-E2-A15K-01Z-00-DX1.9F424BE2-9BFE-4DFF-8CC9-10D2DADBBEA7.tiff,4392473
83,TCGA-PE-A5DC-01Z-00-DX1.8E6953AD-C14A-43F5-B062-E31AB13C7BDF,3,4,3537.485910,6251,256,23.237,22739.232,0.550,1040.294,23803.314,kvikio,virchow2,warm,,tiff5x,/home/ec2-user/wsi-cloud/runs/2026-08-23-063822-weka-s7-7.5.b-endurance-all-four-4hr/heatmaps/proc3/TCGA-PE-A5DC-01Z-00-DX1.8E6953AD-C14A-43F5-B062-E31AB13C7BDF.tiff,3947239
84,TCGA-A2-A0EY-01Z-00-DX1.2F2428B3-0767-48E0-AC22-443C244CBD16,3,4,3561.289376,26624,256,112.151,96734.379,1.875,3080.474,99928.880,kvikio,virchow2,warm,,tiff5x,/home/ec2-user/wsi-cloud/runs/2026-08-23-063822-weka-s7-7.5.b-endurance-all-four-4hr/heatmaps/proc3/TCGA-A2-A0EY-01Z-00-DX1.2F2428B3-0767-48E0-AC22-443C244CBD16.tiff,14037415
85,TCGA-A7-A13F-01Z-00-DX1.AB4ADDD3-8E1C-4AB9-813E-D137A2CFB950,3,4,3661.218438,6253,256,31.689,22941.577,0.570,958.104,23931.940,kvikio,virchow2,warm,,tiff5x,/home/ec2-user/wsi-cloud/runs/2026-08-23-063822-weka-s7-7.5.b-endurance-all-four-4hr/heatmaps/proc3/TCGA-A7-A13F-01Z-00-DX1.AB4ADDD3-8E1C-4AB9-813E-D137A2CFB950.tiff,3427968
86,TCGA-A8-A076-01Z-00-DX1.BAAC4F9C-0C04-42FB-95F4-D765305089B8,3,4,3685.150516,4311,256,16.497,15873.168,0.640,1363.921,17254.225,kvikio,virchow2,warm,,tiff5x,/home/ec2-user/wsi-cloud/runs/2026-08-23-063822-weka-s7-7.5.b-endurance-all-four-4hr/heatmaps/proc3/TCGA-A8-A076-01Z-00-DX1.BAAC4F9C-0C04-42FB-95F4-D765305089B8.tiff,3137829
87,TCGA-A8-A090-01Z-00-DX1.01574070-D65E-486F-B69D-0F8E3816D057,3,4,3702.404883,1606,256,8.057,5914.463,0.609,292.942,6216.071,kvikio,virchow2,warm,,tiff5x,/home/ec2-user/wsi-cloud/runs/2026-08-23-063822-weka-s7-7.5.b-endurance-all-four-4hr/heatmaps/proc3/TCGA-A8-A090-01Z-00-DX1.01574070-D65E-486F-B69D-0F8E3816D057.tiff,1305590
88,TCGA-AN-A0FT-01Z-00-DX1.6F263AB3-FB1D-4056-AEC2-4F163017324F,3,4,3708.621099,6236,256,24.849,22923.317,0.503,1597.136,24545.805,kvikio,virchow2,warm,,tiff5x,/home/ec2-user/wsi-cloud/runs/2026-08-23-063822-weka-s7-7.5.b-endurance-all-four-4hr/heatmaps/proc3/TCGA-AN-A0FT-01Z-00-DX1.6F263AB3-FB1D-4056-AEC2-4F163017324F.tiff,3722907
89,TCGA-AR-A252-01Z-00-DX1.2E7EE069-A0B8-489B-A2F0-3175FB58F468,3,4,3733.167043,14876,256,56.216,54762.278,1.015,3081.338,57900.846,kvikio,virchow2,warm,,tiff5x,/home/ec2-user/wsi-cloud/runs/2026-08-23-063822-weka-s7-7.5.b-endurance-all-four-4hr/heatmaps/proc3/TCGA-AR-A252-01Z-00-DX1.2E7EE069-A0B8-489B-A2F0-3175FB58F468.tiff,9955586
90,TCGA-B6-A0IH-01Z-00-DX1.3463B12E-D1B0-4FB2-B257-BFD63BA2B6BF,3,4,3791.068029,22889,256,93.061,84189.277,1.744,3190.823,87474.904,kvikio,virchow2,warm,,tiff5x,/home/ec2-user/wsi-cloud/runs/2026-08-23-063822-weka-s7-7.5.b-endurance-all-four-4hr/heatmaps/proc3/TCGA-B6-A0IH-01Z-00-DX1.3463B12E-D1B0-4FB2-B257-BFD63BA2B6BF.tiff,12182375
91,TCGA-BH-A0E7-01Z-00-DX1.7FEE54C4-3795-403C-85B9-FF932BE56788,3,4,3878.543288,7912,256,34.024,29031.504,0.943,1881.319,30947.789,kvikio,virchow2,warm,,tiff5x,/home/ec2-user/wsi-cloud/runs/2026-08-23-063822-weka-s7-7.5.b-endurance-all-four-4hr/heatmaps/proc3/TCGA-BH-A0E7-01Z-00-DX1.7FEE54C4-3795-403C-85B9-FF932BE56788.tiff,5940481
92,TCGA-C8-A275-01Z-00-DX1.44D27E67-4DD6-4893-B38A-01E48F5A358A,3,4,3909.491215,12354,256,48.555,45436.740,0.917,1304.442,46790.655,kvikio,virchow2,warm,,tiff5x,/home/ec2-user/wsi-cloud/runs/2026-08-23-063822-weka-s7-7.5.b-endurance-all-four-4hr/heatmaps/proc3/TCGA-C8-A275-01Z-00-DX1.44D27E67-4DD6-4893-B38A-01E48F5A358A.tiff,6753588
93,TCGA-D8-A1XT-01Z-00-DX1.9E4DEEEB-AB0A-45F6-A69B-65B3E6F22D46,3,4,3956.282019,15831,256,65.278,58159.842,1.245,3814.327,62040.692,kvikio,virchow2,warm,,tiff5x,/home/ec2-user/wsi-cloud/runs/2026-08-23-063822-weka-s7-7.5.b-endurance-all-four-4hr/heatmaps/proc3/TCGA-D8-A1XT-01Z-00-DX1.9E4DEEEB-AB0A-45F6-A69B-65B3E6F22D46.tiff,10089377
94,TCGA-E2-A15K-01Z-00-DX1.9F424BE2-9BFE-4DFF-8CC9-10D2DADBBEA7,3,4,4018.322905,5719,256,20.656,20940.833,0.600,1495.320,22457.409,kvikio,virchow2,warm,,tiff5x,/home/ec2-user/wsi-cloud/runs/2026-08-23-063822-weka-s7-7.5.b-endurance-all-four-4hr/heatmaps/proc3/TCGA-E2-A15K-01Z-00-DX1.9F424BE2-9BFE-4DFF-8CC9-10D2DADBBEA7.tiff,4392473
95,TCGA-PE-A5DC-01Z-00-DX1.8E6953AD-C14A-43F5-B062-E31AB13C7BDF,3,4,4040.780461,6251,256,22.819,22923.456,0.570,1137.824,24084.669,kvikio,virchow2,warm,,tiff5x,/home/ec2-user/wsi-cloud/runs/2026-08-23-063822-weka-s7-7.5.b-endurance-all-four-4hr/heatmaps/proc3/TCGA-PE-A5DC-01Z-00-DX1.8E6953AD-C14A-43F5-B062-E31AB13C7BDF.tiff,3947239
96,TCGA-A2-A0EY-01Z-00-DX1.2F2428B3-0767-48E0-AC22-443C244CBD16,3,4,4064.865274,26624,256,115.361,98032.936,2.024,3065.862,101216.182,kvikio,virchow2,warm,,tiff5x,/home/ec2-user/wsi-cloud/runs/2026-08-23-063822-weka-s7-7.5.b-endurance-all-four-4hr/heatmaps/proc3/TCGA-A2-A0EY-01Z-00-DX1.2F2428B3-0767-48E0-AC22-443C244CBD16.tiff,14037415
97,TCGA-A7-A13F-01Z-00-DX1.AB4ADDD3-8E1C-4AB9-813E-D137A2CFB950,3,4,4166.081645,6253,256,28.678,22978.105,0.552,962.353,23969.687,kvikio,virchow2,warm,,tiff5x,/home/ec2-user/wsi-cloud/runs/2026-08-23-063822-weka-s7-7.5.b-endurance-all-four-4hr/heatmaps/proc3/TCGA-A7-A13F-01Z-00-DX1.AB4ADDD3-8E1C-4AB9-813E-D137A2CFB950.tiff,3427968
98,TCGA-A8-A076-01Z-00-DX1.BAAC4F9C-0C04-42FB-95F4-D765305089B8,3,4,4190.051477,4311,256,18.131,15853.326,0.573,1356.583,17228.613,kvikio,virchow2,warm,,tiff5x,/home/ec2-user/wsi-cloud/runs/2026-08-23-063822-weka-s7-7.5.b-endurance-all-four-4hr/heatmaps/proc3/TCGA-A8-A076-01Z-00-DX1.BAAC4F9C-0C04-42FB-95F4-D765305089B8.tiff,3137829
99,TCGA-A8-A090-01Z-00-DX1.01574070-D65E-486F-B69D-0F8E3816D057,3,4,4207.280225,1606,256,7.359,5903.154,0.536,287.248,6198.296,kvikio,virchow2,warm,,tiff5x,/home/ec2-user/wsi-cloud/runs/2026-08-23-063822-weka-s7-7.5.b-endurance-all-four-4hr/heatmaps/proc3/TCGA-A8-A090-01Z-00-DX1.01574070-D65E-486F-B69D-0F8E3816D057.tiff,1305590
100,TCGA-AN-A0FT-01Z-00-DX1.6F263AB3-FB1D-4056-AEC2-4F163017324F,3,4,4213.478653,6236,256,26.691,22936.032,0.551,1597.170,24560.444,kvikio,virchow2,warm,,tiff5x,/home/ec2-user/wsi-cloud/runs/2026-08-23-063822-weka-s7-7.5.b-endurance-all-four-4hr/heatmaps/proc3/TCGA-AN-A0FT-01Z-00-DX1.6F263AB3-FB1D-4056-AEC2-4F163017324F.tiff,3722907
101,TCGA-AR-A252-01Z-00-DX1.2E7EE069-A0B8-489B-A2F0-3175FB58F468,3,4,4238.039238,14876,256,59.344,54796.464,0.983,2991.591,57848.381,kvikio,virchow2,warm,,tiff5x,/home/ec2-user/wsi-cloud/runs/2026-08-23-063822-weka-s7-7.5.b-endurance-all-four-4hr/heatmaps/proc3/TCGA-AR-A252-01Z-00-DX1.2E7EE069-A0B8-489B-A2F0-3175FB58F468.tiff,9955586
102,TCGA-B6-A0IH-01Z-00-DX1.3463B12E-D1B0-4FB2-B257-BFD63BA2B6BF,3,4,4295.887763,22889,256,94.030,84256.853,1.611,3009.111,87361.604,kvikio,virchow2,warm,,tiff5x,/home/ec2-user/wsi-cloud/runs/2026-08-23-063822-weka-s7-7.5.b-endurance-all-four-4hr/heatmaps/proc3/TCGA-B6-A0IH-01Z-00-DX1.3463B12E-D1B0-4FB2-B257-BFD63BA2B6BF.tiff,12182375
103,TCGA-BH-A0E7-01Z-00-DX1.7FEE54C4-3795-403C-85B9-FF932BE56788,3,4,4383.249548,7912,256,39.432,29113.930,1.013,1986.607,31140.982,kvikio,virchow2,warm,,tiff5x,/home/ec2-user/wsi-cloud/runs/2026-08-23-063822-weka-s7-7.5.b-endurance-all-four-4hr/heatmaps/proc3/TCGA-BH-A0E7-01Z-00-DX1.7FEE54C4-3795-403C-85B9-FF932BE56788.tiff,5940481
104,TCGA-C8-A275-01Z-00-DX1.44D27E67-4DD6-4893-B38A-01E48F5A358A,3,4,4414.390678,12354,256,47.646,45513.245,0.855,1307.856,46869.602,kvikio,virchow2,warm,,tiff5x,/home/ec2-user/wsi-cloud/runs/2026-08-23-063822-weka-s7-7.5.b-endurance-all-four-4hr/heatmaps/proc3/TCGA-C8-A275-01Z-00-DX1.44D27E67-4DD6-4893-B38A-01E48F5A358A.tiff,6753588
105,TCGA-D8-A1XT-01Z-00-DX1.9E4DEEEB-AB0A-45F6-A69B-65B3E6F22D46,3,4,4461.260432,15831,256,60.606,57691.663,1.120,3784.590,61537.978,kvikio,virchow2,warm,,tiff5x,/home/ec2-user/wsi-cloud/runs/2026-08-23-063822-weka-s7-7.5.b-endurance-all-four-4hr/heatmaps/proc3/TCGA-D8-A1XT-01Z-00-DX1.9E4DEEEB-AB0A-45F6-A69B-65B3E6F22D46.tiff,10089377
106,TCGA-E2-A15K-01Z-00-DX1.9F424BE2-9BFE-4DFF-8CC9-10D2DADBBEA7,3,4,4522.798629,5719,256,25.213,20880.651,0.516,1528.848,22435.228,kvikio,virchow2,warm,,tiff5x,/home/ec2-user/wsi-cloud/runs/2026-08-23-063822-weka-s7-7.5.b-endurance-all-four-4hr/heatmaps/proc3/TCGA-E2-A15K-01Z-00-DX1.9F424BE2-9BFE-4DFF-8CC9-10D2DADBBEA7.tiff,4392473
107,TCGA-PE-A5DC-01Z-00-DX1.8E6953AD-C14A-43F5-B062-E31AB13C7BDF,3,4,4545.233992,6251,256,23.185,22995.595,0.657,1032.764,24052.201,kvikio,virchow2,warm,,tiff5x,/home/ec2-user/wsi-cloud/runs/2026-08-23-063822-weka-s7-7.5.b-endurance-all-four-4hr/heatmaps/proc3/TCGA-PE-A5DC-01Z-00-DX1.8E6953AD-C14A-43F5-B062-E31AB13C7BDF.tiff,3947239
108,TCGA-A2-A0EY-01Z-00-DX1.2F2428B3-0767-48E0-AC22-443C244CBD16,3,4,4569.286327,26624,256,108.994,96403.723,1.969,3136.576,99651.263,kvikio,virchow2,warm,,tiff5x,/home/ec2-user/wsi-cloud/runs/2026-08-23-063822-weka-s7-7.5.b-endurance-all-four-4hr/heatmaps/proc3/TCGA-A2-A0EY-01Z-00-DX1.2F2428B3-0767-48E0-AC22-443C244CBD16.tiff,14037415
109,TCGA-A7-A13F-01Z-00-DX1.AB4ADDD3-8E1C-4AB9-813E-D137A2CFB950,3,4,4668.937780,6253,256,29.262,22934.462,0.946,1006.206,23970.876,kvikio,virchow2,warm,,tiff5x,/home/ec2-user/wsi-cloud/runs/2026-08-23-063822-weka-s7-7.5.b-endurance-all-four-4hr/heatmaps/proc3/TCGA-A7-A13F-01Z-00-DX1.AB4ADDD3-8E1C-4AB9-813E-D137A2CFB950.tiff,3427968
110,TCGA-A8-A076-01Z-00-DX1.BAAC4F9C-0C04-42FB-95F4-D765305089B8,3,4,4692.908804,4311,256,16.386,15865.352,0.824,1405.282,17287.845,kvikio,virchow2,warm,,tiff5x,/home/ec2-user/wsi-cloud/runs/2026-08-23-063822-weka-s7-7.5.b-endurance-all-four-4hr/heatmaps/proc3/TCGA-A8-A076-01Z-00-DX1.BAAC4F9C-0C04-42FB-95F4-D765305089B8.tiff,3137829
111,TCGA-A8-A090-01Z-00-DX1.01574070-D65E-486F-B69D-0F8E3816D057,3,4,4710.196977,1606,256,8.060,5828.024,0.539,291.090,6127.713,kvikio,virchow2,warm,,tiff5x,/home/ec2-user/wsi-cloud/runs/2026-08-23-063822-weka-s7-7.5.b-endurance-all-four-4hr/heatmaps/proc3/TCGA-A8-A090-01Z-00-DX1.01574070-D65E-486F-B69D-0F8E3816D057.tiff,1305590
112,TCGA-AN-A0FT-01Z-00-DX1.6F263AB3-FB1D-4056-AEC2-4F163017324F,3,4,4716.324822,6236,256,23.123,22442.162,0.821,1633.299,24099.406,kvikio,virchow2,warm,,tiff5x,/home/ec2-user/wsi-cloud/runs/2026-08-23-063822-weka-s7-7.5.b-endurance-all-four-4hr/heatmaps/proc3/TCGA-AN-A0FT-01Z-00-DX1.6F263AB3-FB1D-4056-AEC2-4F163017324F.tiff,3722907
113,TCGA-AR-A252-01Z-00-DX1.2E7EE069-A0B8-489B-A2F0-3175FB58F468,3,4,4740.424384,14876,256,60.006,53469.783,0.962,3002.010,56532.759,kvikio,virchow2,warm,,tiff5x,/home/ec2-user/wsi-cloud/runs/2026-08-23-063822-weka-s7-7.5.b-endurance-all-four-4hr/heatmaps/proc3/TCGA-AR-A252-01Z-00-DX1.2E7EE069-A0B8-489B-A2F0-3175FB58F468.tiff,9955586
114,TCGA-B6-A0IH-01Z-00-DX1.3463B12E-D1B0-4FB2-B257-BFD63BA2B6BF,3,4,4796.957293,22889,256,95.028,83787.607,1.625,3116.022,87000.283,kvikio,virchow2,warm,,tiff5x,/home/ec2-user/wsi-cloud/runs/2026-08-23-063822-weka-s7-7.5.b-endurance-all-four-4hr/heatmaps/proc3/TCGA-B6-A0IH-01Z-00-DX1.3463B12E-D1B0-4FB2-B257-BFD63BA2B6BF.tiff,12182375
115,TCGA-BH-A0E7-01Z-00-DX1.7FEE54C4-3795-403C-85B9-FF932BE56788,3,4,4883.957759,7912,256,38.234,28993.869,1.008,1902.683,30935.794,kvikio,virchow2,warm,,tiff5x,/home/ec2-user/wsi-cloud/runs/2026-08-23-063822-weka-s7-7.5.b-endurance-all-four-4hr/heatmaps/proc3/TCGA-BH-A0E7-01Z-00-DX1.7FEE54C4-3795-403C-85B9-FF932BE56788.tiff,5940481
116,TCGA-C8-A275-01Z-00-DX1.44D27E67-4DD6-4893-B38A-01E48F5A358A,3,4,4914.893689,12354,256,47.916,45019.917,0.884,1334.558,46403.274,kvikio,virchow2,warm,,tiff5x,/home/ec2-user/wsi-cloud/runs/2026-08-23-063822-weka-s7-7.5.b-endurance-all-four-4hr/heatmaps/proc3/TCGA-C8-A275-01Z-00-DX1.44D27E67-4DD6-4893-B38A-01E48F5A358A.tiff,6753588
117,TCGA-D8-A1XT-01Z-00-DX1.9E4DEEEB-AB0A-45F6-A69B-65B3E6F22D46,3,4,4961.297107,15831,256,66.945,58066.833,1.181,3794.450,61929.408,kvikio,virchow2,warm,,tiff5x,/home/ec2-user/wsi-cloud/runs/2026-08-23-063822-weka-s7-7.5.b-endurance-all-four-4hr/heatmaps/proc3/TCGA-D8-A1XT-01Z-00-DX1.9E4DEEEB-AB0A-45F6-A69B-65B3E6F22D46.tiff,10089377
118,TCGA-E2-A15K-01Z-00-DX1.9F424BE2-9BFE-4DFF-8CC9-10D2DADBBEA7,3,4,5023.226726,5719,256,26.456,20621.405,0.553,1513.215,22161.628,kvikio,virchow2,warm,,tiff5x,/home/ec2-user/wsi-cloud/runs/2026-08-23-063822-weka-s7-7.5.b-endurance-all-four-4hr/heatmaps/proc3/TCGA-E2-A15K-01Z-00-DX1.9F424BE2-9BFE-4DFF-8CC9-10D2DADBBEA7.tiff,4392473
119,TCGA-PE-A5DC-01Z-00-DX1.8E6953AD-C14A-43F5-B062-E31AB13C7BDF,3,4,5045.388505,6251,256,28.914,22662.264,0.554,1132.866,23824.599,kvikio,virchow2,warm,,tiff5x,/home/ec2-user/wsi-cloud/runs/2026-08-23-063822-weka-s7-7.5.b-endurance-all-four-4hr/heatmaps/proc3/TCGA-PE-A5DC-01Z-00-DX1.8E6953AD-C14A-43F5-B062-E31AB13C7BDF.tiff,3947239
120,TCGA-A2-A0EY-01Z-00-DX1.2F2428B3-0767-48E0-AC22-443C244CBD16,3,4,5069.213427,26624,256,114.618,97010.452,1.885,2942.317,100069.272,kvikio,virchow2,warm,,tiff5x,/home/ec2-user/wsi-cloud/runs/2026-08-23-063822-weka-s7-7.5.b-endurance-all-four-4hr/heatmaps/proc3/TCGA-A2-A0EY-01Z-00-DX1.2F2428B3-0767-48E0-AC22-443C244CBD16.tiff,14037415
121,TCGA-A7-A13F-01Z-00-DX1.AB4ADDD3-8E1C-4AB9-813E-D137A2CFB950,3,4,5169.282870,6253,256,28.703,22714.822,0.526,961.716,23705.767,kvikio,virchow2,warm,,tiff5x,/home/ec2-user/wsi-cloud/runs/2026-08-23-063822-weka-s7-7.5.b-endurance-all-four-4hr/heatmaps/proc3/TCGA-A7-A13F-01Z-00-DX1.AB4ADDD3-8E1C-4AB9-813E-D137A2CFB950.tiff,3427968
122,TCGA-A8-A076-01Z-00-DX1.BAAC4F9C-0C04-42FB-95F4-D765305089B8,3,4,5192.988914,4311,256,16.581,15771.470,0.571,1365.282,17153.903,kvikio,virchow2,warm,,tiff5x,/home/ec2-user/wsi-cloud/runs/2026-08-23-063822-weka-s7-7.5.b-endurance-all-four-4hr/heatmaps/proc3/TCGA-A8-A076-01Z-00-DX1.BAAC4F9C-0C04-42FB-95F4-D765305089B8.tiff,3137829
123,TCGA-A8-A090-01Z-00-DX1.01574070-D65E-486F-B69D-0F8E3816D057,3,4,5210.142957,1606,256,7.441,5918.857,0.515,288.930,6215.743,kvikio,virchow2,warm,,tiff5x,/home/ec2-user/wsi-cloud/runs/2026-08-23-063822-weka-s7-7.5.b-endurance-all-four-4hr/heatmaps/proc3/TCGA-A8-A090-01Z-00-DX1.01574070-D65E-486F-B69D-0F8E3816D057.tiff,1305590
124,TCGA-AN-A0FT-01Z-00-DX1.6F263AB3-FB1D-4056-AEC2-4F163017324F,3,4,5216.358837,6236,256,25.312,22914.039,0.661,1638.936,24578.948,kvikio,virchow2,warm,,tiff5x,/home/ec2-user/wsi-cloud/runs/2026-08-23-063822-weka-s7-7.5.b-endurance-all-four-4hr/heatmaps/proc3/TCGA-AN-A0FT-01Z-00-DX1.6F263AB3-FB1D-4056-AEC2-4F163017324F.tiff,3722907
125,TCGA-AR-A252-01Z-00-DX1.2E7EE069-A0B8-489B-A2F0-3175FB58F468,3,4,5240.937929,14876,256,62.011,54184.663,0.988,2994.545,57242.208,kvikio,virchow2,warm,,tiff5x,/home/ec2-user/wsi-cloud/runs/2026-08-23-063822-weka-s7-7.5.b-endurance-all-four-4hr/heatmaps/proc3/TCGA-AR-A252-01Z-00-DX1.2E7EE069-A0B8-489B-A2F0-3175FB58F468.tiff,9955586
126,TCGA-B6-A0IH-01Z-00-DX1.3463B12E-D1B0-4FB2-B257-BFD63BA2B6BF,3,4,5298.180289,22889,256,103.873,83708.739,1.613,3057.592,86871.817,kvikio,virchow2,warm,,tiff5x,/home/ec2-user/wsi-cloud/runs/2026-08-23-063822-weka-s7-7.5.b-endurance-all-four-4hr/heatmaps/proc3/TCGA-B6-A0IH-01Z-00-DX1.3463B12E-D1B0-4FB2-B257-BFD63BA2B6BF.tiff,12182375
127,TCGA-BH-A0E7-01Z-00-DX1.7FEE54C4-3795-403C-85B9-FF932BE56788,3,4,5385.052265,7912,256,34.739,29021.366,0.856,1870.366,30927.328,kvikio,virchow2,warm,,tiff5x,/home/ec2-user/wsi-cloud/runs/2026-08-23-063822-weka-s7-7.5.b-endurance-all-four-4hr/heatmaps/proc3/TCGA-BH-A0E7-01Z-00-DX1.7FEE54C4-3795-403C-85B9-FF932BE56788.tiff,5940481
128,TCGA-C8-A275-01Z-00-DX1.44D27E67-4DD6-4893-B38A-01E48F5A358A,3,4,5415.979745,12354,256,50.968,45084.703,0.855,1380.906,46517.432,kvikio,virchow2,warm,,tiff5x,/home/ec2-user/wsi-cloud/runs/2026-08-23-063822-weka-s7-7.5.b-endurance-all-four-4hr/heatmaps/proc3/TCGA-C8-A275-01Z-00-DX1.44D27E67-4DD6-4893-B38A-01E48F5A358A.tiff,6753588
129,TCGA-D8-A1XT-01Z-00-DX1.9E4DEEEB-AB0A-45F6-A69B-65B3E6F22D46,3,4,5462.497345,15831,256,71.351,58186.015,1.264,3926.541,62185.171,kvikio,virchow2,warm,,tiff5x,/home/ec2-user/wsi-cloud/runs/2026-08-23-063822-weka-s7-7.5.b-endurance-all-four-4hr/heatmaps/proc3/TCGA-D8-A1XT-01Z-00-DX1.9E4DEEEB-AB0A-45F6-A69B-65B3E6F22D46.tiff,10089377
130,TCGA-E2-A15K-01Z-00-DX1.9F424BE2-9BFE-4DFF-8CC9-10D2DADBBEA7,3,4,5524.682757,5719,256,25.207,20987.509,1.067,1600.878,22614.661,kvikio,virchow2,warm,,tiff5x,/home/ec2-user/wsi-cloud/runs/2026-08-23-063822-weka-s7-7.5.b-endurance-all-four-4hr/heatmaps/proc3/TCGA-E2-A15K-01Z-00-DX1.9F424BE2-9BFE-4DFF-8CC9-10D2DADBBEA7.tiff,4392473
131,TCGA-PE-A5DC-01Z-00-DX1.8E6953AD-C14A-43F5-B062-E31AB13C7BDF,3,4,5547.297572,6251,256,26.434,22827.157,0.521,1020.955,23875.067,kvikio,virchow2,warm,,tiff5x,/home/ec2-user/wsi-cloud/runs/2026-08-23-063822-weka-s7-7.5.b-endurance-all-four-4hr/heatmaps/proc3/TCGA-PE-A5DC-01Z-00-DX1.8E6953AD-C14A-43F5-B062-E31AB13C7BDF.tiff,3947239
132,TCGA-A2-A0EY-01Z-00-DX1.2F2428B3-0767-48E0-AC22-443C244CBD16,3,4,5571.172777,26624,256,109.540,98012.195,1.891,3052.716,101176.342,kvikio,virchow2,warm,,tiff5x,/home/ec2-user/wsi-cloud/runs/2026-08-23-063822-weka-s7-7.5.b-endurance-all-four-4hr/heatmaps/proc3/TCGA-A2-A0EY-01Z-00-DX1.2F2428B3-0767-48E0-AC22-443C244CBD16.tiff,14037415
133,TCGA-A7-A13F-01Z-00-DX1.AB4ADDD3-8E1C-4AB9-813E-D137A2CFB950,3,4,5672.349299,6253,256,25.497,23012.620,0.523,966.441,24005.081,kvikio,virchow2,warm,,tiff5x,/home/ec2-user/wsi-cloud/runs/2026-08-23-063822-weka-s7-7.5.b-endurance-all-four-4hr/heatmaps/proc3/TCGA-A7-A13F-01Z-00-DX1.AB4ADDD3-8E1C-4AB9-813E-D137A2CFB950.tiff,3427968
134,TCGA-A8-A076-01Z-00-DX1.BAAC4F9C-0C04-42FB-95F4-D765305089B8,3,4,5696.354533,4311,256,19.151,15826.542,0.711,1371.649,17218.054,kvikio,virchow2,warm,,tiff5x,/home/ec2-user/wsi-cloud/runs/2026-08-23-063822-weka-s7-7.5.b-endurance-all-four-4hr/heatmaps/proc3/TCGA-A8-A076-01Z-00-DX1.BAAC4F9C-0C04-42FB-95F4-D765305089B8.tiff,3137829
135,TCGA-A8-A090-01Z-00-DX1.01574070-D65E-486F-B69D-0F8E3816D057,3,4,5713.572720,1606,256,8.443,5891.219,0.528,290.685,6190.875,kvikio,virchow2,warm,,tiff5x,/home/ec2-user/wsi-cloud/runs/2026-08-23-063822-weka-s7-7.5.b-endurance-all-four-4hr/heatmaps/proc3/TCGA-A8-A090-01Z-00-DX1.01574070-D65E-486F-B69D-0F8E3816D057.tiff,1305590
136,TCGA-AN-A0FT-01Z-00-DX1.6F263AB3-FB1D-4056-AEC2-4F163017324F,3,4,5719.763727,6236,256,26.614,22948.837,0.535,1601.046,24577.032,kvikio,virchow2,warm,,tiff5x,/home/ec2-user/wsi-cloud/runs/2026-08-23-063822-weka-s7-7.5.b-endurance-all-four-4hr/heatmaps/proc3/TCGA-AN-A0FT-01Z-00-DX1.6F263AB3-FB1D-4056-AEC2-4F163017324F.tiff,3722907
137,TCGA-AR-A252-01Z-00-DX1.2E7EE069-A0B8-489B-A2F0-3175FB58F468,3,4,5744.340902,14876,256,60.517,54777.444,0.996,2995.377,57834.334,kvikio,virchow2,warm,,tiff5x,/home/ec2-user/wsi-cloud/runs/2026-08-23-063822-weka-s7-7.5.b-endurance-all-four-4hr/heatmaps/proc3/TCGA-AR-A252-01Z-00-DX1.2E7EE069-A0B8-489B-A2F0-3175FB58F468.tiff,9955586
138,TCGA-B6-A0IH-01Z-00-DX1.3463B12E-D1B0-4FB2-B257-BFD63BA2B6BF,3,4,5802.175388,22889,256,97.738,84196.238,1.775,3080.040,87375.792,kvikio,virchow2,warm,,tiff5x,/home/ec2-user/wsi-cloud/runs/2026-08-23-063822-weka-s7-7.5.b-endurance-all-four-4hr/heatmaps/proc3/TCGA-B6-A0IH-01Z-00-DX1.3463B12E-D1B0-4FB2-B257-BFD63BA2B6BF.tiff,12182375
139,TCGA-BH-A0E7-01Z-00-DX1.7FEE54C4-3795-403C-85B9-FF932BE56788,3,4,5889.551359,7912,256,28.487,29123.551,0.683,1889.028,31041.750,kvikio,virchow2,warm,,tiff5x,/home/ec2-user/wsi-cloud/runs/2026-08-23-063822-weka-s7-7.5.b-endurance-all-four-4hr/heatmaps/proc3/TCGA-BH-A0E7-01Z-00-DX1.7FEE54C4-3795-403C-85B9-FF932BE56788.tiff,5940481
140,TCGA-C8-A275-01Z-00-DX1.44D27E67-4DD6-4893-B38A-01E48F5A358A,3,4,5920.593254,12354,256,51.130,45038.210,0.837,1318.593,46408.769,kvikio,virchow2,warm,,tiff5x,/home/ec2-user/wsi-cloud/runs/2026-08-23-063822-weka-s7-7.5.b-endurance-all-four-4hr/heatmaps/proc3/TCGA-C8-A275-01Z-00-DX1.44D27E67-4DD6-4893-B38A-01E48F5A358A.tiff,6753588
141,TCGA-D8-A1XT-01Z-00-DX1.9E4DEEEB-AB0A-45F6-A69B-65B3E6F22D46,3,4,5967.002171,15831,256,62.519,58110.841,1.119,4137.775,62312.255,kvikio,virchow2,warm,,tiff5x,/home/ec2-user/wsi-cloud/runs/2026-08-23-063822-weka-s7-7.5.b-endurance-all-four-4hr/heatmaps/proc3/TCGA-D8-A1XT-01Z-00-DX1.9E4DEEEB-AB0A-45F6-A69B-65B3E6F22D46.tiff,10089377
142,TCGA-E2-A15K-01Z-00-DX1.9F424BE2-9BFE-4DFF-8CC9-10D2DADBBEA7,3,4,6029.314626,5719,256,20.394,20747.460,0.527,1501.532,22269.913,kvikio,virchow2,warm,,tiff5x,/home/ec2-user/wsi-cloud/runs/2026-08-23-063822-weka-s7-7.5.b-endurance-all-four-4hr/heatmaps/proc3/TCGA-E2-A15K-01Z-00-DX1.9F424BE2-9BFE-4DFF-8CC9-10D2DADBBEA7.tiff,4392473
143,TCGA-PE-A5DC-01Z-00-DX1.8E6953AD-C14A-43F5-B062-E31AB13C7BDF,3,4,6051.584676,6251,256,26.843,22651.884,0.584,1028.020,23707.331,kvikio,virchow2,warm,,tiff5x,/home/ec2-user/wsi-cloud/runs/2026-08-23-063822-weka-s7-7.5.b-endurance-all-four-4hr/heatmaps/proc3/TCGA-PE-A5DC-01Z-00-DX1.8E6953AD-C14A-43F5-B062-E31AB13C7BDF.tiff,3947239
144,TCGA-A2-A0EY-01Z-00-DX1.2F2428B3-0767-48E0-AC22-443C244CBD16,3,4,6075.292155,26624,256,113.819,97079.126,1.869,2960.301,100155.115,kvikio,virchow2,warm,,tiff5x,/home/ec2-user/wsi-cloud/runs/2026-08-23-063822-weka-s7-7.5.b-endurance-all-four-4hr/heatmaps/proc3/TCGA-A2-A0EY-01Z-00-DX1.2F2428B3-0767-48E0-AC22-443C244CBD16.tiff,14037415
145,TCGA-A7-A13F-01Z-00-DX1.AB4ADDD3-8E1C-4AB9-813E-D137A2CFB950,3,4,6175.447458,6253,256,27.838,22482.929,0.550,970.012,23481.329,kvikio,virchow2,warm,,tiff5x,/home/ec2-user/wsi-cloud/runs/2026-08-23-063822-weka-s7-7.5.b-endurance-all-four-4hr/heatmaps/proc3/TCGA-A7-A13F-01Z-00-DX1.AB4ADDD3-8E1C-4AB9-813E-D137A2CFB950.tiff,3427968
146,TCGA-A8-A076-01Z-00-DX1.BAAC4F9C-0C04-42FB-95F4-D765305089B8,3,4,6198.928936,4311,256,16.516,15660.976,0.645,1381.532,17059.670,kvikio,virchow2,warm,,tiff5x,/home/ec2-user/wsi-cloud/runs/2026-08-23-063822-weka-s7-7.5.b-endurance-all-four-4hr/heatmaps/proc3/TCGA-A8-A076-01Z-00-DX1.BAAC4F9C-0C04-42FB-95F4-D765305089B8.tiff,3137829
147,TCGA-A8-A090-01Z-00-DX1.01574070-D65E-486F-B69D-0F8E3816D057,3,4,6215.988742,1606,256,7.432,5861.486,0.551,295.220,6164.689,kvikio,virchow2,warm,,tiff5x,/home/ec2-user/wsi-cloud/runs/2026-08-23-063822-weka-s7-7.5.b-endurance-all-four-4hr/heatmaps/proc3/TCGA-A8-A090-01Z-00-DX1.01574070-D65E-486F-B69D-0F8E3816D057.tiff,1305590
148,TCGA-AN-A0FT-01Z-00-DX1.6F263AB3-FB1D-4056-AEC2-4F163017324F,3,4,6222.153561,6236,256,25.218,22912.186,0.521,1594.321,24532.246,kvikio,virchow2,warm,,tiff5x,/home/ec2-user/wsi-cloud/runs/2026-08-23-063822-weka-s7-7.5.b-endurance-all-four-4hr/heatmaps/proc3/TCGA-AN-A0FT-01Z-00-DX1.6F263AB3-FB1D-4056-AEC2-4F163017324F.tiff,3722907
149,TCGA-AR-A252-01Z-00-DX1.2E7EE069-A0B8-489B-A2F0-3175FB58F468,3,4,6246.685978,14876,256,64.818,54053.391,0.999,3110.646,57229.855,kvikio,virchow2,warm,,tiff5x,/home/ec2-user/wsi-cloud/runs/2026-08-23-063822-weka-s7-7.5.b-endurance-all-four-4hr/heatmaps/proc3/TCGA-AR-A252-01Z-00-DX1.2E7EE069-A0B8-489B-A2F0-3175FB58F468.tiff,9955586
150,TCGA-B6-A0IH-01Z-00-DX1.3463B12E-D1B0-4FB2-B257-BFD63BA2B6BF,3,4,6303.916024,22889,256,107.335,83330.871,1.616,3015.256,86455.077,kvikio,virchow2,warm,,tiff5x,/home/ec2-user/wsi-cloud/runs/2026-08-23-063822-weka-s7-7.5.b-endurance-all-four-4hr/heatmaps/proc3/TCGA-B6-A0IH-01Z-00-DX1.3463B12E-D1B0-4FB2-B257-BFD63BA2B6BF.tiff,12182375
151,TCGA-BH-A0E7-01Z-00-DX1.7FEE54C4-3795-403C-85B9-FF932BE56788,3,4,6390.371246,7912,256,28.385,28191.915,0.615,1887.417,30108.331,kvikio,virchow2,warm,,tiff5x,/home/ec2-user/wsi-cloud/runs/2026-08-23-063822-weka-s7-7.5.b-endurance-all-four-4hr/heatmaps/proc3/TCGA-BH-A0E7-01Z-00-DX1.7FEE54C4-3795-403C-85B9-FF932BE56788.tiff,5940481
152,TCGA-C8-A275-01Z-00-DX1.44D27E67-4DD6-4893-B38A-01E48F5A358A,3,4,6420.479721,12354,256,45.091,44673.765,0.877,1293.495,46013.227,kvikio,virchow2,warm,,tiff5x,/home/ec2-user/wsi-cloud/runs/2026-08-23-063822-weka-s7-7.5.b-endurance-all-four-4hr/heatmaps/proc3/TCGA-C8-A275-01Z-00-DX1.44D27E67-4DD6-4893-B38A-01E48F5A358A.tiff,6753588
153,TCGA-D8-A1XT-01Z-00-DX1.9E4DEEEB-AB0A-45F6-A69B-65B3E6F22D46,3,4,6466.493091,15831,256,66.443,58048.751,1.195,3808.020,61924.408,kvikio,virchow2,warm,,tiff5x,/home/ec2-user/wsi-cloud/runs/2026-08-23-063822-weka-s7-7.5.b-endurance-all-four-4hr/heatmaps/proc3/TCGA-D8-A1XT-01Z-00-DX1.9E4DEEEB-AB0A-45F6-A69B-65B3E6F22D46.tiff,10089377
154,TCGA-E2-A15K-01Z-00-DX1.9F424BE2-9BFE-4DFF-8CC9-10D2DADBBEA7,3,4,6528.417652,5719,256,25.974,20718.412,0.569,1510.845,22255.800,kvikio,virchow2,warm,,tiff5x,/home/ec2-user/wsi-cloud/runs/2026-08-23-063822-weka-s7-7.5.b-endurance-all-four-4hr/heatmaps/proc3/TCGA-E2-A15K-01Z-00-DX1.9F424BE2-9BFE-4DFF-8CC9-10D2DADBBEA7.tiff,4392473
155,TCGA-PE-A5DC-01Z-00-DX1.8E6953AD-C14A-43F5-B062-E31AB13C7BDF,3,4,6550.673586,6251,256,23.544,22778.580,0.620,1031.627,23834.372,kvikio,virchow2,warm,,tiff5x,/home/ec2-user/wsi-cloud/runs/2026-08-23-063822-weka-s7-7.5.b-endurance-all-four-4hr/heatmaps/proc3/TCGA-PE-A5DC-01Z-00-DX1.8E6953AD-C14A-43F5-B062-E31AB13C7BDF.tiff,3947239
156,TCGA-A2-A0EY-01Z-00-DX1.2F2428B3-0767-48E0-AC22-443C244CBD16,3,4,6574.508094,26624,256,109.261,97617.884,2.027,2988.388,100717.559,kvikio,virchow2,warm,,tiff5x,/home/ec2-user/wsi-cloud/runs/2026-08-23-063822-weka-s7-7.5.b-endurance-all-four-4hr/heatmaps/proc3/TCGA-A2-A0EY-01Z-00-DX1.2F2428B3-0767-48E0-AC22-443C244CBD16.tiff,14037415
157,TCGA-A7-A13F-01Z-00-DX1.AB4ADDD3-8E1C-4AB9-813E-D137A2CFB950,3,4,6675.225812,6253,256,29.845,23049.454,0.895,975.664,24055.859,kvikio,virchow2,warm,,tiff5x,/home/ec2-user/wsi-cloud/runs/2026-08-23-063822-weka-s7-7.5.b-endurance-all-four-4hr/heatmaps/proc3/TCGA-A7-A13F-01Z-00-DX1.AB4ADDD3-8E1C-4AB9-813E-D137A2CFB950.tiff,3427968
158,TCGA-A8-A076-01Z-00-DX1.BAAC4F9C-0C04-42FB-95F4-D765305089B8,3,4,6699.281815,4311,256,16.730,15670.628,0.950,1381.112,17069.419,kvikio,virchow2,warm,,tiff5x,/home/ec2-user/wsi-cloud/runs/2026-08-23-063822-weka-s7-7.5.b-endurance-all-four-4hr/heatmaps/proc3/TCGA-A8-A076-01Z-00-DX1.BAAC4F9C-0C04-42FB-95F4-D765305089B8.tiff,3137829
159,TCGA-A8-A090-01Z-00-DX1.01574070-D65E-486F-B69D-0F8E3816D057,3,4,6716.351380,1606,256,7.418,5788.519,0.713,294.247,6090.897,kvikio,virchow2,warm,,tiff5x,/home/ec2-user/wsi-cloud/runs/2026-08-23-063822-weka-s7-7.5.b-endurance-all-four-4hr/heatmaps/proc3/TCGA-A8-A090-01Z-00-DX1.01574070-D65E-486F-B69D-0F8E3816D057.tiff,1305590
160,TCGA-AN-A0FT-01Z-00-DX1.6F263AB3-FB1D-4056-AEC2-4F163017324F,3,4,6722.442406,6236,256,23.787,22489.688,0.843,1615.674,24129.993,kvikio,virchow2,warm,,tiff5x,/home/ec2-user/wsi-cloud/runs/2026-08-23-063822-weka-s7-7.5.b-endurance-all-four-4hr/heatmaps/proc3/TCGA-AN-A0FT-01Z-00-DX1.6F263AB3-FB1D-4056-AEC2-4F163017324F.tiff,3722907
161,TCGA-AR-A252-01Z-00-DX1.2E7EE069-A0B8-489B-A2F0-3175FB58F468,3,4,6746.572542,14876,256,60.718,54104.228,1.042,3194.945,57360.933,kvikio,virchow2,warm,,tiff5x,/home/ec2-user/wsi-cloud/runs/2026-08-23-063822-weka-s7-7.5.b-endurance-all-four-4hr/heatmaps/proc3/TCGA-AR-A252-01Z-00-DX1.2E7EE069-A0B8-489B-A2F0-3175FB58F468.tiff,9955586
162,TCGA-B6-A0IH-01Z-00-DX1.3463B12E-D1B0-4FB2-B257-BFD63BA2B6BF,3,4,6803.933631,22889,256,98.489,83837.451,1.705,3117.806,87055.452,kvikio,virchow2,warm,,tiff5x,/home/ec2-user/wsi-cloud/runs/2026-08-23-063822-weka-s7-7.5.b-endurance-all-four-4hr/heatmaps/proc3/TCGA-B6-A0IH-01Z-00-DX1.3463B12E-D1B0-4FB2-B257-BFD63BA2B6BF.tiff,12182375
163,TCGA-BH-A0E7-01Z-00-DX1.7FEE54C4-3795-403C-85B9-FF932BE56788,3,4,6890.989240,7912,256,34.128,29059.863,0.901,1891.636,30986.527,kvikio,virchow2,warm,,tiff5x,/home/ec2-user/wsi-cloud/runs/2026-08-23-063822-weka-s7-7.5.b-endurance-all-four-4hr/heatmaps/proc3/TCGA-BH-A0E7-01Z-00-DX1.7FEE54C4-3795-403C-85B9-FF932BE56788.tiff,5940481
164,TCGA-C8-A275-01Z-00-DX1.44D27E67-4DD6-4893-B38A-01E48F5A358A,3,4,6921.975902,12354,256,46.202,45497.237,0.836,1309.064,46853.339,kvikio,virchow2,warm,,tiff5x,/home/ec2-user/wsi-cloud/runs/2026-08-23-063822-weka-s7-7.5.b-endurance-all-four-4hr/heatmaps/proc3/TCGA-C8-A275-01Z-00-DX1.44D27E67-4DD6-4893-B38A-01E48F5A358A.tiff,6753588
165,TCGA-D8-A1XT-01Z-00-DX1.9E4DEEEB-AB0A-45F6-A69B-65B3E6F22D46,3,4,6968.829389,15831,256,60.959,58373.339,1.123,3817.602,62253.025,kvikio,virchow2,warm,,tiff5x,/home/ec2-user/wsi-cloud/runs/2026-08-23-063822-weka-s7-7.5.b-endurance-all-four-4hr/heatmaps/proc3/TCGA-D8-A1XT-01Z-00-DX1.9E4DEEEB-AB0A-45F6-A69B-65B3E6F22D46.tiff,10089377
166,TCGA-E2-A15K-01Z-00-DX1.9F424BE2-9BFE-4DFF-8CC9-10D2DADBBEA7,3,4,7031.082566,5719,256,20.841,21057.611,0.557,1507.684,22586.692,kvikio,virchow2,warm,,tiff5x,/home/ec2-user/wsi-cloud/runs/2026-08-23-063822-weka-s7-7.5.b-endurance-all-four-4hr/heatmaps/proc3/TCGA-E2-A15K-01Z-00-DX1.9F424BE2-9BFE-4DFF-8CC9-10D2DADBBEA7.tiff,4392473
167,TCGA-PE-A5DC-01Z-00-DX1.8E6953AD-C14A-43F5-B062-E31AB13C7BDF,3,4,7053.669406,6251,256,25.914,22998.128,0.733,1026.564,24051.338,kvikio,virchow2,warm,,tiff5x,/home/ec2-user/wsi-cloud/runs/2026-08-23-063822-weka-s7-7.5.b-endurance-all-four-4hr/heatmaps/proc3/TCGA-PE-A5DC-01Z-00-DX1.8E6953AD-C14A-43F5-B062-E31AB13C7BDF.tiff,3947239
168,TCGA-A2-A0EY-01Z-00-DX1.2F2428B3-0767-48E0-AC22-443C244CBD16,3,4,7077.720884,26624,256,109.962,98035.458,1.884,2921.787,101069.091,kvikio,virchow2,warm,,tiff5x,/home/ec2-user/wsi-cloud/runs/2026-08-23-063822-weka-s7-7.5.b-endurance-all-four-4hr/heatmaps/proc3/TCGA-A2-A0EY-01Z-00-DX1.2F2428B3-0767-48E0-AC22-443C244CBD16.tiff,14037415
169,TCGA-A7-A13F-01Z-00-DX1.AB4ADDD3-8E1C-4AB9-813E-D137A2CFB950,3,4,7178.790128,6253,256,27.155,22944.676,0.659,966.303,23938.793,kvikio,virchow2,warm,,tiff5x,/home/ec2-user/wsi-cloud/runs/2026-08-23-063822-weka-s7-7.5.b-endurance-all-four-4hr/heatmaps/proc3/TCGA-A7-A13F-01Z-00-DX1.AB4ADDD3-8E1C-4AB9-813E-D137A2CFB950.tiff,3427968
170,TCGA-A8-A076-01Z-00-DX1.BAAC4F9C-0C04-42FB-95F4-D765305089B8,3,4,7202.729068,4311,256,16.315,15868.051,0.563,1365.976,17250.904,kvikio,virchow2,warm,,tiff5x,/home/ec2-user/wsi-cloud/runs/2026-08-23-063822-weka-s7-7.5.b-endurance-all-four-4hr/heatmaps/proc3/TCGA-A8-A076-01Z-00-DX1.BAAC4F9C-0C04-42FB-95F4-D765305089B8.tiff,3137829
171,TCGA-A8-A090-01Z-00-DX1.01574070-D65E-486F-B69D-0F8E3816D057,3,4,7219.980116,1606,256,7.260,5902.155,0.521,290.345,6200.282,kvikio,virchow2,warm,,tiff5x,/home/ec2-user/wsi-cloud/runs/2026-08-23-063822-weka-s7-7.5.b-endurance-all-four-4hr/heatmaps/proc3/TCGA-A8-A090-01Z-00-DX1.01574070-D65E-486F-B69D-0F8E3816D057.tiff,1305590
172,TCGA-AN-A0FT-01Z-00-DX1.6F263AB3-FB1D-4056-AEC2-4F163017324F,3,4,7226.180522,6236,256,23.272,22891.926,0.551,1601.099,24516.847,kvikio,virchow2,warm,,tiff5x,/home/ec2-user/wsi-cloud/runs/2026-08-23-063822-weka-s7-7.5.b-endurance-all-four-4hr/heatmaps/proc3/TCGA-AN-A0FT-01Z-00-DX1.6F263AB3-FB1D-4056-AEC2-4F163017324F.tiff,3722907
173,TCGA-AR-A252-01Z-00-DX1.2E7EE069-A0B8-489B-A2F0-3175FB58F468,3,4,7250.697507,14876,256,57.436,54790.847,0.986,3103.548,57952.817,kvikio,virchow2,warm,,tiff5x,/home/ec2-user/wsi-cloud/runs/2026-08-23-063822-weka-s7-7.5.b-endurance-all-four-4hr/heatmaps/proc3/TCGA-AR-A252-01Z-00-DX1.2E7EE069-A0B8-489B-A2F0-3175FB58F468.tiff,9955586
174,TCGA-B6-A0IH-01Z-00-DX1.3463B12E-D1B0-4FB2-B257-BFD63BA2B6BF,3,4,7308.650477,22889,256,97.188,84018.266,1.743,3027.859,87145.056,kvikio,virchow2,warm,,tiff5x,/home/ec2-user/wsi-cloud/runs/2026-08-23-063822-weka-s7-7.5.b-endurance-all-four-4hr/heatmaps/proc3/TCGA-B6-A0IH-01Z-00-DX1.3463B12E-D1B0-4FB2-B257-BFD63BA2B6BF.tiff,12182375
175,TCGA-BH-A0E7-01Z-00-DX1.7FEE54C4-3795-403C-85B9-FF932BE56788,3,4,7395.795682,7912,256,29.750,29102.814,0.716,1881.669,31014.948,kvikio,virchow2,warm,,tiff5x,/home/ec2-user/wsi-cloud/runs/2026-08-23-063822-weka-s7-7.5.b-endurance-all-four-4hr/heatmaps/proc3/TCGA-BH-A0E7-01Z-00-DX1.7FEE54C4-3795-403C-85B9-FF932BE56788.tiff,5940481
176,TCGA-C8-A275-01Z-00-DX1.44D27E67-4DD6-4893-B38A-01E48F5A358A,3,4,7426.810777,12354,256,45.812,45434.719,0.930,1309.410,46790.870,kvikio,virchow2,warm,,tiff5x,/home/ec2-user/wsi-cloud/runs/2026-08-23-063822-weka-s7-7.5.b-endurance-all-four-4hr/heatmaps/proc3/TCGA-C8-A275-01Z-00-DX1.44D27E67-4DD6-4893-B38A-01E48F5A358A.tiff,6753588
177,TCGA-D8-A1XT-01Z-00-DX1.9E4DEEEB-AB0A-45F6-A69B-65B3E6F22D46,3,4,7473.601795,15831,256,65.842,58329.062,1.175,3815.715,62211.794,kvikio,virchow2,warm,,tiff5x,/home/ec2-user/wsi-cloud/runs/2026-08-23-063822-weka-s7-7.5.b-endurance-all-four-4hr/heatmaps/proc3/TCGA-D8-A1XT-01Z-00-DX1.9E4DEEEB-AB0A-45F6-A69B-65B3E6F22D46.tiff,10089377
178,TCGA-E2-A15K-01Z-00-DX1.9F424BE2-9BFE-4DFF-8CC9-10D2DADBBEA7,3,4,7535.813739,5719,256,24.866,20982.748,0.548,1512.257,22520.419,kvikio,virchow2,warm,,tiff5x,/home/ec2-user/wsi-cloud/runs/2026-08-23-063822-weka-s7-7.5.b-endurance-all-four-4hr/heatmaps/proc3/TCGA-E2-A15K-01Z-00-DX1.9F424BE2-9BFE-4DFF-8CC9-10D2DADBBEA7.tiff,4392473
179,TCGA-PE-A5DC-01Z-00-DX1.8E6953AD-C14A-43F5-B062-E31AB13C7BDF,3,4,7558.334302,6251,256,23.309,22935.493,0.588,1049.992,24009.383,kvikio,virchow2,warm,,tiff5x,/home/ec2-user/wsi-cloud/runs/2026-08-23-063822-weka-s7-7.5.b-endurance-all-four-4hr/heatmaps/proc3/TCGA-PE-A5DC-01Z-00-DX1.8E6953AD-C14A-43F5-B062-E31AB13C7BDF.tiff,3947239
180,TCGA-A2-A0EY-01Z-00-DX1.2F2428B3-0767-48E0-AC22-443C244CBD16,3,4,7582.343825,26624,256,113.296,97751.286,2.019,2984.650,100851.251,kvikio,virchow2,warm,,tiff5x,/home/ec2-user/wsi-cloud/runs/2026-08-23-063822-weka-s7-7.5.b-endurance-all-four-4hr/heatmaps/proc3/TCGA-A2-A0EY-01Z-00-DX1.2F2428B3-0767-48E0-AC22-443C244CBD16.tiff,14037415
181,TCGA-A7-A13F-01Z-00-DX1.AB4ADDD3-8E1C-4AB9-813E-D137A2CFB950,3,4,7683.195238,6253,256,29.639,22834.182,0.661,1022.228,23886.709,kvikio,virchow2,warm,,tiff5x,/home/ec2-user/wsi-cloud/runs/2026-08-23-063822-weka-s7-7.5.b-endurance-all-four-4hr/heatmaps/proc3/TCGA-A7-A13F-01Z-00-DX1.AB4ADDD3-8E1C-4AB9-813E-D137A2CFB950.tiff,3427968
182,TCGA-A8-A076-01Z-00-DX1.BAAC4F9C-0C04-42FB-95F4-D765305089B8,3,4,7707.082082,4311,256,20.880,15698.327,0.838,1393.229,17113.275,kvikio,virchow2,warm,,tiff5x,/home/ec2-user/wsi-cloud/runs/2026-08-23-063822-weka-s7-7.5.b-endurance-all-four-4hr/heatmaps/proc3/TCGA-A8-A076-01Z-00-DX1.BAAC4F9C-0C04-42FB-95F4-D765305089B8.tiff,3137829
183,TCGA-A8-A090-01Z-00-DX1.01574070-D65E-486F-B69D-0F8E3816D057,3,4,7724.195511,1606,256,8.637,5885.933,0.584,295.211,6190.364,kvikio,virchow2,warm,,tiff5x,/home/ec2-user/wsi-cloud/runs/2026-08-23-063822-weka-s7-7.5.b-endurance-all-four-4hr/heatmaps/proc3/TCGA-A8-A090-01Z-00-DX1.01574070-D65E-486F-B69D-0F8E3816D057.tiff,1305590
184,TCGA-AN-A0FT-01Z-00-DX1.6F263AB3-FB1D-4056-AEC2-4F163017324F,3,4,7730.386029,6236,256,23.109,22932.000,0.549,1604.915,24560.573,kvikio,virchow2,warm,,tiff5x,/home/ec2-user/wsi-cloud/runs/2026-08-23-063822-weka-s7-7.5.b-endurance-all-four-4hr/heatmaps/proc3/TCGA-AN-A0FT-01Z-00-DX1.6F263AB3-FB1D-4056-AEC2-4F163017324F.tiff,3722907
185,TCGA-AR-A252-01Z-00-DX1.2E7EE069-A0B8-489B-A2F0-3175FB58F468,3,4,7754.946758,14876,256,61.113,54686.399,1.007,3154.987,57903.507,kvikio,virchow2,warm,,tiff5x,/home/ec2-user/wsi-cloud/runs/2026-08-23-063822-weka-s7-7.5.b-endurance-all-four-4hr/heatmaps/proc3/TCGA-AR-A252-01Z-00-DX1.2E7EE069-A0B8-489B-A2F0-3175FB58F468.tiff,9955586
186,TCGA-B6-A0IH-01Z-00-DX1.3463B12E-D1B0-4FB2-B257-BFD63BA2B6BF,3,4,7812.850425,22889,256,98.539,83904.022,1.595,3082.636,87086.792,kvikio,virchow2,warm,,tiff5x,/home/ec2-user/wsi-cloud/runs/2026-08-23-063822-weka-s7-7.5.b-endurance-all-four-4hr/heatmaps/proc3/TCGA-B6-A0IH-01Z-00-DX1.3463B12E-D1B0-4FB2-B257-BFD63BA2B6BF.tiff,12182375
187,TCGA-BH-A0E7-01Z-00-DX1.7FEE54C4-3795-403C-85B9-FF932BE56788,3,4,7899.937366,7912,256,28.869,29051.035,0.825,1877.433,30958.162,kvikio,virchow2,warm,,tiff5x,/home/ec2-user/wsi-cloud/runs/2026-08-23-063822-weka-s7-7.5.b-endurance-all-four-4hr/heatmaps/proc3/TCGA-BH-A0E7-01Z-00-DX1.7FEE54C4-3795-403C-85B9-FF932BE56788.tiff,5940481
188,TCGA-C8-A275-01Z-00-DX1.44D27E67-4DD6-4893-B38A-01E48F5A358A,3,4,7930.895677,12354,256,47.105,45450.924,1.005,1311.015,46810.049,kvikio,virchow2,warm,,tiff5x,/home/ec2-user/wsi-cloud/runs/2026-08-23-063822-weka-s7-7.5.b-endurance-all-four-4hr/heatmaps/proc3/TCGA-C8-A275-01Z-00-DX1.44D27E67-4DD6-4893-B38A-01E48F5A358A.tiff,6753588
189,TCGA-D8-A1XT-01Z-00-DX1.9E4DEEEB-AB0A-45F6-A69B-65B3E6F22D46,3,4,7977.705878,15831,256,65.329,58282.258,1.154,3818.355,62167.095,kvikio,virchow2,warm,,tiff5x,/home/ec2-user/wsi-cloud/runs/2026-08-23-063822-weka-s7-7.5.b-endurance-all-four-4hr/heatmaps/proc3/TCGA-D8-A1XT-01Z-00-DX1.9E4DEEEB-AB0A-45F6-A69B-65B3E6F22D46.tiff,10089377
190,TCGA-E2-A15K-01Z-00-DX1.9F424BE2-9BFE-4DFF-8CC9-10D2DADBBEA7,3,4,8039.873121,5719,256,20.713,20970.907,0.521,1502.025,22494.166,kvikio,virchow2,warm,,tiff5x,/home/ec2-user/wsi-cloud/runs/2026-08-23-063822-weka-s7-7.5.b-endurance-all-four-4hr/heatmaps/proc3/TCGA-E2-A15K-01Z-00-DX1.9F424BE2-9BFE-4DFF-8CC9-10D2DADBBEA7.tiff,4392473
191,TCGA-PE-A5DC-01Z-00-DX1.8E6953AD-C14A-43F5-B062-E31AB13C7BDF,3,4,8062.367425,6251,256,23.275,22920.001,0.551,1030.565,23974.393,kvikio,virchow2,warm,,tiff5x,/home/ec2-user/wsi-cloud/runs/2026-08-23-063822-weka-s7-7.5.b-endurance-all-four-4hr/heatmaps/proc3/TCGA-PE-A5DC-01Z-00-DX1.8E6953AD-C14A-43F5-B062-E31AB13C7BDF.tiff,3947239
192,TCGA-A2-A0EY-01Z-00-DX1.2F2428B3-0767-48E0-AC22-443C244CBD16,3,4,8086.341962,26624,256,112.600,97360.411,2.024,2966.199,100441.235,kvikio,virchow2,warm,,tiff5x,/home/ec2-user/wsi-cloud/runs/2026-08-23-063822-weka-s7-7.5.b-endurance-all-four-4hr/heatmaps/proc3/TCGA-A2-A0EY-01Z-00-DX1.2F2428B3-0767-48E0-AC22-443C244CBD16.tiff,14037415
193,TCGA-A7-A13F-01Z-00-DX1.AB4ADDD3-8E1C-4AB9-813E-D137A2CFB950,3,4,8186.783354,6253,256,29.830,22811.134,0.565,963.133,23804.662,kvikio,virchow2,warm,,tiff5x,/home/ec2-user/wsi-cloud/runs/2026-08-23-063822-weka-s7-7.5.b-endurance-all-four-4hr/heatmaps/proc3/TCGA-A7-A13F-01Z-00-DX1.AB4ADDD3-8E1C-4AB9-813E-D137A2CFB950.tiff,3427968
194,TCGA-A8-A076-01Z-00-DX1.BAAC4F9C-0C04-42FB-95F4-D765305089B8,3,4,8210.588164,4311,256,16.801,15752.000,0.573,1370.501,17139.875,kvikio,virchow2,warm,,tiff5x,/home/ec2-user/wsi-cloud/runs/2026-08-23-063822-weka-s7-7.5.b-endurance-all-four-4hr/heatmaps/proc3/TCGA-A8-A076-01Z-00-DX1.BAAC4F9C-0C04-42FB-95F4-D765305089B8.tiff,3137829
195,TCGA-A8-A090-01Z-00-DX1.01574070-D65E-486F-B69D-0F8E3816D057,3,4,8227.728198,1606,256,8.673,5882.084,0.855,292.250,6183.862,kvikio,virchow2,warm,,tiff5x,/home/ec2-user/wsi-cloud/runs/2026-08-23-063822-weka-s7-7.5.b-endurance-all-four-4hr/heatmaps/proc3/TCGA-A8-A090-01Z-00-DX1.01574070-D65E-486F-B69D-0F8E3816D057.tiff,1305590
196,TCGA-AN-A0FT-01Z-00-DX1.6F263AB3-FB1D-4056-AEC2-4F163017324F,3,4,8233.912197,6236,256,24.304,23009.096,0.626,1598.015,24632.041,kvikio,virchow2,warm,,tiff5x,/home/ec2-user/wsi-cloud/runs/2026-08-23-063822-weka-s7-7.5.b-endurance-all-four-4hr/heatmaps/proc3/TCGA-AN-A0FT-01Z-00-DX1.6F263AB3-FB1D-4056-AEC2-4F163017324F.tiff,3722907
197,TCGA-AR-A252-01Z-00-DX1.2E7EE069-A0B8-489B-A2F0-3175FB58F468,3,4,8258.544384,14876,256,56.415,54205.643,1.048,3000.948,57264.054,kvikio,virchow2,warm,,tiff5x,/home/ec2-user/wsi-cloud/runs/2026-08-23-063822-weka-s7-7.5.b-endurance-all-four-4hr/heatmaps/proc3/TCGA-AR-A252-01Z-00-DX1.2E7EE069-A0B8-489B-A2F0-3175FB58F468.tiff,9955586
198,TCGA-B6-A0IH-01Z-00-DX1.3463B12E-D1B0-4FB2-B257-BFD63BA2B6BF,3,4,8315.808599,22889,256,99.836,83439.493,1.594,3160.814,86701.737,kvikio,virchow2,warm,,tiff5x,/home/ec2-user/wsi-cloud/runs/2026-08-23-063822-weka-s7-7.5.b-endurance-all-four-4hr/heatmaps/proc3/TCGA-B6-A0IH-01Z-00-DX1.3463B12E-D1B0-4FB2-B257-BFD63BA2B6BF.tiff,12182375
199,TCGA-BH-A0E7-01Z-00-DX1.7FEE54C4-3795-403C-85B9-FF932BE56788,3,4,8402.510489,7912,256,40.125,28546.227,0.718,1897.294,30484.364,kvikio,virchow2,warm,,tiff5x,/home/ec2-user/wsi-cloud/runs/2026-08-23-063822-weka-s7-7.5.b-endurance-all-four-4hr/heatmaps/proc3/TCGA-BH-A0E7-01Z-00-DX1.7FEE54C4-3795-403C-85B9-FF932BE56788.tiff,5940481
200,TCGA-C8-A275-01Z-00-DX1.44D27E67-4DD6-4893-B38A-01E48F5A358A,3,4,8432.994994,12354,256,46.429,45281.715,0.865,1308.987,46637.995,kvikio,virchow2,warm,,tiff5x,/home/ec2-user/wsi-cloud/runs/2026-08-23-063822-weka-s7-7.5.b-endurance-all-four-4hr/heatmaps/proc3/TCGA-C8-A275-01Z-00-DX1.44D27E67-4DD6-4893-B38A-01E48F5A358A.tiff,6753588
201,TCGA-D8-A1XT-01Z-00-DX1.9E4DEEEB-AB0A-45F6-A69B-65B3E6F22D46,3,4,8479.633163,15831,256,66.495,57899.224,1.123,3848.865,61815.707,kvikio,virchow2,warm,,tiff5x,/home/ec2-user/wsi-cloud/runs/2026-08-23-063822-weka-s7-7.5.b-endurance-all-four-4hr/heatmaps/proc3/TCGA-D8-A1XT-01Z-00-DX1.9E4DEEEB-AB0A-45F6-A69B-65B3E6F22D46.tiff,10089377
202,TCGA-E2-A15K-01Z-00-DX1.9F424BE2-9BFE-4DFF-8CC9-10D2DADBBEA7,3,4,8541.449018,5719,256,24.670,20992.741,0.560,1517.380,22535.351,kvikio,virchow2,warm,,tiff5x,/home/ec2-user/wsi-cloud/runs/2026-08-23-063822-weka-s7-7.5.b-endurance-all-four-4hr/heatmaps/proc3/TCGA-E2-A15K-01Z-00-DX1.9F424BE2-9BFE-4DFF-8CC9-10D2DADBBEA7.tiff,4392473
203,TCGA-PE-A5DC-01Z-00-DX1.8E6953AD-C14A-43F5-B062-E31AB13C7BDF,3,4,8563.984517,6251,256,26.326,22758.085,0.630,1037.532,23822.573,kvikio,virchow2,warm,,tiff5x,/home/ec2-user/wsi-cloud/runs/2026-08-23-063822-weka-s7-7.5.b-endurance-all-four-4hr/heatmaps/proc3/TCGA-PE-A5DC-01Z-00-DX1.8E6953AD-C14A-43F5-B062-E31AB13C7BDF.tiff,3947239
204,TCGA-A2-A0EY-01Z-00-DX1.2F2428B3-0767-48E0-AC22-443C244CBD16,3,4,8587.807234,26624,256,111.744,97736.136,1.896,2978.623,100828.399,kvikio,virchow2,warm,,tiff5x,/home/ec2-user/wsi-cloud/runs/2026-08-23-063822-weka-s7-7.5.b-endurance-all-four-4hr/heatmaps/proc3/TCGA-A2-A0EY-01Z-00-DX1.2F2428B3-0767-48E0-AC22-443C244CBD16.tiff,14037415
205,TCGA-A7-A13F-01Z-00-DX1.AB4ADDD3-8E1C-4AB9-813E-D137A2CFB950,3,4,8688.635779,6253,256,26.340,22619.212,0.945,1022.332,23668.828,kvikio,virchow2,warm,,tiff5x,/home/ec2-user/wsi-cloud/runs/2026-08-23-063822-weka-s7-7.5.b-endurance-all-four-4hr/heatmaps/proc3/TCGA-A7-A13F-01Z-00-DX1.AB4ADDD3-8E1C-4AB9-813E-D137A2CFB950.tiff,3427968
206,TCGA-A8-A076-01Z-00-DX1.BAAC4F9C-0C04-42FB-95F4-D765305089B8,3,4,8712.304774,4311,256,17.328,15638.033,0.557,1372.800,17028.717,kvikio,virchow2,warm,,tiff5x,/home/ec2-user/wsi-cloud/runs/2026-08-23-063822-weka-s7-7.5.b-endurance-all-four-4hr/heatmaps/proc3/TCGA-A8-A076-01Z-00-DX1.BAAC4F9C-0C04-42FB-95F4-D765305089B8.tiff,3137829
207,TCGA-A8-A090-01Z-00-DX1.01574070-D65E-486F-B69D-0F8E3816D057,3,4,8729.333653,1606,256,9.625,5852.885,0.670,298.066,6161.246,kvikio,virchow2,warm,,tiff5x,/home/ec2-user/wsi-cloud/runs/2026-08-23-063822-weka-s7-7.5.b-endurance-all-four-4hr/heatmaps/proc3/TCGA-A8-A090-01Z-00-DX1.01574070-D65E-486F-B69D-0F8E3816D057.tiff,1305590
208,TCGA-AN-A0FT-01Z-00-DX1.6F263AB3-FB1D-4056-AEC2-4F163017324F,3,4,8735.495026,6236,256,26.179,22855.368,0.654,1615.847,24498.048,kvikio,virchow2,warm,,tiff5x,/home/ec2-user/wsi-cloud/runs/2026-08-23-063822-weka-s7-7.5.b-endurance-all-four-4hr/heatmaps/proc3/TCGA-AN-A0FT-01Z-00-DX1.6F263AB3-FB1D-4056-AEC2-4F163017324F.tiff,3722907
209,TCGA-AR-A252-01Z-00-DX1.2E7EE069-A0B8-489B-A2F0-3175FB58F468,3,4,8759.993231,14876,256,68.105,54094.166,0.980,3031.053,57194.304,kvikio,virchow2,warm,,tiff5x,/home/ec2-user/wsi-cloud/runs/2026-08-23-063822-weka-s7-7.5.b-endurance-all-four-4hr/heatmaps/proc3/TCGA-AR-A252-01Z-00-DX1.2E7EE069-A0B8-489B-A2F0-3175FB58F468.tiff,9955586
210,TCGA-B6-A0IH-01Z-00-DX1.3463B12E-D1B0-4FB2-B257-BFD63BA2B6BF,3,4,8817.187682,22889,256,99.023,83456.412,1.619,3047.518,86604.573,kvikio,virchow2,warm,,tiff5x,/home/ec2-user/wsi-cloud/runs/2026-08-23-063822-weka-s7-7.5.b-endurance-all-four-4hr/heatmaps/proc3/TCGA-B6-A0IH-01Z-00-DX1.3463B12E-D1B0-4FB2-B257-BFD63BA2B6BF.tiff,12182375
211,TCGA-BH-A0E7-01Z-00-DX1.7FEE54C4-3795-403C-85B9-FF932BE56788,3,4,8903.792412,7912,256,34.742,28816.909,0.679,1892.740,30745.071,kvikio,virchow2,warm,,tiff5x,/home/ec2-user/wsi-cloud/runs/2026-08-23-063822-weka-s7-7.5.b-endurance-all-four-4hr/heatmaps/proc3/TCGA-BH-A0E7-01Z-00-DX1.7FEE54C4-3795-403C-85B9-FF932BE56788.tiff,5940481
212,TCGA-C8-A275-01Z-00-DX1.44D27E67-4DD6-4893-B38A-01E48F5A358A,3,4,8934.537621,12354,256,46.867,45340.221,0.947,1431.839,46819.874,kvikio,virchow2,warm,,tiff5x,/home/ec2-user/wsi-cloud/runs/2026-08-23-063822-weka-s7-7.5.b-endurance-all-four-4hr/heatmaps/proc3/TCGA-C8-A275-01Z-00-DX1.44D27E67-4DD6-4893-B38A-01E48F5A358A.tiff,6753588
213,TCGA-D8-A1XT-01Z-00-DX1.9E4DEEEB-AB0A-45F6-A69B-65B3E6F22D46,3,4,8981.357656,15831,256,68.201,57448.745,1.123,3874.021,61392.089,kvikio,virchow2,warm,,tiff5x,/home/ec2-user/wsi-cloud/runs/2026-08-23-063822-weka-s7-7.5.b-endurance-all-four-4hr/heatmaps/proc3/TCGA-D8-A1XT-01Z-00-DX1.9E4DEEEB-AB0A-45F6-A69B-65B3E6F22D46.tiff,10089377
214,TCGA-E2-A15K-01Z-00-DX1.9F424BE2-9BFE-4DFF-8CC9-10D2DADBBEA7,3,4,9042.749903,5719,256,25.559,20950.390,0.617,1531.904,22508.470,kvikio,virchow2,warm,,tiff5x,/home/ec2-user/wsi-cloud/runs/2026-08-23-063822-weka-s7-7.5.b-endurance-all-four-4hr/heatmaps/proc3/TCGA-E2-A15K-01Z-00-DX1.9F424BE2-9BFE-4DFF-8CC9-10D2DADBBEA7.tiff,4392473
215,TCGA-PE-A5DC-01Z-00-DX1.8E6953AD-C14A-43F5-B062-E31AB13C7BDF,3,4,9065.258520,6251,256,27.974,22779.282,0.572,1032.272,23840.100,kvikio,virchow2,warm,,tiff5x,/home/ec2-user/wsi-cloud/runs/2026-08-23-063822-weka-s7-7.5.b-endurance-all-four-4hr/heatmaps/proc3/TCGA-PE-A5DC-01Z-00-DX1.8E6953AD-C14A-43F5-B062-E31AB13C7BDF.tiff,3947239
216,TCGA-A2-A0EY-01Z-00-DX1.2F2428B3-0767-48E0-AC22-443C244CBD16,3,4,9089.098776,26624,256,114.783,97132.666,2.045,2980.195,100229.689,kvikio,virchow2,warm,,tiff5x,/home/ec2-user/wsi-cloud/runs/2026-08-23-063822-weka-s7-7.5.b-endurance-all-four-4hr/heatmaps/proc3/TCGA-A2-A0EY-01Z-00-DX1.2F2428B3-0767-48E0-AC22-443C244CBD16.tiff,14037415
217,TCGA-A7-A13F-01Z-00-DX1.AB4ADDD3-8E1C-4AB9-813E-D137A2CFB950,3,4,9189.328622,6253,256,30.367,22660.159,0.545,963.046,23654.117,kvikio,virchow2,warm,,tiff5x,/home/ec2-user/wsi-cloud/runs/2026-08-23-063822-weka-s7-7.5.b-endurance-all-four-4hr/heatmaps/proc3/TCGA-A7-A13F-01Z-00-DX1.AB4ADDD3-8E1C-4AB9-813E-D137A2CFB950.tiff,3427968
218,TCGA-A8-A076-01Z-00-DX1.BAAC4F9C-0C04-42FB-95F4-D765305089B8,3,4,9212.982875,4311,256,16.061,15546.764,0.567,1384.455,16947.847,kvikio,virchow2,warm,,tiff5x,/home/ec2-user/wsi-cloud/runs/2026-08-23-063822-weka-s7-7.5.b-endurance-all-four-4hr/heatmaps/proc3/TCGA-A8-A076-01Z-00-DX1.BAAC4F9C-0C04-42FB-95F4-D765305089B8.tiff,3137829
219,TCGA-A8-A090-01Z-00-DX1.01574070-D65E-486F-B69D-0F8E3816D057,3,4,9229.930861,1606,256,6.318,5806.925,0.736,303.902,6117.881,kvikio,virchow2,warm,,tiff5x,/home/ec2-user/wsi-cloud/runs/2026-08-23-063822-weka-s7-7.5.b-endurance-all-four-4hr/heatmaps/proc3/TCGA-A8-A090-01Z-00-DX1.01574070-D65E-486F-B69D-0F8E3816D057.tiff,1305590
220,TCGA-AN-A0FT-01Z-00-DX1.6F263AB3-FB1D-4056-AEC2-4F163017324F,3,4,9236.048869,6236,256,24.609,22688.530,0.512,1591.205,24304.856,kvikio,virchow2,warm,,tiff5x,/home/ec2-user/wsi-cloud/runs/2026-08-23-063822-weka-s7-7.5.b-endurance-all-four-4hr/heatmaps/proc3/TCGA-AN-A0FT-01Z-00-DX1.6F263AB3-FB1D-4056-AEC2-4F163017324F.tiff,3722907
221,TCGA-AR-A252-01Z-00-DX1.2E7EE069-A0B8-489B-A2F0-3175FB58F468,3,4,9260.353866,14876,256,57.885,54517.047,0.990,2995.761,57571.683,kvikio,virchow2,warm,,tiff5x,/home/ec2-user/wsi-cloud/runs/2026-08-23-063822-weka-s7-7.5.b-endurance-all-four-4hr/heatmaps/proc3/TCGA-AR-A252-01Z-00-DX1.2E7EE069-A0B8-489B-A2F0-3175FB58F468.tiff,9955586
222,TCGA-B6-A0IH-01Z-00-DX1.3463B12E-D1B0-4FB2-B257-BFD63BA2B6BF,3,4,9317.925701,22889,256,97.315,83489.374,1.626,3033.135,86621.450,kvikio,virchow2,warm,,tiff5x,/home/ec2-user/wsi-cloud/runs/2026-08-23-063822-weka-s7-7.5.b-endurance-all-four-4hr/heatmaps/proc3/TCGA-B6-A0IH-01Z-00-DX1.3463B12E-D1B0-4FB2-B257-BFD63BA2B6BF.tiff,12182375
223,TCGA-BH-A0E7-01Z-00-DX1.7FEE54C4-3795-403C-85B9-FF932BE56788,3,4,9404.547305,7912,256,31.775,28821.481,0.609,1989.492,30843.357,kvikio,virchow2,warm,,tiff5x,/home/ec2-user/wsi-cloud/runs/2026-08-23-063822-weka-s7-7.5.b-endurance-all-four-4hr/heatmaps/proc3/TCGA-BH-A0E7-01Z-00-DX1.7FEE54C4-3795-403C-85B9-FF932BE56788.tiff,5940481
224,TCGA-C8-A275-01Z-00-DX1.44D27E67-4DD6-4893-B38A-01E48F5A358A,3,4,9435.390814,12354,256,52.354,44764.335,0.893,1348.887,46166.469,kvikio,virchow2,warm,,tiff5x,/home/ec2-user/wsi-cloud/runs/2026-08-23-063822-weka-s7-7.5.b-endurance-all-four-4hr/heatmaps/proc3/TCGA-C8-A275-01Z-00-DX1.44D27E67-4DD6-4893-B38A-01E48F5A358A.tiff,6753588
225,TCGA-D8-A1XT-01Z-00-DX1.9E4DEEEB-AB0A-45F6-A69B-65B3E6F22D46,3,4,9481.557426,15831,256,60.660,58065.997,1.261,3870.512,61998.430,kvikio,virchow2,warm,,tiff5x,/home/ec2-user/wsi-cloud/runs/2026-08-23-063822-weka-s7-7.5.b-endurance-all-four-4hr/heatmaps/proc3/TCGA-D8-A1XT-01Z-00-DX1.9E4DEEEB-AB0A-45F6-A69B-65B3E6F22D46.tiff,10089377
226,TCGA-E2-A15K-01Z-00-DX1.9F424BE2-9BFE-4DFF-8CC9-10D2DADBBEA7,3,4,9543.556061,5719,256,22.222,20845.020,0.916,1511.846,22380.004,kvikio,virchow2,warm,,tiff5x,/home/ec2-user/wsi-cloud/runs/2026-08-23-063822-weka-s7-7.5.b-endurance-all-four-4hr/heatmaps/proc3/TCGA-E2-A15K-01Z-00-DX1.9F424BE2-9BFE-4DFF-8CC9-10D2DADBBEA7.tiff,4392473
227,TCGA-PE-A5DC-01Z-00-DX1.8E6953AD-C14A-43F5-B062-E31AB13C7BDF,3,4,9565.936202,6251,256,23.726,22979.250,0.769,1036.531,24040.276,kvikio,virchow2,warm,,tiff5x,/home/ec2-user/wsi-cloud/runs/2026-08-23-063822-weka-s7-7.5.b-endurance-all-four-4hr/heatmaps/proc3/TCGA-PE-A5DC-01Z-00-DX1.8E6953AD-C14A-43F5-B062-E31AB13C7BDF.tiff,3947239
228,TCGA-A2-A0EY-01Z-00-DX1.2F2428B3-0767-48E0-AC22-443C244CBD16,3,4,9589.976621,26624,256,112.047,98065.472,1.947,2941.950,101121.416,kvikio,virchow2,warm,,tiff5x,/home/ec2-user/wsi-cloud/runs/2026-08-23-063822-weka-s7-7.5.b-endurance-all-four-4hr/heatmaps/proc3/TCGA-A2-A0EY-01Z-00-DX1.2F2428B3-0767-48E0-AC22-443C244CBD16.tiff,14037415
229,TCGA-A7-A13F-01Z-00-DX1.AB4ADDD3-8E1C-4AB9-813E-D137A2CFB950,3,4,9691.098187,6253,256,31.995,22657.537,0.840,970.102,23660.474,kvikio,virchow2,warm,,tiff5x,/home/ec2-user/wsi-cloud/runs/2026-08-23-063822-weka-s7-7.5.b-endurance-all-four-4hr/heatmaps/proc3/TCGA-A7-A13F-01Z-00-DX1.AB4ADDD3-8E1C-4AB9-813E-D137A2CFB950.tiff,3427968
230,TCGA-A8-A076-01Z-00-DX1.BAAC4F9C-0C04-42FB-95F4-D765305089B8,3,4,9714.758802,4311,256,16.531,15662.789,0.867,1392.746,17072.933,kvikio,virchow2,warm,,tiff5x,/home/ec2-user/wsi-cloud/runs/2026-08-23-063822-weka-s7-7.5.b-endurance-all-four-4hr/heatmaps/proc3/TCGA-A8-A076-01Z-00-DX1.BAAC4F9C-0C04-42FB-95F4-D765305089B8.tiff,3137829
231,TCGA-A8-A090-01Z-00-DX1.01574070-D65E-486F-B69D-0F8E3816D057,3,4,9731.831991,1606,256,6.576,5845.161,0.570,297.693,6150.000,kvikio,virchow2,warm,,tiff5x,/home/ec2-user/wsi-cloud/runs/2026-08-23-063822-weka-s7-7.5.b-endurance-all-four-4hr/heatmaps/proc3/TCGA-A8-A090-01Z-00-DX1.01574070-D65E-486F-B69D-0F8E3816D057.tiff,1305590
232,TCGA-AN-A0FT-01Z-00-DX1.6F263AB3-FB1D-4056-AEC2-4F163017324F,3,4,9737.982120,6236,256,23.343,22849.329,0.524,1597.856,24471.051,kvikio,virchow2,warm,,tiff5x,/home/ec2-user/wsi-cloud/runs/2026-08-23-063822-weka-s7-7.5.b-endurance-all-four-4hr/heatmaps/proc3/TCGA-AN-A0FT-01Z-00-DX1.6F263AB3-FB1D-4056-AEC2-4F163017324F.tiff,3722907
233,TCGA-AR-A252-01Z-00-DX1.2E7EE069-A0B8-489B-A2F0-3175FB58F468,3,4,9762.453313,14876,256,61.674,54214.610,1.012,3002.671,57279.967,kvikio,virchow2,warm,,tiff5x,/home/ec2-user/wsi-cloud/runs/2026-08-23-063822-weka-s7-7.5.b-endurance-all-four-4hr/heatmaps/proc3/TCGA-AR-A252-01Z-00-DX1.2E7EE069-A0B8-489B-A2F0-3175FB58F468.tiff,9955586
234,TCGA-B6-A0IH-01Z-00-DX1.3463B12E-D1B0-4FB2-B257-BFD63BA2B6BF,3,4,9819.733441,22889,256,102.128,83611.471,1.602,3047.215,86762.416,kvikio,virchow2,warm,,tiff5x,/home/ec2-user/wsi-cloud/runs/2026-08-23-063822-weka-s7-7.5.b-endurance-all-four-4hr/heatmaps/proc3/TCGA-B6-A0IH-01Z-00-DX1.3463B12E-D1B0-4FB2-B257-BFD63BA2B6BF.tiff,12182375
235,TCGA-BH-A0E7-01Z-00-DX1.7FEE54C4-3795-403C-85B9-FF932BE56788,3,4,9906.496022,7912,256,35.033,28326.772,0.600,1899.049,30261.454,kvikio,virchow2,warm,,tiff5x,/home/ec2-user/wsi-cloud/runs/2026-08-23-063822-weka-s7-7.5.b-endurance-all-four-4hr/heatmaps/proc3/TCGA-BH-A0E7-01Z-00-DX1.7FEE54C4-3795-403C-85B9-FF932BE56788.tiff,5940481
236,TCGA-C8-A275-01Z-00-DX1.44D27E67-4DD6-4893-B38A-01E48F5A358A,3,4,9936.757633,12354,256,48.656,44074.126,0.829,1301.431,45425.042,kvikio,virchow2,warm,,tiff5x,/home/ec2-user/wsi-cloud/runs/2026-08-23-063822-weka-s7-7.5.b-endurance-all-four-4hr/heatmaps/proc3/TCGA-C8-A275-01Z-00-DX1.44D27E67-4DD6-4893-B38A-01E48F5A358A.tiff,6753588
237,TCGA-D8-A1XT-01Z-00-DX1.9E4DEEEB-AB0A-45F6-A69B-65B3E6F22D46,3,4,9982.182819,15831,256,59.860,57597.000,1.121,3893.883,61551.865,kvikio,virchow2,warm,,tiff5x,/home/ec2-user/wsi-cloud/runs/2026-08-23-063822-weka-s7-7.5.b-endurance-all-four-4hr/heatmaps/proc3/TCGA-D8-A1XT-01Z-00-DX1.9E4DEEEB-AB0A-45F6-A69B-65B3E6F22D46.tiff,10089377
238,TCGA-E2-A15K-01Z-00-DX1.9F424BE2-9BFE-4DFF-8CC9-10D2DADBBEA7,3,4,10043.734833,5719,256,26.936,21044.894,0.757,1519.601,22592.188,kvikio,virchow2,warm,,tiff5x,/home/ec2-user/wsi-cloud/runs/2026-08-23-063822-weka-s7-7.5.b-endurance-all-four-4hr/heatmaps/proc3/TCGA-E2-A15K-01Z-00-DX1.9F424BE2-9BFE-4DFF-8CC9-10D2DADBBEA7.tiff,4392473
239,TCGA-PE-A5DC-01Z-00-DX1.8E6953AD-C14A-43F5-B062-E31AB13C7BDF,3,4,10066.327166,6251,256,23.868,22934.196,0.809,1043.745,24002.618,kvikio,virchow2,warm,,tiff5x,/home/ec2-user/wsi-cloud/runs/2026-08-23-063822-weka-s7-7.5.b-endurance-all-four-4hr/heatmaps/proc3/TCGA-PE-A5DC-01Z-00-DX1.8E6953AD-C14A-43F5-B062-E31AB13C7BDF.tiff,3947239
240,TCGA-A2-A0EY-01Z-00-DX1.2F2428B3-0767-48E0-AC22-443C244CBD16,3,4,10090.329930,26624,256,112.016,96606.381,2.041,2994.059,99714.496,kvikio,virchow2,warm,,tiff5x,/home/ec2-user/wsi-cloud/runs/2026-08-23-063822-weka-s7-7.5.b-endurance-all-four-4hr/heatmaps/proc3/TCGA-A2-A0EY-01Z-00-DX1.2F2428B3-0767-48E0-AC22-443C244CBD16.tiff,14037415
241,TCGA-A7-A13F-01Z-00-DX1.AB4ADDD3-8E1C-4AB9-813E-D137A2CFB950,3,4,10190.044579,6253,256,30.736,22991.525,0.847,977.578,24000.687,kvikio,virchow2,warm,,tiff5x,/home/ec2-user/wsi-cloud/runs/2026-08-23-063822-weka-s7-7.5.b-endurance-all-four-4hr/heatmaps/proc3/TCGA-A7-A13F-01Z-00-DX1.AB4ADDD3-8E1C-4AB9-813E-D137A2CFB950.tiff,3427968
242,TCGA-A8-A076-01Z-00-DX1.BAAC4F9C-0C04-42FB-95F4-D765305089B8,3,4,10214.045411,4311,256,16.522,15789.581,0.868,1402.526,17209.498,kvikio,virchow2,warm,,tiff5x,/home/ec2-user/wsi-cloud/runs/2026-08-23-063822-weka-s7-7.5.b-endurance-all-four-4hr/heatmaps/proc3/TCGA-A8-A076-01Z-00-DX1.BAAC4F9C-0C04-42FB-95F4-D765305089B8.tiff,3137829
243,TCGA-A8-A090-01Z-00-DX1.01574070-D65E-486F-B69D-0F8E3816D057,3,4,10231.255046,1606,256,7.523,5876.099,0.755,305.031,6189.408,kvikio,virchow2,warm,,tiff5x,/home/ec2-user/wsi-cloud/runs/2026-08-23-063822-weka-s7-7.5.b-endurance-all-four-4hr/heatmaps/proc3/TCGA-A8-A090-01Z-00-DX1.01574070-D65E-486F-B69D-0F8E3816D057.tiff,1305590
244,TCGA-AN-A0FT-01Z-00-DX1.6F263AB3-FB1D-4056-AEC2-4F163017324F,3,4,10237.444588,6236,256,23.812,22926.578,0.846,1621.398,24572.634,kvikio,virchow2,warm,,tiff5x,/home/ec2-user/wsi-cloud/runs/2026-08-23-063822-weka-s7-7.5.b-endurance-all-four-4hr/heatmaps/proc3/TCGA-AN-A0FT-01Z-00-DX1.6F263AB3-FB1D-4056-AEC2-4F163017324F.tiff,3722907
245,TCGA-AR-A252-01Z-00-DX1.2E7EE069-A0B8-489B-A2F0-3175FB58F468,3,4,10262.017511,14876,256,64.104,54302.706,1.013,3037.820,57405.643,kvikio,virchow2,warm,,tiff5x,/home/ec2-user/wsi-cloud/runs/2026-08-23-063822-weka-s7-7.5.b-endurance-all-four-4hr/heatmaps/proc3/TCGA-AR-A252-01Z-00-DX1.2E7EE069-A0B8-489B-A2F0-3175FB58F468.tiff,9955586
246,TCGA-B6-A0IH-01Z-00-DX1.3463B12E-D1B0-4FB2-B257-BFD63BA2B6BF,3,4,10319.423311,22889,256,100.381,82784.089,1.715,3063.904,85950.088,kvikio,virchow2,warm,,tiff5x,/home/ec2-user/wsi-cloud/runs/2026-08-23-063822-weka-s7-7.5.b-endurance-all-four-4hr/heatmaps/proc3/TCGA-B6-A0IH-01Z-00-DX1.3463B12E-D1B0-4FB2-B257-BFD63BA2B6BF.tiff,12182375
247,TCGA-BH-A0E7-01Z-00-DX1.7FEE54C4-3795-403C-85B9-FF932BE56788,3,4,10405.373555,7912,256,36.342,29016.860,1.005,1902.517,30956.723,kvikio,virchow2,warm,,tiff5x,/home/ec2-user/wsi-cloud/runs/2026-08-23-063822-weka-s7-7.5.b-endurance-all-four-4hr/heatmaps/proc3/TCGA-BH-A0E7-01Z-00-DX1.7FEE54C4-3795-403C-85B9-FF932BE56788.tiff,5940481
248,TCGA-C8-A275-01Z-00-DX1.44D27E67-4DD6-4893-B38A-01E48F5A358A,3,4,10436.330433,12354,256,48.715,44920.221,0.934,1306.683,46276.552,kvikio,virchow2,warm,,tiff5x,/home/ec2-user/wsi-cloud/runs/2026-08-23-063822-weka-s7-7.5.b-endurance-all-four-4hr/heatmaps/proc3/TCGA-C8-A275-01Z-00-DX1.44D27E67-4DD6-4893-B38A-01E48F5A358A.tiff,6753588
249,TCGA-D8-A1XT-01Z-00-DX1.9E4DEEEB-AB0A-45F6-A69B-65B3E6F22D46,3,4,10482.607150,15831,256,63.844,57696.283,1.107,3908.957,61670.190,kvikio,virchow2,warm,,tiff5x,/home/ec2-user/wsi-cloud/runs/2026-08-23-063822-weka-s7-7.5.b-endurance-all-four-4hr/heatmaps/proc3/TCGA-D8-A1XT-01Z-00-DX1.9E4DEEEB-AB0A-45F6-A69B-65B3E6F22D46.tiff,10089377
250,TCGA-E2-A15K-01Z-00-DX1.9F424BE2-9BFE-4DFF-8CC9-10D2DADBBEA7,3,4,10544.277585,5719,256,24.922,20512.648,0.620,1506.871,22045.060,kvikio,virchow2,warm,,tiff5x,/home/ec2-user/wsi-cloud/runs/2026-08-23-063822-weka-s7-7.5.b-endurance-all-four-4hr/heatmaps/proc3/TCGA-E2-A15K-01Z-00-DX1.9F424BE2-9BFE-4DFF-8CC9-10D2DADBBEA7.tiff,4392473
251,TCGA-PE-A5DC-01Z-00-DX1.8E6953AD-C14A-43F5-B062-E31AB13C7BDF,3,4,10566.322786,6251,256,22.957,22319.693,0.559,1022.453,23365.661,kvikio,virchow2,warm,,tiff5x,/home/ec2-user/wsi-cloud/runs/2026-08-23-063822-weka-s7-7.5.b-endurance-all-four-4hr/heatmaps/proc3/TCGA-PE-A5DC-01Z-00-DX1.8E6953AD-C14A-43F5-B062-E31AB13C7BDF.tiff,3947239
252,TCGA-A2-A0EY-01Z-00-DX1.2F2428B3-0767-48E0-AC22-443C244CBD16,3,4,10589.688589,26624,256,111.640,96677.520,1.889,2937.748,99728.797,kvikio,virchow2,warm,,tiff5x,/home/ec2-user/wsi-cloud/runs/2026-08-23-063822-weka-s7-7.5.b-endurance-all-four-4hr/heatmaps/proc3/TCGA-A2-A0EY-01Z-00-DX1.2F2428B3-0767-48E0-AC22-443C244CBD16.tiff,14037415
253,TCGA-A7-A13F-01Z-00-DX1.AB4ADDD3-8E1C-4AB9-813E-D137A2CFB950,3,4,10689.417543,6253,256,26.108,22650.830,0.518,958.212,23635.668,kvikio,virchow2,warm,,tiff5x,/home/ec2-user/wsi-cloud/runs/2026-08-23-063822-weka-s7-7.5.b-endurance-all-four-4hr/heatmaps/proc3/TCGA-A7-A13F-01Z-00-DX1.AB4ADDD3-8E1C-4AB9-813E-D137A2CFB950.tiff,3427968
254,TCGA-A8-A076-01Z-00-DX1.BAAC4F9C-0C04-42FB-95F4-D765305089B8,3,4,10713.053362,4311,256,16.439,15603.061,0.905,1407.514,17027.918,kvikio,virchow2,warm,,tiff5x,/home/ec2-user/wsi-cloud/runs/2026-08-23-063822-weka-s7-7.5.b-endurance-all-four-4hr/heatmaps/proc3/TCGA-A8-A076-01Z-00-DX1.BAAC4F9C-0C04-42FB-95F4-D765305089B8.tiff,3137829
255,TCGA-A8-A090-01Z-00-DX1.01574070-D65E-486F-B69D-0F8E3816D057,3,4,10730.081417,1606,256,7.112,5840.127,0.929,316.940,6165.108,kvikio,virchow2,warm,,tiff5x,/home/ec2-user/wsi-cloud/runs/2026-08-23-063822-weka-s7-7.5.b-endurance-all-four-4hr/heatmaps/proc3/TCGA-A8-A090-01Z-00-DX1.01574070-D65E-486F-B69D-0F8E3816D057.tiff,1305590
256,TCGA-AN-A0FT-01Z-00-DX1.6F263AB3-FB1D-4056-AEC2-4F163017324F,3,4,10736.246671,6236,256,27.756,22838.108,0.528,1597.182,24463.575,kvikio,virchow2,warm,,tiff5x,/home/ec2-user/wsi-cloud/runs/2026-08-23-063822-weka-s7-7.5.b-endurance-all-four-4hr/heatmaps/proc3/TCGA-AN-A0FT-01Z-00-DX1.6F263AB3-FB1D-4056-AEC2-4F163017324F.tiff,3722907
257,TCGA-AR-A252-01Z-00-DX1.2E7EE069-A0B8-489B-A2F0-3175FB58F468,3,4,10760.710387,14876,256,57.353,54507.238,0.996,2990.815,57556.402,kvikio,virchow2,warm,,tiff5x,/home/ec2-user/wsi-cloud/runs/2026-08-23-063822-weka-s7-7.5.b-endurance-all-four-4hr/heatmaps/proc3/TCGA-AR-A252-01Z-00-DX1.2E7EE069-A0B8-489B-A2F0-3175FB58F468.tiff,9955586
258,TCGA-B6-A0IH-01Z-00-DX1.3463B12E-D1B0-4FB2-B257-BFD63BA2B6BF,3,4,10818.266936,22889,256,93.765,83603.448,1.622,3032.586,86731.422,kvikio,virchow2,warm,,tiff5x,/home/ec2-user/wsi-cloud/runs/2026-08-23-063822-weka-s7-7.5.b-endurance-all-four-4hr/heatmaps/proc3/TCGA-B6-A0IH-01Z-00-DX1.3463B12E-D1B0-4FB2-B257-BFD63BA2B6BF.tiff,12182375
259,TCGA-BH-A0E7-01Z-00-DX1.7FEE54C4-3795-403C-85B9-FF932BE56788,3,4,10904.998517,7912,256,34.621,28740.550,0.783,1979.457,30755.411,kvikio,virchow2,warm,,tiff5x,/home/ec2-user/wsi-cloud/runs/2026-08-23-063822-weka-s7-7.5.b-endurance-all-four-4hr/heatmaps/proc3/TCGA-BH-A0E7-01Z-00-DX1.7FEE54C4-3795-403C-85B9-FF932BE56788.tiff,5940481
260,TCGA-C8-A275-01Z-00-DX1.44D27E67-4DD6-4893-B38A-01E48F5A358A,3,4,10935.754084,12354,256,53.464,44861.381,0.955,1354.648,46270.448,kvikio,virchow2,warm,,tiff5x,/home/ec2-user/wsi-cloud/runs/2026-08-23-063822-weka-s7-7.5.b-endurance-all-four-4hr/heatmaps/proc3/TCGA-C8-A275-01Z-00-DX1.44D27E67-4DD6-4893-B38A-01E48F5A358A.tiff,6753588
261,TCGA-D8-A1XT-01Z-00-DX1.9E4DEEEB-AB0A-45F6-A69B-65B3E6F22D46,3,4,10982.024698,15831,256,66.386,58221.594,1.207,3939.491,62228.678,kvikio,virchow2,warm,,tiff5x,/home/ec2-user/wsi-cloud/runs/2026-08-23-063822-weka-s7-7.5.b-endurance-all-four-4hr/heatmaps/proc3/TCGA-D8-A1XT-01Z-00-DX1.9E4DEEEB-AB0A-45F6-A69B-65B3E6F22D46.tiff,10089377
262,TCGA-E2-A15K-01Z-00-DX1.9F424BE2-9BFE-4DFF-8CC9-10D2DADBBEA7,3,4,11044.253604,5719,256,20.955,20609.615,0.583,1509.350,22140.503,kvikio,virchow2,warm,,tiff5x,/home/ec2-user/wsi-cloud/runs/2026-08-23-063822-weka-s7-7.5.b-endurance-all-four-4hr/heatmaps/proc3/TCGA-E2-A15K-01Z-00-DX1.9F424BE2-9BFE-4DFF-8CC9-10D2DADBBEA7.tiff,4392473
263,TCGA-PE-A5DC-01Z-00-DX1.8E6953AD-C14A-43F5-B062-E31AB13C7BDF,3,4,11066.394250,6251,256,27.812,22743.827,0.535,1028.378,23800.553,kvikio,virchow2,warm,,tiff5x,/home/ec2-user/wsi-cloud/runs/2026-08-23-063822-weka-s7-7.5.b-endurance-all-four-4hr/heatmaps/proc3/TCGA-PE-A5DC-01Z-00-DX1.8E6953AD-C14A-43F5-B062-E31AB13C7BDF.tiff,3947239
264,TCGA-A2-A0EY-01Z-00-DX1.2F2428B3-0767-48E0-AC22-443C244CBD16,3,4,11090.194946,26624,256,116.258,97281.138,2.006,2975.510,100374.912,kvikio,virchow2,warm,,tiff5x,/home/ec2-user/wsi-cloud/runs/2026-08-23-063822-weka-s7-7.5.b-endurance-all-four-4hr/heatmaps/proc3/TCGA-A2-A0EY-01Z-00-DX1.2F2428B3-0767-48E0-AC22-443C244CBD16.tiff,14037415
265,TCGA-A7-A13F-01Z-00-DX1.AB4ADDD3-8E1C-4AB9-813E-D137A2CFB950,3,4,11190.570013,6253,256,24.562,22831.351,0.557,972.164,23828.634,kvikio,virchow2,warm,,tiff5x,/home/ec2-user/wsi-cloud/runs/2026-08-23-063822-weka-s7-7.5.b-endurance-all-four-4hr/heatmaps/proc3/TCGA-A7-A13F-01Z-00-DX1.AB4ADDD3-8E1C-4AB9-813E-D137A2CFB950.tiff,3427968
266,TCGA-A8-A076-01Z-00-DX1.BAAC4F9C-0C04-42FB-95F4-D765305089B8,3,4,11214.398789,4311,256,16.425,15876.824,0.619,1392.785,17286.654,kvikio,virchow2,warm,,tiff5x,/home/ec2-user/wsi-cloud/runs/2026-08-23-063822-weka-s7-7.5.b-endurance-all-four-4hr/heatmaps/proc3/TCGA-A8-A076-01Z-00-DX1.BAAC4F9C-0C04-42FB-95F4-D765305089B8.tiff,3137829
267,TCGA-A8-A090-01Z-00-DX1.01574070-D65E-486F-B69D-0F8E3816D057,3,4,11231.685595,1606,256,7.681,5903.567,0.570,291.418,6203.236,kvikio,virchow2,warm,,tiff5x,/home/ec2-user/wsi-cloud/runs/2026-08-23-063822-weka-s7-7.5.b-endurance-all-four-4hr/heatmaps/proc3/TCGA-A8-A090-01Z-00-DX1.01574070-D65E-486F-B69D-0F8E3816D057.tiff,1305590
268,TCGA-AN-A0FT-01Z-00-DX1.6F263AB3-FB1D-4056-AEC2-4F163017324F,3,4,11237.888967,6236,256,23.968,22918.058,0.543,1629.346,24571.915,kvikio,virchow2,warm,,tiff5x,/home/ec2-user/wsi-cloud/runs/2026-08-23-063822-weka-s7-7.5.b-endurance-all-four-4hr/heatmaps/proc3/TCGA-AN-A0FT-01Z-00-DX1.6F263AB3-FB1D-4056-AEC2-4F163017324F.tiff,3722907
269,TCGA-AR-A252-01Z-00-DX1.2E7EE069-A0B8-489B-A2F0-3175FB58F468,3,4,11262.461031,14876,256,57.245,54618.605,0.979,3063.009,57739.838,kvikio,virchow2,warm,,tiff5x,/home/ec2-user/wsi-cloud/runs/2026-08-23-063822-weka-s7-7.5.b-endurance-all-four-4hr/heatmaps/proc3/TCGA-AR-A252-01Z-00-DX1.2E7EE069-A0B8-489B-A2F0-3175FB58F468.tiff,9955586
270,TCGA-B6-A0IH-01Z-00-DX1.3463B12E-D1B0-4FB2-B257-BFD63BA2B6BF,3,4,11320.201023,22889,256,100.007,83311.198,1.609,3074.366,86487.181,kvikio,virchow2,warm,,tiff5x,/home/ec2-user/wsi-cloud/runs/2026-08-23-063822-weka-s7-7.5.b-endurance-all-four-4hr/heatmaps/proc3/TCGA-B6-A0IH-01Z-00-DX1.3463B12E-D1B0-4FB2-B257-BFD63BA2B6BF.tiff,12182375
271,TCGA-BH-A0E7-01Z-00-DX1.7FEE54C4-3795-403C-85B9-FF932BE56788,3,4,11406.688371,7912,256,37.935,28936.499,1.029,1982.792,30958.256,kvikio,virchow2,warm,,tiff5x,/home/ec2-user/wsi-cloud/runs/2026-08-23-063822-weka-s7-7.5.b-endurance-all-four-4hr/heatmaps/proc3/TCGA-BH-A0E7-01Z-00-DX1.7FEE54C4-3795-403C-85B9-FF932BE56788.tiff,5940481
272,TCGA-C8-A275-01Z-00-DX1.44D27E67-4DD6-4893-B38A-01E48F5A358A,3,4,11437.646788,12354,256,52.476,45153.288,0.847,1303.474,46510.085,kvikio,virchow2,warm,,tiff5x,/home/ec2-user/wsi-cloud/runs/2026-08-23-063822-weka-s7-7.5.b-endurance-all-four-4hr/heatmaps/proc3/TCGA-C8-A275-01Z-00-DX1.44D27E67-4DD6-4893-B38A-01E48F5A358A.tiff,6753588
273,TCGA-D8-A1XT-01Z-00-DX1.9E4DEEEB-AB0A-45F6-A69B-65B3E6F22D46,3,4,11484.157194,15831,256,68.685,58268.838,1.112,3792.715,62131.351,kvikio,virchow2,warm,,tiff5x,/home/ec2-user/wsi-cloud/runs/2026-08-23-063822-weka-s7-7.5.b-endurance-all-four-4hr/heatmaps/proc3/TCGA-D8-A1XT-01Z-00-DX1.9E4DEEEB-AB0A-45F6-A69B-65B3E6F22D46.tiff,10089377
274,TCGA-E2-A15K-01Z-00-DX1.9F424BE2-9BFE-4DFF-8CC9-10D2DADBBEA7,3,4,11546.288782,5719,256,24.298,20917.532,0.537,1620.274,22562.641,kvikio,virchow2,warm,,tiff5x,/home/ec2-user/wsi-cloud/runs/2026-08-23-063822-weka-s7-7.5.b-endurance-all-four-4hr/heatmaps/proc3/TCGA-E2-A15K-01Z-00-DX1.9F424BE2-9BFE-4DFF-8CC9-10D2DADBBEA7.tiff,4392473
275,TCGA-PE-A5DC-01Z-00-DX1.8E6953AD-C14A-43F5-B062-E31AB13C7BDF,3,4,11568.851572,6251,256,27.938,22937.944,0.535,1030.542,23996.959,kvikio,virchow2,warm,,tiff5x,/home/ec2-user/wsi-cloud/runs/2026-08-23-063822-weka-s7-7.5.b-endurance-all-four-4hr/heatmaps/proc3/TCGA-PE-A5DC-01Z-00-DX1.8E6953AD-C14A-43F5-B062-E31AB13C7BDF.tiff,3947239
276,TCGA-A2-A0EY-01Z-00-DX1.2F2428B3-0767-48E0-AC22-443C244CBD16,3,4,11592.848676,26624,256,112.462,98038.923,1.908,2952.860,101106.153,kvikio,virchow2,warm,,tiff5x,/home/ec2-user/wsi-cloud/runs/2026-08-23-063822-weka-s7-7.5.b-endurance-all-four-4hr/heatmaps/proc3/TCGA-A2-A0EY-01Z-00-DX1.2F2428B3-0767-48E0-AC22-443C244CBD16.tiff,14037415
277,TCGA-A7-A13F-01Z-00-DX1.AB4ADDD3-8E1C-4AB9-813E-D137A2CFB950,3,4,11693.954981,6253,256,30.480,22981.316,0.555,955.209,23967.560,kvikio,virchow2,warm,,tiff5x,/home/ec2-user/wsi-cloud/runs/2026-08-23-063822-weka-s7-7.5.b-endurance-all-four-4hr/heatmaps/proc3/TCGA-A7-A13F-01Z-00-DX1.AB4ADDD3-8E1C-4AB9-813E-D137A2CFB950.tiff,3427968
278,TCGA-A8-A076-01Z-00-DX1.BAAC4F9C-0C04-42FB-95F4-D765305089B8,3,4,11717.922684,4311,256,16.505,15583.827,0.595,1364.089,16965.016,kvikio,virchow2,warm,,tiff5x,/home/ec2-user/wsi-cloud/runs/2026-08-23-063822-weka-s7-7.5.b-endurance-all-four-4hr/heatmaps/proc3/TCGA-A8-A076-01Z-00-DX1.BAAC4F9C-0C04-42FB-95F4-D765305089B8.tiff,3137829
279,TCGA-A8-A090-01Z-00-DX1.01574070-D65E-486F-B69D-0F8E3816D057,3,4,11734.887837,1606,256,7.512,5807.124,0.500,295.722,6110.857,kvikio,virchow2,warm,,tiff5x,/home/ec2-user/wsi-cloud/runs/2026-08-23-063822-weka-s7-7.5.b-endurance-all-four-4hr/heatmaps/proc3/TCGA-A8-A090-01Z-00-DX1.01574070-D65E-486F-B69D-0F8E3816D057.tiff,1305590
280,TCGA-AN-A0FT-01Z-00-DX1.6F263AB3-FB1D-4056-AEC2-4F163017324F,3,4,11740.998830,6236,256,23.431,22513.814,0.532,1599.781,24137.559,kvikio,virchow2,warm,,tiff5x,/home/ec2-user/wsi-cloud/runs/2026-08-23-063822-weka-s7-7.5.b-endurance-all-four-4hr/heatmaps/proc3/TCGA-AN-A0FT-01Z-00-DX1.6F263AB3-FB1D-4056-AEC2-4F163017324F.tiff,3722907
281,TCGA-AR-A252-01Z-00-DX1.2E7EE069-A0B8-489B-A2F0-3175FB58F468,3,4,11765.136536,14876,256,63.830,54146.588,1.001,2990.234,57201.653,kvikio,virchow2,warm,,tiff5x,/home/ec2-user/wsi-cloud/runs/2026-08-23-063822-weka-s7-7.5.b-endurance-all-four-4hr/heatmaps/proc3/TCGA-AR-A252-01Z-00-DX1.2E7EE069-A0B8-489B-A2F0-3175FB58F468.tiff,9955586
282,TCGA-B6-A0IH-01Z-00-DX1.3463B12E-D1B0-4FB2-B257-BFD63BA2B6BF,3,4,11822.338344,22889,256,98.731,83722.608,1.575,3039.394,86862.308,kvikio,virchow2,warm,,tiff5x,/home/ec2-user/wsi-cloud/runs/2026-08-23-063822-weka-s7-7.5.b-endurance-all-four-4hr/heatmaps/proc3/TCGA-B6-A0IH-01Z-00-DX1.3463B12E-D1B0-4FB2-B257-BFD63BA2B6BF.tiff,12182375
283,TCGA-BH-A0E7-01Z-00-DX1.7FEE54C4-3795-403C-85B9-FF932BE56788,3,4,11909.201069,7912,256,34.493,28608.832,0.660,1890.113,30534.098,kvikio,virchow2,warm,,tiff5x,/home/ec2-user/wsi-cloud/runs/2026-08-23-063822-weka-s7-7.5.b-endurance-all-four-4hr/heatmaps/proc3/TCGA-BH-A0E7-01Z-00-DX1.7FEE54C4-3795-403C-85B9-FF932BE56788.tiff,5940481
284,TCGA-C8-A275-01Z-00-DX1.44D27E67-4DD6-4893-B38A-01E48F5A358A,3,4,11939.735471,12354,256,45.865,45237.906,0.939,1308.949,46593.659,kvikio,virchow2,warm,,tiff5x,/home/ec2-user/wsi-cloud/runs/2026-08-23-063822-weka-s7-7.5.b-endurance-all-four-4hr/heatmaps/proc3/TCGA-C8-A275-01Z-00-DX1.44D27E67-4DD6-4893-B38A-01E48F5A358A.tiff,6753588
285,TCGA-D8-A1XT-01Z-00-DX1.9E4DEEEB-AB0A-45F6-A69B-65B3E6F22D46,3,4,11986.329283,15831,256,64.476,58232.392,1.119,3821.921,62119.908,kvikio,virchow2,warm,,tiff5x,/home/ec2-user/wsi-cloud/runs/2026-08-23-063822-weka-s7-7.5.b-endurance-all-four-4hr/heatmaps/proc3/TCGA-D8-A1XT-01Z-00-DX1.9E4DEEEB-AB0A-45F6-A69B-65B3E6F22D46.tiff,10089377
286,TCGA-E2-A15K-01Z-00-DX1.9F424BE2-9BFE-4DFF-8CC9-10D2DADBBEA7,3,4,12048.449415,5719,256,21.796,20930.431,0.775,1508.934,22461.936,kvikio,virchow2,warm,,tiff5x,/home/ec2-user/wsi-cloud/runs/2026-08-23-063822-weka-s7-7.5.b-endurance-all-four-4hr/heatmaps/proc3/TCGA-E2-A15K-01Z-00-DX1.9F424BE2-9BFE-4DFF-8CC9-10D2DADBBEA7.tiff,4392473
287,TCGA-PE-A5DC-01Z-00-DX1.8E6953AD-C14A-43F5-B062-E31AB13C7BDF,3,4,12070.911508,6251,256,23.374,22664.100,0.642,1077.335,23765.451,kvikio,virchow2,warm,,tiff5x,/home/ec2-user/wsi-cloud/runs/2026-08-23-063822-weka-s7-7.5.b-endurance-all-four-4hr/heatmaps/proc3/TCGA-PE-A5DC-01Z-00-DX1.8E6953AD-C14A-43F5-B062-E31AB13C7BDF.tiff,3947239
288,TCGA-A2-A0EY-01Z-00-DX1.2F2428B3-0767-48E0-AC22-443C244CBD16,3,4,12094.677101,26624,256,122.006,97168.895,1.931,3084.650,100377.482,kvikio,virchow2,warm,,tiff5x,/home/ec2-user/wsi-cloud/runs/2026-08-23-063822-weka-s7-7.5.b-endurance-all-four-4hr/heatmaps/proc3/TCGA-A2-A0EY-01Z-00-DX1.2F2428B3-0767-48E0-AC22-443C244CBD16.tiff,14037415
289,TCGA-A7-A13F-01Z-00-DX1.AB4ADDD3-8E1C-4AB9-813E-D137A2CFB950,3,4,12195.054735,6253,256,28.332,22783.475,0.580,975.576,23787.962,kvikio,virchow2,warm,,tiff5x,/home/ec2-user/wsi-cloud/runs/2026-08-23-063822-weka-s7-7.5.b-endurance-all-four-4hr/heatmaps/proc3/TCGA-A7-A13F-01Z-00-DX1.AB4ADDD3-8E1C-4AB9-813E-D137A2CFB950.tiff,3427968
290,TCGA-A8-A076-01Z-00-DX1.BAAC4F9C-0C04-42FB-95F4-D765305089B8,3,4,12218.842851,4311,256,19.611,15770.887,0.596,1378.791,17169.884,kvikio,virchow2,warm,,tiff5x,/home/ec2-user/wsi-cloud/runs/2026-08-23-063822-weka-s7-7.5.b-endurance-all-four-4hr/heatmaps/proc3/TCGA-A8-A076-01Z-00-DX1.BAAC4F9C-0C04-42FB-95F4-D765305089B8.tiff,3137829
291,TCGA-A8-A090-01Z-00-DX1.01574070-D65E-486F-B69D-0F8E3816D057,3,4,12236.012875,1606,256,8.239,5907.898,0.517,290.302,6206.957,kvikio,virchow2,warm,,tiff5x,/home/ec2-user/wsi-cloud/runs/2026-08-23-063822-weka-s7-7.5.b-endurance-all-four-4hr/heatmaps/proc3/TCGA-A8-A090-01Z-00-DX1.01574070-D65E-486F-B69D-0F8E3816D057.tiff,1305590
292,TCGA-AN-A0FT-01Z-00-DX1.6F263AB3-FB1D-4056-AEC2-4F163017324F,3,4,12242.219969,6236,256,25.642,22845.042,0.561,1619.091,24490.336,kvikio,virchow2,warm,,tiff5x,/home/ec2-user/wsi-cloud/runs/2026-08-23-063822-weka-s7-7.5.b-endurance-all-four-4hr/heatmaps/proc3/TCGA-AN-A0FT-01Z-00-DX1.6F263AB3-FB1D-4056-AEC2-4F163017324F.tiff,3722907
293,TCGA-AR-A252-01Z-00-DX1.2E7EE069-A0B8-489B-A2F0-3175FB58F468,3,4,12266.710443,14876,256,55.249,54169.235,0.979,3021.580,57247.044,kvikio,virchow2,warm,,tiff5x,/home/ec2-user/wsi-cloud/runs/2026-08-23-063822-weka-s7-7.5.b-endurance-all-four-4hr/heatmaps/proc3/TCGA-AR-A252-01Z-00-DX1.2E7EE069-A0B8-489B-A2F0-3175FB58F468.tiff,9955586
294,TCGA-B6-A0IH-01Z-00-DX1.3463B12E-D1B0-4FB2-B257-BFD63BA2B6BF,3,4,12323.957645,22889,256,100.756,83906.389,1.626,3043.357,87052.128,kvikio,virchow2,warm,,tiff5x,/home/ec2-user/wsi-cloud/runs/2026-08-23-063822-weka-s7-7.5.b-endurance-all-four-4hr/heatmaps/proc3/TCGA-B6-A0IH-01Z-00-DX1.3463B12E-D1B0-4FB2-B257-BFD63BA2B6BF.tiff,12182375
295,TCGA-BH-A0E7-01Z-00-DX1.7FEE54C4-3795-403C-85B9-FF932BE56788,3,4,12411.009919,7912,256,39.094,29003.385,0.681,1877.319,30920.479,kvikio,virchow2,warm,,tiff5x,/home/ec2-user/wsi-cloud/runs/2026-08-23-063822-weka-s7-7.5.b-endurance-all-four-4hr/heatmaps/proc3/TCGA-BH-A0E7-01Z-00-DX1.7FEE54C4-3795-403C-85B9-FF932BE56788.tiff,5940481
296,TCGA-C8-A275-01Z-00-DX1.44D27E67-4DD6-4893-B38A-01E48F5A358A,3,4,12441.930543,12354,256,46.871,45390.192,0.849,1289.218,46727.130,kvikio,virchow2,warm,,tiff5x,/home/ec2-user/wsi-cloud/runs/2026-08-23-063822-weka-s7-7.5.b-endurance-all-four-4hr/heatmaps/proc3/TCGA-C8-A275-01Z-00-DX1.44D27E67-4DD6-4893-B38A-01E48F5A358A.tiff,6753588
297,TCGA-D8-A1XT-01Z-00-DX1.9E4DEEEB-AB0A-45F6-A69B-65B3E6F22D46,3,4,12488.657837,15831,256,65.721,57602.348,1.164,3826.857,61496.092,kvikio,virchow2,warm,,tiff5x,/home/ec2-user/wsi-cloud/runs/2026-08-23-063822-weka-s7-7.5.b-endurance-all-four-4hr/heatmaps/proc3/TCGA-D8-A1XT-01Z-00-DX1.9E4DEEEB-AB0A-45F6-A69B-65B3E6F22D46.tiff,10089377
298,TCGA-E2-A15K-01Z-00-DX1.9F424BE2-9BFE-4DFF-8CC9-10D2DADBBEA7,3,4,12550.154174,5719,256,23.702,20992.088,0.539,1507.125,22523.454,kvikio,virchow2,warm,,tiff5x,/home/ec2-user/wsi-cloud/runs/2026-08-23-063822-weka-s7-7.5.b-endurance-all-four-4hr/heatmaps/proc3/TCGA-E2-A15K-01Z-00-DX1.9F424BE2-9BFE-4DFF-8CC9-10D2DADBBEA7.tiff,4392473
299,TCGA-PE-A5DC-01Z-00-DX1.8E6953AD-C14A-43F5-B062-E31AB13C7BDF,3,4,12572.677775,6251,256,28.127,22920.676,0.576,1133.179,24082.557,kvikio,virchow2,warm,,tiff5x,/home/ec2-user/wsi-cloud/runs/2026-08-23-063822-weka-s7-7.5.b-endurance-all-four-4hr/heatmaps/proc3/TCGA-PE-A5DC-01Z-00-DX1.8E6953AD-C14A-43F5-B062-E31AB13C7BDF.tiff,3947239
300,TCGA-A2-A0EY-01Z-00-DX1.2F2428B3-0767-48E0-AC22-443C244CBD16,3,4,12596.760609,26624,256,109.500,97427.189,2.024,3081.022,100619.735,kvikio,virchow2,warm,,tiff5x,/home/ec2-user/wsi-cloud/runs/2026-08-23-063822-weka-s7-7.5.b-endurance-all-four-4hr/heatmaps/proc3/TCGA-A2-A0EY-01Z-00-DX1.2F2428B3-0767-48E0-AC22-443C244CBD16.tiff,14037415
301,TCGA-A7-A13F-01Z-00-DX1.AB4ADDD3-8E1C-4AB9-813E-D137A2CFB950,3,4,12697.380505,6253,256,28.898,22714.336,0.525,971.789,23715.547,kvikio,virchow2,warm,,tiff5x,/home/ec2-user/wsi-cloud/runs/2026-08-23-063822-weka-s7-7.5.b-endurance-all-four-4hr/heatmaps/proc3/TCGA-A7-A13F-01Z-00-DX1.AB4ADDD3-8E1C-4AB9-813E-D137A2CFB950.tiff,3427968
302,TCGA-A8-A076-01Z-00-DX1.BAAC4F9C-0C04-42FB-95F4-D765305089B8,3,4,12721.096194,4311,256,16.563,15737.587,0.574,1365.141,17119.866,kvikio,virchow2,warm,,tiff5x,/home/ec2-user/wsi-cloud/runs/2026-08-23-063822-weka-s7-7.5.b-endurance-all-four-4hr/heatmaps/proc3/TCGA-A8-A076-01Z-00-DX1.BAAC4F9C-0C04-42FB-95F4-D765305089B8.tiff,3137829
303,TCGA-A8-A090-01Z-00-DX1.01574070-D65E-486F-B69D-0F8E3816D057,3,4,12738.216208,1606,256,8.261,5881.713,0.522,290.560,6181.057,kvikio,virchow2,warm,,tiff5x,/home/ec2-user/wsi-cloud/runs/2026-08-23-063822-weka-s7-7.5.b-endurance-all-four-4hr/heatmaps/proc3/TCGA-A8-A090-01Z-00-DX1.01574070-D65E-486F-B69D-0F8E3816D057.tiff,1305590
304,TCGA-AN-A0FT-01Z-00-DX1.6F263AB3-FB1D-4056-AEC2-4F163017324F,3,4,12744.397397,6236,256,23.087,22992.317,0.548,1599.428,24615.380,kvikio,virchow2,warm,,tiff5x,/home/ec2-user/wsi-cloud/runs/2026-08-23-063822-weka-s7-7.5.b-endurance-all-four-4hr/heatmaps/proc3/TCGA-AN-A0FT-01Z-00-DX1.6F263AB3-FB1D-4056-AEC2-4F163017324F.tiff,3722907
305,TCGA-AR-A252-01Z-00-DX1.2E7EE069-A0B8-489B-A2F0-3175FB58F468,3,4,12769.012931,14876,256,61.268,53375.704,1.004,3021.982,56459.958,kvikio,virchow2,warm,,tiff5x,/home/ec2-user/wsi-cloud/runs/2026-08-23-063822-weka-s7-7.5.b-endurance-all-four-4hr/heatmaps/proc3/TCGA-AR-A252-01Z-00-DX1.2E7EE069-A0B8-489B-A2F0-3175FB58F468.tiff,9955586
306,TCGA-B6-A0IH-01Z-00-DX1.3463B12E-D1B0-4FB2-B257-BFD63BA2B6BF,3,4,12825.473042,22889,256,100.005,81989.413,1.602,3066.084,85157.103,kvikio,virchow2,warm,,tiff5x,/home/ec2-user/wsi-cloud/runs/2026-08-23-063822-weka-s7-7.5.b-endurance-all-four-4hr/heatmaps/proc3/TCGA-B6-A0IH-01Z-00-DX1.3463B12E-D1B0-4FB2-B257-BFD63BA2B6BF.tiff,12182375
307,TCGA-BH-A0E7-01Z-00-DX1.7FEE54C4-3795-403C-85B9-FF932BE56788,3,4,12910.630293,7912,256,30.032,28530.756,0.680,1882.412,30443.880,kvikio,virchow2,warm,,tiff5x,/home/ec2-user/wsi-cloud/runs/2026-08-23-063822-weka-s7-7.5.b-endurance-all-four-4hr/heatmaps/proc3/TCGA-BH-A0E7-01Z-00-DX1.7FEE54C4-3795-403C-85B9-FF932BE56788.tiff,5940481
308,TCGA-C8-A275-01Z-00-DX1.44D27E67-4DD6-4893-B38A-01E48F5A358A,3,4,12941.074342,12354,256,51.388,45071.355,0.839,1299.517,46423.099,kvikio,virchow2,warm,,tiff5x,/home/ec2-user/wsi-cloud/runs/2026-08-23-063822-weka-s7-7.5.b-endurance-all-four-4hr/heatmaps/proc3/TCGA-C8-A275-01Z-00-DX1.44D27E67-4DD6-4893-B38A-01E48F5A358A.tiff,6753588
309,TCGA-D8-A1XT-01Z-00-DX1.9E4DEEEB-AB0A-45F6-A69B-65B3E6F22D46,3,4,12987.497790,15831,256,62.488,56404.296,1.132,3808.599,60276.516,kvikio,virchow2,warm,,tiff5x,/home/ec2-user/wsi-cloud/runs/2026-08-23-063822-weka-s7-7.5.b-endurance-all-four-4hr/heatmaps/proc3/TCGA-D8-A1XT-01Z-00-DX1.9E4DEEEB-AB0A-45F6-A69B-65B3E6F22D46.tiff,10089377
310,TCGA-E2-A15K-01Z-00-DX1.9F424BE2-9BFE-4DFF-8CC9-10D2DADBBEA7,3,4,13047.774455,5719,256,20.997,20494.359,0.926,1552.394,22068.675,kvikio,virchow2,warm,,tiff5x,/home/ec2-user/wsi-cloud/runs/2026-08-23-063822-weka-s7-7.5.b-endurance-all-four-4hr/heatmaps/proc3/TCGA-E2-A15K-01Z-00-DX1.9F424BE2-9BFE-4DFF-8CC9-10D2DADBBEA7.tiff,4392473
311,TCGA-PE-A5DC-01Z-00-DX1.8E6953AD-C14A-43F5-B062-E31AB13C7BDF,3,4,13069.843275,6251,256,23.940,22537.883,0.519,1022.034,23584.376,kvikio,virchow2,warm,,tiff5x,/home/ec2-user/wsi-cloud/runs/2026-08-23-063822-weka-s7-7.5.b-endurance-all-four-4hr/heatmaps/proc3/TCGA-PE-A5DC-01Z-00-DX1.8E6953AD-C14A-43F5-B062-E31AB13C7BDF.tiff,3947239
312,TCGA-A2-A0EY-01Z-00-DX1.2F2428B3-0767-48E0-AC22-443C244CBD16,3,4,13093.427801,26624,256,108.418,97008.046,1.941,3067.766,100186.171,kvikio,virchow2,warm,,tiff5x,/home/ec2-user/wsi-cloud/runs/2026-08-23-063822-weka-s7-7.5.b-endurance-all-four-4hr/heatmaps/proc3/TCGA-A2-A0EY-01Z-00-DX1.2F2428B3-0767-48E0-AC22-443C244CBD16.tiff,14037415
313,TCGA-A7-A13F-01Z-00-DX1.AB4ADDD3-8E1C-4AB9-813E-D137A2CFB950,3,4,13193.614125,6253,256,26.073,22703.958,0.562,965.467,23696.060,kvikio,virchow2,warm,,tiff5x,/home/ec2-user/wsi-cloud/runs/2026-08-23-063822-weka-s7-7.5.b-endurance-all-four-4hr/heatmaps/proc3/TCGA-A7-A13F-01Z-00-DX1.AB4ADDD3-8E1C-4AB9-813E-D137A2CFB950.tiff,3427968
314,TCGA-A8-A076-01Z-00-DX1.BAAC4F9C-0C04-42FB-95F4-D765305089B8,3,4,13217.310327,4311,256,16.209,15822.567,0.615,1369.860,17209.251,kvikio,virchow2,warm,,tiff5x,/home/ec2-user/wsi-cloud/runs/2026-08-23-063822-weka-s7-7.5.b-endurance-all-four-4hr/heatmaps/proc3/TCGA-A8-A076-01Z-00-DX1.BAAC4F9C-0C04-42FB-95F4-D765305089B8.tiff,3137829
315,TCGA-A8-A090-01Z-00-DX1.01574070-D65E-486F-B69D-0F8E3816D057,3,4,13234.519714,1606,256,7.335,5893.670,0.529,287.889,6189.423,kvikio,virchow2,warm,,tiff5x,/home/ec2-user/wsi-cloud/runs/2026-08-23-063822-weka-s7-7.5.b-endurance-all-four-4hr/heatmaps/proc3/TCGA-A8-A090-01Z-00-DX1.01574070-D65E-486F-B69D-0F8E3816D057.tiff,1305590
316,TCGA-AN-A0FT-01Z-00-DX1.6F263AB3-FB1D-4056-AEC2-4F163017324F,3,4,13240.709374,6236,256,23.695,22746.757,0.598,1601.668,24372.718,kvikio,virchow2,warm,,tiff5x,/home/ec2-user/wsi-cloud/runs/2026-08-23-063822-weka-s7-7.5.b-endurance-all-four-4hr/heatmaps/proc3/TCGA-AN-A0FT-01Z-00-DX1.6F263AB3-FB1D-4056-AEC2-4F163017324F.tiff,3722907
317,TCGA-AR-A252-01Z-00-DX1.2E7EE069-A0B8-489B-A2F0-3175FB58F468,3,4,13265.082232,14876,256,58.073,54340.673,0.999,3002.030,57401.775,kvikio,virchow2,warm,,tiff5x,/home/ec2-user/wsi-cloud/runs/2026-08-23-063822-weka-s7-7.5.b-endurance-all-four-4hr/heatmaps/proc3/TCGA-AR-A252-01Z-00-DX1.2E7EE069-A0B8-489B-A2F0-3175FB58F468.tiff,9955586
318,TCGA-B6-A0IH-01Z-00-DX1.3463B12E-D1B0-4FB2-B257-BFD63BA2B6BF,3,4,13322.484159,22889,256,98.910,84048.482,1.613,3033.544,87182.548,kvikio,virchow2,warm,,tiff5x,/home/ec2-user/wsi-cloud/runs/2026-08-23-063822-weka-s7-7.5.b-endurance-all-four-4hr/heatmaps/proc3/TCGA-B6-A0IH-01Z-00-DX1.3463B12E-D1B0-4FB2-B257-BFD63BA2B6BF.tiff,12182375
319,TCGA-BH-A0E7-01Z-00-DX1.7FEE54C4-3795-403C-85B9-FF932BE56788,3,4,13409.666860,7912,256,33.659,28841.780,0.593,1887.712,30763.744,kvikio,virchow2,warm,,tiff5x,/home/ec2-user/wsi-cloud/runs/2026-08-23-063822-weka-s7-7.5.b-endurance-all-four-4hr/heatmaps/proc3/TCGA-BH-A0E7-01Z-00-DX1.7FEE54C4-3795-403C-85B9-FF932BE56788.tiff,5940481
320,TCGA-C8-A275-01Z-00-DX1.44D27E67-4DD6-4893-B38A-01E48F5A358A,3,4,13440.430770,12354,256,51.188,45463.782,0.874,1294.412,46810.256,kvikio,virchow2,warm,,tiff5x,/home/ec2-user/wsi-cloud/runs/2026-08-23-063822-weka-s7-7.5.b-endurance-all-four-4hr/heatmaps/proc3/TCGA-C8-A275-01Z-00-DX1.44D27E67-4DD6-4893-B38A-01E48F5A358A.tiff,6753588
321,TCGA-D8-A1XT-01Z-00-DX1.9E4DEEEB-AB0A-45F6-A69B-65B3E6F22D46,3,4,13487.241180,15831,256,66.649,58366.419,1.250,3914.579,62348.898,kvikio,virchow2,warm,,tiff5x,/home/ec2-user/wsi-cloud/runs/2026-08-23-063822-weka-s7-7.5.b-endurance-all-four-4hr/heatmaps/proc3/TCGA-D8-A1XT-01Z-00-DX1.9E4DEEEB-AB0A-45F6-A69B-65B3E6F22D46.tiff,10089377
322,TCGA-E2-A15K-01Z-00-DX1.9F424BE2-9BFE-4DFF-8CC9-10D2DADBBEA7,3,4,13549.590320,5719,256,25.027,20968.010,0.556,1520.673,22514.267,kvikio,virchow2,warm,,tiff5x,/home/ec2-user/wsi-cloud/runs/2026-08-23-063822-weka-s7-7.5.b-endurance-all-four-4hr/heatmaps/proc3/TCGA-E2-A15K-01Z-00-DX1.9F424BE2-9BFE-4DFF-8CC9-10D2DADBBEA7.tiff,4392473
323,TCGA-PE-A5DC-01Z-00-DX1.8E6953AD-C14A-43F5-B062-E31AB13C7BDF,3,4,13572.104735,6251,256,27.863,22883.443,0.569,1031.129,23943.004,kvikio,virchow2,warm,,tiff5x,/home/ec2-user/wsi-cloud/runs/2026-08-23-063822-weka-s7-7.5.b-endurance-all-four-4hr/heatmaps/proc3/TCGA-PE-A5DC-01Z-00-DX1.8E6953AD-C14A-43F5-B062-E31AB13C7BDF.tiff,3947239
324,TCGA-A2-A0EY-01Z-00-DX1.2F2428B3-0767-48E0-AC22-443C244CBD16,3,4,13596.047885,26624,256,109.707,97270.347,1.886,3108.675,100490.616,kvikio,virchow2,warm,,tiff5x,/home/ec2-user/wsi-cloud/runs/2026-08-23-063822-weka-s7-7.5.b-endurance-all-four-4hr/heatmaps/proc3/TCGA-A2-A0EY-01Z-00-DX1.2F2428B3-0767-48E0-AC22-443C244CBD16.tiff,14037415
325,TCGA-A7-A13F-01Z-00-DX1.AB4ADDD3-8E1C-4AB9-813E-D137A2CFB950,3,4,13696.538650,6253,256,26.861,22420.767,0.543,960.360,23408.532,kvikio,virchow2,warm,,tiff5x,/home/ec2-user/wsi-cloud/runs/2026-08-23-063822-weka-s7-7.5.b-endurance-all-four-4hr/heatmaps/proc3/TCGA-A7-A13F-01Z-00-DX1.AB4ADDD3-8E1C-4AB9-813E-D137A2CFB950.tiff,3427968
326,TCGA-A8-A076-01Z-00-DX1.BAAC4F9C-0C04-42FB-95F4-D765305089B8,3,4,13719.947319,4311,256,16.115,15472.863,0.602,1369.828,16859.409,kvikio,virchow2,warm,,tiff5x,/home/ec2-user/wsi-cloud/runs/2026-08-23-063822-weka-s7-7.5.b-endurance-all-four-4hr/heatmaps/proc3/TCGA-A8-A076-01Z-00-DX1.BAAC4F9C-0C04-42FB-95F4-D765305089B8.tiff,3137829
327,TCGA-A8-A090-01Z-00-DX1.01574070-D65E-486F-B69D-0F8E3816D057,3,4,13736.806870,1606,256,8.249,5757.923,0.588,293.487,6060.247,kvikio,virchow2,warm,,tiff5x,/home/ec2-user/wsi-cloud/runs/2026-08-23-063822-weka-s7-7.5.b-endurance-all-four-4hr/heatmaps/proc3/TCGA-A8-A090-01Z-00-DX1.01574070-D65E-486F-B69D-0F8E3816D057.tiff,1305590
328,TCGA-AN-A0FT-01Z-00-DX1.6F263AB3-FB1D-4056-AEC2-4F163017324F,3,4,13742.867248,6236,256,24.262,22503.675,0.557,1597.653,24126.145,kvikio,virchow2,warm,,tiff5x,/home/ec2-user/wsi-cloud/runs/2026-08-23-063822-weka-s7-7.5.b-endurance-all-four-4hr/heatmaps/proc3/TCGA-AN-A0FT-01Z-00-DX1.6F263AB3-FB1D-4056-AEC2-4F163017324F.tiff,3722907
329,TCGA-AR-A252-01Z-00-DX1.2E7EE069-A0B8-489B-A2F0-3175FB58F468,3,4,13766.993545,14876,256,59.794,54381.867,1.000,2990.982,57433.642,kvikio,virchow2,warm,,tiff5x,/home/ec2-user/wsi-cloud/runs/2026-08-23-063822-weka-s7-7.5.b-endurance-all-four-4hr/heatmaps/proc3/TCGA-AR-A252-01Z-00-DX1.2E7EE069-A0B8-489B-A2F0-3175FB58F468.tiff,9955586
330,TCGA-B6-A0IH-01Z-00-DX1.3463B12E-D1B0-4FB2-B257-BFD63BA2B6BF,3,4,13824.427339,22889,256,96.745,83859.094,1.712,3050.602,87008.153,kvikio,virchow2,warm,,tiff5x,/home/ec2-user/wsi-cloud/runs/2026-08-23-063822-weka-s7-7.5.b-endurance-all-four-4hr/heatmaps/proc3/TCGA-B6-A0IH-01Z-00-DX1.3463B12E-D1B0-4FB2-B257-BFD63BA2B6BF.tiff,12182375
331,TCGA-BH-A0E7-01Z-00-DX1.7FEE54C4-3795-403C-85B9-FF932BE56788,3,4,13911.435642,7912,256,39.261,28663.327,0.610,1880.839,30584.038,kvikio,virchow2,warm,,tiff5x,/home/ec2-user/wsi-cloud/runs/2026-08-23-063822-weka-s7-7.5.b-endurance-all-four-4hr/heatmaps/proc3/TCGA-BH-A0E7-01Z-00-DX1.7FEE54C4-3795-403C-85B9-FF932BE56788.tiff,5940481
332,TCGA-C8-A275-01Z-00-DX1.44D27E67-4DD6-4893-B38A-01E48F5A358A,3,4,13942.019823,12354,256,45.152,45221.479,0.859,1300.002,46567.492,kvikio,virchow2,warm,,tiff5x,/home/ec2-user/wsi-cloud/runs/2026-08-23-063822-weka-s7-7.5.b-endurance-all-four-4hr/heatmaps/proc3/TCGA-C8-A275-01Z-00-DX1.44D27E67-4DD6-4893-B38A-01E48F5A358A.tiff,6753588
333,TCGA-D8-A1XT-01Z-00-DX1.9E4DEEEB-AB0A-45F6-A69B-65B3E6F22D46,3,4,13988.587462,15831,256,62.254,58399.620,1.125,3816.975,62279.974,kvikio,virchow2,warm,,tiff5x,/home/ec2-user/wsi-cloud/runs/2026-08-23-063822-weka-s7-7.5.b-endurance-all-four-4hr/heatmaps/proc3/TCGA-D8-A1XT-01Z-00-DX1.9E4DEEEB-AB0A-45F6-A69B-65B3E6F22D46.tiff,10089377
334,TCGA-E2-A15K-01Z-00-DX1.9F424BE2-9BFE-4DFF-8CC9-10D2DADBBEA7,3,4,14050.867664,5719,256,24.141,20985.387,0.556,1517.460,22527.545,kvikio,virchow2,warm,,tiff5x,/home/ec2-user/wsi-cloud/runs/2026-08-23-063822-weka-s7-7.5.b-endurance-all-four-4hr/heatmaps/proc3/TCGA-E2-A15K-01Z-00-DX1.9F424BE2-9BFE-4DFF-8CC9-10D2DADBBEA7.tiff,4392473
335,TCGA-PE-A5DC-01Z-00-DX1.8E6953AD-C14A-43F5-B062-E31AB13C7BDF,3,4,14073.395357,6251,256,26.660,22885.666,0.550,1030.346,23943.222,kvikio,virchow2,warm,,tiff5x,/home/ec2-user/wsi-cloud/runs/2026-08-23-063822-weka-s7-7.5.b-endurance-all-four-4hr/heatmaps/proc3/TCGA-PE-A5DC-01Z-00-DX1.8E6953AD-C14A-43F5-B062-E31AB13C7BDF.tiff,3947239
336,TCGA-A2-A0EY-01Z-00-DX1.2F2428B3-0767-48E0-AC22-443C244CBD16,3,4,14097.338727,26624,256,110.167,97992.444,1.954,2956.828,101061.393,kvikio,virchow2,warm,,tiff5x,/home/ec2-user/wsi-cloud/runs/2026-08-23-063822-weka-s7-7.5.b-endurance-all-four-4hr/heatmaps/proc3/TCGA-A2-A0EY-01Z-00-DX1.2F2428B3-0767-48E0-AC22-443C244CBD16.tiff,14037415
337,TCGA-A7-A13F-01Z-00-DX1.AB4ADDD3-8E1C-4AB9-813E-D137A2CFB950,3,4,14198.400468,6253,256,28.355,23020.072,0.546,969.437,24018.411,kvikio,virchow2,warm,,tiff5x,/home/ec2-user/wsi-cloud/runs/2026-08-23-063822-weka-s7-7.5.b-endurance-all-four-4hr/heatmaps/proc3/TCGA-A7-A13F-01Z-00-DX1.AB4ADDD3-8E1C-4AB9-813E-D137A2CFB950.tiff,3427968
338,TCGA-A8-A076-01Z-00-DX1.BAAC4F9C-0C04-42FB-95F4-D765305089B8,3,4,14222.419019,4311,256,16.167,15820.727,0.630,1369.394,17206.918,kvikio,virchow2,warm,,tiff5x,/home/ec2-user/wsi-cloud/runs/2026-08-23-063822-weka-s7-7.5.b-endurance-all-four-4hr/heatmaps/proc3/TCGA-A8-A076-01Z-00-DX1.BAAC4F9C-0C04-42FB-95F4-D765305089B8.tiff,3137829
339,TCGA-A8-A090-01Z-00-DX1.01574070-D65E-486F-B69D-0F8E3816D057,3,4,14239.626109,1606,256,8.557,5883.158,0.539,296.042,6188.296,kvikio,virchow2,warm,,tiff5x,/home/ec2-user/wsi-cloud/runs/2026-08-23-063822-weka-s7-7.5.b-endurance-all-four-4hr/heatmaps/proc3/TCGA-A8-A090-01Z-00-DX1.01574070-D65E-486F-B69D-0F8E3816D057.tiff,1305590
340,TCGA-AN-A0FT-01Z-00-DX1.6F263AB3-FB1D-4056-AEC2-4F163017324F,3,4,14245.814538,6236,256,23.491,22906.261,0.534,1715.356,24645.643,kvikio,virchow2,warm,,tiff5x,/home/ec2-user/wsi-cloud/runs/2026-08-23-063822-weka-s7-7.5.b-endurance-all-four-4hr/heatmaps/proc3/TCGA-AN-A0FT-01Z-00-DX1.6F263AB3-FB1D-4056-AEC2-4F163017324F.tiff,3722907
341,TCGA-AR-A252-01Z-00-DX1.2E7EE069-A0B8-489B-A2F0-3175FB58F468,3,4,14270.460341,14876,256,61.411,54330.471,0.998,3006.637,57399.517,kvikio,virchow2,warm,,tiff5x,/home/ec2-user/wsi-cloud/runs/2026-08-23-063822-weka-s7-7.5.b-endurance-all-four-4hr/heatmaps/proc3/TCGA-AR-A252-01Z-00-DX1.2E7EE069-A0B8-489B-A2F0-3175FB58F468.tiff,9955586
342,TCGA-B6-A0IH-01Z-00-DX1.3463B12E-D1B0-4FB2-B257-BFD63BA2B6BF,3,4,14327.860020,22889,256,104.718,83477.297,1.642,3045.142,86628.799,kvikio,virchow2,warm,,tiff5x,/home/ec2-user/wsi-cloud/runs/2026-08-23-063822-weka-s7-7.5.b-endurance-all-four-4hr/heatmaps/proc3/TCGA-B6-A0IH-01Z-00-DX1.3463B12E-D1B0-4FB2-B257-BFD63BA2B6BF.tiff,12182375
343,TCGA-BH-A0E7-01Z-00-DX1.7FEE54C4-3795-403C-85B9-FF932BE56788,3,4,14414.488972,7912,256,34.800,28608.004,0.611,1900.540,30543.955,kvikio,virchow2,warm,,tiff5x,/home/ec2-user/wsi-cloud/runs/2026-08-23-063822-weka-s7-7.5.b-endurance-all-four-4hr/heatmaps/proc3/TCGA-BH-A0E7-01Z-00-DX1.7FEE54C4-3795-403C-85B9-FF932BE56788.tiff,5940481
344,TCGA-C8-A275-01Z-00-DX1.44D27E67-4DD6-4893-B38A-01E48F5A358A,3,4,14445.033086,12354,256,53.556,45187.768,0.862,1297.399,46539.585,kvikio,virchow2,warm,,tiff5x,/home/ec2-user/wsi-cloud/runs/2026-08-23-063822-weka-s7-7.5.b-endurance-all-four-4hr/heatmaps/proc3/TCGA-C8-A275-01Z-00-DX1.44D27E67-4DD6-4893-B38A-01E48F5A358A.tiff,6753588
345,TCGA-D8-A1XT-01Z-00-DX1.9E4DEEEB-AB0A-45F6-A69B-65B3E6F22D46,3,4,14491.572827,15831,256,61.177,57332.760,1.203,3809.922,61205.062,kvikio,virchow2,warm,,tiff5x,/home/ec2-user/wsi-cloud/runs/2026-08-23-063822-weka-s7-7.5.b-endurance-all-four-4hr/heatmaps/proc3/TCGA-D8-A1XT-01Z-00-DX1.9E4DEEEB-AB0A-45F6-A69B-65B3E6F22D46.tiff,10089377
346,TCGA-E2-A15K-01Z-00-DX1.9F424BE2-9BFE-4DFF-8CC9-10D2DADBBEA7,3,4,14552.778044,5719,256,25.117,20825.428,0.556,1508.738,22359.839,kvikio,virchow2,warm,,tiff5x,/home/ec2-user/wsi-cloud/runs/2026-08-23-063822-weka-s7-7.5.b-endurance-all-four-4hr/heatmaps/proc3/TCGA-E2-A15K-01Z-00-DX1.9F424BE2-9BFE-4DFF-8CC9-10D2DADBBEA7.tiff,4392473
347,TCGA-PE-A5DC-01Z-00-DX1.8E6953AD-C14A-43F5-B062-E31AB13C7BDF,3,4,14575.138028,6251,256,23.392,22975.767,0.542,1029.701,24029.403,kvikio,virchow2,warm,,tiff5x,/home/ec2-user/wsi-cloud/runs/2026-08-23-063822-weka-s7-7.5.b-endurance-all-four-4hr/heatmaps/proc3/TCGA-PE-A5DC-01Z-00-DX1.8E6953AD-C14A-43F5-B062-E31AB13C7BDF.tiff,3947239
348,TCGA-A2-A0EY-01Z-00-DX1.2F2428B3-0767-48E0-AC22-443C244CBD16,3,4,14599.167569,26624,256,110.342,97525.634,1.990,2946.479,100584.445,kvikio,virchow2,warm,,tiff5x,/home/ec2-user/wsi-cloud/runs/2026-08-23-063822-weka-s7-7.5.b-endurance-all-four-4hr/heatmaps/proc3/TCGA-A2-A0EY-01Z-00-DX1.2F2428B3-0767-48E0-AC22-443C244CBD16.tiff,14037415
