worker_id,time_since_start_s,file_idx_in_corpus,file_size_bytes,load_latency_ms,pattern,dtype_inferred
0,300.489515,7258,52430573,51.514,random,float32
0,301.013567,3943,52430573,53.006,random,float32
0,301.537834,6505,52430573,53.647,random,float32
0,302.075530,4920,52430573,53.434,random,float32
0,302.614127,9365,52430573,54.615,random,float32
0,303.157744,9538,52430573,54.368,random,float32
0,303.695791,1264,52430573,50.113,random,float32
0,304.223887,9441,52430573,50.412,random,float32
0,304.770995,9868,52430573,54.194,random,float32
0,305.305211,2450,52430573,52.947,random,float32
0,305.830928,8269,52430573,54.435,random,float32
0,306.369757,7796,52430573,53.686,random,float32
0,306.902732,2136,52430573,52.982,random,float32
0,307.432932,8589,52430573,53.764,random,float32
0,307.972245,6776,52430573,52.849,random,float32
0,308.514661,2773,52430573,55.133,random,float32
0,309.053334,1405,52430573,52.389,random,float32
0,309.588842,7373,52430573,54.374,random,float32
0,310.119533,4237,52430573,55.115,random,float32
0,310.657701,2790,52430573,53.006,random,float32
0,311.185308,4445,52430573,54.835,random,float32
0,311.714168,5168,52430573,49.749,random,float32
0,312.254007,352,52430573,53.963,random,float32
0,312.784511,5681,52430573,54.513,random,float32
0,313.321228,482,52430573,52.723,random,float32
0,313.860784,8531,52430573,52.957,random,float32
0,314.397954,7359,52430573,53.949,random,float32
0,314.931311,8582,52430573,53.209,random,float32
0,315.471266,1939,52430573,53.947,random,float32
0,316.003113,4485,52430573,53.114,random,float32
0,316.540196,3783,52430573,53.498,random,float32
0,317.102482,7680,52430573,57.933,random,float32
0,317.652707,528,52430573,54.837,random,float32
0,318.190453,7197,52430573,52.443,random,float32
0,318.728634,5126,52430573,53.213,random,float32
0,319.260631,7485,52430573,53.843,random,float32
0,319.793087,807,52430573,52.257,random,float32
0,320.317860,4823,52430573,53.316,random,float32
0,320.846345,9591,52430573,53.478,random,float32
0,321.375374,9671,52430573,52.737,random,float32
0,321.910874,7362,52430573,53.127,random,float32
0,322.452661,719,52430573,54.129,random,float32
0,322.981633,5047,52430573,52.616,random,float32
0,323.512097,200,52430573,51.430,random,float32
0,324.048483,9647,52430573,53.274,random,float32
0,324.582465,8967,52430573,54.222,random,float32
0,325.118189,2381,52430573,52.906,random,float32
0,325.645745,2920,52430573,52.595,random,float32
0,326.173119,587,52430573,54.793,random,float32
0,326.708493,4797,52430573,53.427,random,float32
0,327.246821,3425,52430573,56.852,random,float32
0,327.792073,9975,52430573,54.007,random,float32
0,328.331883,8154,52430573,56.175,random,float32
0,328.870221,7616,52430573,54.041,random,float32
0,329.404914,185,52430573,54.651,random,float32
0,329.944412,100,52430573,56.339,random,float32
0,330.488023,5536,52430573,58.872,random,float32
0,331.052696,7577,52430573,56.902,random,float32
0,331.603818,3412,52430573,54.860,random,float32
0,332.140200,8753,52430573,53.388,random,float32
0,332.673132,518,52430573,52.917,random,float32
0,333.213213,8603,52430573,54.770,random,float32
0,333.745682,408,52430573,53.654,random,float32
0,334.284619,2347,52430573,50.887,random,float32
0,334.818159,67,52430573,52.883,random,float32
0,335.356568,5119,52430573,54.688,random,float32
0,335.896490,8720,52430573,53.839,random,float32
0,336.434968,9168,52430573,52.893,random,float32
0,336.970071,4641,52430573,54.898,random,float32
0,337.497164,2131,52430573,53.165,random,float32
0,338.026829,2932,52430573,52.385,random,float32
0,338.557892,7629,52430573,49.477,random,float32
0,339.094689,3796,52430573,53.671,random,float32
0,339.630572,7987,52430573,54.591,random,float32
0,340.171703,5711,52430573,53.261,random,float32
0,340.719979,1162,52430573,55.669,random,float32
0,341.268974,2605,52430573,54.462,random,float32
0,341.825582,5606,52430573,56.843,random,float32
0,342.365838,7584,52430573,52.508,random,float32
0,342.898394,1781,52430573,52.736,random,float32
0,343.434223,3,52430573,53.890,random,float32
0,343.973175,3369,52430573,54.846,random,float32
0,344.506855,8362,52430573,53.153,random,float32
0,345.045073,5885,52430573,53.843,random,float32
0,345.582166,6652,52430573,53.446,random,float32
0,346.120333,6301,52430573,54.551,random,float32
0,346.653096,2359,52430573,53.424,random,float32
0,347.184341,2945,52430573,54.758,random,float32
0,347.720077,6959,52430573,52.008,random,float32
0,348.250646,9442,52430573,51.831,random,float32
0,348.805986,1311,52430573,54.650,random,float32
0,349.348102,4017,52430573,52.301,random,float32
0,349.887330,7681,52430573,53.609,random,float32
0,350.438582,2744,52430573,54.874,random,float32
0,350.988395,9385,52430573,54.824,random,float32
0,351.523285,4552,52430573,53.958,random,float32
0,352.066014,9695,52430573,53.636,random,float32
0,352.601763,542,52430573,54.391,random,float32
0,353.145789,7211,52430573,53.937,random,float32
0,353.683228,7602,52430573,54.020,random,float32
0,354.220944,4302,52430573,53.152,random,float32
0,354.745547,672,52430573,52.736,random,float32
0,355.274065,4183,52430573,53.535,random,float32
0,355.811753,5132,52430573,53.141,random,float32
0,356.349457,7306,52430573,52.586,random,float32
0,356.876463,9734,52430573,51.643,random,float32
0,357.422067,3027,52430573,54.770,random,float32
0,357.955770,5298,52430573,54.155,random,float32
0,358.477937,4230,52430573,53.174,random,float32
0,359.009065,8061,52430573,53.080,random,float32
0,359.543465,571,52430573,53.988,random,float32
0,360.084582,619,52430573,54.697,random,float32
0,360.628860,7833,52430573,56.516,random,float32
0,361.170059,9293,52430573,54.112,random,float32
0,361.711425,5571,52430573,54.587,random,float32
0,362.245618,4896,52430573,52.545,random,float32
0,362.777683,3163,52430573,53.390,random,float32
0,363.312503,8748,52430573,54.459,random,float32
0,363.849286,3468,52430573,53.381,random,float32
0,364.383487,8010,52430573,54.852,random,float32
0,364.914294,1594,52430573,53.156,random,float32
0,365.453089,1033,52430573,53.162,random,float32
0,365.986825,5268,52430573,54.755,random,float32
0,366.542292,6801,52430573,55.806,random,float32
0,367.086473,1637,52430573,53.879,random,float32
0,367.637885,9727,52430573,54.734,random,float32
0,368.183313,6750,52430573,55.635,random,float32
0,368.748427,6861,52430573,55.810,random,float32
0,369.290818,8315,52430573,54.357,random,float32
0,369.835131,8151,52430573,52.804,random,float32
0,370.383377,5477,52430573,54.333,random,float32
0,370.930150,8436,52430573,54.790,random,float32
0,371.477578,5336,52430573,54.637,random,float32
0,372.022656,3615,52430573,54.034,random,float32
0,372.555565,7454,52430573,52.874,random,float32
0,373.091190,5503,52430573,52.453,random,float32
0,373.615133,6852,52430573,53.259,random,float32
0,374.158699,3763,52430573,54.374,random,float32
0,374.699974,237,52430573,53.836,random,float32
0,375.249282,9399,52430573,54.336,random,float32
0,375.794543,6460,52430573,54.412,random,float32
0,376.330708,3571,52430573,53.328,random,float32
0,376.868084,7524,52430573,54.139,random,float32
0,377.395398,7607,52430573,52.657,random,float32
0,377.928435,8887,52430573,52.681,random,float32
0,378.468546,6274,52430573,53.013,random,float32
0,379.002499,2267,52430573,52.238,random,float32
0,379.534670,5778,52430573,54.778,random,float32
0,380.069823,7966,52430573,54.229,random,float32
0,380.616172,1075,52430573,55.213,random,float32
0,381.161313,2699,52430573,54.553,random,float32
0,381.712323,6824,52430573,55.206,random,float32
0,382.255200,1031,52430573,53.801,random,float32
0,382.788393,9721,52430573,54.565,random,float32
0,383.318585,4259,52430573,54.188,random,float32
0,383.861501,2725,52430573,56.440,random,float32
0,384.410596,674,52430573,54.530,random,float32
0,384.954363,568,52430573,55.509,random,float32
0,385.505062,1990,52430573,55.647,random,float32
0,386.055839,8313,52430573,53.579,random,float32
0,386.594840,1840,52430573,54.822,random,float32
0,387.130383,7306,52430573,53.753,random,float32
0,387.676616,4553,52430573,54.665,random,float32
0,388.218939,8035,52430573,54.493,random,float32
0,388.762271,6056,52430573,54.396,random,float32
0,389.303152,1435,52430573,54.085,random,float32
0,389.840479,9620,52430573,52.322,random,float32
0,390.380581,9677,52430573,52.946,random,float32
0,390.917090,9304,52430573,52.735,random,float32
0,391.460330,9588,52430573,55.478,random,float32
0,392.008509,4917,52430573,54.654,random,float32
0,392.553696,4541,52430573,54.967,random,float32
0,393.094149,7799,52430573,53.235,random,float32
0,393.626946,2394,52430573,52.959,random,float32
0,394.163545,5832,52430573,50.749,random,float32
0,394.691244,9810,52430573,51.196,random,float32
0,395.228823,9503,52430573,54.090,random,float32
0,395.766510,5575,52430573,53.078,random,float32
0,396.306818,8717,52430573,54.666,random,float32
0,396.836001,5705,52430573,52.066,random,float32
0,397.362836,471,52430573,53.174,random,float32
0,397.892682,1287,52430573,53.189,random,float32
0,398.423202,537,52430573,53.753,random,float32
0,398.953607,168,52430573,54.247,random,float32
0,399.489152,1487,52430573,56.207,random,float32
0,400.026535,9342,52430573,53.645,random,float32
0,400.555091,8800,52430573,48.408,random,float32
0,401.101311,1758,52430573,57.436,random,float32
0,401.639271,5149,52430573,53.180,random,float32
0,402.174597,665,52430573,53.754,random,float32
0,402.708060,7273,52430573,51.969,random,float32
0,403.247033,2937,52430573,52.444,random,float32
0,403.783694,6468,52430573,54.419,random,float32
0,404.326078,9747,52430573,54.594,random,float32
0,404.860532,6557,52430573,54.060,random,float32
0,405.396528,1770,52430573,53.288,random,float32
0,405.929008,1117,52430573,53.263,random,float32
0,406.463212,1253,52430573,52.695,random,float32
0,406.989969,8887,52430573,52.752,random,float32
0,407.527204,5153,52430573,53.497,random,float32
0,408.057249,8052,52430573,54.176,random,float32
0,408.597076,8837,52430573,54.948,random,float32
0,409.127386,8105,52430573,53.046,random,float32
0,409.655800,2100,52430573,52.519,random,float32
0,410.191615,5855,52430573,54.054,random,float32
0,410.729390,1073,52430573,54.200,random,float32
0,411.261544,6921,52430573,53.420,random,float32
0,411.798659,6188,52430573,53.390,random,float32
0,412.319686,8138,52430573,50.607,random,float32
0,412.848802,8779,52430573,52.596,random,float32
0,413.381469,9473,52430573,53.801,random,float32
0,413.928736,3436,52430573,56.518,random,float32
0,414.465398,6788,52430573,53.242,random,float32
0,414.995434,9451,52430573,52.379,random,float32
0,415.529589,3287,52430573,53.667,random,float32
0,416.070355,1055,52430573,55.840,random,float32
0,416.607836,3907,52430573,53.872,random,float32
0,417.134750,7145,52430573,53.326,random,float32
0,417.675116,9022,52430573,52.985,random,float32
0,418.215286,1041,52430573,54.820,random,float32
0,418.750634,1976,52430573,53.065,random,float32
0,419.280174,5134,52430573,52.511,random,float32
0,419.820542,3507,52430573,53.092,random,float32
0,420.348566,1850,52430573,53.834,random,float32
0,420.882598,6025,52430573,48.137,random,float32
0,421.420948,5067,52430573,54.108,random,float32
0,421.955254,4929,52430573,53.631,random,float32
0,422.484193,4489,52430573,53.289,random,float32
0,423.013667,8295,52430573,52.603,random,float32
0,423.543494,3010,52430573,46.689,random,float32
0,424.085149,1815,52430573,52.938,random,float32
0,424.627743,2187,52430573,53.030,random,float32
0,425.169613,2980,52430573,56.506,random,float32
0,425.732527,7576,52430573,56.249,random,float32
0,426.288900,1459,52430573,55.117,random,float32
0,426.826589,1941,52430573,52.429,random,float32
0,427.364915,9831,52430573,53.619,random,float32
0,427.896772,4289,52430573,52.282,random,float32
0,428.432340,2182,52430573,54.797,random,float32
0,428.971937,9125,52430573,53.878,random,float32
0,429.502379,87,52430573,53.687,random,float32
0,430.039223,9510,52430573,53.805,random,float32
0,430.572669,5198,52430573,53.589,random,float32
0,431.105103,4603,52430573,53.777,random,float32
0,431.630799,5169,52430573,51.918,random,float32
0,432.164618,3000,52430573,54.583,random,float32
0,432.695359,7233,52430573,52.684,random,float32
0,433.220607,1533,52430573,52.712,random,float32
0,433.749213,9560,52430573,54.684,random,float32
0,434.283880,5384,52430573,55.010,random,float32
0,434.821906,473,52430573,54.333,random,float32
0,435.364600,7423,52430573,54.314,random,float32
0,435.894117,8964,52430573,52.610,random,float32
0,436.435484,336,52430573,53.485,random,float32
0,436.969165,7083,52430573,52.762,random,float32
0,437.506949,7298,52430573,53.895,random,float32
0,438.054930,3053,52430573,61.834,random,float32
0,438.592425,8115,52430573,53.394,random,float32
0,439.124132,2434,52430573,52.534,random,float32
0,439.662870,738,52430573,53.633,random,float32
0,440.197790,5823,52430573,53.843,random,float32
0,440.737351,6438,52430573,53.723,random,float32
0,441.271783,5592,52430573,53.435,random,float32
0,441.829117,293,52430573,55.583,random,float32
0,442.387938,7974,52430573,54.980,random,float32
0,442.934530,1833,52430573,54.949,random,float32
0,443.487570,3127,52430573,55.237,random,float32
0,444.037226,2497,52430573,52.694,random,float32
0,444.567351,9329,52430573,52.982,random,float32
0,445.110061,9762,52430573,55.602,random,float32
0,445.659188,3799,52430573,55.279,random,float32
0,446.215690,6834,52430573,55.356,random,float32
0,446.769347,3149,52430573,54.626,random,float32
0,447.314204,7675,52430573,55.693,random,float32
0,447.849034,1412,52430573,53.700,random,float32
0,448.391068,8089,52430573,54.852,random,float32
0,448.937891,2598,52430573,55.486,random,float32
0,449.483818,9207,52430573,55.088,random,float32
0,450.038196,8444,52430573,54.359,random,float32
0,450.573111,9215,52430573,53.055,random,float32
0,451.116034,7233,52430573,54.562,random,float32
0,451.663360,7194,52430573,56.881,random,float32
0,452.223264,4358,52430573,57.280,random,float32
0,452.769477,7025,52430573,53.998,random,float32
0,453.314966,8476,52430573,54.049,random,float32
0,453.852188,607,52430573,54.054,random,float32
0,454.389759,5139,52430573,54.283,random,float32
0,454.928873,7244,52430573,52.835,random,float32
0,455.466739,2064,52430573,52.928,random,float32
0,455.996819,5582,52430573,50.524,random,float32
0,456.524757,8278,52430573,53.925,random,float32
0,457.055817,7352,52430573,52.156,random,float32
0,457.594582,9757,52430573,53.776,random,float32
0,458.145713,1724,52430573,57.012,random,float32
0,458.674908,6751,52430573,54.447,random,float32
0,459.199639,6050,52430573,52.134,random,float32
0,459.733155,6937,52430573,54.592,random,float32
0,460.268485,2119,52430573,55.158,random,float32
0,460.807828,6051,52430573,54.911,random,float32
0,461.342520,8565,52430573,52.117,random,float32
0,461.880945,2340,52430573,52.985,random,float32
0,462.409140,34,52430573,53.818,random,float32
0,462.939197,9269,52430573,51.426,random,float32
0,463.471111,7371,52430573,53.873,random,float32
0,464.008598,8863,52430573,53.441,random,float32
0,464.531576,2028,52430573,51.761,random,float32
0,465.066043,7796,52430573,53.705,random,float32
0,465.599622,9495,52430573,54.421,random,float32
0,466.136701,381,52430573,54.053,random,float32
0,466.672717,1491,52430573,51.984,random,float32
0,467.205916,2526,52430573,53.207,random,float32
0,467.739898,6388,52430573,53.487,random,float32
0,468.267560,3318,52430573,52.958,random,float32
0,468.808718,4412,52430573,51.919,random,float32
0,469.346084,3829,52430573,53.423,random,float32
0,469.871772,9310,52430573,51.620,random,float32
0,470.396810,4016,52430573,51.762,random,float32
0,470.928679,8,52430573,53.220,random,float32
0,471.471628,8361,52430573,53.678,random,float32
0,472.004585,2014,52430573,53.134,random,float32
0,472.545743,7417,52430573,53.346,random,float32
0,473.080482,2190,52430573,53.102,random,float32
0,473.609111,6435,52430573,54.501,random,float32
0,474.153504,9851,52430573,53.386,random,float32
0,474.683028,153,52430573,53.910,random,float32
0,475.222899,8090,52430573,52.210,random,float32
0,475.763720,1817,52430573,54.599,random,float32
0,476.302629,9259,52430573,53.194,random,float32
0,476.831083,8570,52430573,53.065,random,float32
0,477.362103,849,52430573,52.747,random,float32
0,477.890294,8474,52430573,53.090,random,float32
0,478.420153,6420,52430573,53.730,random,float32
0,478.946543,3225,52430573,54.592,random,float32
0,479.481140,9708,52430573,52.722,random,float32
0,480.016230,8514,52430573,54.941,random,float32
0,480.557033,994,52430573,53.811,random,float32
0,481.089373,7075,52430573,54.666,random,float32
0,481.617363,6735,52430573,51.539,random,float32
0,482.144076,425,52430573,51.101,random,float32
0,482.675083,1106,52430573,53.775,random,float32
0,483.202692,7284,52430573,53.728,random,float32
0,483.740669,8407,52430573,54.824,random,float32
0,484.276687,5618,52430573,54.459,random,float32
0,484.818236,9166,52430573,54.658,random,float32
0,485.359631,7794,52430573,52.570,random,float32
0,485.882635,2658,52430573,50.173,random,float32
0,486.414458,3492,52430573,49.581,random,float32
0,486.933176,162,52430573,53.597,random,float32
0,487.467664,9595,52430573,53.116,random,float32
0,488.005003,2855,52430573,53.417,random,float32
0,488.545978,343,52430573,54.056,random,float32
0,489.072687,6100,52430573,52.760,random,float32
0,489.596363,8725,52430573,52.272,random,float32
0,490.134701,8773,52430573,55.756,random,float32
0,490.689022,8011,52430573,56.506,random,float32
0,491.225881,8168,52430573,54.138,random,float32
0,491.764907,4396,52430573,54.034,random,float32
0,492.305136,6486,52430573,54.675,random,float32
0,492.846405,1388,52430573,56.469,random,float32
0,493.386016,7622,52430573,53.691,random,float32
0,493.919083,5194,52430573,51.378,random,float32
0,494.461095,1350,52430573,54.854,random,float32
0,495.002829,1168,52430573,55.857,random,float32
0,495.540282,4496,52430573,52.823,random,float32
0,496.083820,6616,52430573,55.938,random,float32
0,496.618894,3438,52430573,53.721,random,float32
0,497.153114,5129,52430573,53.872,random,float32
0,497.691452,2276,52430573,54.195,random,float32
0,498.226235,6974,52430573,54.269,random,float32
0,498.770807,2518,52430573,56.129,random,float32
0,499.305224,1043,52430573,53.193,random,float32
0,499.843406,1527,52430573,53.880,random,float32
0,500.368091,3260,52430573,53.168,random,float32
0,500.898643,941,52430573,53.681,random,float32
0,501.425143,2115,52430573,51.703,random,float32
0,501.969644,7081,52430573,54.038,random,float32
0,502.503785,4512,52430573,55.006,random,float32
0,503.054769,5388,52430573,54.406,random,float32
0,503.602160,5681,52430573,56.001,random,float32
0,504.151560,3005,52430573,54.941,random,float32
0,504.686764,1093,52430573,53.508,random,float32
0,505.232327,5341,52430573,55.269,random,float32
0,505.777377,1199,52430573,54.109,random,float32
0,506.326694,1878,52430573,53.319,random,float32
0,506.872397,7171,52430573,54.488,random,float32
0,507.414954,4819,52430573,53.983,random,float32
0,507.950495,5866,52430573,53.975,random,float32
0,508.486534,6399,52430573,53.148,random,float32
0,509.020682,6138,52430573,53.103,random,float32
0,509.550770,1035,52430573,53.503,random,float32
0,510.090107,5286,52430573,53.167,random,float32
0,510.629861,1734,52430573,54.492,random,float32
0,511.165910,7516,52430573,53.263,random,float32
0,511.695895,9811,52430573,53.180,random,float32
0,512.235200,6366,52430573,51.441,random,float32
0,512.770306,9585,52430573,54.647,random,float32
0,513.309154,2032,52430573,53.953,random,float32
0,513.849952,4859,52430573,54.641,random,float32
0,514.400997,2199,52430573,55.789,random,float32
0,514.946664,5615,52430573,53.497,random,float32
0,515.491377,5269,52430573,55.296,random,float32
0,516.047674,3345,52430573,54.109,random,float32
0,516.591120,6983,52430573,53.748,random,float32
0,517.133149,4966,52430573,54.129,random,float32
0,517.670811,6188,52430573,53.545,random,float32
0,518.214260,324,52430573,54.407,random,float32
0,518.768349,4215,52430573,54.433,random,float32
0,519.317089,1178,52430573,56.448,random,float32
0,519.856502,6131,52430573,52.396,random,float32
0,520.385142,1167,52430573,53.670,random,float32
0,520.916543,5711,52430573,53.444,random,float32
0,521.459284,565,52430573,53.912,random,float32
0,522.024837,9865,52430573,58.675,random,float32
0,522.573612,8495,52430573,55.249,random,float32
0,523.138699,9602,52430573,57.723,random,float32
0,523.694851,6520,52430573,53.853,random,float32
0,524.234331,6829,52430573,55.395,random,float32
0,524.773170,2981,52430573,52.658,random,float32
0,525.309766,3143,52430573,53.389,random,float32
0,525.844153,2042,52430573,52.343,random,float32
0,526.374670,155,52430573,54.044,random,float32
0,526.902126,9879,52430573,53.472,random,float32
0,527.430396,5620,52430573,54.874,random,float32
0,527.965453,50,52430573,53.795,random,float32
0,528.499741,6036,52430573,52.771,random,float32
0,529.031874,749,52430573,54.756,random,float32
0,529.566014,7800,52430573,53.613,random,float32
0,530.099091,520,52430573,52.671,random,float32
0,530.628769,7899,52430573,50.921,random,float32
0,531.151594,2625,52430573,54.214,random,float32
0,531.691773,8060,52430573,54.990,random,float32
0,532.218505,9206,52430573,53.932,random,float32
0,532.754901,5574,52430573,55.313,random,float32
0,533.288470,27,52430573,53.374,random,float32
0,533.832093,2069,52430573,55.486,random,float32
0,534.371136,5176,52430573,54.009,random,float32
0,534.908209,562,52430573,54.138,random,float32
0,535.441898,8110,52430573,53.100,random,float32
0,535.972025,7987,52430573,54.016,random,float32
0,536.500179,5706,52430573,53.580,random,float32
0,537.032975,1594,52430573,53.815,random,float32
0,537.571101,7239,52430573,53.232,random,float32
0,538.100165,1670,52430573,54.808,random,float32
0,538.635427,859,52430573,53.489,random,float32
0,539.169817,1946,52430573,52.493,random,float32
0,539.698811,6260,52430573,55.876,random,float32
0,540.238555,8351,52430573,54.069,random,float32
0,540.783056,2967,52430573,53.242,random,float32
0,541.314998,8806,52430573,52.394,random,float32
0,541.849954,8501,52430573,53.170,random,float32
0,542.367089,9088,52430573,51.565,random,float32
0,542.898181,9215,52430573,53.130,random,float32
0,543.438276,6931,52430573,55.919,random,float32
0,543.987221,9454,52430573,55.830,random,float32
0,544.531314,732,52430573,54.467,random,float32
0,545.068386,3539,52430573,53.023,random,float32
0,545.603456,6255,52430573,53.624,random,float32
0,546.145764,1156,52430573,53.438,random,float32
0,546.680107,5183,52430573,52.525,random,float32
0,547.209186,1802,52430573,54.114,random,float32
0,547.740787,3698,52430573,54.453,random,float32
0,548.272002,8625,52430573,52.647,random,float32
0,548.801413,4440,52430573,51.616,random,float32
0,549.336040,9038,52430573,54.132,random,float32
0,549.859319,2070,52430573,52.096,random,float32
0,550.395677,7500,52430573,53.686,random,float32
0,550.931391,3748,52430573,52.481,random,float32
0,551.467336,1534,52430573,54.461,random,float32
0,552.001471,8334,52430573,52.885,random,float32
0,552.532421,119,52430573,53.035,random,float32
0,553.072885,2761,52430573,53.293,random,float32
0,553.614447,6925,52430573,53.568,random,float32
0,554.147206,4752,52430573,51.140,random,float32
0,554.685227,4994,52430573,52.679,random,float32
0,555.224409,4888,52430573,55.311,random,float32
0,555.754413,7058,52430573,54.738,random,float32
0,556.291126,113,52430573,53.440,random,float32
0,556.824103,2984,52430573,52.846,random,float32
0,557.354381,95,52430573,52.466,random,float32
0,557.891949,5426,52430573,54.236,random,float32
0,558.430136,8119,52430573,54.832,random,float32
0,558.966972,2066,52430573,53.651,random,float32
0,559.508385,131,52430573,53.532,random,float32
0,560.036313,8376,52430573,50.329,random,float32
0,560.574085,1688,52430573,53.873,random,float32
0,561.119748,628,52430573,54.933,random,float32
0,561.655402,6673,52430573,53.448,random,float32
0,562.188198,6997,52430573,52.702,random,float32
0,562.729711,5240,52430573,54.934,random,float32
0,563.263316,4590,52430573,54.732,random,float32
0,563.799845,1827,52430573,53.521,random,float32
0,564.342293,9907,52430573,53.563,random,float32
0,564.876057,9860,52430573,52.200,random,float32
0,565.405728,5618,52430573,53.712,random,float32
0,565.940837,9019,52430573,53.637,random,float32
0,566.466995,6864,52430573,54.517,random,float32
0,567.000002,9276,52430573,53.911,random,float32
0,567.539100,8344,52430573,53.473,random,float32
0,568.072017,2621,52430573,52.385,random,float32
0,568.591256,4971,52430573,52.159,random,float32
0,569.144308,3902,52430573,53.481,random,float32
0,569.684555,8758,52430573,53.777,random,float32
0,570.238271,2189,52430573,56.398,random,float32
0,570.797943,4194,52430573,55.878,random,float32
0,571.349068,7244,52430573,55.061,random,float32
0,571.893037,7109,52430573,53.836,random,float32
0,572.428314,3094,52430573,53.726,random,float32
0,572.971926,9958,52430573,54.672,random,float32
0,573.504775,8630,52430573,54.226,random,float32
0,574.042915,716,52430573,53.237,random,float32
0,574.575710,8886,52430573,54.427,random,float32
0,575.109252,5435,52430573,54.621,random,float32
0,575.645578,729,52430573,53.896,random,float32
0,576.179888,393,52430573,54.655,random,float32
0,576.712984,8057,52430573,52.715,random,float32
0,577.255355,5906,52430573,54.648,random,float32
0,577.795176,2971,52430573,53.416,random,float32
0,578.327766,4348,52430573,55.552,random,float32
0,578.850711,1102,52430573,53.170,random,float32
0,579.382454,6308,52430573,52.501,random,float32
0,579.909486,4028,52430573,51.163,random,float32
0,580.444929,3770,52430573,53.722,random,float32
0,580.978111,5926,52430573,52.530,random,float32
0,581.517656,5723,52430573,53.618,random,float32
0,582.047089,3679,52430573,53.025,random,float32
0,582.577449,1736,52430573,53.754,random,float32
0,583.125307,1294,52430573,56.049,random,float32
0,583.680562,8641,52430573,56.381,random,float32
0,584.224793,983,52430573,52.162,random,float32
0,584.761507,9079,52430573,54.328,random,float32
0,585.301919,8544,52430573,53.608,random,float32
0,585.841831,9913,52430573,54.297,random,float32
0,586.377487,6950,52430573,53.505,random,float32
0,586.920124,3924,52430573,55.780,random,float32
0,587.472948,3075,52430573,53.864,random,float32
0,588.016172,9236,52430573,55.256,random,float32
0,588.587992,6523,52430573,57.280,random,float32
0,589.147634,8250,52430573,54.291,random,float32
0,589.700225,4753,52430573,54.848,random,float32
0,590.254114,8218,52430573,55.415,random,float32
0,590.796896,7059,52430573,54.270,random,float32
0,591.352919,1595,52430573,56.423,random,float32
0,591.903943,2780,52430573,56.056,random,float32
0,592.444397,2935,52430573,53.295,random,float32
0,592.974653,648,52430573,52.574,random,float32
0,593.504294,6122,52430573,52.978,random,float32
0,594.045190,130,52430573,52.956,random,float32
0,594.584960,6360,52430573,53.246,random,float32
0,595.131615,2953,52430573,54.312,random,float32
0,595.673473,9901,52430573,54.322,random,float32
0,596.216192,7699,52430573,53.446,random,float32
0,596.761770,7046,52430573,54.369,random,float32
0,597.295888,1369,52430573,53.991,random,float32
0,597.835831,3507,52430573,54.699,random,float32
0,598.382391,5722,52430573,54.674,random,float32
0,598.941016,162,52430573,59.290,random,float32
0,599.513246,7514,52430573,57.086,random,float32
0,600.070607,2059,52430573,55.063,random,float32
0,600.617436,9845,52430573,54.468,random,float32
0,601.155707,265,52430573,52.845,random,float32
0,601.694709,5770,52430573,53.060,random,float32
0,602.223556,2898,52430573,51.739,random,float32
0,602.762765,1625,52430573,55.610,random,float32
0,603.299493,7276,52430573,54.468,random,float32
0,603.833283,6243,52430573,54.890,random,float32
0,604.360792,6138,52430573,53.269,random,float32
0,604.894438,6792,52430573,54.020,random,float32
0,605.423840,2792,52430573,52.193,random,float32
0,605.959692,7030,52430573,54.426,random,float32
0,606.488829,1631,52430573,51.413,random,float32
0,607.017608,3338,52430573,53.102,random,float32
0,607.551009,9368,52430573,53.723,random,float32
0,608.080690,3175,52430573,54.556,random,float32
0,608.613481,9492,52430573,54.812,random,float32
0,609.151607,2959,52430573,53.920,random,float32
0,609.685736,6778,52430573,53.953,random,float32
0,610.212270,2945,52430573,53.385,random,float32
0,610.747962,7928,52430573,54.036,random,float32
0,611.276287,484,52430573,52.487,random,float32
0,611.812751,483,52430573,53.815,random,float32
0,612.341855,1506,52430573,52.516,random,float32
0,612.870045,4097,52430573,53.171,random,float32
0,613.397023,3372,52430573,53.681,random,float32
0,613.932234,6275,52430573,52.490,random,float32
0,614.455037,8378,52430573,53.453,random,float32
0,614.998096,1878,52430573,53.440,random,float32
0,615.515401,6094,52430573,52.480,random,float32
0,616.040814,9297,52430573,53.475,random,float32
0,616.574635,3562,52430573,53.306,random,float32
0,617.105469,5244,52430573,53.602,random,float32
0,617.631407,2033,52430573,51.821,random,float32
0,618.159370,4670,52430573,53.315,random,float32
0,618.692083,8642,52430573,53.560,random,float32
0,619.221284,5196,52430573,52.834,random,float32
0,619.758051,7447,52430573,53.373,random,float32
0,620.283641,1722,52430573,53.369,random,float32
0,620.814408,860,52430573,53.900,random,float32
0,621.363146,4422,52430573,53.347,random,float32
0,621.896433,6771,52430573,53.482,random,float32
0,622.425319,5274,52430573,52.437,random,float32
0,622.956257,3373,52430573,53.055,random,float32
0,623.490709,3078,52430573,52.137,random,float32
0,624.020039,7438,52430573,54.182,random,float32
0,624.552385,3326,52430573,53.269,random,float32
0,625.082520,2413,52430573,53.780,random,float32
0,625.615318,7802,52430573,52.786,random,float32
0,626.149974,3474,52430573,52.862,random,float32
0,626.689121,6058,52430573,54.722,random,float32
0,627.243812,9732,52430573,54.823,random,float32
0,627.798849,1819,52430573,54.886,random,float32
0,628.355728,1655,52430573,59.019,random,float32
0,628.909844,3370,52430573,53.487,random,float32
0,629.455022,7811,52430573,54.677,random,float32
0,630.003655,2323,52430573,54.466,random,float32
0,630.550108,159,52430573,56.372,random,float32
0,631.115307,740,52430573,55.506,random,float32
0,631.668857,1638,52430573,53.846,random,float32
0,632.224014,5968,52430573,55.239,random,float32
0,632.770488,4422,52430573,55.035,random,float32
0,633.315991,4003,52430573,55.060,random,float32
0,633.857909,8927,52430573,55.785,random,float32
0,634.403772,4526,52430573,53.988,random,float32
0,634.953246,9284,52430573,55.774,random,float32
0,635.501324,4747,52430573,52.536,random,float32
0,636.046077,670,52430573,52.979,random,float32
0,636.577470,5771,52430573,52.045,random,float32
0,637.113773,1409,52430573,54.878,random,float32
0,637.669632,7752,52430573,55.983,random,float32
0,638.215043,5091,52430573,53.691,random,float32
0,638.753386,6820,52430573,53.541,random,float32
0,639.288218,6159,52430573,53.039,random,float32
0,639.845535,5803,52430573,52.881,random,float32
0,640.388797,1448,52430573,54.062,random,float32
0,640.935711,4806,52430573,53.900,random,float32
0,641.473349,1387,52430573,53.859,random,float32
0,642.013516,5428,52430573,53.977,random,float32
0,642.551044,8115,52430573,53.680,random,float32
0,643.099738,1100,52430573,55.234,random,float32
0,643.645874,7761,52430573,53.955,random,float32
0,644.186856,3015,52430573,55.219,random,float32
0,644.733091,2321,52430573,55.364,random,float32
0,645.268029,1638,52430573,54.014,random,float32
0,645.793111,6960,52430573,51.458,random,float32
0,646.318228,4960,52430573,53.555,random,float32
0,646.851079,2593,52430573,53.953,random,float32
0,647.384191,2858,52430573,51.320,random,float32
0,647.919594,1117,52430573,52.698,random,float32
0,648.453197,2120,52430573,53.074,random,float32
0,648.984471,2607,52430573,53.634,random,float32
0,649.514332,2850,52430573,50.913,random,float32
0,650.045267,6132,52430573,53.376,random,float32
0,650.567841,9117,52430573,54.312,random,float32
0,651.095188,7111,52430573,53.167,random,float32
0,651.632641,85,52430573,55.572,random,float32
0,652.171439,3115,52430573,54.182,random,float32
0,652.705567,7190,52430573,54.538,random,float32
0,653.234557,1932,52430573,49.672,random,float32
0,653.772487,4118,52430573,56.187,random,float32
0,654.302611,8482,52430573,54.341,random,float32
0,654.833270,491,52430573,51.380,random,float32
0,655.373169,8963,52430573,53.158,random,float32
0,655.902642,1159,52430573,51.839,random,float32
0,656.433270,583,52430573,53.643,random,float32
0,656.968515,906,52430573,53.856,random,float32
0,657.506741,6342,52430573,54.493,random,float32
0,658.033100,6024,52430573,52.753,random,float32
0,658.569982,164,52430573,54.495,random,float32
0,659.107868,928,52430573,52.161,random,float32
0,659.637256,4790,52430573,50.367,random,float32
0,660.163798,3372,52430573,53.715,random,float32
0,660.690994,8631,52430573,51.435,random,float32
0,661.216313,4583,52430573,54.283,random,float32
0,661.742965,6101,52430573,53.148,random,float32
0,662.273694,4428,52430573,52.340,random,float32
0,662.810435,8115,52430573,52.831,random,float32
0,663.339483,7062,52430573,50.815,random,float32
0,663.874501,4301,52430573,55.589,random,float32
0,664.402707,6358,52430573,51.970,random,float32
0,664.944370,6247,52430573,54.233,random,float32
0,665.483882,4846,52430573,53.538,random,float32
0,666.014964,202,52430573,53.711,random,float32
0,666.547775,7207,52430573,52.985,random,float32
0,667.083357,9495,52430573,53.688,random,float32
0,667.624671,4524,52430573,54.210,random,float32
0,668.164556,630,52430573,53.474,random,float32
0,668.706444,4244,52430573,53.957,random,float32
0,669.254022,1269,52430573,55.476,random,float32
0,669.810809,6084,52430573,55.876,random,float32
0,670.358919,5488,52430573,55.716,random,float32
0,670.907472,2458,52430573,54.205,random,float32
0,671.449420,5636,52430573,53.624,random,float32
0,671.991112,8249,52430573,54.106,random,float32
0,672.532704,8592,52430573,52.792,random,float32
0,673.064702,3982,52430573,53.001,random,float32
0,673.591949,1305,52430573,54.142,random,float32
0,674.121327,6862,52430573,51.211,random,float32
0,674.654150,4264,52430573,53.751,random,float32
0,675.185131,9437,52430573,54.351,random,float32
0,675.717038,9086,52430573,53.889,random,float32
0,676.236143,8436,52430573,52.213,random,float32
0,676.759029,1950,52430573,54.136,random,float32
0,677.289098,6699,52430573,53.509,random,float32
0,677.825227,2494,52430573,55.022,random,float32
0,678.361908,8334,52430573,52.370,random,float32
0,678.898477,8481,52430573,53.363,random,float32
0,679.421536,2346,52430573,53.684,random,float32
0,679.957786,4666,52430573,55.726,random,float32
0,680.480015,4250,52430573,53.351,random,float32
0,681.006406,2766,52430573,52.633,random,float32
0,681.530838,6054,52430573,53.840,random,float32
0,682.069892,1795,52430573,53.987,random,float32
0,682.613557,5795,52430573,53.084,random,float32
0,683.155849,8402,52430573,53.886,random,float32
0,683.692406,583,52430573,53.770,random,float32
0,684.234112,2481,52430573,54.466,random,float32
0,684.773020,52,52430573,54.029,random,float32
0,685.317173,6230,52430573,54.049,random,float32
0,685.854168,7947,52430573,52.735,random,float32
0,686.393250,1841,52430573,53.393,random,float32
0,686.928279,5224,52430573,53.743,random,float32
0,687.455924,474,52430573,52.841,random,float32
0,687.986651,5203,52430573,51.732,random,float32
0,688.523111,3587,52430573,54.618,random,float32
0,689.057436,3378,52430573,53.312,random,float32
0,689.587829,5460,52430573,51.631,random,float32
0,690.118261,2572,52430573,52.038,random,float32
0,690.657265,9059,52430573,53.121,random,float32
0,691.191647,692,52430573,53.601,random,float32
0,691.727362,6190,52430573,51.798,random,float32
0,692.259848,241,52430573,51.979,random,float32
0,692.797440,5303,52430573,54.523,random,float32
0,693.333170,9440,52430573,54.690,random,float32
0,693.864632,7919,52430573,53.619,random,float32
0,694.395210,8955,52430573,53.289,random,float32
0,694.926303,7811,52430573,53.394,random,float32
0,695.463307,3402,52430573,53.250,random,float32
0,695.989321,3808,52430573,52.653,random,float32
0,696.526446,9262,52430573,54.155,random,float32
0,697.059005,5128,52430573,54.822,random,float32
0,697.601800,1269,52430573,54.168,random,float32
0,698.139150,1862,52430573,52.336,random,float32
0,698.665893,6543,52430573,51.673,random,float32
0,699.189977,9237,52430573,52.357,random,float32
0,699.727116,7735,52430573,52.860,random,float32
0,700.252860,6820,52430573,53.302,random,float32
0,700.792790,8810,52430573,52.946,random,float32
0,701.324756,9161,52430573,53.572,random,float32
0,701.865740,6017,52430573,54.492,random,float32
0,702.399626,3546,52430573,52.371,random,float32
0,702.937505,5409,52430573,54.233,random,float32
0,703.469884,3546,52430573,53.368,random,float32
0,704.007309,2244,52430573,53.717,random,float32
0,704.538014,9177,52430573,53.145,random,float32
0,705.071749,1281,52430573,53.531,random,float32
0,705.609261,4104,52430573,55.204,random,float32
0,706.161047,6948,52430573,55.479,random,float32
0,706.703233,5914,52430573,53.368,random,float32
0,707.245180,8237,52430573,54.145,random,float32
0,707.777487,4492,52430573,53.168,random,float32
0,708.314946,8938,52430573,54.781,random,float32
0,708.861019,1956,52430573,54.317,random,float32
0,709.406182,5450,52430573,56.254,random,float32
0,709.959663,1064,52430573,54.597,random,float32
0,710.496059,9970,52430573,53.936,random,float32
0,711.020643,1928,52430573,52.080,random,float32
0,711.556251,2990,52430573,56.623,random,float32
0,712.109242,7542,52430573,55.391,random,float32
0,712.662678,2916,52430573,54.112,random,float32
0,713.203462,2901,52430573,53.285,random,float32
0,713.740287,5715,52430573,55.374,random,float32
0,714.285787,3451,52430573,54.920,random,float32
0,714.834674,8409,52430573,53.708,random,float32
0,715.381558,7785,52430573,55.427,random,float32
0,715.922357,5281,52430573,51.775,random,float32
0,716.464569,3065,52430573,54.836,random,float32
0,717.010818,9725,52430573,54.236,random,float32
0,717.567838,7906,52430573,56.477,random,float32
0,718.121102,9461,52430573,55.373,random,float32
0,718.657924,3251,52430573,53.640,random,float32
0,719.208409,7515,52430573,53.821,random,float32
0,719.746667,1316,52430573,53.811,random,float32
0,720.282682,81,52430573,54.500,random,float32
0,720.836673,6165,52430573,53.590,random,float32
0,721.372684,4639,52430573,53.933,random,float32
0,721.922539,3632,52430573,54.060,random,float32
0,722.458659,6523,52430573,52.499,random,float32
0,722.998171,1521,52430573,53.592,random,float32
0,723.533223,570,52430573,53.081,random,float32
0,724.068963,5673,52430573,54.148,random,float32
0,724.603137,7449,52430573,53.607,random,float32
0,725.149501,9889,52430573,54.851,random,float32
0,725.705830,6947,52430573,54.436,random,float32
0,726.247866,8436,52430573,53.034,random,float32
0,726.774565,6014,52430573,53.310,random,float32
0,727.311504,4378,52430573,54.178,random,float32
0,727.845599,9761,52430573,53.353,random,float32
0,728.383968,1549,52430573,53.603,random,float32
0,728.923405,9323,52430573,54.918,random,float32
0,729.462918,6257,52430573,54.183,random,float32
0,729.997000,1298,52430573,52.535,random,float32
0,730.535869,800,52430573,53.772,random,float32
0,731.090429,749,52430573,55.810,random,float32
0,731.638261,6788,52430573,54.602,random,float32
0,732.189048,296,52430573,55.128,random,float32
0,732.731274,5386,52430573,55.359,random,float32
0,733.275850,7280,52430573,54.398,random,float32
0,733.821387,528,52430573,54.318,random,float32
0,734.356517,4981,52430573,54.102,random,float32
0,734.891333,9255,52430573,53.868,random,float32
0,735.428371,2157,52430573,53.201,random,float32
0,735.968228,4740,52430573,54.650,random,float32
0,736.524788,4569,52430573,54.230,random,float32
0,737.064488,6618,52430573,54.812,random,float32
0,737.620058,8727,52430573,54.250,random,float32
0,738.164888,3094,52430573,55.589,random,float32
0,738.702423,374,52430573,53.701,random,float32
0,739.235937,9852,52430573,53.675,random,float32
0,739.768995,7736,52430573,52.818,random,float32
0,740.306447,7523,52430573,52.699,random,float32
0,740.840467,5427,52430573,50.759,random,float32
0,741.366812,6313,52430573,54.475,random,float32
0,741.906065,7877,52430573,52.985,random,float32
0,742.438057,2032,52430573,53.352,random,float32
0,742.973813,2325,52430573,53.009,random,float32
0,743.499263,4009,52430573,51.787,random,float32
0,744.046975,9739,52430573,52.493,random,float32
0,744.580538,5942,52430573,52.665,random,float32
0,745.110345,2106,52430573,54.025,random,float32
0,745.646143,4963,52430573,53.030,random,float32
0,746.181781,2791,52430573,53.887,random,float32
0,746.716912,2770,52430573,53.238,random,float32
0,747.253327,5067,52430573,52.531,random,float32
0,747.785147,7525,52430573,52.269,random,float32
0,748.326163,5398,52430573,54.600,random,float32
0,748.851815,9284,52430573,51.687,random,float32
0,749.379436,659,52430573,53.890,random,float32
0,749.920330,4960,52430573,54.151,random,float32
0,750.456129,8797,52430573,54.147,random,float32
0,750.995161,3234,52430573,52.448,random,float32
0,751.530858,9530,52430573,53.091,random,float32
0,752.063223,9852,52430573,53.397,random,float32
0,752.592963,4328,52430573,52.832,random,float32
0,753.126848,2984,52430573,52.035,random,float32
0,753.663271,7078,52430573,53.732,random,float32
0,754.202941,3493,52430573,58.228,random,float32
0,754.729499,3445,52430573,51.421,random,float32
0,755.271585,2574,52430573,55.039,random,float32
0,755.812721,4974,52430573,52.634,random,float32
0,756.348989,9228,52430573,53.500,random,float32
0,756.879844,4492,52430573,54.973,random,float32
0,757.413934,6265,52430573,53.147,random,float32
0,757.952507,1219,52430573,54.332,random,float32
0,758.489873,4093,52430573,54.237,random,float32
0,759.016834,8812,52430573,51.943,random,float32
0,759.553783,2486,52430573,54.038,random,float32
0,760.083833,5371,52430573,52.706,random,float32
0,760.615197,5143,52430573,51.214,random,float32
0,761.156913,5456,52430573,54.093,random,float32
0,761.688095,6493,52430573,54.343,random,float32
0,762.219310,525,52430573,52.759,random,float32
0,762.754333,9261,52430573,54.915,random,float32
0,763.296345,9994,52430573,53.088,random,float32
0,763.832720,2976,52430573,55.496,random,float32
0,764.369883,104,52430573,52.438,random,float32
0,764.904296,9574,52430573,54.851,random,float32
0,765.443397,2429,52430573,53.670,random,float32
0,765.982963,8848,52430573,55.300,random,float32
0,766.517114,6951,52430573,53.080,random,float32
0,767.044975,416,52430573,52.658,random,float32
0,767.580306,6234,52430573,53.124,random,float32
0,768.118658,3434,52430573,53.215,random,float32
0,768.655145,8305,52430573,53.262,random,float32
0,769.181421,6881,52430573,48.511,random,float32
0,769.705520,1383,52430573,51.204,random,float32
0,770.237256,9250,52430573,53.160,random,float32
0,770.770863,3437,52430573,54.029,random,float32
0,771.294500,2975,52430573,54.402,random,float32
0,771.818033,4344,52430573,51.935,random,float32
0,772.348868,8838,52430573,53.011,random,float32
0,772.883967,1509,52430573,53.679,random,float32
0,773.412099,9883,52430573,53.448,random,float32
0,773.940045,1579,52430573,52.625,random,float32
0,774.476774,3695,52430573,54.177,random,float32
0,775.005868,4933,52430573,47.789,random,float32
0,775.553248,6914,52430573,53.947,random,float32
0,776.097310,2342,52430573,55.273,random,float32
0,776.637642,5634,52430573,53.137,random,float32
0,777.180126,1930,52430573,55.276,random,float32
0,777.722403,7476,52430573,54.802,random,float32
0,778.264153,2068,52430573,54.403,random,float32
0,778.799729,5030,52430573,53.993,random,float32
0,779.337491,2321,52430573,54.961,random,float32
0,779.873808,8602,52430573,53.718,random,float32
0,780.406129,1640,52430573,52.603,random,float32
0,780.934113,6567,52430573,51.676,random,float32
0,781.470498,5,52430573,52.538,random,float32
0,782.020365,2298,52430573,54.173,random,float32
0,782.555730,3168,52430573,52.260,random,float32
0,783.096858,2487,52430573,55.576,random,float32
0,783.633131,8589,52430573,54.217,random,float32
0,784.168544,7444,52430573,51.757,random,float32
0,784.702908,6978,52430573,54.495,random,float32
0,785.241462,9814,52430573,53.178,random,float32
0,785.775323,4123,52430573,52.959,random,float32
0,786.324265,3977,52430573,55.211,random,float32
0,786.873173,9939,52430573,56.090,random,float32
0,787.427580,1615,52430573,54.968,random,float32
0,787.963285,653,52430573,53.257,random,float32
0,788.517041,3539,52430573,55.881,random,float32
0,789.069198,4153,52430573,54.208,random,float32
0,789.608404,4311,52430573,55.378,random,float32
0,790.145490,1456,52430573,54.134,random,float32
0,790.685729,5126,52430573,53.958,random,float32
0,791.216041,5922,52430573,53.967,random,float32
0,791.755493,9182,52430573,54.045,random,float32
0,792.297761,9797,52430573,55.243,random,float32
0,792.845637,1697,52430573,53.753,random,float32
0,793.382588,2539,52430573,53.453,random,float32
0,793.940334,2381,52430573,55.873,random,float32
0,794.485560,9307,52430573,54.438,random,float32
0,795.025267,5963,52430573,53.338,random,float32
0,795.560881,2203,52430573,52.881,random,float32
0,796.105519,5136,52430573,54.418,random,float32
0,796.659106,871,52430573,54.507,random,float32
0,797.204829,7347,52430573,54.783,random,float32
0,797.754218,9334,52430573,55.777,random,float32
0,798.290947,5076,52430573,54.832,random,float32
0,798.832578,9615,52430573,53.534,random,float32
0,799.379090,8679,52430573,55.946,random,float32
0,799.914907,1957,52430573,53.235,random,float32
0,800.448120,2269,52430573,54.157,random,float32
0,800.982894,1486,52430573,53.177,random,float32
0,801.525828,1540,52430573,55.097,random,float32
0,802.074395,2760,52430573,55.713,random,float32
0,802.632340,9230,52430573,54.813,random,float32
0,803.172621,1588,52430573,52.918,random,float32
0,803.709645,7292,52430573,51.969,random,float32
0,804.253117,9668,52430573,53.858,random,float32
0,804.786655,8978,52430573,52.471,random,float32
0,805.333471,3923,52430573,55.019,random,float32
0,805.884648,8517,52430573,55.364,random,float32
0,806.442619,3292,52430573,56.317,random,float32
0,806.988347,6177,52430573,56.399,random,float32
0,807.549877,6370,52430573,54.767,random,float32
0,808.097006,9625,52430573,54.779,random,float32
0,808.641498,6306,52430573,54.691,random,float32
0,809.197060,6075,52430573,55.735,random,float32
0,809.763269,8114,52430573,56.980,random,float32
0,810.305688,3938,52430573,53.610,random,float32
0,810.849646,9809,52430573,53.591,random,float32
0,811.393840,6813,52430573,55.067,random,float32
0,811.951018,684,52430573,55.302,random,float32
0,812.494376,3004,52430573,54.044,random,float32
0,813.035005,9340,52430573,53.857,random,float32
0,813.567582,2082,52430573,53.538,random,float32
0,814.106462,3022,52430573,53.196,random,float32
0,814.639370,672,52430573,54.055,random,float32
0,815.189117,4109,52430573,55.035,random,float32
0,815.737629,8283,52430573,55.544,random,float32
0,816.280171,4026,52430573,52.873,random,float32
0,816.813434,1824,52430573,53.743,random,float32
0,817.358607,2350,52430573,54.032,random,float32
0,817.903078,1960,52430573,55.577,random,float32
0,818.457009,4627,52430573,55.633,random,float32
0,819.003306,7441,52430573,54.436,random,float32
0,819.551315,6030,52430573,55.807,random,float32
0,820.093022,6590,52430573,53.976,random,float32
0,820.634074,6364,52430573,54.395,random,float32
0,821.172949,3554,52430573,53.394,random,float32
0,821.702273,3498,52430573,52.302,random,float32
0,822.225718,3267,52430573,52.672,random,float32
0,822.763037,390,52430573,55.093,random,float32
0,823.306263,3240,52430573,54.903,random,float32
0,823.861888,578,52430573,55.435,random,float32
0,824.406519,5844,52430573,54.483,random,float32
0,824.949248,7783,52430573,55.510,random,float32
0,825.488634,6802,52430573,53.618,random,float32
0,826.024963,1857,52430573,54.861,random,float32
0,826.558090,2792,52430573,52.885,random,float32
0,827.087462,8057,52430573,53.161,random,float32
0,827.619124,6449,52430573,53.088,random,float32
0,828.145809,261,52430573,53.261,random,float32
0,828.679884,384,52430573,53.279,random,float32
0,829.213880,5529,52430573,53.935,random,float32
0,829.744048,9398,52430573,52.940,random,float32
0,830.274881,6146,52430573,53.081,random,float32
0,830.812341,9050,52430573,54.825,random,float32
0,831.359702,1859,52430573,54.467,random,float32
0,831.902091,9370,52430573,53.120,random,float32
0,832.446440,7549,52430573,54.914,random,float32
0,833.001229,1500,52430573,56.972,random,float32
0,833.547258,3156,52430573,53.581,random,float32
0,834.081741,7250,52430573,52.762,random,float32
0,834.618815,9427,52430573,54.160,random,float32
0,835.157556,9704,52430573,54.508,random,float32
0,835.711523,3944,52430573,55.989,random,float32
0,836.265347,5639,52430573,57.399,random,float32
0,836.814505,9920,52430573,53.507,random,float32
0,837.372611,4919,52430573,54.278,random,float32
0,837.917118,6713,52430573,52.804,random,float32
0,838.452769,6317,52430573,52.807,random,float32
0,838.988598,7116,52430573,53.793,random,float32
0,839.534730,2455,52430573,56.607,random,float32
0,840.084675,4549,52430573,54.414,random,float32
0,840.629394,979,52430573,52.722,random,float32
0,841.160643,8499,52430573,51.962,random,float32
0,841.703625,7028,52430573,55.246,random,float32
0,842.252815,9262,52430573,54.442,random,float32
0,842.794430,3824,52430573,53.573,random,float32
0,843.331814,5272,52430573,53.060,random,float32
0,843.870254,317,52430573,53.802,random,float32
0,844.402958,7580,52430573,53.510,random,float32
0,844.940066,967,52430573,55.016,random,float32
0,845.480698,4468,52430573,54.719,random,float32
0,846.025271,1972,52430573,55.752,random,float32
0,846.575345,178,52430573,54.278,random,float32
0,847.106238,6039,52430573,54.061,random,float32
0,847.641458,1765,52430573,54.408,random,float32
0,848.181442,2105,52430573,54.497,random,float32
0,848.724052,5165,52430573,53.662,random,float32
0,849.268445,4635,52430573,56.282,random,float32
0,849.825786,1112,52430573,54.143,random,float32
0,850.367172,5540,52430573,53.882,random,float32
0,850.928194,6821,52430573,54.848,random,float32
0,851.475873,3725,52430573,54.331,random,float32
0,852.020717,3588,52430573,55.597,random,float32
0,852.562779,8359,52430573,53.252,random,float32
0,853.102394,589,52430573,54.067,random,float32
0,853.635184,8341,52430573,52.749,random,float32
0,854.172671,6132,52430573,53.834,random,float32
0,854.710491,4265,52430573,52.906,random,float32
0,855.247289,3352,52430573,53.219,random,float32
0,855.793694,3511,52430573,54.223,random,float32
0,856.339814,8373,52430573,55.087,random,float32
0,856.890565,5363,52430573,53.850,random,float32
0,857.427793,4071,52430573,53.386,random,float32
0,857.969231,7291,52430573,55.424,random,float32
0,858.526673,6108,52430573,54.834,random,float32
0,859.084143,4304,52430573,54.263,random,float32
0,859.624475,3847,52430573,52.703,random,float32
0,860.171213,2511,52430573,55.098,random,float32
0,860.719263,6757,52430573,56.267,random,float32
0,861.273008,4379,52430573,57.005,random,float32
0,861.820265,9157,52430573,56.109,random,float32
0,862.365291,7741,52430573,53.661,random,float32
0,862.918237,6668,52430573,55.400,random,float32
0,863.468105,8884,52430573,53.833,random,float32
0,864.002985,7644,52430573,53.439,random,float32
0,864.531542,8850,52430573,53.493,random,float32
0,865.066066,8912,52430573,52.885,random,float32
0,865.611365,5486,52430573,56.196,random,float32
0,866.163984,9453,52430573,54.200,random,float32
0,866.710046,1766,52430573,53.867,random,float32
0,867.251551,1582,52430573,52.641,random,float32
0,867.780996,1098,52430573,52.711,random,float32
0,868.318533,5622,52430573,52.073,random,float32
0,868.856316,8050,52430573,53.742,random,float32
0,869.396730,1605,52430573,53.951,random,float32
0,869.930966,7780,52430573,54.330,random,float32
0,870.464331,3954,52430573,52.719,random,float32
0,870.998502,1555,52430573,53.284,random,float32
0,871.531986,7588,52430573,53.746,random,float32
0,872.059901,8046,52430573,53.539,random,float32
0,872.588815,1796,52430573,52.701,random,float32
0,873.119313,6172,52430573,53.792,random,float32
0,873.656543,1902,52430573,53.784,random,float32
0,874.195202,6007,52430573,52.296,random,float32
0,874.726897,4569,52430573,51.679,random,float32
0,875.259550,6575,52430573,52.870,random,float32
0,875.786883,3219,52430573,52.144,random,float32
0,876.317249,6770,52430573,52.937,random,float32
0,876.852328,183,52430573,53.481,random,float32
0,877.388418,145,52430573,52.491,random,float32
0,877.918829,7843,52430573,53.247,random,float32
0,878.452526,8353,52430573,52.728,random,float32
0,878.985853,5926,52430573,53.142,random,float32
0,879.529400,3155,52430573,55.030,random,float32
0,880.083403,2576,52430573,56.948,random,float32
0,880.638015,6837,52430573,53.316,random,float32
0,881.181268,7610,52430573,54.131,random,float32
0,881.728852,6325,52430573,53.816,random,float32
0,882.265814,8022,52430573,52.789,random,float32
0,882.818856,8413,52430573,55.632,random,float32
0,883.360435,5488,52430573,53.826,random,float32
0,883.899857,3112,52430573,54.340,random,float32
0,884.437486,1920,52430573,53.038,random,float32
0,884.980583,6416,52430573,54.769,random,float32
0,885.518154,1180,52430573,53.568,random,float32
0,886.051073,8110,52430573,54.039,random,float32
0,886.590116,835,52430573,53.564,random,float32
0,887.131077,2289,52430573,53.686,random,float32
0,887.676839,8769,52430573,54.988,random,float32
0,888.222887,1825,52430573,51.996,random,float32
0,888.755522,4370,52430573,53.591,random,float32
0,889.297727,2815,52430573,53.546,random,float32
0,889.842984,2040,52430573,55.198,random,float32
0,890.388038,3610,52430573,52.698,random,float32
0,890.931006,7309,52430573,54.912,random,float32
0,891.478483,6228,52430573,54.517,random,float32
0,892.040077,339,52430573,54.166,random,float32
0,892.587727,9846,52430573,54.268,random,float32
0,893.140163,4075,52430573,54.925,random,float32
0,893.689871,7409,52430573,57.087,random,float32
0,894.231896,7296,52430573,54.322,random,float32
0,894.769487,7840,52430573,53.465,random,float32
0,895.308309,6249,52430573,54.047,random,float32
0,895.840543,1298,52430573,53.949,random,float32
0,896.376790,3753,52430573,52.725,random,float32
0,896.906704,2882,52430573,53.844,random,float32
0,897.441283,1262,52430573,52.858,random,float32
0,897.967807,2931,52430573,52.592,random,float32
0,898.503290,339,52430573,51.956,random,float32
0,899.042503,2167,52430573,53.210,random,float32
0,899.575964,1800,52430573,53.195,random,float32
1,300.532967,4462,52430573,54.580,random,float32
1,301.068760,6728,52430573,53.111,random,float32
1,301.613133,3705,52430573,53.915,random,float32
1,302.159464,1473,52430573,54.983,random,float32
1,302.705715,7026,52430573,54.797,random,float32
1,303.248324,4472,52430573,55.539,random,float32
1,303.802556,7431,52430573,57.580,random,float32
1,304.350779,7112,52430573,55.412,random,float32
1,304.904438,7635,52430573,55.444,random,float32
1,305.454495,9985,52430573,56.319,random,float32
1,305.999448,4178,52430573,54.965,random,float32
1,306.556078,5470,52430573,55.857,random,float32
1,307.108195,1477,52430573,56.346,random,float32
1,307.666116,8079,52430573,55.227,random,float32
1,308.218755,2352,52430573,56.780,random,float32
1,308.783809,7200,52430573,53.875,random,float32
1,309.326549,1731,52430573,54.613,random,float32
1,309.868542,302,52430573,52.421,random,float32
1,310.412132,2043,52430573,54.003,random,float32
1,310.957851,7928,52430573,54.117,random,float32
1,311.507664,8587,52430573,54.029,random,float32
1,312.052801,5125,52430573,55.513,random,float32
1,312.595605,7195,52430573,54.664,random,float32
1,313.144548,3331,52430573,54.080,random,float32
1,313.696166,2596,52430573,53.012,random,float32
1,314.232073,7368,52430573,52.607,random,float32
1,314.764593,8618,52430573,51.884,random,float32
1,315.302692,423,52430573,53.196,random,float32
1,315.837348,2374,52430573,54.488,random,float32
1,316.374387,6923,52430573,53.472,random,float32
1,316.902694,6471,52430573,53.593,random,float32
1,317.453230,1640,52430573,53.188,random,float32
1,317.987004,5557,52430573,53.950,random,float32
1,318.527770,2033,52430573,53.153,random,float32
1,319.071811,4376,52430573,55.279,random,float32
1,319.619083,6678,52430573,53.648,random,float32
1,320.158463,6918,52430573,53.278,random,float32
1,320.695868,6245,52430573,55.178,random,float32
1,321.228211,1073,52430573,53.500,random,float32
1,321.762896,4082,52430573,53.313,random,float32
1,322.311363,9803,52430573,55.802,random,float32
1,322.863009,4363,52430573,53.865,random,float32
1,323.396681,4555,52430573,52.340,random,float32
1,323.935376,509,52430573,54.996,random,float32
1,324.474473,4830,52430573,54.268,random,float32
1,325.021841,4608,52430573,55.162,random,float32
1,325.572199,6794,52430573,55.431,random,float32
1,326.111626,4939,52430573,54.002,random,float32
1,326.651870,9696,52430573,53.583,random,float32
1,327.188984,7142,52430573,56.770,random,float32
1,327.744736,8019,52430573,54.737,random,float32
1,328.295314,5200,52430573,56.410,random,float32
1,328.840906,2239,52430573,53.966,random,float32
1,329.398959,367,52430573,58.219,random,float32
1,329.944334,5678,52430573,53.886,random,float32
1,330.474781,3067,52430573,52.287,random,float32
1,331.009955,5407,52430573,51.531,random,float32
1,331.545808,9984,52430573,52.741,random,float32
1,332.081014,7503,52430573,52.653,random,float32
1,332.613673,8488,52430573,53.404,random,float32
1,333.154418,1055,52430573,54.941,random,float32
1,333.693851,2623,52430573,54.438,random,float32
1,334.230342,6010,52430573,52.190,random,float32
1,334.761331,5658,52430573,52.964,random,float32
1,335.301681,307,52430573,53.217,random,float32
1,335.839213,907,52430573,53.417,random,float32
1,336.378784,97,52430573,54.397,random,float32
1,336.916145,1794,52430573,54.253,random,float32
1,337.452442,9101,52430573,55.155,random,float32
1,337.977891,4522,52430573,51.921,random,float32
1,338.507632,563,52430573,53.599,random,float32
1,339.043532,9066,52430573,53.509,random,float32
1,339.578552,6257,52430573,53.311,random,float32
1,340.116667,3806,52430573,53.968,random,float32
1,340.652532,9761,52430573,53.700,random,float32
1,341.193153,4706,52430573,53.731,random,float32
1,341.732513,5623,52430573,56.784,random,float32
1,342.283265,7098,52430573,55.417,random,float32
1,342.839794,4275,52430573,54.880,random,float32
1,343.378049,2742,52430573,53.529,random,float32
1,343.916155,8334,52430573,53.124,random,float32
1,344.453834,8367,52430573,53.693,random,float32
1,345.002699,2325,52430573,54.388,random,float32
1,345.547699,2981,52430573,54.307,random,float32
1,346.108461,7029,52430573,56.358,random,float32
1,346.656241,8782,52430573,54.912,random,float32
1,347.210347,9616,52430573,56.196,random,float32
1,347.749350,5888,52430573,53.100,random,float32
1,348.302789,6367,52430573,59.646,random,float32
1,348.840819,9114,52430573,53.764,random,float32
1,349.379466,9219,52430573,54.688,random,float32
1,349.915386,8483,52430573,53.979,random,float32
1,350.465357,8492,52430573,55.072,random,float32
1,351.011176,7700,52430573,53.506,random,float32
1,351.555406,625,52430573,55.304,random,float32
1,352.107778,8475,52430573,56.821,random,float32
1,352.651526,2406,52430573,53.746,random,float32
1,353.201834,1313,52430573,55.004,random,float32
1,353.737266,5880,52430573,53.900,random,float32
1,354.272101,2662,52430573,52.742,random,float32
1,354.800903,5241,52430573,52.248,random,float32
1,355.329054,2063,52430573,53.274,random,float32
1,355.862733,3182,52430573,54.313,random,float32
1,356.399749,1439,52430573,52.410,random,float32
1,356.934783,4341,52430573,52.660,random,float32
1,357.474914,2148,52430573,54.017,random,float32
1,358.007877,2865,52430573,52.667,random,float32
1,358.541125,3125,52430573,54.397,random,float32
1,359.080232,4996,52430573,55.058,random,float32
1,359.624354,5654,52430573,53.281,random,float32
1,360.182340,6770,52430573,54.453,random,float32
1,360.730522,7238,52430573,54.451,random,float32
1,361.274893,1637,52430573,53.378,random,float32
1,361.816548,4354,52430573,53.133,random,float32
1,362.363280,3001,52430573,54.055,random,float32
1,362.898873,28,52430573,52.029,random,float32
1,363.423356,9197,52430573,53.637,random,float32
1,363.951174,9017,52430573,53.836,random,float32
1,364.485461,2506,52430573,54.277,random,float32
1,365.019664,8442,52430573,54.048,random,float32
1,365.556363,240,52430573,53.557,random,float32
1,366.113428,8303,52430573,56.755,random,float32
1,366.663776,5696,52430573,55.392,random,float32
1,367.210729,8843,52430573,54.866,random,float32
1,367.768369,8784,52430573,56.971,random,float32
1,368.317503,2262,52430573,53.645,random,float32
1,368.873720,7853,52430573,56.237,random,float32
1,369.435548,3679,52430573,58.342,random,float32
1,369.993389,7967,52430573,55.979,random,float32
1,370.566860,7066,52430573,57.971,random,float32
1,371.118418,8544,52430573,55.053,random,float32
1,371.678942,6646,52430573,57.637,random,float32
1,372.233923,7695,52430573,54.718,random,float32
1,372.773787,3861,52430573,54.503,random,float32
1,373.307559,2922,52430573,53.344,random,float32
1,373.849488,5243,52430573,55.683,random,float32
1,374.411321,918,52430573,55.938,random,float32
1,374.951378,5771,52430573,54.033,random,float32
1,375.491824,1830,52430573,55.096,random,float32
1,376.051146,1987,52430573,55.501,random,float32
1,376.594647,8583,52430573,53.397,random,float32
1,377.138419,7742,52430573,54.305,random,float32
1,377.672989,4281,52430573,52.667,random,float32
1,378.206552,4577,52430573,52.295,random,float32
1,378.742791,6572,52430573,53.245,random,float32
1,379.276906,4719,52430573,52.822,random,float32
1,379.852665,2453,52430573,63.829,random,float32
1,380.401994,4319,52430573,53.959,random,float32
1,380.953500,9840,52430573,55.426,random,float32
1,381.499789,7405,52430573,53.427,random,float32
1,382.037161,8854,52430573,53.530,random,float32
1,382.565184,102,52430573,52.604,random,float32
1,383.092359,9114,52430573,54.148,random,float32
1,383.626939,2359,52430573,54.550,random,float32
1,384.175173,8647,52430573,55.606,random,float32
1,384.712217,2794,52430573,54.003,random,float32
1,385.256048,6785,52430573,54.309,random,float32
1,385.804631,449,52430573,55.787,random,float32
1,386.362985,5894,52430573,55.227,random,float32
1,386.899945,1006,52430573,53.495,random,float32
1,387.432579,519,52430573,53.478,random,float32
1,387.969088,716,52430573,53.334,random,float32
1,388.508932,9939,52430573,54.169,random,float32
1,389.045943,5857,52430573,53.638,random,float32
1,389.576846,8299,52430573,53.959,random,float32
1,390.111526,4017,52430573,52.587,random,float32
1,390.647586,6508,52430573,54.448,random,float32
1,391.189483,3359,52430573,53.298,random,float32
1,391.729256,1413,52430573,54.832,random,float32
1,392.261916,8000,52430573,52.840,random,float32
1,392.799247,2857,52430573,53.721,random,float32
1,393.353105,5078,52430573,53.853,random,float32
1,393.892128,1192,52430573,53.677,random,float32
1,394.431719,5202,52430573,53.828,random,float32
1,394.984140,967,52430573,56.400,random,float32
1,395.529757,6866,52430573,54.316,random,float32
1,396.062053,2127,52430573,53.891,random,float32
1,396.601844,2797,52430573,52.993,random,float32
1,397.139427,1475,52430573,53.025,random,float32
1,397.673969,8192,52430573,53.847,random,float32
1,398.208724,6616,52430573,53.196,random,float32
1,398.744499,1309,52430573,54.421,random,float32
1,399.275255,8399,52430573,53.009,random,float32
1,399.813697,5695,52430573,53.400,random,float32
1,400.349667,4577,52430573,53.404,random,float32
1,400.890864,2948,52430573,53.165,random,float32
1,401.421995,2723,52430573,52.035,random,float32
1,401.959953,507,52430573,53.776,random,float32
1,402.498320,972,52430573,52.846,random,float32
1,403.032313,9821,52430573,53.118,random,float32
1,403.565944,2606,52430573,53.381,random,float32
1,404.110320,9927,52430573,54.385,random,float32
1,404.661457,1409,52430573,55.080,random,float32
1,405.207312,4034,52430573,54.500,random,float32
1,405.762162,3876,52430573,56.484,random,float32
1,406.307608,2269,52430573,53.158,random,float32
1,406.841219,6730,52430573,52.753,random,float32
1,407.376477,508,52430573,54.418,random,float32
1,407.908280,5131,52430573,52.939,random,float32
1,408.440172,8637,52430573,51.166,random,float32
1,408.961993,6350,52430573,53.640,random,float32
1,409.490856,6000,52430573,53.969,random,float32
1,410.023375,4921,52430573,53.724,random,float32
1,410.557836,196,52430573,54.484,random,float32
1,411.094982,863,52430573,52.130,random,float32
1,411.628206,5636,52430573,54.868,random,float32
1,412.157635,8411,52430573,49.849,random,float32
1,412.680499,5309,52430573,52.697,random,float32
1,413.209869,794,52430573,53.794,random,float32
1,413.737226,6719,52430573,51.903,random,float32
1,414.267949,9040,52430573,53.689,random,float32
1,414.794204,7486,52430573,53.163,random,float32
1,415.325032,7897,52430573,53.658,random,float32
1,415.853664,2899,52430573,54.411,random,float32
1,416.392915,5801,52430573,52.630,random,float32
1,416.921828,5432,52430573,51.953,random,float32
1,417.457152,8649,52430573,52.939,random,float32
1,417.991501,8670,52430573,54.171,random,float32
1,418.532767,5945,52430573,52.826,random,float32
1,419.059454,1080,52430573,51.606,random,float32
1,419.595911,1484,52430573,53.926,random,float32
1,420.127954,1770,52430573,52.983,random,float32
1,420.663231,4696,52430573,53.935,random,float32
1,421.197256,434,52430573,53.440,random,float32
1,421.732356,4614,52430573,54.688,random,float32
1,422.261679,1298,52430573,50.243,random,float32
1,422.794248,5198,52430573,52.977,random,float32
1,423.336955,4482,52430573,54.047,random,float32
1,423.876934,5154,52430573,54.635,random,float32
1,424.412537,2448,52430573,54.822,random,float32
1,424.949177,6355,52430573,53.064,random,float32
1,425.503579,2898,52430573,55.527,random,float32
1,426.058697,4203,52430573,55.970,random,float32
1,426.609767,6112,52430573,53.378,random,float32
1,427.144519,8962,52430573,53.020,random,float32
1,427.681937,585,52430573,52.423,random,float32
1,428.217587,7973,52430573,53.875,random,float32
1,428.772981,3860,52430573,56.660,random,float32
1,429.316584,4737,52430573,54.061,random,float32
1,429.859372,9801,52430573,54.375,random,float32
1,430.392300,4496,52430573,53.492,random,float32
1,430.930961,22,52430573,53.102,random,float32
1,431.459306,9098,52430573,52.451,random,float32
1,431.991111,1095,52430573,52.273,random,float32
1,432.527630,6339,52430573,53.237,random,float32
1,433.054377,8314,52430573,52.732,random,float32
1,433.583852,6180,52430573,53.067,random,float32
1,434.128078,4755,52430573,58.333,random,float32
1,434.669260,2046,52430573,53.722,random,float32
1,435.217413,312,52430573,55.352,random,float32
1,435.756557,9192,52430573,53.863,random,float32
1,436.305762,8701,52430573,54.628,random,float32
1,436.855650,5405,52430573,55.958,random,float32
1,437.391356,1955,52430573,53.978,random,float32
1,437.924963,1620,52430573,54.158,random,float32
1,438.474787,9003,52430573,53.846,random,float32
1,439.008321,9715,52430573,53.734,random,float32
1,439.547550,9324,52430573,55.207,random,float32
1,440.083062,1874,52430573,53.374,random,float32
1,440.621068,8357,52430573,53.794,random,float32
1,441.153500,1425,52430573,52.736,random,float32
1,441.688406,4881,52430573,54.287,random,float32
1,442.232814,5093,52430573,54.415,random,float32
1,442.779099,8717,52430573,55.730,random,float32
1,443.335484,7148,52430573,55.008,random,float32
1,443.870366,1977,52430573,52.959,random,float32
1,444.410474,9190,52430573,56.352,random,float32
1,444.961360,8220,52430573,54.827,random,float32
1,445.508209,4451,52430573,54.877,random,float32
1,446.056516,9921,52430573,54.127,random,float32
1,446.598616,5601,52430573,54.025,random,float32
1,447.136200,6803,52430573,51.929,random,float32
1,447.671812,7266,52430573,52.332,random,float32
1,448.205552,8998,52430573,53.484,random,float32
1,448.742610,8572,52430573,52.749,random,float32
1,449.279967,9672,52430573,53.359,random,float32
1,449.819505,7208,52430573,53.851,random,float32
1,450.356621,3165,52430573,53.035,random,float32
1,450.898247,169,52430573,53.515,random,float32
1,451.455327,2916,52430573,60.899,random,float32
1,452.010750,4298,52430573,53.506,random,float32
1,452.550576,5928,52430573,54.050,random,float32
1,453.094752,4789,52430573,53.491,random,float32
1,453.631999,1828,52430573,53.431,random,float32
1,454.168590,6869,52430573,53.401,random,float32
1,454.712543,314,52430573,53.908,random,float32
1,455.250485,1490,52430573,53.673,random,float32
1,455.783867,7981,52430573,54.424,random,float32
1,456.319331,3130,52430573,53.856,random,float32
1,456.851425,3825,52430573,53.434,random,float32
1,457.388236,535,52430573,53.535,random,float32
1,457.929993,9717,52430573,54.835,random,float32
1,458.470318,5882,52430573,52.814,random,float32
1,459.003531,6285,52430573,52.863,random,float32
1,459.532471,2055,52430573,53.608,random,float32
1,460.062447,751,52430573,53.334,random,float32
1,460.594671,6728,52430573,53.109,random,float32
1,461.129753,7358,52430573,53.842,random,float32
1,461.662154,3547,52430573,53.751,random,float32
1,462.196447,2178,52430573,52.321,random,float32
1,462.724454,442,52430573,52.182,random,float32
1,463.257330,2542,52430573,53.992,random,float32
1,463.790464,1745,52430573,53.105,random,float32
1,464.324288,1995,52430573,52.520,random,float32
1,464.853591,5953,52430573,53.519,random,float32
1,465.410161,6401,52430573,53.327,random,float32
1,465.953659,2836,52430573,54.701,random,float32
1,466.508021,8750,52430573,53.636,random,float32
1,467.044292,9041,52430573,53.047,random,float32
1,467.583021,1624,52430573,54.764,random,float32
1,468.122212,7582,52430573,54.309,random,float32
1,468.676979,6803,52430573,54.638,random,float32
1,469.223709,2162,52430573,60.932,random,float32
1,469.768921,250,52430573,53.326,random,float32
1,470.302689,2341,52430573,54.810,random,float32
1,470.829026,7406,52430573,52.913,random,float32
1,471.374557,4521,52430573,54.452,random,float32
1,471.910911,6105,52430573,52.592,random,float32
1,472.440041,5655,52430573,53.482,random,float32
1,472.971444,437,52430573,51.034,random,float32
1,473.508569,6846,52430573,52.942,random,float32
1,474.045870,3378,52430573,54.833,random,float32
1,474.589589,4705,52430573,53.763,random,float32
1,475.127901,2153,52430573,51.717,random,float32
1,475.660941,5199,52430573,53.784,random,float32
1,476.223843,3244,52430573,54.416,random,float32
1,476.763755,27,52430573,54.957,random,float32
1,477.300141,1609,52430573,54.843,random,float32
1,477.832187,4221,52430573,54.274,random,float32
1,478.363203,132,52430573,52.970,random,float32
1,478.894275,2983,52430573,52.266,random,float32
1,479.426084,3761,52430573,54.127,random,float32
1,479.963107,5580,52430573,53.914,random,float32
1,480.501524,6451,52430573,53.930,random,float32
1,481.036003,7615,52430573,52.892,random,float32
1,481.567997,1406,52430573,52.816,random,float32
1,482.096842,7630,52430573,53.681,random,float32
1,482.624756,2126,52430573,53.214,random,float32
1,483.161404,4863,52430573,53.844,random,float32
1,483.689553,7218,52430573,52.747,random,float32
1,484.239451,371,52430573,54.807,random,float32
1,484.793596,2595,52430573,55.462,random,float32
1,485.346777,8617,52430573,54.149,random,float32
1,485.883265,4612,52430573,53.299,random,float32
1,486.420056,8668,52430573,54.357,random,float32
1,486.946064,2810,52430573,51.659,random,float32
1,487.497265,89,52430573,54.472,random,float32
1,488.044782,9770,52430573,55.350,random,float32
1,488.585403,3893,52430573,53.015,random,float32
1,489.129863,331,52430573,54.878,random,float32
1,489.664442,9233,52430573,51.838,random,float32
1,490.194066,6174,52430573,53.083,random,float32
1,490.755955,9785,52430573,54.396,random,float32
1,491.304618,5110,52430573,55.038,random,float32
1,491.863002,5851,52430573,53.224,random,float32
1,492.412606,5841,52430573,55.978,random,float32
1,492.950868,326,52430573,54.038,random,float32
1,493.488405,5424,52430573,54.728,random,float32
1,494.027076,3461,52430573,52.217,random,float32
1,494.565106,7543,52430573,52.316,random,float32
1,495.108708,3835,52430573,53.440,random,float32
1,495.644269,8022,52430573,52.827,random,float32
1,496.182700,5057,52430573,54.990,random,float32
1,496.709618,2286,52430573,45.953,random,float32
1,497.263291,5600,52430573,53.926,random,float32
1,497.796723,383,52430573,53.953,random,float32
1,498.333061,3497,52430573,53.960,random,float32
1,498.864621,2504,52430573,53.404,random,float32
1,499.401634,338,52430573,53.929,random,float32
1,499.933654,1995,52430573,52.616,random,float32
1,500.465625,3795,52430573,52.716,random,float32
1,500.998171,9885,52430573,52.667,random,float32
1,501.521896,1994,52430573,52.740,random,float32
1,502.065879,7821,52430573,53.536,random,float32
1,502.617030,4442,52430573,55.070,random,float32
1,503.160175,4295,52430573,54.150,random,float32
1,503.697912,4803,52430573,54.286,random,float32
1,504.235950,735,52430573,53.785,random,float32
1,504.777068,7442,52430573,52.260,random,float32
1,505.311184,1504,52430573,50.913,random,float32
1,505.849232,9566,52430573,53.383,random,float32
1,506.379161,9292,52430573,55.192,random,float32
1,506.920601,4194,52430573,53.843,random,float32
1,507.465700,7116,52430573,54.033,random,float32
1,508.001519,4610,52430573,53.903,random,float32
1,508.537049,2040,52430573,53.311,random,float32
1,509.067275,3097,52430573,53.903,random,float32
1,509.601579,7489,52430573,54.394,random,float32
1,510.138958,8964,52430573,54.464,random,float32
1,510.677842,1917,52430573,54.814,random,float32
1,511.212031,606,52430573,53.779,random,float32
1,511.747899,514,52430573,54.225,random,float32
1,512.284375,5718,52430573,54.184,random,float32
1,512.816924,9149,52430573,53.828,random,float32
1,513.357033,1312,52430573,53.262,random,float32
1,513.895653,4892,52430573,54.921,random,float32
1,514.428357,1450,52430573,53.015,random,float32
1,514.966125,5917,52430573,53.500,random,float32
1,515.508457,2429,52430573,53.390,random,float32
1,516.043464,3917,52430573,53.343,random,float32
1,516.587391,3849,52430573,53.849,random,float32
1,517.123584,7881,52430573,54.267,random,float32
1,517.652780,8507,52430573,52.308,random,float32
1,518.186390,3137,52430573,53.823,random,float32
1,518.724501,5461,52430573,55.067,random,float32
1,519.257814,6828,52430573,53.547,random,float32
1,519.798596,8674,52430573,53.304,random,float32
1,520.322080,8493,52430573,51.759,random,float32
1,520.847462,2367,52430573,53.217,random,float32
1,521.382723,8649,52430573,54.195,random,float32
1,521.921699,6862,52430573,52.454,random,float32
1,522.452518,7270,52430573,53.469,random,float32
1,523.002017,6235,52430573,56.618,random,float32
1,523.575327,8712,52430573,56.250,random,float32
1,524.120258,5961,52430573,53.984,random,float32
1,524.675262,7310,52430573,54.084,random,float32
1,525.203780,1752,52430573,52.499,random,float32
1,525.734971,2963,52430573,51.672,random,float32
1,526.270669,1235,52430573,52.709,random,float32
1,526.795707,8877,52430573,53.442,random,float32
1,527.326867,572,52430573,52.705,random,float32
1,527.858041,6796,52430573,52.115,random,float32
1,528.388820,5413,52430573,53.769,random,float32
1,528.925261,1949,52430573,53.743,random,float32
1,529.462080,3461,52430573,54.454,random,float32
1,529.993800,4876,52430573,53.586,random,float32
1,530.528930,1145,52430573,53.451,random,float32
1,531.053799,8822,52430573,49.894,random,float32
1,531.583803,1622,52430573,53.537,random,float32
1,532.115774,3205,52430573,53.149,random,float32
1,532.645428,3326,52430573,53.427,random,float32
1,533.185350,5321,52430573,53.642,random,float32
1,533.723029,3198,52430573,54.301,random,float32
1,534.258290,9736,52430573,52.339,random,float32
1,534.798354,5231,52430573,53.225,random,float32
1,535.335583,2353,52430573,52.795,random,float32
1,535.866984,4392,52430573,52.785,random,float32
1,536.404937,1745,52430573,53.458,random,float32
1,536.943615,6427,52430573,53.854,random,float32
1,537.495484,3308,52430573,54.470,random,float32
1,538.057144,571,52430573,54.724,random,float32
1,538.612349,2646,52430573,54.689,random,float32
1,539.162023,1346,52430573,54.455,random,float32
1,539.705757,1119,52430573,52.081,random,float32
1,540.247292,6714,52430573,54.226,random,float32
1,540.780114,5027,52430573,54.068,random,float32
1,541.316138,9541,52430573,53.264,random,float32
1,541.850283,2250,52430573,53.113,random,float32
1,542.380325,2172,52430573,52.450,random,float32
1,542.915844,7547,52430573,54.160,random,float32
1,543.471709,8081,52430573,56.158,random,float32
1,544.015501,7648,52430573,55.116,random,float32
1,544.563530,8215,52430573,54.196,random,float32
1,545.119074,3921,52430573,54.744,random,float32
1,545.656747,4472,52430573,52.139,random,float32
1,546.195172,9954,52430573,53.336,random,float32
1,546.729327,1518,52430573,52.447,random,float32
1,547.262016,8233,52430573,53.306,random,float32
1,547.804478,8588,52430573,57.513,random,float32
1,548.354428,2273,52430573,53.297,random,float32
1,548.900798,3138,52430573,54.604,random,float32
1,549.440055,5141,52430573,54.498,random,float32
1,549.974398,9301,52430573,52.800,random,float32
1,550.503109,5497,52430573,53.511,random,float32
1,551.036433,870,52430573,52.929,random,float32
1,551.571406,5176,52430573,54.197,random,float32
1,552.110493,4419,52430573,53.369,random,float32
1,552.647659,1979,52430573,54.214,random,float32
1,553.183985,7025,52430573,53.141,random,float32
1,553.724100,2125,52430573,55.273,random,float32
1,554.264873,3863,52430573,52.395,random,float32
1,554.795569,3728,52430573,53.411,random,float32
1,555.333341,7905,52430573,53.719,random,float32
1,555.876795,3440,52430573,53.844,random,float32
1,556.413381,277,52430573,52.511,random,float32
1,556.968185,4014,52430573,56.109,random,float32
1,557.518273,4870,52430573,54.324,random,float32
1,558.057051,1705,52430573,53.350,random,float32
1,558.596888,5932,52430573,53.658,random,float32
1,559.133925,3827,52430573,53.852,random,float32
1,559.669767,6640,52430573,52.947,random,float32
1,560.211377,5685,52430573,55.012,random,float32
1,560.759949,7531,52430573,54.976,random,float32
1,561.309228,9658,52430573,55.306,random,float32
1,561.848200,8948,52430573,52.347,random,float32
1,562.393172,2162,52430573,57.308,random,float32
1,562.943419,3886,52430573,54.362,random,float32
1,563.495809,3419,52430573,54.766,random,float32
1,564.048897,8249,52430573,55.518,random,float32
1,564.608676,7193,52430573,54.136,random,float32
1,565.145485,2999,52430573,54.279,random,float32
1,565.676143,8799,52430573,52.947,random,float32
1,566.214931,3300,52430573,52.959,random,float32
1,566.741646,4571,52430573,53.012,random,float32
1,567.272178,5630,52430573,53.563,random,float32
1,567.806224,3789,52430573,53.974,random,float32
1,568.339537,2725,52430573,52.702,random,float32
1,568.871266,3252,52430573,53.036,random,float32
1,569.409633,6444,52430573,54.475,random,float32
1,569.942456,1139,52430573,50.674,random,float32
1,570.486989,4056,52430573,54.538,random,float32
1,571.027467,5656,52430573,53.628,random,float32
1,571.555112,4800,52430573,55.014,random,float32
1,572.098386,2219,52430573,52.263,random,float32
1,572.636098,3777,52430573,53.245,random,float32
1,573.162845,5018,52430573,53.708,random,float32
1,573.693505,3398,52430573,53.752,random,float32
1,574.224695,3766,52430573,52.388,random,float32
1,574.747688,5049,52430573,51.146,random,float32
1,575.268519,5923,52430573,53.340,random,float32
1,575.795034,2847,52430573,51.312,random,float32
1,576.332819,7269,52430573,52.257,random,float32
1,576.863909,238,52430573,52.599,random,float32
1,577.406031,1865,52430573,53.532,random,float32
1,577.944244,4316,52430573,52.047,random,float32
1,578.469931,3336,52430573,51.451,random,float32
1,578.996783,1502,52430573,55.013,random,float32
1,579.534434,2462,52430573,54.887,random,float32
1,580.065917,512,52430573,52.207,random,float32
1,580.592652,3669,52430573,52.497,random,float32
1,581.121157,6487,52430573,51.696,random,float32
1,581.648838,4454,52430573,53.666,random,float32
1,582.179738,6051,52430573,54.946,random,float32
1,582.721185,6823,52430573,55.589,random,float32
1,583.253294,723,52430573,53.256,random,float32
1,583.805189,4248,52430573,53.405,random,float32
1,584.339419,2964,52430573,51.848,random,float32
1,584.858185,7602,52430573,51.319,random,float32
1,585.405314,6334,52430573,52.478,random,float32
1,585.938860,4035,52430573,54.350,random,float32
1,586.474278,3021,52430573,52.526,random,float32
1,587.005364,5074,52430573,54.530,random,float32
1,587.548274,1956,52430573,52.908,random,float32
1,588.081279,8400,52430573,53.191,random,float32
1,588.632929,3754,52430573,55.430,random,float32
1,589.175284,1990,52430573,53.176,random,float32
1,589.717292,8407,52430573,55.264,random,float32
1,590.258391,9259,52430573,53.326,random,float32
1,590.811753,8382,52430573,54.927,random,float32
1,591.358646,8636,52430573,54.357,random,float32
1,591.888226,8425,52430573,52.015,random,float32
1,592.422094,331,52430573,52.749,random,float32
1,592.949484,5025,52430573,53.957,random,float32
1,593.477489,6993,52430573,53.051,random,float32
1,594.008269,2637,52430573,53.344,random,float32
1,594.538635,5232,52430573,53.658,random,float32
1,595.074399,6935,52430573,54.335,random,float32
1,595.606425,9887,52430573,53.167,random,float32
1,596.139647,5764,52430573,54.083,random,float32
1,596.680592,7827,52430573,53.130,random,float32
1,597.218394,7488,52430573,54.229,random,float32
1,597.743369,5581,52430573,53.018,random,float32
1,598.293979,6602,52430573,55.497,random,float32
1,598.826598,4503,52430573,52.488,random,float32
1,599.385363,4689,52430573,55.508,random,float32
1,599.928519,982,52430573,52.857,random,float32
1,600.454355,4966,52430573,53.891,random,float32
1,600.990024,8180,52430573,52.220,random,float32
1,601.521640,9390,52430573,52.960,random,float32
1,602.057032,7001,52430573,53.383,random,float32
1,602.592312,3598,52430573,53.147,random,float32
1,603.127245,5590,52430573,53.729,random,float32
1,603.651839,6558,52430573,53.921,random,float32
1,604.186671,2147,52430573,53.293,random,float32
1,604.721962,2512,52430573,54.669,random,float32
1,605.267039,9277,52430573,52.672,random,float32
1,605.797907,641,52430573,52.683,random,float32
1,606.329571,2111,52430573,52.231,random,float32
1,606.845624,619,52430573,50.439,random,float32
1,607.376527,9468,52430573,53.260,random,float32
1,607.912654,6443,52430573,54.378,random,float32
1,608.447839,4252,52430573,52.589,random,float32
1,608.983422,1418,52430573,53.514,random,float32
1,609.521719,6224,52430573,52.643,random,float32
1,610.056456,5616,52430573,53.240,random,float32
1,610.583353,9901,52430573,51.935,random,float32
1,611.104550,3367,52430573,50.467,random,float32
1,611.642585,9637,52430573,55.737,random,float32
1,612.175391,4833,52430573,53.574,random,float32
1,612.703296,9192,52430573,52.921,random,float32
1,613.233441,2973,52430573,51.468,random,float32
1,613.768047,6549,52430573,54.920,random,float32
1,614.297993,6512,52430573,51.411,random,float32
1,614.829714,7848,52430573,52.748,random,float32
1,615.363134,8341,52430573,51.815,random,float32
1,615.886826,4254,52430573,51.690,random,float32
1,616.421266,9852,52430573,53.069,random,float32
1,616.957585,219,52430573,54.102,random,float32
1,617.494737,305,52430573,53.631,random,float32
1,618.030743,6313,52430573,53.866,random,float32
1,618.574628,511,52430573,52.937,random,float32
1,619.096007,7695,52430573,52.425,random,float32
1,619.619253,2011,52430573,53.095,random,float32
1,620.154012,4563,52430573,52.917,random,float32
1,620.697110,9622,52430573,53.584,random,float32
1,621.250700,4370,52430573,55.954,random,float32
1,621.775011,7463,52430573,51.927,random,float32
1,622.302587,2746,52430573,53.046,random,float32
1,622.827836,4404,52430573,54.285,random,float32
1,623.366371,8810,52430573,53.185,random,float32
1,623.904692,5832,52430573,53.413,random,float32
1,624.440935,7714,52430573,53.131,random,float32
1,624.976176,8240,52430573,54.496,random,float32
1,625.503247,872,52430573,53.250,random,float32
1,626.033996,1637,52430573,51.766,random,float32
1,626.566623,1532,52430573,53.788,random,float32
1,627.101954,5535,52430573,53.751,random,float32
1,627.649697,6152,52430573,53.860,random,float32
1,628.194348,1349,52430573,55.412,random,float32
1,628.745907,1057,52430573,54.031,random,float32
1,629.328905,6635,52430573,61.192,random,float32
1,629.889151,4448,52430573,56.516,random,float32
1,630.422792,2210,52430573,52.999,random,float32
1,630.962341,9580,52430573,53.818,random,float32
1,631.515411,2003,52430573,56.894,random,float32
1,632.068352,9554,52430573,54.186,random,float32
1,632.600475,9037,52430573,53.433,random,float32
1,633.143516,425,52430573,52.257,random,float32
1,633.682855,5552,52430573,52.924,random,float32
1,634.222464,8492,52430573,52.025,random,float32
1,634.757738,8532,52430573,53.486,random,float32
1,635.282650,5997,52430573,53.435,random,float32
1,635.806314,4372,52430573,50.579,random,float32
1,636.362541,9099,52430573,53.461,random,float32
1,636.917900,701,52430573,55.159,random,float32
1,637.467441,2779,52430573,54.259,random,float32
1,638.001213,8460,52430573,51.520,random,float32
1,638.537889,7703,52430573,54.300,random,float32
1,639.069286,1860,52430573,52.888,random,float32
1,639.601550,3296,52430573,51.739,random,float32
1,640.137273,3655,52430573,53.425,random,float32
1,640.668677,8070,52430573,53.486,random,float32
1,641.215336,5001,52430573,54.787,random,float32
1,641.756565,5364,52430573,53.676,random,float32
1,642.297678,6397,52430573,54.100,random,float32
1,642.839801,8395,52430573,51.499,random,float32
1,643.374398,8700,52430573,52.687,random,float32
1,643.910971,4163,52430573,54.112,random,float32
1,644.453457,5415,52430573,55.516,random,float32
1,644.992812,8772,52430573,56.056,random,float32
1,645.531496,4814,52430573,54.690,random,float32
1,646.055290,3535,52430573,52.595,random,float32
1,646.578824,1179,52430573,52.349,random,float32
1,647.110536,9278,52430573,53.642,random,float32
1,647.649022,224,52430573,55.083,random,float32
1,648.177789,7239,52430573,53.393,random,float32
1,648.708520,5875,52430573,52.415,random,float32
1,649.243755,6053,52430573,51.244,random,float32
1,649.776319,3472,52430573,54.268,random,float32
1,650.292329,7099,52430573,53.592,random,float32
1,650.822807,7622,52430573,53.197,random,float32
1,651.354195,907,52430573,52.367,random,float32
1,651.896565,3524,52430573,52.527,random,float32
1,652.433136,6024,52430573,53.340,random,float32
1,652.966933,762,52430573,55.266,random,float32
1,653.500922,7624,52430573,53.242,random,float32
1,654.041564,5342,52430573,52.934,random,float32
1,654.565136,2105,52430573,52.499,random,float32
1,655.095028,4093,52430573,53.316,random,float32
1,655.629423,2724,52430573,53.833,random,float32
1,656.155291,6254,52430573,52.611,random,float32
1,656.696090,4432,52430573,54.574,random,float32
1,657.230961,5567,52430573,54.441,random,float32
1,657.772232,838,52430573,53.366,random,float32
1,658.303978,216,52430573,57.116,random,float32
1,658.828843,2286,52430573,44.868,random,float32
1,659.366387,802,52430573,54.697,random,float32
1,659.887379,595,52430573,53.058,random,float32
1,660.421926,8670,52430573,51.235,random,float32
1,660.959212,1348,52430573,53.195,random,float32
1,661.480962,365,52430573,53.073,random,float32
1,662.002968,9449,52430573,51.755,random,float32
1,662.541399,4443,52430573,54.533,random,float32
1,663.074080,4848,52430573,52.529,random,float32
1,663.599499,5844,52430573,51.611,random,float32
1,664.134531,9024,52430573,51.298,random,float32
1,664.665110,6181,52430573,54.434,random,float32
1,665.198400,4977,52430573,54.551,random,float32
1,665.727529,3919,52430573,52.763,random,float32
1,666.263299,2259,52430573,51.444,random,float32
1,666.785531,3333,52430573,51.211,random,float32
1,667.322826,6221,52430573,54.375,random,float32
1,667.859723,6204,52430573,52.919,random,float32
1,668.394624,7149,52430573,55.437,random,float32
1,668.914558,4295,52430573,52.776,random,float32
1,669.443511,6303,52430573,54.278,random,float32
1,669.981416,5067,52430573,53.166,random,float32
1,670.539512,8697,52430573,56.315,random,float32
1,671.098376,2503,52430573,54.982,random,float32
1,671.637970,6300,52430573,54.741,random,float32
1,672.169566,6530,52430573,53.245,random,float32
1,672.691369,1694,52430573,52.691,random,float32
1,673.209217,1568,52430573,51.775,random,float32
1,673.732300,895,52430573,52.951,random,float32
1,674.275368,9768,52430573,54.843,random,float32
1,674.802419,1099,52430573,50.503,random,float32
1,675.337895,5625,52430573,52.905,random,float32
1,675.867185,3938,52430573,51.804,random,float32
1,676.393268,8048,52430573,50.330,random,float32
1,676.915327,3748,52430573,53.140,random,float32
1,677.445346,8166,52430573,52.176,random,float32
1,677.981391,4025,52430573,54.502,random,float32
1,678.509830,5979,52430573,55.433,random,float32
1,679.040424,3083,52430573,52.918,random,float32
1,679.572991,183,52430573,52.375,random,float32
1,680.110776,1321,52430573,52.389,random,float32
1,680.635476,2465,52430573,52.110,random,float32
1,681.160585,888,52430573,52.080,random,float32
1,681.691674,1735,52430573,53.077,random,float32
1,682.228769,6729,52430573,52.646,random,float32
1,682.767780,3336,52430573,55.312,random,float32
1,683.309439,990,52430573,55.282,random,float32
1,683.847446,1044,52430573,54.673,random,float32
1,684.384293,6696,52430573,55.318,random,float32
1,684.929151,5639,52430573,56.956,random,float32
1,685.474282,1866,52430573,54.384,random,float32
1,686.009889,7066,52430573,56.138,random,float32
1,686.556765,9434,52430573,52.684,random,float32
1,687.081578,6308,52430573,53.567,random,float32
1,687.611416,1504,52430573,52.257,random,float32
1,688.140520,8933,52430573,54.241,random,float32
1,688.677744,6031,52430573,53.341,random,float32
1,689.210949,6337,52430573,51.768,random,float32
1,689.738336,3362,52430573,53.527,random,float32
1,690.271721,8503,52430573,51.878,random,float32
1,690.811112,203,52430573,53.733,random,float32
1,691.342042,1358,52430573,52.654,random,float32
1,691.878206,6938,52430573,52.848,random,float32
1,692.412758,1551,52430573,53.341,random,float32
1,692.950373,3526,52430573,54.062,random,float32
1,693.476066,9238,52430573,53.394,random,float32
1,694.004361,3615,52430573,51.501,random,float32
1,694.528311,6226,52430573,53.339,random,float32
1,695.060215,1214,52430573,52.711,random,float32
1,695.584876,6193,52430573,53.507,random,float32
1,696.118895,7383,52430573,53.973,random,float32
1,696.643543,7613,52430573,51.438,random,float32
1,697.171774,3106,52430573,53.845,random,float32
1,697.711835,5625,52430573,53.170,random,float32
1,698.243850,3911,52430573,54.345,random,float32
1,698.791314,2985,52430573,54.504,random,float32
1,699.335218,7746,52430573,54.307,random,float32
1,699.877537,4243,52430573,48.481,random,float32
1,700.411602,5128,52430573,52.898,random,float32
1,700.949303,3199,52430573,53.256,random,float32
1,701.466076,4741,52430573,53.558,random,float32
1,701.992433,8445,52430573,51.473,random,float32
1,702.511791,988,52430573,50.426,random,float32
1,703.033935,6202,52430573,52.255,random,float32
1,703.565118,1202,52430573,54.394,random,float32
1,704.100791,2703,52430573,54.778,random,float32
1,704.626532,8188,52430573,49.748,random,float32
1,705.154994,1091,52430573,52.166,random,float32
1,705.684011,4838,52430573,53.241,random,float32
1,706.216441,7241,52430573,52.861,random,float32
1,706.749738,9704,52430573,53.824,random,float32
1,707.284287,959,52430573,52.055,random,float32
1,707.809977,4998,52430573,50.785,random,float32
1,708.341065,817,52430573,53.805,random,float32
1,708.880431,7604,52430573,55.241,random,float32
1,709.418721,7631,52430573,54.134,random,float32
1,709.953238,3389,52430573,54.665,random,float32
1,710.477118,7281,52430573,51.231,random,float32
1,711.001387,1729,52430573,50.220,random,float32
1,711.525842,1293,52430573,53.270,random,float32
1,712.063563,473,52430573,55.366,random,float32
1,712.593779,6903,52430573,52.909,random,float32
1,713.123632,8506,52430573,53.176,random,float32
1,713.653873,4578,52430573,53.202,random,float32
1,714.216498,6934,52430573,54.938,random,float32
1,714.754363,8528,52430573,50.362,random,float32
1,715.292470,7383,52430573,54.453,random,float32
1,715.822189,4937,52430573,53.642,random,float32
1,716.364497,5155,52430573,54.695,random,float32
1,716.915428,3440,52430573,54.675,random,float32
1,717.467579,3383,52430573,55.346,random,float32
1,718.009964,8424,52430573,55.074,random,float32
1,718.552338,6869,52430573,53.549,random,float32
1,719.109573,2022,52430573,56.982,random,float32
1,719.644284,8525,52430573,51.925,random,float32
1,720.174061,7290,52430573,51.873,random,float32
1,720.724662,9783,52430573,53.430,random,float32
1,721.258373,6318,52430573,53.913,random,float32
1,721.812498,5981,52430573,54.334,random,float32
1,722.349019,1575,52430573,53.039,random,float32
1,722.886231,2922,52430573,53.165,random,float32
1,723.421821,6866,52430573,53.947,random,float32
1,723.960395,3902,52430573,53.532,random,float32
1,724.491819,8413,52430573,53.944,random,float32
1,725.036273,2106,52430573,54.033,random,float32
1,725.575618,7911,52430573,55.859,random,float32
1,726.117102,7925,52430573,54.221,random,float32
1,726.652876,4114,52430573,53.108,random,float32
1,727.197225,9329,52430573,54.958,random,float32
1,727.733941,6494,52430573,54.629,random,float32
1,728.272659,1450,52430573,55.128,random,float32
1,728.809951,9906,52430573,53.191,random,float32
1,729.348941,3888,52430573,54.921,random,float32
1,729.881222,9835,52430573,53.720,random,float32
1,730.421966,1984,52430573,54.684,random,float32
1,730.961156,7435,52430573,56.330,random,float32
1,731.519667,7142,52430573,55.789,random,float32
1,732.057568,3263,52430573,53.475,random,float32
1,732.596912,8702,52430573,54.657,random,float32
1,733.148218,97,52430573,56.037,random,float32
1,733.689274,147,52430573,53.437,random,float32
1,734.225193,1052,52430573,53.757,random,float32
1,734.762211,7162,52430573,53.028,random,float32
1,735.305243,9506,52430573,54.567,random,float32
1,735.848100,1549,52430573,54.240,random,float32
1,736.396299,2856,52430573,55.263,random,float32
1,736.931468,1981,52430573,53.596,random,float32
1,737.477415,6536,52430573,54.659,random,float32
1,738.016494,7169,52430573,53.740,random,float32
1,738.564079,9429,52430573,55.951,random,float32
1,739.113081,6144,52430573,54.622,random,float32
1,739.657899,4113,52430573,52.507,random,float32
1,740.197479,4091,52430573,54.381,random,float32
1,740.735108,5064,52430573,53.856,random,float32
1,741.262897,6057,52430573,53.142,random,float32
1,741.785183,5826,52430573,53.925,random,float32
1,742.315908,2601,52430573,53.548,random,float32
1,742.859588,4466,52430573,53.253,random,float32
1,743.395053,9595,52430573,51.874,random,float32
1,743.938207,3453,52430573,54.020,random,float32
1,744.476695,8563,52430573,53.645,random,float32
1,745.008751,2768,52430573,53.367,random,float32
1,745.548853,3492,52430573,54.158,random,float32
1,746.099268,3306,52430573,55.317,random,float32
1,746.647355,3796,52430573,54.881,random,float32
1,747.191383,112,52430573,53.378,random,float32
1,747.729444,4800,52430573,52.249,random,float32
1,748.272713,4647,52430573,55.745,random,float32
1,748.806541,1923,52430573,52.838,random,float32
1,749.336114,2595,52430573,52.637,random,float32
1,749.864619,7981,52430573,52.726,random,float32
1,750.398690,6830,52430573,52.147,random,float32
1,750.938979,9991,52430573,53.380,random,float32
1,751.475514,6972,52430573,53.686,random,float32
1,752.015569,122,52430573,52.998,random,float32
1,752.552245,8832,52430573,53.999,random,float32
1,753.088273,6841,52430573,54.203,random,float32
1,753.626495,3251,52430573,53.937,random,float32
1,754.171658,2321,52430573,56.051,random,float32
1,754.728462,8654,52430573,54.973,random,float32
1,755.269403,3141,52430573,53.510,random,float32
1,755.816335,3771,52430573,54.544,random,float32
1,756.362560,1176,52430573,54.843,random,float32
1,756.909670,8077,52430573,54.555,random,float32
1,757.464762,9333,52430573,54.476,random,float32
1,758.003774,7387,52430573,52.396,random,float32
1,758.541988,7437,52430573,52.440,random,float32
1,759.075578,9812,52430573,53.045,random,float32
1,759.631481,7580,52430573,56.688,random,float32
1,760.189471,8827,52430573,54.298,random,float32
1,760.736913,6009,52430573,54.133,random,float32
1,761.292549,9292,52430573,55.503,random,float32
1,761.844988,6496,52430573,56.040,random,float32
1,762.392187,1320,52430573,54.511,random,float32
1,762.937954,122,52430573,55.724,random,float32
1,763.492283,5178,52430573,57.467,random,float32
1,764.047652,4541,52430573,55.110,random,float32
1,764.594096,3007,52430573,54.823,random,float32
1,765.137546,902,52430573,52.978,random,float32
1,765.677153,9642,52430573,53.989,random,float32
1,766.233856,7784,52430573,55.247,random,float32
1,766.776480,8694,52430573,54.285,random,float32
1,767.309285,3728,52430573,53.152,random,float32
1,767.845970,6475,52430573,54.218,random,float32
1,768.388505,1442,52430573,53.818,random,float32
1,768.919386,208,52430573,52.492,random,float32
1,769.452800,6758,52430573,53.068,random,float32
1,769.980931,6294,52430573,52.514,random,float32
1,770.508920,3568,52430573,53.579,random,float32
1,771.036832,244,52430573,52.262,random,float32
1,771.568471,2278,52430573,53.981,random,float32
1,772.110350,121,52430573,55.643,random,float32
1,772.653837,3507,52430573,55.039,random,float32
1,773.193395,3912,52430573,53.262,random,float32
1,773.725959,5536,52430573,53.070,random,float32
1,774.258230,6706,52430573,53.376,random,float32
1,774.795550,2388,52430573,52.877,random,float32
1,775.336908,586,52430573,55.154,random,float32
1,775.872676,1193,52430573,52.639,random,float32
1,776.414976,7143,52430573,54.817,random,float32
1,776.953045,28,52430573,51.649,random,float32
1,777.493846,9846,52430573,52.695,random,float32
1,778.040594,3817,52430573,54.148,random,float32
1,778.584638,238,52430573,53.495,random,float32
1,779.117660,3558,52430573,54.066,random,float32
1,779.656128,5976,52430573,52.927,random,float32
1,780.190103,4384,52430573,52.630,random,float32
1,780.725393,8744,52430573,52.764,random,float32
1,781.256780,3380,52430573,53.097,random,float32
1,781.798315,9050,52430573,54.655,random,float32
1,782.333250,5419,52430573,50.756,random,float32
1,782.873347,7242,52430573,54.642,random,float32
1,783.411222,1290,52430573,52.436,random,float32
1,783.948409,5704,52430573,53.836,random,float32
1,784.477528,6302,52430573,53.136,random,float32
1,785.026313,274,52430573,54.908,random,float32
1,785.564118,5105,52430573,53.970,random,float32
1,786.099836,7143,52430573,54.715,random,float32
1,786.641420,2769,52430573,53.363,random,float32
1,787.188798,2727,52430573,53.303,random,float32
1,787.728278,5378,52430573,53.258,random,float32
1,788.269493,7662,52430573,55.756,random,float32
1,788.801003,6123,52430573,51.959,random,float32
1,789.331123,7445,52430573,53.257,random,float32
1,789.865895,9600,52430573,53.282,random,float32
1,790.403683,4467,52430573,56.901,random,float32
1,790.939881,3210,52430573,53.829,random,float32
1,791.478332,8360,52430573,52.953,random,float32
1,792.013757,7693,52430573,54.117,random,float32
1,792.548239,649,52430573,53.934,random,float32
1,793.092980,7240,52430573,53.935,random,float32
1,793.622764,8877,52430573,54.220,random,float32
1,794.158684,9369,52430573,53.017,random,float32
1,794.691355,8902,52430573,52.772,random,float32
1,795.223311,9854,52430573,51.548,random,float32
1,795.755518,2889,52430573,52.530,random,float32
1,796.297062,336,52430573,53.653,random,float32
1,796.832375,2986,52430573,51.864,random,float32
1,797.362088,3260,52430573,54.591,random,float32
1,797.894611,1406,52430573,54.388,random,float32
1,798.435044,630,52430573,54.085,random,float32
1,798.971783,5182,52430573,53.018,random,float32
1,799.509489,9252,52430573,54.004,random,float32
1,800.046955,3515,52430573,53.596,random,float32
1,800.584845,1481,52430573,54.783,random,float32
1,801.122476,743,52430573,53.967,random,float32
1,801.658754,5867,52430573,52.154,random,float32
1,802.188179,5818,52430573,53.108,random,float32
1,802.732684,6954,52430573,56.418,random,float32
1,803.276558,2047,52430573,55.523,random,float32
1,803.810966,1540,52430573,52.702,random,float32
1,804.355149,5705,52430573,54.699,random,float32
1,804.885570,5985,52430573,52.941,random,float32
1,805.416014,553,52430573,53.147,random,float32
1,805.948291,1784,52430573,53.969,random,float32
1,806.489582,1463,52430573,52.606,random,float32
1,807.021954,8795,52430573,54.518,random,float32
1,807.560064,393,52430573,53.305,random,float32
1,808.098462,2933,52430573,54.487,random,float32
1,808.631855,8939,52430573,53.511,random,float32
1,809.170070,9539,52430573,54.423,random,float32
1,809.708283,1943,52430573,53.190,random,float32
1,810.241046,18,52430573,52.325,random,float32
1,810.780480,8911,52430573,54.089,random,float32
1,811.308693,8418,52430573,53.780,random,float32
1,811.854042,8146,52430573,54.110,random,float32
1,812.380897,1231,52430573,54.126,random,float32
1,812.921519,1145,52430573,51.232,random,float32
1,813.449925,8377,52430573,51.846,random,float32
1,813.985958,1960,52430573,54.342,random,float32
1,814.517390,2858,52430573,53.185,random,float32
1,815.051046,2750,52430573,52.724,random,float32
1,815.588894,3258,52430573,54.196,random,float32
1,816.122578,5930,52430573,53.257,random,float32
1,816.650242,8151,52430573,51.672,random,float32
1,817.188487,2250,52430573,54.606,random,float32
1,817.746385,1028,52430573,56.772,random,float32
1,818.289231,9511,52430573,53.493,random,float32
1,818.833348,7985,52430573,54.964,random,float32
1,819.379168,6672,52430573,56.397,random,float32
1,819.924297,9737,52430573,54.761,random,float32
1,820.460635,3235,52430573,53.413,random,float32
1,821.002294,1729,52430573,53.908,random,float32
1,821.523407,6212,52430573,51.346,random,float32
1,822.059376,516,52430573,54.696,random,float32
1,822.589974,6590,52430573,52.618,random,float32
1,823.118488,2436,52430573,51.472,random,float32
1,823.647440,6394,52430573,53.912,random,float32
1,824.184587,6279,52430573,54.377,random,float32
1,824.724985,3193,52430573,52.775,random,float32
1,825.255290,5080,52430573,54.114,random,float32
1,825.783771,5341,52430573,53.968,random,float32
1,826.329612,3234,52430573,53.923,random,float32
1,826.865382,6670,52430573,54.162,random,float32
1,827.402460,913,52430573,53.647,random,float32
1,827.928103,4004,52430573,52.453,random,float32
1,828.458245,2833,52430573,51.269,random,float32
1,828.989635,4936,52430573,54.974,random,float32
1,829.526003,7588,52430573,52.724,random,float32
1,830.054085,444,52430573,52.927,random,float32
1,830.585295,3651,52430573,52.687,random,float32
1,831.118633,4092,52430573,51.707,random,float32
1,831.653588,4582,52430573,55.264,random,float32
1,832.190412,1074,52430573,54.501,random,float32
1,832.734755,5098,52430573,55.476,random,float32
1,833.271506,2316,52430573,54.264,random,float32
1,833.801385,604,52430573,54.492,random,float32
1,834.338152,6451,52430573,53.351,random,float32
1,834.877455,6193,52430573,54.648,random,float32
1,835.407300,1275,52430573,54.601,random,float32
1,835.948788,8091,52430573,55.001,random,float32
1,836.492226,1626,52430573,53.790,random,float32
1,837.040907,2857,52430573,55.355,random,float32
1,837.585063,6222,52430573,53.728,random,float32
1,838.117420,1674,52430573,52.751,random,float32
1,838.650473,642,52430573,53.001,random,float32
1,839.171824,2175,52430573,52.553,random,float32
1,839.711157,3265,52430573,55.132,random,float32
1,840.248786,4198,52430573,52.397,random,float32
1,840.778767,6811,52430573,53.766,random,float32
1,841.308921,5694,52430573,52.293,random,float32
1,841.843388,7079,52430573,53.178,random,float32
1,842.371622,29,52430573,53.067,random,float32
1,842.898424,7819,52430573,51.642,random,float32
1,843.426223,4620,52430573,52.517,random,float32
1,843.962656,6656,52430573,52.101,random,float32
1,844.493436,5739,52430573,53.448,random,float32
1,845.036413,9197,52430573,53.507,random,float32
1,845.567428,6153,52430573,52.155,random,float32
1,846.102954,2107,52430573,56.280,random,float32
1,846.632011,1661,52430573,53.059,random,float32
1,847.151248,8437,52430573,51.321,random,float32
1,847.680655,3470,52430573,52.288,random,float32
1,848.214905,843,52430573,54.065,random,float32
1,848.744062,8733,52430573,53.328,random,float32
1,849.280067,7659,52430573,52.801,random,float32
1,849.814377,7134,52430573,52.759,random,float32
1,850.355964,853,52430573,54.937,random,float32
1,850.890836,359,52430573,52.733,random,float32
1,851.431371,5450,52430573,55.362,random,float32
1,851.965436,1632,52430573,54.715,random,float32
1,852.505409,1539,52430573,52.148,random,float32
1,853.032568,8565,52430573,52.957,random,float32
1,853.568745,2515,52430573,53.393,random,float32
1,854.106276,3479,52430573,51.892,random,float32
1,854.641761,7005,52430573,53.929,random,float32
1,855.181770,9360,52430573,51.841,random,float32
1,855.713094,9029,52430573,53.145,random,float32
1,856.247415,3938,52430573,52.796,random,float32
1,856.779639,9461,52430573,55.193,random,float32
1,857.313643,2895,52430573,52.255,random,float32
1,857.844316,19,52430573,52.560,random,float32
1,858.380316,489,52430573,53.343,random,float32
1,858.918454,9400,52430573,51.928,random,float32
1,859.457652,5103,52430573,52.505,random,float32
1,859.994207,372,52430573,52.239,random,float32
1,860.536218,8442,52430573,53.346,random,float32
1,861.067821,1686,52430573,53.336,random,float32
1,861.604477,5242,52430573,53.613,random,float32
1,862.134631,8863,52430573,52.148,random,float32
1,862.658955,6221,52430573,54.390,random,float32
1,863.192488,9233,52430573,54.710,random,float32
1,863.726914,6688,52430573,52.824,random,float32
1,864.258188,228,52430573,54.302,random,float32
1,864.786038,3589,52430573,51.868,random,float32
1,865.312197,4894,52430573,51.504,random,float32
1,865.849540,888,52430573,54.584,random,float32
1,866.386069,9682,52430573,53.157,random,float32
1,866.922986,4655,52430573,54.388,random,float32
1,867.458610,4777,52430573,52.795,random,float32
1,867.990451,9904,52430573,54.148,random,float32
1,868.527676,1243,52430573,52.054,random,float32
1,869.065643,1506,52430573,53.213,random,float32
1,869.601096,5590,52430573,53.065,random,float32
1,870.136424,1052,52430573,53.030,random,float32
1,870.670975,1465,52430573,52.469,random,float32
1,871.202854,1369,52430573,53.237,random,float32
1,871.729480,9090,52430573,52.025,random,float32
1,872.262390,8186,52430573,53.935,random,float32
1,872.793398,4175,52430573,52.929,random,float32
1,873.324791,51,52430573,53.827,random,float32
1,873.856891,7040,52430573,53.825,random,float32
1,874.391728,411,52430573,52.037,random,float32
1,874.927549,1413,52430573,52.846,random,float32
1,875.455681,5370,52430573,55.829,random,float32
1,875.985806,9818,52430573,52.595,random,float32
1,876.525707,2339,52430573,54.273,random,float32
1,877.057012,3782,52430573,52.267,random,float32
1,877.586466,2285,52430573,53.712,random,float32
1,878.118837,8198,52430573,54.636,random,float32
1,878.656885,8944,52430573,53.637,random,float32
1,879.188380,7698,52430573,53.401,random,float32
1,879.716141,3136,52430573,54.245,random,float32
1,880.253454,4130,52430573,54.134,random,float32
1,880.788234,5711,52430573,53.600,random,float32
1,881.324670,8474,52430573,53.102,random,float32
1,881.858251,4494,52430573,53.987,random,float32
1,882.387277,3971,52430573,52.669,random,float32
1,882.924126,5107,52430573,53.370,random,float32
1,883.459034,9659,52430573,53.515,random,float32
1,883.995112,4299,52430573,50.861,random,float32
1,884.533563,6522,52430573,53.211,random,float32
1,885.081069,61,52430573,53.275,random,float32
1,885.619137,4815,52430573,51.507,random,float32
1,886.149092,272,52430573,52.395,random,float32
1,886.692413,1595,52430573,53.950,random,float32
1,887.230978,1356,52430573,54.731,random,float32
1,887.772160,1118,52430573,53.870,random,float32
1,888.310495,9369,52430573,55.154,random,float32
1,888.857113,5953,52430573,54.248,random,float32
1,889.399510,3051,52430573,55.626,random,float32
1,889.931864,7542,52430573,54.189,random,float32
1,890.468933,90,52430573,54.910,random,float32
1,891.002580,5577,52430573,53.018,random,float32
1,891.543389,7764,52430573,52.493,random,float32
1,892.078551,5331,52430573,53.422,random,float32
1,892.612841,5419,52430573,51.431,random,float32
1,893.153055,5933,52430573,53.777,random,float32
1,893.686459,2149,52430573,55.296,random,float32
1,894.222800,4931,52430573,53.004,random,float32
1,894.760966,2262,52430573,53.624,random,float32
1,895.301279,948,52430573,53.205,random,float32
1,895.832692,487,52430573,53.846,random,float32
1,896.363697,8002,52430573,53.856,random,float32
1,896.895698,4996,52430573,55.411,random,float32
1,897.426855,9148,52430573,51.995,random,float32
1,897.961586,5978,52430573,53.327,random,float32
1,898.501627,1042,52430573,53.814,random,float32
1,899.036087,423,52430573,53.243,random,float32
1,899.569619,2305,52430573,53.452,random,float32
2,300.511709,8792,52430573,55.513,random,float32
2,301.058630,5529,52430573,53.134,random,float32
2,301.597311,3874,52430573,55.707,random,float32
2,302.140896,809,52430573,53.957,random,float32
2,302.679124,3097,52430573,53.927,random,float32
2,303.220414,5107,52430573,53.744,random,float32
2,303.749603,4693,52430573,53.007,random,float32
2,304.285086,2412,52430573,52.568,random,float32
2,304.831530,7824,52430573,54.747,random,float32
2,305.378835,1039,52430573,54.683,random,float32
2,305.913728,7898,52430573,52.938,random,float32
2,306.454421,6261,52430573,55.874,random,float32
2,307.011222,3530,52430573,54.705,random,float32
2,307.562808,2540,52430573,54.091,random,float32
2,308.111582,4131,52430573,55.849,random,float32
2,308.668133,4021,52430573,53.225,random,float32
2,309.207440,1536,52430573,53.002,random,float32
2,309.745186,5772,52430573,52.778,random,float32
2,310.280831,8771,52430573,52.886,random,float32
2,310.814111,3290,52430573,52.629,random,float32
2,311.344251,1481,52430573,52.985,random,float32
2,311.877642,4776,52430573,53.137,random,float32
2,312.430894,305,52430573,53.742,random,float32
2,312.974899,6269,52430573,53.544,random,float32
2,313.512841,1281,52430573,53.753,random,float32
2,314.061597,2762,52430573,54.218,random,float32
2,314.598283,3528,52430573,52.741,random,float32
2,315.137309,8819,52430573,53.215,random,float32
2,315.674035,3704,52430573,54.050,random,float32
2,316.208628,5340,52430573,54.094,random,float32
2,316.738497,9437,52430573,53.127,random,float32
2,317.272336,6309,52430573,53.359,random,float32
2,317.809561,9693,52430573,54.397,random,float32
2,318.347619,4405,52430573,53.546,random,float32
2,318.881821,7863,52430573,54.181,random,float32
2,319.414727,4966,52430573,53.083,random,float32
2,319.942777,1574,52430573,53.320,random,float32
2,320.475648,3899,52430573,53.182,random,float32
2,320.999471,6598,52430573,52.173,random,float32
2,321.532090,5395,52430573,52.732,random,float32
2,322.070152,8923,52430573,54.660,random,float32
2,322.607052,1384,52430573,53.464,random,float32
2,323.137056,2601,52430573,52.154,random,float32
2,323.665171,8771,52430573,53.051,random,float32
2,324.201895,1105,52430573,54.034,random,float32
2,324.742522,448,52430573,54.975,random,float32
2,325.285300,6447,52430573,53.936,random,float32
2,325.830312,9565,52430573,55.922,random,float32
2,326.379335,2954,52430573,53.812,random,float32
2,326.914611,3803,52430573,52.157,random,float32
2,327.462489,5658,52430573,55.513,random,float32
2,328.001628,8694,52430573,54.178,random,float32
2,328.541343,3513,52430573,52.875,random,float32
2,329.073257,2049,52430573,53.526,random,float32
2,329.615063,8057,52430573,54.193,random,float32
2,330.145861,1616,52430573,51.499,random,float32
2,330.680886,911,52430573,55.198,random,float32
2,331.231835,7293,52430573,52.728,random,float32
2,331.758690,6903,52430573,53.075,random,float32
2,332.284835,4716,52430573,51.771,random,float32
2,332.825730,2078,52430573,55.709,random,float32
2,333.369694,6611,52430573,54.200,random,float32
2,333.905855,3048,52430573,53.588,random,float32
2,334.441303,2094,52430573,52.774,random,float32
2,334.971965,7856,52430573,55.818,random,float32
2,335.512921,9917,52430573,54.471,random,float32
2,336.048316,4990,52430573,54.618,random,float32
2,336.582642,4238,52430573,55.308,random,float32
2,337.122160,468,52430573,53.249,random,float32
2,337.651045,1900,52430573,52.216,random,float32
2,338.180099,3595,52430573,51.825,random,float32
2,338.717078,1574,52430573,53.327,random,float32
2,339.249100,6655,52430573,53.265,random,float32
2,339.789349,9325,52430573,53.791,random,float32
2,340.325974,6368,52430573,53.568,random,float32
2,340.856696,4710,52430573,53.469,random,float32
2,341.391035,4940,52430573,53.201,random,float32
2,341.928321,6957,52430573,53.691,random,float32
2,342.458517,6856,52430573,52.108,random,float32
2,342.995740,8997,52430573,53.279,random,float32
2,343.529601,586,52430573,54.445,random,float32
2,344.074609,2316,52430573,59.680,random,float32
2,344.632403,3359,52430573,56.061,random,float32
2,345.185082,2054,52430573,54.150,random,float32
2,345.728759,7275,52430573,54.178,random,float32
2,346.275205,6473,52430573,54.545,random,float32
2,346.807710,3194,52430573,54.338,random,float32
2,347.341795,3486,52430573,53.695,random,float32
2,347.874043,9056,52430573,52.083,random,float32
2,348.408378,7688,52430573,51.795,random,float32
2,348.943471,1712,52430573,55.445,random,float32
2,349.485381,8435,52430573,55.806,random,float32
2,350.015348,135,52430573,53.897,random,float32
2,350.551496,4172,52430573,54.100,random,float32
2,351.085002,4564,52430573,52.786,random,float32
2,351.622504,5793,52430573,53.614,random,float32
2,352.162862,8324,52430573,52.537,random,float32
2,352.699598,8013,52430573,54.529,random,float32
2,353.246170,5659,52430573,55.426,random,float32
2,353.781376,324,52430573,53.646,random,float32
2,354.314904,4330,52430573,53.511,random,float32
2,354.835224,2604,52430573,53.946,random,float32
2,355.367054,173,52430573,52.824,random,float32
2,355.907854,6774,52430573,54.111,random,float32
2,356.447730,6627,52430573,54.477,random,float32
2,356.981209,5977,52430573,52.383,random,float32
2,357.521537,1128,52430573,54.069,random,float32
2,358.040388,748,52430573,52.273,random,float32
2,358.571197,1408,52430573,53.987,random,float32
2,359.112264,8405,52430573,54.620,random,float32
2,359.652457,7746,52430573,55.008,random,float32
2,360.194470,1066,52430573,52.754,random,float32
2,360.733335,7887,52430573,56.266,random,float32
2,361.273482,3252,52430573,53.521,random,float32
2,361.807878,8197,52430573,53.337,random,float32
2,362.338844,5026,52430573,54.079,random,float32
2,362.875662,7951,52430573,53.183,random,float32
2,363.412692,7316,52430573,52.298,random,float32
2,363.943597,6874,52430573,57.438,random,float32
2,364.478255,3784,52430573,53.261,random,float32
2,364.998808,2935,52430573,53.317,random,float32
2,365.528236,7558,52430573,53.183,random,float32
2,366.061989,4869,52430573,53.062,random,float32
2,366.600156,2865,52430573,53.687,random,float32
2,367.130522,6799,52430573,52.956,random,float32
2,367.670490,9193,52430573,53.508,random,float32
2,368.207719,8570,52430573,53.427,random,float32
2,368.744857,5737,52430573,53.790,random,float32
2,369.283271,2720,52430573,53.898,random,float32
2,369.827225,8513,52430573,53.024,random,float32
2,370.361800,7387,52430573,53.044,random,float32
2,370.916259,2952,52430573,55.616,random,float32
2,371.462877,3741,52430573,55.945,random,float32
2,372.006988,2058,52430573,53.973,random,float32
2,372.545887,486,52430573,52.573,random,float32
2,373.074066,2800,52430573,52.749,random,float32
2,373.602181,6621,52430573,53.772,random,float32
2,374.138959,4361,52430573,53.577,random,float32
2,374.678046,6466,52430573,54.186,random,float32
2,375.215667,3877,52430573,53.732,random,float32
2,375.745893,7921,52430573,53.143,random,float32
2,376.279216,6530,52430573,53.475,random,float32
2,376.809542,2296,52430573,53.404,random,float32
2,377.337763,1612,52430573,52.830,random,float32
2,377.869805,4994,52430573,52.959,random,float32
2,378.404572,1000,52430573,54.033,random,float32
2,378.938555,5726,52430573,52.399,random,float32
2,379.470956,9011,52430573,53.512,random,float32
2,379.999985,9815,52430573,53.114,random,float32
2,380.538602,8181,52430573,56.125,random,float32
2,381.089446,6367,52430573,54.374,random,float32
2,381.632352,4771,52430573,54.552,random,float32
2,382.177923,2370,52430573,54.391,random,float32
2,382.713746,4489,52430573,52.809,random,float32
2,383.248206,8572,52430573,53.189,random,float32
2,383.788764,6926,52430573,55.108,random,float32
2,384.324293,8006,52430573,52.461,random,float32
2,384.866463,6763,52430573,54.881,random,float32
2,385.399532,6533,52430573,53.531,random,float32
2,385.938927,9298,52430573,53.906,random,float32
2,386.476833,8944,52430573,53.871,random,float32
2,387.008186,8006,52430573,51.739,random,float32
2,387.543732,7224,52430573,53.816,random,float32
2,388.075799,3114,52430573,51.997,random,float32
2,388.613437,3427,52430573,54.480,random,float32
2,389.144823,9830,52430573,53.942,random,float32
2,389.680822,2310,52430573,53.889,random,float32
2,390.213728,930,52430573,54.243,random,float32
2,390.747021,9993,52430573,55.274,random,float32
2,391.286049,8064,52430573,53.478,random,float32
2,391.833608,7679,52430573,55.086,random,float32
2,392.363122,6271,52430573,52.660,random,float32
2,392.902055,7032,52430573,55.255,random,float32
2,393.436253,8948,52430573,53.014,random,float32
2,393.970471,5208,52430573,52.352,random,float32
2,394.499796,4076,52430573,53.124,random,float32
2,395.040400,2450,52430573,56.950,random,float32
2,395.581877,9395,52430573,52.835,random,float32
2,396.111511,7,52430573,54.309,random,float32
2,396.650750,4318,52430573,51.893,random,float32
2,397.184566,284,52430573,55.328,random,float32
2,397.713815,1535,52430573,51.264,random,float32
2,398.246363,8212,52430573,53.832,random,float32
2,398.781268,4296,52430573,53.981,random,float32
2,399.304146,2982,52430573,54.195,random,float32
2,399.841176,37,52430573,52.804,random,float32
2,400.375282,8415,52430573,55.137,random,float32
2,400.931927,1481,52430573,56.082,random,float32
2,401.471189,605,52430573,53.635,random,float32
2,402.003789,843,52430573,53.691,random,float32
2,402.544422,1054,52430573,53.525,random,float32
2,403.079535,5114,52430573,54.646,random,float32
2,403.616397,9675,52430573,54.303,random,float32
2,404.150153,8626,52430573,51.062,random,float32
2,404.687388,7795,52430573,51.004,random,float32
2,405.222316,7132,52430573,54.321,random,float32
2,405.765117,2578,52430573,53.772,random,float32
2,406.301017,6279,52430573,53.962,random,float32
2,406.827963,9803,52430573,53.429,random,float32
2,407.357304,1024,52430573,48.940,random,float32
2,407.890963,3473,52430573,51.561,random,float32
2,408.428744,2564,52430573,54.244,random,float32
2,408.962309,6486,52430573,51.571,random,float32
2,409.495558,3775,52430573,55.130,random,float32
2,410.025978,4928,52430573,54.190,random,float32
2,410.557938,4390,52430573,52.308,random,float32
2,411.096995,9300,52430573,52.939,random,float32
2,411.624912,7798,52430573,53.312,random,float32
2,412.152153,7972,52430573,53.344,random,float32
2,412.678552,2322,52430573,51.926,random,float32
2,413.207898,2711,52430573,54.665,random,float32
2,413.739710,7765,52430573,52.497,random,float32
2,414.274031,9567,52430573,53.873,random,float32
2,414.815566,5680,52430573,55.245,random,float32
2,415.363493,9953,52430573,53.024,random,float32
2,415.903470,223,52430573,55.221,random,float32
2,416.446735,3470,52430573,53.158,random,float32
2,416.982258,8949,52430573,53.057,random,float32
2,417.507173,3047,52430573,50.941,random,float32
2,418.042712,9415,52430573,54.822,random,float32
2,418.576432,2355,52430573,52.076,random,float32
2,419.106176,8160,52430573,53.284,random,float32
2,419.643061,7857,52430573,52.966,random,float32
2,420.169415,350,52430573,54.825,random,float32
2,420.717029,1743,52430573,56.212,random,float32
2,421.252015,1211,52430573,53.921,random,float32
2,421.785677,1066,52430573,54.407,random,float32
2,422.315414,5100,52430573,51.103,random,float32
2,422.850663,8081,52430573,53.050,random,float32
2,423.383972,3490,52430573,53.753,random,float32
2,423.920997,8431,52430573,53.356,random,float32
2,424.461468,4361,52430573,55.256,random,float32
2,424.999627,790,52430573,55.154,random,float32
2,425.547980,5567,52430573,55.140,random,float32
2,426.092281,2066,52430573,55.730,random,float32
2,426.635256,296,52430573,54.822,random,float32
2,427.172899,8085,52430573,53.653,random,float32
2,427.716691,111,52430573,54.062,random,float32
2,428.256945,3045,52430573,53.417,random,float32
2,428.794630,7590,52430573,53.755,random,float32
2,429.329052,2402,52430573,53.492,random,float32
2,429.868689,1887,52430573,54.991,random,float32
2,430.403451,7401,52430573,51.951,random,float32
2,430.932190,874,52430573,52.592,random,float32
2,431.457365,1954,52430573,51.177,random,float32
2,431.988071,5106,52430573,52.805,random,float32
2,432.526131,5727,52430573,52.918,random,float32
2,433.057946,1557,52430573,52.999,random,float32
2,433.585236,5303,52430573,53.887,random,float32
2,434.120260,2032,52430573,51.835,random,float32
2,434.654709,4740,52430573,53.589,random,float32
2,435.197401,5582,52430573,53.793,random,float32
2,435.731076,7409,52430573,54.399,random,float32
2,436.266372,3144,52430573,52.847,random,float32
2,436.800588,2416,52430573,54.445,random,float32
2,437.335803,9420,52430573,54.032,random,float32
2,437.872853,7288,52430573,53.502,random,float32
2,438.406420,674,52430573,54.488,random,float32
2,438.946996,3982,52430573,53.130,random,float32
2,439.487519,8001,52430573,52.139,random,float32
2,440.018184,5101,52430573,53.134,random,float32
2,440.564281,4943,52430573,54.441,random,float32
2,441.098647,3550,52430573,53.993,random,float32
2,441.626084,8001,52430573,52.149,random,float32
2,442.163413,5345,52430573,52.318,random,float32
2,442.696030,6565,52430573,53.158,random,float32
2,443.227040,604,52430573,53.631,random,float32
2,443.757349,7129,52430573,51.221,random,float32
2,444.287564,1172,52430573,52.826,random,float32
2,444.818264,4497,52430573,53.162,random,float32
2,445.357122,2455,52430573,53.832,random,float32
2,445.895234,8068,52430573,53.588,random,float32
2,446.434119,3283,52430573,53.008,random,float32
2,446.970863,8419,52430573,54.341,random,float32
2,447.505643,1512,52430573,54.034,random,float32
2,448.036768,4026,52430573,54.957,random,float32
2,448.573637,5658,52430573,52.565,random,float32
2,449.111892,153,52430573,54.083,random,float32
2,449.647203,733,52430573,54.272,random,float32
2,450.187149,5646,52430573,55.069,random,float32
2,450.713547,2055,52430573,50.589,random,float32
2,451.252413,9687,52430573,54.022,random,float32
2,451.791945,3690,52430573,54.201,random,float32
2,452.329216,617,52430573,54.432,random,float32
2,452.870920,5792,52430573,54.941,random,float32
2,453.410384,8226,52430573,54.410,random,float32
2,453.948721,6992,52430573,54.865,random,float32
2,454.492098,8465,52430573,54.371,random,float32
2,455.030604,5042,52430573,54.272,random,float32
2,455.563938,4687,52430573,53.363,random,float32
2,456.093408,2619,52430573,55.390,random,float32
2,456.625721,1403,52430573,54.205,random,float32
2,457.161009,326,52430573,54.180,random,float32
2,457.699424,7240,52430573,52.518,random,float32
2,458.250715,1361,52430573,52.430,random,float32
2,458.785428,9903,52430573,52.269,random,float32
2,459.312425,1733,52430573,52.555,random,float32
2,459.841431,7586,52430573,53.812,random,float32
2,460.373906,9365,52430573,54.355,random,float32
2,460.907312,7521,52430573,54.130,random,float32
2,461.431956,4401,52430573,53.913,random,float32
2,461.974180,2370,52430573,54.680,random,float32
2,462.503654,511,52430573,51.189,random,float32
2,463.033760,6803,52430573,52.267,random,float32
2,463.569055,8653,52430573,53.097,random,float32
2,464.101934,7540,52430573,53.109,random,float32
2,464.647246,8679,52430573,54.258,random,float32
2,465.190015,2565,52430573,53.342,random,float32
2,465.735448,2827,52430573,54.548,random,float32
2,466.292736,4859,52430573,54.881,random,float32
2,466.847519,3140,52430573,55.642,random,float32
2,467.395179,2116,52430573,54.232,random,float32
2,467.947730,927,52430573,52.536,random,float32
2,468.486799,4342,52430573,53.280,random,float32
2,469.046025,406,52430573,56.745,random,float32
2,469.592770,6933,52430573,54.392,random,float32
2,470.130336,9309,52430573,52.229,random,float32
2,470.669645,7430,52430573,52.418,random,float32
2,471.199643,244,52430573,54.752,random,float32
2,471.739145,1046,52430573,56.075,random,float32
2,472.272475,6386,52430573,52.802,random,float32
2,472.808035,6383,52430573,52.497,random,float32
2,473.346726,9931,52430573,53.117,random,float32
2,473.888470,9519,52430573,55.665,random,float32
2,474.439314,9025,52430573,54.750,random,float32
2,474.991396,7196,52430573,56.511,random,float32
2,475.539197,7648,52430573,54.423,random,float32
2,476.096582,6461,52430573,55.467,random,float32
2,476.642155,9965,52430573,53.653,random,float32
2,477.173358,4575,52430573,52.633,random,float32
2,477.722063,9178,52430573,54.639,random,float32
2,478.256869,2120,52430573,52.812,random,float32
2,478.786605,5168,52430573,50.278,random,float32
2,479.318124,2823,52430573,53.168,random,float32
2,479.851193,6568,52430573,53.318,random,float32
2,480.389129,7422,52430573,54.715,random,float32
2,480.922979,2756,52430573,51.508,random,float32
2,481.454813,1738,52430573,54.103,random,float32
2,481.988229,5080,52430573,52.546,random,float32
2,482.515698,2643,52430573,52.796,random,float32
2,483.053308,8029,52430573,53.724,random,float32
2,483.578208,6900,52430573,53.072,random,float32
2,484.113559,9452,52430573,54.955,random,float32
2,484.661333,6412,52430573,55.661,random,float32
2,485.214644,2023,52430573,54.990,random,float32
2,485.759607,918,52430573,53.364,random,float32
2,486.305504,1002,52430573,53.684,random,float32
2,486.822547,8778,52430573,52.664,random,float32
2,487.357467,948,52430573,54.029,random,float32
2,487.894588,9035,52430573,53.691,random,float32
2,488.435429,3619,52430573,53.958,random,float32
2,488.965816,8992,52430573,53.822,random,float32
2,489.487621,9665,52430573,54.221,random,float32
2,490.021947,4419,52430573,55.130,random,float32
2,490.573383,8440,52430573,58.009,random,float32
2,491.126741,4568,52430573,54.223,random,float32
2,491.669705,6566,52430573,54.809,random,float32
2,492.214441,1972,52430573,55.075,random,float32
2,492.774108,433,52430573,56.929,random,float32
2,493.322549,3524,52430573,53.256,random,float32
2,493.861537,5071,52430573,54.538,random,float32
2,494.402927,148,52430573,53.606,random,float32
2,494.942067,5912,52430573,53.416,random,float32
2,495.480952,1738,52430573,53.969,random,float32
2,496.017084,7680,52430573,54.092,random,float32
2,496.556167,3225,52430573,53.341,random,float32
2,497.091651,6027,52430573,54.934,random,float32
2,497.627575,5061,52430573,53.916,random,float32
2,498.166663,8733,52430573,52.886,random,float32
2,498.701747,475,52430573,54.204,random,float32
2,499.233776,1144,52430573,53.881,random,float32
2,499.768937,7805,52430573,52.801,random,float32
2,500.299458,8679,52430573,53.844,random,float32
2,500.838476,9183,52430573,53.950,random,float32
2,501.359201,5664,52430573,51.427,random,float32
2,501.892274,9492,52430573,52.580,random,float32
2,502.434314,3387,52430573,54.406,random,float32
2,502.969388,6001,52430573,53.963,random,float32
2,503.501218,6520,52430573,52.699,random,float32
2,504.034846,6232,52430573,52.993,random,float32
2,504.564314,4686,52430573,52.808,random,float32
2,505.104074,6952,52430573,52.622,random,float32
2,505.636916,3386,52430573,53.319,random,float32
2,506.175038,8023,52430573,55.013,random,float32
2,506.705610,1813,52430573,53.465,random,float32
2,507.245728,8357,52430573,54.949,random,float32
2,507.783755,7314,52430573,52.826,random,float32
2,508.317731,6337,52430573,53.562,random,float32
2,508.850664,1898,52430573,54.016,random,float32
2,509.381622,2783,52430573,52.765,random,float32
2,509.922812,5380,52430573,53.602,random,float32
2,510.459570,2926,52430573,54.303,random,float32
2,510.989712,7032,52430573,52.120,random,float32
2,511.520451,5941,52430573,53.930,random,float32
2,512.068120,7248,52430573,53.685,random,float32
2,512.585086,638,52430573,52.242,random,float32
2,513.121469,4511,52430573,52.624,random,float32
2,513.653374,6265,52430573,53.913,random,float32
2,514.188470,3490,52430573,53.503,random,float32
2,514.730158,6941,52430573,54.185,random,float32
2,515.276826,5282,52430573,55.848,random,float32
2,515.820724,7952,52430573,53.343,random,float32
2,516.366357,8661,52430573,53.884,random,float32
2,516.906171,4353,52430573,54.651,random,float32
2,517.446688,2098,52430573,53.413,random,float32
2,517.973224,283,52430573,53.001,random,float32
2,518.507804,9129,52430573,53.906,random,float32
2,519.044317,569,52430573,53.422,random,float32
2,519.584734,3826,52430573,54.177,random,float32
2,520.119218,2888,52430573,53.072,random,float32
2,520.644561,30,52430573,52.523,random,float32
2,521.165852,6819,52430573,52.993,random,float32
2,521.704947,175,52430573,55.129,random,float32
2,522.236355,5068,52430573,52.800,random,float32
2,522.775734,9898,52430573,54.566,random,float32
2,523.331407,7204,52430573,61.679,random,float32
2,523.866032,2621,52430573,53.507,random,float32
2,524.395775,104,52430573,53.138,random,float32
2,524.926461,9805,52430573,53.558,random,float32
2,525.465744,9223,52430573,55.094,random,float32
2,526.000061,2694,52430573,53.223,random,float32
2,526.528490,1320,52430573,51.758,random,float32
2,527.059731,3140,52430573,52.944,random,float32
2,527.590877,5622,52430573,52.424,random,float32
2,528.121644,9598,52430573,52.436,random,float32
2,528.655467,8791,52430573,53.015,random,float32
2,529.191040,270,52430573,53.390,random,float32
2,529.723707,3345,52430573,51.930,random,float32
2,530.256170,3968,52430573,53.243,random,float32
2,530.787125,4428,52430573,51.623,random,float32
2,531.311975,6077,52430573,53.672,random,float32
2,531.845338,225,52430573,52.808,random,float32
2,532.374364,7925,52430573,52.494,random,float32
2,532.907723,260,52430573,54.415,random,float32
2,533.447124,2455,52430573,56.115,random,float32
2,533.986796,4296,52430573,53.070,random,float32
2,534.524084,9208,52430573,54.717,random,float32
2,535.062172,7150,52430573,52.729,random,float32
2,535.592390,2626,52430573,53.103,random,float32
2,536.118436,4301,52430573,54.080,random,float32
2,536.652916,7362,52430573,53.837,random,float32
2,537.191384,7420,52430573,55.095,random,float32
2,537.729435,3569,52430573,53.051,random,float32
2,538.267943,3152,52430573,54.453,random,float32
2,538.804186,4715,52430573,54.451,random,float32
2,539.330815,7312,52430573,51.970,random,float32
2,539.857696,8968,52430573,52.944,random,float32
2,540.393699,1389,52430573,53.195,random,float32
2,540.932463,2305,52430573,53.742,random,float32
2,541.470615,3118,52430573,53.237,random,float32
2,542.004464,9169,52430573,53.944,random,float32
2,542.535324,1289,52430573,52.667,random,float32
2,543.070752,2657,52430573,54.684,random,float32
2,543.608559,9503,52430573,53.745,random,float32
2,544.145766,7234,52430573,54.371,random,float32
2,544.682542,2107,52430573,53.042,random,float32
2,545.219619,8032,52430573,55.966,random,float32
2,545.758730,2771,52430573,53.393,random,float32
2,546.297663,5436,52430573,53.406,random,float32
2,546.830965,1564,52430573,52.894,random,float32
2,547.356734,9076,52430573,52.124,random,float32
2,547.887556,4347,52430573,52.618,random,float32
2,548.423230,7335,52430573,52.471,random,float32
2,548.952004,3071,52430573,53.282,random,float32
2,549.486443,2338,52430573,52.579,random,float32
2,550.011666,6404,52430573,52.682,random,float32
2,550.550425,5803,52430573,54.463,random,float32
2,551.083491,4429,52430573,53.348,random,float32
2,551.620676,140,52430573,55.931,random,float32
2,552.154239,6678,52430573,53.952,random,float32
2,552.691362,9640,52430573,53.847,random,float32
2,553.223011,3146,52430573,53.416,random,float32
2,553.761180,2220,52430573,55.097,random,float32
2,554.305401,2599,52430573,53.665,random,float32
2,554.839772,6713,52430573,54.103,random,float32
2,555.375985,345,52430573,53.016,random,float32
2,555.912474,493,52430573,54.056,random,float32
2,556.445268,6434,52430573,54.098,random,float32
2,556.981184,8730,52430573,54.413,random,float32
2,557.515373,4758,52430573,52.261,random,float32
2,558.051491,522,52430573,53.370,random,float32
2,558.588741,4545,52430573,55.649,random,float32
2,559.125305,5464,52430573,53.695,random,float32
2,559.662098,9886,52430573,52.919,random,float32
2,560.195424,4139,52430573,53.217,random,float32
2,560.733521,9997,52430573,53.822,random,float32
2,561.275164,4888,52430573,53.941,random,float32
2,561.801653,8278,52430573,51.562,random,float32
2,562.331478,9750,52430573,53.512,random,float32
2,562.870687,8285,52430573,54.880,random,float32
2,563.418048,4211,52430573,53.220,random,float32
2,563.956390,871,52430573,53.818,random,float32
2,564.493681,5706,52430573,53.941,random,float32
2,565.030893,8819,52430573,52.747,random,float32
2,565.561253,4173,52430573,54.278,random,float32
2,566.099858,3503,52430573,54.303,random,float32
2,566.623422,7124,52430573,50.575,random,float32
2,567.161057,3064,52430573,54.549,random,float32
2,567.695332,2185,52430573,53.360,random,float32
2,568.226861,1974,52430573,53.871,random,float32
2,568.762518,7526,52430573,53.477,random,float32
2,569.296525,791,52430573,55.463,random,float32
2,569.835872,5848,52430573,53.292,random,float32
2,570.368157,6688,52430573,53.468,random,float32
2,570.917085,1746,52430573,53.852,random,float32
2,571.451050,8226,52430573,54.582,random,float32
2,571.994425,7848,52430573,54.677,random,float32
2,572.530788,273,52430573,53.737,random,float32
2,573.069483,9118,52430573,52.973,random,float32
2,573.605068,5686,52430573,53.523,random,float32
2,574.140488,5155,52430573,52.455,random,float32
2,574.673252,4192,52430573,52.291,random,float32
2,575.206315,2671,52430573,51.495,random,float32
2,575.742226,3993,52430573,51.208,random,float32
2,576.276326,6470,52430573,53.255,random,float32
2,576.815312,5655,52430573,54.690,random,float32
2,577.354713,3392,52430573,54.327,random,float32
2,577.894104,278,52430573,53.905,random,float32
2,578.409255,2559,52430573,51.370,random,float32
2,578.934178,4339,52430573,53.121,random,float32
2,579.471487,6358,52430573,54.121,random,float32
2,580.003446,9613,52430573,53.820,random,float32
2,580.541272,9859,52430573,54.341,random,float32
2,581.069370,6604,52430573,51.057,random,float32
2,581.594766,2986,52430573,54.788,random,float32
2,582.124268,5517,52430573,52.699,random,float32
2,582.662745,6367,52430573,54.822,random,float32
2,583.194487,9628,52430573,53.212,random,float32
2,583.732560,2687,52430573,54.027,random,float32
2,584.262275,3445,52430573,51.784,random,float32
2,584.790177,5538,52430573,54.694,random,float32
2,585.321931,538,52430573,52.721,random,float32
2,585.856114,1709,52430573,52.826,random,float32
2,586.392739,3543,52430573,53.231,random,float32
2,586.923889,1067,52430573,53.821,random,float32
2,587.461759,889,52430573,53.595,random,float32
2,587.996813,9463,52430573,53.456,random,float32
2,588.543513,8390,52430573,55.482,random,float32
2,589.084504,4348,52430573,54.353,random,float32
2,589.628194,4917,52430573,55.249,random,float32
2,590.186945,5029,52430573,56.123,random,float32
2,590.733020,4183,52430573,54.025,random,float32
2,591.273362,1203,52430573,54.039,random,float32
2,591.819257,662,52430573,53.949,random,float32
2,592.363047,8185,52430573,54.552,random,float32
2,592.898236,3649,52430573,52.425,random,float32
2,593.436867,5347,52430573,55.390,random,float32
2,593.979762,470,52430573,53.174,random,float32
2,594.514806,1872,52430573,52.745,random,float32
2,595.054238,7758,52430573,55.425,random,float32
2,595.595581,7430,52430573,54.217,random,float32
2,596.137084,1048,52430573,53.683,random,float32
2,596.677105,4948,52430573,54.429,random,float32
2,597.217516,4942,52430573,54.063,random,float32
2,597.749557,2038,52430573,55.027,random,float32
2,598.290977,9456,52430573,57.225,random,float32
2,598.826106,805,52430573,54.128,random,float32
2,599.367112,8162,52430573,53.914,random,float32
2,599.903963,2633,52430573,52.546,random,float32
2,600.438456,3880,52430573,53.578,random,float32
2,600.971119,8857,52430573,53.104,random,float32
2,601.506240,6991,52430573,52.731,random,float32
2,602.047945,8530,52430573,53.877,random,float32
2,602.587506,9812,52430573,54.056,random,float32
2,603.127472,9779,52430573,54.539,random,float32
2,603.655185,6973,52430573,53.521,random,float32
2,604.188165,4994,52430573,54.355,random,float32
2,604.717263,1729,52430573,53.577,random,float32
2,605.249853,2759,52430573,51.755,random,float32
2,605.784134,9061,52430573,54.247,random,float32
2,606.315108,2558,52430573,53.581,random,float32
2,606.837562,4413,52430573,51.007,random,float32
2,607.368079,1574,52430573,52.513,random,float32
2,607.908082,450,52430573,53.498,random,float32
2,608.438210,2919,52430573,55.047,random,float32
2,608.979954,2527,52430573,53.757,random,float32
2,609.511837,5374,52430573,54.483,random,float32
2,610.041908,699,52430573,53.618,random,float32
2,610.573776,8098,52430573,53.389,random,float32
2,611.103799,5209,52430573,50.912,random,float32
2,611.637034,8604,52430573,54.087,random,float32
2,612.167233,8946,52430573,52.959,random,float32
2,612.691893,3009,52430573,53.152,random,float32
2,613.225842,1077,52430573,52.148,random,float32
2,613.763241,1897,52430573,54.461,random,float32
2,614.282876,2052,52430573,53.571,random,float32
2,614.824312,2257,52430573,54.927,random,float32
2,615.357164,3475,52430573,52.696,random,float32
2,615.875327,2987,52430573,51.961,random,float32
2,616.405562,5502,52430573,52.752,random,float32
2,616.937223,6189,52430573,52.853,random,float32
2,617.473056,7842,52430573,52.646,random,float32
2,617.995666,8818,52430573,51.401,random,float32
2,618.524883,5715,52430573,52.909,random,float32
2,619.055240,1253,52430573,53.145,random,float32
2,619.584898,2928,52430573,52.466,random,float32
2,620.112715,3264,52430573,52.416,random,float32
2,620.637825,8293,52430573,51.867,random,float32
2,621.191160,1337,52430573,54.624,random,float32
2,621.730524,2908,52430573,52.607,random,float32
2,622.258962,5458,52430573,53.062,random,float32
2,622.786860,6701,52430573,52.071,random,float32
2,623.306452,5837,52430573,53.165,random,float32
2,623.844893,7603,52430573,54.470,random,float32
2,624.380509,2898,52430573,52.625,random,float32
2,624.911142,5880,52430573,54.171,random,float32
2,625.442541,8209,52430573,53.289,random,float32
2,625.978517,3325,52430573,54.591,random,float32
2,626.511826,5594,52430573,53.552,random,float32
2,627.048680,7534,52430573,53.679,random,float32
2,627.579011,7783,52430573,54.167,random,float32
2,628.124998,8904,52430573,56.383,random,float32
2,628.674195,3990,52430573,54.458,random,float32
2,629.217421,9891,52430573,56.105,random,float32
2,629.757792,9580,52430573,53.963,random,float32
2,630.290461,4077,52430573,52.941,random,float32
2,630.831538,4401,52430573,54.685,random,float32
2,631.373338,366,52430573,54.030,random,float32
2,631.909611,4853,52430573,52.125,random,float32
2,632.445564,9634,52430573,53.989,random,float32
2,632.979656,8191,52430573,54.175,random,float32
2,633.520722,3094,52430573,54.068,random,float32
2,634.060775,114,52430573,54.128,random,float32
2,634.594712,9561,52430573,53.496,random,float32
2,635.127990,192,52430573,52.855,random,float32
2,635.657722,5731,52430573,52.500,random,float32
2,636.197324,7444,52430573,53.900,random,float32
2,636.725192,7431,52430573,52.855,random,float32
2,637.263399,4812,52430573,54.354,random,float32
2,637.807284,1361,52430573,52.633,random,float32
2,638.348836,9849,52430573,53.294,random,float32
2,638.881933,7882,52430573,53.556,random,float32
2,639.430334,4963,52430573,57.036,random,float32
2,639.975023,8064,52430573,54.040,random,float32
2,640.519111,5488,52430573,54.905,random,float32
2,641.069475,9822,52430573,54.707,random,float32
2,641.607964,7396,52430573,54.407,random,float32
2,642.146322,3055,52430573,54.404,random,float32
2,642.676456,505,52430573,53.638,random,float32
2,643.213961,7978,52430573,54.321,random,float32
2,643.753322,1373,52430573,53.599,random,float32
2,644.290642,2924,52430573,54.675,random,float32
2,644.834121,1303,52430573,52.892,random,float32
2,645.366559,4092,52430573,53.820,random,float32
2,645.900065,4733,52430573,53.553,random,float32
2,646.423655,8336,52430573,53.205,random,float32
2,646.950664,317,52430573,52.427,random,float32
2,647.485357,2726,52430573,52.351,random,float32
2,648.026640,7425,52430573,53.300,random,float32
2,648.562236,330,52430573,52.806,random,float32
2,649.085803,7376,52430573,54.304,random,float32
2,649.608150,8004,52430573,49.531,random,float32
2,650.139819,5032,52430573,52.133,random,float32
2,650.667086,9006,52430573,51.548,random,float32
2,651.196820,4089,52430573,52.662,random,float32
2,651.734620,8462,52430573,54.020,random,float32
2,652.272023,6654,52430573,53.926,random,float32
2,652.803333,4958,52430573,52.300,random,float32
2,653.339171,2359,52430573,52.686,random,float32
2,653.881534,4612,52430573,56.396,random,float32
2,654.409235,6504,52430573,54.776,random,float32
2,654.937841,9746,52430573,52.643,random,float32
2,655.468591,9440,52430573,53.951,random,float32
2,655.999097,9631,52430573,52.306,random,float32
2,656.533273,1060,52430573,54.102,random,float32
2,657.071394,5400,52430573,53.318,random,float32
2,657.611940,5491,52430573,54.957,random,float32
2,658.143703,1560,52430573,52.260,random,float32
2,658.676584,9392,52430573,53.859,random,float32
2,659.205869,9784,52430573,52.465,random,float32
2,659.737206,2797,52430573,52.970,random,float32
2,660.262442,5872,52430573,53.217,random,float32
2,660.796312,6345,52430573,53.163,random,float32
2,661.324751,7697,52430573,53.109,random,float32
2,661.846920,9522,52430573,51.594,random,float32
2,662.376913,4734,52430573,54.515,random,float32
2,662.915002,4135,52430573,53.642,random,float32
2,663.444469,682,52430573,51.770,random,float32
2,663.973302,3517,52430573,50.884,random,float32
2,664.505231,4756,52430573,52.900,random,float32
2,665.036928,6525,52430573,52.545,random,float32
2,665.565181,314,52430573,52.300,random,float32
2,666.100156,7146,52430573,55.533,random,float32
2,666.623946,12,52430573,52.561,random,float32
2,667.158621,3051,52430573,54.547,random,float32
2,667.695993,6103,52430573,54.777,random,float32
2,668.231658,3062,52430573,54.197,random,float32
2,668.765101,181,52430573,52.195,random,float32
2,669.290508,8812,52430573,51.867,random,float32
2,669.832271,5096,52430573,53.636,random,float32
2,670.370120,5755,52430573,53.791,random,float32
2,670.906538,3491,52430573,53.530,random,float32
2,671.439777,1917,52430573,53.448,random,float32
2,671.987727,8655,52430573,54.220,random,float32
2,672.521463,9162,52430573,53.628,random,float32
2,673.043182,7029,52430573,53.064,random,float32
2,673.569743,3899,52430573,52.562,random,float32
2,674.115663,1939,52430573,55.021,random,float32
2,674.655470,3570,52430573,53.792,random,float32
2,675.197184,7673,52430573,54.762,random,float32
2,675.743851,8927,52430573,55.202,random,float32
2,676.285331,2148,52430573,51.696,random,float32
2,676.812003,6866,52430573,55.082,random,float32
2,677.353607,5647,52430573,53.316,random,float32
2,677.899703,5687,52430573,55.731,random,float32
2,678.450049,5935,52430573,54.820,random,float32
2,679.002258,7088,52430573,54.197,random,float32
2,679.533285,7069,52430573,53.318,random,float32
2,680.066108,884,52430573,53.706,random,float32
2,680.600541,3842,52430573,52.225,random,float32
2,681.125798,9307,52430573,52.948,random,float32
2,681.665835,7601,52430573,54.700,random,float32
2,682.217227,9754,52430573,56.533,random,float32
2,682.767205,8440,52430573,54.818,random,float32
2,683.307372,9236,52430573,53.386,random,float32
2,683.843907,9674,52430573,52.165,random,float32
2,684.384748,5244,52430573,54.657,random,float32
2,684.926940,9063,52430573,55.209,random,float32
2,685.468319,246,52430573,52.318,random,float32
2,686.001944,7219,52430573,53.966,random,float32
2,686.553315,8154,52430573,54.393,random,float32
2,687.081314,3920,52430573,54.148,random,float32
2,687.607150,3165,52430573,52.211,random,float32
2,688.136382,2239,52430573,54.582,random,float32
2,688.672299,4577,52430573,52.627,random,float32
2,689.201699,5081,52430573,51.877,random,float32
2,689.720842,163,52430573,51.544,random,float32
2,690.240696,5891,52430573,52.622,random,float32
2,690.764794,879,52430573,52.922,random,float32
2,691.295793,2357,52430573,53.271,random,float32
2,691.828917,3302,52430573,52.685,random,float32
2,692.359357,8170,52430573,53.149,random,float32
2,692.895943,2639,52430573,53.569,random,float32
2,693.428096,3583,52430573,51.980,random,float32
2,693.955395,3219,52430573,52.946,random,float32
2,694.487943,9138,52430573,52.090,random,float32
2,695.022449,7214,52430573,55.466,random,float32
2,695.553078,2260,52430573,52.365,random,float32
2,696.085953,2148,52430573,53.660,random,float32
2,696.620774,3380,52430573,51.937,random,float32
2,697.160446,812,52430573,55.146,random,float32
2,697.704465,4911,52430573,54.163,random,float32
2,698.248221,9633,52430573,55.288,random,float32
2,698.797675,2387,52430573,55.159,random,float32
2,699.336636,1342,52430573,54.779,random,float32
2,699.881368,4843,52430573,54.759,random,float32
2,700.410688,6695,52430573,53.900,random,float32
2,700.948450,4483,52430573,52.775,random,float32
2,701.480684,2348,52430573,52.776,random,float32
2,702.020518,506,52430573,53.840,random,float32
2,702.548064,5035,52430573,52.600,random,float32
2,703.080156,6999,52430573,54.444,random,float32
2,703.615554,6403,52430573,54.457,random,float32
2,704.151467,1412,52430573,53.349,random,float32
2,704.686006,1513,52430573,54.604,random,float32
2,705.213274,3886,52430573,52.218,random,float32
2,705.745040,9559,52430573,52.968,random,float32
2,706.279833,3603,52430573,53.501,random,float32
2,706.808523,4104,52430573,53.152,random,float32
2,707.343858,5837,52430573,52.737,random,float32
2,707.875079,776,52430573,52.988,random,float32
2,708.404766,705,52430573,53.586,random,float32
2,708.933941,6633,52430573,54.391,random,float32
2,709.469886,8288,52430573,52.313,random,float32
2,710.005637,5465,52430573,53.272,random,float32
2,710.531832,7089,52430573,52.215,random,float32
2,711.059554,3575,52430573,51.770,random,float32
2,711.589690,6880,52430573,52.060,random,float32
2,712.127712,2088,52430573,54.030,random,float32
2,712.668469,6386,52430573,54.185,random,float32
2,713.200309,538,52430573,53.334,random,float32
2,713.728205,3165,52430573,51.354,random,float32
2,714.270499,1065,52430573,54.255,random,float32
2,714.807736,5058,52430573,54.160,random,float32
2,715.344419,7116,52430573,53.833,random,float32
2,715.877878,9641,52430573,53.473,random,float32
2,716.421292,605,52430573,54.573,random,float32
2,716.969028,6571,52430573,54.186,random,float32
2,717.520119,3737,52430573,55.085,random,float32
2,718.059561,5442,52430573,53.088,random,float32
2,718.588363,204,52430573,51.330,random,float32
2,719.134010,2151,52430573,54.977,random,float32
2,719.677872,1272,52430573,54.429,random,float32
2,720.216658,9468,52430573,53.285,random,float32
2,720.765644,7981,52430573,56.172,random,float32
2,721.308314,8935,52430573,54.349,random,float32
2,721.859458,5092,52430573,53.096,random,float32
2,722.393663,1891,52430573,53.265,random,float32
2,722.933993,3128,52430573,55.212,random,float32
2,723.472812,4682,52430573,52.994,random,float32
2,724.010904,848,52430573,54.120,random,float32
2,724.542361,6660,52430573,53.516,random,float32
2,725.085728,4738,52430573,56.072,random,float32
2,725.622824,6171,52430573,55.205,random,float32
2,726.165247,8062,52430573,53.624,random,float32
2,726.703688,6135,52430573,54.915,random,float32
2,727.245147,8876,52430573,54.927,random,float32
2,727.783451,3407,52430573,56.397,random,float32
2,728.325807,2705,52430573,53.742,random,float32
2,728.861583,6259,52430573,53.338,random,float32
2,729.397573,2581,52430573,53.181,random,float32
2,729.927895,2266,52430573,52.437,random,float32
2,730.452860,7788,52430573,53.137,random,float32
2,730.984345,5139,52430573,54.830,random,float32
2,731.517696,9020,52430573,54.012,random,float32
2,732.051635,3029,52430573,53.837,random,float32
2,732.585401,5491,52430573,52.771,random,float32
2,733.126264,4945,52430573,54.241,random,float32
2,733.676449,880,52430573,56.411,random,float32
2,734.218449,6171,52430573,54.583,random,float32
2,734.758524,1256,52430573,54.495,random,float32
2,735.301649,6998,52430573,53.014,random,float32
2,735.836698,9437,52430573,52.385,random,float32
2,736.374963,5314,52430573,54.370,random,float32
2,736.911761,6747,52430573,52.941,random,float32
2,737.453128,8498,52430573,54.205,random,float32
2,737.984587,2390,52430573,52.084,random,float32
2,738.531652,1093,52430573,54.148,random,float32
2,739.070054,1195,52430573,53.156,random,float32
2,739.606224,8674,52430573,53.159,random,float32
2,740.141451,4820,52430573,53.446,random,float32
2,740.677166,8675,52430573,52.700,random,float32
2,741.206307,1262,52430573,52.453,random,float32
2,741.739220,7510,52430573,53.120,random,float32
2,742.269675,6490,52430573,53.634,random,float32
2,742.802194,8560,52430573,53.784,random,float32
2,743.335859,6520,52430573,52.570,random,float32
2,743.878385,5099,52430573,52.535,random,float32
2,744.416489,9515,52430573,52.289,random,float32
2,744.948772,7573,52430573,54.395,random,float32
2,745.479067,275,52430573,52.157,random,float32
2,746.012964,8921,52430573,54.252,random,float32
2,746.549601,9180,52430573,53.530,random,float32
2,747.083786,5096,52430573,53.310,random,float32
2,747.614473,2164,52430573,50.408,random,float32
2,748.150900,1747,52430573,51.132,random,float32
2,748.693498,1975,52430573,54.475,random,float32
2,749.214843,6856,52430573,52.086,random,float32
2,749.745898,906,52430573,51.641,random,float32
2,750.280185,6828,52430573,53.160,random,float32
2,750.827227,6545,52430573,53.659,random,float32
2,751.361461,5858,52430573,54.103,random,float32
2,751.887699,8298,52430573,53.470,random,float32
2,752.419614,9831,52430573,51.548,random,float32
2,752.960701,6645,52430573,54.405,random,float32
2,753.493947,1676,52430573,53.528,random,float32
2,754.027060,8074,52430573,52.845,random,float32
2,754.565283,5845,52430573,53.279,random,float32
2,755.101926,6794,52430573,53.595,random,float32
2,755.645498,7606,52430573,54.358,random,float32
2,756.180360,6437,52430573,51.606,random,float32
2,756.709875,1172,52430573,53.108,random,float32
2,757.244818,7427,52430573,52.760,random,float32
2,757.780699,2183,52430573,51.929,random,float32
2,758.319740,9179,52430573,53.874,random,float32
2,758.844636,1735,52430573,52.106,random,float32
2,759.382494,5724,52430573,53.428,random,float32
2,759.915378,8424,52430573,53.151,random,float32
2,760.447407,9295,52430573,53.199,random,float32
2,760.984634,7872,52430573,50.877,random,float32
2,761.523546,1619,52430573,54.623,random,float32
2,762.051494,3549,52430573,53.701,random,float32
2,762.584477,2995,52430573,54.735,random,float32
2,763.128427,7766,52430573,55.043,random,float32
2,763.662596,7894,52430573,53.201,random,float32
2,764.203103,9378,52430573,53.321,random,float32
2,764.733567,3448,52430573,52.926,random,float32
2,765.268949,9059,52430573,53.282,random,float32
2,765.810603,2069,52430573,53.496,random,float32
2,766.347376,651,52430573,52.879,random,float32
2,766.877400,3205,52430573,52.884,random,float32
2,767.413072,7888,52430573,53.177,random,float32
2,767.951902,6040,52430573,54.969,random,float32
2,768.488999,6610,52430573,52.957,random,float32
2,769.014108,8310,52430573,52.385,random,float32
2,769.539412,6592,52430573,53.149,random,float32
2,770.066844,1177,52430573,53.670,random,float32
2,770.606056,2755,52430573,53.296,random,float32
2,771.120918,6904,52430573,51.192,random,float32
2,771.648795,8203,52430573,53.294,random,float32
2,772.172749,1552,52430573,52.959,random,float32
2,772.707032,8745,52430573,55.257,random,float32
2,773.239284,4197,52430573,54.968,random,float32
2,773.767224,2065,52430573,55.088,random,float32
2,774.306466,5031,52430573,54.184,random,float32
2,774.840432,8732,52430573,55.420,random,float32
2,775.382312,7924,52430573,52.320,random,float32
2,775.918021,1891,52430573,53.715,random,float32
2,776.465985,4322,52430573,54.877,random,float32
2,777.003099,7300,52430573,52.959,random,float32
2,777.550820,5904,52430573,53.741,random,float32
2,778.088755,7715,52430573,55.054,random,float32
2,778.630024,292,52430573,56.034,random,float32
2,779.164118,8467,52430573,54.314,random,float32
2,779.702558,2025,52430573,53.706,random,float32
2,780.231133,1589,52430573,53.726,random,float32
2,780.761486,3847,52430573,51.737,random,float32
2,781.301766,648,52430573,55.129,random,float32
2,781.828847,5622,52430573,52.156,random,float32
2,782.363155,8143,52430573,52.709,random,float32
2,782.887631,9276,52430573,52.962,random,float32
2,783.416340,5560,52430573,54.206,random,float32
2,783.951107,4424,52430573,53.514,random,float32
2,784.484017,8778,52430573,53.648,random,float32
2,785.022469,8288,52430573,53.381,random,float32
2,785.560623,6927,52430573,53.950,random,float32
2,786.098239,4361,52430573,52.586,random,float32
2,786.643452,2094,52430573,56.232,random,float32
2,787.191856,3777,52430573,52.524,random,float32
2,787.723414,9736,52430573,53.574,random,float32
2,788.264909,4711,52430573,55.057,random,float32
2,788.800401,8083,52430573,53.152,random,float32
2,789.329315,1573,52430573,52.870,random,float32
2,789.868073,4985,52430573,54.051,random,float32
2,790.403668,675,52430573,53.720,random,float32
2,790.943249,1274,52430573,52.983,random,float32
2,791.475665,3941,52430573,53.175,random,float32
2,792.011656,3076,52430573,54.107,random,float32
2,792.547405,9387,52430573,55.093,random,float32
2,793.089155,3419,52430573,53.155,random,float32
2,793.623308,7279,52430573,53.419,random,float32
2,794.156882,2560,52430573,52.741,random,float32
2,794.690560,5945,52430573,53.565,random,float32
2,795.221971,9236,52430573,52.677,random,float32
2,795.755332,2396,52430573,52.336,random,float32
2,796.292820,8120,52430573,54.747,random,float32
2,796.829350,4007,52430573,52.253,random,float32
2,797.361696,5434,52430573,52.576,random,float32
2,797.890242,5551,52430573,52.681,random,float32
2,798.428044,8257,52430573,52.920,random,float32
2,798.969874,1745,52430573,55.605,random,float32
2,799.506643,1377,52430573,54.804,random,float32
2,800.043328,2128,52430573,53.775,random,float32
2,800.580056,5697,52430573,53.737,random,float32
2,801.113707,6601,52430573,52.234,random,float32
2,801.657680,2364,52430573,54.730,random,float32
2,802.198620,1800,52430573,54.267,random,float32
2,802.750067,479,52430573,56.467,random,float32
2,803.300366,1667,52430573,53.920,random,float32
2,803.845978,7597,52430573,56.751,random,float32
2,804.404436,317,52430573,53.681,random,float32
2,804.936985,9982,52430573,51.316,random,float32
2,805.472669,4698,52430573,55.034,random,float32
2,806.030816,281,52430573,57.839,random,float32
2,806.576933,525,52430573,54.676,random,float32
2,807.112422,7740,52430573,53.713,random,float32
2,807.652916,1348,52430573,54.768,random,float32
2,808.192310,4672,52430573,54.523,random,float32
2,808.734561,7098,52430573,53.534,random,float32
2,809.275995,6622,52430573,53.653,random,float32
2,809.815162,8959,52430573,53.920,random,float32
2,810.343749,8040,52430573,53.826,random,float32
2,810.881122,1361,52430573,50.501,random,float32
2,811.411784,6001,52430573,54.495,random,float32
2,811.962191,9739,52430573,53.467,random,float32
2,812.494755,1321,52430573,54.346,random,float32
2,813.028814,8939,52430573,53.744,random,float32
2,813.553772,3843,52430573,51.778,random,float32
2,814.085455,9303,52430573,52.409,random,float32
2,814.619530,3325,52430573,54.392,random,float32
2,815.150774,299,52430573,52.244,random,float32
2,815.680853,7065,52430573,51.356,random,float32
2,816.224971,1495,52430573,52.877,random,float32
2,816.755493,7821,52430573,53.378,random,float32
2,817.292918,7866,52430573,51.852,random,float32
2,817.830556,7752,52430573,53.872,random,float32
2,818.372876,5836,52430573,54.009,random,float32
2,818.907315,6887,52430573,52.735,random,float32
2,819.448804,810,52430573,54.711,random,float32
2,819.986271,8570,52430573,53.129,random,float32
2,820.522595,270,52430573,55.261,random,float32
2,821.055180,9975,52430573,53.048,random,float32
2,821.582337,1494,52430573,52.914,random,float32
2,822.110278,7477,52430573,52.540,random,float32
2,822.642706,7415,52430573,53.097,random,float32
2,823.162596,1610,52430573,53.613,random,float32
2,823.694545,3959,52430573,53.569,random,float32
2,824.231854,3228,52430573,53.634,random,float32
2,824.771512,3235,52430573,52.193,random,float32
2,825.311490,8420,52430573,53.900,random,float32
2,825.836537,2354,52430573,54.756,random,float32
2,826.377020,8693,52430573,51.599,random,float32
2,826.913952,1604,52430573,55.454,random,float32
2,827.448629,6556,52430573,51.094,random,float32
2,827.978930,1915,52430573,52.614,random,float32
2,828.509854,2445,52430573,51.716,random,float32
2,829.041924,2503,52430573,53.111,random,float32
2,829.570284,5496,52430573,52.162,random,float32
2,830.102805,2956,52430573,53.424,random,float32
2,830.634271,6027,52430573,52.960,random,float32
2,831.172522,1320,52430573,54.009,random,float32
2,831.706867,8649,52430573,54.651,random,float32
2,832.241994,1580,52430573,53.994,random,float32
2,832.786415,8332,52430573,54.248,random,float32
2,833.318177,5391,52430573,53.847,random,float32
2,833.854568,1705,52430573,53.620,random,float32
2,834.390978,748,52430573,53.986,random,float32
2,834.931130,578,52430573,55.177,random,float32
2,835.462470,2272,52430573,52.132,random,float32
2,835.998086,756,52430573,52.881,random,float32
2,836.537539,570,52430573,53.427,random,float32
2,837.066653,2133,52430573,53.893,random,float32
2,837.608285,8474,52430573,53.416,random,float32
2,838.155574,2217,52430573,54.747,random,float32
2,838.690928,914,52430573,52.981,random,float32
2,839.221852,5189,52430573,52.300,random,float32
2,839.775752,8220,52430573,55.111,random,float32
2,840.324363,8665,52430573,53.965,random,float32
2,840.863988,2418,52430573,55.278,random,float32
2,841.415909,3154,52430573,52.849,random,float32
2,841.970531,261,52430573,55.670,random,float32
2,842.514873,793,52430573,54.798,random,float32
2,843.056747,4264,52430573,54.632,random,float32
2,843.592194,6422,52430573,54.085,random,float32
2,844.128127,1055,52430573,53.870,random,float32
2,844.659979,6136,52430573,53.374,random,float32
2,845.198613,6244,52430573,54.858,random,float32
2,845.733918,595,52430573,53.629,random,float32
2,846.271650,9935,52430573,53.611,random,float32
2,846.796804,6491,52430573,51.640,random,float32
2,847.316270,367,52430573,51.110,random,float32
2,847.849474,6695,52430573,53.778,random,float32
2,848.392233,5517,52430573,53.606,random,float32
2,848.929263,461,52430573,53.156,random,float32
2,849.470731,823,52430573,54.618,random,float32
2,850.030165,8702,52430573,55.046,random,float32
2,850.571582,1141,52430573,56.443,random,float32
2,851.139975,6387,52430573,55.383,random,float32
2,851.683724,7534,52430573,53.089,random,float32
2,852.232169,351,52430573,54.776,random,float32
2,852.764525,9280,52430573,53.225,random,float32
2,853.299577,429,52430573,54.593,random,float32
2,853.840493,4065,52430573,56.136,random,float32
2,854.371754,8636,52430573,53.371,random,float32
2,854.911741,7243,52430573,54.768,random,float32
2,855.447442,3431,52430573,53.203,random,float32
2,855.980801,8355,52430573,53.395,random,float32
2,856.520235,4631,52430573,54.515,random,float32
2,857.064411,9227,52430573,55.302,random,float32
2,857.611112,5494,52430573,53.526,random,float32
2,858.162060,2258,52430573,54.066,random,float32
2,858.720600,9685,52430573,57.158,random,float32
2,859.267646,7294,52430573,55.118,random,float32
2,859.820659,6935,52430573,55.257,random,float32
2,860.371322,4284,52430573,56.492,random,float32
2,860.917665,6713,52430573,53.536,random,float32
2,861.457606,8047,52430573,53.672,random,float32
2,861.982205,5104,52430573,52.554,random,float32
2,862.512048,7240,52430573,53.010,random,float32
2,863.044811,1145,52430573,52.764,random,float32
2,863.580071,1937,52430573,53.969,random,float32
2,864.122021,6574,52430573,54.680,random,float32
2,864.667273,9060,52430573,54.333,random,float32
2,865.207507,3337,52430573,55.120,random,float32
2,865.751474,6033,52430573,55.301,random,float32
2,866.295782,8878,52430573,54.474,random,float32
2,866.841866,5830,52430573,56.162,random,float32
2,867.402967,3754,52430573,54.206,random,float32
2,867.940907,9873,52430573,53.509,random,float32
2,868.489447,1128,52430573,54.077,random,float32
2,869.030993,9761,52430573,55.156,random,float32
2,869.563435,7806,52430573,52.143,random,float32
2,870.088253,4223,52430573,52.984,random,float32
2,870.618311,1184,52430573,53.049,random,float32
2,871.148088,304,52430573,53.274,random,float32
2,871.677975,1381,52430573,53.536,random,float32
2,872.207800,2194,52430573,53.325,random,float32
2,872.733957,4763,52430573,54.722,random,float32
2,873.268697,3946,52430573,54.525,random,float32
2,873.794223,3879,52430573,53.160,random,float32
2,874.324957,4267,52430573,52.226,random,float32
2,874.868685,7529,52430573,55.802,random,float32
2,875.399608,172,52430573,52.446,random,float32
2,875.927559,5985,52430573,52.909,random,float32
2,876.466653,1939,52430573,55.170,random,float32
2,876.999870,7024,52430573,52.725,random,float32
2,877.528918,1034,52430573,53.450,random,float32
2,878.058899,3302,52430573,53.465,random,float32
2,878.597389,804,52430573,52.599,random,float32
2,879.127384,9305,52430573,51.636,random,float32
2,879.681810,2169,52430573,56.703,random,float32
2,880.225183,9686,52430573,55.050,random,float32
2,880.763987,7284,52430573,54.202,random,float32
2,881.294430,8298,52430573,52.945,random,float32
2,881.829474,7483,52430573,53.773,random,float32
2,882.362924,1632,52430573,53.703,random,float32
2,882.898023,3384,52430573,54.177,random,float32
2,883.427739,5849,52430573,53.555,random,float32
2,883.969153,2000,52430573,54.631,random,float32
2,884.520576,2217,52430573,55.343,random,float32
2,885.076766,3718,52430573,53.988,random,float32
2,885.618545,997,52430573,53.575,random,float32
2,886.148495,9087,52430573,50.600,random,float32
2,886.688063,7431,52430573,54.148,random,float32
2,887.230695,6708,52430573,53.750,random,float32
2,887.771060,849,52430573,54.162,random,float32
2,888.305330,4338,52430573,55.971,random,float32
2,888.852648,6998,52430573,55.276,random,float32
2,889.391269,4850,52430573,54.549,random,float32
2,889.929923,9340,52430573,54.195,random,float32
2,890.466773,6073,52430573,55.171,random,float32
2,891.006151,2656,52430573,53.817,random,float32
2,891.549704,3515,52430573,56.981,random,float32
2,892.111668,6870,52430573,55.354,random,float32
2,892.665437,7138,52430573,55.319,random,float32
2,893.196545,9625,52430573,54.206,random,float32
2,893.740280,2722,52430573,53.737,random,float32
2,894.277196,5741,52430573,53.864,random,float32
2,894.814350,9142,52430573,54.561,random,float32
2,895.355701,1737,52430573,54.192,random,float32
2,895.892338,9388,52430573,53.561,random,float32
2,896.423281,7828,52430573,52.243,random,float32
2,896.953444,8383,52430573,52.300,random,float32
2,897.485007,6533,52430573,52.439,random,float32
2,898.014152,4206,52430573,55.445,random,float32
2,898.543451,4734,52430573,53.098,random,float32
2,899.078028,2168,52430573,54.557,random,float32
2,899.615918,1242,52430573,53.482,random,float32
3,300.536620,4002,52430573,52.760,random,float32
3,301.066285,1019,52430573,54.026,random,float32
3,301.604106,4533,52430573,53.966,random,float32
3,302.139841,495,52430573,53.559,random,float32
3,302.678162,7832,52430573,53.679,random,float32
3,303.209138,1720,52430573,51.340,random,float32
3,303.743814,2953,52430573,53.429,random,float32
3,304.271408,3537,52430573,53.173,random,float32
3,304.810370,1791,52430573,53.572,random,float32
3,305.345210,9288,52430573,52.449,random,float32
3,305.877389,9932,52430573,52.894,random,float32
3,306.416501,7088,52430573,54.541,random,float32
3,306.952432,558,52430573,53.757,random,float32
3,307.485151,2629,52430573,51.079,random,float32
3,308.021417,2158,52430573,53.203,random,float32
3,308.568475,4752,52430573,54.353,random,float32
3,309.097696,332,52430573,52.976,random,float32
3,309.633327,44,52430573,52.091,random,float32
3,310.167413,7586,52430573,52.636,random,float32
3,310.701062,9614,52430573,53.863,random,float32
3,311.229321,2013,52430573,52.815,random,float32
3,311.756596,318,52430573,52.372,random,float32
3,312.290231,6249,52430573,52.873,random,float32
3,312.827786,4646,52430573,54.340,random,float32
3,313.366946,2583,52430573,53.295,random,float32
3,313.902193,5940,52430573,54.123,random,float32
3,314.433367,9030,52430573,53.519,random,float32
3,314.971472,9220,52430573,56.468,random,float32
3,315.506036,9565,52430573,53.097,random,float32
3,316.041160,6210,52430573,54.749,random,float32
3,316.576819,4509,52430573,52.399,random,float32
3,317.104118,1103,52430573,53.484,random,float32
3,317.640074,7540,52430573,53.388,random,float32
3,318.179060,6433,52430573,53.553,random,float32
3,318.711706,2314,52430573,50.817,random,float32
3,319.249838,2501,52430573,54.098,random,float32
3,319.775855,1499,52430573,49.951,random,float32
3,320.304551,1867,52430573,52.864,random,float32
3,320.831800,582,52430573,54.139,random,float32
3,321.362214,723,52430573,53.340,random,float32
3,321.900387,8780,52430573,53.083,random,float32
3,322.436824,3863,52430573,51.101,random,float32
3,322.973455,1227,52430573,54.466,random,float32
3,323.493497,9618,52430573,50.868,random,float32
3,324.032457,6846,52430573,53.855,random,float32
3,324.562933,2634,52430573,51.621,random,float32
3,325.099395,7489,52430573,52.292,random,float32
3,325.623899,3710,52430573,52.809,random,float32
3,326.159713,9517,52430573,55.723,random,float32
3,326.695540,67,52430573,54.889,random,float32
3,327.229644,6388,52430573,53.721,random,float32
3,327.778671,3333,52430573,53.687,random,float32
3,328.318546,4644,52430573,55.236,random,float32
3,328.854148,4573,52430573,54.097,random,float32
3,329.396198,9283,52430573,54.063,random,float32
3,329.930239,1425,52430573,51.973,random,float32
3,330.466039,4618,52430573,51.556,random,float32
3,330.999914,8534,52430573,55.081,random,float32
3,331.535141,1058,52430573,54.440,random,float32
3,332.069820,6764,52430573,54.539,random,float32
3,332.604149,9564,52430573,53.663,random,float32
3,333.144294,5629,52430573,54.642,random,float32
3,333.683335,3777,52430573,53.031,random,float32
3,334.213542,8635,52430573,51.155,random,float32
3,334.738033,3023,52430573,51.003,random,float32
3,335.270125,4548,52430573,54.943,random,float32
3,335.790351,80,52430573,51.373,random,float32
3,336.319144,6170,52430573,53.591,random,float32
3,336.852998,2115,52430573,53.050,random,float32
3,337.387236,439,52430573,53.348,random,float32
3,337.916903,596,52430573,52.005,random,float32
3,338.446697,7000,52430573,52.755,random,float32
3,338.980347,8521,52430573,53.910,random,float32
3,339.517414,6014,52430573,55.262,random,float32
3,340.055975,668,52430573,54.161,random,float32
3,340.607632,3011,52430573,54.668,random,float32
3,341.141305,4489,52430573,53.586,random,float32
3,341.690732,8599,52430573,55.851,random,float32
3,342.235297,74,52430573,54.843,random,float32
3,342.773729,6473,52430573,55.249,random,float32
3,343.310540,7400,52430573,52.308,random,float32
3,343.849548,7551,52430573,55.734,random,float32
3,344.392602,9578,52430573,55.103,random,float32
3,344.924662,5616,52430573,53.635,random,float32
3,345.463956,7395,52430573,52.958,random,float32
3,346.001202,7577,52430573,53.118,random,float32
3,346.542703,1373,52430573,54.217,random,float32
3,347.090899,8604,52430573,55.315,random,float32
3,347.634722,2578,52430573,53.349,random,float32
3,348.171453,1274,52430573,54.322,random,float32
3,348.719954,9090,52430573,53.699,random,float32
3,349.261738,6216,52430573,53.129,random,float32
3,349.797808,2583,52430573,53.691,random,float32
3,350.334135,4723,52430573,53.008,random,float32
3,350.869609,6223,52430573,53.853,random,float32
3,351.406886,4937,52430573,53.444,random,float32
3,351.942654,7379,52430573,51.281,random,float32
3,352.479500,8333,52430573,53.456,random,float32
3,353.025373,6565,52430573,55.196,random,float32
3,353.561712,7957,52430573,53.164,random,float32
3,354.098889,9404,52430573,52.929,random,float32
3,354.626277,5837,52430573,53.172,random,float32
3,355.153698,5667,52430573,52.621,random,float32
3,355.691837,7040,52430573,54.035,random,float32
3,356.229334,5366,52430573,51.902,random,float32
3,356.759570,5577,52430573,51.004,random,float32
3,357.304921,4993,52430573,55.455,random,float32
3,357.839274,4700,52430573,52.971,random,float32
3,358.368770,8897,52430573,51.584,random,float32
3,358.897195,8601,52430573,52.093,random,float32
3,359.434097,4957,52430573,55.126,random,float32
3,359.975597,7163,52430573,55.151,random,float32
3,360.511680,8983,52430573,52.420,random,float32
3,361.048781,2541,52430573,53.472,random,float32
3,361.590101,8518,52430573,54.638,random,float32
3,362.126301,5672,52430573,53.723,random,float32
3,362.657907,36,52430573,53.037,random,float32
3,363.195521,5575,52430573,53.326,random,float32
3,363.726336,2146,52430573,51.999,random,float32
3,364.259325,742,52430573,53.410,random,float32
3,364.786563,9081,52430573,52.792,random,float32
3,365.314084,2276,52430573,52.528,random,float32
3,365.845912,3621,52430573,54.573,random,float32
3,366.395241,7765,52430573,53.941,random,float32
3,366.934384,1903,52430573,53.745,random,float32
3,367.463831,3693,52430573,52.318,random,float32
3,367.995502,7432,52430573,49.858,random,float32
3,368.548666,810,52430573,56.393,random,float32
3,369.100190,6455,52430573,54.699,random,float32
3,369.654518,9279,52430573,54.320,random,float32
3,370.195344,6254,52430573,53.604,random,float32
3,370.736528,5662,52430573,55.429,random,float32
3,371.269216,6647,52430573,53.048,random,float32
3,371.811459,8061,52430573,54.192,random,float32
3,372.357603,4327,52430573,55.003,random,float32
3,372.903192,2962,52430573,53.037,random,float32
3,373.434654,6064,52430573,53.690,random,float32
3,373.972714,3670,52430573,53.847,random,float32
3,374.510994,3890,52430573,53.158,random,float32
3,375.052934,5455,52430573,55.988,random,float32
3,375.585110,9439,52430573,53.850,random,float32
3,376.115414,9331,52430573,53.986,random,float32
3,376.643791,1057,52430573,51.785,random,float32
3,377.167850,9964,52430573,51.402,random,float32
3,377.702239,8797,52430573,53.917,random,float32
3,378.237807,1033,52430573,54.720,random,float32
3,378.774911,1228,52430573,54.558,random,float32
3,379.303759,3462,52430573,53.490,random,float32
3,379.834024,8138,52430573,52.099,random,float32
3,380.370768,1493,52430573,53.245,random,float32
3,380.909432,6297,52430573,53.474,random,float32
3,381.444232,1802,52430573,53.587,random,float32
3,381.988679,7204,52430573,56.735,random,float32
3,382.561068,1655,52430573,55.322,random,float32
3,383.118319,5632,52430573,54.264,random,float32
3,383.672334,2216,52430573,55.196,random,float32
3,384.226564,9137,52430573,55.654,random,float32
3,384.777739,6628,52430573,55.564,random,float32
3,385.339696,9610,52430573,56.476,random,float32
3,385.887886,347,52430573,54.328,random,float32
3,386.432099,9826,52430573,54.017,random,float32
3,386.983845,5754,52430573,55.765,random,float32
3,387.535756,8655,52430573,56.028,random,float32
3,388.075614,471,52430573,54.619,random,float32
3,388.621510,1592,52430573,54.058,random,float32
3,389.158205,8761,52430573,52.821,random,float32
3,389.690833,6860,52430573,52.283,random,float32
3,390.224223,6443,52430573,53.255,random,float32
3,390.762510,1864,52430573,53.938,random,float32
3,391.305846,5058,52430573,54.695,random,float32
3,391.857487,2973,52430573,53.404,random,float32
3,392.409851,5509,52430573,55.058,random,float32
3,392.963684,1028,52430573,54.135,random,float32
3,393.505534,4041,52430573,53.624,random,float32
3,394.048571,8856,52430573,54.562,random,float32
3,394.579426,3654,52430573,53.411,random,float32
3,395.107670,4779,52430573,52.917,random,float32
3,395.637786,503,52430573,53.614,random,float32
3,396.169902,7650,52430573,55.132,random,float32
3,396.703877,8749,52430573,53.261,random,float32
3,397.240805,3938,52430573,52.990,random,float32
3,397.768035,6601,52430573,51.519,random,float32
3,398.298923,8424,52430573,53.477,random,float32
3,398.832847,2649,52430573,54.546,random,float32
3,399.364532,5614,52430573,53.443,random,float32
3,399.892189,3165,52430573,53.300,random,float32
3,400.427903,8762,52430573,54.617,random,float32
3,400.984633,9853,52430573,56.463,random,float32
3,401.535602,6834,52430573,54.944,random,float32
3,402.075988,9688,52430573,54.764,random,float32
3,402.630823,1120,52430573,54.959,random,float32
3,403.186372,3509,52430573,53.014,random,float32
3,403.729096,7031,52430573,55.249,random,float32
3,404.275600,7060,52430573,53.500,random,float32
3,404.827556,1932,52430573,56.324,random,float32
3,405.387334,6229,52430573,54.639,random,float32
3,405.926489,7246,52430573,54.729,random,float32
3,406.464034,2307,52430573,53.188,random,float32
3,407.002410,9579,52430573,53.767,random,float32
3,407.563372,5646,52430573,56.223,random,float32
3,408.096372,8569,52430573,52.395,random,float32
3,408.641120,5079,52430573,54.733,random,float32
3,409.171139,4737,52430573,53.395,random,float32
3,409.705661,6789,52430573,54.371,random,float32
3,410.237664,8756,52430573,52.783,random,float32
3,410.772649,3021,52430573,53.614,random,float32
3,411.310544,4517,52430573,53.820,random,float32
3,411.842097,4009,52430573,53.198,random,float32
3,412.372357,2036,52430573,52.551,random,float32
3,412.911065,8683,52430573,53.332,random,float32
3,413.447885,1660,52430573,52.948,random,float32
3,413.986231,9132,52430573,53.523,random,float32
3,414.521712,6906,52430573,54.364,random,float32
3,415.058545,6164,52430573,54.038,random,float32
3,415.588181,2421,52430573,54.832,random,float32
3,416.129885,6426,52430573,54.857,random,float32
3,416.674127,1157,52430573,56.511,random,float32
3,417.230734,7834,52430573,54.634,random,float32
3,417.769886,3961,52430573,52.903,random,float32
3,418.313485,2017,52430573,54.846,random,float32
3,418.849658,498,52430573,52.949,random,float32
3,419.386327,7899,52430573,53.460,random,float32
3,419.918144,1104,52430573,53.407,random,float32
3,420.462321,8534,52430573,53.898,random,float32
3,421.034354,8119,52430573,59.738,random,float32
3,421.572962,6028,52430573,52.944,random,float32
3,422.105945,4534,52430573,52.343,random,float32
3,422.637749,4712,52430573,54.476,random,float32
3,423.168473,2524,52430573,55.236,random,float32
3,423.700509,5173,52430573,53.118,random,float32
3,424.240764,5350,52430573,54.359,random,float32
3,424.773610,7056,52430573,51.863,random,float32
3,425.308134,4073,52430573,54.274,random,float32
3,425.855538,1095,52430573,54.853,random,float32
3,426.410093,3843,52430573,55.106,random,float32
3,426.949955,3923,52430573,54.170,random,float32
3,427.481290,2949,52430573,53.780,random,float32
3,428.017496,8016,52430573,52.412,random,float32
3,428.565473,1313,52430573,53.756,random,float32
3,429.097890,2314,52430573,52.486,random,float32
3,429.634208,4157,52430573,54.662,random,float32
3,430.171613,3849,52430573,53.925,random,float32
3,430.705015,5751,52430573,54.438,random,float32
3,431.232975,9286,52430573,52.813,random,float32
3,431.761508,8023,52430573,55.077,random,float32
3,432.294780,7951,52430573,53.558,random,float32
3,432.823212,6423,52430573,53.429,random,float32
3,433.358750,8783,52430573,51.574,random,float32
3,433.892827,4347,52430573,54.514,random,float32
3,434.431446,9724,52430573,53.035,random,float32
3,434.968933,6695,52430573,54.882,random,float32
3,435.513742,7599,52430573,53.734,random,float32
3,436.043674,7675,52430573,54.687,random,float32
3,436.586639,6625,52430573,53.686,random,float32
3,437.114311,5751,52430573,53.744,random,float32
3,437.647951,1689,52430573,51.658,random,float32
3,438.186220,9737,52430573,54.459,random,float32
3,438.726708,9302,52430573,53.656,random,float32
3,439.267581,9790,52430573,54.300,random,float32
3,439.803611,6332,52430573,54.146,random,float32
3,440.343522,150,52430573,55.237,random,float32
3,440.868070,8476,52430573,48.310,random,float32
3,441.397607,8214,52430573,53.365,random,float32
3,441.942581,3944,52430573,53.133,random,float32
3,442.478672,2058,52430573,53.651,random,float32
3,443.006293,2590,52430573,53.869,random,float32
3,443.541601,3536,52430573,52.645,random,float32
3,444.069062,4492,52430573,52.468,random,float32
3,444.597010,638,52430573,53.591,random,float32
3,445.136185,5430,52430573,52.769,random,float32
3,445.672029,4150,52430573,52.792,random,float32
3,446.212309,9248,52430573,54.938,random,float32
3,446.748622,8511,52430573,53.978,random,float32
3,447.287969,7213,52430573,57.538,random,float32
3,447.819813,381,52430573,53.773,random,float32
3,448.354684,1936,52430573,55.005,random,float32
3,448.892522,3534,52430573,54.199,random,float32
3,449.432288,9609,52430573,53.618,random,float32
3,449.966491,116,52430573,52.879,random,float32
3,450.502852,6433,52430573,54.379,random,float32
3,451.033406,9364,52430573,54.402,random,float32
3,451.575284,2108,52430573,54.281,random,float32
3,452.109163,7269,52430573,53.113,random,float32
3,452.650928,7525,52430573,54.497,random,float32
3,453.195348,7030,52430573,53.481,random,float32
3,453.729100,9782,52430573,54.558,random,float32
3,454.270711,4005,52430573,53.349,random,float32
3,454.812930,7163,52430573,55.159,random,float32
3,455.351381,8240,52430573,53.119,random,float32
3,455.886073,4804,52430573,53.624,random,float32
3,456.418992,5151,52430573,53.881,random,float32
3,456.948965,9185,52430573,53.013,random,float32
3,457.481314,3078,52430573,51.572,random,float32
3,458.023918,1129,52430573,53.304,random,float32
3,458.564344,221,52430573,54.276,random,float32
3,459.097890,7308,52430573,53.317,random,float32
3,459.628680,6822,52430573,52.893,random,float32
3,460.158019,6752,52430573,53.841,random,float32
3,460.692093,6915,52430573,52.519,random,float32
3,461.228894,6115,52430573,53.406,random,float32
3,461.762127,1348,52430573,54.038,random,float32
3,462.293372,6062,52430573,53.395,random,float32
3,462.821581,2803,52430573,52.467,random,float32
3,463.357056,6475,52430573,53.686,random,float32
3,463.891007,1974,52430573,54.930,random,float32
3,464.410558,3502,52430573,49.741,random,float32
3,464.945186,4413,52430573,52.999,random,float32
3,465.478815,7005,52430573,53.872,random,float32
3,466.016933,346,52430573,54.539,random,float32
3,466.551714,4640,52430573,51.494,random,float32
3,467.085587,9169,52430573,53.779,random,float32
3,467.621877,3925,52430573,52.928,random,float32
3,468.153911,1597,52430573,53.440,random,float32
3,468.690635,4675,52430573,53.443,random,float32
3,469.227576,4732,52430573,55.345,random,float32
3,469.768395,7091,52430573,53.902,random,float32
3,470.309116,4905,52430573,54.405,random,float32
3,470.842941,167,52430573,52.178,random,float32
3,471.380535,3468,52430573,54.469,random,float32
3,471.912747,5934,52430573,52.857,random,float32
3,472.438822,6825,52430573,52.509,random,float32
3,472.966657,2210,52430573,51.267,random,float32
3,473.497639,2158,52430573,51.991,random,float32
3,474.037096,5390,52430573,53.859,random,float32
3,474.568615,4185,52430573,52.267,random,float32
3,475.106282,4369,52430573,53.439,random,float32
3,475.643751,6044,52430573,55.026,random,float32
3,476.181453,7980,52430573,55.242,random,float32
3,476.709678,6414,52430573,52.929,random,float32
3,477.235347,4625,52430573,52.700,random,float32
3,477.769408,1360,52430573,53.132,random,float32
3,478.296797,4115,52430573,52.703,random,float32
3,478.832752,6144,52430573,53.031,random,float32
3,479.363094,1375,52430573,53.862,random,float32
3,479.899253,5099,52430573,52.991,random,float32
3,480.439665,4351,52430573,53.923,random,float32
3,480.974521,5335,52430573,52.912,random,float32
3,481.504242,3742,52430573,52.292,random,float32
3,482.035003,6222,52430573,52.650,random,float32
3,482.562129,8619,52430573,52.836,random,float32
3,483.098134,4086,52430573,52.720,random,float32
3,483.627053,1739,52430573,53.040,random,float32
3,484.161442,4706,52430573,53.266,random,float32
3,484.697743,6976,52430573,55.427,random,float32
3,485.242613,2085,52430573,54.588,random,float32
3,485.779984,1222,52430573,52.701,random,float32
3,486.311530,3174,52430573,52.355,random,float32
3,486.841297,6496,52430573,54.371,random,float32
3,487.383505,6380,52430573,53.034,random,float32
3,487.928376,3042,52430573,54.550,random,float32
3,488.472785,4561,52430573,53.084,random,float32
3,489.006177,2561,52430573,52.367,random,float32
3,489.537228,3611,52430573,54.364,random,float32
3,490.072186,6,52430573,53.511,random,float32
3,490.626516,296,52430573,58.035,random,float32
3,491.168783,5380,52430573,54.477,random,float32
3,491.711235,666,52430573,53.241,random,float32
3,492.246932,1715,52430573,55.157,random,float32
3,492.796074,7664,52430573,54.322,random,float32
3,493.340688,897,52430573,54.498,random,float32
3,493.880411,797,52430573,54.911,random,float32
3,494.426451,2316,52430573,54.141,random,float32
3,494.965159,2035,52430573,54.933,random,float32
3,495.504523,2388,52430573,54.273,random,float32
3,496.044048,339,52430573,53.587,random,float32
3,496.582195,7387,52430573,52.239,random,float32
3,497.116316,5239,52430573,53.907,random,float32
3,497.649055,3242,52430573,52.701,random,float32
3,498.173416,2262,52430573,50.821,random,float32
3,498.699572,3293,52430573,53.798,random,float32
3,499.227792,1354,52430573,54.309,random,float32
3,499.763384,2782,52430573,51.874,random,float32
3,500.296231,4865,52430573,52.620,random,float32
3,500.830797,4622,52430573,52.465,random,float32
3,501.354702,1992,52430573,52.414,random,float32
3,501.887538,2591,52430573,54.091,random,float32
3,502.419799,9850,52430573,53.025,random,float32
3,502.954301,5432,52430573,53.404,random,float32
3,503.493918,4052,52430573,53.141,random,float32
3,504.031900,1717,52430573,53.516,random,float32
3,504.562893,803,52430573,52.330,random,float32
3,505.101297,7905,52430573,52.422,random,float32
3,505.632680,7294,52430573,52.399,random,float32
3,506.168487,1587,52430573,54.279,random,float32
3,506.701771,4695,52430573,54.555,random,float32
3,507.241575,5530,52430573,54.483,random,float32
3,507.776149,1142,52430573,53.483,random,float32
3,508.313295,8797,52430573,56.189,random,float32
3,508.850611,2966,52430573,53.619,random,float32
3,509.381604,9357,52430573,54.127,random,float32
3,509.920098,6292,52430573,54.366,random,float32
3,510.456282,8436,52430573,53.802,random,float32
3,510.992708,2754,52430573,53.534,random,float32
3,511.522261,574,52430573,52.773,random,float32
3,512.065515,6392,52430573,54.237,random,float32
3,512.598793,3263,52430573,53.836,random,float32
3,513.137208,8373,52430573,54.751,random,float32
3,513.673656,7949,52430573,53.083,random,float32
3,514.205911,464,52430573,54.871,random,float32
3,514.743115,4925,52430573,53.012,random,float32
3,515.286104,3958,52430573,54.104,random,float32
3,515.822046,9084,52430573,51.361,random,float32
3,516.362625,1265,52430573,55.019,random,float32
3,516.903955,7714,52430573,54.535,random,float32
3,517.449458,6637,52430573,55.030,random,float32
3,517.994790,2075,52430573,55.013,random,float32
3,518.550977,6998,52430573,55.702,random,float32
3,519.091361,5794,52430573,51.738,random,float32
3,519.629547,9334,52430573,55.230,random,float32
3,520.157619,2813,52430573,53.177,random,float32
3,520.686373,7954,52430573,50.699,random,float32
3,521.214691,935,52430573,51.989,random,float32
3,521.755780,5315,52430573,54.106,random,float32
3,522.288666,2952,52430573,52.933,random,float32
3,522.827277,525,52430573,55.201,random,float32
3,523.379209,8464,52430573,53.493,random,float32
3,523.913453,8879,52430573,53.225,random,float32
3,524.442848,5266,52430573,54.107,random,float32
3,524.975984,4642,52430573,53.171,random,float32
3,525.510777,9340,52430573,51.852,random,float32
3,526.045069,6210,52430573,53.024,random,float32
3,526.566068,9345,52430573,52.498,random,float32
3,527.098483,8653,52430573,53.025,random,float32
3,527.633993,3883,52430573,52.843,random,float32
3,528.167810,4843,52430573,53.638,random,float32
3,528.703466,3404,52430573,53.995,random,float32
3,529.236818,4835,52430573,54.053,random,float32
3,529.769943,8029,52430573,53.552,random,float32
3,530.305575,892,52430573,54.073,random,float32
3,530.831257,9243,52430573,52.129,random,float32
3,531.357667,9824,52430573,52.288,random,float32
3,531.888694,1479,52430573,51.726,random,float32
3,532.417747,4959,52430573,48.567,random,float32
3,532.958643,4246,52430573,52.289,random,float32
3,533.498828,7097,52430573,54.419,random,float32
3,534.038017,3301,52430573,54.769,random,float32
3,534.571991,2190,52430573,54.171,random,float32
3,535.110605,2454,52430573,53.398,random,float32
3,535.643432,5435,52430573,52.734,random,float32
3,536.168320,4976,52430573,51.550,random,float32
3,536.703230,2573,52430573,53.226,random,float32
3,537.241760,5961,52430573,54.565,random,float32
3,537.777810,8403,52430573,52.899,random,float32
3,538.319449,6339,52430573,55.225,random,float32
3,538.852405,3792,52430573,51.958,random,float32
3,539.382074,6519,52430573,54.051,random,float32
3,539.904368,6890,52430573,51.248,random,float32
3,540.445395,1941,52430573,53.936,random,float32
3,540.986313,5338,52430573,53.856,random,float32
3,541.520036,180,52430573,53.080,random,float32
3,542.052750,4700,52430573,53.169,random,float32
3,542.583077,4057,52430573,52.099,random,float32
3,543.120158,3023,52430573,53.593,random,float32
3,543.658269,5218,52430573,53.370,random,float32
3,544.196050,2006,52430573,53.963,random,float32
3,544.728257,9001,52430573,53.675,random,float32
3,545.270270,1919,52430573,54.313,random,float32
3,545.809330,3918,52430573,53.860,random,float32
3,546.344903,3763,52430573,52.261,random,float32
3,546.873591,5990,52430573,52.954,random,float32
3,547.398208,6386,52430573,54.089,random,float32
3,547.939147,5653,52430573,53.233,random,float32
3,548.473697,8336,52430573,52.400,random,float32
3,549.001302,8826,52430573,52.488,random,float32
3,549.536469,9781,52430573,52.535,random,float32
3,550.063362,818,52430573,52.581,random,float32
3,550.601014,388,52430573,52.427,random,float32
3,551.135129,6201,52430573,54.017,random,float32
3,551.670435,5306,52430573,52.878,random,float32
3,552.207791,3263,52430573,53.292,random,float32
3,552.746373,3854,52430573,54.516,random,float32
3,553.281201,7018,52430573,53.474,random,float32
3,553.820625,6350,52430573,54.055,random,float32
3,554.356544,6071,52430573,53.944,random,float32
3,554.894012,8447,52430573,53.107,random,float32
3,555.431035,8755,52430573,52.683,random,float32
3,555.978225,3818,52430573,55.812,random,float32
3,556.515785,428,52430573,53.880,random,float32
3,557.048142,6011,52430573,53.662,random,float32
3,557.583719,3845,52430573,52.626,random,float32
3,558.116810,9088,52430573,52.285,random,float32
3,558.648437,7893,52430573,51.804,random,float32
3,559.176268,4329,52430573,53.837,random,float32
3,559.709917,7851,52430573,53.075,random,float32
3,560.244928,169,52430573,54.416,random,float32
3,560.782936,1537,52430573,54.277,random,float32
3,561.320758,899,52430573,52.781,random,float32
3,561.844976,7031,52430573,51.968,random,float32
3,562.376836,5786,52430573,54.223,random,float32
3,562.912156,3828,52430573,53.922,random,float32
3,563.460897,995,52430573,54.942,random,float32
3,564.005053,8560,52430573,54.623,random,float32
3,564.545911,4843,52430573,55.723,random,float32
3,565.077203,7156,52430573,52.640,random,float32
3,565.611727,5441,52430573,55.351,random,float32
3,566.152418,2916,52430573,53.055,random,float32
3,566.676076,7134,52430573,52.515,random,float32
3,567.207453,5120,52430573,52.190,random,float32
3,567.742468,5429,52430573,52.524,random,float32
3,568.277532,985,52430573,54.253,random,float32
3,568.807558,7606,52430573,52.660,random,float32
3,569.342463,9358,52430573,53.629,random,float32
3,569.886077,4333,52430573,55.621,random,float32
3,570.424615,7422,52430573,54.565,random,float32
3,570.969969,3301,52430573,54.026,random,float32
3,571.498008,909,52430573,52.735,random,float32
3,572.041956,7833,52430573,54.519,random,float32
3,572.582110,8336,52430573,54.248,random,float32
3,573.119538,2883,52430573,53.340,random,float32
3,573.653215,5661,52430573,53.787,random,float32
3,574.188626,9535,52430573,52.694,random,float32
3,574.725052,3819,52430573,53.069,random,float32
3,575.256927,5236,52430573,50.984,random,float32
3,575.791493,4807,52430573,53.233,random,float32
3,576.328597,7542,52430573,54.062,random,float32
3,576.866383,2163,52430573,53.199,random,float32
3,577.404461,727,52430573,54.047,random,float32
3,577.943001,2124,52430573,52.931,random,float32
3,578.475928,5166,52430573,52.218,random,float32
3,579.003966,1302,52430573,53.346,random,float32
3,579.543494,1920,52430573,53.447,random,float32
3,580.075823,7480,52430573,52.688,random,float32
3,580.601427,7481,52430573,52.763,random,float32
3,581.128860,8617,52430573,53.280,random,float32
3,581.659572,3438,52430573,52.560,random,float32
3,582.190137,8501,52430573,52.355,random,float32
3,582.736294,2072,52430573,54.635,random,float32
3,583.276280,4935,52430573,55.485,random,float32
3,583.835516,8687,52430573,56.831,random,float32
3,584.370533,397,52430573,53.831,random,float32
3,584.899433,4909,52430573,54.235,random,float32
3,585.454690,8271,52430573,54.573,random,float32
3,585.988389,3863,52430573,54.426,random,float32
3,586.527982,928,52430573,54.610,random,float32
3,587.070796,9161,52430573,55.226,random,float32
3,587.616933,4188,52430573,53.266,random,float32
3,588.158409,5440,52430573,54.898,random,float32
3,588.740989,6646,52430573,54.080,random,float32
3,589.294789,1399,52430573,58.714,random,float32
3,589.862872,9044,52430573,55.249,random,float32
3,590.403875,610,52430573,54.747,random,float32
3,590.935227,7690,52430573,53.329,random,float32
3,591.466483,670,52430573,53.854,random,float32
3,591.995233,8771,52430573,51.762,random,float32
3,592.522115,3218,52430573,52.655,random,float32
3,593.052913,9978,52430573,54.240,random,float32
3,593.578180,1979,52430573,52.504,random,float32
3,594.114074,5804,52430573,54.139,random,float32
3,594.653057,7866,52430573,53.172,random,float32
3,595.196268,3612,52430573,53.722,random,float32
3,595.731329,3120,52430573,52.968,random,float32
3,596.269218,3187,52430573,53.534,random,float32
3,596.809438,4885,52430573,52.728,random,float32
3,597.335320,5829,52430573,51.233,random,float32
3,597.856014,7466,52430573,50.414,random,float32
3,598.397014,4359,52430573,54.309,random,float32
3,598.932654,2589,52430573,52.519,random,float32
3,599.479482,6815,52430573,54.513,random,float32
3,600.010136,4893,52430573,52.895,random,float32
3,600.550380,1375,52430573,52.777,random,float32
3,601.092132,2268,52430573,54.156,random,float32
3,601.647291,7108,52430573,54.602,random,float32
3,602.198389,9359,52430573,55.245,random,float32
3,602.753250,2704,52430573,54.470,random,float32
3,603.288809,4316,52430573,53.213,random,float32
3,603.822218,9141,52430573,53.893,random,float32
3,604.369704,473,52430573,54.172,random,float32
3,604.923528,5571,52430573,54.737,random,float32
3,605.461123,6008,52430573,53.132,random,float32
3,606.001945,5946,52430573,54.004,random,float32
3,606.533211,7691,52430573,52.327,random,float32
3,607.057649,6783,52430573,52.814,random,float32
3,607.588683,2329,52430573,52.776,random,float32
3,608.123780,8670,52430573,54.367,random,float32
3,608.656078,5467,52430573,52.704,random,float32
3,609.193516,9338,52430573,54.050,random,float32
3,609.730472,2328,52430573,53.515,random,float32
3,610.260897,3596,52430573,52.791,random,float32
3,610.791332,3150,52430573,54.113,random,float32
3,611.319442,3747,52430573,52.747,random,float32
3,611.854528,8103,52430573,52.852,random,float32
3,612.383969,5628,52430573,52.623,random,float32
3,612.910773,9086,52430573,53.306,random,float32
3,613.435762,1258,52430573,54.641,random,float32
3,613.961584,6747,52430573,51.371,random,float32
3,614.493380,9552,52430573,56.248,random,float32
3,615.042489,8651,52430573,53.957,random,float32
3,615.573843,300,52430573,53.876,random,float32
3,616.105590,6925,52430573,52.050,random,float32
3,616.637348,5672,52430573,54.955,random,float32
3,617.173513,3330,52430573,55.598,random,float32
3,617.705002,418,52430573,53.363,random,float32
3,618.242256,7396,52430573,54.707,random,float32
3,618.773159,5108,52430573,52.970,random,float32
3,619.312034,5359,52430573,55.231,random,float32
3,619.840302,3698,52430573,53.742,random,float32
3,620.366269,871,52430573,51.940,random,float32
3,620.909162,9988,52430573,53.904,random,float32
3,621.458818,6849,52430573,53.539,random,float32
3,621.985806,7273,52430573,52.196,random,float32
3,622.513322,1958,52430573,51.127,random,float32
3,623.032341,8359,52430573,51.844,random,float32
3,623.567072,11,52430573,53.946,random,float32
3,624.111837,2595,52430573,53.567,random,float32
3,624.646485,5503,52430573,53.497,random,float32
3,625.181641,7861,52430573,52.427,random,float32
3,625.707143,7886,52430573,54.101,random,float32
3,626.241351,7265,52430573,53.242,random,float32
3,626.777623,3069,52430573,53.878,random,float32
3,627.317462,7113,52430573,54.018,random,float32
3,627.859487,3226,52430573,53.934,random,float32
3,628.413018,1905,52430573,57.899,random,float32
3,628.965829,9327,52430573,55.916,random,float32
3,629.524405,25,52430573,56.550,random,float32
3,630.073607,6872,52430573,54.309,random,float32
3,630.617185,928,52430573,54.121,random,float32
3,631.156830,1734,52430573,53.420,random,float32
3,631.700434,2941,52430573,54.330,random,float32
3,632.235553,8872,52430573,53.325,random,float32
3,632.778411,2156,52430573,54.774,random,float32
3,633.325359,9478,52430573,54.433,random,float32
3,633.876150,2966,52430573,57.152,random,float32
3,634.428747,9788,52430573,54.432,random,float32
3,634.971240,4968,52430573,54.837,random,float32
3,635.501529,9230,52430573,52.693,random,float32
3,636.033724,8841,52430573,52.414,random,float32
3,636.575932,9200,52430573,53.643,random,float32
3,637.115441,4589,52430573,57.173,random,float32
3,637.673195,1583,52430573,56.380,random,float32
3,638.214712,7704,52430573,55.516,random,float32
3,638.764576,1971,52430573,55.260,random,float32
3,639.300447,4468,52430573,53.507,random,float32
3,639.833630,4494,52430573,50.686,random,float32
3,640.371594,6332,52430573,54.329,random,float32
3,640.912303,9891,52430573,55.621,random,float32
3,641.457362,7817,52430573,52.875,random,float32
3,642.001697,2152,52430573,54.778,random,float32
3,642.554284,2426,52430573,55.588,random,float32
3,643.110208,5364,52430573,55.288,random,float32
3,643.654792,5368,52430573,54.931,random,float32
3,644.196599,6325,52430573,54.319,random,float32
3,644.749746,798,52430573,54.021,random,float32
3,645.296290,1911,52430573,54.906,random,float32
3,645.842728,8669,52430573,54.905,random,float32
3,646.380276,8681,52430573,52.780,random,float32
3,646.902105,533,52430573,52.943,random,float32
3,647.437809,3088,52430573,54.379,random,float32
3,647.969108,8689,52430573,53.957,random,float32
3,648.502673,7495,52430573,52.565,random,float32
3,649.031476,1837,52430573,52.498,random,float32
3,649.563210,2625,52430573,52.941,random,float32
3,650.091332,4676,52430573,54.636,random,float32
3,650.627204,6991,52430573,53.167,random,float32
3,651.159608,4708,52430573,51.626,random,float32
3,651.706055,5444,52430573,55.619,random,float32
3,652.251818,5224,52430573,54.497,random,float32
3,652.805478,2589,52430573,53.102,random,float32
3,653.338819,2655,52430573,52.884,random,float32
3,653.885624,2764,52430573,56.427,random,float32
3,654.415083,3504,52430573,53.647,random,float32
3,654.944441,8510,52430573,52.466,random,float32
3,655.468273,9831,52430573,51.438,random,float32
3,656.005486,9291,52430573,54.592,random,float32
3,656.539448,7884,52430573,53.628,random,float32
3,657.073822,3360,52430573,53.939,random,float32
3,657.615464,7753,52430573,55.361,random,float32
3,658.159054,8144,52430573,54.246,random,float32
3,658.702773,3200,52430573,54.540,random,float32
3,659.253555,4913,52430573,54.605,random,float32
3,659.788713,7820,52430573,50.253,random,float32
3,660.315830,9710,52430573,53.032,random,float32
3,660.850301,647,52430573,53.919,random,float32
3,661.380209,2701,52430573,53.980,random,float32
3,661.907984,6190,52430573,51.783,random,float32
3,662.432107,9969,52430573,53.093,random,float32
3,662.967855,3669,52430573,53.715,random,float32
3,663.499004,5307,52430573,53.734,random,float32
3,664.030312,1954,52430573,52.994,random,float32
3,664.571272,9984,52430573,54.961,random,float32
3,665.120888,6933,52430573,55.601,random,float32
3,665.673346,251,52430573,52.962,random,float32
3,666.207842,8517,52430573,54.229,random,float32
3,666.740699,6576,52430573,52.735,random,float32
3,667.283187,3323,52430573,54.336,random,float32
3,667.822891,8179,52430573,54.376,random,float32
3,668.361241,528,52430573,54.137,random,float32
3,668.898736,2430,52430573,54.245,random,float32
3,669.445081,7427,52430573,55.896,random,float32
3,669.980804,6739,52430573,52.974,random,float32
3,670.518130,5921,52430573,55.171,random,float32
3,671.059885,635,52430573,54.703,random,float32
3,671.598234,7905,52430573,54.960,random,float32
3,672.142814,7441,52430573,53.550,random,float32
3,672.675119,4459,52430573,54.363,random,float32
3,673.214751,2125,52430573,52.830,random,float32
3,673.741821,4419,52430573,54.487,random,float32
3,674.276740,1242,52430573,53.557,random,float32
3,674.807273,7952,52430573,52.979,random,float32
3,675.337190,8945,52430573,53.414,random,float32
3,675.871795,3652,52430573,52.806,random,float32
3,676.399016,4220,52430573,52.118,random,float32
3,676.931063,7072,52430573,54.276,random,float32
3,677.486731,3414,52430573,56.816,random,float32
3,678.033987,6566,52430573,55.521,random,float32
3,678.568921,670,52430573,52.374,random,float32
3,679.103422,9352,52430573,52.971,random,float32
3,679.633215,8391,52430573,54.040,random,float32
3,680.165613,9645,52430573,54.275,random,float32
3,680.697935,8026,52430573,52.803,random,float32
3,681.229759,35,52430573,53.989,random,float32
3,681.801220,5332,52430573,56.644,random,float32
3,682.343236,7591,52430573,53.340,random,float32
3,682.885846,9556,52430573,53.438,random,float32
3,683.418706,5834,52430573,53.479,random,float32
3,683.953147,5376,52430573,54.558,random,float32
3,684.488531,2356,52430573,55.137,random,float32
3,685.030642,363,52430573,54.046,random,float32
3,685.574343,2215,52430573,54.150,random,float32
3,686.112172,1230,52430573,55.239,random,float32
3,686.658591,7688,52430573,53.738,random,float32
3,687.184157,9063,52430573,53.460,random,float32
3,687.711700,8037,52430573,52.577,random,float32
3,688.240488,1504,52430573,53.836,random,float32
3,688.779012,7829,52430573,53.328,random,float32
3,689.312106,681,52430573,53.597,random,float32
3,689.844385,893,52430573,53.479,random,float32
3,690.368451,1314,52430573,53.934,random,float32
3,690.898486,1776,52430573,49.549,random,float32
3,691.423962,6404,52430573,53.215,random,float32
3,691.959404,9693,52430573,53.085,random,float32
3,692.482637,5353,52430573,51.427,random,float32
3,693.003606,9221,52430573,53.323,random,float32
3,693.530144,1467,52430573,52.584,random,float32
3,694.054374,3073,52430573,50.403,random,float32
3,694.574526,8174,52430573,52.903,random,float32
3,695.105132,9927,52430573,53.573,random,float32
3,695.636120,7638,52430573,53.337,random,float32
3,696.167805,3794,52430573,53.377,random,float32
3,696.689107,7501,52430573,50.834,random,float32
3,697.227545,9110,52430573,57.437,random,float32
3,697.779730,4849,52430573,55.275,random,float32
3,698.340821,4361,52430573,57.217,random,float32
3,698.875237,3746,52430573,52.492,random,float32
3,699.413114,7092,52430573,55.596,random,float32
3,699.947137,8110,52430573,53.496,random,float32
3,700.492800,5942,52430573,54.655,random,float32
3,701.032093,4153,52430573,53.962,random,float32
3,701.562134,5729,52430573,56.320,random,float32
3,702.089245,2310,52430573,51.590,random,float32
3,702.607872,8347,52430573,51.617,random,float32
3,703.132576,6234,52430573,52.207,random,float32
3,703.660041,7191,52430573,49.310,random,float32
3,704.192826,3849,52430573,54.324,random,float32
3,704.720934,5441,52430573,52.301,random,float32
3,705.257065,4382,52430573,54.401,random,float32
3,705.787295,2931,52430573,52.690,random,float32
3,706.315217,792,52430573,52.531,random,float32
3,706.850135,7391,52430573,53.177,random,float32
3,707.380292,5549,52430573,53.307,random,float32
3,707.907951,3620,52430573,52.537,random,float32
3,708.441189,4742,52430573,53.823,random,float32
3,708.981737,5258,52430573,54.735,random,float32
3,709.514793,1139,52430573,51.025,random,float32
3,710.056477,6281,52430573,53.479,random,float32
3,710.575844,7422,52430573,50.280,random,float32
3,711.109608,4153,52430573,53.233,random,float32
3,711.638210,3259,52430573,52.877,random,float32
3,712.167589,4386,52430573,53.402,random,float32
3,712.713942,5718,52430573,52.556,random,float32
3,713.246841,1979,52430573,52.853,random,float32
3,713.784014,7906,52430573,54.955,random,float32
3,714.322099,8819,52430573,53.738,random,float32
3,714.860899,7182,52430573,55.083,random,float32
3,715.396720,4082,52430573,52.611,random,float32
3,715.924004,4779,52430573,53.196,random,float32
3,716.457293,2311,52430573,53.875,random,float32
3,716.997325,8141,52430573,52.527,random,float32
3,717.531630,640,52430573,53.556,random,float32
3,718.068656,7594,52430573,55.176,random,float32
3,718.613472,9066,52430573,54.997,random,float32
3,719.177942,263,52430573,57.989,random,float32
3,719.728567,5448,52430573,54.769,random,float32
3,720.267903,1857,52430573,53.657,random,float32
3,720.824825,6633,52430573,52.974,random,float32
3,721.360033,4283,52430573,54.081,random,float32
3,721.911159,254,52430573,53.054,random,float32
3,722.449188,1917,52430573,54.019,random,float32
3,722.986377,2524,52430573,53.683,random,float32
3,723.520602,3488,52430573,52.430,random,float32
3,724.056384,9396,52430573,54.489,random,float32
3,724.585064,2444,52430573,54.393,random,float32
3,725.136637,4836,52430573,55.876,random,float32
3,725.676433,2293,52430573,54.140,random,float32
3,726.217927,8590,52430573,54.186,random,float32
3,726.758075,8148,52430573,54.693,random,float32
3,727.304470,3361,52430573,55.363,random,float32
3,727.839104,6065,52430573,54.087,random,float32
3,728.377012,2437,52430573,54.508,random,float32
3,728.913910,2296,52430573,54.020,random,float32
3,729.451855,1864,52430573,52.950,random,float32
3,729.990941,5562,52430573,54.200,random,float32
3,730.536639,1163,52430573,54.240,random,float32
3,731.088050,7774,52430573,53.645,random,float32
3,731.623799,1499,52430573,54.039,random,float32
3,732.164477,1306,52430573,54.785,random,float32
3,732.717810,1014,52430573,55.452,random,float32
3,733.255587,4827,52430573,54.166,random,float32
3,733.806064,6300,52430573,56.092,random,float32
3,734.344678,5984,52430573,54.779,random,float32
3,734.892662,987,52430573,54.577,random,float32
3,735.438017,4784,52430573,54.100,random,float32
3,735.984901,2915,52430573,55.229,random,float32
3,736.529079,7554,52430573,53.658,random,float32
3,737.069322,4917,52430573,54.027,random,float32
3,737.607954,8005,52430573,53.065,random,float32
3,738.144311,1910,52430573,55.154,random,float32
3,738.685149,6185,52430573,54.348,random,float32
3,739.211424,8391,52430573,54.031,random,float32
3,739.753295,2290,52430573,53.452,random,float32
3,740.291770,6836,52430573,53.948,random,float32
3,740.834734,5586,52430573,52.746,random,float32
3,741.363744,4553,52430573,52.968,random,float32
3,741.897768,7265,52430573,52.779,random,float32
3,742.430887,8109,52430573,53.709,random,float32
3,742.971505,1236,52430573,55.272,random,float32
3,743.517431,7921,52430573,54.740,random,float32
3,744.062348,9256,52430573,54.661,random,float32
3,744.605640,392,52430573,53.873,random,float32
3,745.150386,4607,52430573,53.627,random,float32
3,745.693747,824,52430573,54.195,random,float32
3,746.228071,8808,52430573,53.432,random,float32
3,746.766576,3034,52430573,55.411,random,float32
3,747.299924,1,52430573,52.957,random,float32
3,747.833278,6678,52430573,53.678,random,float32
3,748.368215,7676,52430573,50.859,random,float32
3,748.903233,5495,52430573,52.386,random,float32
3,749.427272,7574,52430573,54.145,random,float32
3,749.963605,6389,52430573,55.280,random,float32
3,750.494718,2500,52430573,52.909,random,float32
3,751.031195,3283,52430573,52.324,random,float32
3,751.577370,6233,52430573,55.417,random,float32
3,752.104749,270,52430573,51.851,random,float32
3,752.633051,8297,52430573,52.042,random,float32
3,753.170416,7067,52430573,53.937,random,float32
3,753.698849,2985,52430573,51.837,random,float32
3,754.246693,3259,52430573,54.518,random,float32
3,754.773084,2756,52430573,51.398,random,float32
3,755.315315,4831,52430573,54.920,random,float32
3,755.852998,8966,52430573,52.772,random,float32
3,756.387508,6899,52430573,53.190,random,float32
3,756.917734,7960,52430573,51.756,random,float32
3,757.451626,9491,52430573,51.875,random,float32
3,757.993087,85,52430573,53.140,random,float32
3,758.527559,3196,52430573,53.349,random,float32
3,759.053205,2306,52430573,53.789,random,float32
3,759.594515,1164,52430573,54.658,random,float32
3,760.139822,6287,52430573,54.435,random,float32
3,760.677312,9184,52430573,53.147,random,float32
3,761.215344,56,52430573,52.635,random,float32
3,761.764434,9405,52430573,54.182,random,float32
3,762.308445,3141,52430573,53.592,random,float32
3,762.852282,7494,52430573,54.370,random,float32
3,763.391976,3464,52430573,53.789,random,float32
3,763.923868,9721,52430573,55.880,random,float32
3,764.462622,8146,52430573,53.902,random,float32
3,764.994813,4382,52430573,53.107,random,float32
3,765.534616,2937,52430573,53.647,random,float32
3,766.078297,3847,52430573,54.273,random,float32
3,766.609883,6499,52430573,53.429,random,float32
3,767.140921,3003,52430573,54.314,random,float32
3,767.672744,9097,52430573,52.308,random,float32
3,768.210763,1789,52430573,55.029,random,float32
3,768.747700,7784,52430573,53.284,random,float32
3,769.268990,4055,52430573,51.877,random,float32
3,769.801389,5768,52430573,52.875,random,float32
3,770.329507,7487,52430573,52.792,random,float32
3,770.860301,201,52430573,53.665,random,float32
3,771.378198,6963,52430573,53.021,random,float32
3,771.908332,6633,52430573,52.763,random,float32
3,772.432120,7765,52430573,53.836,random,float32
3,772.954655,9679,52430573,52.105,random,float32
3,773.479898,8821,52430573,51.467,random,float32
3,774.012073,2791,52430573,53.033,random,float32
3,774.534187,5771,52430573,52.126,random,float32
3,775.071561,1471,52430573,53.519,random,float32
3,775.602257,1558,52430573,53.034,random,float32
3,776.155327,7032,52430573,54.634,random,float32
3,776.709645,279,52430573,54.278,random,float32
3,777.252604,148,52430573,54.046,random,float32
3,777.794799,8331,52430573,53.576,random,float32
3,778.332893,2310,52430573,53.758,random,float32
3,778.868927,885,52430573,53.436,random,float32
3,779.404148,816,52430573,53.942,random,float32
3,779.939152,4627,52430573,52.980,random,float32
3,780.470073,4592,52430573,53.917,random,float32
3,781.007876,6870,52430573,54.188,random,float32
3,781.552294,954,52430573,53.589,random,float32
3,782.092201,9323,52430573,53.546,random,float32
3,782.620594,1684,52430573,52.206,random,float32
3,783.152303,4516,52430573,53.287,random,float32
3,783.683406,5167,52430573,53.561,random,float32
3,784.216629,985,52430573,53.658,random,float32
3,784.748104,6848,52430573,52.892,random,float32
3,785.287367,3691,52430573,54.763,random,float32
3,785.822968,73,52430573,53.633,random,float32
3,786.365715,1178,52430573,55.511,random,float32
3,786.918548,952,52430573,56.310,random,float32
3,787.451727,2551,52430573,53.549,random,float32
3,787.986215,8238,52430573,54.615,random,float32
3,788.529368,8115,52430573,54.074,random,float32
3,789.061501,1049,52430573,52.418,random,float32
3,789.594622,2342,52430573,54.119,random,float32
3,790.128989,3876,52430573,52.946,random,float32
3,790.671465,6502,52430573,52.823,random,float32
3,791.205036,6928,52430573,52.906,random,float32
3,791.741471,666,52430573,53.569,random,float32
3,792.278411,2538,52430573,52.766,random,float32
3,792.814255,2305,52430573,54.578,random,float32
3,793.354964,6906,52430573,53.944,random,float32
3,793.888032,6987,52430573,52.282,random,float32
3,794.422431,8978,52430573,53.621,random,float32
3,794.955665,9864,52430573,54.866,random,float32
3,795.484223,9390,52430573,52.883,random,float32
3,796.021410,1607,52430573,55.087,random,float32
3,796.558496,9841,52430573,52.345,random,float32
3,797.091930,6751,52430573,52.325,random,float32
3,797.618217,5923,52430573,54.987,random,float32
3,798.155788,2908,52430573,54.205,random,float32
3,798.693741,5952,52430573,53.963,random,float32
3,799.234695,7667,52430573,55.133,random,float32
3,799.770329,157,52430573,53.578,random,float32
3,800.305582,5596,52430573,52.355,random,float32
3,800.844075,2400,52430573,53.366,random,float32
3,801.380880,5576,52430573,52.399,random,float32
3,801.921327,1913,52430573,53.846,random,float32
3,802.457758,4636,52430573,54.887,random,float32
3,803.002785,9483,52430573,52.913,random,float32
3,803.540405,2133,52430573,54.187,random,float32
3,804.076799,7362,52430573,55.392,random,float32
3,804.615492,9426,52430573,54.150,random,float32
3,805.141076,1694,52430573,53.060,random,float32
3,805.679612,7360,52430573,54.222,random,float32
3,806.213225,9299,52430573,53.112,random,float32
3,806.753732,9741,52430573,53.920,random,float32
3,807.287264,2301,52430573,54.946,random,float32
3,807.823551,9937,52430573,52.587,random,float32
3,808.360612,1750,52430573,53.021,random,float32
3,808.894699,5700,52430573,53.348,random,float32
3,809.434384,7152,52430573,52.983,random,float32
3,809.967648,111,52430573,54.476,random,float32
3,810.506900,7837,52430573,55.465,random,float32
3,811.033341,1132,52430573,52.671,random,float32
3,811.571745,9187,52430573,54.868,random,float32
3,812.113390,4846,52430573,53.606,random,float32
3,812.643235,1540,52430573,54.231,random,float32
3,813.178691,8757,52430573,54.011,random,float32
3,813.705372,6532,52430573,54.175,random,float32
3,814.241918,6044,52430573,52.136,random,float32
3,814.777993,6130,52430573,53.738,random,float32
3,815.311385,7432,52430573,49.446,random,float32
3,815.838660,460,52430573,52.024,random,float32
3,816.377415,2396,52430573,51.204,random,float32
3,816.911650,3789,52430573,53.440,random,float32
3,817.448051,8510,52430573,53.283,random,float32
3,817.984863,5425,52430573,53.869,random,float32
3,818.518477,159,52430573,52.806,random,float32
3,819.043881,757,52430573,51.638,random,float32
3,819.593589,4463,52430573,55.857,random,float32
3,820.131276,2437,52430573,52.793,random,float32
3,820.667817,8456,52430573,53.084,random,float32
3,821.203495,908,52430573,52.190,random,float32
3,821.728557,3072,52430573,53.067,random,float32
3,822.263804,3135,52430573,53.256,random,float32
3,822.794362,5258,52430573,52.696,random,float32
3,823.314013,3176,52430573,53.200,random,float32
3,823.852998,6559,52430573,53.993,random,float32
3,824.390843,911,52430573,55.107,random,float32
3,824.933018,3929,52430573,54.298,random,float32
3,825.471167,556,52430573,53.517,random,float32
3,826.000268,7309,52430573,54.657,random,float32
3,826.527774,31,52430573,52.624,random,float32
3,827.071534,910,52430573,54.082,random,float32
3,827.602006,5570,52430573,52.241,random,float32
3,828.132081,9996,52430573,52.315,random,float32
3,828.665197,4585,52430573,53.642,random,float32
3,829.198080,8814,52430573,52.443,random,float32
3,829.729911,3923,52430573,52.133,random,float32
3,830.261145,7,52430573,54.482,random,float32
3,830.776509,8519,52430573,52.560,random,float32
3,831.307869,8128,52430573,52.994,random,float32
3,831.857566,4274,52430573,55.881,random,float32
3,832.397908,8356,52430573,52.831,random,float32
3,832.937615,6817,52430573,52.656,random,float32
3,833.466966,3192,52430573,52.472,random,float32
3,833.995576,2824,52430573,53.183,random,float32
3,834.532844,5930,52430573,55.448,random,float32
3,835.072814,303,52430573,52.451,random,float32
3,835.607723,1778,52430573,55.115,random,float32
3,836.154581,3330,52430573,54.481,random,float32
3,836.692354,3381,52430573,53.844,random,float32
3,837.233472,6694,52430573,60.780,random,float32
3,837.786426,7613,52430573,55.560,random,float32
3,838.332590,8607,52430573,53.863,random,float32
3,838.854717,7255,52430573,53.428,random,float32
3,839.387044,9245,52430573,54.520,random,float32
3,839.927467,5941,52430573,53.146,random,float32
3,840.475722,6618,52430573,54.412,random,float32
3,841.011803,5607,52430573,54.555,random,float32
3,841.565309,506,52430573,54.729,random,float32
3,842.108797,2835,52430573,53.397,random,float32
3,842.644151,5381,52430573,54.432,random,float32
3,843.174652,18,52430573,53.901,random,float32
3,843.707700,2532,52430573,52.847,random,float32
3,844.241570,7175,52430573,52.460,random,float32
3,844.773185,4565,52430573,52.056,random,float32
3,845.302635,2622,52430573,51.553,random,float32
3,845.836574,308,52430573,52.056,random,float32
3,846.369843,7359,52430573,52.824,random,float32
3,846.897473,118,52430573,52.478,random,float32
3,847.428765,1307,52430573,53.654,random,float32
3,847.976093,8560,52430573,55.461,random,float32
3,848.524885,3207,52430573,53.882,random,float32
3,849.059124,731,52430573,54.472,random,float32
3,849.595198,5311,52430573,53.576,random,float32
3,850.128992,4833,52430573,54.709,random,float32
3,850.665849,2478,52430573,52.910,random,float32
3,851.200536,6583,52430573,53.474,random,float32
3,851.735665,9069,52430573,53.970,random,float32
3,852.273675,3744,52430573,51.661,random,float32
3,852.805395,5689,52430573,54.241,random,float32
3,853.344496,5109,52430573,53.795,random,float32
3,853.882577,3827,52430573,53.506,random,float32
3,854.412956,2493,52430573,51.492,random,float32
3,854.960245,7993,52430573,55.374,random,float32
3,855.488708,8858,52430573,53.514,random,float32
3,856.024605,6279,52430573,57.176,random,float32
3,856.557934,5011,52430573,51.319,random,float32
3,857.086492,3423,52430573,51.364,random,float32
3,857.607627,7947,52430573,52.601,random,float32
3,858.137624,6877,52430573,53.292,random,float32
3,858.673356,4248,52430573,52.268,random,float32
3,859.202608,1,52430573,53.440,random,float32
3,859.735215,5325,52430573,52.525,random,float32
3,860.264142,5760,52430573,53.343,random,float32
3,860.802543,3697,52430573,52.456,random,float32
3,861.332553,5112,52430573,53.045,random,float32
3,861.861711,1569,52430573,52.075,random,float32
3,862.383171,3222,52430573,53.550,random,float32
3,862.916670,6697,52430573,51.288,random,float32
3,863.448007,5962,52430573,53.916,random,float32
3,863.974306,2383,52430573,53.825,random,float32
3,864.504597,7583,52430573,52.962,random,float32
3,865.033754,5685,52430573,53.253,random,float32
3,865.569459,3454,52430573,53.739,random,float32
3,866.103469,6326,52430573,51.030,random,float32
3,866.640254,6815,52430573,52.978,random,float32
3,867.179861,1185,52430573,52.973,random,float32
3,867.709789,5568,52430573,52.959,random,float32
3,868.248919,5704,52430573,53.904,random,float32
3,868.786924,5221,52430573,54.216,random,float32
3,869.326897,1576,52430573,55.680,random,float32
3,869.859043,8536,52430573,53.637,random,float32
3,870.387618,7473,52430573,53.849,random,float32
3,870.919748,6513,52430573,52.768,random,float32
3,871.443393,5264,52430573,51.735,random,float32
3,871.983548,6683,52430573,54.089,random,float32
3,872.505799,9901,52430573,51.578,random,float32
3,873.046335,2115,52430573,52.435,random,float32
3,873.583262,6785,52430573,52.853,random,float32
3,874.113295,6777,52430573,52.569,random,float32
3,874.653081,8350,52430573,54.625,random,float32
3,875.193879,1374,52430573,55.219,random,float32
3,875.722578,5151,52430573,53.017,random,float32
3,876.253877,5130,52430573,53.173,random,float32
3,876.787971,3584,52430573,53.184,random,float32
3,877.323316,7238,52430573,52.836,random,float32
3,877.852696,7057,52430573,52.608,random,float32
3,878.386406,3127,52430573,52.960,random,float32
3,878.921466,2323,52430573,53.153,random,float32
3,879.467782,3373,52430573,56.689,random,float32
3,880.033256,5016,52430573,53.680,random,float32
3,880.600859,317,52430573,54.370,random,float32
3,881.134144,2304,52430573,53.657,random,float32
3,881.685505,9454,52430573,57.638,random,float32
3,882.226858,3739,52430573,53.656,random,float32
3,882.774203,6991,52430573,54.777,random,float32
3,883.319918,2031,52430573,52.891,random,float32
3,883.866846,9916,52430573,57.400,random,float32
3,884.422904,6556,52430573,54.845,random,float32
3,884.972834,6481,52430573,54.716,random,float32
3,885.506541,3093,52430573,52.674,random,float32
3,886.037072,8897,52430573,54.402,random,float32
3,886.576813,6625,52430573,53.364,random,float32
3,887.120176,1293,52430573,55.936,random,float32
3,887.661145,5671,52430573,53.369,random,float32
3,888.199273,7455,52430573,53.160,random,float32
3,888.743448,7288,52430573,55.330,random,float32
3,889.283556,1091,52430573,53.575,random,float32
3,889.820152,8252,52430573,53.711,random,float32
3,890.358593,510,52430573,53.308,random,float32
3,890.899427,2090,52430573,53.751,random,float32
3,891.444662,5154,52430573,54.309,random,float32
3,892.005799,5588,52430573,56.964,random,float32
3,892.558227,523,52430573,55.223,random,float32
3,893.103436,5550,52430573,54.903,random,float32
3,893.657904,5176,52430573,55.304,random,float32
3,894.217711,9478,52430573,56.049,random,float32
3,894.759852,1000,52430573,53.816,random,float32
3,895.295101,6763,52430573,55.666,random,float32
3,895.831505,9349,52430573,52.496,random,float32
3,896.363448,1889,52430573,52.411,random,float32
3,896.897754,6376,52430573,52.908,random,float32
3,897.434162,5458,52430573,54.510,random,float32
3,897.975398,3805,52430573,52.585,random,float32
3,898.516018,5082,52430573,54.213,random,float32
3,899.073265,744,52430573,57.477,random,float32
3,899.617348,8835,52430573,53.880,random,float32
4,300.480014,1824,52430573,53.812,random,float32
4,301.010448,3543,52430573,53.502,random,float32
4,301.545840,9558,52430573,53.909,random,float32
4,302.082703,7174,52430573,54.093,random,float32
4,302.622779,6583,52430573,54.994,random,float32
4,303.153618,9918,52430573,50.931,random,float32
4,303.690318,1179,52430573,52.682,random,float32
4,304.219190,502,52430573,52.614,random,float32
4,304.756069,509,52430573,53.906,random,float32
4,305.292480,7808,52430573,53.398,random,float32
4,305.824980,7009,52430573,54.396,random,float32
4,306.360294,645,52430573,52.758,random,float32
4,306.896042,8448,52430573,54.384,random,float32
4,307.430855,8977,52430573,52.683,random,float32
4,307.960516,3506,52430573,54.023,random,float32
4,308.496295,1115,52430573,56.090,random,float32
4,309.037605,5361,52430573,55.567,random,float32
4,309.577738,9442,52430573,53.918,random,float32
4,310.113916,4000,52430573,53.384,random,float32
4,310.646539,8188,52430573,52.928,random,float32
4,311.176529,105,52430573,52.268,random,float32
4,311.705521,8855,52430573,53.806,random,float32
4,312.237220,1379,52430573,52.755,random,float32
4,312.770566,7624,52430573,54.089,random,float32
4,313.310075,3455,52430573,54.432,random,float32
4,313.850395,4415,52430573,53.264,random,float32
4,314.397598,4090,52430573,56.692,random,float32
4,314.941150,4812,52430573,54.184,random,float32
4,315.476333,6477,52430573,53.866,random,float32
4,316.006036,3588,52430573,53.871,random,float32
4,316.545048,4956,52430573,54.636,random,float32
4,317.100700,133,52430573,54.755,random,float32
4,317.639295,8493,52430573,54.143,random,float32
4,318.176404,2986,52430573,53.524,random,float32
4,318.714757,860,52430573,52.820,random,float32
4,319.244216,9707,52430573,53.723,random,float32
4,319.784038,4281,52430573,52.622,random,float32
4,320.313389,7888,52430573,52.890,random,float32
4,320.853042,8408,52430573,55.115,random,float32
4,321.414547,8375,52430573,54.212,random,float32
4,321.963334,9897,52430573,55.730,random,float32
4,322.510648,2422,52430573,55.655,random,float32
4,323.062782,3840,52430573,52.752,random,float32
4,323.602665,334,52430573,53.203,random,float32
4,324.149426,6694,52430573,55.019,random,float32
4,324.701859,5168,52430573,52.496,random,float32
4,325.253973,9163,52430573,55.471,random,float32
4,325.787642,9558,52430573,53.881,random,float32
4,326.322264,4868,52430573,53.497,random,float32
4,326.860529,7245,52430573,54.229,random,float32
4,327.426747,4683,52430573,56.556,random,float32
4,327.986259,6834,52430573,56.686,random,float32
4,328.536339,2093,52430573,54.249,random,float32
4,329.074787,2707,52430573,54.777,random,float32
4,329.627283,7292,52430573,53.063,random,float32
4,330.151898,5983,52430573,52.283,random,float32
4,330.679166,2592,52430573,53.626,random,float32
4,331.213124,5908,52430573,53.477,random,float32
4,331.746893,6175,52430573,52.611,random,float32
4,332.272674,2152,52430573,53.408,random,float32
4,332.817846,925,52430573,58.775,random,float32
4,333.360543,4220,52430573,54.616,random,float32
4,333.899340,3475,52430573,55.471,random,float32
4,334.424524,2702,52430573,51.370,random,float32
4,334.946889,6245,52430573,52.871,random,float32
4,335.476249,5689,52430573,52.345,random,float32
4,335.997766,7874,52430573,52.710,random,float32
4,336.529454,5348,52430573,52.073,random,float32
4,337.062060,9274,52430573,51.993,random,float32
4,337.593335,9760,52430573,54.228,random,float32
4,338.119974,2786,52430573,53.074,random,float32
4,338.646879,9729,52430573,53.538,random,float32
4,339.188874,6398,52430573,55.164,random,float32
4,339.726761,6892,52430573,54.690,random,float32
4,340.261982,3417,52430573,50.233,random,float32
4,340.795768,3274,52430573,52.441,random,float32
4,341.331297,7211,52430573,53.770,random,float32
4,341.866641,2484,52430573,52.316,random,float32
4,342.396902,1907,52430573,52.470,random,float32
4,342.934930,2725,52430573,53.261,random,float32
4,343.459027,5751,52430573,51.961,random,float32
4,343.989545,4587,52430573,53.490,random,float32
4,344.532169,3224,52430573,53.390,random,float32
4,345.082471,8760,52430573,53.946,random,float32
4,345.617302,645,52430573,53.426,random,float32
4,346.157712,1034,52430573,54.272,random,float32
4,346.693865,3126,52430573,53.729,random,float32
4,347.239404,1911,52430573,55.126,random,float32
4,347.805806,6538,52430573,60.833,random,float32
4,348.353936,9140,52430573,54.153,random,float32
4,348.910637,914,52430573,55.609,random,float32
4,349.461299,5409,52430573,55.833,random,float32
4,350.023945,4954,52430573,55.799,random,float32
4,350.572309,3668,52430573,54.916,random,float32
4,351.118791,8607,52430573,55.877,random,float32
4,351.674292,8609,52430573,54.977,random,float32
4,352.227390,2965,52430573,55.238,random,float32
4,352.782534,6038,52430573,57.868,random,float32
4,353.332972,5882,52430573,54.232,random,float32
4,353.885189,2826,52430573,55.060,random,float32
4,354.421782,3340,52430573,53.417,random,float32
4,354.951007,9874,52430573,51.875,random,float32
4,355.491313,991,52430573,52.776,random,float32
4,356.034433,5330,52430573,54.459,random,float32
4,356.584457,9454,52430573,54.359,random,float32
4,357.138279,4397,52430573,55.086,random,float32
4,357.680671,123,52430573,53.272,random,float32
4,358.212062,6662,52430573,53.222,random,float32
4,358.749962,1544,52430573,54.349,random,float32
4,359.300923,8225,52430573,56.154,random,float32
4,359.853462,3011,52430573,56.646,random,float32
4,360.404831,8955,52430573,54.119,random,float32
4,360.955311,7212,52430573,55.433,random,float32
4,361.501782,1235,52430573,54.055,random,float32
4,362.055861,4948,52430573,56.777,random,float32
4,362.603828,1185,52430573,53.493,random,float32
4,363.141363,3266,52430573,54.608,random,float32
4,363.677586,6340,52430573,52.518,random,float32
4,364.211197,5195,52430573,52.857,random,float32
4,364.744756,6630,52430573,53.329,random,float32
4,365.280193,2993,52430573,52.601,random,float32
4,365.814137,5139,52430573,53.765,random,float32
4,366.364985,2285,52430573,54.757,random,float32
4,366.913920,5200,52430573,53.762,random,float32
4,367.460687,7421,52430573,54.756,random,float32
4,368.007038,1910,52430573,55.040,random,float32
4,368.567778,374,52430573,56.379,random,float32
4,369.114799,8281,52430573,53.690,random,float32
4,369.674220,4712,52430573,56.270,random,float32
4,370.231871,1908,52430573,54.717,random,float32
4,370.784106,9737,52430573,54.623,random,float32
4,371.333797,4104,52430573,55.829,random,float32
4,371.889585,5706,52430573,53.153,random,float32
4,372.434053,6804,52430573,53.072,random,float32
4,372.977099,4148,52430573,54.206,random,float32
4,373.505803,2754,52430573,53.645,random,float32
4,374.049381,8340,52430573,54.891,random,float32
4,374.618351,8016,52430573,54.038,random,float32
4,375.170743,8865,52430573,55.925,random,float32
4,375.716563,6048,52430573,55.332,random,float32
4,376.262412,3294,52430573,54.331,random,float32
4,376.801233,8287,52430573,53.638,random,float32
4,377.351693,5500,52430573,54.729,random,float32
4,377.904644,4791,52430573,55.591,random,float32
4,378.453684,5801,52430573,53.479,random,float32
4,378.986097,5045,52430573,52.744,random,float32
4,379.527043,8533,52430573,56.029,random,float32
4,380.077767,9583,52430573,55.637,random,float32
4,380.638574,8169,52430573,55.808,random,float32
4,381.192363,2348,52430573,55.515,random,float32
4,381.741024,7107,52430573,56.051,random,float32
4,382.296515,4656,52430573,54.602,random,float32
4,382.851722,6744,52430573,56.870,random,float32
4,383.410636,3089,52430573,53.677,random,float32
4,383.958895,2023,52430573,56.356,random,float32
4,384.518036,7202,52430573,55.236,random,float32
4,385.071352,5711,52430573,55.813,random,float32
4,385.619240,3950,52430573,54.510,random,float32
4,386.176063,6650,52430573,54.905,random,float32
4,386.725656,7542,52430573,54.655,random,float32
4,387.272246,663,52430573,55.580,random,float32
4,387.816410,1197,52430573,54.935,random,float32
4,388.354938,9502,52430573,53.962,random,float32
4,388.891152,3369,52430573,53.597,random,float32
4,389.425234,277,52430573,53.732,random,float32
4,389.968087,7215,52430573,54.399,random,float32
4,390.524289,3749,52430573,55.175,random,float32
4,391.067515,1263,52430573,54.449,random,float32
4,391.609619,3691,52430573,54.760,random,float32
4,392.154073,8115,52430573,54.973,random,float32
4,392.704211,3824,52430573,55.183,random,float32
4,393.251869,9121,52430573,55.459,random,float32
4,393.806819,18,52430573,54.091,random,float32
4,394.335576,6529,52430573,52.197,random,float32
4,394.873868,5110,52430573,52.933,random,float32
4,395.413757,1846,52430573,54.955,random,float32
4,395.947011,3375,52430573,52.100,random,float32
4,396.501308,5595,52430573,51.631,random,float32
4,397.026915,4802,52430573,53.191,random,float32
4,397.560455,1220,52430573,53.755,random,float32
4,398.090078,6574,52430573,52.597,random,float32
4,398.623256,6300,52430573,53.824,random,float32
4,399.147409,5797,52430573,51.917,random,float32
4,399.672749,9924,52430573,52.994,random,float32
4,400.205597,8741,52430573,53.927,random,float32
4,400.746952,8352,52430573,53.979,random,float32
4,401.277865,4774,52430573,53.107,random,float32
4,401.818955,8674,52430573,53.741,random,float32
4,402.358507,170,52430573,53.003,random,float32
4,402.891982,6761,52430573,52.848,random,float32
4,403.423426,5999,52430573,54.967,random,float32
4,403.973133,2861,52430573,58.261,random,float32
4,404.526509,521,52430573,53.173,random,float32
4,405.063662,8054,52430573,55.119,random,float32
4,405.600080,546,52430573,53.899,random,float32
4,406.138167,6435,52430573,53.092,random,float32
4,406.671216,2007,52430573,52.900,random,float32
4,407.201789,7653,52430573,53.794,random,float32
4,407.747186,4382,52430573,55.743,random,float32
4,408.311318,2429,52430573,55.006,random,float32
4,408.852692,1584,52430573,53.308,random,float32
4,409.386511,1145,52430573,52.587,random,float32
4,409.930956,4193,52430573,54.386,random,float32
4,410.464592,8863,52430573,53.199,random,float32
4,410.993513,8604,52430573,52.442,random,float32
4,411.521925,4836,52430573,51.960,random,float32
4,412.054919,5214,52430573,53.033,random,float32
4,412.622989,4254,52430573,53.192,random,float32
4,413.175705,6417,52430573,52.305,random,float32
4,413.712401,791,52430573,53.550,random,float32
4,414.255895,7655,52430573,53.455,random,float32
4,414.787242,9729,52430573,52.593,random,float32
4,415.317293,8444,52430573,51.646,random,float32
4,415.847345,9145,52430573,52.411,random,float32
4,416.383628,6989,52430573,52.859,random,float32
4,416.920231,5047,52430573,53.466,random,float32
4,417.458208,6084,52430573,54.534,random,float32
4,418.006131,970,52430573,54.362,random,float32
4,418.554383,1429,52430573,55.802,random,float32
4,419.097290,8169,52430573,53.260,random,float32
4,419.640250,4157,52430573,53.521,random,float32
4,420.168903,1365,52430573,52.430,random,float32
4,420.711792,7472,52430573,53.495,random,float32
4,421.243372,4208,52430573,55.422,random,float32
4,421.780789,9213,52430573,53.921,random,float32
4,422.307326,617,52430573,51.113,random,float32
4,422.838179,2927,52430573,52.471,random,float32
4,423.372326,426,52430573,52.105,random,float32
4,423.912175,271,52430573,53.994,random,float32
4,424.450814,5844,52430573,54.385,random,float32
4,424.971861,4530,52430573,53.068,random,float32
4,425.515609,1142,52430573,54.548,random,float32
4,426.065928,2189,52430573,54.198,random,float32
4,426.621013,3835,52430573,54.941,random,float32
4,427.162719,3739,52430573,52.452,random,float32
4,427.696586,6990,52430573,52.221,random,float32
4,428.234803,2765,52430573,54.360,random,float32
4,428.774435,3849,52430573,53.658,random,float32
4,429.307476,6295,52430573,54.076,random,float32
4,429.851066,5482,52430573,53.574,random,float32
4,430.385553,4215,52430573,52.594,random,float32
4,430.923924,958,52430573,54.009,random,float32
4,431.443043,3402,52430573,51.285,random,float32
4,431.968067,6849,52430573,53.624,random,float32
4,432.505015,8006,52430573,52.971,random,float32
4,433.038093,9980,52430573,51.192,random,float32
4,433.574353,187,52430573,53.033,random,float32
4,434.114704,137,52430573,53.491,random,float32
4,434.651336,4047,52430573,53.115,random,float32
4,435.203225,3530,52430573,55.122,random,float32
4,435.739196,7476,52430573,52.020,random,float32
4,436.278962,6493,52430573,54.080,random,float32
4,436.819111,8490,52430573,53.520,random,float32
4,437.352175,8502,52430573,53.052,random,float32
4,437.886401,5615,52430573,52.090,random,float32
4,438.407980,8513,52430573,52.027,random,float32
4,438.942229,3348,52430573,54.651,random,float32
4,439.481996,9260,52430573,54.861,random,float32
4,440.018325,8444,52430573,54.049,random,float32
4,440.548997,9785,52430573,51.254,random,float32
4,441.075163,7627,52430573,52.959,random,float32
4,441.608662,7057,52430573,53.575,random,float32
4,442.156099,1187,52430573,53.080,random,float32
4,442.686969,8947,52430573,52.349,random,float32
4,443.218477,245,52430573,53.420,random,float32
4,443.747136,1049,52430573,50.423,random,float32
4,444.271710,4988,52430573,52.639,random,float32
4,444.808573,384,52430573,54.868,random,float32
4,445.351377,1146,52430573,53.064,random,float32
4,445.886974,5233,52430573,53.008,random,float32
4,446.424855,8832,52430573,53.310,random,float32
4,446.963936,5324,52430573,53.798,random,float32
4,447.501642,1441,52430573,52.982,random,float32
4,448.028672,1117,52430573,51.747,random,float32
4,448.561111,495,52430573,51.836,random,float32
4,449.105572,2331,52430573,52.012,random,float32
4,449.642206,7559,52430573,53.642,random,float32
4,450.182597,9855,52430573,54.010,random,float32
4,450.711022,3223,52430573,51.618,random,float32
4,451.245956,6456,52430573,54.012,random,float32
4,451.785021,1700,52430573,53.359,random,float32
4,452.320537,9404,52430573,53.659,random,float32
4,452.865979,8745,52430573,56.090,random,float32
4,453.398031,7763,52430573,53.947,random,float32
4,453.941078,614,52430573,56.551,random,float32
4,454.482868,9750,52430573,53.668,random,float32
4,455.023510,5743,52430573,55.297,random,float32
4,455.559945,9833,52430573,54.048,random,float32
4,456.096561,6599,52430573,52.163,random,float32
4,456.629961,8837,52430573,52.503,random,float32
4,457.161467,3192,52430573,53.203,random,float32
4,457.695618,9747,52430573,53.389,random,float32
4,458.247250,1957,52430573,53.480,random,float32
4,458.782753,1713,52430573,53.300,random,float32
4,459.315607,6618,52430573,53.274,random,float32
4,459.852081,3459,52430573,53.947,random,float32
4,460.376929,3336,52430573,52.168,random,float32
4,460.904509,9518,52430573,54.044,random,float32
4,461.439192,9749,52430573,53.596,random,float32
4,461.973416,6434,52430573,54.351,random,float32
4,462.502975,7882,52430573,52.065,random,float32
4,463.033507,5191,52430573,52.977,random,float32
4,463.567175,234,52430573,52.558,random,float32
4,464.099151,7484,52430573,52.221,random,float32
4,464.639578,4097,52430573,54.202,random,float32
4,465.179690,6582,52430573,52.788,random,float32
4,465.724218,6629,52430573,55.490,random,float32
4,466.274486,5479,52430573,55.392,random,float32
4,466.821779,2729,52430573,53.809,random,float32
4,467.374444,7448,52430573,55.346,random,float32
4,467.922490,6198,52430573,55.779,random,float32
4,468.473991,9219,52430573,53.291,random,float32
4,469.024773,7327,52430573,56.016,random,float32
4,469.577553,2242,52430573,54.327,random,float32
4,470.116989,6360,52430573,53.522,random,float32
4,470.653644,9358,52430573,53.770,random,float32
4,471.193910,5037,52430573,53.633,random,float32
4,471.732668,7707,52430573,55.285,random,float32
4,472.267782,9948,52430573,53.325,random,float32
4,472.803328,5781,52430573,53.536,random,float32
4,473.341678,6892,52430573,53.741,random,float32
4,473.890235,2083,52430573,55.682,random,float32
4,474.443220,2580,52430573,55.213,random,float32
4,474.994698,1039,52430573,53.284,random,float32
4,475.534549,6721,52430573,54.319,random,float32
4,476.073765,7117,52430573,53.982,random,float32
4,476.610679,7290,52430573,52.941,random,float32
4,477.147080,6129,52430573,53.874,random,float32
4,477.688743,1815,52430573,52.789,random,float32
4,478.221731,3095,52430573,54.061,random,float32
4,478.758738,8343,52430573,52.923,random,float32
4,479.285570,2559,52430573,52.549,random,float32
4,479.810996,4705,52430573,53.039,random,float32
4,480.332872,4189,52430573,53.087,random,float32
4,480.869245,2887,52430573,53.451,random,float32
4,481.400276,8816,52430573,52.967,random,float32
4,481.930008,6477,52430573,53.873,random,float32
4,482.466258,649,52430573,54.423,random,float32
4,483.018540,9627,52430573,56.862,random,float32
4,483.569492,3938,52430573,53.469,random,float32
4,484.114181,1303,52430573,53.497,random,float32
4,484.669604,1709,52430573,56.409,random,float32
4,485.218785,9704,52430573,53.038,random,float32
4,485.763484,9824,52430573,52.065,random,float32
4,486.302430,7907,52430573,53.593,random,float32
4,486.835187,7010,52430573,52.545,random,float32
4,487.368866,4419,52430573,53.995,random,float32
4,487.923642,1174,52430573,54.861,random,float32
4,488.467729,17,52430573,54.141,random,float32
4,489.008672,6052,52430573,52.173,random,float32
4,489.544134,7467,52430573,52.035,random,float32
4,490.076731,4277,52430573,53.656,random,float32
4,490.646761,8746,52430573,58.315,random,float32
4,491.205709,88,52430573,54.336,random,float32
4,491.750283,6111,52430573,53.913,random,float32
4,492.290160,4496,52430573,56.167,random,float32
4,492.832225,1359,52430573,55.658,random,float32
4,493.371454,597,52430573,55.289,random,float32
4,493.912305,3735,52430573,53.491,random,float32
4,494.450086,7043,52430573,54.399,random,float32
4,494.988776,6000,52430573,55.358,random,float32
4,495.531625,16,52430573,53.630,random,float32
4,496.069840,913,52430573,54.807,random,float32
4,496.607008,5921,52430573,52.830,random,float32
4,497.153293,9846,52430573,54.013,random,float32
4,497.692785,4339,52430573,53.190,random,float32
4,498.219363,7377,52430573,52.956,random,float32
4,498.747502,589,52430573,53.073,random,float32
4,499.278694,3191,52430573,52.518,random,float32
4,499.815007,2055,52430573,53.112,random,float32
4,500.346809,7392,52430573,52.705,random,float32
4,500.877732,2172,52430573,51.547,random,float32
4,501.399273,6719,52430573,54.924,random,float32
4,501.942010,4345,52430573,52.000,random,float32
4,502.478443,1689,52430573,51.875,random,float32
4,503.016366,4942,52430573,53.304,random,float32
4,503.556813,597,52430573,54.504,random,float32
4,504.113201,8689,52430573,57.093,random,float32
4,504.662445,1195,52430573,55.021,random,float32
4,505.203538,5570,52430573,52.284,random,float32
4,505.741577,156,52430573,52.493,random,float32
4,506.274630,6294,52430573,52.969,random,float32
4,506.805599,9931,52430573,53.321,random,float32
4,507.343851,6049,52430573,53.336,random,float32
4,507.879278,9889,52430573,50.993,random,float32
4,508.410256,3334,52430573,52.226,random,float32
4,508.951114,9899,52430573,53.964,random,float32
4,509.482236,1692,52430573,52.558,random,float32
4,510.020191,3734,52430573,54.354,random,float32
4,510.559448,9154,52430573,55.137,random,float32
4,511.094747,6646,52430573,53.029,random,float32
4,511.627484,9936,52430573,53.720,random,float32
4,512.154976,9838,52430573,53.383,random,float32
4,512.682819,5863,52430573,53.084,random,float32
4,513.234732,2645,52430573,56.904,random,float32
4,513.781125,9387,52430573,54.036,random,float32
4,514.320400,1879,52430573,54.037,random,float32
4,514.854274,6294,52430573,53.249,random,float32
4,515.396995,2871,52430573,54.947,random,float32
4,515.934391,4619,52430573,53.163,random,float32
4,516.473167,5327,52430573,53.387,random,float32
4,517.024289,1093,52430573,55.619,random,float32
4,517.581493,6573,52430573,56.211,random,float32
4,518.124396,2025,52430573,55.236,random,float32
4,518.666746,8651,52430573,52.917,random,float32
4,519.205016,8623,52430573,53.444,random,float32
4,519.751048,6723,52430573,55.545,random,float32
4,520.293600,5037,52430573,53.939,random,float32
4,520.836728,7490,52430573,54.697,random,float32
4,521.376247,6324,52430573,54.595,random,float32
4,521.939871,384,52430573,58.579,random,float32
4,522.504166,4358,52430573,53.031,random,float32
4,523.041725,5529,52430573,55.386,random,float32
4,523.596111,5933,52430573,55.051,random,float32
4,524.137377,3392,52430573,53.280,random,float32
4,524.664675,8033,52430573,52.655,random,float32
4,525.184578,7517,52430573,52.899,random,float32
4,525.721474,4684,52430573,53.280,random,float32
4,526.244881,6524,52430573,52.371,random,float32
4,526.773013,4004,52430573,53.101,random,float32
4,527.318282,3045,52430573,52.604,random,float32
4,527.847814,5221,52430573,52.671,random,float32
4,528.375736,6052,52430573,52.372,random,float32
4,528.908972,2862,52430573,53.802,random,float32
4,529.450053,347,52430573,54.188,random,float32
4,529.978514,7149,52430573,54.854,random,float32
4,530.508550,948,52430573,53.595,random,float32
4,531.034251,2654,52430573,53.239,random,float32
4,531.567789,9398,52430573,53.571,random,float32
4,532.101089,6906,52430573,54.429,random,float32
4,532.631659,3900,52430573,53.029,random,float32
4,533.173978,6496,52430573,53.208,random,float32
4,533.709437,8652,52430573,54.758,random,float32
4,534.242535,7441,52430573,55.467,random,float32
4,534.779394,9139,52430573,54.125,random,float32
4,535.314286,1237,52430573,54.853,random,float32
4,535.836723,9838,52430573,52.911,random,float32
4,536.368704,1996,52430573,51.251,random,float32
4,536.902330,8666,52430573,51.168,random,float32
4,537.434608,6575,52430573,52.882,random,float32
4,537.971896,4250,52430573,55.038,random,float32
4,538.512189,2916,52430573,53.252,random,float32
4,539.048274,4060,52430573,52.676,random,float32
4,539.578570,5279,52430573,53.606,random,float32
4,540.119981,9924,52430573,53.569,random,float32
4,540.659181,6191,52430573,54.034,random,float32
4,541.198602,232,52430573,53.985,random,float32
4,541.731926,3973,52430573,53.254,random,float32
4,542.261018,6123,52430573,53.889,random,float32
4,542.791265,923,52430573,52.822,random,float32
4,543.333432,8134,52430573,54.474,random,float32
4,543.869398,7131,52430573,56.346,random,float32
4,544.410121,476,52430573,55.018,random,float32
4,544.943921,1799,52430573,54.562,random,float32
4,545.483330,5409,52430573,54.001,random,float32
4,546.022949,8809,52430573,54.229,random,float32
4,546.552483,4456,52430573,51.758,random,float32
4,547.071637,7335,52430573,52.146,random,float32
4,547.613463,4234,52430573,55.111,random,float32
4,548.146611,7345,52430573,53.340,random,float32
4,548.675016,3407,52430573,50.815,random,float32
4,549.210386,931,52430573,53.232,random,float32
4,549.745284,1982,52430573,52.640,random,float32
4,550.271237,7358,52430573,53.506,random,float32
4,550.809260,5727,52430573,53.439,random,float32
4,551.341022,7726,52430573,52.841,random,float32
4,551.877627,2420,52430573,51.331,random,float32
4,552.411893,7712,52430573,53.577,random,float32
4,552.952963,1956,52430573,55.172,random,float32
4,553.490938,4520,52430573,54.252,random,float32
4,554.026121,8937,52430573,52.697,random,float32
4,554.568382,3030,52430573,52.591,random,float32
4,555.106274,2804,52430573,52.826,random,float32
4,555.642829,5968,52430573,53.635,random,float32
4,556.189004,1437,52430573,53.081,random,float32
4,556.716450,6509,52430573,52.214,random,float32
4,557.248720,9612,52430573,52.824,random,float32
4,557.777752,3121,52430573,53.095,random,float32
4,558.317154,3360,52430573,53.154,random,float32
4,558.852015,1062,52430573,53.522,random,float32
4,559.388439,7026,52430573,54.900,random,float32
4,559.918063,827,52430573,52.571,random,float32
4,560.457653,5019,52430573,54.239,random,float32
4,560.997068,8142,52430573,54.213,random,float32
4,561.534672,3801,52430573,53.736,random,float32
4,562.065635,6939,52430573,51.670,random,float32
4,562.606736,8335,52430573,55.491,random,float32
4,563.142053,8321,52430573,54.051,random,float32
4,563.680606,5166,52430573,53.394,random,float32
4,564.217026,1134,52430573,54.298,random,float32
4,564.758881,438,52430573,52.774,random,float32
4,565.288805,1429,52430573,52.004,random,float32
4,565.824064,4766,52430573,53.299,random,float32
4,566.362151,2959,52430573,53.316,random,float32
4,566.887345,648,52430573,51.790,random,float32
4,567.422700,3655,52430573,53.832,random,float32
4,567.949196,443,52430573,53.694,random,float32
4,568.487022,2202,52430573,52.464,random,float32
4,569.019251,1806,52430573,52.599,random,float32
4,569.559763,9009,52430573,53.338,random,float32
4,570.094625,6548,52430573,54.309,random,float32
4,570.642077,7616,52430573,54.856,random,float32
4,571.182417,9476,52430573,53.008,random,float32
4,571.715645,3201,52430573,52.706,random,float32
4,572.254815,9301,52430573,52.937,random,float32
4,572.795629,7976,52430573,52.645,random,float32
4,573.331845,5755,52430573,53.118,random,float32
4,573.867350,8341,52430573,52.828,random,float32
4,574.402447,6030,52430573,53.407,random,float32
4,574.936539,5152,52430573,54.270,random,float32
4,575.469700,7772,52430573,53.682,random,float32
4,576.002118,7678,52430573,53.786,random,float32
4,576.541796,1482,52430573,53.302,random,float32
4,577.079073,1614,52430573,53.887,random,float32
4,577.619177,9540,52430573,54.072,random,float32
4,578.156899,4419,52430573,53.151,random,float32
4,578.682257,7921,52430573,52.214,random,float32
4,579.210377,3762,52430573,53.057,random,float32
4,579.743254,4699,52430573,54.032,random,float32
4,580.275893,6621,52430573,53.699,random,float32
4,580.806852,2708,52430573,52.881,random,float32
4,581.329921,8730,52430573,53.067,random,float32
4,581.860875,8530,52430573,55.457,random,float32
4,582.392067,3255,52430573,52.587,random,float32
4,582.923422,2733,52430573,52.213,random,float32
4,583.456006,8573,52430573,50.735,random,float32
4,583.989964,7959,52430573,52.923,random,float32
4,584.527114,929,52430573,54.005,random,float32
4,585.053644,4657,52430573,53.901,random,float32
4,585.585253,9368,52430573,53.561,random,float32
4,586.119648,5435,52430573,53.969,random,float32
4,586.650924,6175,52430573,53.701,random,float32
4,587.188409,4213,52430573,53.710,random,float32
4,587.724885,1939,52430573,54.464,random,float32
4,588.267361,3608,52430573,55.820,random,float32
4,588.819063,285,52430573,54.516,random,float32
4,589.368874,3063,52430573,55.115,random,float32
4,589.922562,9084,52430573,54.162,random,float32
4,590.472137,9801,52430573,61.013,random,float32
4,591.030633,7776,52430573,54.025,random,float32
4,591.570172,8734,52430573,55.007,random,float32
4,592.108062,4587,52430573,53.395,random,float32
4,592.639254,7843,52430573,52.897,random,float32
4,593.167753,1054,52430573,53.054,random,float32
4,593.703827,4368,52430573,53.960,random,float32
4,594.243681,6252,52430573,54.187,random,float32
4,594.778651,3099,52430573,52.803,random,float32
4,595.321020,4105,52430573,55.022,random,float32
4,595.865309,8869,52430573,54.635,random,float32
4,596.407009,4438,52430573,54.197,random,float32
4,596.943902,8945,52430573,53.586,random,float32
4,597.483852,2462,52430573,53.247,random,float32
4,598.017276,9786,52430573,55.069,random,float32
4,598.561618,8659,52430573,53.762,random,float32
4,599.118634,8556,52430573,59.919,random,float32
4,599.691074,1772,52430573,56.168,random,float32
4,600.235994,9949,52430573,53.473,random,float32
4,600.785565,1521,52430573,54.730,random,float32
4,601.337222,1448,52430573,53.913,random,float32
4,601.885425,5687,52430573,54.361,random,float32
4,602.430794,1182,52430573,54.146,random,float32
4,602.973556,5862,52430573,54.150,random,float32
4,603.516361,7176,52430573,55.568,random,float32
4,604.070810,2989,52430573,55.606,random,float32
4,604.620516,5322,52430573,53.850,random,float32
4,605.171956,6559,52430573,56.558,random,float32
4,605.734180,727,52430573,55.494,random,float32
4,606.273785,9025,52430573,53.220,random,float32
4,606.800718,3417,52430573,53.551,random,float32
4,607.351301,8826,52430573,55.264,random,float32
4,607.904870,5964,52430573,54.809,random,float32
4,608.444544,3548,52430573,53.276,random,float32
4,608.990891,781,52430573,54.874,random,float32
4,609.537343,4493,52430573,56.999,random,float32
4,610.091234,3965,52430573,53.756,random,float32
4,610.628798,9615,52430573,53.304,random,float32
4,611.159829,8110,52430573,52.926,random,float32
4,611.696286,2077,52430573,53.765,random,float32
4,612.242734,2343,52430573,54.898,random,float32
4,612.797105,2076,52430573,54.505,random,float32
4,613.336895,3832,52430573,54.079,random,float32
4,613.872397,4644,52430573,53.578,random,float32
4,614.417042,6035,52430573,54.644,random,float32
4,614.964820,6780,52430573,55.026,random,float32
4,615.501713,7643,52430573,53.927,random,float32
4,616.046967,5,52430573,56.326,random,float32
4,616.584111,5272,52430573,54.145,random,float32
4,617.131779,2092,52430573,56.287,random,float32
4,617.680739,3431,52430573,55.093,random,float32
4,618.241422,9738,52430573,54.873,random,float32
4,618.791469,7958,52430573,55.663,random,float32
4,619.344079,4108,52430573,56.045,random,float32
4,619.885411,3445,52430573,52.064,random,float32
4,620.427115,5053,52430573,54.496,random,float32
4,620.969299,2301,52430573,56.304,random,float32
4,621.520780,8973,52430573,54.311,random,float32
4,622.074771,6076,52430573,54.824,random,float32
4,622.620826,1777,52430573,54.452,random,float32
4,623.155341,7185,52430573,53.214,random,float32
4,623.717653,5003,52430573,56.360,random,float32
4,624.276036,4374,52430573,54.201,random,float32
4,624.811266,4487,52430573,53.833,random,float32
4,625.353993,4176,52430573,55.145,random,float32
4,625.899570,2638,52430573,54.745,random,float32
4,626.434320,4249,52430573,52.268,random,float32
4,626.987023,4896,52430573,54.208,random,float32
4,627.530296,6458,52430573,54.477,random,float32
4,628.080651,5540,52430573,54.597,random,float32
4,628.634775,2338,52430573,56.110,random,float32
4,629.214797,3946,52430573,58.323,random,float32
4,629.777964,3620,52430573,55.437,random,float32
4,630.340888,8299,52430573,54.864,random,float32
4,630.892553,6486,52430573,54.656,random,float32
4,631.457992,9626,52430573,56.189,random,float32
4,632.016488,2413,52430573,55.347,random,float32
4,632.570350,2876,52430573,55.530,random,float32
4,633.138680,5985,52430573,55.016,random,float32
4,633.682061,4232,52430573,55.785,random,float32
4,634.236888,3159,52430573,54.571,random,float32
4,634.787016,8748,52430573,55.052,random,float32
4,635.332994,8062,52430573,53.918,random,float32
4,635.870083,2284,52430573,55.150,random,float32
4,636.405369,865,52430573,52.033,random,float32
4,636.964112,1277,52430573,55.759,random,float32
4,637.529460,3780,52430573,54.764,random,float32
4,638.070197,4313,52430573,53.500,random,float32
4,638.610740,2288,52430573,54.120,random,float32
4,639.159801,7139,52430573,55.351,random,float32
4,639.707481,3401,52430573,55.634,random,float32
4,640.260427,7536,52430573,54.599,random,float32
4,640.810713,8602,52430573,56.046,random,float32
4,641.369166,5602,52430573,56.726,random,float32
4,641.912858,4580,52430573,55.075,random,float32
4,642.458909,3151,52430573,53.565,random,float32
4,643.003753,4538,52430573,55.240,random,float32
4,643.545644,8842,52430573,53.784,random,float32
4,644.088630,8912,52430573,54.555,random,float32
4,644.639654,3842,52430573,53.108,random,float32
4,645.186537,950,52430573,54.418,random,float32
4,645.737260,8292,52430573,52.857,random,float32
4,646.270169,353,52430573,53.075,random,float32
4,646.795260,793,52430573,53.652,random,float32
4,647.329616,6148,52430573,53.882,random,float32
4,647.862122,2134,52430573,53.534,random,float32
4,648.397555,2769,52430573,53.400,random,float32
4,648.927866,3370,52430573,52.196,random,float32
4,649.456350,3742,52430573,53.736,random,float32
4,649.983503,3109,52430573,52.959,random,float32
4,650.509777,6689,52430573,52.691,random,float32
4,651.039574,3447,52430573,52.498,random,float32
4,651.585033,5162,52430573,53.921,random,float32
4,652.139107,411,52430573,55.047,random,float32
4,652.695175,7323,52430573,54.845,random,float32
4,653.233607,5101,52430573,53.090,random,float32
4,653.783945,8583,52430573,56.851,random,float32
4,654.330934,9714,52430573,54.855,random,float32
4,654.882143,2006,52430573,54.436,random,float32
4,655.416524,1650,52430573,53.408,random,float32
4,655.943063,1054,52430573,52.808,random,float32
4,656.472681,5587,52430573,52.393,random,float32
4,657.009660,8436,52430573,54.370,random,float32
4,657.547676,1347,52430573,54.156,random,float32
4,658.076152,2310,52430573,51.441,random,float32
4,658.607631,3189,52430573,52.923,random,float32
4,659.138692,3927,52430573,54.958,random,float32
4,659.663745,8076,52430573,53.903,random,float32
4,660.199150,4154,52430573,52.105,random,float32
4,660.734014,6038,52430573,52.013,random,float32
4,661.258631,2971,52430573,51.176,random,float32
4,661.794771,4112,52430573,51.888,random,float32
4,662.331551,9551,52430573,53.240,random,float32
4,662.862355,902,52430573,52.952,random,float32
4,663.385518,1365,52430573,51.625,random,float32
4,663.914514,7970,52430573,55.431,random,float32
4,664.443791,7090,52430573,53.387,random,float32
4,664.978299,8230,52430573,54.081,random,float32
4,665.509539,6008,52430573,52.643,random,float32
4,666.039729,8739,52430573,53.971,random,float32
4,666.568849,5510,52430573,50.942,random,float32
4,667.097165,6829,52430573,53.689,random,float32
4,667.632322,7261,52430573,55.084,random,float32
4,668.169738,7171,52430573,53.531,random,float32
4,668.703429,7190,52430573,51.943,random,float32
4,669.225940,8700,52430573,51.215,random,float32
4,669.764740,4401,52430573,53.968,random,float32
4,670.298975,773,52430573,54.391,random,float32
4,670.838184,2287,52430573,54.832,random,float32
4,671.378096,2874,52430573,53.329,random,float32
4,671.925870,5115,52430573,54.774,random,float32
4,672.463422,3825,52430573,54.110,random,float32
4,672.996434,364,52430573,54.460,random,float32
4,673.515382,4872,52430573,49.913,random,float32
4,674.050061,9182,52430573,53.802,random,float32
4,674.589894,4638,52430573,53.815,random,float32
4,675.117628,1450,52430573,52.392,random,float32
4,675.655437,6105,52430573,51.561,random,float32
4,676.180989,2716,52430573,52.731,random,float32
4,676.708753,8517,52430573,52.089,random,float32
4,677.240463,31,52430573,52.198,random,float32
4,677.773026,595,52430573,54.794,random,float32
4,678.313019,7746,52430573,54.401,random,float32
4,678.860415,8244,52430573,54.205,random,float32
4,679.404193,2936,52430573,55.940,random,float32
4,679.944003,1981,52430573,54.110,random,float32
4,680.475021,8547,52430573,50.199,random,float32
4,680.995213,9213,52430573,51.971,random,float32
4,681.524164,5048,52430573,55.241,random,float32
4,682.067344,922,52430573,52.369,random,float32
4,682.601156,4728,52430573,53.262,random,float32
4,683.140367,9120,52430573,54.206,random,float32
4,683.678766,4230,52430573,53.623,random,float32
4,684.220375,8735,52430573,53.003,random,float32
4,684.756100,1712,52430573,53.932,random,float32
4,685.302590,2062,52430573,54.448,random,float32
4,685.840457,8953,52430573,52.583,random,float32
4,686.383047,5052,52430573,53.951,random,float32
4,686.918015,1012,52430573,52.604,random,float32
4,687.447738,2623,52430573,51.921,random,float32
4,687.980292,1164,52430573,52.857,random,float32
4,688.509619,7167,52430573,53.013,random,float32
4,689.044232,9894,52430573,52.984,random,float32
4,689.577701,7171,52430573,53.173,random,float32
4,690.108515,2117,52430573,52.450,random,float32
4,690.639578,1696,52430573,53.546,random,float32
4,691.163089,7610,52430573,51.933,random,float32
4,691.707918,8582,52430573,52.553,random,float32
4,692.246724,9129,52430573,53.767,random,float32
4,692.784105,7233,52430573,55.017,random,float32
4,693.318111,8491,52430573,54.289,random,float32
4,693.852637,6066,52430573,52.628,random,float32
4,694.382015,6827,52430573,53.532,random,float32
4,694.913894,7722,52430573,53.913,random,float32
4,695.447647,7365,52430573,53.404,random,float32
4,696.003092,7553,52430573,52.775,random,float32
4,696.535542,8832,52430573,52.511,random,float32
4,697.074185,8925,52430573,55.474,random,float32
4,697.631691,6651,52430573,55.913,random,float32
4,698.164707,745,52430573,53.075,random,float32
4,698.695787,5133,52430573,53.437,random,float32
4,699.230788,2663,52430573,52.833,random,float32
4,699.768997,4610,52430573,53.850,random,float32
4,700.295301,8087,52430573,53.291,random,float32
4,700.835219,4789,52430573,53.727,random,float32
4,701.363099,4487,52430573,54.462,random,float32
4,701.905286,9835,52430573,54.283,random,float32
4,702.435458,7038,52430573,52.452,random,float32
4,702.964971,8716,52430573,54.050,random,float32
4,703.499116,7684,52430573,53.953,random,float32
4,704.038110,2769,52430573,54.203,random,float32
4,704.571705,7158,52430573,52.390,random,float32
4,705.106298,5228,52430573,53.140,random,float32
4,705.637811,6769,52430573,53.319,random,float32
4,706.169438,8764,52430573,53.921,random,float32
4,706.713371,86,52430573,54.858,random,float32
4,707.266923,4199,52430573,53.621,random,float32
4,707.814266,4525,52430573,53.837,random,float32
4,708.346391,2928,52430573,52.173,random,float32
4,708.874887,8392,52430573,53.140,random,float32
4,709.411432,4976,52430573,53.822,random,float32
4,709.945980,1509,52430573,54.578,random,float32
4,710.475381,7097,52430573,52.026,random,float32
4,711.003642,2938,52430573,53.085,random,float32
4,711.530518,559,52430573,53.615,random,float32
4,712.059935,8578,52430573,52.823,random,float32
4,712.590792,1461,52430573,54.003,random,float32
4,713.133294,2254,52430573,53.390,random,float32
4,713.668694,4389,52430573,54.213,random,float32
4,714.210841,2625,52430573,53.144,random,float32
4,714.747596,8999,52430573,53.985,random,float32
4,715.278004,1306,52430573,50.962,random,float32
4,715.803924,767,52430573,51.800,random,float32
4,716.343807,204,52430573,53.579,random,float32
4,716.889186,1277,52430573,54.766,random,float32
4,717.429965,236,52430573,54.357,random,float32
4,717.973566,2104,52430573,54.574,random,float32
4,718.521871,6963,52430573,55.506,random,float32
4,719.069472,5209,52430573,56.760,random,float32
4,719.617301,8585,52430573,53.916,random,float32
4,720.158067,9699,52430573,53.102,random,float32
4,720.713087,1148,52430573,52.452,random,float32
4,721.249157,3143,52430573,54.127,random,float32
4,721.799417,5822,52430573,52.974,random,float32
4,722.336318,9691,52430573,52.962,random,float32
4,722.875757,6960,52430573,52.277,random,float32
4,723.412732,1031,52430573,53.547,random,float32
4,723.946798,4512,52430573,52.126,random,float32
4,724.473188,7533,52430573,52.656,random,float32
4,725.027065,6477,52430573,55.229,random,float32
4,725.566355,6458,52430573,52.962,random,float32
4,726.107675,8015,52430573,54.136,random,float32
4,726.644325,3990,52430573,53.214,random,float32
4,727.186150,475,52430573,54.545,random,float32
4,727.724354,2804,52430573,54.766,random,float32
4,728.261396,2803,52430573,54.501,random,float32
4,728.798659,1764,52430573,52.775,random,float32
4,729.335824,9671,52430573,54.311,random,float32
4,729.863118,7945,52430573,50.142,random,float32
4,730.405957,1562,52430573,56.544,random,float32
4,730.940792,4685,52430573,53.624,random,float32
4,731.476748,1080,52430573,53.591,random,float32
4,732.018001,7435,52430573,52.886,random,float32
4,732.553055,5827,52430573,52.857,random,float32
4,733.087980,5876,52430573,52.677,random,float32
4,733.625361,3803,52430573,54.028,random,float32
4,734.161140,9541,52430573,53.095,random,float32
4,734.699906,6024,52430573,53.910,random,float32
4,735.240426,319,52430573,54.214,random,float32
4,735.781359,7361,52430573,53.994,random,float32
4,736.318984,2087,52430573,53.519,random,float32
4,736.854548,3218,52430573,53.515,random,float32
4,737.388514,2894,52430573,49.491,random,float32
4,737.924994,6097,52430573,54.413,random,float32
4,738.469321,7064,52430573,54.423,random,float32
4,739.004928,3510,52430573,51.676,random,float32
4,739.542053,2236,52430573,53.527,random,float32
4,740.078634,2841,52430573,54.117,random,float32
4,740.609320,9566,52430573,53.030,random,float32
4,741.144101,9578,52430573,54.291,random,float32
4,741.678513,8218,52430573,53.322,random,float32
4,742.207414,4757,52430573,53.149,random,float32
4,742.741911,443,52430573,56.082,random,float32
4,743.278651,293,52430573,51.693,random,float32
4,743.820593,5787,52430573,55.547,random,float32
4,744.362430,4998,52430573,52.719,random,float32
4,744.909258,6589,52430573,53.581,random,float32
4,745.469184,6404,52430573,57.737,random,float32
4,746.015734,8184,52430573,53.540,random,float32
4,746.558307,848,52430573,54.631,random,float32
4,747.103280,3835,52430573,55.085,random,float32
4,747.630306,9423,52430573,52.258,random,float32
4,748.157834,7377,52430573,53.194,random,float32
4,748.686434,3257,52430573,51.595,random,float32
4,749.206839,5480,52430573,52.269,random,float32
4,749.741273,1456,52430573,52.935,random,float32
4,750.276625,2828,52430573,52.993,random,float32
4,750.817011,1696,52430573,53.692,random,float32
4,751.350735,6521,52430573,51.902,random,float32
4,751.884016,5156,52430573,52.833,random,float32
4,752.417182,2671,52430573,52.479,random,float32
4,752.953657,3601,52430573,54.439,random,float32
4,753.488692,2381,52430573,53.156,random,float32
4,754.026690,5919,52430573,55.111,random,float32
4,754.561878,4407,52430573,52.186,random,float32
4,755.091858,4799,52430573,53.049,random,float32
4,755.638045,6731,52430573,53.805,random,float32
4,756.164985,1924,52430573,52.257,random,float32
4,756.699930,8350,52430573,55.227,random,float32
4,757.241665,3004,52430573,53.624,random,float32
4,757.776954,1886,52430573,53.563,random,float32
4,758.317299,3035,52430573,54.876,random,float32
4,758.846635,8926,52430573,51.959,random,float32
4,759.378321,3175,52430573,53.408,random,float32
4,759.904931,9967,52430573,52.977,random,float32
4,760.442834,7449,52430573,55.542,random,float32
4,760.982379,5392,52430573,52.552,random,float32
4,761.517778,7359,52430573,53.815,random,float32
4,762.056718,1835,52430573,56.419,random,float32
4,762.613161,8223,52430573,55.791,random,float32
4,763.173112,9596,52430573,56.587,random,float32
4,763.728592,3604,52430573,55.587,random,float32
4,764.278179,9119,52430573,54.498,random,float32
4,764.826946,896,52430573,55.920,random,float32
4,765.384368,9256,52430573,55.095,random,float32
4,765.943249,852,52430573,56.413,random,float32
4,766.498095,174,52430573,55.019,random,float32
4,767.032420,2603,52430573,52.912,random,float32
4,767.568823,9259,52430573,53.428,random,float32
4,768.108459,9111,52430573,54.428,random,float32
4,768.645860,5094,52430573,53.546,random,float32
4,769.177913,561,52430573,52.458,random,float32
4,769.693838,5653,52430573,51.268,random,float32
4,770.224961,5576,52430573,53.079,random,float32
4,770.758404,4153,52430573,54.216,random,float32
4,771.289880,989,52430573,53.156,random,float32
4,771.830949,818,52430573,53.470,random,float32
4,772.375606,20,52430573,55.574,random,float32
4,772.914978,6092,52430573,53.792,random,float32
4,773.444388,4704,52430573,51.570,random,float32
4,773.979424,6537,52430573,53.515,random,float32
4,774.517631,97,52430573,54.460,random,float32
4,775.052818,901,52430573,54.718,random,float32
4,775.594659,9301,52430573,52.394,random,float32
4,776.133267,311,52430573,53.494,random,float32
4,776.675758,2459,52430573,54.805,random,float32
4,777.220445,8581,52430573,54.698,random,float32
4,777.762490,8462,52430573,54.484,random,float32
4,778.306566,1595,52430573,54.446,random,float32
4,778.838344,4055,52430573,52.675,random,float32
4,779.378315,8662,52430573,54.603,random,float32
4,779.915431,9946,52430573,53.699,random,float32
4,780.447371,5011,52430573,52.242,random,float32
4,780.980649,401,52430573,53.879,random,float32
4,781.516639,150,52430573,55.285,random,float32
4,782.060923,3634,52430573,55.395,random,float32
4,782.597107,8100,52430573,52.707,random,float32
4,783.136356,9178,52430573,53.775,random,float32
4,783.675449,211,52430573,54.508,random,float32
4,784.212150,9002,52430573,53.509,random,float32
4,784.745855,3605,52430573,53.799,random,float32
4,785.288823,5428,52430573,53.459,random,float32
4,785.823954,7062,52430573,52.599,random,float32
4,786.377548,4036,52430573,55.535,random,float32
4,786.937093,5577,52430573,55.764,random,float32
4,787.502340,3156,52430573,55.869,random,float32
4,788.047474,1169,52430573,54.756,random,float32
4,788.595678,1836,52430573,54.579,random,float32
4,789.127668,8067,52430573,52.480,random,float32
4,789.660150,5689,52430573,53.763,random,float32
4,790.185441,10,52430573,52.110,random,float32
4,790.721116,2158,52430573,53.651,random,float32
4,791.255756,1149,52430573,53.816,random,float32
4,791.794919,7141,52430573,54.466,random,float32
4,792.332362,9155,52430573,53.510,random,float32
4,792.869005,3432,52430573,53.849,random,float32
4,793.406451,5100,52430573,52.133,random,float32
4,793.955255,6522,52430573,55.099,random,float32
4,794.515077,4226,52430573,56.065,random,float32
4,795.061725,4080,52430573,53.414,random,float32
4,795.592558,6398,52430573,52.737,random,float32
4,796.127347,2938,52430573,53.235,random,float32
4,796.664954,8720,52430573,54.181,random,float32
4,797.203217,5671,52430573,54.151,random,float32
4,797.746510,8991,52430573,54.780,random,float32
4,798.297632,4683,52430573,55.221,random,float32
4,798.855358,165,52430573,55.397,random,float32
4,799.397640,7923,52430573,54.288,random,float32
4,799.930866,4661,52430573,53.611,random,float32
4,800.468248,2865,52430573,52.700,random,float32
4,801.005420,9145,52430573,53.561,random,float32
4,801.547364,3550,52430573,54.787,random,float32
4,802.100773,7433,52430573,54.823,random,float32
4,802.655465,8403,52430573,55.602,random,float32
4,803.211755,2228,52430573,54.710,random,float32
4,803.752796,7364,52430573,54.514,random,float32
4,804.293194,8951,52430573,53.795,random,float32
4,804.829079,4041,52430573,53.096,random,float32
4,805.374492,4812,52430573,54.439,random,float32
4,805.920280,5062,52430573,55.780,random,float32
4,806.477961,484,52430573,54.349,random,float32
4,807.020442,5955,52430573,54.856,random,float32
4,807.566423,8959,52430573,53.746,random,float32
4,808.130497,9117,52430573,56.667,random,float32
4,808.677183,9934,52430573,55.023,random,float32
4,809.226282,95,52430573,55.151,random,float32
4,809.776008,6231,52430573,52.291,random,float32
4,810.308194,5710,52430573,54.864,random,float32
4,810.858369,930,52430573,55.265,random,float32
4,811.406858,8515,52430573,53.794,random,float32
4,811.954071,3333,52430573,54.705,random,float32
4,812.487174,9446,52430573,54.699,random,float32
4,813.023200,7342,52430573,53.186,random,float32
4,813.558304,5302,52430573,54.597,random,float32
4,814.109674,3995,52430573,54.901,random,float32
4,814.662994,1143,52430573,54.625,random,float32
4,815.202997,2816,52430573,52.380,random,float32
4,815.739056,1017,52430573,52.836,random,float32
4,816.270809,4463,52430573,52.961,random,float32
4,816.801976,3765,52430573,54.683,random,float32
4,817.344701,4898,52430573,54.818,random,float32
4,817.897033,4580,52430573,56.856,random,float32
4,818.453232,7623,52430573,53.634,random,float32
4,818.991694,6686,52430573,55.015,random,float32
4,819.536659,9060,52430573,55.820,random,float32
4,820.079067,170,52430573,53.404,random,float32
4,820.615895,2868,52430573,54.052,random,float32
4,821.158059,7767,52430573,54.134,random,float32
4,821.688325,5068,52430573,51.498,random,float32
4,822.213444,856,52430573,52.702,random,float32
4,822.745298,8293,52430573,53.108,random,float32
4,823.275876,6707,52430573,52.534,random,float32
4,823.817299,321,52430573,55.411,random,float32
4,824.361201,1276,52430573,54.082,random,float32
4,824.910534,8050,52430573,54.707,random,float32
4,825.457441,5751,52430573,52.345,random,float32
4,825.996462,3479,52430573,53.763,random,float32
4,826.536941,1195,52430573,53.177,random,float32
4,827.072015,7437,52430573,53.708,random,float32
4,827.606120,184,52430573,52.691,random,float32
4,828.135988,3958,52430573,53.026,random,float32
4,828.672532,3126,52430573,52.965,random,float32
4,829.203021,5799,52430573,54.052,random,float32
4,829.733347,8436,52430573,53.453,random,float32
4,830.263253,7861,52430573,53.632,random,float32
4,830.793409,640,52430573,53.655,random,float32
4,831.330930,2569,52430573,53.808,random,float32
4,831.874120,2087,52430573,54.435,random,float32
4,832.409672,7487,52430573,53.562,random,float32
4,832.947777,2429,52430573,53.950,random,float32
4,833.481148,2049,52430573,53.408,random,float32
4,834.023449,4687,52430573,55.106,random,float32
4,834.563991,2063,52430573,53.472,random,float32
4,835.106716,5372,52430573,54.851,random,float32
4,835.671552,2061,52430573,57.211,random,float32
4,836.231232,3395,52430573,55.958,random,float32
4,836.783356,9602,52430573,54.983,random,float32
4,837.330751,3039,52430573,54.300,random,float32
4,837.883760,1062,52430573,55.577,random,float32
4,838.437772,5477,52430573,53.335,random,float32
4,838.971133,7357,52430573,53.017,random,float32
4,839.516841,4140,52430573,55.639,random,float32
4,840.067806,6999,52430573,54.295,random,float32
4,840.616115,7912,52430573,54.447,random,float32
4,841.151229,6967,52430573,54.324,random,float32
4,841.702421,2115,52430573,54.993,random,float32
4,842.240349,5461,52430573,54.591,random,float32
4,842.778168,4577,52430573,53.984,random,float32
4,843.318132,2182,52430573,53.019,random,float32
4,843.855556,1260,52430573,55.036,random,float32
4,844.390413,3146,52430573,53.048,random,float32
4,844.926256,7647,52430573,54.358,random,float32
4,845.460082,7439,52430573,52.992,random,float32
4,845.995466,7241,52430573,53.297,random,float32
4,846.527631,4398,52430573,53.456,random,float32
4,847.058451,3124,52430573,55.333,random,float32
4,847.614987,571,52430573,56.729,random,float32
4,848.160804,2176,52430573,53.536,random,float32
4,848.699686,8042,52430573,52.177,random,float32
4,849.236797,4429,52430573,53.382,random,float32
4,849.783950,3310,52430573,56.142,random,float32
4,850.337060,4912,52430573,54.357,random,float32
4,850.887801,266,52430573,55.813,random,float32
4,851.433138,3165,52430573,55.100,random,float32
4,851.988061,7276,52430573,56.426,random,float32
4,852.532506,9568,52430573,53.580,random,float32
4,853.076947,6674,52430573,54.662,random,float32
4,853.616613,985,52430573,54.151,random,float32
4,854.155648,8210,52430573,53.636,random,float32
4,854.691301,9978,52430573,54.313,random,float32
4,855.228590,9877,52430573,53.329,random,float32
4,855.762381,2441,52430573,53.238,random,float32
4,856.308978,3965,52430573,54.955,random,float32
4,856.859137,157,52430573,55.121,random,float32
4,857.406174,1661,52430573,54.949,random,float32
4,857.946421,3124,52430573,53.887,random,float32
4,858.485402,544,52430573,53.467,random,float32
4,859.025173,1934,52430573,54.021,random,float32
4,859.575351,3425,52430573,54.317,random,float32
4,860.125095,8331,52430573,56.075,random,float32
4,860.681048,1451,52430573,54.351,random,float32
4,861.227877,1334,52430573,56.446,random,float32
4,861.762875,8014,52430573,52.503,random,float32
4,862.295805,110,52430573,52.411,random,float32
4,862.831881,753,52430573,53.622,random,float32
4,863.387708,7620,52430573,56.445,random,float32
4,863.932589,1278,52430573,52.697,random,float32
4,864.466374,8307,52430573,53.501,random,float32
4,865.003734,8246,52430573,54.393,random,float32
4,865.547159,4635,52430573,54.167,random,float32
4,866.093900,1952,52430573,54.434,random,float32
4,866.642301,4966,52430573,54.098,random,float32
4,867.182174,1299,52430573,53.413,random,float32
4,867.715756,251,52430573,53.710,random,float32
4,868.252588,9774,52430573,55.403,random,float32
4,868.791789,1248,52430573,53.460,random,float32
4,869.329101,5773,52430573,53.290,random,float32
4,869.862918,2511,52430573,53.821,random,float32
4,870.396051,8258,52430573,55.240,random,float32
4,870.930077,6992,52430573,53.082,random,float32
4,871.463542,5504,52430573,53.418,random,float32
4,871.989885,5134,52430573,52.607,random,float32
4,872.520318,7885,52430573,52.688,random,float32
4,873.050143,8172,52430573,53.458,random,float32
4,873.585020,7842,52430573,52.872,random,float32
4,874.121671,3322,52430573,53.433,random,float32
4,874.655273,1626,52430573,53.423,random,float32
4,875.189653,7575,52430573,53.566,random,float32
4,875.720695,5840,52430573,53.646,random,float32
4,876.251592,4587,52430573,53.437,random,float32
4,876.784996,8894,52430573,52.884,random,float32
4,877.319179,9959,52430573,53.279,random,float32
4,877.849318,6363,52430573,53.518,random,float32
4,878.383103,6732,52430573,52.799,random,float32
4,878.918028,9871,52430573,52.808,random,float32
4,879.458068,9020,52430573,55.638,random,float32
4,880.005836,9703,52430573,54.431,random,float32
4,880.553398,3298,52430573,54.972,random,float32
4,881.100387,6322,52430573,53.979,random,float32
4,881.635688,1170,52430573,53.301,random,float32
4,882.172679,5073,52430573,53.862,random,float32
4,882.723177,2232,52430573,56.354,random,float32
4,883.265732,541,52430573,54.087,random,float32
4,883.829368,5249,52430573,57.148,random,float32
4,884.366695,6939,52430573,53.640,random,float32
4,884.910344,6960,52430573,53.470,random,float32
4,885.453222,6298,52430573,53.505,random,float32
4,885.993533,9456,52430573,55.245,random,float32
4,886.549473,9784,52430573,54.580,random,float32
4,887.095508,5645,52430573,56.596,random,float32
4,887.631524,4201,52430573,52.340,random,float32
4,888.155731,6702,52430573,51.518,random,float32
4,888.684555,793,52430573,53.900,random,float32
4,889.208030,9733,52430573,52.361,random,float32
4,889.737188,2180,52430573,52.529,random,float32
4,890.266358,7047,52430573,51.828,random,float32
4,890.794461,4222,52430573,52.493,random,float32
4,891.322943,672,52430573,53.836,random,float32
4,891.856434,3119,52430573,53.290,random,float32
4,892.393198,7804,52430573,53.866,random,float32
4,892.931224,957,52430573,53.904,random,float32
4,893.460054,9524,52430573,52.885,random,float32
4,893.999652,6085,52430573,52.863,random,float32
4,894.534740,8855,52430573,54.014,random,float32
4,895.077533,6560,52430573,54.358,random,float32
4,895.609838,7772,52430573,53.224,random,float32
4,896.137062,6811,52430573,53.742,random,float32
4,896.674167,3026,52430573,53.618,random,float32
4,897.200988,174,52430573,50.461,random,float32
4,897.731581,4909,52430573,50.585,random,float32
4,898.275063,5744,52430573,57.321,random,float32
4,898.808966,7951,52430573,52.184,random,float32
4,899.338796,4166,52430573,57.552,random,float32
4,899.876542,6714,52430573,52.527,random,float32
5,300.521119,1411,52430573,53.064,random,float32
5,301.045982,6353,52430573,51.561,random,float32
5,301.571836,6868,52430573,52.110,random,float32
5,302.106204,9862,52430573,52.280,random,float32
5,302.641028,5490,52430573,54.301,random,float32
5,303.167103,4223,52430573,53.532,random,float32
5,303.692729,8092,52430573,51.395,random,float32
5,304.222225,6346,52430573,52.292,random,float32
5,304.754425,5677,52430573,53.582,random,float32
5,305.289013,1254,52430573,53.753,random,float32
5,305.817202,4291,52430573,53.130,random,float32
5,306.354268,3295,52430573,54.166,random,float32
5,306.887769,2886,52430573,53.942,random,float32
5,307.415663,4671,52430573,51.778,random,float32
5,307.953119,2539,52430573,54.760,random,float32
5,308.496531,506,52430573,58.405,random,float32
5,309.032730,5142,52430573,54.362,random,float32
5,309.566866,8834,52430573,52.531,random,float32
5,310.100129,2480,52430573,52.345,random,float32
5,310.634392,3149,52430573,53.069,random,float32
5,311.163750,20,52430573,53.935,random,float32
5,311.694327,4687,52430573,56.599,random,float32
5,312.246601,8401,52430573,55.753,random,float32
5,312.796223,3737,52430573,56.106,random,float32
5,313.339352,2109,52430573,52.606,random,float32
5,313.873266,3529,52430573,54.247,random,float32
5,314.406620,457,52430573,53.395,random,float32
5,314.947845,3738,52430573,53.766,random,float32
5,315.479189,6444,52430573,53.343,random,float32
5,316.014783,1916,52430573,52.923,random,float32
5,316.555957,2160,52430573,54.115,random,float32
5,317.091551,9367,52430573,54.041,random,float32
5,317.635576,7111,52430573,54.237,random,float32
5,318.175427,6324,52430573,53.830,random,float32
5,318.710701,9165,52430573,53.123,random,float32
5,319.243292,4973,52430573,53.328,random,float32
5,319.770800,275,52430573,52.094,random,float32
5,320.302333,1040,52430573,52.112,random,float32
5,320.829407,21,52430573,51.987,random,float32
5,321.358057,5866,52430573,52.357,random,float32
5,321.895881,2918,52430573,53.865,random,float32
5,322.435285,4233,52430573,53.472,random,float32
5,322.966605,5904,52430573,52.723,random,float32
5,323.494092,737,52430573,52.216,random,float32
5,324.028109,2696,52430573,52.404,random,float32
5,324.561654,8826,52430573,52.361,random,float32
5,325.096000,7336,52430573,52.090,random,float32
5,325.622961,9229,52430573,50.587,random,float32
5,326.154637,8781,52430573,56.209,random,float32
5,326.691284,8678,52430573,53.018,random,float32
5,327.228183,6756,52430573,55.099,random,float32
5,327.775393,9529,52430573,53.721,random,float32
5,328.314689,7380,52430573,54.535,random,float32
5,328.849487,8138,52430573,54.206,random,float32
5,329.391990,8149,52430573,53.129,random,float32
5,329.927384,9967,52430573,52.922,random,float32
5,330.468709,4321,52430573,54.468,random,float32
5,331.006639,5895,52430573,55.339,random,float32
5,331.544532,3328,52430573,53.769,random,float32
5,332.081239,7376,52430573,53.743,random,float32
5,332.617418,9454,52430573,53.737,random,float32
5,333.146075,1825,52430573,52.468,random,float32
5,333.681009,5082,52430573,52.863,random,float32
5,334.220510,1945,52430573,53.145,random,float32
5,334.751403,5886,52430573,53.691,random,float32
5,335.287199,8398,52430573,54.729,random,float32
5,335.823892,5139,52430573,53.081,random,float32
5,336.363132,4349,52430573,54.071,random,float32
5,336.901503,9678,52430573,53.229,random,float32
5,337.436374,7916,52430573,52.086,random,float32
5,337.967710,3035,52430573,53.063,random,float32
5,338.500899,9842,52430573,53.283,random,float32
5,339.031423,591,52430573,53.495,random,float32
5,339.582394,9247,52430573,55.059,random,float32
5,340.129039,1448,52430573,54.552,random,float32
5,340.677331,2959,52430573,54.684,random,float32
5,341.219909,8614,52430573,53.391,random,float32
5,341.764441,4283,52430573,54.031,random,float32
5,342.297808,9615,52430573,53.084,random,float32
5,342.825036,4537,52430573,53.889,random,float32
5,343.361784,6692,52430573,54.180,random,float32
5,343.902173,6661,52430573,54.348,random,float32
5,344.437965,8774,52430573,54.696,random,float32
5,344.978695,2922,52430573,53.582,random,float32
5,345.513646,6901,52430573,53.332,random,float32
5,346.055273,3538,52430573,55.545,random,float32
5,346.600232,5841,52430573,54.546,random,float32
5,347.147780,518,52430573,54.368,random,float32
5,347.698520,6983,52430573,53.373,random,float32
5,348.236061,425,52430573,52.820,random,float32
5,348.783311,9959,52430573,54.125,random,float32
5,349.333843,2402,52430573,54.369,random,float32
5,349.909774,5818,52430573,55.120,random,float32
5,350.462844,7781,52430573,54.406,random,float32
5,351.002680,4580,52430573,53.059,random,float32
5,351.531063,1914,52430573,54.050,random,float32
5,352.068497,9696,52430573,53.643,random,float32
5,352.615789,8840,52430573,55.977,random,float32
5,353.185481,280,52430573,54.224,random,float32
5,353.723225,3845,52430573,53.182,random,float32
5,354.260844,2572,52430573,54.839,random,float32
5,354.800374,4576,52430573,55.515,random,float32
5,355.363145,5490,52430573,55.766,random,float32
5,355.912200,1129,52430573,54.113,random,float32
5,356.459397,9425,52430573,54.550,random,float32
5,356.997773,4098,52430573,54.192,random,float32
5,357.547790,2616,52430573,55.030,random,float32
5,358.101710,1615,52430573,53.829,random,float32
5,358.644727,3516,52430573,55.062,random,float32
5,359.205823,2415,52430573,57.397,random,float32
5,359.756065,5361,52430573,54.218,random,float32
5,360.313711,8219,52430573,55.831,random,float32
5,360.870113,8819,52430573,54.522,random,float32
5,361.426404,6487,52430573,54.944,random,float32
5,361.977148,4905,52430573,56.900,random,float32
5,362.535328,4482,52430573,56.876,random,float32
5,363.084109,1818,52430573,52.913,random,float32
5,363.620171,5280,52430573,52.171,random,float32
5,364.152834,9223,52430573,53.954,random,float32
5,364.692788,4001,52430573,54.189,random,float32
5,365.250676,8882,52430573,55.944,random,float32
5,365.792251,5253,52430573,55.177,random,float32
5,366.346622,8886,52430573,53.793,random,float32
5,366.908994,4051,52430573,54.684,random,float32
5,367.456726,2427,52430573,55.622,random,float32
5,368.016195,5114,52430573,57.851,random,float32
5,368.579948,5823,52430573,56.192,random,float32
5,369.128747,7147,52430573,54.538,random,float32
5,369.691544,6354,52430573,56.681,random,float32
5,370.249540,1582,52430573,56.702,random,float32
5,370.817771,988,52430573,53.685,random,float32
5,371.362173,1698,52430573,54.270,random,float32
5,371.913538,6384,52430573,55.237,random,float32
5,372.485819,7293,52430573,55.314,random,float32
5,373.028014,81,52430573,54.649,random,float32
5,373.569289,610,52430573,55.018,random,float32
5,374.132989,3156,52430573,54.582,random,float32
5,374.685034,8713,52430573,55.145,random,float32
5,375.246121,7898,52430573,54.758,random,float32
5,375.794305,8300,52430573,54.536,random,float32
5,376.347180,1398,52430573,56.141,random,float32
5,376.902225,9502,52430573,53.234,random,float32
5,377.435163,3148,52430573,54.664,random,float32
5,377.977515,3810,52430573,53.715,random,float32
5,378.518763,2438,52430573,54.268,random,float32
5,379.058502,7846,52430573,57.517,random,float32
5,379.609476,292,52430573,55.585,random,float32
5,380.173599,5957,52430573,55.466,random,float32
5,380.736406,7605,52430573,55.184,random,float32
5,381.292189,4989,52430573,56.212,random,float32
5,381.844220,6227,52430573,54.557,random,float32
5,382.381470,8024,52430573,51.626,random,float32
5,382.925744,1060,52430573,53.786,random,float32
5,383.465756,329,52430573,54.708,random,float32
5,384.031899,643,52430573,57.673,random,float32
5,384.589929,5943,52430573,54.492,random,float32
5,385.140960,5626,52430573,55.061,random,float32
5,385.702009,2693,52430573,56.487,random,float32
5,386.262160,322,52430573,55.514,random,float32
5,386.812266,5112,52430573,54.186,random,float32
5,387.368005,738,52430573,55.517,random,float32
5,387.915071,2382,52430573,55.402,random,float32
5,388.463789,893,52430573,55.473,random,float32
5,389.018041,5504,52430573,55.819,random,float32
5,389.572110,8791,52430573,54.567,random,float32
5,390.115449,1333,52430573,54.712,random,float32
5,390.656864,9425,52430573,55.677,random,float32
5,391.199771,3111,52430573,54.468,random,float32
5,391.744679,2165,52430573,55.192,random,float32
5,392.296668,3891,52430573,55.767,random,float32
5,392.853261,3270,52430573,55.631,random,float32
5,393.395592,2694,52430573,56.448,random,float32
5,393.953659,6318,52430573,56.595,random,float32
5,394.498645,6887,52430573,51.949,random,float32
5,395.041983,5864,52430573,55.898,random,float32
5,395.587714,6462,52430573,55.060,random,float32
5,396.138008,1217,52430573,57.557,random,float32
5,396.700237,5715,52430573,54.636,random,float32
5,397.241372,8223,52430573,54.809,random,float32
5,397.775927,961,52430573,53.472,random,float32
5,398.316426,1281,52430573,54.905,random,float32
5,398.860335,3485,52430573,55.108,random,float32
5,399.414719,1126,52430573,56.913,random,float32
5,399.958525,2568,52430573,53.543,random,float32
5,400.495611,4018,52430573,54.318,random,float32
5,401.032130,363,52430573,52.584,random,float32
5,401.569355,3464,52430573,52.853,random,float32
5,402.106217,5096,52430573,52.845,random,float32
5,402.637028,2235,52430573,51.831,random,float32
5,403.174516,8500,52430573,52.931,random,float32
5,403.716148,737,52430573,53.845,random,float32
5,404.265684,1039,52430573,55.188,random,float32
5,404.829801,6164,52430573,55.859,random,float32
5,405.380663,3066,52430573,54.147,random,float32
5,405.917572,4916,52430573,54.111,random,float32
5,406.453746,6263,52430573,53.498,random,float32
5,406.972156,4554,52430573,53.244,random,float32
5,407.507290,4896,52430573,52.188,random,float32
5,408.034377,5207,52430573,53.355,random,float32
5,408.571080,9275,52430573,51.063,random,float32
5,409.103727,471,52430573,51.764,random,float32
5,409.642111,3933,52430573,53.029,random,float32
5,410.175825,9131,52430573,53.305,random,float32
5,410.712887,1875,52430573,54.716,random,float32
5,411.246782,3438,52430573,53.919,random,float32
5,411.774376,9742,52430573,53.274,random,float32
5,412.294837,1420,52430573,52.812,random,float32
5,412.839661,1349,52430573,61.542,random,float32
5,413.386545,1831,52430573,54.368,random,float32
5,413.924001,8128,52430573,54.209,random,float32
5,414.451718,6184,52430573,54.243,random,float32
5,414.983594,532,52430573,53.693,random,float32
5,415.514878,9892,52430573,52.524,random,float32
5,416.051662,292,52430573,56.056,random,float32
5,416.591608,7883,52430573,54.088,random,float32
5,417.135764,8477,52430573,55.369,random,float32
5,417.685611,3717,52430573,55.290,random,float32
5,418.238680,6429,52430573,55.130,random,float32
5,418.788030,7991,52430573,53.823,random,float32
5,419.328761,7332,52430573,53.971,random,float32
5,419.853915,9689,52430573,53.119,random,float32
5,420.379858,2870,52430573,50.989,random,float32
5,420.923961,4783,52430573,53.298,random,float32
5,421.458863,5133,52430573,53.591,random,float32
5,421.992434,5166,52430573,52.609,random,float32
5,422.520762,1811,52430573,54.929,random,float32
5,423.048672,2516,52430573,53.771,random,float32
5,423.586128,537,52430573,51.362,random,float32
5,424.123965,3371,52430573,53.603,random,float32
5,424.660950,2391,52430573,53.417,random,float32
5,425.186728,7789,52430573,53.264,random,float32
5,425.732907,9932,52430573,55.901,random,float32
5,426.291044,285,52430573,56.282,random,float32
5,426.836672,7198,52430573,54.182,random,float32
5,427.372836,5781,52430573,53.399,random,float32
5,427.906868,4138,52430573,53.675,random,float32
5,428.450886,4068,52430573,53.850,random,float32
5,428.988403,8555,52430573,52.560,random,float32
5,429.524502,1257,52430573,54.138,random,float32
5,430.063538,2113,52430573,52.891,random,float32
5,430.593775,9036,52430573,53.039,random,float32
5,431.124897,2027,52430573,49.946,random,float32
5,431.646522,4017,52430573,51.377,random,float32
5,432.175784,2184,52430573,54.870,random,float32
5,432.709788,2875,52430573,53.054,random,float32
5,433.247734,7046,52430573,52.942,random,float32
5,433.783078,8480,52430573,52.710,random,float32
5,434.322692,6110,52430573,53.463,random,float32
5,434.859844,1257,52430573,53.533,random,float32
5,435.399564,9523,52430573,51.987,random,float32
5,435.932780,4967,52430573,53.263,random,float32
5,436.468741,335,52430573,52.213,random,float32
5,437.002826,6943,52430573,52.398,random,float32
5,437.535390,5358,52430573,53.594,random,float32
5,438.071757,9464,52430573,54.436,random,float32
5,438.609907,8565,52430573,53.098,random,float32
5,439.151862,1597,52430573,54.121,random,float32
5,439.688473,2627,52430573,54.222,random,float32
5,440.229263,1938,52430573,54.502,random,float32
5,440.770711,6452,52430573,53.684,random,float32
5,441.298838,7030,52430573,52.674,random,float32
5,441.831464,5821,52430573,54.183,random,float32
5,442.368862,5024,52430573,54.316,random,float32
5,442.900584,8100,52430573,52.007,random,float32
5,443.432312,4851,52430573,53.353,random,float32
5,443.958631,549,52430573,54.247,random,float32
5,444.488513,4724,52430573,53.732,random,float32
5,445.028062,3562,52430573,55.245,random,float32
5,445.561618,6806,52430573,52.805,random,float32
5,446.094639,5990,52430573,53.316,random,float32
5,446.640165,4115,52430573,54.805,random,float32
5,447.172189,3009,52430573,53.360,random,float32
5,447.706412,1294,52430573,53.264,random,float32
5,448.238806,9335,52430573,50.821,random,float32
5,448.775131,1264,52430573,52.759,random,float32
5,449.314199,2487,52430573,53.486,random,float32
5,449.857050,3484,52430573,55.018,random,float32
5,450.397295,2720,52430573,54.788,random,float32
5,450.932801,4744,52430573,52.296,random,float32
5,451.473556,4750,52430573,54.310,random,float32
5,452.013335,7672,52430573,54.209,random,float32
5,452.556604,5172,52430573,53.030,random,float32
5,453.097903,3455,52430573,53.569,random,float32
5,453.635944,3327,52430573,54.269,random,float32
5,454.174457,4579,52430573,52.524,random,float32
5,454.710312,639,52430573,54.666,random,float32
5,455.237757,4577,52430573,51.773,random,float32
5,455.770327,9976,52430573,53.211,random,float32
5,456.302143,1621,52430573,52.879,random,float32
5,456.835157,7660,52430573,53.473,random,float32
5,457.370457,3297,52430573,54.174,random,float32
5,457.911362,8832,52430573,56.048,random,float32
5,458.453672,2762,52430573,51.839,random,float32
5,458.987411,501,52430573,53.510,random,float32
5,459.512740,2258,52430573,53.117,random,float32
5,460.043272,6086,52430573,53.951,random,float32
5,460.578973,1592,52430573,53.390,random,float32
5,461.116098,4478,52430573,53.902,random,float32
5,461.648632,6305,52430573,53.679,random,float32
5,462.180306,8312,52430573,52.698,random,float32
5,462.706293,8838,52430573,53.031,random,float32
5,463.240613,3841,52430573,53.400,random,float32
5,463.776812,6581,52430573,53.898,random,float32
5,464.307053,1131,52430573,55.155,random,float32
5,464.850144,3816,52430573,53.690,random,float32
5,465.395513,2726,52430573,53.417,random,float32
5,465.938139,3553,52430573,54.981,random,float32
5,466.494475,427,52430573,55.519,random,float32
5,467.044030,2333,52430573,54.512,random,float32
5,467.591796,1105,52430573,54.986,random,float32
5,468.134704,7246,52430573,56.026,random,float32
5,468.687579,3897,52430573,53.622,random,float32
5,469.235929,8161,52430573,55.249,random,float32
5,469.787447,7909,52430573,53.851,random,float32
5,470.327322,5300,52430573,54.129,random,float32
5,470.867050,8691,52430573,53.488,random,float32
5,471.402596,1065,52430573,53.370,random,float32
5,471.944639,3814,52430573,53.538,random,float32
5,472.478528,9024,52430573,52.595,random,float32
5,473.014659,8697,52430573,52.968,random,float32
5,473.546133,8207,52430573,53.645,random,float32
5,474.085604,9126,52430573,53.852,random,float32
5,474.621047,5629,52430573,53.039,random,float32
5,475.170403,127,52430573,53.759,random,float32
5,475.721220,7136,52430573,56.069,random,float32
5,476.259770,6319,52430573,53.095,random,float32
5,476.793170,8889,52430573,52.698,random,float32
5,477.325069,3925,52430573,53.467,random,float32
5,477.868014,8006,52430573,52.250,random,float32
5,478.400794,2694,52430573,55.875,random,float32
5,478.920858,6506,52430573,51.703,random,float32
5,479.461225,5071,52430573,52.861,random,float32
5,479.999030,7479,52430573,53.671,random,float32
5,480.540221,3453,52430573,54.156,random,float32
5,481.069705,3077,52430573,53.443,random,float32
5,481.602042,4177,52430573,53.157,random,float32
5,482.137912,828,52430573,52.912,random,float32
5,482.664890,1253,52430573,52.746,random,float32
5,483.201256,8124,52430573,51.596,random,float32
5,483.734237,2159,52430573,53.531,random,float32
5,484.285187,7052,52430573,53.725,random,float32
5,484.841118,8173,52430573,54.706,random,float32
5,485.390666,6490,52430573,51.847,random,float32
5,485.926061,2483,52430573,53.460,random,float32
5,486.461384,310,52430573,53.683,random,float32
5,486.992906,4793,52430573,52.526,random,float32
5,487.532362,421,52430573,56.209,random,float32
5,488.082527,1143,52430573,54.728,random,float32
5,488.626192,4411,52430573,54.115,random,float32
5,489.172858,1873,52430573,54.240,random,float32
5,489.702479,1874,52430573,52.770,random,float32
5,490.233504,2991,52430573,56.356,random,float32
5,490.797249,8753,52430573,55.375,random,float32
5,491.341932,7307,52430573,54.502,random,float32
5,491.901443,8304,52430573,55.288,random,float32
5,492.449045,4769,52430573,52.314,random,float32
5,492.990676,8049,52430573,52.932,random,float32
5,493.529097,5425,52430573,53.400,random,float32
5,494.068827,8269,52430573,53.303,random,float32
5,494.606953,1954,52430573,55.182,random,float32
5,495.148147,387,52430573,55.521,random,float32
5,495.687627,2807,52430573,53.370,random,float32
5,496.225376,5121,52430573,52.903,random,float32
5,496.761401,6397,52430573,53.027,random,float32
5,497.298870,9664,52430573,52.857,random,float32
5,497.835597,370,52430573,53.111,random,float32
5,498.372484,4472,52430573,57.783,random,float32
5,498.907864,6229,52430573,54.247,random,float32
5,499.439938,2758,52430573,53.164,random,float32
5,499.972883,8978,52430573,52.529,random,float32
5,500.504723,6834,52430573,53.244,random,float32
5,501.044581,4225,52430573,52.734,random,float32
5,501.594501,9633,52430573,56.051,random,float32
5,502.150198,3345,52430573,53.714,random,float32
5,502.683715,2102,52430573,54.536,random,float32
5,503.223450,8706,52430573,53.372,random,float32
5,503.759383,3835,52430573,51.756,random,float32
5,504.298676,6559,52430573,53.636,random,float32
5,504.842174,7314,52430573,54.664,random,float32
5,505.389192,7400,52430573,54.112,random,float32
5,505.934058,8492,52430573,54.432,random,float32
5,506.474842,2430,52430573,54.481,random,float32
5,507.014601,3217,52430573,55.843,random,float32
5,507.555169,7138,52430573,53.958,random,float32
5,508.094194,6483,52430573,54.992,random,float32
5,508.627827,3422,52430573,52.918,random,float32
5,509.160303,7328,52430573,53.106,random,float32
5,509.696209,8092,52430573,55.156,random,float32
5,510.232026,116,52430573,52.104,random,float32
5,510.772817,9210,52430573,53.754,random,float32
5,511.305876,9641,52430573,52.200,random,float32
5,511.840397,4053,52430573,54.014,random,float32
5,512.378401,3411,52430573,52.968,random,float32
5,512.915945,941,52430573,55.557,random,float32
5,513.464419,9061,52430573,55.394,random,float32
5,514.020275,8842,52430573,54.344,random,float32
5,514.575526,6664,52430573,54.377,random,float32
5,515.119698,5953,52430573,54.410,random,float32
5,515.661633,7965,52430573,53.352,random,float32
5,516.197363,1757,52430573,51.990,random,float32
5,516.737032,9831,52430573,54.361,random,float32
5,517.285528,1471,52430573,55.618,random,float32
5,517.841223,2240,52430573,55.527,random,float32
5,518.394874,7080,52430573,54.548,random,float32
5,518.932207,4823,52430573,53.135,random,float32
5,519.464793,4276,52430573,54.579,random,float32
5,520.000823,6487,52430573,52.848,random,float32
5,520.525270,7869,52430573,53.960,random,float32
5,521.053381,1466,52430573,52.740,random,float32
5,521.588615,8381,52430573,54.723,random,float32
5,522.143497,7459,52430573,53.616,random,float32
5,522.685903,8742,52430573,55.226,random,float32
5,523.260191,9435,52430573,55.263,random,float32
5,523.806856,6137,52430573,54.237,random,float32
5,524.342605,5771,52430573,54.611,random,float32
5,524.871989,3046,52430573,51.647,random,float32
5,525.403036,5233,52430573,53.524,random,float32
5,525.937568,6086,52430573,53.461,random,float32
5,526.467975,4300,52430573,52.564,random,float32
5,527.003210,581,52430573,52.542,random,float32
5,527.531238,3587,52430573,53.616,random,float32
5,528.058890,1701,52430573,51.605,random,float32
5,528.591276,8179,52430573,52.604,random,float32
5,529.126473,1966,52430573,53.626,random,float32
5,529.659094,1123,52430573,52.340,random,float32
5,530.192113,7230,52430573,54.069,random,float32
5,530.719673,1746,52430573,51.279,random,float32
5,531.249615,3831,52430573,53.244,random,float32
5,531.782896,5636,52430573,53.383,random,float32
5,532.312357,1922,52430573,54.856,random,float32
5,532.848498,2585,52430573,54.504,random,float32
5,533.386151,9513,52430573,53.179,random,float32
5,533.927109,7906,52430573,53.900,random,float32
5,534.461708,5559,52430573,52.626,random,float32
5,534.999785,7571,52430573,54.735,random,float32
5,535.534339,2423,52430573,54.312,random,float32
5,536.061060,9869,52430573,52.177,random,float32
5,536.588337,224,52430573,53.168,random,float32
5,537.125537,9483,52430573,54.439,random,float32
5,537.663946,3472,52430573,53.691,random,float32
5,538.202465,6305,52430573,53.551,random,float32
5,538.747252,374,52430573,54.820,random,float32
5,539.301434,6408,52430573,55.450,random,float32
5,539.845176,3714,52430573,53.634,random,float32
5,540.384516,9868,52430573,54.258,random,float32
5,540.922092,893,52430573,54.196,random,float32
5,541.460588,2095,52430573,54.243,random,float32
5,541.994298,6666,52430573,52.154,random,float32
5,542.523326,1307,52430573,52.205,random,float32
5,543.058688,2739,52430573,53.939,random,float32
5,543.594391,4294,52430573,52.867,random,float32
5,544.133574,5158,52430573,53.289,random,float32
5,544.671009,2966,52430573,53.224,random,float32
5,545.208355,9009,52430573,53.299,random,float32
5,545.749751,9697,52430573,54.128,random,float32
5,546.287462,4809,52430573,54.450,random,float32
5,546.819997,6216,52430573,52.129,random,float32
5,547.341871,6840,52430573,51.653,random,float32
5,547.875043,6927,52430573,52.818,random,float32
5,548.414370,3932,52430573,53.812,random,float32
5,548.944663,5721,52430573,52.682,random,float32
5,549.475890,3899,52430573,51.670,random,float32
5,550.000840,2952,52430573,54.659,random,float32
5,550.540822,7613,52430573,54.144,random,float32
5,551.074498,9796,52430573,53.546,random,float32
5,551.610229,2521,52430573,56.237,random,float32
5,552.147664,9487,52430573,54.125,random,float32
5,552.682718,6915,52430573,53.800,random,float32
5,553.219948,6332,52430573,54.129,random,float32
5,553.756336,1333,52430573,51.732,random,float32
5,554.296150,2552,52430573,54.551,random,float32
5,554.835272,4470,52430573,53.761,random,float32
5,555.371679,2390,52430573,52.937,random,float32
5,555.915780,426,52430573,54.878,random,float32
5,556.454755,9239,52430573,53.273,random,float32
5,556.981674,211,52430573,52.576,random,float32
5,557.510646,8962,52430573,51.407,random,float32
5,558.043793,207,52430573,53.890,random,float32
5,558.580613,7101,52430573,54.855,random,float32
5,559.115824,6788,52430573,53.536,random,float32
5,559.651750,3899,52430573,52.853,random,float32
5,560.184967,2450,52430573,53.845,random,float32
5,560.723161,1998,52430573,53.813,random,float32
5,561.262808,7435,52430573,53.822,random,float32
5,561.794393,9114,52430573,53.038,random,float32
5,562.330566,3901,52430573,53.009,random,float32
5,562.872473,3304,52430573,54.085,random,float32
5,563.409963,8969,52430573,53.711,random,float32
5,563.947203,3493,52430573,54.038,random,float32
5,564.489088,5684,52430573,54.670,random,float32
5,565.027496,6726,52430573,53.586,random,float32
5,565.555739,7076,52430573,53.144,random,float32
5,566.093632,5759,52430573,53.003,random,float32
5,566.619240,1033,52430573,52.459,random,float32
5,567.150628,9326,52430573,54.327,random,float32
5,567.682972,5527,52430573,52.673,random,float32
5,568.215194,9266,52430573,53.514,random,float32
5,568.755282,6219,52430573,54.648,random,float32
5,569.294785,1231,52430573,54.621,random,float32
5,569.829210,6333,52430573,53.708,random,float32
5,570.381654,4161,52430573,56.187,random,float32
5,570.927474,7803,52430573,53.803,random,float32
5,571.458436,3806,52430573,53.310,random,float32
5,571.994364,5233,52430573,52.512,random,float32
5,572.524208,8373,52430573,52.755,random,float32
5,573.054681,9810,52430573,49.983,random,float32
5,573.592171,8926,52430573,54.181,random,float32
5,574.131178,6020,52430573,52.870,random,float32
5,574.665072,9149,52430573,53.153,random,float32
5,575.196134,9749,52430573,52.778,random,float32
5,575.730269,5975,52430573,53.177,random,float32
5,576.269171,1452,52430573,55.609,random,float32
5,576.805118,625,52430573,56.351,random,float32
5,577.343958,1094,52430573,52.887,random,float32
5,577.883387,1657,52430573,52.994,random,float32
5,578.415563,646,52430573,51.543,random,float32
5,578.940474,256,52430573,53.451,random,float32
5,579.475163,2796,52430573,51.915,random,float32
5,580.001316,6778,52430573,52.392,random,float32
5,580.535794,6356,52430573,53.633,random,float32
5,581.066293,3880,52430573,55.690,random,float32
5,581.596718,9715,52430573,54.910,random,float32
5,582.129149,4980,52430573,52.755,random,float32
5,582.656984,4606,52430573,53.248,random,float32
5,583.193468,1459,52430573,53.610,random,float32
5,583.736379,3154,52430573,53.349,random,float32
5,584.262306,5522,52430573,51.630,random,float32
5,584.798897,3612,52430573,53.133,random,float32
5,585.342035,8416,52430573,53.103,random,float32
5,585.878734,4646,52430573,54.024,random,float32
5,586.421298,7568,52430573,54.940,random,float32
5,586.973126,1414,52430573,55.149,random,float32
5,587.516117,4014,52430573,55.135,random,float32
5,588.066843,2601,52430573,52.729,random,float32
5,588.634903,3941,52430573,57.381,random,float32
5,589.185982,7530,52430573,55.120,random,float32
5,589.746730,23,52430573,55.179,random,float32
5,590.293584,1741,52430573,54.157,random,float32
5,590.837155,9376,52430573,54.423,random,float32
5,591.382635,649,52430573,55.530,random,float32
5,591.944342,1489,52430573,55.167,random,float32
5,592.480823,9689,52430573,53.517,random,float32
5,593.011738,9384,52430573,52.861,random,float32
5,593.541158,7700,52430573,53.246,random,float32
5,594.080685,860,52430573,54.041,random,float32
5,594.616432,8275,52430573,53.850,random,float32
5,595.156030,2364,52430573,54.161,random,float32
5,595.698472,9300,52430573,55.177,random,float32
5,596.238392,8941,52430573,54.575,random,float32
5,596.776939,5928,52430573,54.509,random,float32
5,597.319677,4202,52430573,52.683,random,float32
5,597.851813,435,52430573,51.723,random,float32
5,598.393400,4610,52430573,54.577,random,float32
5,598.933784,1625,52430573,56.004,random,float32
5,599.512587,6969,52430573,54.929,random,float32
5,600.056647,3113,52430573,53.442,random,float32
5,600.597154,1817,52430573,54.888,random,float32
5,601.126930,1174,52430573,52.927,random,float32
5,601.663130,4791,52430573,53.081,random,float32
5,602.195133,817,52430573,53.526,random,float32
5,602.743788,3398,52430573,54.851,random,float32
5,603.280028,5384,52430573,52.748,random,float32
5,603.812610,8821,52430573,53.874,random,float32
5,604.342770,7840,52430573,53.605,random,float32
5,604.875461,7154,52430573,55.113,random,float32
5,605.406171,6934,52430573,52.706,random,float32
5,605.943206,2761,52430573,55.100,random,float32
5,606.474737,4504,52430573,52.699,random,float32
5,607.002809,6113,52430573,52.781,random,float32
5,607.530710,8790,52430573,52.386,random,float32
5,608.062829,3797,52430573,54.989,random,float32
5,608.599065,1372,52430573,54.522,random,float32
5,609.135342,6603,52430573,53.902,random,float32
5,609.667840,8238,52430573,55.367,random,float32
5,610.194933,4335,52430573,52.345,random,float32
5,610.729528,6915,52430573,54.939,random,float32
5,611.260130,8500,52430573,52.339,random,float32
5,611.792451,3712,52430573,53.078,random,float32
5,612.321872,5437,52430573,51.748,random,float32
5,612.850157,3222,52430573,53.800,random,float32
5,613.377223,5649,52430573,53.461,random,float32
5,613.915494,6506,52430573,51.986,random,float32
5,614.440315,6145,52430573,53.669,random,float32
5,614.979538,6649,52430573,53.651,random,float32
5,615.513513,4144,52430573,53.225,random,float32
5,616.045202,5533,52430573,54.285,random,float32
5,616.573891,2853,52430573,53.712,random,float32
5,617.109557,2926,52430573,54.307,random,float32
5,617.643953,3337,52430573,53.558,random,float32
5,618.181265,3419,52430573,53.957,random,float32
5,618.720583,5711,52430573,53.226,random,float32
5,619.252438,6941,52430573,54.265,random,float32
5,619.788407,4341,52430573,51.827,random,float32
5,620.313837,2281,52430573,52.571,random,float32
5,620.848206,8157,52430573,54.251,random,float32
5,621.396634,1187,52430573,53.053,random,float32
5,621.926028,6969,52430573,52.259,random,float32
5,622.457281,1242,52430573,54.589,random,float32
5,622.987813,1057,52430573,50.818,random,float32
5,623.519991,1857,52430573,52.634,random,float32
5,624.055199,5299,52430573,54.679,random,float32
5,624.587306,9963,52430573,53.086,random,float32
5,625.121623,7952,52430573,53.354,random,float32
5,625.649717,6729,52430573,52.116,random,float32
5,626.185457,2502,52430573,53.550,random,float32
5,626.719462,1141,52430573,53.700,random,float32
5,627.268328,3306,52430573,57.497,random,float32
5,627.819256,76,52430573,53.409,random,float32
5,628.378156,4862,52430573,56.851,random,float32
5,628.941780,5595,52430573,56.616,random,float32
5,629.487089,7223,52430573,54.416,random,float32
5,630.032060,2078,52430573,55.216,random,float32
5,630.570805,2973,52430573,53.551,random,float32
5,631.111248,3879,52430573,54.171,random,float32
5,631.657822,5379,52430573,55.004,random,float32
5,632.208300,57,52430573,54.685,random,float32
5,632.749968,754,52430573,56.318,random,float32
5,633.296772,3126,52430573,55.233,random,float32
5,633.838677,3086,52430573,56.249,random,float32
5,634.373781,2971,52430573,53.236,random,float32
5,634.911976,6619,52430573,54.490,random,float32
5,635.440013,5892,52430573,52.941,random,float32
5,635.969635,8520,52430573,52.743,random,float32
5,636.512854,5099,52430573,53.325,random,float32
5,637.050564,8182,52430573,54.908,random,float32
5,637.600443,2535,52430573,55.470,random,float32
5,638.144195,4239,52430573,53.342,random,float32
5,638.679867,6191,52430573,53.480,random,float32
5,639.214996,7275,52430573,52.957,random,float32
5,639.760106,6174,52430573,55.456,random,float32
5,640.312440,4950,52430573,57.209,random,float32
5,640.856025,7190,52430573,59.774,random,float32
5,641.397158,6150,52430573,51.809,random,float32
5,641.929786,4686,52430573,53.125,random,float32
5,642.467644,1449,52430573,55.282,random,float32
5,643.010781,5444,52430573,54.445,random,float32
5,643.562745,9529,52430573,55.537,random,float32
5,644.114636,7008,52430573,54.054,random,float32
5,644.659130,9233,52430573,55.561,random,float32
5,645.202225,9713,52430573,53.638,random,float32
5,645.734966,2064,52430573,52.070,random,float32
5,646.259595,7021,52430573,51.567,random,float32
5,646.783942,5753,52430573,51.938,random,float32
5,647.322406,675,52430573,53.758,random,float32
5,647.852111,4470,52430573,53.670,random,float32
5,648.388842,3853,52430573,53.063,random,float32
5,648.911015,4527,52430573,52.543,random,float32
5,649.439834,4019,52430573,53.150,random,float32
5,649.962544,3095,52430573,51.390,random,float32
5,650.499035,5553,52430573,56.380,random,float32
5,651.027036,4223,52430573,53.042,random,float32
5,651.561171,7400,52430573,54.003,random,float32
5,652.098692,3480,52430573,54.618,random,float32
5,652.630294,9324,52430573,52.389,random,float32
5,653.168446,3903,52430573,53.192,random,float32
5,653.702679,3425,52430573,55.909,random,float32
5,654.244571,7887,52430573,53.066,random,float32
5,654.768757,5442,52430573,51.673,random,float32
5,655.298195,6660,52430573,53.101,random,float32
5,655.833445,2895,52430573,52.875,random,float32
5,656.363566,9406,52430573,53.190,random,float32
5,656.901736,2952,52430573,53.330,random,float32
5,657.438540,213,52430573,54.300,random,float32
5,657.974486,1327,52430573,52.291,random,float32
5,658.505337,2011,52430573,52.942,random,float32
5,659.029480,1466,52430573,49.902,random,float32
5,659.567769,6393,52430573,52.145,random,float32
5,660.093873,8019,52430573,52.770,random,float32
5,660.626187,127,52430573,54.661,random,float32
5,661.155629,6278,52430573,51.879,random,float32
5,661.690775,7022,52430573,55.583,random,float32
5,662.232736,6647,52430573,54.982,random,float32
5,662.769486,9864,52430573,54.686,random,float32
5,663.299677,7538,52430573,53.203,random,float32
5,663.836942,514,52430573,54.276,random,float32
5,664.375822,2348,52430573,53.507,random,float32
5,664.911992,3588,52430573,52.507,random,float32
5,665.449674,6425,52430573,53.076,random,float32
5,665.980850,2227,52430573,54.841,random,float32
5,666.511809,5928,52430573,52.856,random,float32
5,667.040085,9767,52430573,53.191,random,float32
5,667.576844,4759,52430573,55.111,random,float32
5,668.112628,4767,52430573,53.190,random,float32
5,668.646669,5988,52430573,52.358,random,float32
5,669.171801,1896,52430573,51.173,random,float32
5,669.710231,871,52430573,53.551,random,float32
5,670.244238,9737,52430573,53.527,random,float32
5,670.785623,7167,52430573,53.708,random,float32
5,671.324299,1608,52430573,53.529,random,float32
5,671.867386,1129,52430573,52.899,random,float32
5,672.409527,6953,52430573,54.547,random,float32
5,672.943419,8797,52430573,52.798,random,float32
5,673.470865,1620,52430573,52.863,random,float32
5,674.002030,7014,52430573,51.753,random,float32
5,674.533105,1490,52430573,52.852,random,float32
5,675.061103,1181,52430573,54.431,random,float32
5,675.598400,6012,52430573,52.871,random,float32
5,676.125643,7322,52430573,51.406,random,float32
5,676.650077,9622,52430573,52.048,random,float32
5,677.175287,3388,52430573,53.097,random,float32
5,677.707607,9920,52430573,53.237,random,float32
5,678.241822,8292,52430573,53.822,random,float32
5,678.776437,2585,52430573,54.143,random,float32
5,679.300372,2473,52430573,52.790,random,float32
5,679.833727,4721,52430573,52.613,random,float32
5,680.366192,8376,52430573,48.171,random,float32
5,680.901439,6348,52430573,52.342,random,float32
5,681.425450,257,52430573,53.292,random,float32
5,681.961530,7184,52430573,53.714,random,float32
5,682.502834,3982,52430573,54.256,random,float32
5,683.046882,4526,52430573,53.974,random,float32
5,683.587195,7680,52430573,54.571,random,float32
5,684.124422,8726,52430573,52.988,random,float32
5,684.667090,3974,52430573,54.723,random,float32
5,685.208704,6784,52430573,53.686,random,float32
5,685.739726,6425,52430573,53.010,random,float32
5,686.274078,4879,52430573,54.646,random,float32
5,686.813992,2637,52430573,52.781,random,float32
5,687.342030,8492,52430573,51.985,random,float32
5,687.865826,6376,52430573,52.461,random,float32
5,688.398807,6123,52430573,53.246,random,float32
5,688.929376,8547,52430573,51.583,random,float32
5,689.463352,45,52430573,52.718,random,float32
5,689.998473,5012,52430573,53.871,random,float32
5,690.531605,9208,52430573,53.718,random,float32
5,691.068153,2265,52430573,53.035,random,float32
5,691.604833,9999,52430573,52.768,random,float32
5,692.137604,1650,52430573,54.002,random,float32
5,692.673005,3454,52430573,54.306,random,float32
5,693.210010,5573,52430573,53.229,random,float32
5,693.740727,452,52430573,51.925,random,float32
5,694.268956,7885,52430573,53.372,random,float32
5,694.801908,294,52430573,53.616,random,float32
5,695.337519,4590,52430573,53.289,random,float32
5,695.863916,481,52430573,52.438,random,float32
5,696.400185,8591,52430573,53.075,random,float32
5,696.933925,4670,52430573,53.410,random,float32
5,697.471646,9876,52430573,52.954,random,float32
5,698.009467,102,52430573,53.363,random,float32
5,698.549541,5487,52430573,53.720,random,float32
5,699.081061,9973,52430573,52.811,random,float32
5,699.608354,511,52430573,52.998,random,float32
5,700.139506,6846,52430573,52.022,random,float32
5,700.672314,4353,52430573,52.916,random,float32
5,701.206471,5873,52430573,53.060,random,float32
5,701.741764,8622,52430573,53.359,random,float32
5,702.275324,8408,52430573,52.724,random,float32
5,702.800391,7062,52430573,49.153,random,float32
5,703.329368,7930,52430573,52.685,random,float32
5,703.866264,6686,52430573,55.743,random,float32
5,704.409200,6464,52430573,53.203,random,float32
5,704.940621,9081,52430573,54.088,random,float32
5,705.465646,9277,52430573,53.362,random,float32
5,706.000045,586,52430573,55.307,random,float32
5,706.535372,4203,52430573,54.042,random,float32
5,707.064919,9371,52430573,53.713,random,float32
5,707.594155,8427,52430573,52.918,random,float32
5,708.120779,1678,52430573,52.576,random,float32
5,708.651036,2952,52430573,52.513,random,float32
5,709.191103,1951,52430573,52.544,random,float32
5,709.727101,719,52430573,54.058,random,float32
5,710.259457,3101,52430573,52.010,random,float32
5,710.788997,9029,52430573,53.298,random,float32
5,711.312526,1682,52430573,52.933,random,float32
5,711.838645,1351,52430573,51.994,random,float32
5,712.373139,2069,52430573,53.609,random,float32
5,712.911112,6333,52430573,53.714,random,float32
5,713.446897,9399,52430573,52.665,random,float32
5,713.990516,6518,52430573,54.327,random,float32
5,714.524602,6862,52430573,51.301,random,float32
5,715.068205,412,52430573,53.362,random,float32
5,715.602958,9132,52430573,52.377,random,float32
5,716.145824,4521,52430573,55.271,random,float32
5,716.700700,3697,52430573,54.753,random,float32
5,717.240969,224,52430573,53.314,random,float32
5,717.777540,6749,52430573,54.050,random,float32
5,718.316956,5358,52430573,53.291,random,float32
5,718.851033,9184,52430573,54.489,random,float32
5,719.395743,5875,52430573,53.649,random,float32
5,719.937965,1258,52430573,54.388,random,float32
5,720.476343,9745,52430573,56.087,random,float32
5,721.027509,5028,52430573,53.542,random,float32
5,721.569126,8185,52430573,55.928,random,float32
5,722.117514,7735,52430573,52.881,random,float32
5,722.653702,8953,52430573,53.786,random,float32
5,723.193091,1793,52430573,53.387,random,float32
5,723.724834,6468,52430573,52.597,random,float32
5,724.249192,6777,52430573,53.088,random,float32
5,724.783741,2099,52430573,53.981,random,float32
5,725.319069,6595,52430573,54.195,random,float32
5,725.859359,3597,52430573,52.742,random,float32
5,726.386650,8702,52430573,53.006,random,float32
5,726.913458,9696,52430573,52.754,random,float32
5,727.453078,9450,52430573,53.732,random,float32
5,727.983138,9940,52430573,52.223,random,float32
5,728.528015,2731,52430573,53.484,random,float32
5,729.063802,4286,52430573,53.202,random,float32
5,729.589330,3667,52430573,52.484,random,float32
5,730.118761,7064,52430573,53.542,random,float32
5,730.653147,3976,52430573,52.934,random,float32
5,731.187691,946,52430573,53.373,random,float32
5,731.722713,5862,52430573,53.749,random,float32
5,732.252930,106,52430573,53.610,random,float32
5,732.788775,4215,52430573,52.948,random,float32
5,733.321381,9666,52430573,53.387,random,float32
5,733.853903,8565,52430573,52.866,random,float32
5,734.380188,705,52430573,52.191,random,float32
5,734.914818,3286,52430573,53.505,random,float32
5,735.453555,322,52430573,54.191,random,float32
5,735.992046,4553,52430573,55.184,random,float32
5,736.527583,1978,52430573,53.468,random,float32
5,737.065620,3744,52430573,52.914,random,float32
5,737.603310,4972,52430573,53.342,random,float32
5,738.138815,6308,52430573,54.669,random,float32
5,738.681414,9772,52430573,53.815,random,float32
5,739.214449,7592,52430573,53.903,random,float32
5,739.752659,9867,52430573,52.764,random,float32
5,740.288598,9019,52430573,53.710,random,float32
5,740.822647,8717,52430573,53.442,random,float32
5,741.355607,6935,52430573,53.198,random,float32
5,741.890473,1798,52430573,52.654,random,float32
5,742.422476,9580,52430573,53.214,random,float32
5,742.955366,5473,52430573,52.688,random,float32
5,743.491055,5523,52430573,53.437,random,float32
5,744.037582,6307,52430573,53.938,random,float32
5,744.576947,1669,52430573,54.287,random,float32
5,745.118728,8864,52430573,53.258,random,float32
5,745.662511,4189,52430573,54.858,random,float32
5,746.221837,629,52430573,55.926,random,float32
5,746.763071,2062,52430573,56.293,random,float32
5,747.298977,7988,52430573,52.821,random,float32
5,747.830755,2191,52430573,52.986,random,float32
5,748.367252,8465,52430573,53.534,random,float32
5,748.898883,9150,52430573,53.410,random,float32
5,749.424942,5336,52430573,51.154,random,float32
5,749.955983,4725,52430573,52.582,random,float32
5,750.493350,1164,52430573,55.625,random,float32
5,751.033264,1464,52430573,54.489,random,float32
5,751.571076,6344,52430573,55.497,random,float32
5,752.102821,6578,52430573,51.744,random,float32
5,752.631861,8693,52430573,52.011,random,float32
5,753.166888,2374,52430573,53.736,random,float32
5,753.701070,5612,52430573,52.977,random,float32
5,754.246383,3823,52430573,55.842,random,float32
5,754.778794,8397,52430573,53.464,random,float32
5,755.313022,3669,52430573,53.470,random,float32
5,755.852674,9700,52430573,52.505,random,float32
5,756.391459,52,52430573,53.877,random,float32
5,756.933622,6067,52430573,55.201,random,float32
5,757.474043,378,52430573,53.219,random,float32
5,758.004479,4326,52430573,53.411,random,float32
5,758.544180,2226,52430573,53.710,random,float32
5,759.085678,2421,52430573,54.677,random,float32
5,759.643635,2216,52430573,53.827,random,float32
5,760.187070,9633,52430573,53.650,random,float32
5,760.731554,4501,52430573,54.805,random,float32
5,761.287174,2103,52430573,55.920,random,float32
5,761.832446,1120,52430573,54.150,random,float32
5,762.379350,1670,52430573,55.022,random,float32
5,762.929430,1803,52430573,56.536,random,float32
5,763.482382,4986,52430573,55.537,random,float32
5,764.031611,3721,52430573,54.554,random,float32
5,764.575658,4872,52430573,53.952,random,float32
5,765.120006,2271,52430573,53.855,random,float32
5,765.669516,6210,52430573,55.382,random,float32
5,766.223158,9345,52430573,54.197,random,float32
5,766.763056,7387,52430573,52.742,random,float32
5,767.294707,7685,52430573,52.432,random,float32
5,767.830576,3554,52430573,53.721,random,float32
5,768.372429,99,52430573,54.552,random,float32
5,768.905120,7550,52430573,52.511,random,float32
5,769.425231,851,52430573,52.279,random,float32
5,769.955713,7226,52430573,53.202,random,float32
5,770.490427,3673,52430573,52.875,random,float32
5,771.017211,1,52430573,51.619,random,float32
5,771.555937,9446,52430573,56.740,random,float32
5,772.095799,5159,52430573,53.339,random,float32
5,772.638954,3172,52430573,54.432,random,float32
5,773.159696,4876,52430573,51.825,random,float32
5,773.694834,3014,52430573,54.825,random,float32
5,774.239824,9323,52430573,53.558,random,float32
5,774.777805,4728,52430573,52.002,random,float32
5,775.322241,1170,52430573,54.321,random,float32
5,775.859803,6910,52430573,53.048,random,float32
5,776.404158,9956,52430573,53.374,random,float32
5,776.941011,207,52430573,52.373,random,float32
5,777.486184,2688,52430573,54.684,random,float32
5,778.026977,3395,52430573,52.924,random,float32
5,778.562936,1783,52430573,54.094,random,float32
5,779.102829,4451,52430573,54.344,random,float32
5,779.641540,8350,52430573,54.440,random,float32
5,780.178774,3525,52430573,52.293,random,float32
5,780.710348,8261,52430573,52.912,random,float32
5,781.239707,3474,52430573,54.846,random,float32
5,781.785129,4809,52430573,55.385,random,float32
5,782.321652,2057,52430573,55.715,random,float32
5,782.861904,1812,52430573,52.313,random,float32
5,783.403667,3309,52430573,54.142,random,float32
5,783.941920,7302,52430573,56.705,random,float32
5,784.473833,6869,52430573,54.185,random,float32
5,785.015249,760,52430573,55.255,random,float32
5,785.553400,3230,52430573,54.049,random,float32
5,786.091625,9255,52430573,53.979,random,float32
5,786.631199,4415,52430573,53.509,random,float32
5,787.187357,6160,52430573,56.196,random,float32
5,787.732834,4631,52430573,52.071,random,float32
5,788.270357,1972,52430573,54.788,random,float32
5,788.805924,5168,52430573,50.458,random,float32
5,789.339106,6027,52430573,55.162,random,float32
5,789.875497,5739,52430573,53.116,random,float32
5,790.412249,4910,52430573,54.127,random,float32
5,790.952325,4324,52430573,53.830,random,float32
5,791.489874,8181,52430573,54.824,random,float32
5,792.030248,7004,52430573,54.474,random,float32
5,792.580056,4424,52430573,55.798,random,float32
5,793.135990,7233,52430573,54.364,random,float32
5,793.679969,8925,52430573,55.410,random,float32
5,794.240848,5106,52430573,55.648,random,float32
5,794.788488,9374,52430573,54.603,random,float32
5,795.323778,8385,52430573,52.797,random,float32
5,795.857466,6282,52430573,53.188,random,float32
5,796.393263,1998,52430573,53.911,random,float32
5,796.929611,1551,52430573,52.929,random,float32
5,797.468019,3112,52430573,54.775,random,float32
5,798.010694,400,52430573,54.505,random,float32
5,798.543657,8518,52430573,54.826,random,float32
5,799.083153,4881,52430573,54.780,random,float32
5,799.626803,8208,52430573,53.403,random,float32
5,800.162913,9056,52430573,53.770,random,float32
5,800.701079,8832,52430573,54.742,random,float32
5,801.243550,8257,52430573,53.380,random,float32
5,801.794650,2213,52430573,56.122,random,float32
5,802.344420,442,52430573,53.120,random,float32
5,802.891742,5114,52430573,54.418,random,float32
5,803.441830,200,52430573,54.395,random,float32
5,803.986797,9463,52430573,53.936,random,float32
5,804.539533,2711,52430573,55.273,random,float32
5,805.085945,0,52430573,53.495,random,float32
5,805.634936,6361,52430573,54.997,random,float32
5,806.184876,4483,52430573,54.809,random,float32
5,806.729465,9104,52430573,53.539,random,float32
5,807.265666,3413,52430573,53.649,random,float32
5,807.808337,2621,52430573,54.536,random,float32
5,808.359147,3614,52430573,54.030,random,float32
5,808.915001,4181,52430573,55.557,random,float32
5,809.477608,2017,52430573,58.176,random,float32
5,810.019661,8907,52430573,53.809,random,float32
5,810.557949,1380,52430573,54.086,random,float32
5,811.096502,770,52430573,52.609,random,float32
5,811.637951,1600,52430573,55.753,random,float32
5,812.177413,3548,52430573,53.480,random,float32
5,812.714575,7048,52430573,51.987,random,float32
5,813.247517,2287,52430573,53.246,random,float32
5,813.789550,9834,52430573,55.237,random,float32
5,814.337060,9502,52430573,55.300,random,float32
5,814.883577,8477,52430573,54.823,random,float32
5,815.418064,9575,52430573,52.335,random,float32
5,815.952402,5798,52430573,53.370,random,float32
5,816.495829,2586,52430573,54.692,random,float32
5,817.049277,6864,52430573,54.418,random,float32
5,817.590990,9796,52430573,54.336,random,float32
5,818.135917,3797,52430573,55.175,random,float32
5,818.681811,3215,52430573,54.019,random,float32
5,819.219507,361,52430573,53.667,random,float32
5,819.762380,9668,52430573,54.000,random,float32
5,820.303725,7414,52430573,53.942,random,float32
5,820.841045,6041,52430573,54.207,random,float32
5,821.369582,757,52430573,52.243,random,float32
5,821.894767,3031,52430573,51.359,random,float32
5,822.420579,8504,52430573,52.515,random,float32
5,822.952293,6432,52430573,52.079,random,float32
5,823.490349,6912,52430573,53.868,random,float32
5,824.026380,1210,52430573,54.659,random,float32
5,824.571569,9155,52430573,55.020,random,float32
5,825.121033,787,52430573,54.668,random,float32
5,825.665156,739,52430573,53.120,random,float32
5,826.206697,9750,52430573,50.481,random,float32
5,826.745682,338,52430573,54.267,random,float32
5,827.285910,3493,52430573,53.683,random,float32
5,827.813215,1088,52430573,52.215,random,float32
5,828.346067,5024,52430573,53.290,random,float32
5,828.875225,2621,52430573,53.810,random,float32
5,829.411228,3935,52430573,53.710,random,float32
5,829.939433,4636,52430573,53.115,random,float32
5,830.470957,8858,52430573,53.674,random,float32
5,831.003771,7971,52430573,53.994,random,float32
5,831.538912,4449,52430573,52.533,random,float32
5,832.081320,3788,52430573,53.523,random,float32
5,832.615918,4353,52430573,53.106,random,float32
5,833.154635,8197,52430573,53.382,random,float32
5,833.686376,7477,52430573,53.628,random,float32
5,834.224027,4626,52430573,53.844,random,float32
5,834.762260,776,52430573,53.237,random,float32
5,835.299387,2608,52430573,54.552,random,float32
5,835.860712,9613,52430573,56.921,random,float32
5,836.415653,1208,52430573,55.819,random,float32
5,836.953837,9582,52430573,53.717,random,float32
5,837.501998,1016,52430573,55.502,random,float32
5,838.057015,1382,52430573,53.082,random,float32
5,838.595464,5148,52430573,53.929,random,float32
5,839.124060,4369,52430573,52.297,random,float32
5,839.669782,2922,52430573,54.597,random,float32
5,840.226232,671,52430573,55.154,random,float32
5,840.773845,4002,52430573,53.059,random,float32
5,841.320033,64,52430573,54.155,random,float32
5,841.856061,7058,52430573,52.067,random,float32
5,842.394524,7837,52430573,53.881,random,float32
5,842.937434,1751,52430573,54.958,random,float32
5,843.472241,4647,52430573,53.555,random,float32
5,844.009661,7563,52430573,52.830,random,float32
5,844.542667,9636,52430573,53.919,random,float32
5,845.078941,4594,52430573,53.735,random,float32
5,845.615998,9798,52430573,53.881,random,float32
5,846.147396,2155,52430573,54.373,random,float32
5,846.673093,8319,52430573,51.899,random,float32
5,847.200520,4107,52430573,54.406,random,float32
5,847.725787,460,52430573,50.264,random,float32
5,848.268957,2617,52430573,54.365,random,float32
5,848.797298,5629,52430573,53.172,random,float32
5,849.335641,9120,52430573,54.098,random,float32
5,849.886030,393,52430573,62.649,random,float32
5,850.442361,8377,52430573,55.082,random,float32
5,851.007499,8188,52430573,55.576,random,float32
5,851.563178,645,52430573,57.291,random,float32
5,852.105137,1853,52430573,53.590,random,float32
5,852.637736,4843,52430573,54.129,random,float32
5,853.179309,6895,52430573,53.545,random,float32
5,853.719063,1330,52430573,55.593,random,float32
5,854.255242,4277,52430573,53.567,random,float32
5,854.790731,5928,52430573,53.963,random,float32
5,855.328882,3030,52430573,52.930,random,float32
5,855.862839,3468,52430573,53.641,random,float32
5,856.395680,6872,52430573,53.278,random,float32
5,856.930462,2986,52430573,54.985,random,float32
5,857.461188,3350,52430573,52.656,random,float32
5,857.993306,2181,52430573,53.568,random,float32
5,858.554939,7567,52430573,55.869,random,float32
5,859.102234,6527,52430573,55.123,random,float32
5,859.655230,6747,52430573,54.233,random,float32
5,860.193870,6468,52430573,54.480,random,float32
5,860.731402,1757,52430573,51.164,random,float32
5,861.272544,3579,52430573,54.607,random,float32
5,861.808753,3402,52430573,52.982,random,float32
5,862.342304,8727,52430573,53.341,random,float32
5,862.875567,4676,52430573,54.129,random,float32
5,863.400456,8923,52430573,52.612,random,float32
5,863.931708,5333,52430573,53.484,random,float32
5,864.458278,6358,52430573,53.758,random,float32
5,864.988522,5343,52430573,52.985,random,float32
5,865.523777,8203,52430573,53.109,random,float32
5,866.065915,5394,52430573,53.421,random,float32
5,866.602376,8505,52430573,53.307,random,float32
5,867.147075,7740,52430573,54.984,random,float32
5,867.679345,6080,52430573,52.904,random,float32
5,868.216315,5983,52430573,54.063,random,float32
5,868.756977,2145,52430573,53.731,random,float32
5,869.288199,4564,52430573,53.284,random,float32
5,869.812926,8047,52430573,50.992,random,float32
5,870.338783,3015,52430573,53.036,random,float32
5,870.869805,4589,52430573,52.670,random,float32
5,871.400374,6337,52430573,50.940,random,float32
5,871.929255,3847,52430573,52.628,random,float32
5,872.454806,6170,52430573,52.754,random,float32
5,872.996861,4596,52430573,52.767,random,float32
5,873.526708,8659,52430573,52.782,random,float32
5,874.060941,2816,52430573,53.347,random,float32
5,874.593026,7718,52430573,52.773,random,float32
5,875.130190,2047,52430573,53.840,random,float32
5,875.656568,1325,52430573,51.912,random,float32
5,876.202964,275,52430573,53.969,random,float32
5,876.732850,2241,52430573,52.661,random,float32
5,877.265386,4900,52430573,53.565,random,float32
5,877.797500,1452,52430573,53.330,random,float32
5,878.328964,4402,52430573,52.567,random,float32
5,878.860327,902,52430573,52.992,random,float32
5,879.386468,5553,52430573,52.971,random,float32
5,879.941132,5131,52430573,54.316,random,float32
5,880.488066,4750,52430573,54.863,random,float32
5,881.020083,542,52430573,52.890,random,float32
5,881.550326,811,52430573,53.031,random,float32
5,882.086460,4789,52430573,53.399,random,float32
5,882.620195,3276,52430573,54.898,random,float32
5,883.154052,2685,52430573,52.197,random,float32
5,883.685517,7013,52430573,53.846,random,float32
5,884.223292,256,52430573,54.075,random,float32
5,884.776523,3786,52430573,55.704,random,float32
5,885.312790,3442,52430573,53.321,random,float32
5,885.846125,4384,52430573,53.112,random,float32
5,886.381179,2574,52430573,52.392,random,float32
5,886.913471,8099,52430573,53.103,random,float32
5,887.456373,1896,52430573,53.674,random,float32
5,887.992916,9960,52430573,52.176,random,float32
5,888.519511,7394,52430573,51.772,random,float32
5,889.044901,646,52430573,50.620,random,float32
5,889.573072,2942,52430573,52.741,random,float32
5,890.101320,4445,52430573,53.032,random,float32
5,890.629403,5428,52430573,51.525,random,float32
5,891.155900,6631,52430573,53.945,random,float32
5,891.688253,3444,52430573,50.182,random,float32
5,892.222629,9205,52430573,53.306,random,float32
5,892.759567,8045,52430573,51.653,random,float32
5,893.279629,1824,52430573,52.031,random,float32
5,893.815389,5593,52430573,54.702,random,float32
5,894.347925,3470,52430573,52.984,random,float32
5,894.884386,4228,52430573,52.421,random,float32
5,895.411388,4982,52430573,52.784,random,float32
5,895.934709,5163,52430573,54.069,random,float32
5,896.459480,823,52430573,50.992,random,float32
5,896.989506,5241,52430573,52.142,random,float32
5,897.516204,5471,52430573,52.408,random,float32
5,898.053081,6162,52430573,52.998,random,float32
5,898.589100,5598,52430573,52.880,random,float32
5,899.125371,825,52430573,54.440,random,float32
5,899.656446,4084,52430573,51.530,random,float32
6,300.537957,5696,52430573,54.775,random,float32
6,301.091132,1044,52430573,56.622,random,float32
6,301.631024,2493,52430573,54.595,random,float32
6,302.181011,9054,52430573,54.231,random,float32
6,302.723963,8656,52430573,54.830,random,float32
6,303.262308,5907,52430573,53.406,random,float32
6,303.800835,4703,52430573,54.540,random,float32
6,304.342450,4633,52430573,55.099,random,float32
6,304.895535,1613,52430573,57.232,random,float32
6,305.434782,2129,52430573,56.726,random,float32
6,305.978139,7456,52430573,52.688,random,float32
6,306.528478,9381,52430573,56.163,random,float32
6,307.084816,2210,52430573,56.404,random,float32
6,307.642859,6077,52430573,55.142,random,float32
6,308.191674,8214,52430573,55.941,random,float32
6,308.758498,6540,52430573,57.528,random,float32
6,309.303003,4657,52430573,53.922,random,float32
6,309.840491,9261,52430573,53.126,random,float32
6,310.375141,1716,52430573,52.251,random,float32
6,310.910837,4799,52430573,53.152,random,float32
6,311.443942,5819,52430573,54.527,random,float32
6,312.000038,2579,52430573,55.571,random,float32
6,312.548203,7902,52430573,53.748,random,float32
6,313.097014,9466,52430573,55.525,random,float32
6,313.649968,3200,52430573,55.820,random,float32
6,314.193559,8703,52430573,54.102,random,float32
6,314.748299,9611,52430573,52.601,random,float32
6,315.294634,7087,52430573,54.793,random,float32
6,315.842971,2819,52430573,54.074,random,float32
6,316.398805,6536,52430573,54.138,random,float32
6,316.945570,9925,52430573,55.531,random,float32
6,317.503885,4699,52430573,53.833,random,float32
6,318.056490,60,52430573,57.657,random,float32
6,318.604003,9840,52430573,52.510,random,float32
6,319.144369,9548,52430573,54.649,random,float32
6,319.685208,7918,52430573,55.037,random,float32
6,320.241346,1374,52430573,56.061,random,float32
6,320.783450,6952,52430573,53.144,random,float32
6,321.321195,6160,52430573,53.327,random,float32
6,321.865475,820,52430573,54.491,random,float32
6,322.421790,5134,52430573,55.628,random,float32
6,322.966577,1916,52430573,53.425,random,float32
6,323.514501,4539,52430573,54.583,random,float32
6,324.073008,8609,52430573,56.751,random,float32
6,324.625517,3402,52430573,55.144,random,float32
6,325.188795,1027,52430573,55.723,random,float32
6,325.732237,7039,52430573,54.180,random,float32
6,326.275757,515,52430573,53.931,random,float32
6,326.823501,4552,52430573,54.722,random,float32
6,327.389263,9547,52430573,57.986,random,float32
6,327.950098,6547,52430573,55.663,random,float32
6,328.491352,6049,52430573,55.058,random,float32
6,329.030764,1391,52430573,53.923,random,float32
6,329.566466,7370,52430573,52.948,random,float32
6,330.091834,451,52430573,52.423,random,float32
6,330.611219,2140,52430573,54.476,random,float32
6,331.148652,6506,52430573,54.064,random,float32
6,331.686204,8203,52430573,55.811,random,float32
6,332.216266,7975,52430573,51.054,random,float32
6,332.753921,1272,52430573,55.758,random,float32
6,333.299574,9192,52430573,54.848,random,float32
6,333.835707,2546,52430573,52.922,random,float32
6,334.374323,2592,52430573,53.094,random,float32
6,334.903291,3125,52430573,52.593,random,float32
6,335.443234,7738,52430573,51.831,random,float32
6,335.975128,3267,52430573,54.091,random,float32
6,336.516905,6499,52430573,54.792,random,float32
6,337.054583,5089,52430573,53.524,random,float32
6,337.582173,1249,52430573,53.250,random,float32
6,338.102702,4686,52430573,52.539,random,float32
6,338.628160,7113,52430573,53.057,random,float32
6,339.159522,1131,52430573,56.565,random,float32
6,339.726965,4916,52430573,54.498,random,float32
6,340.261908,2410,52430573,53.212,random,float32
6,340.808259,8814,52430573,53.981,random,float32
6,341.354097,248,52430573,54.566,random,float32
6,341.914222,2483,52430573,57.270,random,float32
6,342.461079,2116,52430573,53.899,random,float32
6,342.994118,7812,52430573,52.435,random,float32
6,343.525414,8264,52430573,54.409,random,float32
6,344.064061,2737,52430573,55.160,random,float32
6,344.626272,2744,52430573,56.846,random,float32
6,345.187182,3521,52430573,54.846,random,float32
6,345.731261,1777,52430573,54.946,random,float32
6,346.279125,6589,52430573,53.053,random,float32
6,346.819899,7102,52430573,55.027,random,float32
6,347.372810,2128,52430573,58.192,random,float32
6,347.918938,4957,52430573,52.806,random,float32
6,348.462086,1651,52430573,56.354,random,float32
6,349.013206,6400,52430573,55.184,random,float32
6,349.561930,9843,52430573,54.333,random,float32
6,350.114674,8289,52430573,54.258,random,float32
6,350.651030,4140,52430573,53.268,random,float32
6,351.199079,3249,52430573,54.775,random,float32
6,351.742329,5312,52430573,53.918,random,float32
6,352.285208,378,52430573,54.409,random,float32
6,352.830649,2062,52430573,63.544,random,float32
6,353.382471,4370,52430573,55.720,random,float32
6,353.931721,4385,52430573,55.203,random,float32
6,354.457337,1031,52430573,52.299,random,float32
6,354.982005,854,52430573,53.232,random,float32
6,355.520031,2986,52430573,54.215,random,float32
6,356.057645,2968,52430573,53.527,random,float32
6,356.591945,7664,52430573,52.872,random,float32
6,357.130686,5876,52430573,53.375,random,float32
6,357.671546,6617,52430573,53.763,random,float32
6,358.201922,6288,52430573,52.860,random,float32
6,358.735118,3973,52430573,52.698,random,float32
6,359.262743,8793,52430573,54.741,random,float32
6,359.802373,3595,52430573,54.834,random,float32
6,360.343418,9469,52430573,53.277,random,float32
6,360.875793,2808,52430573,51.542,random,float32
6,361.413250,8009,52430573,52.480,random,float32
6,361.948230,8171,52430573,52.471,random,float32
6,362.486774,1405,52430573,52.168,random,float32
6,363.024324,6818,52430573,54.372,random,float32
6,363.561686,657,52430573,51.828,random,float32
6,364.097908,1198,52430573,51.663,random,float32
6,364.627044,7722,52430573,52.802,random,float32
6,365.162115,7080,52430573,52.745,random,float32
6,365.693872,3120,52430573,53.088,random,float32
6,366.227201,5168,52430573,48.937,random,float32
6,366.763175,1713,52430573,52.608,random,float32
6,367.300312,7991,52430573,55.504,random,float32
6,367.841493,5500,52430573,53.345,random,float32
6,368.383623,7058,52430573,55.237,random,float32
6,368.921688,3616,52430573,52.610,random,float32
6,369.469834,7589,52430573,57.328,random,float32
6,370.025666,6321,52430573,53.767,random,float32
6,370.584135,8992,52430573,56.001,random,float32
6,371.122430,6700,52430573,53.983,random,float32
6,371.669305,6173,52430573,54.135,random,float32
6,372.206881,9561,52430573,53.035,random,float32
6,372.743982,5495,52430573,51.193,random,float32
6,373.264336,5161,52430573,52.174,random,float32
6,373.803456,3697,52430573,53.797,random,float32
6,374.343983,4512,52430573,54.513,random,float32
6,374.878294,5485,52430573,52.831,random,float32
6,375.408188,2025,52430573,52.276,random,float32
6,375.939551,2059,52430573,53.225,random,float32
6,376.473683,5005,52430573,53.673,random,float32
6,376.996537,450,52430573,51.959,random,float32
6,377.531722,7464,52430573,53.961,random,float32
6,378.064789,2168,52430573,53.413,random,float32
6,378.608078,2328,52430573,54.847,random,float32
6,379.136548,9656,52430573,54.083,random,float32
6,379.675157,9079,52430573,53.989,random,float32
6,380.219310,8824,52430573,54.488,random,float32
6,380.773792,586,52430573,54.491,random,float32
6,381.324991,5965,52430573,55.026,random,float32
6,381.876095,159,52430573,56.980,random,float32
6,382.440177,2076,52430573,55.053,random,float32
6,382.983440,4229,52430573,54.605,random,float32
6,383.534447,4295,52430573,55.190,random,float32
6,384.098780,7228,52430573,54.427,random,float32
6,384.644471,5220,52430573,53.791,random,float32
6,385.192639,9628,52430573,55.519,random,float32
6,385.751105,3518,52430573,54.068,random,float32
6,386.296796,8780,52430573,54.540,random,float32
6,386.841810,1410,52430573,53.948,random,float32
6,387.393499,2376,52430573,55.153,random,float32
6,387.949904,6800,52430573,55.916,random,float32
6,388.492217,9436,52430573,54.319,random,float32
6,389.038118,9155,52430573,55.285,random,float32
6,389.579402,4425,52430573,53.590,random,float32
6,390.119662,7036,52430573,54.383,random,float32
6,390.666175,6104,52430573,57.399,random,float32
6,391.220612,6814,52430573,53.557,random,float32
6,391.765921,384,52430573,55.793,random,float32
6,392.307073,1936,52430573,53.825,random,float32
6,392.857934,4026,52430573,54.715,random,float32
6,393.399762,739,52430573,54.742,random,float32
6,393.953418,3158,52430573,55.003,random,float32
6,394.493380,9953,52430573,53.833,random,float32
6,395.030203,1551,52430573,54.351,random,float32
6,395.573312,3038,52430573,54.820,random,float32
6,396.110154,1285,52430573,55.309,random,float32
6,396.652067,3035,52430573,52.602,random,float32
6,397.183592,6715,52430573,52.954,random,float32
6,397.715436,3191,52430573,53.125,random,float32
6,398.244870,5129,52430573,53.350,random,float32
6,398.779676,9235,52430573,53.549,random,float32
6,399.312949,3120,52430573,53.576,random,float32
6,399.848939,3040,52430573,53.262,random,float32
6,400.381742,7364,52430573,54.000,random,float32
6,400.920080,8586,52430573,54.450,random,float32
6,401.468557,924,52430573,58.470,random,float32
6,402.007272,8356,52430573,54.037,random,float32
6,402.556043,8839,52430573,54.142,random,float32
6,403.097603,3460,52430573,53.298,random,float32
6,403.634893,1835,52430573,53.770,random,float32
6,404.168323,6982,52430573,53.923,random,float32
6,404.722482,4466,52430573,57.129,random,float32
6,405.268212,329,52430573,54.878,random,float32
6,405.804270,6275,52430573,56.187,random,float32
6,406.341996,1325,52430573,55.490,random,float32
6,406.870965,7049,52430573,52.393,random,float32
6,407.399235,5751,52430573,53.141,random,float32
6,407.921399,1917,52430573,53.047,random,float32
6,408.466066,3001,52430573,55.113,random,float32
6,408.996457,7810,52430573,52.190,random,float32
6,409.529822,7860,52430573,54.760,random,float32
6,410.064576,8788,52430573,55.673,random,float32
6,410.598666,30,52430573,54.493,random,float32
6,411.135329,580,52430573,53.157,random,float32
6,411.664516,7971,52430573,53.585,random,float32
6,412.184881,1566,52430573,53.365,random,float32
6,412.713269,7928,52430573,53.902,random,float32
6,413.246375,3077,52430573,53.218,random,float32
6,413.771673,4559,52430573,51.997,random,float32
6,414.294280,1703,52430573,48.958,random,float32
6,414.818995,7931,52430573,52.821,random,float32
6,415.351034,2658,52430573,53.151,random,float32
6,415.888396,5433,52430573,55.640,random,float32
6,416.426613,5840,52430573,53.202,random,float32
6,416.952063,832,52430573,51.499,random,float32
6,417.489037,7324,52430573,54.500,random,float32
6,418.030446,5656,52430573,54.179,random,float32
6,418.568902,5443,52430573,54.752,random,float32
6,419.097739,5631,52430573,51.070,random,float32
6,419.634454,4595,52430573,53.196,random,float32
6,420.163182,7385,52430573,54.731,random,float32
6,420.704298,2390,52430573,54.799,random,float32
6,421.239383,6188,52430573,54.470,random,float32
6,421.771994,7968,52430573,54.168,random,float32
6,422.304955,6173,52430573,50.406,random,float32
6,422.838025,1728,52430573,53.860,random,float32
6,423.371477,9924,52430573,53.633,random,float32
6,423.908795,9075,52430573,54.037,random,float32
6,424.446556,8559,52430573,53.136,random,float32
6,424.978129,9538,52430573,53.644,random,float32
6,425.518162,3441,52430573,52.456,random,float32
6,426.073782,414,52430573,55.438,random,float32
6,426.618553,8066,52430573,54.736,random,float32
6,427.152311,213,52430573,52.800,random,float32
6,427.686589,1907,52430573,53.340,random,float32
6,428.226902,2307,52430573,53.585,random,float32
6,428.762253,7153,52430573,53.536,random,float32
6,429.298183,1799,52430573,52.718,random,float32
6,429.837192,7718,52430573,54.125,random,float32
6,430.371328,9327,52430573,53.882,random,float32
6,430.903473,2187,52430573,52.335,random,float32
6,431.428346,8824,52430573,52.379,random,float32
6,431.958201,1325,52430573,53.677,random,float32
6,432.491667,2634,52430573,50.371,random,float32
6,433.030313,5719,52430573,54.253,random,float32
6,433.574033,3798,52430573,53.682,random,float32
6,434.128877,2664,52430573,55.648,random,float32
6,434.675092,255,52430573,54.699,random,float32
6,435.219325,4860,52430573,55.465,random,float32
6,435.771165,7797,52430573,54.365,random,float32
6,436.310873,2694,52430573,54.480,random,float32
6,436.844579,4219,52430573,53.645,random,float32
6,437.382402,7861,52430573,53.650,random,float32
6,437.923532,8354,52430573,54.759,random,float32
6,438.458494,727,52430573,53.813,random,float32
6,438.992158,7676,52430573,53.103,random,float32
6,439.535751,9362,52430573,55.503,random,float32
6,440.071692,8404,52430573,53.879,random,float32
6,440.609530,4520,52430573,54.716,random,float32
6,441.151666,8506,52430573,55.096,random,float32
6,441.698049,6395,52430573,54.818,random,float32
6,442.253775,4971,52430573,57.819,random,float32
6,442.792183,3133,52430573,53.640,random,float32
6,443.324023,4032,52430573,53.128,random,float32
6,443.853051,2305,52430573,52.968,random,float32
6,444.405771,1464,52430573,56.009,random,float32
6,444.945095,1506,52430573,53.439,random,float32
6,445.487544,8458,52430573,53.968,random,float32
6,446.027128,3650,52430573,53.129,random,float32
6,446.580932,3336,52430573,56.021,random,float32
6,447.117713,7455,52430573,53.052,random,float32
6,447.650865,4419,52430573,52.868,random,float32
6,448.186303,3134,52430573,53.602,random,float32
6,448.719598,1453,52430573,50.310,random,float32
6,449.257929,5671,52430573,53.774,random,float32
6,449.796832,7,52430573,57.545,random,float32
6,450.331644,462,52430573,51.378,random,float32
6,450.866417,9252,52430573,52.906,random,float32
6,451.402943,9373,52430573,54.204,random,float32
6,451.941626,5700,52430573,54.369,random,float32
6,452.477999,4204,52430573,54.902,random,float32
6,453.016339,796,52430573,53.775,random,float32
6,453.539074,4317,52430573,52.604,random,float32
6,454.073570,8513,52430573,52.663,random,float32
6,454.613779,1525,52430573,54.074,random,float32
6,455.147480,1522,52430573,52.433,random,float32
6,455.671833,9763,52430573,52.385,random,float32
6,456.197595,118,52430573,55.710,random,float32
6,456.724116,9340,52430573,53.617,random,float32
6,457.253058,7469,52430573,52.943,random,float32
6,457.792558,9925,52430573,56.685,random,float32
6,458.340386,518,52430573,55.459,random,float32
6,458.882854,8361,52430573,53.398,random,float32
6,459.405074,132,52430573,52.568,random,float32
6,459.932124,8593,52430573,53.312,random,float32
6,460.463607,8783,52430573,52.735,random,float32
6,461.001756,865,52430573,52.733,random,float32
6,461.529261,8823,52430573,51.419,random,float32
6,462.064128,6718,52430573,54.058,random,float32
6,462.585417,1447,52430573,53.267,random,float32
6,463.127686,3565,52430573,54.256,random,float32
6,463.657798,8081,52430573,52.848,random,float32
6,464.182741,6052,52430573,49.103,random,float32
6,464.719986,3717,52430573,53.336,random,float32
6,465.263328,9281,52430573,53.256,random,float32
6,465.801931,8953,52430573,55.254,random,float32
6,466.356842,5600,52430573,54.140,random,float32
6,466.894295,1404,52430573,54.521,random,float32
6,467.428905,6865,52430573,53.872,random,float32
6,467.960283,2714,52430573,53.161,random,float32
6,468.503188,9086,52430573,54.352,random,float32
6,469.038839,1395,52430573,53.251,random,float32
6,469.570516,4495,52430573,52.075,random,float32
6,470.103335,9956,52430573,54.028,random,float32
6,470.643909,1447,52430573,53.452,random,float32
6,471.184414,4305,52430573,54.251,random,float32
6,471.725075,6732,52430573,55.110,random,float32
6,472.260448,9938,52430573,53.066,random,float32
6,472.795790,3554,52430573,54.001,random,float32
6,473.319048,1636,52430573,53.187,random,float32
6,473.860070,8397,52430573,57.125,random,float32
6,474.399435,8535,52430573,53.575,random,float32
6,474.933039,8532,52430573,53.511,random,float32
6,475.467618,4781,52430573,54.706,random,float32
6,476.000741,5253,52430573,54.166,random,float32
6,476.544820,4,52430573,52.676,random,float32
6,477.069198,6737,52430573,52.694,random,float32
6,477.598685,2015,52430573,54.295,random,float32
6,478.122780,3606,52430573,49.036,random,float32
6,478.660742,3841,52430573,53.437,random,float32
6,479.192686,9133,52430573,53.013,random,float32
6,479.722062,5529,52430573,51.861,random,float32
6,480.263330,6409,52430573,53.784,random,float32
6,480.794548,7022,52430573,52.630,random,float32
6,481.323092,4652,52430573,52.648,random,float32
6,481.858951,1135,52430573,53.763,random,float32
6,482.386849,6934,52430573,51.587,random,float32
6,482.926968,9069,52430573,52.868,random,float32
6,483.450544,8422,52430573,54.143,random,float32
6,483.980836,9595,52430573,51.435,random,float32
6,484.528765,3678,52430573,55.414,random,float32
6,485.090252,4882,52430573,54.648,random,float32
6,485.638956,7430,52430573,54.382,random,float32
6,486.184624,2564,52430573,57.656,random,float32
6,486.716147,8577,52430573,54.240,random,float32
6,487.247710,7247,52430573,55.011,random,float32
6,487.791889,5817,52430573,54.366,random,float32
6,488.347565,3846,52430573,55.580,random,float32
6,488.898347,309,52430573,56.761,random,float32
6,489.438256,2965,52430573,53.752,random,float32
6,489.970230,6043,52430573,53.750,random,float32
6,490.535587,9531,52430573,59.021,random,float32
6,491.089991,8099,52430573,53.913,random,float32
6,491.645679,8455,52430573,54.728,random,float32
6,492.188580,4722,52430573,53.730,random,float32
6,492.738584,3916,52430573,55.524,random,float32
6,493.284823,6051,52430573,54.818,random,float32
6,493.831190,9094,52430573,55.519,random,float32
6,494.386108,1396,52430573,55.465,random,float32
6,494.930567,7680,52430573,54.081,random,float32
6,495.472957,8091,52430573,54.098,random,float32
6,496.020086,1119,52430573,54.712,random,float32
6,496.570435,9679,52430573,54.525,random,float32
6,497.102169,3968,52430573,53.371,random,float32
6,497.633340,4723,52430573,50.928,random,float32
6,498.155514,1623,52430573,52.793,random,float32
6,498.685044,5464,52430573,53.987,random,float32
6,499.214065,9227,52430573,54.653,random,float32
6,499.750775,2879,52430573,52.305,random,float32
6,500.285294,2813,52430573,53.287,random,float32
6,500.818880,1947,52430573,53.302,random,float32
6,501.342575,4512,52430573,53.076,random,float32
6,501.876271,5471,52430573,52.788,random,float32
6,502.406117,7092,52430573,53.200,random,float32
6,502.943896,8923,52430573,54.013,random,float32
6,503.480367,1049,52430573,53.619,random,float32
6,504.020956,1759,52430573,53.435,random,float32
6,504.573009,7501,52430573,53.553,random,float32
6,505.125510,3956,52430573,55.429,random,float32
6,505.670621,7769,52430573,52.741,random,float32
6,506.201232,9828,52430573,53.721,random,float32
6,506.741303,9282,52430573,52.170,random,float32
6,507.280808,7255,52430573,53.353,random,float32
6,507.816338,1429,52430573,53.401,random,float32
6,508.348830,8121,52430573,52.366,random,float32
6,508.883646,9568,52430573,51.771,random,float32
6,509.414082,4761,52430573,54.099,random,float32
6,509.959781,6258,52430573,54.880,random,float32
6,510.495947,4577,52430573,52.519,random,float32
6,511.033810,5982,52430573,52.648,random,float32
6,511.564753,151,52430573,53.737,random,float32
6,512.098471,5631,52430573,49.126,random,float32
6,512.622555,6090,52430573,53.189,random,float32
6,513.160675,5607,52430573,54.053,random,float32
6,513.693181,9201,52430573,53.255,random,float32
6,514.227532,733,52430573,52.741,random,float32
6,514.764780,9337,52430573,54.128,random,float32
6,515.299373,6273,52430573,53.685,random,float32
6,515.847194,8552,52430573,54.319,random,float32
6,516.385803,3726,52430573,52.720,random,float32
6,516.927283,5142,52430573,55.431,random,float32
6,517.472738,7716,52430573,54.656,random,float32
6,518.004670,6023,52430573,55.173,random,float32
6,518.541205,5036,52430573,54.229,random,float32
6,519.075488,6087,52430573,52.636,random,float32
6,519.614117,7522,52430573,54.069,random,float32
6,520.138809,1552,52430573,54.260,random,float32
6,520.666785,6880,52430573,52.706,random,float32
6,521.199631,7365,52430573,54.759,random,float32
6,521.738378,6008,52430573,52.335,random,float32
6,522.275559,7783,52430573,57.219,random,float32
6,522.818460,8375,52430573,55.096,random,float32
6,523.405436,78,52430573,54.938,random,float32
6,523.942557,5071,52430573,53.700,random,float32
6,524.487927,6645,52430573,58.333,random,float32
6,525.025768,5018,52430573,54.909,random,float32
6,525.557805,6910,52430573,54.198,random,float32
6,526.094246,3130,52430573,53.495,random,float32
6,526.620789,810,52430573,50.751,random,float32
6,527.149860,7750,52430573,54.060,random,float32
6,527.679240,7241,52430573,51.083,random,float32
6,528.209169,8043,52430573,52.916,random,float32
6,528.746198,8377,52430573,53.216,random,float32
6,529.278714,4740,52430573,52.850,random,float32
6,529.814927,3378,52430573,52.592,random,float32
6,530.340717,5904,52430573,52.203,random,float32
6,530.866534,9377,52430573,54.047,random,float32
6,531.404258,8236,52430573,54.310,random,float32
6,531.935653,9707,52430573,52.917,random,float32
6,532.465830,2610,52430573,52.679,random,float32
6,533.006436,9973,52430573,53.212,random,float32
6,533.541049,1444,52430573,53.607,random,float32
6,534.078195,3573,52430573,50.062,random,float32
6,534.618608,8177,52430573,53.066,random,float32
6,535.154882,7372,52430573,53.891,random,float32
6,535.681708,4697,52430573,52.130,random,float32
6,536.209262,2883,52430573,53.985,random,float32
6,536.739676,6463,52430573,53.692,random,float32
6,537.273802,8001,52430573,49.534,random,float32
6,537.802890,5159,52430573,53.984,random,float32
6,538.348175,2608,52430573,54.672,random,float32
6,538.884472,830,52430573,53.715,random,float32
6,539.423196,1568,52430573,54.970,random,float32
6,539.951108,7520,52430573,53.443,random,float32
6,540.488352,1702,52430573,54.269,random,float32
6,541.024864,7936,52430573,54.398,random,float32
6,541.562657,8301,52430573,53.305,random,float32
6,542.095324,3958,52430573,52.194,random,float32
6,542.622977,4225,52430573,53.325,random,float32
6,543.158727,4372,52430573,53.749,random,float32
6,543.699012,2467,52430573,52.087,random,float32
6,544.235947,4499,52430573,52.236,random,float32
6,544.770606,5250,52430573,54.600,random,float32
6,545.311333,6889,52430573,53.429,random,float32
6,545.851936,3807,52430573,52.928,random,float32
6,546.390409,3496,52430573,53.710,random,float32
6,546.920753,9299,52430573,53.646,random,float32
6,547.446377,2405,52430573,53.158,random,float32
6,547.980806,9252,52430573,52.911,random,float32
6,548.514869,1394,52430573,53.646,random,float32
6,549.046236,215,52430573,53.953,random,float32
6,549.580138,4325,52430573,53.309,random,float32
6,550.106955,6592,52430573,53.243,random,float32
6,550.640858,865,52430573,52.903,random,float32
6,551.174761,3591,52430573,53.254,random,float32
6,551.713488,5606,52430573,54.507,random,float32
6,552.249135,4220,52430573,53.999,random,float32
6,552.789729,9270,52430573,53.273,random,float32
6,553.325469,8693,52430573,52.985,random,float32
6,553.862279,4766,52430573,54.734,random,float32
6,554.400772,4387,52430573,55.954,random,float32
6,554.938083,2265,52430573,53.736,random,float32
6,555.471763,8864,52430573,52.983,random,float32
6,556.020198,8081,52430573,55.096,random,float32
6,556.542051,7222,52430573,53.270,random,float32
6,557.072677,2834,52430573,53.843,random,float32
6,557.603147,3719,52430573,54.199,random,float32
6,558.146086,1626,52430573,54.006,random,float32
6,558.685609,9201,52430573,54.494,random,float32
6,559.217453,8487,52430573,53.285,random,float32
6,559.748744,14,52430573,52.398,random,float32
6,560.286520,1614,52430573,52.043,random,float32
6,560.825950,744,52430573,52.900,random,float32
6,561.360214,9210,52430573,53.284,random,float32
6,561.882978,6949,52430573,52.876,random,float32
6,562.419824,6147,52430573,53.815,random,float32
6,562.952375,2704,52430573,53.012,random,float32
6,563.484146,8634,52430573,54.010,random,float32
6,564.017460,9665,52430573,52.402,random,float32
6,564.559084,5624,52430573,53.195,random,float32
6,565.089184,4997,52430573,52.227,random,float32
6,565.618655,5232,52430573,52.591,random,float32
6,566.146515,8454,52430573,53.281,random,float32
6,566.669827,9764,52430573,51.959,random,float32
6,567.197497,5411,52430573,51.789,random,float32
6,567.734259,5018,52430573,53.547,random,float32
6,568.267091,1761,52430573,53.829,random,float32
6,568.803403,2807,52430573,55.951,random,float32
6,569.340436,2897,52430573,53.161,random,float32
6,569.879421,6735,52430573,54.026,random,float32
6,570.430889,5438,52430573,56.328,random,float32
6,570.980382,921,52430573,53.774,random,float32
6,571.511882,2516,52430573,53.817,random,float32
6,572.048134,6562,52430573,53.838,random,float32
6,572.575590,898,52430573,52.232,random,float32
6,573.109294,51,52430573,53.792,random,float32
6,573.640054,3451,52430573,53.229,random,float32
6,574.176773,2429,52430573,51.487,random,float32
6,574.710861,1819,52430573,54.220,random,float32
6,575.240647,8622,52430573,54.954,random,float32
6,575.773035,4788,52430573,52.135,random,float32
6,576.310519,7581,52430573,52.480,random,float32
6,576.848746,368,52430573,53.341,random,float32
6,577.392480,5183,52430573,54.254,random,float32
6,577.930709,9156,52430573,52.723,random,float32
6,578.458476,7619,52430573,52.038,random,float32
6,578.984415,6498,52430573,52.238,random,float32
6,579.511320,61,52430573,54.066,random,float32
6,580.049237,1092,52430573,54.883,random,float32
6,580.586247,8779,52430573,54.076,random,float32
6,581.113522,9783,52430573,51.979,random,float32
6,581.635627,8580,52430573,53.937,random,float32
6,582.161233,8878,52430573,53.223,random,float32
6,582.698520,411,52430573,52.808,random,float32
6,583.231463,7524,52430573,53.622,random,float32
6,583.766409,9740,52430573,53.571,random,float32
6,584.301723,3914,52430573,53.876,random,float32
6,584.848907,1929,52430573,54.669,random,float32
6,585.392490,9937,52430573,54.145,random,float32
6,585.926618,473,52430573,53.913,random,float32
6,586.463854,5205,52430573,53.953,random,float32
6,587.022831,6955,52430573,55.205,random,float32
6,587.572552,8125,52430573,55.017,random,float32
6,588.121832,4498,52430573,53.573,random,float32
6,588.691994,7782,52430573,55.668,random,float32
6,589.240317,2606,52430573,56.014,random,float32
6,589.800736,5245,52430573,54.956,random,float32
6,590.344524,2091,52430573,53.637,random,float32
6,590.893599,7486,52430573,54.951,random,float32
6,591.452016,6412,52430573,54.626,random,float32
6,591.996790,6798,52430573,53.419,random,float32
6,592.533836,9560,52430573,53.954,random,float32
6,593.079494,9487,52430573,54.683,random,float32
6,593.622273,560,52430573,53.856,random,float32
6,594.183165,3090,52430573,55.153,random,float32
6,594.719895,3591,52430573,54.421,random,float32
6,595.262511,3056,52430573,53.871,random,float32
6,595.803094,7378,52430573,53.898,random,float32
6,596.343574,2019,52430573,54.514,random,float32
6,596.883391,2757,52430573,54.295,random,float32
6,597.423462,7933,52430573,53.511,random,float32
6,597.956815,7044,52430573,51.944,random,float32
6,598.498714,3520,52430573,54.423,random,float32
6,599.041144,7933,52430573,55.001,random,float32
6,599.607831,392,52430573,56.644,random,float32
6,600.186621,1460,52430573,55.484,random,float32
6,600.745064,3870,52430573,53.901,random,float32
6,601.277268,1789,52430573,51.084,random,float32
6,601.820221,8410,52430573,54.460,random,float32
6,602.357087,6875,52430573,55.398,random,float32
6,602.899907,9599,52430573,52.864,random,float32
6,603.434573,8230,52430573,53.790,random,float32
6,603.965859,307,52430573,53.059,random,float32
6,604.499987,3796,52430573,53.797,random,float32
6,605.030994,7961,52430573,53.298,random,float32
6,605.567614,9404,52430573,52.396,random,float32
6,606.098277,4232,52430573,52.226,random,float32
6,606.623347,1018,52430573,51.862,random,float32
6,607.162615,600,52430573,53.176,random,float32
6,607.696553,6252,52430573,53.359,random,float32
6,608.229315,2143,52430573,54.423,random,float32
6,608.775557,9773,52430573,56.684,random,float32
6,609.309601,9845,52430573,53.679,random,float32
6,609.852715,2781,52430573,54.569,random,float32
6,610.391377,7527,52430573,52.837,random,float32
6,610.928696,6900,52430573,52.624,random,float32
6,611.457782,966,52430573,53.527,random,float32
6,611.991821,4754,52430573,53.809,random,float32
6,612.513733,9191,52430573,51.153,random,float32
6,613.052415,2852,52430573,53.473,random,float32
6,613.590278,9983,52430573,53.635,random,float32
6,614.122894,4566,52430573,52.104,random,float32
6,614.651753,5382,52430573,53.778,random,float32
6,615.192017,1648,52430573,53.126,random,float32
6,615.720067,6601,52430573,52.468,random,float32
6,616.250960,8401,52430573,54.491,random,float32
6,616.785515,7369,52430573,53.354,random,float32
6,617.320996,705,52430573,52.481,random,float32
6,617.854287,3126,52430573,53.494,random,float32
6,618.391145,5771,52430573,54.074,random,float32
6,618.919671,79,52430573,52.843,random,float32
6,619.446350,5181,52430573,52.145,random,float32
6,619.977592,3922,52430573,53.664,random,float32
6,620.516372,5820,52430573,55.621,random,float32
6,621.059602,8761,52430573,53.391,random,float32
6,621.594193,3697,52430573,52.423,random,float32
6,622.123436,7063,52430573,51.680,random,float32
6,622.652035,8719,52430573,53.090,random,float32
6,623.177797,5755,52430573,53.273,random,float32
6,623.718005,2663,52430573,53.335,random,float32
6,624.263428,5101,52430573,54.785,random,float32
6,624.794285,9101,52430573,53.287,random,float32
6,625.324443,6366,52430573,50.345,random,float32
6,625.849906,6588,52430573,50.403,random,float32
6,626.373208,1511,52430573,52.549,random,float32
6,626.906931,4891,52430573,54.302,random,float32
6,627.453461,3160,52430573,53.902,random,float32
6,627.992156,3233,52430573,54.590,random,float32
6,628.537448,3235,52430573,54.269,random,float32
6,629.081146,5995,52430573,54.992,random,float32
6,629.625454,9904,52430573,54.431,random,float32
6,630.168414,905,52430573,53.369,random,float32
6,630.707267,9092,52430573,53.984,random,float32
6,631.250571,4541,52430573,53.530,random,float32
6,631.790592,7962,52430573,53.649,random,float32
6,632.326365,7741,52430573,52.652,random,float32
6,632.862497,6181,52430573,54.624,random,float32
6,633.399052,2876,52430573,53.609,random,float32
6,633.938009,882,52430573,54.516,random,float32
6,634.470634,7728,52430573,50.773,random,float32
6,635.012080,4892,52430573,52.761,random,float32
6,635.539262,1029,52430573,53.651,random,float32
6,636.076775,530,52430573,56.751,random,float32
6,636.642930,3142,52430573,55.496,random,float32
6,637.197499,3956,52430573,56.152,random,float32
6,637.755771,7140,52430573,56.576,random,float32
6,638.300408,7257,52430573,55.502,random,float32
6,638.835463,6211,52430573,54.145,random,float32
6,639.368982,5264,52430573,55.776,random,float32
6,639.906004,5800,52430573,54.444,random,float32
6,640.446670,9647,52430573,54.998,random,float32
6,641.001538,7888,52430573,55.974,random,float32
6,641.547344,6647,52430573,55.190,random,float32
6,642.087326,3594,52430573,54.131,random,float32
6,642.630131,1780,52430573,54.288,random,float32
6,643.189449,6045,52430573,56.469,random,float32
6,643.733863,3095,52430573,53.764,random,float32
6,644.276742,9429,52430573,55.229,random,float32
6,644.821346,6201,52430573,53.915,random,float32
6,645.361139,6741,52430573,54.370,random,float32
6,645.893883,135,52430573,52.908,random,float32
6,646.424914,4903,52430573,53.521,random,float32
6,646.950876,3876,52430573,53.678,random,float32
6,647.491369,5609,52430573,53.085,random,float32
6,648.020925,8839,52430573,51.683,random,float32
6,648.552301,255,52430573,52.790,random,float32
6,649.077786,6723,52430573,52.552,random,float32
6,649.605316,9873,52430573,51.852,random,float32
6,650.130637,8469,52430573,52.389,random,float32
6,650.658532,5974,52430573,53.118,random,float32
6,651.184780,5464,52430573,53.053,random,float32
6,651.724532,8057,52430573,54.418,random,float32
6,652.261545,2103,52430573,54.044,random,float32
6,652.798484,7334,52430573,53.847,random,float32
6,653.329940,5073,52430573,52.886,random,float32
6,653.873787,7827,52430573,56.209,random,float32
6,654.403211,8557,52430573,52.943,random,float32
6,654.933351,9678,52430573,53.384,random,float32
6,655.463741,4989,52430573,52.809,random,float32
6,656.002687,6588,52430573,57.088,random,float32
6,656.546059,1561,52430573,54.015,random,float32
6,657.087038,6256,52430573,54.871,random,float32
6,657.632429,8831,52430573,55.387,random,float32
6,658.178254,5729,52430573,55.906,random,float32
6,658.717837,6034,52430573,53.503,random,float32
6,659.249584,3687,52430573,52.786,random,float32
6,659.784174,9281,52430573,53.447,random,float32
6,660.306781,247,52430573,52.558,random,float32
6,660.839317,8607,52430573,52.738,random,float32
6,661.368138,7195,52430573,52.452,random,float32
6,661.895181,1198,52430573,51.626,random,float32
6,662.419068,5277,52430573,53.382,random,float32
6,662.960340,7085,52430573,53.644,random,float32
6,663.487259,2603,52430573,53.367,random,float32
6,664.020370,5790,52430573,52.283,random,float32
6,664.547474,3815,52430573,51.918,random,float32
6,665.088388,2413,52430573,54.718,random,float32
6,665.624292,3660,52430573,52.935,random,float32
6,666.158172,7739,52430573,52.492,random,float32
6,666.688248,7364,52430573,52.978,random,float32
6,667.228885,4762,52430573,55.410,random,float32
6,667.778434,9076,52430573,55.455,random,float32
6,668.326092,1122,52430573,55.584,random,float32
6,668.856485,125,52430573,53.803,random,float32
6,669.409048,5845,52430573,56.112,random,float32
6,669.957140,3226,52430573,54.237,random,float32
6,670.500043,7810,52430573,54.911,random,float32
6,671.049182,5137,52430573,55.487,random,float32
6,671.598383,5268,52430573,55.337,random,float32
6,672.137862,5282,52430573,54.223,random,float32
6,672.675351,4557,52430573,55.342,random,float32
6,673.203281,2196,52430573,52.613,random,float32
6,673.727972,6568,52430573,53.002,random,float32
6,674.261744,9103,52430573,54.687,random,float32
6,674.787681,9491,52430573,50.918,random,float32
6,675.325015,7006,52430573,53.751,random,float32
6,675.853464,5968,52430573,52.766,random,float32
6,676.381206,8904,52430573,52.607,random,float32
6,676.898348,9794,52430573,52.110,random,float32
6,677.430583,7213,52430573,53.246,random,float32
6,677.966417,6530,52430573,53.656,random,float32
6,678.502411,8924,52430573,53.331,random,float32
6,679.033762,3801,52430573,51.325,random,float32
6,679.565510,7375,52430573,53.834,random,float32
6,680.100499,4080,52430573,53.348,random,float32
6,680.625548,8032,52430573,52.247,random,float32
6,681.150025,1348,52430573,55.971,random,float32
6,681.692587,4445,52430573,52.104,random,float32
6,682.237013,6507,52430573,55.191,random,float32
6,682.789122,9634,52430573,54.101,random,float32
6,683.328236,2558,52430573,53.429,random,float32
6,683.864348,9575,52430573,54.097,random,float32
6,684.405077,7115,52430573,54.904,random,float32
6,684.948445,3638,52430573,55.053,random,float32
6,685.481300,7736,52430573,53.035,random,float32
6,686.011168,1092,52430573,53.878,random,float32
6,686.554241,888,52430573,53.181,random,float32
6,687.087009,7720,52430573,53.314,random,float32
6,687.633295,957,52430573,55.329,random,float32
6,688.173790,6031,52430573,53.864,random,float32
6,688.707567,3476,52430573,53.968,random,float32
6,689.231080,2279,52430573,52.408,random,float32
6,689.757452,2209,52430573,53.147,random,float32
6,690.276075,2909,52430573,52.335,random,float32
6,690.798607,7831,52430573,52.152,random,float32
6,691.332584,4602,52430573,52.352,random,float32
6,691.866186,4777,52430573,53.207,random,float32
6,692.397334,8154,52430573,54.119,random,float32
6,692.931055,4280,52430573,53.631,random,float32
6,693.465715,5947,52430573,53.993,random,float32
6,694.003527,5348,52430573,52.434,random,float32
6,694.532018,4350,52430573,52.362,random,float32
6,695.064460,2068,52430573,52.619,random,float32
6,695.591257,5145,52430573,53.902,random,float32
6,696.125750,860,52430573,53.826,random,float32
6,696.659916,2116,52430573,54.089,random,float32
6,697.197334,1567,52430573,53.170,random,float32
6,697.740288,3681,52430573,53.461,random,float32
6,698.280192,8270,52430573,54.651,random,float32
6,698.806062,3718,52430573,51.615,random,float32
6,699.334458,8073,52430573,53.306,random,float32
6,699.869609,6106,52430573,52.997,random,float32
6,700.397734,1074,52430573,53.972,random,float32
6,700.933237,5708,52430573,51.918,random,float32
6,701.466855,9886,52430573,53.764,random,float32
6,702.002619,8863,52430573,53.169,random,float32
6,702.530278,9392,52430573,52.040,random,float32
6,703.062807,296,52430573,53.671,random,float32
6,703.597296,7865,52430573,53.098,random,float32
6,704.135473,3800,52430573,53.069,random,float32
6,704.666995,2172,52430573,52.313,random,float32
6,705.199280,6370,52430573,52.269,random,float32
6,705.721901,2807,52430573,52.209,random,float32
6,706.253478,1683,52430573,53.618,random,float32
6,706.784431,383,52430573,53.065,random,float32
6,707.325802,8949,52430573,50.969,random,float32
6,707.859657,2157,52430573,51.764,random,float32
6,708.385344,884,52430573,54.600,random,float32
6,708.920466,2615,52430573,55.635,random,float32
6,709.454543,8473,52430573,53.637,random,float32
6,709.993039,5449,52430573,54.549,random,float32
6,710.514022,3710,52430573,52.223,random,float32
6,711.044136,729,52430573,50.682,random,float32
6,711.568212,2409,52430573,52.146,random,float32
6,712.106491,1307,52430573,53.994,random,float32
6,712.638769,5738,52430573,54.442,random,float32
6,713.179958,4223,52430573,54.459,random,float32
6,713.711767,5612,52430573,53.711,random,float32
6,714.254037,642,52430573,53.122,random,float32
6,714.792115,3449,52430573,53.624,random,float32
6,715.327768,297,52430573,53.017,random,float32
6,715.853333,247,52430573,52.840,random,float32
6,716.389171,4353,52430573,54.184,random,float32
6,716.933191,387,52430573,55.163,random,float32
6,717.474826,1034,52430573,53.993,random,float32
6,718.015280,5221,52430573,53.325,random,float32
6,718.558603,7636,52430573,54.792,random,float32
6,719.113341,7033,52430573,55.531,random,float32
6,719.658731,4495,52430573,53.654,random,float32
6,720.201038,4257,52430573,53.934,random,float32
6,720.753948,4179,52430573,54.260,random,float32
6,721.295746,7703,52430573,54.287,random,float32
6,721.846015,8681,52430573,54.053,random,float32
6,722.382399,7219,52430573,54.546,random,float32
6,722.920545,4405,52430573,53.670,random,float32
6,723.456601,640,52430573,53.126,random,float32
6,723.998480,3090,52430573,55.890,random,float32
6,724.529313,2725,52430573,53.750,random,float32
6,725.072659,4433,52430573,54.655,random,float32
6,725.616494,1612,52430573,53.718,random,float32
6,726.153652,8890,52430573,54.952,random,float32
6,726.692866,2787,52430573,54.511,random,float32
6,727.234502,9759,52430573,55.120,random,float32
6,727.771867,9460,52430573,54.453,random,float32
6,728.311780,5800,52430573,52.832,random,float32
6,728.841741,6307,52430573,53.790,random,float32
6,729.381794,4355,52430573,55.399,random,float32
6,729.910981,8137,52430573,53.727,random,float32
6,730.445663,2448,52430573,52.714,random,float32
6,730.980605,3695,52430573,54.426,random,float32
6,731.520373,2550,52430573,53.532,random,float32
6,732.060758,5219,52430573,54.617,random,float32
6,732.597728,7575,52430573,54.608,random,float32
6,733.137731,9749,52430573,52.531,random,float32
6,733.675330,4888,52430573,54.073,random,float32
6,734.213765,5447,52430573,53.638,random,float32
6,734.748822,8555,52430573,53.829,random,float32
6,735.287042,7794,52430573,52.343,random,float32
6,735.815450,5797,52430573,51.872,random,float32
6,736.358958,2429,52430573,54.509,random,float32
6,736.901485,9042,52430573,54.114,random,float32
6,737.435539,7457,52430573,52.648,random,float32
6,737.973400,8852,52430573,55.444,random,float32
6,738.513797,6904,52430573,52.154,random,float32
6,739.049842,5215,52430573,53.087,random,float32
6,739.587295,588,52430573,54.097,random,float32
6,740.126282,1113,52430573,53.377,random,float32
6,740.663539,5738,52430573,53.176,random,float32
6,741.195047,6805,52430573,52.422,random,float32
6,741.725158,3482,52430573,53.109,random,float32
6,742.256915,6219,52430573,53.475,random,float32
6,742.791225,7358,52430573,54.116,random,float32
6,743.327857,5607,52430573,54.055,random,float32
6,743.865254,8684,52430573,52.420,random,float32
6,744.401856,424,52430573,51.462,random,float32
6,744.935222,4218,52430573,53.814,random,float32
6,745.471547,2763,52430573,54.497,random,float32
6,746.007338,4547,52430573,54.923,random,float32
6,746.541855,7981,52430573,53.635,random,float32
6,747.074857,5669,52430573,53.754,random,float32
6,747.610049,3446,52430573,53.929,random,float32
6,748.143800,3163,52430573,54.533,random,float32
6,748.683395,9260,52430573,53.240,random,float32
6,749.215592,7746,52430573,52.886,random,float32
6,749.742083,5748,52430573,53.268,random,float32
6,750.274173,5344,52430573,52.326,random,float32
6,750.813564,4985,52430573,54.597,random,float32
6,751.350124,7321,52430573,53.708,random,float32
6,751.891518,3598,52430573,53.226,random,float32
6,752.420504,2953,52430573,53.384,random,float32
6,752.950885,8136,52430573,53.189,random,float32
6,753.485684,7125,52430573,53.421,random,float32
6,754.022399,570,52430573,53.719,random,float32
6,754.566485,2535,52430573,54.074,random,float32
6,755.109624,4067,52430573,53.392,random,float32
6,755.657593,9484,52430573,55.197,random,float32
6,756.212875,6280,52430573,55.357,random,float32
6,756.753722,5581,52430573,52.607,random,float32
6,757.296379,5666,52430573,53.732,random,float32
6,757.839327,9058,52430573,53.853,random,float32
6,758.376294,5562,52430573,55.160,random,float32
6,758.918491,4000,52430573,54.663,random,float32
6,759.474863,134,52430573,59.185,random,float32
6,760.023318,3785,52430573,52.249,random,float32
6,760.568245,347,52430573,54.653,random,float32
6,761.138911,9642,52430573,55.574,random,float32
6,761.685401,465,52430573,53.587,random,float32
6,762.213701,2564,52430573,53.193,random,float32
6,762.745779,8876,52430573,53.355,random,float32
6,763.284227,5049,52430573,52.568,random,float32
6,763.821675,5190,52430573,55.855,random,float32
6,764.361524,2696,52430573,53.957,random,float32
6,764.893693,4392,52430573,53.528,random,float32
6,765.434643,9369,52430573,54.511,random,float32
6,765.982836,2813,52430573,55.637,random,float32
6,766.519024,8466,52430573,52.200,random,float32
6,767.044175,3904,52430573,53.132,random,float32
6,767.571025,3347,52430573,52.388,random,float32
6,768.100283,9023,52430573,53.721,random,float32
6,768.633884,8645,52430573,55.205,random,float32
6,769.159030,7157,52430573,51.852,random,float32
6,769.683298,7272,52430573,53.127,random,float32
6,770.212755,9277,52430573,52.275,random,float32
6,770.746935,1125,52430573,54.455,random,float32
6,771.264992,7934,52430573,52.393,random,float32
6,771.795416,8240,52430573,52.628,random,float32
6,772.319014,870,52430573,52.776,random,float32
6,772.841618,2914,52430573,50.385,random,float32
6,773.363536,2956,52430573,52.712,random,float32
6,773.897673,4405,52430573,53.257,random,float32
6,774.424769,8479,52430573,52.256,random,float32
6,774.958785,1396,52430573,55.060,random,float32
6,775.487563,4769,52430573,51.259,random,float32
6,776.019639,3412,52430573,55.342,random,float32
6,776.558786,4495,52430573,54.225,random,float32
6,777.102243,125,52430573,55.512,random,float32
6,777.646218,8861,52430573,53.375,random,float32
6,778.188828,6107,52430573,54.562,random,float32
6,778.726839,4383,52430573,53.055,random,float32
6,779.263100,6689,52430573,53.743,random,float32
6,779.801729,6639,52430573,54.462,random,float32
6,780.330307,3614,52430573,51.903,random,float32
6,780.864913,4897,52430573,54.341,random,float32
6,781.398720,5091,52430573,53.179,random,float32
6,781.942317,7252,52430573,55.228,random,float32
6,782.481146,7939,52430573,53.051,random,float32
6,783.019136,6759,52430573,55.105,random,float32
6,783.558708,873,52430573,53.387,random,float32
6,784.100004,5184,52430573,54.350,random,float32
6,784.633661,7489,52430573,53.732,random,float32
6,785.170336,4843,52430573,53.080,random,float32
6,785.707629,21,52430573,53.255,random,float32
6,786.246366,9840,52430573,54.408,random,float32
6,786.795862,7282,52430573,56.782,random,float32
6,787.334836,9869,52430573,52.922,random,float32
6,787.869557,5225,52430573,53.674,random,float32
6,788.411871,9383,52430573,54.087,random,float32
6,788.943214,6836,52430573,53.707,random,float32
6,789.480532,2793,52430573,53.861,random,float32
6,790.014544,985,52430573,54.284,random,float32
6,790.556189,3509,52430573,54.723,random,float32
6,791.091349,5728,52430573,54.681,random,float32
6,791.629282,1538,52430573,53.840,random,float32
6,792.165338,5853,52430573,52.835,random,float32
6,792.701965,7186,52430573,55.144,random,float32
6,793.240857,9264,52430573,54.401,random,float32
6,793.773106,8336,52430573,54.973,random,float32
6,794.318849,2397,52430573,54.412,random,float32
6,794.854430,7715,52430573,55.319,random,float32
6,795.395257,2057,52430573,53.475,random,float32
6,795.931948,4751,52430573,54.103,random,float32
6,796.476844,1893,52430573,53.616,random,float32
6,797.008848,3724,52430573,52.513,random,float32
6,797.551111,8761,52430573,53.663,random,float32
6,798.088652,843,52430573,53.856,random,float32
6,798.628022,2392,52430573,54.029,random,float32
6,799.167338,6759,52430573,54.782,random,float32
6,799.702881,8924,52430573,52.289,random,float32
6,800.240239,7412,52430573,50.783,random,float32
6,800.776455,4619,52430573,54.820,random,float32
6,801.312827,8774,52430573,54.030,random,float32
6,801.850642,5831,52430573,52.096,random,float32
6,802.392022,6366,52430573,53.888,random,float32
6,802.936162,8917,52430573,54.009,random,float32
6,803.471526,9534,52430573,54.181,random,float32
6,804.011157,3483,52430573,54.505,random,float32
6,804.545553,5838,52430573,52.431,random,float32
6,805.073493,7500,52430573,52.249,random,float32
6,805.611258,3383,52430573,55.164,random,float32
6,806.147411,2660,52430573,53.698,random,float32
6,806.681750,8902,52430573,55.273,random,float32
6,807.221847,8841,52430573,55.882,random,float32
6,807.762001,1516,52430573,53.251,random,float32
6,808.299924,8294,52430573,52.666,random,float32
6,808.832826,9920,52430573,52.784,random,float32
6,809.373852,6587,52430573,53.233,random,float32
6,809.909631,9691,52430573,52.671,random,float32
6,810.445636,514,52430573,52.864,random,float32
6,810.986298,8018,52430573,54.384,random,float32
6,811.513534,543,52430573,53.305,random,float32
6,812.052242,7474,52430573,52.244,random,float32
6,812.579451,544,52430573,54.493,random,float32
6,813.115466,3642,52430573,53.399,random,float32
6,813.638249,5047,52430573,52.481,random,float32
6,814.187950,838,52430573,53.080,random,float32
6,814.717660,7234,52430573,53.543,random,float32
6,815.250645,1829,52430573,52.937,random,float32
6,815.775510,3998,52430573,51.715,random,float32
6,816.306428,1826,52430573,54.041,random,float32
6,816.835665,4975,52430573,53.866,random,float32
6,817.369078,4482,52430573,53.788,random,float32
6,817.906590,1803,52430573,54.634,random,float32
6,818.442642,667,52430573,51.668,random,float32
6,818.978898,8862,52430573,53.272,random,float32
6,819.514779,6591,52430573,53.242,random,float32
6,820.045944,454,52430573,53.585,random,float32
6,820.590430,5380,52430573,54.745,random,float32
6,821.130613,6821,52430573,53.439,random,float32
6,821.664292,3354,52430573,52.928,random,float32
6,822.202484,2165,52430573,53.122,random,float32
6,822.735835,8331,52430573,53.789,random,float32
6,823.259405,8825,52430573,53.182,random,float32
6,823.792846,8042,52430573,55.374,random,float32
6,824.331739,4342,52430573,53.368,random,float32
6,824.864980,3614,52430573,54.789,random,float32
6,825.408836,9323,52430573,54.320,random,float32
6,825.937592,5766,52430573,53.817,random,float32
6,826.474489,4152,52430573,53.368,random,float32
6,827.008541,2177,52430573,52.749,random,float32
6,827.542694,9771,52430573,53.049,random,float32
6,828.072424,2635,52430573,53.655,random,float32
6,828.603214,859,52430573,52.703,random,float32
6,829.138099,7253,52430573,53.893,random,float32
6,829.659978,8916,52430573,52.988,random,float32
6,830.192882,8535,52430573,53.357,random,float32
6,830.731371,2796,52430573,53.355,random,float32
6,831.265893,6677,52430573,53.100,random,float32
6,831.803804,580,52430573,54.471,random,float32
6,832.338442,3187,52430573,53.412,random,float32
6,832.884332,3241,52430573,53.158,random,float32
6,833.419044,5964,52430573,53.349,random,float32
6,833.953300,8606,52430573,52.705,random,float32
6,834.487462,8636,52430573,53.962,random,float32
6,835.029501,9343,52430573,53.712,random,float32
6,835.580060,2612,52430573,56.475,random,float32
6,836.127432,7863,52430573,54.292,random,float32
6,836.661694,3659,52430573,53.279,random,float32
6,837.201244,9361,52430573,54.832,random,float32
6,837.749515,3513,52430573,55.008,random,float32
6,838.295809,6899,52430573,54.741,random,float32
6,838.838456,6640,52430573,53.655,random,float32
6,839.376781,4650,52430573,55.636,random,float32
6,839.923480,9071,52430573,55.880,random,float32
6,840.471591,3260,52430573,54.469,random,float32
6,841.003359,8554,52430573,53.930,random,float32
6,841.540711,7249,52430573,55.629,random,float32
6,842.096084,4265,52430573,54.865,random,float32
6,842.637042,3924,52430573,54.473,random,float32
6,843.165463,1665,52430573,53.204,random,float32
6,843.704048,235,52430573,53.671,random,float32
6,844.239438,9843,52430573,53.810,random,float32
6,844.780464,1853,52430573,53.324,random,float32
6,845.323796,3974,52430573,53.868,random,float32
6,845.866597,4096,52430573,53.754,random,float32
6,846.410706,7690,52430573,53.437,random,float32
6,846.935032,4028,52430573,51.483,random,float32
6,847.465718,5388,52430573,52.121,random,float32
6,847.987928,3935,52430573,53.050,random,float32
6,848.529924,8152,52430573,53.053,random,float32
6,849.064322,4595,52430573,52.392,random,float32
6,849.603287,7794,52430573,54.376,random,float32
6,850.151814,9988,52430573,56.057,random,float32
6,850.698501,4889,52430573,54.937,random,float32
6,851.234990,2810,52430573,54.271,random,float32
6,851.771505,1793,52430573,53.442,random,float32
6,852.306847,7025,52430573,52.473,random,float32
6,852.850125,6823,52430573,55.550,random,float32
6,853.390168,4594,52430573,53.907,random,float32
6,853.930297,6759,52430573,54.262,random,float32
6,854.461524,1095,52430573,51.987,random,float32
6,855.001073,4318,52430573,52.811,random,float32
6,855.531981,6822,52430573,55.027,random,float32
6,856.067087,1512,52430573,52.846,random,float32
6,856.603623,6885,52430573,53.237,random,float32
6,857.138243,7846,52430573,53.088,random,float32
6,857.667807,3927,52430573,52.818,random,float32
6,858.202365,340,52430573,55.519,random,float32
6,858.743919,8976,52430573,52.969,random,float32
6,859.283683,7813,52430573,55.419,random,float32
6,859.836154,9448,52430573,54.175,random,float32
6,860.389000,6348,52430573,56.824,random,float32
6,860.942536,3144,52430573,54.632,random,float32
6,861.484472,7405,52430573,54.394,random,float32
6,862.018902,7466,52430573,53.192,random,float32
6,862.548296,7757,52430573,53.440,random,float32
6,863.074296,1288,52430573,53.635,random,float32
6,863.607912,6404,52430573,53.751,random,float32
6,864.145141,4962,52430573,53.670,random,float32
6,864.688107,8571,52430573,54.484,random,float32
6,865.236684,4163,52430573,54.061,random,float32
6,865.779949,8697,52430573,53.640,random,float32
6,866.313967,4615,52430573,51.996,random,float32
6,866.851057,4094,52430573,54.521,random,float32
6,867.387196,710,52430573,54.568,random,float32
6,867.918907,8282,52430573,53.132,random,float32
6,868.460624,7377,52430573,53.333,random,float32
6,868.997742,5266,52430573,54.453,random,float32
6,869.534872,9141,52430573,53.393,random,float32
6,870.068776,6344,52430573,54.397,random,float32
6,870.602490,1372,52430573,52.909,random,float32
6,871.133908,9158,52430573,53.868,random,float32
6,871.654587,1586,52430573,51.992,random,float32
6,872.189118,7363,52430573,52.132,random,float32
6,872.713926,807,52430573,54.840,random,float32
6,873.248152,7945,52430573,50.402,random,float32
6,873.778518,5481,52430573,54.684,random,float32
6,874.321755,7629,52430573,52.425,random,float32
6,874.860717,9722,52430573,55.051,random,float32
6,875.390890,97,52430573,55.081,random,float32
6,875.918558,6113,52430573,53.116,random,float32
6,876.455330,4867,52430573,54.572,random,float32
6,876.988578,9648,52430573,53.124,random,float32
6,877.518869,27,52430573,53.166,random,float32
6,878.049369,7181,52430573,53.792,random,float32
6,878.589507,3558,52430573,53.963,random,float32
6,879.119690,7106,52430573,53.205,random,float32
6,879.671433,6414,52430573,55.849,random,float32
6,880.216840,2842,52430573,55.268,random,float32
6,880.752034,9717,52430573,52.951,random,float32
6,881.284629,3300,52430573,53.121,random,float32
6,881.821115,3012,52430573,54.015,random,float32
6,882.364717,6454,52430573,56.074,random,float32
6,882.907170,5068,52430573,53.172,random,float32
6,883.447508,4967,52430573,53.609,random,float32
6,883.985298,6862,52430573,52.829,random,float32
6,884.521387,2310,52430573,53.148,random,float32
6,885.066448,5528,52430573,53.929,random,float32
6,885.606283,4749,52430573,52.835,random,float32
6,886.141654,7259,52430573,54.712,random,float32
6,886.682107,5878,52430573,53.950,random,float32
6,887.226730,5424,52430573,54.985,random,float32
6,887.775546,8752,52430573,54.816,random,float32
6,888.316446,7414,52430573,54.644,random,float32
6,888.863114,9982,52430573,52.923,random,float32
6,889.411204,1155,52430573,55.218,random,float32
6,889.950742,1260,52430573,55.453,random,float32
6,890.504415,7439,52430573,54.347,random,float32
6,891.041858,2969,52430573,53.469,random,float32
6,891.587275,9396,52430573,55.382,random,float32
6,892.139991,9948,52430573,55.657,random,float32
6,892.694942,6402,52430573,56.614,random,float32
6,893.228388,5973,52430573,52.564,random,float32
6,893.779664,3035,52430573,54.800,random,float32
6,894.318806,7516,52430573,53.543,random,float32
6,894.857534,6487,52430573,55.353,random,float32
6,895.389537,2827,52430573,53.282,random,float32
6,895.927801,329,52430573,53.799,random,float32
6,896.457906,3282,52430573,53.257,random,float32
6,896.991049,6949,52430573,53.932,random,float32
6,897.526657,731,52430573,53.345,random,float32
6,898.055951,5029,52430573,53.014,random,float32
6,898.592670,4618,52430573,53.143,random,float32
6,899.126367,2214,52430573,53.140,random,float32
6,899.657761,5403,52430573,53.688,random,float32
7,300.522197,5825,52430573,52.419,random,float32
7,301.053810,4049,52430573,53.360,random,float32
7,301.587107,7175,52430573,53.151,random,float32
7,302.126694,8337,52430573,53.403,random,float32
7,302.662967,3931,52430573,53.110,random,float32
7,303.198213,7388,52430573,53.295,random,float32
7,303.731576,754,52430573,53.225,random,float32
7,304.263247,406,52430573,52.422,random,float32
7,304.796312,3866,52430573,53.343,random,float32
7,305.332586,5563,52430573,52.270,random,float32
7,305.864402,5053,52430573,53.015,random,float32
7,306.401081,7232,52430573,53.779,random,float32
7,306.936745,8904,52430573,53.986,random,float32
7,307.470287,5711,52430573,51.677,random,float32
7,308.002190,8554,52430573,52.605,random,float32
7,308.543419,8124,52430573,53.664,random,float32
7,309.082458,1973,52430573,53.707,random,float32
7,309.615833,3569,52430573,51.702,random,float32
7,310.152282,4145,52430573,52.269,random,float32
7,310.688927,2868,52430573,53.470,random,float32
7,311.216816,4344,52430573,52.537,random,float32
7,311.745074,159,52430573,53.149,random,float32
7,312.279597,3389,52430573,52.675,random,float32
7,312.815935,4770,52430573,54.453,random,float32
7,313.355003,9321,52430573,53.561,random,float32
7,313.887900,2489,52430573,54.646,random,float32
7,314.418849,5336,52430573,53.847,random,float32
7,314.956489,9432,52430573,57.457,random,float32
7,315.493309,7941,52430573,53.383,random,float32
7,316.024296,8250,52430573,53.879,random,float32
7,316.554409,7179,52430573,53.510,random,float32
7,317.082625,3307,52430573,53.855,random,float32
7,317.623974,1516,52430573,54.881,random,float32
7,318.160470,9371,52430573,52.806,random,float32
7,318.701070,4038,52430573,53.170,random,float32
7,319.232931,5202,52430573,53.586,random,float32
7,319.760189,9520,52430573,52.753,random,float32
7,320.287771,5220,52430573,51.867,random,float32
7,320.819075,7322,52430573,52.102,random,float32
7,321.345829,6878,52430573,52.239,random,float32
7,321.885976,2021,52430573,55.458,random,float32
7,322.420490,2332,52430573,49.542,random,float32
7,322.950332,5915,52430573,51.440,random,float32
7,323.476246,3531,52430573,53.412,random,float32
7,324.012702,6885,52430573,55.063,random,float32
7,324.553547,9258,52430573,53.948,random,float32
7,325.083029,8658,52430573,51.688,random,float32
7,325.608547,7520,52430573,53.172,random,float32
7,326.147560,9288,52430573,56.260,random,float32
7,326.682186,3880,52430573,54.125,random,float32
7,327.224529,1444,52430573,55.536,random,float32
7,327.767489,2360,52430573,54.130,random,float32
7,328.305929,3794,52430573,55.774,random,float32
7,328.842110,2530,52430573,52.402,random,float32
7,329.381273,9647,52430573,53.590,random,float32
7,329.918615,7623,52430573,52.301,random,float32
7,330.447031,6997,52430573,51.856,random,float32
7,330.987648,5975,52430573,55.138,random,float32
7,331.523244,411,52430573,54.450,random,float32
7,332.054895,8652,52430573,53.404,random,float32
7,332.590224,5128,52430573,53.491,random,float32
7,333.134093,9363,52430573,54.439,random,float32
7,333.674871,1306,52430573,53.706,random,float32
7,334.208836,5653,52430573,53.159,random,float32
7,334.739091,4341,52430573,52.381,random,float32
7,335.278359,2493,52430573,53.260,random,float32
7,335.818790,9848,52430573,55.898,random,float32
7,336.359487,7012,52430573,53.494,random,float32
7,336.896127,6101,52430573,53.181,random,float32
7,337.432264,190,52430573,52.806,random,float32
7,337.958899,4100,52430573,52.719,random,float32
7,338.490624,8560,52430573,53.779,random,float32
7,339.020836,4235,52430573,53.294,random,float32
7,339.562864,9953,52430573,54.006,random,float32
7,340.102168,2323,52430573,54.213,random,float32
7,340.657193,4321,52430573,56.429,random,float32
7,341.220957,1677,52430573,56.156,random,float32
7,341.762158,1572,52430573,53.648,random,float32
7,342.300337,1546,52430573,54.202,random,float32
7,342.836120,3280,52430573,52.401,random,float32
7,343.368172,7831,52430573,53.944,random,float32
7,343.907415,7915,52430573,54.438,random,float32
7,344.469924,3696,52430573,56.771,random,float32
7,345.027288,2769,52430573,56.489,random,float32
7,345.578778,5321,52430573,54.851,random,float32
7,346.140813,6638,52430573,56.797,random,float32
7,346.676512,9416,52430573,54.213,random,float32
7,347.213721,823,52430573,53.741,random,float32
7,347.755381,455,52430573,53.417,random,float32
7,348.299869,3133,52430573,56.672,random,float32
7,348.857104,6947,52430573,55.497,random,float32
7,349.413332,1494,52430573,56.649,random,float32
7,349.962977,6543,52430573,55.387,random,float32
7,350.507585,5993,52430573,54.449,random,float32
7,351.043633,5938,52430573,53.471,random,float32
7,351.578505,9699,52430573,53.518,random,float32
7,352.143556,1149,52430573,57.527,random,float32
7,352.687058,3505,52430573,53.615,random,float32
7,353.231220,6946,52430573,54.285,random,float32
7,353.767247,9803,52430573,54.602,random,float32
7,354.304890,4419,52430573,53.883,random,float32
7,354.837199,9692,52430573,53.321,random,float32
7,355.381044,1635,52430573,54.104,random,float32
7,355.927006,4759,52430573,55.094,random,float32
7,356.478552,1022,52430573,55.873,random,float32
7,357.020859,973,52430573,54.256,random,float32
7,357.561069,7104,52430573,53.761,random,float32
7,358.096229,7370,52430573,54.617,random,float32
7,358.628619,7296,52430573,54.162,random,float32
7,359.156625,3025,52430573,53.743,random,float32
7,359.695973,4518,52430573,53.510,random,float32
7,360.247810,6071,52430573,54.674,random,float32
7,360.800703,755,52430573,55.760,random,float32
7,361.342247,5280,52430573,54.169,random,float32
7,361.896786,1136,52430573,55.745,random,float32
7,362.434468,4968,52430573,54.230,random,float32
7,362.969319,2986,52430573,53.934,random,float32
7,363.508607,8844,52430573,53.051,random,float32
7,364.041335,6256,52430573,52.963,random,float32
7,364.572834,3189,52430573,53.777,random,float32
7,365.111994,1960,52430573,54.107,random,float32
7,365.650718,2578,52430573,55.663,random,float32
7,366.207067,5776,52430573,54.344,random,float32
7,366.754431,4132,52430573,56.204,random,float32
7,367.298032,6839,52430573,55.261,random,float32
7,367.858119,5793,52430573,54.377,random,float32
7,368.408929,6995,52430573,54.376,random,float32
7,368.946565,5571,52430573,53.805,random,float32
7,369.501133,5719,52430573,56.355,random,float32
7,370.059276,5312,52430573,55.014,random,float32
7,370.611228,1425,52430573,55.927,random,float32
7,371.148945,2077,52430573,53.432,random,float32
7,371.709084,4815,52430573,56.852,random,float32
7,372.257527,4455,52430573,57.205,random,float32
7,372.802108,1841,52430573,54.993,random,float32
7,373.332230,2009,52430573,52.938,random,float32
7,373.876166,9897,52430573,55.012,random,float32
7,374.413881,9588,52430573,52.024,random,float32
7,374.947745,6378,52430573,56.242,random,float32
7,375.492105,1461,52430573,53.827,random,float32
7,376.028295,306,52430573,53.791,random,float32
7,376.568417,4577,52430573,51.466,random,float32
7,377.112466,507,52430573,55.058,random,float32
7,377.651944,225,52430573,54.152,random,float32
7,378.190435,2836,52430573,55.142,random,float32
7,378.728176,3320,52430573,52.474,random,float32
7,379.269279,2963,52430573,54.724,random,float32
7,379.821030,761,52430573,52.949,random,float32
7,380.364046,5534,52430573,55.328,random,float32
7,380.916878,1367,52430573,55.020,random,float32
7,381.468173,4702,52430573,55.042,random,float32
7,382.019276,6398,52430573,55.188,random,float32
7,382.584650,7589,52430573,56.695,random,float32
7,383.128102,8883,52430573,53.453,random,float32
7,383.668956,7231,52430573,54.193,random,float32
7,384.244917,5451,52430573,57.764,random,float32
7,384.798146,2378,52430573,54.390,random,float32
7,385.346615,333,52430573,55.343,random,float32
7,385.906278,2645,52430573,56.793,random,float32
7,386.455299,3392,52430573,54.199,random,float32
7,386.996117,8066,52430573,53.926,random,float32
7,387.537328,7186,52430573,54.597,random,float32
7,388.084131,1300,52430573,53.790,random,float32
7,388.634444,4393,52430573,55.011,random,float32
7,389.186913,8298,52430573,53.560,random,float32
7,389.727811,3252,52430573,53.656,random,float32
7,390.267880,6243,52430573,53.573,random,float32
7,390.814987,6823,52430573,54.660,random,float32
7,391.361470,9562,52430573,54.797,random,float32
7,391.914557,9649,52430573,55.614,random,float32
7,392.459255,4208,52430573,55.594,random,float32
7,393.014256,2524,52430573,53.901,random,float32
7,393.562795,2471,52430573,56.031,random,float32
7,394.118055,1908,52430573,55.263,random,float32
7,394.665065,7513,52430573,56.127,random,float32
7,395.209779,4233,52430573,54.965,random,float32
7,395.762113,6756,52430573,55.772,random,float32
7,396.317928,1632,52430573,55.241,random,float32
7,396.854435,3372,52430573,54.018,random,float32
7,397.392287,6728,52430573,52.945,random,float32
7,397.923375,9443,52430573,52.708,random,float32
7,398.459530,4235,52430573,52.884,random,float32
7,398.990067,2996,52430573,53.038,random,float32
7,399.529439,958,52430573,54.660,random,float32
7,400.069374,5528,52430573,53.804,random,float32
7,400.622000,7249,52430573,56.709,random,float32
7,401.163002,6392,52430573,53.964,random,float32
7,401.716109,6330,52430573,56.789,random,float32
7,402.259621,3118,52430573,54.621,random,float32
7,402.802121,6803,52430573,54.399,random,float32
7,403.338606,293,52430573,53.052,random,float32
7,403.888690,3878,52430573,55.813,random,float32
7,404.435510,1670,52430573,54.002,random,float32
7,404.968062,4056,52430573,54.869,random,float32
7,405.492064,8896,52430573,52.440,random,float32
7,406.018201,5112,52430573,53.319,random,float32
7,406.544528,3360,52430573,50.197,random,float32
7,407.069374,72,52430573,51.465,random,float32
7,407.610441,4475,52430573,54.847,random,float32
7,408.149743,6580,52430573,55.338,random,float32
7,408.682519,5974,52430573,52.810,random,float32
7,409.215937,7641,52430573,53.325,random,float32
7,409.765106,2719,52430573,53.500,random,float32
7,410.296589,1324,52430573,54.417,random,float32
7,410.825494,4187,52430573,52.336,random,float32
7,411.354640,663,52430573,52.859,random,float32
7,411.881051,2764,52430573,52.835,random,float32
7,412.407367,7566,52430573,53.593,random,float32
7,412.951949,3722,52430573,53.605,random,float32
7,413.491162,108,52430573,54.384,random,float32
7,414.031415,6980,52430573,54.852,random,float32
7,414.570822,899,52430573,53.810,random,float32
7,415.117622,5733,52430573,55.858,random,float32
7,415.667250,89,52430573,53.469,random,float32
7,416.208202,6652,52430573,53.947,random,float32
7,416.743164,3278,52430573,52.572,random,float32
7,417.275755,2273,52430573,53.652,random,float32
7,417.808089,9566,52430573,53.948,random,float32
7,418.348982,4706,52430573,53.191,random,float32
7,418.880412,1404,52430573,53.076,random,float32
7,419.414710,8605,52430573,53.440,random,float32
7,419.943386,6322,52430573,51.095,random,float32
7,420.483719,9289,52430573,54.483,random,float32
7,421.021882,2453,52430573,53.593,random,float32
7,421.556084,6353,52430573,51.444,random,float32
7,422.091907,219,52430573,54.025,random,float32
7,422.618307,3795,52430573,52.530,random,float32
7,423.152603,266,52430573,53.078,random,float32
7,423.684184,3462,52430573,52.116,random,float32
7,424.227766,8932,52430573,53.925,random,float32
7,424.761961,7726,52430573,51.813,random,float32
7,425.290090,7898,52430573,53.954,random,float32
7,425.833746,940,52430573,54.521,random,float32
7,426.377268,631,52430573,55.005,random,float32
7,426.926456,1695,52430573,55.083,random,float32
7,427.466388,4461,52430573,52.743,random,float32
7,428.005474,5860,52430573,53.753,random,float32
7,428.548048,3054,52430573,52.957,random,float32
7,429.081107,9925,52430573,54.118,random,float32
7,429.622015,6241,52430573,54.564,random,float32
7,430.159853,4451,52430573,53.340,random,float32
7,430.692863,8425,52430573,51.929,random,float32
7,431.223596,8946,52430573,53.351,random,float32
7,431.744619,8054,52430573,53.529,random,float32
7,432.277566,4302,52430573,53.755,random,float32
7,432.808484,3202,52430573,54.602,random,float32
7,433.348143,4619,52430573,53.485,random,float32
7,433.882419,6813,52430573,55.273,random,float32
7,434.419527,9426,52430573,53.361,random,float32
7,434.957854,202,52430573,53.535,random,float32
7,435.492307,7782,52430573,52.811,random,float32
7,436.032325,8308,52430573,53.850,random,float32
7,436.563360,4859,52430573,48.765,random,float32
7,437.098816,1768,52430573,53.209,random,float32
7,437.639553,5356,52430573,53.048,random,float32
7,438.174610,2058,52430573,54.350,random,float32
7,438.714500,2565,52430573,54.471,random,float32
7,439.256992,4874,52430573,54.549,random,float32
7,439.792977,9997,52430573,53.803,random,float32
7,440.329747,7893,52430573,53.972,random,float32
7,440.867778,127,52430573,54.238,random,float32
7,441.390436,5233,52430573,52.673,random,float32
7,441.929962,2013,52430573,53.106,random,float32
7,442.461795,9399,52430573,51.714,random,float32
7,442.990719,5814,52430573,52.267,random,float32
7,443.523296,2138,52430573,52.572,random,float32
7,444.053697,1154,52430573,54.265,random,float32
7,444.587374,6521,52430573,53.512,random,float32
7,445.127906,8269,52430573,53.364,random,float32
7,445.664568,6226,52430573,54.195,random,float32
7,446.199353,8673,52430573,53.189,random,float32
7,446.735988,604,52430573,54.276,random,float32
7,447.271105,1849,52430573,53.540,random,float32
7,447.800938,277,52430573,53.482,random,float32
7,448.336882,2585,52430573,56.153,random,float32
7,448.888620,5055,52430573,55.066,random,float32
7,449.439859,3911,52430573,55.150,random,float32
7,449.997667,8056,52430573,56.177,random,float32
7,450.547236,7166,52430573,56.040,random,float32
7,451.107020,8248,52430573,55.398,random,float32
7,451.663738,6552,52430573,58.465,random,float32
7,452.204134,4897,52430573,53.402,random,float32
7,452.743370,6601,52430573,53.441,random,float32
7,453.286711,7053,52430573,55.421,random,float32
7,453.818853,6713,52430573,52.714,random,float32
7,454.365162,1255,52430573,53.635,random,float32
7,454.902543,2628,52430573,52.385,random,float32
7,455.442708,3439,52430573,54.086,random,float32
7,455.980686,670,52430573,53.629,random,float32
7,456.513402,1505,52430573,52.770,random,float32
7,457.040687,1499,52430573,52.252,random,float32
7,457.574342,4402,52430573,53.652,random,float32
7,458.123392,9403,52430573,55.108,random,float32
7,458.660836,2982,52430573,54.221,random,float32
7,459.193044,9145,52430573,53.300,random,float32
7,459.721198,9780,52430573,52.927,random,float32
7,460.250889,9561,52430573,52.941,random,float32
7,460.785646,1236,52430573,53.421,random,float32
7,461.320512,9594,52430573,53.638,random,float32
7,461.855659,7474,52430573,53.112,random,float32
7,462.383610,1588,52430573,49.635,random,float32
7,462.911024,7980,52430573,52.556,random,float32
7,463.448597,4431,52430573,52.943,random,float32
7,463.984732,7698,52430573,53.108,random,float32
7,464.506179,3439,52430573,52.998,random,float32
7,465.040571,3197,52430573,52.666,random,float32
7,465.571876,3543,52430573,54.330,random,float32
7,466.110322,4383,52430573,55.291,random,float32
7,466.643413,3471,52430573,53.819,random,float32
7,467.178211,9368,52430573,54.560,random,float32
7,467.710897,8411,52430573,50.981,random,float32
7,468.246127,1216,52430573,53.631,random,float32
7,468.782224,250,52430573,51.821,random,float32
7,469.319331,2655,52430573,53.495,random,float32
7,469.839527,9626,52430573,50.675,random,float32
7,470.367878,6871,52430573,52.362,random,float32
7,470.908436,6684,52430573,53.795,random,float32
7,471.449574,5529,52430573,54.765,random,float32
7,471.985608,5498,52430573,53.836,random,float32
7,472.519359,274,52430573,54.870,random,float32
7,473.039440,9746,52430573,52.196,random,float32
7,473.570831,795,52430573,54.018,random,float32
7,474.101653,4553,52430573,53.206,random,float32
7,474.635518,8567,52430573,52.597,random,float32
7,475.177124,1161,52430573,53.686,random,float32
7,475.716838,2413,52430573,54.814,random,float32
7,476.253344,9127,52430573,53.319,random,float32
7,476.783985,6051,52430573,52.393,random,float32
7,477.317688,8903,52430573,53.383,random,float32
7,477.853264,7840,52430573,51.827,random,float32
7,478.381563,8821,52430573,52.311,random,float32
7,478.903425,905,52430573,52.770,random,float32
7,479.431302,903,52430573,53.533,random,float32
7,479.957373,8267,52430573,51.612,random,float32
7,480.483017,9338,52430573,53.664,random,float32
7,481.014514,9513,52430573,52.504,random,float32
7,481.536715,6005,52430573,50.671,random,float32
7,482.070772,3842,52430573,52.291,random,float32
7,482.595745,8186,52430573,53.898,random,float32
7,483.138931,6929,52430573,53.367,random,float32
7,483.665091,6629,52430573,53.512,random,float32
7,484.202705,8294,52430573,52.774,random,float32
7,484.738276,4750,52430573,55.343,random,float32
7,485.274687,9726,52430573,52.800,random,float32
7,485.800792,91,52430573,50.966,random,float32
7,486.338634,303,52430573,53.707,random,float32
7,486.859341,6795,52430573,53.132,random,float32
7,487.393869,7568,52430573,53.321,random,float32
7,487.937947,1830,52430573,54.408,random,float32
7,488.474606,9673,52430573,52.325,random,float32
7,489.003709,1674,52430573,54.081,random,float32
7,489.524803,1005,52430573,51.827,random,float32
7,490.056914,3172,52430573,52.891,random,float32
7,490.627040,8424,52430573,64.822,random,float32
7,491.188611,4800,52430573,54.568,random,float32
7,491.741128,2048,52430573,55.982,random,float32
7,492.279780,6368,52430573,55.569,random,float32
7,492.815580,1892,52430573,53.438,random,float32
7,493.353927,8415,52430573,53.842,random,float32
7,493.891993,2796,52430573,56.212,random,float32
7,494.436134,6844,52430573,53.794,random,float32
7,494.977114,4673,52430573,54.727,random,float32
7,495.511008,9196,52430573,53.195,random,float32
7,496.052701,88,52430573,55.486,random,float32
7,496.588890,3016,52430573,53.569,random,float32
7,497.125507,9293,52430573,53.623,random,float32
7,497.665377,3986,52430573,55.403,random,float32
7,498.198062,1143,52430573,53.635,random,float32
7,498.735730,9211,52430573,53.185,random,float32
7,499.264851,961,52430573,53.630,random,float32
7,499.801283,3604,52430573,52.861,random,float32
7,500.334045,1668,52430573,54.353,random,float32
7,500.870744,7438,52430573,54.016,random,float32
7,501.392266,3712,52430573,52.919,random,float32
7,501.927472,1329,52430573,54.961,random,float32
7,502.464955,6368,52430573,54.806,random,float32
7,503.007374,7965,52430573,53.974,random,float32
7,503.550982,1655,52430573,54.661,random,float32
7,504.112282,6342,52430573,55.940,random,float32
7,504.652980,3034,52430573,54.736,random,float32
7,505.192750,3083,52430573,53.715,random,float32
7,505.728484,5789,52430573,50.588,random,float32
7,506.264113,5491,52430573,52.701,random,float32
7,506.793482,5492,52430573,54.078,random,float32
7,507.331495,2269,52430573,53.687,random,float32
7,507.869502,8498,52430573,53.151,random,float32
7,508.404058,6044,52430573,53.174,random,float32
7,508.942788,1503,52430573,54.143,random,float32
7,509.475133,6162,52430573,53.967,random,float32
7,510.013576,162,52430573,53.382,random,float32
7,510.550570,8991,52430573,54.337,random,float32
7,511.085083,6694,52430573,53.743,random,float32
7,511.618082,765,52430573,53.683,random,float32
7,512.157906,4459,52430573,53.522,random,float32
7,512.692472,4452,52430573,53.891,random,float32
7,513.226446,8806,52430573,53.106,random,float32
7,513.764475,492,52430573,52.922,random,float32
7,514.297203,7926,52430573,51.473,random,float32
7,514.833844,8774,52430573,54.364,random,float32
7,515.382001,2032,52430573,53.593,random,float32
7,515.914162,9988,52430573,54.235,random,float32
7,516.455932,5421,52430573,54.544,random,float32
7,516.991345,8936,52430573,51.983,random,float32
7,517.534426,928,52430573,53.518,random,float32
7,518.063052,5357,52430573,52.345,random,float32
7,518.598394,975,52430573,52.530,random,float32
7,519.133453,7448,52430573,53.045,random,float32
7,519.663774,7451,52430573,51.835,random,float32
7,520.187985,3750,52430573,51.058,random,float32
7,520.718354,2308,52430573,53.814,random,float32
7,521.250594,6088,52430573,53.505,random,float32
7,521.793982,8950,52430573,54.095,random,float32
7,522.328076,4539,52430573,52.631,random,float32
7,522.866844,9554,52430573,52.699,random,float32
7,523.412689,6083,52430573,54.147,random,float32
7,523.943910,3772,52430573,54.671,random,float32
7,524.477454,3025,52430573,52.283,random,float32
7,525.019998,6680,52430573,54.863,random,float32
7,525.552123,1364,52430573,52.947,random,float32
7,526.084896,9899,52430573,53.064,random,float32
7,526.604736,3261,52430573,52.386,random,float32
7,527.144422,7118,52430573,53.454,random,float32
7,527.678176,9986,52430573,53.137,random,float32
7,528.208962,8978,52430573,52.658,random,float32
7,528.744037,7686,52430573,52.971,random,float32
7,529.278230,5824,52430573,53.294,random,float32
7,529.812852,6148,52430573,53.279,random,float32
7,530.345834,8681,52430573,52.356,random,float32
7,530.872743,1228,52430573,51.814,random,float32
7,531.392827,4455,52430573,53.342,random,float32
7,531.925531,4681,52430573,52.612,random,float32
7,532.455355,5021,52430573,53.638,random,float32
7,533.000792,8379,52430573,53.832,random,float32
7,533.539234,8143,52430573,54.736,random,float32
7,534.077293,1022,52430573,54.363,random,float32
7,534.610017,3163,52430573,53.952,random,float32
7,535.139936,9840,52430573,53.515,random,float32
7,535.671883,3098,52430573,50.803,random,float32
7,536.205969,8604,52430573,55.124,random,float32
7,536.736079,9301,52430573,52.740,random,float32
7,537.280325,499,52430573,55.006,random,float32
7,537.817933,5259,52430573,53.215,random,float32
7,538.348639,4497,52430573,50.868,random,float32
7,538.878189,869,52430573,53.616,random,float32
7,539.406993,5670,52430573,53.822,random,float32
7,539.942415,9975,52430573,54.832,random,float32
7,540.480974,933,52430573,56.929,random,float32
7,541.021555,4542,52430573,53.675,random,float32
7,541.553043,9005,52430573,51.532,random,float32
7,542.080679,5267,52430573,52.756,random,float32
7,542.602594,2634,52430573,52.824,random,float32
7,543.130123,7028,52430573,52.745,random,float32
7,543.665768,1467,52430573,52.670,random,float32
7,544.193266,8061,52430573,51.642,random,float32
7,544.720978,8817,52430573,52.491,random,float32
7,545.257597,5743,52430573,53.789,random,float32
7,545.793666,9162,52430573,54.017,random,float32
7,546.328619,9485,52430573,53.963,random,float32
7,546.849878,5060,52430573,50.770,random,float32
7,547.384181,1419,52430573,55.280,random,float32
7,547.915036,4728,52430573,51.511,random,float32
7,548.451075,9942,52430573,52.452,random,float32
7,548.981053,755,52430573,54.155,random,float32
7,549.505189,2495,52430573,53.873,random,float32
7,550.043588,3257,52430573,53.664,random,float32
7,550.585271,4957,52430573,54.277,random,float32
7,551.119844,7541,52430573,53.428,random,float32
7,551.655259,7380,52430573,53.472,random,float32
7,552.174365,8671,52430573,53.257,random,float32
7,552.710509,7155,52430573,54.816,random,float32
7,553.244362,4738,52430573,52.823,random,float32
7,553.773036,9767,52430573,53.708,random,float32
7,554.294555,1329,52430573,51.788,random,float32
7,554.818968,9851,52430573,54.101,random,float32
7,555.363085,9197,52430573,53.448,random,float32
7,555.903967,7305,52430573,55.253,random,float32
7,556.430978,5381,52430573,52.559,random,float32
7,556.963456,8460,52430573,54.387,random,float32
7,557.497016,8472,52430573,52.533,random,float32
7,558.030371,6173,52430573,53.035,random,float32
7,558.569841,7664,52430573,53.235,random,float32
7,559.105614,544,52430573,53.990,random,float32
7,559.631150,1649,52430573,53.024,random,float32
7,560.166949,4341,52430573,51.747,random,float32
7,560.712966,9884,52430573,54.251,random,float32
7,561.251960,8454,52430573,52.965,random,float32
7,561.788423,5354,52430573,53.049,random,float32
7,562.307926,1042,52430573,54.105,random,float32
7,562.836171,7298,52430573,52.583,random,float32
7,563.371505,4183,52430573,53.016,random,float32
7,563.906621,5102,52430573,53.713,random,float32
7,564.436968,4114,52430573,53.141,random,float32
7,564.965623,8690,52430573,52.143,random,float32
7,565.491669,617,52430573,52.013,random,float32
7,566.030972,2551,52430573,54.569,random,float32
7,566.559881,5003,52430573,52.657,random,float32
7,567.085872,2037,52430573,55.418,random,float32
7,567.618167,3920,52430573,51.839,random,float32
7,568.147752,9532,52430573,52.471,random,float32
7,568.689452,4996,52430573,55.083,random,float32
7,569.235234,6162,52430573,54.951,random,float32
7,569.774527,552,52430573,54.160,random,float32
7,570.339576,5719,52430573,56.228,random,float32
7,570.903730,1992,52430573,53.927,random,float32
7,571.440171,3908,52430573,54.069,random,float32
7,571.985057,9339,52430573,56.452,random,float32
7,572.514541,4647,52430573,53.430,random,float32
7,573.050710,2786,52430573,54.753,random,float32
7,573.585097,1802,52430573,53.792,random,float32
7,574.124080,6692,52430573,52.482,random,float32
7,574.659397,166,52430573,53.967,random,float32
7,575.192649,7682,52430573,53.264,random,float32
7,575.728506,1894,52430573,55.336,random,float32
7,576.261985,697,52430573,53.814,random,float32
7,576.797074,1762,52430573,53.464,random,float32
7,577.336236,8251,52430573,54.565,random,float32
7,577.875712,6888,52430573,53.292,random,float32
7,578.405465,879,52430573,51.681,random,float32
7,578.929065,8396,52430573,52.889,random,float32
7,579.459429,1930,52430573,51.067,random,float32
7,579.992329,4110,52430573,53.763,random,float32
7,580.527835,5727,52430573,55.110,random,float32
7,581.060160,800,52430573,54.359,random,float32
7,581.591040,7668,52430573,55.217,random,float32
7,582.120372,9744,52430573,52.611,random,float32
7,582.650347,9395,52430573,53.609,random,float32
7,583.191227,5104,52430573,55.097,random,float32
7,583.755678,7085,52430573,56.536,random,float32
7,584.298034,4044,52430573,54.714,random,float32
7,584.842591,8453,52430573,54.415,random,float32
7,585.397531,4085,52430573,56.651,random,float32
7,585.947208,4027,52430573,53.284,random,float32
7,586.484673,3857,52430573,53.659,random,float32
7,587.038395,291,52430573,53.978,random,float32
7,587.580286,7093,52430573,54.266,random,float32
7,588.141341,4086,52430573,58.212,random,float32
7,588.706907,7759,52430573,55.755,random,float32
7,589.260713,143,52430573,55.091,random,float32
7,589.808971,4094,52430573,54.850,random,float32
7,590.358040,3208,52430573,55.108,random,float32
7,590.912816,2002,52430573,54.954,random,float32
7,591.462755,5171,52430573,53.804,random,float32
7,592.003744,1792,52430573,55.011,random,float32
7,592.555900,8651,52430573,54.847,random,float32
7,593.100228,3695,52430573,53.608,random,float32
7,593.638907,7451,52430573,53.206,random,float32
7,594.181036,9700,52430573,54.437,random,float32
7,594.713089,1806,52430573,53.289,random,float32
7,595.256540,1849,52430573,54.606,random,float32
7,595.797056,8251,52430573,53.781,random,float32
7,596.337621,91,52430573,54.094,random,float32
7,596.876949,2983,52430573,53.462,random,float32
7,597.416172,1469,52430573,53.408,random,float32
7,597.948909,1216,52430573,54.613,random,float32
7,598.492542,3887,52430573,53.266,random,float32
7,599.029673,4019,52430573,55.661,random,float32
7,599.598561,526,52430573,56.419,random,float32
7,600.155242,8902,52430573,53.244,random,float32
7,600.700898,3227,52430573,55.131,random,float32
7,601.237261,3076,52430573,53.123,random,float32
7,601.777071,7559,52430573,54.341,random,float32
7,602.321079,7387,52430573,53.629,random,float32
7,602.859932,4137,52430573,53.059,random,float32
7,603.395394,6787,52430573,53.918,random,float32
7,603.942535,5605,52430573,54.049,random,float32
7,604.494365,2288,52430573,53.639,random,float32
7,605.033236,4090,52430573,53.101,random,float32
7,605.574572,7655,52430573,53.274,random,float32
7,606.108971,5609,52430573,51.765,random,float32
7,606.638173,4081,52430573,53.870,random,float32
7,607.194711,9865,52430573,54.581,random,float32
7,607.739112,9036,52430573,55.385,random,float32
7,608.283035,3530,52430573,55.331,random,float32
7,608.827248,2449,52430573,54.490,random,float32
7,609.374062,299,52430573,54.997,random,float32
7,609.937120,4248,52430573,54.708,random,float32
7,610.494686,7550,52430573,57.301,random,float32
7,611.048268,8963,52430573,54.233,random,float32
7,611.591229,3516,52430573,54.356,random,float32
7,612.139795,8875,52430573,55.715,random,float32
7,612.681264,1854,52430573,53.789,random,float32
7,613.215953,939,52430573,53.463,random,float32
7,613.749256,6749,52430573,54.534,random,float32
7,614.283117,3239,52430573,52.895,random,float32
7,614.815620,6218,52430573,54.145,random,float32
7,615.349835,3606,52430573,52.750,random,float32
7,615.882322,1220,52430573,53.038,random,float32
7,616.417031,9742,52430573,53.951,random,float32
7,616.962164,2403,52430573,55.230,random,float32
7,617.504153,8762,52430573,51.708,random,float32
7,618.043100,265,52430573,55.084,random,float32
7,618.592810,7935,52430573,53.711,random,float32
7,619.139275,1880,52430573,53.326,random,float32
7,619.677940,5924,52430573,53.118,random,float32
7,620.213078,7418,52430573,53.753,random,float32
7,620.752223,1563,52430573,53.830,random,float32
7,621.310068,2589,52430573,55.064,random,float32
7,621.863827,3587,52430573,56.933,random,float32
7,622.399180,2281,52430573,52.234,random,float32
7,622.933779,7193,52430573,52.284,random,float32
7,623.466158,6902,52430573,53.607,random,float32
7,624.001140,83,52430573,54.103,random,float32
7,624.530860,8302,52430573,52.808,random,float32
7,625.064634,9996,52430573,52.242,random,float32
7,625.592067,9722,52430573,53.008,random,float32
7,626.122780,3226,52430573,52.251,random,float32
7,626.654877,9780,52430573,55.250,random,float32
7,627.195589,5447,52430573,53.837,random,float32
7,627.740718,4000,52430573,53.896,random,float32
7,628.286210,4770,52430573,55.267,random,float32
7,628.832171,8090,52430573,54.028,random,float32
7,629.405586,1011,52430573,57.434,random,float32
7,629.959978,8572,52430573,55.795,random,float32
7,630.511877,118,52430573,55.492,random,float32
7,631.068245,8567,52430573,56.066,random,float32
7,631.627455,3529,52430573,55.523,random,float32
7,632.163339,7876,52430573,52.391,random,float32
7,632.702763,1388,52430573,55.384,random,float32
7,633.244938,9656,52430573,53.900,random,float32
7,633.791028,2841,52430573,55.655,random,float32
7,634.336108,3317,52430573,54.060,random,float32
7,634.884396,3964,52430573,54.439,random,float32
7,635.424245,6809,52430573,54.426,random,float32
7,635.964552,8238,52430573,55.614,random,float32
7,636.504294,5047,52430573,52.903,random,float32
7,637.055817,7070,52430573,55.327,random,float32
7,637.614582,5930,52430573,57.550,random,float32
7,638.162981,6889,52430573,53.904,random,float32
7,638.699529,268,52430573,53.124,random,float32
7,639.234226,7298,52430573,53.443,random,float32
7,639.771053,4879,52430573,53.387,random,float32
7,640.321340,7307,52430573,55.191,random,float32
7,640.871489,5140,52430573,54.436,random,float32
7,641.428832,3227,52430573,54.829,random,float32
7,641.971865,6570,52430573,55.269,random,float32
7,642.504216,3551,52430573,53.498,random,float32
7,643.050277,3467,52430573,54.702,random,float32
7,643.593807,8817,52430573,53.765,random,float32
7,644.142505,267,52430573,55.188,random,float32
7,644.687877,9148,52430573,54.058,random,float32
7,645.238916,1289,52430573,55.489,random,float32
7,645.780033,5272,52430573,53.598,random,float32
7,646.310415,1970,52430573,52.658,random,float32
7,646.835333,1657,52430573,52.200,random,float32
7,647.368262,1405,52430573,51.578,random,float32
7,647.899955,3453,52430573,54.086,random,float32
7,648.439357,6644,52430573,53.715,random,float32
7,648.967895,1869,52430573,52.648,random,float32
7,649.497788,9412,52430573,53.020,random,float32
7,650.023711,2369,52430573,52.617,random,float32
7,650.551638,9502,52430573,54.218,random,float32
7,651.081534,6357,52430573,54.338,random,float32
7,651.623433,8104,52430573,53.214,random,float32
7,652.166031,2573,52430573,53.879,random,float32
7,652.712261,1980,52430573,55.707,random,float32
7,653.260040,6174,52430573,55.225,random,float32
7,653.812556,2919,52430573,55.948,random,float32
7,654.344081,3444,52430573,52.039,random,float32
7,654.874302,6790,52430573,51.863,random,float32
7,655.403243,6099,52430573,54.942,random,float32
7,655.931509,3331,52430573,51.188,random,float32
7,656.464041,9706,52430573,53.873,random,float32
7,657.001022,813,52430573,53.251,random,float32
7,657.541403,8649,52430573,53.640,random,float32
7,658.079074,2916,52430573,52.764,random,float32
7,658.608862,4889,52430573,52.608,random,float32
7,659.139156,5424,52430573,52.660,random,float32
7,659.670930,248,52430573,53.249,random,float32
7,660.194992,5851,52430573,51.868,random,float32
7,660.727635,582,52430573,53.416,random,float32
7,661.258583,8020,52430573,52.909,random,float32
7,661.783838,643,52430573,50.511,random,float32
7,662.307570,8900,52430573,53.383,random,float32
7,662.847568,6079,52430573,53.071,random,float32
7,663.377473,6146,52430573,52.920,random,float32
7,663.907386,6200,52430573,52.453,random,float32
7,664.437739,6067,52430573,54.144,random,float32
7,664.970981,7279,52430573,53.458,random,float32
7,665.501392,1066,52430573,53.332,random,float32
7,666.031830,6669,52430573,53.661,random,float32
7,666.566135,2221,52430573,53.176,random,float32
7,667.097362,7337,52430573,55.918,random,float32
7,667.649887,9155,52430573,54.694,random,float32
7,668.192751,8617,52430573,54.854,random,float32
7,668.743173,6801,52430573,55.522,random,float32
7,669.277508,2373,52430573,54.225,random,float32
7,669.834879,7523,52430573,55.184,random,float32
7,670.374327,278,52430573,54.609,random,float32
7,670.905940,4410,52430573,53.074,random,float32
7,671.435058,6808,52430573,54.357,random,float32
7,671.968574,6319,52430573,53.213,random,float32
7,672.498582,4466,52430573,54.612,random,float32
7,673.021671,7067,52430573,51.251,random,float32
7,673.551487,1899,52430573,53.335,random,float32
7,674.089726,8903,52430573,52.171,random,float32
7,674.617381,5924,52430573,51.226,random,float32
7,675.158821,3063,52430573,54.166,random,float32
7,675.693550,1259,52430573,52.394,random,float32
7,676.213635,4596,52430573,50.737,random,float32
7,676.734588,1139,52430573,52.837,random,float32
7,677.267733,9877,52430573,53.019,random,float32
7,677.805056,7664,52430573,53.433,random,float32
7,678.338929,8537,52430573,52.121,random,float32
7,678.865173,3792,52430573,50.599,random,float32
7,679.396836,3148,52430573,56.608,random,float32
7,679.934187,2609,52430573,55.350,random,float32
7,680.469509,394,52430573,53.227,random,float32
7,680.993619,5617,52430573,50.941,random,float32
7,681.524061,6528,52430573,54.326,random,float32
7,682.054565,7492,52430573,52.916,random,float32
7,682.590715,9412,52430573,54.060,random,float32
7,683.130325,4932,52430573,53.859,random,float32
7,683.666335,9653,52430573,53.774,random,float32
7,684.206555,9419,52430573,50.590,random,float32
7,684.743501,4456,52430573,52.602,random,float32
7,685.289245,9621,52430573,54.237,random,float32
7,685.825605,167,52430573,52.006,random,float32
7,686.364880,6902,52430573,55.530,random,float32
7,686.892855,5224,52430573,52.923,random,float32
7,687.427215,1787,52430573,53.387,random,float32
7,687.955865,8493,52430573,50.979,random,float32
7,688.493472,2790,52430573,52.891,random,float32
7,689.030548,9106,52430573,53.079,random,float32
7,689.556429,7581,52430573,50.399,random,float32
7,690.088731,80,52430573,53.921,random,float32
7,690.621146,2438,52430573,53.215,random,float32
7,691.145639,5664,52430573,52.034,random,float32
7,691.678040,4306,52430573,53.530,random,float32
7,692.209354,2127,52430573,53.173,random,float32
7,692.730895,7077,52430573,52.380,random,float32
7,693.255886,6266,52430573,52.610,random,float32
7,693.787623,8286,52430573,54.769,random,float32
7,694.308227,543,52430573,52.370,random,float32
7,694.827011,323,52430573,51.883,random,float32
7,695.352302,8664,52430573,52.431,random,float32
7,695.883608,3459,52430573,54.590,random,float32
7,696.414742,4590,52430573,52.031,random,float32
7,696.938845,9692,52430573,51.731,random,float32
7,697.485214,5989,52430573,54.165,random,float32
7,698.035430,6183,52430573,55.190,random,float32
7,698.574962,3505,52430573,54.743,random,float32
7,699.105524,4979,52430573,51.834,random,float32
7,699.642724,6767,52430573,54.263,random,float32
7,700.171290,5432,52430573,54.579,random,float32
7,700.713842,5285,52430573,55.200,random,float32
7,701.250113,3218,52430573,53.057,random,float32
7,701.797430,3344,52430573,54.125,random,float32
7,702.339946,3821,52430573,54.304,random,float32
7,702.873413,5262,52430573,53.331,random,float32
7,703.404792,8418,52430573,53.120,random,float32
7,703.947579,8142,52430573,54.734,random,float32
7,704.489211,1400,52430573,53.416,random,float32
7,705.036004,298,52430573,51.471,random,float32
7,705.573161,626,52430573,53.355,random,float32
7,706.104566,9410,52430573,53.358,random,float32
7,706.636527,2063,52430573,53.098,random,float32
7,707.171698,5740,52430573,54.937,random,float32
7,707.701889,5344,52430573,52.965,random,float32
7,708.246870,2219,52430573,56.016,random,float32
7,708.806964,9417,52430573,56.345,random,float32
7,709.349219,1999,52430573,54.017,random,float32
7,709.885858,2729,52430573,53.693,random,float32
7,710.416486,2207,52430573,53.900,random,float32
7,710.945820,7350,52430573,53.340,random,float32
7,711.492022,1788,52430573,56.058,random,float32
7,712.044062,604,52430573,53.849,random,float32
7,712.582000,4374,52430573,53.284,random,float32
7,713.124512,7385,52430573,53.753,random,float32
7,713.657089,4879,52430573,52.749,random,float32
7,714.200793,8558,52430573,53.693,random,float32
7,714.740551,8627,52430573,53.522,random,float32
7,715.275762,4659,52430573,52.746,random,float32
7,715.802319,6425,52430573,52.393,random,float32
7,716.332577,3129,52430573,54.090,random,float32
7,716.874462,3563,52430573,53.952,random,float32
7,717.405622,6684,52430573,53.393,random,float32
7,717.935760,4653,52430573,52.986,random,float32
7,718.479231,397,52430573,53.597,random,float32
7,719.029927,4985,52430573,55.962,random,float32
7,719.569280,3954,52430573,52.951,random,float32
7,720.098394,6449,52430573,51.333,random,float32
7,720.651509,9642,52430573,56.335,random,float32
7,721.184142,6444,52430573,53.465,random,float32
7,721.735853,2750,52430573,55.999,random,float32
7,722.273226,4453,52430573,53.788,random,float32
7,722.812026,8557,52430573,54.702,random,float32
7,723.348716,9154,52430573,53.451,random,float32
7,723.884758,3093,52430573,54.699,random,float32
7,724.416745,760,52430573,56.395,random,float32
7,724.960817,3532,52430573,56.302,random,float32
7,725.500737,8738,52430573,52.623,random,float32
7,726.042800,9642,52430573,55.707,random,float32
7,726.586067,3742,52430573,54.064,random,float32
7,727.125321,6910,52430573,53.055,random,float32
7,727.663380,9458,52430573,53.175,random,float32
7,728.201370,7453,52430573,52.908,random,float32
7,728.738958,4776,52430573,52.898,random,float32
7,729.276084,7990,52430573,54.067,random,float32
7,729.812365,5407,52430573,51.924,random,float32
7,730.346322,2263,52430573,52.519,random,float32
7,730.882983,7776,52430573,54.015,random,float32
7,731.419141,5382,52430573,52.925,random,float32
7,731.976667,7928,52430573,56.631,random,float32
7,732.521272,5475,52430573,54.924,random,float32
7,733.076697,1688,52430573,54.098,random,float32
7,733.617312,8484,52430573,54.003,random,float32
7,734.165931,7185,52430573,53.045,random,float32
7,734.703864,736,52430573,53.003,random,float32
7,735.244402,9003,52430573,53.488,random,float32
7,735.783569,7433,52430573,53.274,random,float32
7,736.331234,7992,52430573,54.348,random,float32
7,736.878346,2374,52430573,55.027,random,float32
7,737.435146,3200,52430573,55.861,random,float32
7,737.973828,8350,52430573,54.277,random,float32
7,738.513669,1279,52430573,53.889,random,float32
7,739.048680,1777,52430573,52.773,random,float32
7,739.585177,2404,52430573,54.513,random,float32
7,740.124908,7107,52430573,53.336,random,float32
7,740.661913,1693,52430573,52.893,random,float32
7,741.192367,3537,52430573,52.568,random,float32
7,741.726339,3481,52430573,52.622,random,float32
7,742.265328,3167,52430573,54.962,random,float32
7,742.814059,6082,52430573,54.065,random,float32
7,743.359080,7,52430573,56.114,random,float32
7,743.920556,6618,52430573,54.239,random,float32
7,744.455037,2672,52430573,51.464,random,float32
7,744.998042,2798,52430573,54.508,random,float32
7,745.549856,8976,52430573,55.548,random,float32
7,746.107896,7534,52430573,54.337,random,float32
7,746.649430,3549,52430573,52.863,random,float32
7,747.193410,1209,52430573,54.622,random,float32
7,747.732954,5285,52430573,54.670,random,float32
7,748.287427,8708,52430573,55.989,random,float32
7,748.842823,1401,52430573,53.403,random,float32
7,749.387883,2347,52430573,55.707,random,float32
7,749.951605,1030,52430573,56.349,random,float32
7,750.493992,6787,52430573,54.269,random,float32
7,751.030762,980,52430573,53.575,random,float32
7,751.576195,5241,52430573,55.238,random,float32
7,752.136191,5538,52430573,57.670,random,float32
7,752.683047,7801,52430573,54.204,random,float32
7,753.215870,1666,52430573,53.068,random,float32
7,753.750503,9537,52430573,54.712,random,float32
7,754.298030,5578,52430573,56.147,random,float32
7,754.845437,7928,52430573,54.943,random,float32
7,755.395438,6706,52430573,54.595,random,float32
7,755.950230,4338,52430573,57.415,random,float32
7,756.490562,6834,52430573,53.975,random,float32
7,757.034388,1748,52430573,54.007,random,float32
7,757.574116,3857,52430573,53.784,random,float32
7,758.119985,7341,52430573,54.815,random,float32
7,758.683605,9533,52430573,55.113,random,float32
7,759.240785,6969,52430573,55.901,random,float32
7,759.800018,1233,52430573,54.027,random,float32
7,760.357192,5111,52430573,57.754,random,float32
7,760.922425,2093,52430573,55.392,random,float32
7,761.479274,1757,52430573,54.520,random,float32
7,762.037783,7264,52430573,53.693,random,float32
7,762.587001,8527,52430573,55.759,random,float32
7,763.145369,8356,52430573,55.633,random,float32
7,763.690298,8116,52430573,55.559,random,float32
7,764.241634,7626,52430573,54.453,random,float32
7,764.788624,283,52430573,55.382,random,float32
7,765.346644,6549,52430573,57.761,random,float32
7,765.916924,7537,52430573,55.486,random,float32
7,766.464504,1692,52430573,53.838,random,float32
7,767.018206,7552,52430573,53.088,random,float32
7,767.556290,6897,52430573,54.510,random,float32
7,768.100279,9589,52430573,54.265,random,float32
7,768.638369,5761,52430573,53.092,random,float32
7,769.169001,5029,52430573,53.984,random,float32
7,769.699375,2100,52430573,52.978,random,float32
7,770.239479,843,52430573,54.011,random,float32
7,770.782429,4981,52430573,54.916,random,float32
7,771.333265,4629,52430573,54.845,random,float32
7,771.876599,1067,52430573,54.001,random,float32
7,772.418938,5883,52430573,53.492,random,float32
7,772.958879,6352,52430573,53.938,random,float32
7,773.495279,7678,52430573,53.474,random,float32
7,774.029727,4795,52430573,53.935,random,float32
7,774.574736,3228,52430573,53.025,random,float32
7,775.121152,396,52430573,55.511,random,float32
7,775.668813,8787,52430573,54.020,random,float32
7,776.218620,9916,52430573,57.584,random,float32
7,776.776210,5206,52430573,55.224,random,float32
7,777.319264,3986,52430573,54.027,random,float32
7,777.861560,4221,52430573,53.810,random,float32
7,778.403981,6728,52430573,53.622,random,float32
7,778.942910,7502,52430573,54.499,random,float32
7,779.485844,3378,52430573,54.679,random,float32
7,780.014869,2993,52430573,52.872,random,float32
7,780.547943,3233,52430573,52.716,random,float32
7,781.078433,7555,52430573,54.022,random,float32
7,781.617182,4616,52430573,55.286,random,float32
7,782.159914,9228,52430573,54.249,random,float32
7,782.699881,3140,52430573,55.789,random,float32
7,783.238389,5649,52430573,53.594,random,float32
7,783.775747,8318,52430573,53.612,random,float32
7,784.313379,6057,52430573,53.856,random,float32
7,784.845238,7378,52430573,52.570,random,float32
7,785.383331,2745,52430573,53.202,random,float32
7,785.919545,8657,52430573,53.672,random,float32
7,786.464262,9054,52430573,55.430,random,float32
7,787.028843,582,52430573,54.494,random,float32
7,787.574799,4205,52430573,54.982,random,float32
7,788.136925,3852,52430573,54.736,random,float32
7,788.682521,7393,52430573,54.490,random,float32
7,789.228510,6019,52430573,54.774,random,float32
7,789.793284,757,52430573,57.857,random,float32
7,790.338681,6503,52430573,54.063,random,float32
7,790.880820,5087,52430573,53.655,random,float32
7,791.421135,6426,52430573,54.585,random,float32
7,791.963747,6519,52430573,53.870,random,float32
7,792.502262,4345,52430573,53.778,random,float32
7,793.040445,9716,52430573,53.988,random,float32
7,793.579448,9588,52430573,53.445,random,float32
7,794.134644,1232,52430573,57.804,random,float32
7,794.674276,3323,52430573,53.206,random,float32
7,795.208772,5510,52430573,54.045,random,float32
7,795.740730,1388,52430573,53.029,random,float32
7,796.279382,426,52430573,53.765,random,float32
7,796.815709,2573,52430573,52.494,random,float32
7,797.349836,9909,52430573,52.198,random,float32
7,797.892427,5756,52430573,53.581,random,float32
7,798.437872,203,52430573,55.569,random,float32
7,798.980159,9274,52430573,54.719,random,float32
7,799.536105,2978,52430573,53.666,random,float32
7,800.081789,1224,52430573,52.700,random,float32
7,800.622422,843,52430573,53.385,random,float32
7,801.167494,4995,52430573,54.715,random,float32
7,801.717477,9609,52430573,54.921,random,float32
7,802.261524,1686,52430573,55.413,random,float32
7,802.824771,8289,52430573,54.404,random,float32
7,803.367923,4821,52430573,53.587,random,float32
7,803.921162,7515,52430573,55.689,random,float32
7,804.487585,4634,52430573,59.208,random,float32
7,805.031800,6355,52430573,53.970,random,float32
7,805.596943,2368,52430573,57.411,random,float32
7,806.156716,5236,52430573,55.930,random,float32
7,806.718914,4258,52430573,54.910,random,float32
7,807.284326,464,52430573,56.082,random,float32
7,807.849180,9668,52430573,57.169,random,float32
7,808.399474,8857,52430573,53.843,random,float32
7,808.935423,8491,52430573,53.745,random,float32
7,809.479010,3387,52430573,54.472,random,float32
7,810.012589,9924,52430573,52.326,random,float32
7,810.551961,4361,52430573,54.164,random,float32
7,811.089816,5202,52430573,52.515,random,float32
7,811.638238,5150,52430573,56.593,random,float32
7,812.191979,4457,52430573,54.887,random,float32
7,812.743298,1700,52430573,53.964,random,float32
7,813.277947,4380,52430573,52.860,random,float32
7,813.810110,9725,52430573,54.198,random,float32
7,814.350945,7385,52430573,54.576,random,float32
7,814.902570,8507,52430573,56.929,random,float32
7,815.457247,9681,52430573,54.672,random,float32
7,815.995377,1642,52430573,54.145,random,float32
7,816.530310,6401,52430573,53.292,random,float32
7,817.077344,6759,52430573,57.631,random,float32
7,817.630259,4224,52430573,54.708,random,float32
7,818.169845,1561,52430573,55.114,random,float32
7,818.702915,7136,52430573,53.966,random,float32
7,819.240787,4901,52430573,55.363,random,float32
7,819.773027,9534,52430573,52.521,random,float32
7,820.298616,6703,52430573,52.347,random,float32
7,820.832268,5149,52430573,53.320,random,float32
7,821.355377,3498,52430573,52.015,random,float32
7,821.875865,745,52430573,52.926,random,float32
7,822.406851,2604,52430573,53.490,random,float32
7,822.944433,6384,52430573,52.093,random,float32
7,823.471031,3749,52430573,53.074,random,float32
7,824.009942,9589,52430573,53.803,random,float32
7,824.543523,5413,52430573,53.597,random,float32
7,825.083569,4726,52430573,55.413,random,float32
7,825.614184,8345,52430573,51.381,random,float32
7,826.144611,3360,52430573,53.796,random,float32
7,826.679090,6441,52430573,53.814,random,float32
7,827.216057,4686,52430573,53.473,random,float32
7,827.746584,1112,52430573,52.820,random,float32
7,828.280392,2386,52430573,55.920,random,float32
7,828.810727,6011,52430573,54.055,random,float32
7,829.344261,8786,52430573,52.723,random,float32
7,829.871451,1685,52430573,53.425,random,float32
7,830.395959,5047,52430573,51.195,random,float32
7,830.917189,2900,52430573,51.460,random,float32
7,831.446519,2176,52430573,52.346,random,float32
7,831.978119,1954,52430573,52.080,random,float32
7,832.517893,1782,52430573,54.135,random,float32
7,833.062215,7470,52430573,53.662,random,float32
7,833.601676,9649,52430573,54.036,random,float32
7,834.137141,4629,52430573,53.155,random,float32
7,834.660772,5962,52430573,52.688,random,float32
7,835.198972,2444,52430573,54.481,random,float32
7,835.745829,227,52430573,54.195,random,float32
7,836.281017,1520,52430573,54.035,random,float32
7,836.813140,5428,52430573,53.854,random,float32
7,837.348762,8270,52430573,53.917,random,float32
7,837.887475,1421,52430573,54.155,random,float32
7,838.419862,2979,52430573,51.241,random,float32
7,838.950979,3315,52430573,53.041,random,float32
7,839.483669,9776,52430573,53.364,random,float32
7,840.017482,4939,52430573,53.096,random,float32
7,840.550145,6281,52430573,51.543,random,float32
7,841.080423,1507,52430573,52.964,random,float32
7,841.611415,4894,52430573,55.098,random,float32
7,842.149640,8071,52430573,53.341,random,float32
7,842.682553,5855,52430573,53.610,random,float32
7,843.204987,3453,52430573,51.480,random,float32
7,843.731444,7716,52430573,53.606,random,float32
7,844.266996,5990,52430573,52.573,random,float32
7,844.800285,1840,52430573,53.629,random,float32
7,845.337902,9857,52430573,53.578,random,float32
7,845.871989,8767,52430573,54.532,random,float32
7,846.401384,8471,52430573,53.935,random,float32
7,846.921629,1535,52430573,50.912,random,float32
7,847.450905,8891,52430573,54.211,random,float32
7,847.979176,8335,52430573,54.599,random,float32
7,848.516545,4604,52430573,52.884,random,float32
7,849.049996,621,52430573,53.985,random,float32
7,849.590055,8183,52430573,54.176,random,float32
7,850.122629,7085,52430573,53.346,random,float32
7,850.663445,6541,52430573,53.490,random,float32
7,851.200168,3796,52430573,53.915,random,float32
7,851.733526,8948,52430573,53.463,random,float32
7,852.280843,8992,52430573,54.606,random,float32
7,852.823877,4531,52430573,54.324,random,float32
7,853.364169,1841,52430573,53.640,random,float32
7,853.901855,1089,52430573,53.758,random,float32
7,854.438949,1331,52430573,53.775,random,float32
7,854.979333,9535,52430573,54.024,random,float32
7,855.510282,7243,52430573,53.650,random,float32
7,856.053954,9973,52430573,54.130,random,float32
7,856.591518,8016,52430573,51.329,random,float32
7,857.132930,8019,52430573,54.105,random,float32
7,857.661871,7020,52430573,51.350,random,float32
7,858.196599,1263,52430573,55.829,random,float32
7,858.736675,9362,52430573,53.817,random,float32
7,859.274563,1993,52430573,53.805,random,float32
7,859.809885,9447,52430573,53.852,random,float32
7,860.341333,2880,52430573,52.136,random,float32
7,860.881459,2704,52430573,55.132,random,float32
7,861.416741,5071,52430573,52.742,random,float32
7,861.955447,7927,52430573,54.337,random,float32
7,862.473916,5074,52430573,52.536,random,float32
7,863.009441,1029,52430573,52.962,random,float32
7,863.543129,1481,52430573,53.563,random,float32
7,864.072370,2923,52430573,53.673,random,float32
7,864.604161,8700,52430573,50.279,random,float32
7,865.127459,767,52430573,51.744,random,float32
7,865.665708,1367,52430573,54.017,random,float32
7,866.199997,7412,52430573,50.629,random,float32
7,866.736223,9997,52430573,53.300,random,float32
7,867.275760,600,52430573,52.429,random,float32
7,867.806797,1469,52430573,53.426,random,float32
7,868.344506,5442,52430573,53.160,random,float32
7,868.883158,4834,52430573,53.758,random,float32
7,869.414984,6234,52430573,54.229,random,float32
7,869.953514,5110,52430573,51.870,random,float32
7,870.486496,3887,52430573,54.999,random,float32
7,871.017334,2293,52430573,53.527,random,float32
7,871.537285,944,52430573,52.522,random,float32
7,872.071972,2998,52430573,51.681,random,float32
7,872.600302,2765,52430573,50.833,random,float32
7,873.140756,9061,52430573,55.720,random,float32
7,873.668612,4582,52430573,51.923,random,float32
7,874.210923,6908,52430573,53.148,random,float32
7,874.741029,8173,52430573,50.777,random,float32
7,875.272755,9220,52430573,53.334,random,float32
7,875.800099,3343,52430573,52.865,random,float32
7,876.339917,9379,52430573,55.492,random,float32
7,876.874067,133,52430573,53.733,random,float32
7,877.412331,1297,52430573,53.232,random,float32
7,877.939393,3778,52430573,53.194,random,float32
7,878.475341,4149,52430573,55.037,random,float32
7,879.005738,8503,52430573,52.136,random,float32
7,879.528932,5297,52430573,54.116,random,float32
7,880.066825,4158,52430573,52.639,random,float32
7,880.608501,6191,52430573,52.928,random,float32
7,881.140391,7683,52430573,52.692,random,float32
7,881.674203,559,52430573,52.750,random,float32
7,882.206190,3635,52430573,53.084,random,float32
7,882.741129,1360,52430573,53.789,random,float32
7,883.276739,3681,52430573,53.171,random,float32
7,883.818106,9737,52430573,56.414,random,float32
7,884.351537,5874,52430573,53.743,random,float32
7,884.891573,6208,52430573,58.482,random,float32
7,885.431112,9095,52430573,53.237,random,float32
7,885.963357,584,52430573,55.051,random,float32
7,886.501939,8006,52430573,52.935,random,float32
7,887.033282,5286,52430573,53.349,random,float32
7,887.567291,644,52430573,54.656,random,float32
7,888.092287,4703,52430573,53.010,random,float32
7,888.624687,9973,52430573,51.929,random,float32
7,889.152430,4194,52430573,52.633,random,float32
7,889.691258,6480,52430573,53.445,random,float32
7,890.227814,4201,52430573,52.669,random,float32
7,890.764577,498,52430573,52.776,random,float32
7,891.307345,5189,52430573,53.167,random,float32
7,891.836801,1808,52430573,53.142,random,float32
7,892.372417,9922,52430573,56.063,random,float32
7,892.906213,5805,52430573,53.034,random,float32
7,893.430033,8159,52430573,53.542,random,float32
7,893.968473,2263,52430573,53.473,random,float32
7,894.499693,5178,52430573,53.386,random,float32
7,895.034791,5229,52430573,52.867,random,float32
7,895.561155,5858,52430573,52.486,random,float32
7,896.094834,874,52430573,53.044,random,float32
7,896.629502,1320,52430573,53.072,random,float32
7,897.167852,1088,52430573,53.287,random,float32
7,897.717049,8553,52430573,55.563,random,float32
7,898.265555,2724,52430573,56.026,random,float32
7,898.799949,6873,52430573,52.559,random,float32
7,899.336479,1759,52430573,53.305,random,float32
7,899.868233,5310,52430573,52.973,random,float32
8,300.522918,5630,52430573,52.690,random,float32
8,301.055771,8212,52430573,53.474,random,float32
8,301.589259,8012,52430573,54.551,random,float32
8,302.121039,7656,52430573,53.910,random,float32
8,302.657998,8134,52430573,53.711,random,float32
8,303.191429,4689,52430573,53.284,random,float32
8,303.727008,379,52430573,53.659,random,float32
8,304.257985,224,52430573,53.281,random,float32
8,304.794015,9059,52430573,52.818,random,float32
8,305.331983,2291,52430573,53.042,random,float32
8,305.861372,8711,52430573,52.229,random,float32
8,306.399182,6978,52430573,54.965,random,float32
8,306.935303,1062,52430573,53.371,random,float32
8,307.471193,9826,52430573,52.631,random,float32
8,307.999345,2219,52430573,53.383,random,float32
8,308.540080,6146,52430573,54.025,random,float32
8,309.077120,938,52430573,55.177,random,float32
8,309.613807,4742,52430573,53.647,random,float32
8,310.149009,4341,52430573,51.170,random,float32
8,310.684237,4522,52430573,53.612,random,float32
8,311.214356,177,52430573,53.820,random,float32
8,311.744019,4522,52430573,52.756,random,float32
8,312.271789,981,52430573,52.789,random,float32
8,312.807242,1437,52430573,53.605,random,float32
8,313.347838,8999,52430573,53.887,random,float32
8,313.887594,6401,52430573,53.300,random,float32
8,314.416790,7190,52430573,54.237,random,float32
8,314.954629,1662,52430573,54.832,random,float32
8,315.490667,3586,52430573,52.798,random,float32
8,316.020503,3934,52430573,52.783,random,float32
8,316.554794,3349,52430573,51.395,random,float32
8,317.086019,3778,52430573,53.817,random,float32
8,317.621898,4817,52430573,54.469,random,float32
8,318.159508,2291,52430573,52.245,random,float32
8,318.702035,2079,52430573,54.866,random,float32
8,319.231725,1002,52430573,52.837,random,float32
8,319.769719,1212,52430573,53.103,random,float32
8,320.304406,8765,52430573,52.708,random,float32
8,320.856265,1464,52430573,55.602,random,float32
8,321.402567,6436,52430573,53.077,random,float32
8,321.940965,3707,52430573,52.653,random,float32
8,322.481155,26,52430573,54.279,random,float32
8,323.011954,1912,52430573,53.519,random,float32
8,323.546499,145,52430573,53.556,random,float32
8,324.097991,1368,52430573,54.410,random,float32
8,324.644895,9171,52430573,55.252,random,float32
8,325.188564,1009,52430573,53.077,random,float32
8,325.720307,6298,52430573,52.314,random,float32
8,326.256356,792,52430573,53.751,random,float32
8,326.790632,2305,52430573,54.064,random,float32
8,327.343187,1219,52430573,56.129,random,float32
8,327.878992,4012,52430573,54.883,random,float32
8,328.417968,4428,52430573,52.928,random,float32
8,328.957098,8568,52430573,55.738,random,float32
8,329.506759,5839,52430573,53.483,random,float32
8,330.048250,6870,52430573,55.117,random,float32
8,330.605339,8380,52430573,53.526,random,float32
8,331.147352,4448,52430573,53.615,random,float32
8,331.685635,7194,52430573,54.986,random,float32
8,332.216773,1428,52430573,53.033,random,float32
8,332.750195,3952,52430573,54.225,random,float32
8,333.297832,4870,52430573,52.734,random,float32
8,333.830865,5069,52430573,53.993,random,float32
8,334.366947,2947,52430573,53.160,random,float32
8,334.900172,1678,52430573,54.144,random,float32
8,335.437142,3912,52430573,53.336,random,float32
8,335.975299,466,52430573,53.737,random,float32
8,336.515633,9458,52430573,53.577,random,float32
8,337.051497,544,52430573,53.473,random,float32
8,337.581598,1514,52430573,53.313,random,float32
8,338.110877,1169,52430573,53.411,random,float32
8,338.645578,2999,52430573,52.840,random,float32
8,339.177358,7272,52430573,53.107,random,float32
8,339.716061,2707,52430573,53.642,random,float32
8,340.252888,8995,52430573,53.277,random,float32
8,340.789190,1485,52430573,53.669,random,float32
8,341.325182,6146,52430573,51.560,random,float32
8,341.858442,3358,52430573,52.142,random,float32
8,342.394079,6258,52430573,53.519,random,float32
8,342.926944,7709,52430573,52.834,random,float32
8,343.458973,5742,52430573,53.524,random,float32
8,343.999508,8327,52430573,53.767,random,float32
8,344.537413,2307,52430573,53.288,random,float32
8,345.089515,7323,52430573,54.208,random,float32
8,345.639772,4112,52430573,56.351,random,float32
8,346.197327,5907,52430573,54.109,random,float32
8,346.732123,5494,52430573,53.661,random,float32
8,347.272709,3661,52430573,54.899,random,float32
8,347.807534,9197,52430573,51.981,random,float32
8,348.338675,3870,52430573,55.027,random,float32
8,348.873284,1216,52430573,53.927,random,float32
8,349.419504,6679,52430573,55.325,random,float32
8,349.972282,6114,52430573,56.065,random,float32
8,350.519046,7129,52430573,55.906,random,float32
8,351.067356,5597,52430573,54.818,random,float32
8,351.607540,3353,52430573,54.656,random,float32
8,352.149493,5312,52430573,54.345,random,float32
8,352.694399,2868,52430573,53.647,random,float32
8,353.246696,5285,52430573,54.252,random,float32
8,353.795913,7887,52430573,54.941,random,float32
8,354.351581,6970,52430573,54.838,random,float32
8,354.877429,3352,52430573,52.687,random,float32
8,355.407631,6059,52430573,53.267,random,float32
8,355.944364,7780,52430573,53.885,random,float32
8,356.483283,2511,52430573,54.098,random,float32
8,357.017242,549,52430573,53.601,random,float32
8,357.557874,6270,52430573,53.505,random,float32
8,358.090107,3119,52430573,53.416,random,float32
8,358.624840,1984,52430573,53.488,random,float32
8,359.166773,6826,52430573,54.093,random,float32
8,359.712817,2901,52430573,54.934,random,float32
8,360.262682,8112,52430573,54.344,random,float32
8,360.818209,5902,52430573,55.700,random,float32
8,361.356556,8376,52430573,52.110,random,float32
8,361.899469,220,52430573,54.659,random,float32
8,362.442518,9114,52430573,53.688,random,float32
8,362.979317,5612,52430573,52.707,random,float32
8,363.507111,2836,52430573,52.204,random,float32
8,364.035110,5112,52430573,52.654,random,float32
8,364.567458,4453,52430573,54.629,random,float32
8,365.103287,6390,52430573,53.437,random,float32
8,365.637973,1483,52430573,53.912,random,float32
8,366.187305,9492,52430573,54.948,random,float32
8,366.733625,5369,52430573,52.904,random,float32
8,367.275521,3924,52430573,54.906,random,float32
8,367.826209,1347,52430573,54.765,random,float32
8,368.398468,3938,52430573,57.288,random,float32
8,368.948980,9872,52430573,55.284,random,float32
8,369.502326,6629,52430573,57.154,random,float32
8,370.057530,2826,52430573,55.184,random,float32
8,370.631172,4252,52430573,55.008,random,float32
8,371.182074,2768,52430573,54.431,random,float32
8,371.731847,5054,52430573,55.068,random,float32
8,372.291339,5887,52430573,55.085,random,float32
8,372.849125,3825,52430573,53.024,random,float32
8,373.375643,328,52430573,51.786,random,float32
8,373.919835,2629,52430573,53.859,random,float32
8,374.461252,3224,52430573,54.189,random,float32
8,375.018878,4178,52430573,57.218,random,float32
8,375.560358,3351,52430573,53.354,random,float32
8,376.103639,613,52430573,55.319,random,float32
8,376.651765,5881,52430573,55.579,random,float32
8,377.199164,954,52430573,55.918,random,float32
8,377.743500,4865,52430573,53.838,random,float32
8,378.282695,9292,52430573,53.626,random,float32
8,378.819469,6961,52430573,53.915,random,float32
8,379.351096,1583,52430573,52.822,random,float32
8,379.889853,3521,52430573,53.126,random,float32
8,380.441580,5646,52430573,56.481,random,float32
8,380.995507,6232,52430573,53.954,random,float32
8,381.546416,8541,52430573,56.345,random,float32
8,382.098318,7975,52430573,52.559,random,float32
8,382.634488,5413,52430573,52.990,random,float32
8,383.175414,9520,52430573,54.243,random,float32
8,383.708591,771,52430573,53.850,random,float32
8,384.250265,6828,52430573,54.374,random,float32
8,384.794664,1662,52430573,54.890,random,float32
8,385.334353,8009,52430573,55.199,random,float32
8,385.885817,8814,52430573,56.254,random,float32
8,386.435579,4288,52430573,54.856,random,float32
8,386.979590,30,52430573,54.501,random,float32
8,387.517992,6991,52430573,52.914,random,float32
8,388.053565,9090,52430573,52.739,random,float32
8,388.593947,957,52430573,54.405,random,float32
8,389.129192,3883,52430573,53.236,random,float32
8,389.660420,2962,52430573,52.341,random,float32
8,390.200357,6966,52430573,53.635,random,float32
8,390.742150,9710,52430573,54.118,random,float32
8,391.276478,9113,52430573,52.959,random,float32
8,391.824479,5925,52430573,54.920,random,float32
8,392.373843,1563,52430573,54.719,random,float32
8,392.932719,2177,52430573,52.850,random,float32
8,393.471389,4275,52430573,53.630,random,float32
8,394.011169,9227,52430573,53.409,random,float32
8,394.540918,3606,52430573,52.273,random,float32
8,395.075527,3940,52430573,55.337,random,float32
8,395.615701,6974,52430573,53.891,random,float32
8,396.147375,6324,52430573,54.329,random,float32
8,396.683967,9039,52430573,52.319,random,float32
8,397.219213,4254,52430573,52.657,random,float32
8,397.753175,776,52430573,52.589,random,float32
8,398.286718,3381,52430573,55.827,random,float32
8,398.822221,806,52430573,52.526,random,float32
8,399.356907,2066,52430573,54.177,random,float32
8,399.894748,9519,52430573,53.031,random,float32
8,400.428014,1790,52430573,53.228,random,float32
8,400.965229,1472,52430573,52.562,random,float32
8,401.502205,1460,52430573,55.129,random,float32
8,402.036801,9664,52430573,54.454,random,float32
8,402.575770,2313,52430573,53.812,random,float32
8,403.112112,6737,52430573,53.875,random,float32
8,403.648638,517,52430573,54.217,random,float32
8,404.186848,614,52430573,53.007,random,float32
8,404.723187,1688,52430573,53.441,random,float32
8,405.261672,7903,52430573,53.901,random,float32
8,405.796884,2990,52430573,54.929,random,float32
8,406.336710,5803,52430573,52.815,random,float32
8,406.851806,6255,52430573,52.376,random,float32
8,407.384264,4685,52430573,52.587,random,float32
8,407.946908,7167,52430573,55.876,random,float32
8,408.496650,9097,52430573,53.169,random,float32
8,409.042645,2018,52430573,53.915,random,float32
8,409.581355,1171,52430573,53.834,random,float32
8,410.113389,319,52430573,54.150,random,float32
8,410.648123,9854,52430573,52.960,random,float32
8,411.184397,7888,52430573,53.331,random,float32
8,411.716963,1791,52430573,54.578,random,float32
8,412.246658,1439,52430573,52.678,random,float32
8,412.783091,3337,52430573,53.851,random,float32
8,413.318303,745,52430573,54.391,random,float32
8,413.860331,5173,52430573,54.530,random,float32
8,414.398910,3297,52430573,53.195,random,float32
8,414.936982,1498,52430573,54.324,random,float32
8,415.469070,8912,52430573,53.164,random,float32
8,416.019130,3864,52430573,55.350,random,float32
8,416.577875,3907,52430573,55.459,random,float32
8,417.112216,6147,52430573,53.192,random,float32
8,417.649326,689,52430573,53.188,random,float32
8,418.188379,488,52430573,53.604,random,float32
8,418.734793,5133,52430573,55.274,random,float32
8,419.288399,530,52430573,55.420,random,float32
8,419.826645,2031,52430573,53.169,random,float32
8,420.370282,9830,52430573,54.076,random,float32
8,420.912613,8047,52430573,51.733,random,float32
8,421.445417,294,52430573,53.014,random,float32
8,421.983783,4707,52430573,53.576,random,float32
8,422.512069,3594,52430573,52.905,random,float32
8,423.043441,8830,52430573,51.739,random,float32
8,423.584936,8946,52430573,54.325,random,float32
8,424.118813,8562,52430573,54.050,random,float32
8,424.658397,1324,52430573,53.006,random,float32
8,425.200971,229,52430573,55.799,random,float32
8,425.751675,8296,52430573,54.428,random,float32
8,426.316084,4364,52430573,55.703,random,float32
8,426.857458,4221,52430573,54.213,random,float32
8,427.412585,278,52430573,53.866,random,float32
8,427.949208,9868,52430573,53.462,random,float32
8,428.494508,3194,52430573,54.184,random,float32
8,429.029586,3236,52430573,53.954,random,float32
8,429.573659,9758,52430573,55.122,random,float32
8,430.117380,281,52430573,54.769,random,float32
8,430.659349,2650,52430573,53.392,random,float32
8,431.205888,9200,52430573,55.906,random,float32
8,431.746994,9157,52430573,53.342,random,float32
8,432.287858,1658,52430573,55.761,random,float32
8,432.826700,1684,52430573,53.730,random,float32
8,433.355525,455,52430573,53.725,random,float32
8,433.900703,6993,52430573,54.833,random,float32
8,434.446774,748,52430573,53.697,random,float32
8,434.991084,4187,52430573,54.465,random,float32
8,435.537200,9656,52430573,55.542,random,float32
8,436.084378,8650,52430573,53.585,random,float32
8,436.624035,6282,52430573,53.041,random,float32
8,437.158629,7075,52430573,53.455,random,float32
8,437.692487,9383,52430573,53.625,random,float32
8,438.224728,4391,52430573,54.724,random,float32
8,438.765743,4523,52430573,54.517,random,float32
8,439.307358,8252,52430573,54.036,random,float32
8,439.843844,6851,52430573,54.799,random,float32
8,440.381209,3642,52430573,53.776,random,float32
8,440.918947,644,52430573,54.574,random,float32
8,441.449361,4016,52430573,53.051,random,float32
8,441.996643,668,52430573,55.792,random,float32
8,442.548462,6735,52430573,54.663,random,float32
8,443.098086,1508,52430573,54.338,random,float32
8,443.636524,732,52430573,53.717,random,float32
8,444.167492,9450,52430573,52.987,random,float32
8,444.701750,178,52430573,53.477,random,float32
8,445.246330,2407,52430573,54.112,random,float32
8,445.790716,5172,52430573,53.219,random,float32
8,446.339170,7465,52430573,53.934,random,float32
8,446.879145,5776,52430573,54.304,random,float32
8,447.434031,3911,52430573,53.801,random,float32
8,447.965359,6424,52430573,52.584,random,float32
8,448.501351,550,52430573,53.322,random,float32
8,449.040168,5106,52430573,54.327,random,float32
8,449.579594,3207,52430573,52.847,random,float32
8,450.114851,4503,52430573,54.445,random,float32
8,450.654365,2490,52430573,53.575,random,float32
8,451.188654,4963,52430573,52.409,random,float32
8,451.729592,7805,52430573,53.215,random,float32
8,452.268660,7810,52430573,52.856,random,float32
8,452.803372,7774,52430573,53.103,random,float32
8,453.332884,574,52430573,52.482,random,float32
8,453.873499,5402,52430573,53.784,random,float32
8,454.415271,258,52430573,55.358,random,float32
8,454.954098,3665,52430573,53.316,random,float32
8,455.486825,6424,52430573,52.931,random,float32
8,456.022652,1470,52430573,53.276,random,float32
8,456.558018,2118,52430573,52.747,random,float32
8,457.086560,3568,52430573,51.822,random,float32
8,457.626679,304,52430573,53.153,random,float32
8,458.176051,9537,52430573,52.987,random,float32
8,458.708598,1862,52430573,50.976,random,float32
8,459.233184,4749,52430573,51.352,random,float32
8,459.762290,1631,52430573,53.688,random,float32
8,460.298882,1097,52430573,53.368,random,float32
8,460.831863,8657,52430573,51.740,random,float32
8,461.368415,4618,52430573,53.297,random,float32
8,461.901403,3728,52430573,53.729,random,float32
8,462.434086,5502,52430573,53.462,random,float32
8,462.960448,3093,52430573,54.975,random,float32
8,463.496148,4700,52430573,52.544,random,float32
8,464.028122,6403,52430573,52.084,random,float32
8,464.565938,9066,52430573,53.459,random,float32
8,465.113447,3045,52430573,54.963,random,float32
8,465.680797,605,52430573,53.874,random,float32
8,466.228587,5311,52430573,56.322,random,float32
8,466.783243,2670,52430573,54.521,random,float32
8,467.341170,1880,52430573,53.699,random,float32
8,467.877764,3162,52430573,52.967,random,float32
8,468.421700,5202,52430573,55.682,random,float32
8,468.974857,1159,52430573,54.469,random,float32
8,469.514941,235,52430573,55.741,random,float32
8,470.048755,2573,52430573,53.321,random,float32
8,470.582198,9783,52430573,55.522,random,float32
8,471.122734,6808,52430573,54.618,random,float32
8,471.660860,933,52430573,53.920,random,float32
8,472.196392,5183,52430573,52.102,random,float32
8,472.733507,6593,52430573,53.925,random,float32
8,473.259413,380,52430573,52.486,random,float32
8,473.795460,8862,52430573,54.487,random,float32
8,474.334491,9445,52430573,52.417,random,float32
8,474.871760,7215,52430573,53.604,random,float32
8,475.408217,3877,52430573,54.151,random,float32
8,475.944645,7832,52430573,53.056,random,float32
8,476.475392,7872,52430573,51.016,random,float32
8,477.002914,532,52430573,52.949,random,float32
8,477.533323,7857,52430573,56.149,random,float32
8,478.070375,5896,52430573,54.528,random,float32
8,478.603762,9780,52430573,53.797,random,float32
8,479.131978,9188,52430573,53.025,random,float32
8,479.665253,5977,52430573,53.934,random,float32
8,480.202697,3672,52430573,54.151,random,float32
8,480.738353,263,52430573,52.106,random,float32
8,481.266527,5016,52430573,51.006,random,float32
8,481.801114,1493,52430573,54.087,random,float32
8,482.329183,9365,52430573,51.504,random,float32
8,482.864763,519,52430573,52.900,random,float32
8,483.389576,92,52430573,52.887,random,float32
8,483.926004,3231,52430573,54.516,random,float32
8,484.462902,60,52430573,54.738,random,float32
8,485.007180,2359,52430573,54.543,random,float32
8,485.549853,4126,52430573,53.441,random,float32
8,486.076188,8247,52430573,53.701,random,float32
8,486.607671,3312,52430573,53.054,random,float32
8,487.133349,7706,52430573,51.731,random,float32
8,487.669285,3012,52430573,52.396,random,float32
8,488.209874,1624,52430573,53.664,random,float32
8,488.745591,6589,52430573,53.503,random,float32
8,489.278358,2668,52430573,53.320,random,float32
8,489.816679,5874,52430573,54.070,random,float32
8,490.363123,4613,52430573,56.367,random,float32
8,490.918006,730,52430573,52.662,random,float32
8,491.458894,1430,52430573,54.823,random,float32
8,492.002907,7565,52430573,54.691,random,float32
8,492.547144,9470,52430573,53.305,random,float32
8,493.083479,738,52430573,55.429,random,float32
8,493.624049,6126,52430573,54.675,random,float32
8,494.160171,7875,52430573,52.943,random,float32
8,494.703574,2336,52430573,54.269,random,float32
8,495.246659,6458,52430573,54.550,random,float32
8,495.778090,6576,52430573,53.022,random,float32
8,496.318416,8149,52430573,53.438,random,float32
8,496.852583,8917,52430573,55.200,random,float32
8,497.392293,4264,52430573,53.442,random,float32
8,497.927692,9402,52430573,54.212,random,float32
8,498.463935,8059,52430573,54.706,random,float32
8,498.991432,9860,52430573,53.485,random,float32
8,499.532360,9210,52430573,54.063,random,float32
8,500.063308,4658,52430573,53.367,random,float32
8,500.600709,7958,52430573,55.755,random,float32
8,501.121469,9905,52430573,54.053,random,float32
8,501.654392,8239,52430573,55.114,random,float32
8,502.188587,6821,52430573,52.387,random,float32
8,502.719173,5961,52430573,53.807,random,float32
8,503.257173,8080,52430573,53.628,random,float32
8,503.796001,5415,52430573,53.678,random,float32
8,504.330633,2023,52430573,54.656,random,float32
8,504.865172,5791,52430573,54.647,random,float32
8,505.403421,3206,52430573,52.341,random,float32
8,505.936370,4943,52430573,53.433,random,float32
8,506.465618,742,52430573,54.456,random,float32
8,507.004931,1705,52430573,54.860,random,float32
8,507.546217,4449,52430573,52.171,random,float32
8,508.081449,3281,52430573,54.699,random,float32
8,508.614697,8600,52430573,53.298,random,float32
8,509.146981,9252,52430573,52.426,random,float32
8,509.684501,4991,52430573,54.257,random,float32
8,510.218009,4776,52430573,52.848,random,float32
8,510.754846,4983,52430573,52.447,random,float32
8,511.290146,6922,52430573,53.270,random,float32
8,511.828301,4643,52430573,54.444,random,float32
8,512.361034,6603,52430573,51.024,random,float32
8,512.883814,6886,52430573,52.479,random,float32
8,513.421793,6336,52430573,54.792,random,float32
8,513.952076,7738,52430573,53.827,random,float32
8,514.487457,2222,52430573,53.311,random,float32
8,515.023460,5705,52430573,54.105,random,float32
8,515.565800,8071,52430573,54.380,random,float32
8,516.108589,5908,52430573,54.175,random,float32
8,516.643951,8826,52430573,53.324,random,float32
8,517.198031,9673,52430573,55.453,random,float32
8,517.735728,1649,52430573,53.008,random,float32
8,518.272080,7557,52430573,55.146,random,float32
8,518.810419,2421,52430573,54.509,random,float32
8,519.343895,342,52430573,53.814,random,float32
8,519.871234,1894,52430573,51.750,random,float32
8,520.397103,3456,52430573,50.230,random,float32
8,520.920965,478,52430573,53.284,random,float32
8,521.463020,767,52430573,54.131,random,float32
8,522.001860,2891,52430573,51.852,random,float32
8,522.536926,2522,52430573,54.465,random,float32
8,523.081028,6239,52430573,55.700,random,float32
8,523.625277,2363,52430573,52.765,random,float32
8,524.155755,2380,52430573,53.462,random,float32
8,524.688455,8579,52430573,53.099,random,float32
8,525.220711,4536,52430573,52.796,random,float32
8,525.759583,6112,52430573,53.651,random,float32
8,526.286118,7571,52430573,51.775,random,float32
8,526.815266,317,52430573,53.608,random,float32
8,527.348834,7186,52430573,53.843,random,float32
8,527.879411,1264,52430573,54.064,random,float32
8,528.414605,5576,52430573,53.016,random,float32
8,528.951034,4646,52430573,54.901,random,float32
8,529.481068,9849,52430573,50.081,random,float32
8,530.012483,5926,52430573,53.467,random,float32
8,530.537557,5044,52430573,53.755,random,float32
8,531.063990,6858,52430573,52.289,random,float32
8,531.600005,4177,52430573,52.797,random,float32
8,532.133703,5097,52430573,55.510,random,float32
8,532.667556,3452,52430573,53.049,random,float32
8,533.209289,1376,52430573,54.315,random,float32
8,533.742083,5282,52430573,52.741,random,float32
8,534.280507,4122,52430573,54.096,random,float32
8,534.821711,3352,52430573,54.246,random,float32
8,535.357084,4826,52430573,53.790,random,float32
8,535.883406,7086,52430573,53.082,random,float32
8,536.409279,2535,52430573,52.938,random,float32
8,536.948013,764,52430573,52.772,random,float32
8,537.489711,9685,52430573,54.167,random,float32
8,538.028481,6244,52430573,54.477,random,float32
8,538.567864,1864,52430573,52.774,random,float32
8,539.097009,8120,52430573,53.106,random,float32
8,539.620772,2843,52430573,52.927,random,float32
8,540.159591,2026,52430573,54.028,random,float32
8,540.698507,1708,52430573,53.188,random,float32
8,541.233694,5871,52430573,52.867,random,float32
8,541.766183,4335,52430573,51.796,random,float32
8,542.299422,9033,52430573,52.738,random,float32
8,542.832934,528,52430573,54.141,random,float32
8,543.368662,5202,52430573,54.148,random,float32
8,543.907798,9436,52430573,53.314,random,float32
8,544.442587,7274,52430573,52.755,random,float32
8,544.980427,5491,52430573,54.415,random,float32
8,545.519951,1242,52430573,54.183,random,float32
8,546.058640,9875,52430573,54.692,random,float32
8,546.591246,6891,52430573,52.981,random,float32
8,547.113063,5848,52430573,52.636,random,float32
8,547.650665,8786,52430573,53.861,random,float32
8,548.186394,4311,52430573,54.567,random,float32
8,548.712837,9204,52430573,56.302,random,float32
8,549.241501,3433,52430573,51.851,random,float32
8,549.766470,2871,52430573,53.601,random,float32
8,550.309606,4609,52430573,53.835,random,float32
8,550.840505,574,52430573,52.896,random,float32
8,551.376606,7724,52430573,53.730,random,float32
8,551.922196,8858,52430573,54.457,random,float32
8,552.456943,1475,52430573,53.585,random,float32
8,552.991439,2157,52430573,52.706,random,float32
8,553.532622,2127,52430573,54.426,random,float32
8,554.067928,1566,52430573,54.095,random,float32
8,554.604951,8927,52430573,54.145,random,float32
8,555.141958,4769,52430573,53.707,random,float32
8,555.681748,5680,52430573,55.536,random,float32
8,556.228358,7649,52430573,52.870,random,float32
8,556.755779,1393,52430573,52.659,random,float32
8,557.287490,5234,52430573,52.855,random,float32
8,557.815661,9290,52430573,53.064,random,float32
8,558.350805,8824,52430573,53.154,random,float32
8,558.890135,5358,52430573,52.317,random,float32
8,559.424302,299,52430573,52.107,random,float32
8,559.951890,7139,52430573,53.978,random,float32
8,560.494607,4709,52430573,54.645,random,float32
8,561.037332,9975,52430573,53.483,random,float32
8,561.572668,2573,52430573,55.420,random,float32
8,562.107881,2250,52430573,53.073,random,float32
8,562.645917,1973,52430573,52.781,random,float32
8,563.182346,9260,52430573,54.117,random,float32
8,563.718554,1924,52430573,51.845,random,float32
8,564.253975,9411,52430573,54.352,random,float32
8,564.792620,881,52430573,53.343,random,float32
8,565.321831,2410,52430573,55.842,random,float32
8,565.861331,9546,52430573,55.704,random,float32
8,566.391556,1508,52430573,51.780,random,float32
8,566.919704,8374,52430573,53.560,random,float32
8,567.460402,5433,52430573,54.383,random,float32
8,567.989444,1565,52430573,53.708,random,float32
8,568.520592,8506,52430573,54.033,random,float32
8,569.056334,1527,52430573,54.113,random,float32
8,569.599047,4362,52430573,53.516,random,float32
8,570.135677,2468,52430573,54.900,random,float32
8,570.680090,6561,52430573,54.844,random,float32
8,571.215557,8100,52430573,51.317,random,float32
8,571.753243,2334,52430573,54.598,random,float32
8,572.291608,3784,52430573,53.153,random,float32
8,572.831338,3647,52430573,54.074,random,float32
8,573.366098,8849,52430573,55.164,random,float32
8,573.904528,9771,52430573,54.038,random,float32
8,574.437630,5021,52430573,53.788,random,float32
8,574.971720,3904,52430573,53.611,random,float32
8,575.506221,3000,52430573,54.794,random,float32
8,576.039827,5590,52430573,57.289,random,float32
8,576.576281,8958,52430573,54.470,random,float32
8,577.115549,9933,52430573,55.169,random,float32
8,577.655769,8419,52430573,53.788,random,float32
8,578.193385,6726,52430573,54.387,random,float32
8,578.714717,5493,52430573,51.545,random,float32
8,579.247405,7286,52430573,53.377,random,float32
8,579.778417,3544,52430573,52.903,random,float32
8,580.308763,3945,52430573,52.610,random,float32
8,580.843373,5722,52430573,52.339,random,float32
8,581.369588,837,52430573,53.597,random,float32
8,581.896815,9219,52430573,51.339,random,float32
8,582.426865,2458,52430573,51.945,random,float32
8,582.960043,9820,52430573,52.880,random,float32
8,583.495508,2529,52430573,53.612,random,float32
8,584.024767,2637,52430573,52.118,random,float32
8,584.561402,9304,52430573,51.695,random,float32
8,585.093010,936,52430573,52.895,random,float32
8,585.618451,9119,52430573,51.846,random,float32
8,586.154230,5703,52430573,52.911,random,float32
8,586.687766,4883,52430573,54.100,random,float32
8,587.228676,178,52430573,53.417,random,float32
8,587.762054,9326,52430573,53.058,random,float32
8,588.307633,4745,52430573,56.300,random,float32
8,588.850533,6121,52430573,54.943,random,float32
8,589.388726,4254,52430573,54.649,random,float32
8,589.934037,2908,52430573,54.794,random,float32
8,590.486661,5053,52430573,55.810,random,float32
8,591.022996,8528,52430573,49.553,random,float32
8,591.556950,2589,52430573,53.982,random,float32
8,592.084956,5250,52430573,53.587,random,float32
8,592.613379,1136,52430573,52.862,random,float32
8,593.143597,197,52430573,54.603,random,float32
8,593.687301,6301,52430573,54.106,random,float32
8,594.226305,8911,52430573,53.889,random,float32
8,594.761562,1473,52430573,54.380,random,float32
8,595.304323,2990,52430573,54.404,random,float32
8,595.843565,9495,52430573,53.986,random,float32
8,596.386347,9660,52430573,54.503,random,float32
8,596.925350,9944,52430573,53.818,random,float32
8,597.464793,5938,52430573,54.068,random,float32
8,597.993310,6659,52430573,53.399,random,float32
8,598.538558,879,52430573,54.975,random,float32
8,599.072818,958,52430573,54.975,random,float32
8,599.626647,7572,52430573,54.571,random,float32
8,600.156102,4590,52430573,52.485,random,float32
8,600.697010,2839,52430573,53.914,random,float32
8,601.226538,4964,52430573,53.980,random,float32
8,601.760337,7517,52430573,55.436,random,float32
8,602.296154,8449,52430573,54.136,random,float32
8,602.835556,3496,52430573,52.335,random,float32
8,603.370625,735,52430573,52.760,random,float32
8,603.900832,6262,52430573,53.476,random,float32
8,604.435175,1120,52430573,53.430,random,float32
8,604.970885,8552,52430573,52.959,random,float32
8,605.502231,4317,52430573,52.336,random,float32
8,606.039088,9418,52430573,54.121,random,float32
8,606.565722,5986,52430573,52.794,random,float32
8,607.085944,7794,52430573,53.198,random,float32
8,607.616618,5542,52430573,51.671,random,float32
8,608.158497,3991,52430573,53.536,random,float32
8,608.686556,8191,52430573,51.877,random,float32
8,609.227200,683,52430573,55.424,random,float32
8,609.763474,6997,52430573,51.794,random,float32
8,610.290129,614,52430573,52.513,random,float32
8,610.824573,7143,52430573,53.847,random,float32
8,611.351146,2723,52430573,52.066,random,float32
8,611.879591,6348,52430573,54.546,random,float32
8,612.408677,9509,52430573,50.188,random,float32
8,612.942677,3932,52430573,55.081,random,float32
8,613.470758,3908,52430573,55.519,random,float32
8,613.994179,3144,52430573,53.136,random,float32
8,614.533406,7436,52430573,55.497,random,float32
8,615.076950,9130,52430573,53.481,random,float32
8,615.606402,1606,52430573,53.314,random,float32
8,616.136269,1279,52430573,52.708,random,float32
8,616.671841,6614,52430573,53.598,random,float32
8,617.208138,6368,52430573,54.075,random,float32
8,617.741279,4286,52430573,53.858,random,float32
8,618.281152,7504,52430573,56.505,random,float32
8,618.818823,6690,52430573,53.454,random,float32
8,619.351289,6197,52430573,52.775,random,float32
8,619.885469,8331,52430573,52.736,random,float32
8,620.412357,2132,52430573,53.423,random,float32
8,620.948153,9876,52430573,54.583,random,float32
8,621.496805,6225,52430573,54.392,random,float32
8,622.026321,9325,52430573,52.994,random,float32
8,622.555738,4284,52430573,53.552,random,float32
8,623.078483,8639,52430573,52.372,random,float32
8,623.606029,129,52430573,54.681,random,float32
8,624.151624,8959,52430573,54.730,random,float32
8,624.683149,4482,52430573,53.789,random,float32
8,625.208727,3017,52430573,49.723,random,float32
8,625.741831,2976,52430573,53.298,random,float32
8,626.271959,6650,52430573,51.625,random,float32
8,626.808901,2241,52430573,54.682,random,float32
8,627.346240,9387,52430573,52.347,random,float32
8,627.895886,2322,52430573,55.588,random,float32
8,628.436600,1005,52430573,54.064,random,float32
8,628.978573,2342,52430573,54.233,random,float32
8,629.525294,2348,52430573,54.113,random,float32
8,630.056209,18,52430573,52.170,random,float32
8,630.591467,2499,52430573,53.738,random,float32
8,631.133143,7644,52430573,54.694,random,float32
8,631.671857,3747,52430573,53.039,random,float32
8,632.205771,4851,52430573,53.142,random,float32
8,632.739132,7400,52430573,55.715,random,float32
8,633.281370,2091,52430573,53.565,random,float32
8,633.823752,1489,52430573,54.391,random,float32
8,634.358141,3623,52430573,52.629,random,float32
8,634.893373,9500,52430573,52.322,random,float32
8,635.421885,3202,52430573,53.100,random,float32
8,635.956713,4295,52430573,55.819,random,float32
8,636.490312,7327,52430573,53.177,random,float32
8,637.020289,6360,52430573,52.950,random,float32
8,637.567726,8498,52430573,54.366,random,float32
8,638.106101,934,52430573,53.361,random,float32
8,638.643719,3698,52430573,52.248,random,float32
8,639.176981,4327,52430573,53.707,random,float32
8,639.720143,4111,52430573,54.132,random,float32
8,640.267188,1400,52430573,54.201,random,float32
8,640.811072,5565,52430573,55.645,random,float32
8,641.355790,9276,52430573,54.426,random,float32
8,641.902203,43,52430573,54.693,random,float32
8,642.441567,1676,52430573,56.016,random,float32
8,642.978906,1624,52430573,53.062,random,float32
8,643.511574,3492,52430573,52.744,random,float32
8,644.049223,3724,52430573,54.396,random,float32
8,644.594643,351,52430573,54.448,random,float32
8,645.133609,5097,52430573,53.072,random,float32
8,645.670200,7645,52430573,53.073,random,float32
8,646.198270,4824,52430573,51.781,random,float32
8,646.717104,4129,52430573,52.051,random,float32
8,647.255048,3524,52430573,51.507,random,float32
8,647.785709,8590,52430573,53.784,random,float32
8,648.324645,4591,52430573,54.343,random,float32
8,648.851943,6325,52430573,53.200,random,float32
8,649.382393,6460,52430573,52.866,random,float32
8,649.910081,5920,52430573,53.021,random,float32
8,650.435939,8008,52430573,54.379,random,float32
8,650.965313,1131,52430573,53.870,random,float32
8,651.498374,7787,52430573,53.558,random,float32
8,652.034911,798,52430573,53.399,random,float32
8,652.570098,6539,52430573,53.146,random,float32
8,653.106533,4317,52430573,53.487,random,float32
8,653.642963,5293,52430573,55.322,random,float32
8,654.177541,9663,52430573,52.142,random,float32
8,654.708172,3053,52430573,54.057,random,float32
8,655.237597,1139,52430573,52.422,random,float32
8,655.764241,889,52430573,52.658,random,float32
8,656.293862,6377,52430573,54.428,random,float32
8,656.835415,5149,52430573,53.096,random,float32
8,657.369553,3580,52430573,52.486,random,float32
8,657.914895,9978,52430573,53.961,random,float32
8,658.443620,6297,52430573,53.340,random,float32
8,658.975988,394,52430573,52.837,random,float32
8,659.504712,1536,52430573,52.310,random,float32
8,660.028297,8954,52430573,54.664,random,float32
8,660.561205,9560,52430573,54.124,random,float32
8,661.094177,7154,52430573,52.026,random,float32
8,661.619325,5202,52430573,51.826,random,float32
8,662.139754,6959,52430573,51.688,random,float32
8,662.678238,3215,52430573,53.855,random,float32
8,663.209678,5913,52430573,51.471,random,float32
8,663.739145,5300,52430573,53.774,random,float32
8,664.272967,3764,52430573,52.028,random,float32
8,664.801893,5706,52430573,52.369,random,float32
8,665.334351,6894,52430573,54.494,random,float32
8,665.856535,9761,52430573,53.137,random,float32
8,666.396306,2541,52430573,52.219,random,float32
8,666.923467,4656,52430573,52.894,random,float32
8,667.460533,5459,52430573,53.714,random,float32
8,667.998045,230,52430573,53.322,random,float32
8,668.532158,8100,52430573,53.309,random,float32
8,669.058350,3894,52430573,51.235,random,float32
8,669.591322,8728,52430573,52.722,random,float32
8,670.123360,9682,52430573,53.147,random,float32
8,670.658285,8450,52430573,55.140,random,float32
8,671.197588,5240,52430573,54.485,random,float32
8,671.746623,9691,52430573,52.874,random,float32
8,672.284875,4860,52430573,53.746,random,float32
8,672.809284,5949,52430573,51.452,random,float32
8,673.335085,9967,52430573,53.119,random,float32
8,673.867666,6822,52430573,53.593,random,float32
8,674.415445,8955,52430573,54.001,random,float32
8,674.946763,2174,52430573,52.643,random,float32
8,675.477820,7375,52430573,53.265,random,float32
8,676.011295,7174,52430573,53.117,random,float32
8,676.544218,3546,52430573,53.803,random,float32
8,677.094631,8960,52430573,56.925,random,float32
8,677.632361,7610,52430573,52.569,random,float32
8,678.177116,9956,52430573,54.969,random,float32
8,678.713268,2296,52430573,53.990,random,float32
8,679.249190,4638,52430573,54.035,random,float32
8,679.787812,6342,52430573,54.325,random,float32
8,680.325370,2123,52430573,53.899,random,float32
8,680.869149,1170,52430573,52.631,random,float32
8,681.411223,3535,52430573,56.352,random,float32
8,681.948222,4959,52430573,50.107,random,float32
8,682.489347,1003,52430573,53.699,random,float32
8,683.023650,8493,52430573,51.943,random,float32
8,683.555539,4848,52430573,54.376,random,float32
8,684.093109,128,52430573,51.897,random,float32
8,684.626657,7451,52430573,53.050,random,float32
8,685.174511,7422,52430573,54.254,random,float32
8,685.708184,7358,52430573,51.687,random,float32
8,686.254043,1531,52430573,55.724,random,float32
8,686.785187,5837,52430573,52.553,random,float32
8,687.315957,5987,52430573,53.679,random,float32
8,687.840780,3016,52430573,53.733,random,float32
8,688.381102,2214,52430573,53.902,random,float32
8,688.915610,8177,52430573,52.032,random,float32
8,689.437429,5152,52430573,52.018,random,float32
8,689.957504,4033,52430573,51.720,random,float32
8,690.478994,1084,52430573,51.980,random,float32
8,691.005190,9459,52430573,54.293,random,float32
8,691.540721,9116,52430573,53.666,random,float32
8,692.070383,6383,52430573,52.347,random,float32
8,692.604589,4542,52430573,53.596,random,float32
8,693.138291,6702,52430573,51.167,random,float32
8,693.669692,1349,52430573,53.677,random,float32
8,694.198266,3017,52430573,50.541,random,float32
8,694.716470,5461,52430573,51.178,random,float32
8,695.241382,8513,52430573,51.526,random,float32
8,695.772084,1764,52430573,53.006,random,float32
8,696.310651,8944,52430573,54.214,random,float32
8,696.845816,3916,52430573,54.376,random,float32
8,697.399504,9587,52430573,55.534,random,float32
8,697.948933,8185,52430573,53.125,random,float32
8,698.485624,1857,52430573,52.902,random,float32
8,699.018091,8440,52430573,52.899,random,float32
8,699.545146,1801,52430573,52.308,random,float32
8,700.074503,7829,52430573,52.073,random,float32
8,700.605140,3208,52430573,53.759,random,float32
8,701.142923,3385,52430573,52.845,random,float32
8,701.677233,9264,52430573,53.018,random,float32
8,702.209687,6814,52430573,53.179,random,float32
8,702.734694,3722,52430573,52.420,random,float32
8,703.272445,5968,52430573,54.513,random,float32
8,703.808152,6045,52430573,53.176,random,float32
8,704.344445,7693,52430573,52.462,random,float32
8,704.875125,237,52430573,54.437,random,float32
8,705.405559,8967,52430573,53.949,random,float32
8,705.938419,1698,52430573,53.564,random,float32
8,706.475280,551,52430573,52.442,random,float32
8,707.006992,4839,52430573,53.804,random,float32
8,707.535014,9089,52430573,51.328,random,float32
8,708.067899,3365,52430573,53.197,random,float32
8,708.602031,4036,52430573,53.366,random,float32
8,709.130595,9942,52430573,53.142,random,float32
8,709.664272,1928,52430573,53.424,random,float32
8,710.197552,1122,52430573,52.356,random,float32
8,710.722610,9394,52430573,52.887,random,float32
8,711.253289,3067,52430573,53.498,random,float32
8,711.792057,9889,52430573,52.485,random,float32
8,712.329446,1348,52430573,53.072,random,float32
8,712.883365,7281,52430573,53.894,random,float32
8,713.418811,5701,52430573,53.681,random,float32
8,713.952569,6671,52430573,55.787,random,float32
8,714.518511,7198,52430573,53.110,random,float32
8,715.057230,1237,52430573,53.738,random,float32
8,715.596348,1000,52430573,59.627,random,float32
8,716.157686,2734,52430573,55.329,random,float32
8,716.697609,7603,52430573,53.950,random,float32
8,717.241388,8450,52430573,54.245,random,float32
8,717.773993,2111,52430573,52.961,random,float32
8,718.308839,3687,52430573,53.252,random,float32
8,718.843877,2376,52430573,55.357,random,float32
8,719.388840,5447,52430573,56.025,random,float32
8,719.928428,2211,52430573,54.996,random,float32
8,720.464587,4781,52430573,56.696,random,float32
8,721.016932,4005,52430573,53.726,random,float32
8,721.559619,8979,52430573,56.924,random,float32
8,722.107228,4968,52430573,53.099,random,float32
8,722.640389,6372,52430573,54.682,random,float32
8,723.180505,6671,52430573,54.512,random,float32
8,723.714606,6204,52430573,54.058,random,float32
8,724.242355,9915,52430573,53.959,random,float32
8,724.775614,3539,52430573,54.715,random,float32
8,725.324165,259,52430573,54.894,random,float32
8,725.874904,4211,52430573,53.770,random,float32
8,726.417359,1062,52430573,53.573,random,float32
8,726.956308,814,52430573,52.390,random,float32
8,727.498466,5093,52430573,54.582,random,float32
8,728.031066,9013,52430573,52.558,random,float32
8,728.572733,9880,52430573,54.472,random,float32
8,729.109624,6696,52430573,54.184,random,float32
8,729.646935,9289,52430573,53.595,random,float32
8,730.179635,2507,52430573,53.243,random,float32
8,730.711941,8702,52430573,52.320,random,float32
8,731.245313,8451,52430573,52.975,random,float32
8,731.787664,8063,52430573,54.399,random,float32
8,732.326542,8359,52430573,53.704,random,float32
8,732.878849,6869,52430573,55.659,random,float32
8,733.421212,1995,52430573,54.087,random,float32
8,733.977069,269,52430573,56.135,random,float32
8,734.524818,5590,52430573,54.304,random,float32
8,735.065236,5286,52430573,52.064,random,float32
8,735.602402,6022,52430573,53.900,random,float32
8,736.134176,6860,52430573,54.006,random,float32
8,736.678711,6107,52430573,54.100,random,float32
8,737.225151,6288,52430573,55.056,random,float32
8,737.770141,2371,52430573,54.191,random,float32
8,738.309677,9961,52430573,53.985,random,float32
8,738.847530,250,52430573,53.653,random,float32
8,739.386384,1426,52430573,54.196,random,float32
8,739.917903,8795,52430573,53.663,random,float32
8,740.452437,8576,52430573,53.250,random,float32
8,740.989999,8990,52430573,53.512,random,float32
8,741.525562,6333,52430573,54.201,random,float32
8,742.072729,8065,52430573,54.180,random,float32
8,742.614979,5287,52430573,56.443,random,float32
8,743.160435,2024,52430573,53.956,random,float32
8,743.694370,704,52430573,54.295,random,float32
8,744.237934,3634,52430573,53.626,random,float32
8,744.767895,7184,52430573,54.843,random,float32
8,745.307877,3320,52430573,53.280,random,float32
8,745.843982,1133,52430573,53.881,random,float32
8,746.390391,7658,52430573,55.178,random,float32
8,746.944644,560,52430573,56.162,random,float32
8,747.495253,4582,52430573,55.776,random,float32
8,748.028069,9189,52430573,54.870,random,float32
8,748.566686,7197,52430573,52.821,random,float32
8,749.101414,7122,52430573,53.474,random,float32
8,749.636032,2860,52430573,53.637,random,float32
8,750.162072,4846,52430573,52.928,random,float32
8,750.699068,6298,52430573,53.168,random,float32
8,751.235529,9329,52430573,54.112,random,float32
8,751.775893,6152,52430573,53.461,random,float32
8,752.301078,3114,52430573,52.820,random,float32
8,752.836410,397,52430573,53.137,random,float32
8,753.369559,1695,52430573,53.234,random,float32
8,753.903358,3456,52430573,52.240,random,float32
8,754.449910,5809,52430573,53.282,random,float32
8,754.983476,8374,52430573,53.844,random,float32
8,755.525647,2837,52430573,54.701,random,float32
8,756.075555,8479,52430573,54.591,random,float32
8,756.626374,7068,52430573,53.834,random,float32
8,757.173294,1149,52430573,52.328,random,float32
8,757.708180,3034,52430573,53.285,random,float32
8,758.247549,630,52430573,53.290,random,float32
8,758.783209,9385,52430573,53.172,random,float32
8,759.317107,5486,52430573,54.418,random,float32
8,759.865616,7252,52430573,55.049,random,float32
8,760.411859,4485,52430573,55.752,random,float32
8,760.968043,2039,52430573,52.350,random,float32
8,761.511776,1432,52430573,55.252,random,float32
8,762.052237,105,52430573,53.464,random,float32
8,762.598553,5477,52430573,55.010,random,float32
8,763.147153,1261,52430573,54.919,random,float32
8,763.691672,5521,52430573,52.517,random,float32
8,764.233621,2316,52430573,54.082,random,float32
8,764.783218,6184,52430573,53.976,random,float32
8,765.334824,7674,52430573,56.472,random,float32
8,765.897221,8968,52430573,56.203,random,float32
8,766.444620,2190,52430573,54.692,random,float32
8,766.983258,8578,52430573,52.457,random,float32
8,767.516847,5574,52430573,53.582,random,float32
8,768.050028,2017,52430573,53.790,random,float32
8,768.587004,7665,52430573,53.875,random,float32
8,769.121194,2164,52430573,52.864,random,float32
8,769.659818,5976,52430573,53.576,random,float32
8,770.209282,7292,52430573,55.830,random,float32
8,770.744626,8654,52430573,53.057,random,float32
8,771.273324,1577,52430573,52.402,random,float32
8,771.816862,8607,52430573,53.776,random,float32
8,772.360664,6053,52430573,55.316,random,float32
8,772.902808,5763,52430573,54.142,random,float32
8,773.435459,3777,52430573,53.434,random,float32
8,773.969516,947,52430573,53.045,random,float32
8,774.501815,7048,52430573,51.342,random,float32
8,775.037806,730,52430573,52.299,random,float32
8,775.581177,2039,52430573,52.821,random,float32
8,776.122404,2006,52430573,54.746,random,float32
8,776.662083,5918,52430573,53.179,random,float32
8,777.205305,4862,52430573,54.044,random,float32
8,777.746340,5569,52430573,55.715,random,float32
8,778.288261,154,52430573,54.549,random,float32
8,778.826339,4479,52430573,53.089,random,float32
8,779.365409,9454,52430573,55.668,random,float32
8,779.901067,5555,52430573,53.486,random,float32
8,780.433933,2232,52430573,53.792,random,float32
8,780.964572,2336,52430573,53.525,random,float32
8,781.501878,9922,52430573,55.600,random,float32
8,782.046705,6463,52430573,53.871,random,float32
8,782.583538,3525,52430573,53.208,random,float32
8,783.121771,7218,52430573,53.818,random,float32
8,783.661154,6173,52430573,53.542,random,float32
8,784.197573,9271,52430573,52.880,random,float32
8,784.727912,1138,52430573,53.759,random,float32
8,785.272747,2137,52430573,54.219,random,float32
8,785.807792,7300,52430573,52.629,random,float32
8,786.348887,5710,52430573,54.802,random,float32
8,786.914531,7638,52430573,56.060,random,float32
8,787.450838,1393,52430573,52.351,random,float32
8,788.000292,9216,52430573,55.671,random,float32
8,788.553582,9759,52430573,54.459,random,float32
8,789.096051,7686,52430573,54.287,random,float32
8,789.634539,1103,52430573,53.904,random,float32
8,790.169852,4968,52430573,53.394,random,float32
8,790.701413,4328,52430573,52.094,random,float32
8,791.237630,4738,52430573,54.030,random,float32
8,791.778736,3529,52430573,53.438,random,float32
8,792.314047,3466,52430573,54.559,random,float32
8,792.853442,4003,52430573,54.339,random,float32
8,793.390189,3638,52430573,52.834,random,float32
8,793.939126,9699,52430573,55.117,random,float32
8,794.499142,531,52430573,55.944,random,float32
8,795.044162,3019,52430573,54.301,random,float32
8,795.579917,2480,52430573,53.503,random,float32
8,796.113699,3422,52430573,53.811,random,float32
8,796.655159,4007,52430573,53.383,random,float32
8,797.195266,9452,52430573,54.433,random,float32
8,797.759605,3739,52430573,55.558,random,float32
8,798.303869,92,52430573,53.566,random,float32
8,798.842300,4393,52430573,53.389,random,float32
8,799.382714,7294,52430573,53.551,random,float32
8,799.915313,3168,52430573,52.559,random,float32
8,800.454611,5397,52430573,52.718,random,float32
8,800.992043,844,52430573,54.766,random,float32
8,801.540175,8802,52430573,56.317,random,float32
8,802.087541,8398,52430573,53.914,random,float32
8,802.656169,6128,52430573,55.062,random,float32
8,803.199224,1308,52430573,54.252,random,float32
8,803.734407,8641,52430573,54.449,random,float32
8,804.275956,8456,52430573,54.187,random,float32
8,804.806633,6375,52430573,53.054,random,float32
8,805.362342,9219,52430573,54.448,random,float32
8,805.928446,4230,52430573,56.049,random,float32
8,806.472379,6212,52430573,54.153,random,float32
8,807.040802,6013,52430573,57.830,random,float32
8,807.591257,8389,52430573,54.671,random,float32
8,808.141203,5070,52430573,56.219,random,float32
8,808.690262,2748,52430573,54.477,random,float32
8,809.237601,9704,52430573,54.851,random,float32
8,809.790715,1589,52430573,54.507,random,float32
8,810.328874,9761,52430573,53.565,random,float32
8,810.868802,6015,52430573,55.658,random,float32
8,811.402585,8134,52430573,53.498,random,float32
8,811.942747,3199,52430573,53.435,random,float32
8,812.485206,3902,52430573,54.784,random,float32
8,813.024729,2775,52430573,53.232,random,float32
8,813.561184,522,52430573,55.126,random,float32
8,814.109140,167,52430573,53.347,random,float32
8,814.650780,5707,52430573,54.025,random,float32
8,815.191334,3839,52430573,53.737,random,float32
8,815.727487,8464,52430573,53.536,random,float32
8,816.252871,703,52430573,52.815,random,float32
8,816.781108,7772,52430573,54.926,random,float32
8,817.327166,6787,52430573,54.286,random,float32
8,817.872613,5481,52430573,55.573,random,float32
8,818.427611,95,52430573,54.284,random,float32
8,818.975139,4112,52430573,54.205,random,float32
8,819.519129,5493,52430573,54.762,random,float32
8,820.061153,544,52430573,53.681,random,float32
8,820.599768,6380,52430573,53.589,random,float32
8,821.140566,3074,52430573,54.680,random,float32
8,821.667096,4640,52430573,50.771,random,float32
8,822.191999,8839,52430573,51.213,random,float32
8,822.728667,2557,52430573,53.841,random,float32
8,823.263657,9337,52430573,53.659,random,float32
8,823.804092,4020,52430573,54.683,random,float32
8,824.354744,4212,52430573,56.260,random,float32
8,824.907572,3165,52430573,55.408,random,float32
8,825.451600,5103,52430573,51.433,random,float32
8,825.986081,4212,52430573,54.428,random,float32
8,826.520338,6406,52430573,53.023,random,float32
8,827.055476,259,52430573,53.883,random,float32
8,827.588579,3494,52430573,52.415,random,float32
8,828.118212,11,52430573,52.977,random,float32
8,828.647891,8328,52430573,52.951,random,float32
8,829.182395,8010,52430573,52.891,random,float32
8,829.716770,2464,52430573,53.120,random,float32
8,830.243594,5650,52430573,53.103,random,float32
8,830.778555,5930,52430573,54.521,random,float32
8,831.316999,6546,52430573,53.855,random,float32
8,831.863925,3465,52430573,54.722,random,float32
8,832.396419,9461,52430573,54.158,random,float32
8,832.933823,2289,52430573,53.926,random,float32
8,833.465809,2280,52430573,53.431,random,float32
8,833.999913,2033,52430573,53.135,random,float32
8,834.534124,9070,52430573,53.200,random,float32
8,835.069508,7056,52430573,52.729,random,float32
8,835.605740,4830,52430573,53.549,random,float32
8,836.153263,4680,52430573,55.847,random,float32
8,836.708453,3452,52430573,54.865,random,float32
8,837.257064,5536,52430573,56.835,random,float32
8,837.811990,4897,52430573,55.995,random,float32
8,838.365684,1212,52430573,54.289,random,float32
8,838.900148,8841,52430573,54.019,random,float32
8,839.436422,6038,52430573,53.955,random,float32
8,839.991010,8483,52430573,55.345,random,float32
8,840.549894,1028,52430573,54.173,random,float32
8,841.094842,58,52430573,53.576,random,float32
8,841.636765,8614,52430573,53.646,random,float32
8,842.182243,539,52430573,53.464,random,float32
8,842.722057,9176,52430573,54.244,random,float32
8,843.255810,9797,52430573,54.067,random,float32
8,843.795328,4216,52430573,54.110,random,float32
8,844.330895,4663,52430573,53.644,random,float32
8,844.864341,7421,52430573,53.298,random,float32
8,845.406641,1565,52430573,54.483,random,float32
8,845.949981,9651,52430573,55.707,random,float32
8,846.501170,3757,52430573,52.366,random,float32
8,847.032514,6817,52430573,53.469,random,float32
8,847.567848,8908,52430573,53.450,random,float32
8,848.104184,3244,52430573,55.122,random,float32
8,848.661299,8060,52430573,54.780,random,float32
8,849.203096,9767,52430573,53.107,random,float32
8,849.738422,2319,52430573,51.627,random,float32
8,850.279379,8019,52430573,53.576,random,float32
8,850.820557,9482,52430573,54.779,random,float32
8,851.378883,2430,52430573,55.849,random,float32
8,851.928589,5642,52430573,54.249,random,float32
8,852.472936,2206,52430573,53.228,random,float32
8,853.009627,9698,52430573,54.270,random,float32
8,853.547652,1295,52430573,54.041,random,float32
8,854.085910,2792,52430573,53.632,random,float32
8,854.620342,235,52430573,53.581,random,float32
8,855.159941,4999,52430573,53.343,random,float32
8,855.699544,5352,52430573,56.411,random,float32
8,856.251066,2090,52430573,56.170,random,float32
8,856.806603,1970,52430573,57.863,random,float32
8,857.344033,8197,52430573,53.186,random,float32
8,857.875638,4438,52430573,53.335,random,float32
8,858.416666,8764,52430573,55.059,random,float32
8,858.970152,9214,52430573,56.386,random,float32
8,859.515893,4042,52430573,55.582,random,float32
8,860.073079,312,52430573,56.147,random,float32
8,860.618660,2396,52430573,53.528,random,float32
8,861.162963,7148,52430573,53.665,random,float32
8,861.705833,1325,52430573,54.019,random,float32
8,862.245545,3667,52430573,54.714,random,float32
8,862.797285,2478,52430573,54.328,random,float32
8,863.332242,3611,52430573,54.202,random,float32
8,863.865890,1820,52430573,52.752,random,float32
8,864.396816,4274,52430573,53.918,random,float32
8,864.931882,838,52430573,54.646,random,float32
8,865.479028,9007,52430573,53.919,random,float32
8,866.037566,1754,52430573,56.450,random,float32
8,866.572936,53,52430573,53.968,random,float32
8,867.114207,7141,52430573,54.833,random,float32
8,867.652347,5400,52430573,53.227,random,float32
8,868.187727,9427,52430573,54.149,random,float32
8,868.730758,6500,52430573,53.107,random,float32
8,869.265071,1548,52430573,52.371,random,float32
8,869.796550,5300,52430573,53.981,random,float32
8,870.330707,978,52430573,53.969,random,float32
8,870.863570,1015,52430573,51.677,random,float32
8,871.391495,2307,52430573,52.689,random,float32
8,871.924537,9457,52430573,52.251,random,float32
8,872.449883,2973,52430573,52.191,random,float32
8,872.980242,9747,52430573,54.490,random,float32
8,873.515253,7957,52430573,53.451,random,float32
8,874.050750,2727,52430573,53.359,random,float32
8,874.585021,8157,52430573,53.934,random,float32
8,875.122075,6989,52430573,53.719,random,float32
8,875.645575,9729,52430573,51.640,random,float32
8,876.180416,9199,52430573,54.050,random,float32
8,876.714811,8141,52430573,52.613,random,float32
8,877.249475,4672,52430573,52.556,random,float32
8,877.780064,250,52430573,52.768,random,float32
8,878.314743,2716,52430573,53.077,random,float32
8,878.848211,5289,52430573,53.223,random,float32
8,879.375586,5516,52430573,53.024,random,float32
8,879.920888,4209,52430573,54.989,random,float32
8,880.473140,9844,52430573,57.352,random,float32
8,881.008930,1640,52430573,53.455,random,float32
8,881.538986,2729,52430573,52.553,random,float32
8,882.074812,82,52430573,52.945,random,float32
8,882.608696,5617,52430573,53.581,random,float32
8,883.149390,3665,52430573,54.278,random,float32
8,883.704261,496,52430573,54.381,random,float32
8,884.242271,9125,52430573,54.451,random,float32
8,884.783161,1884,52430573,55.846,random,float32
8,885.324697,5478,52430573,52.606,random,float32
8,885.855166,2611,52430573,53.349,random,float32
8,886.394189,6520,52430573,53.970,random,float32
8,886.929348,4399,52430573,56.303,random,float32
8,887.479898,1861,52430573,54.695,random,float32
8,888.019550,1333,52430573,52.774,random,float32
8,888.557649,9568,52430573,54.817,random,float32
8,889.098301,1616,52430573,53.192,random,float32
8,889.639862,9408,52430573,53.436,random,float32
8,890.176082,4413,52430573,54.183,random,float32
8,890.718197,2116,52430573,54.540,random,float32
8,891.253540,1274,52430573,54.244,random,float32
8,891.791960,5138,52430573,53.185,random,float32
8,892.344180,3527,52430573,55.956,random,float32
8,892.901429,320,52430573,54.230,random,float32
8,893.446786,6331,52430573,54.010,random,float32
8,893.998487,5422,52430573,56.032,random,float32
8,894.534302,5077,52430573,53.069,random,float32
8,895.070450,4567,52430573,54.280,random,float32
8,895.599671,2529,52430573,53.461,random,float32
8,896.124760,6245,52430573,53.785,random,float32
8,896.653502,2190,52430573,52.590,random,float32
8,897.183841,8615,52430573,53.250,random,float32
8,897.719996,3933,52430573,52.377,random,float32
8,898.260555,2088,52430573,54.892,random,float32
8,898.796405,4260,52430573,54.375,random,float32
8,899.328881,548,52430573,54.065,random,float32
8,899.861332,71,52430573,52.562,random,float32
9,300.509800,9041,52430573,52.719,random,float32
9,301.046181,4372,52430573,52.582,random,float32
9,301.578186,5564,52430573,53.491,random,float32
9,302.115854,9695,52430573,55.204,random,float32
9,302.652649,9915,52430573,53.652,random,float32
9,303.184014,9089,52430573,53.495,random,float32
9,303.721214,8449,52430573,53.247,random,float32
9,304.256449,1409,52430573,52.859,random,float32
9,304.790413,2096,52430573,53.167,random,float32
9,305.328331,9767,52430573,53.079,random,float32
9,305.858092,8824,52430573,52.447,random,float32
9,306.395304,3504,52430573,54.745,random,float32
9,306.930056,3988,52430573,54.073,random,float32
9,307.459849,9733,52430573,52.016,random,float32
9,307.995807,4669,52430573,53.709,random,float32
9,308.537321,8570,52430573,53.452,random,float32
9,309.074735,2047,52430573,54.039,random,float32
9,309.609909,3907,52430573,51.598,random,float32
9,310.147215,9704,52430573,52.260,random,float32
9,310.682104,2917,52430573,54.399,random,float32
9,311.211889,7354,52430573,52.445,random,float32
9,311.742494,7536,52430573,53.303,random,float32
9,312.276239,5650,52430573,53.330,random,float32
9,312.823621,7823,52430573,55.030,random,float32
9,313.374545,307,52430573,53.411,random,float32
9,313.922963,6805,52430573,57.247,random,float32
9,314.468501,3750,52430573,53.256,random,float32
9,315.006117,443,52430573,54.962,random,float32
9,315.542920,4624,52430573,53.775,random,float32
9,316.078052,8384,52430573,53.561,random,float32
9,316.611972,1329,52430573,53.828,random,float32
9,317.155752,1323,52430573,54.935,random,float32
9,317.692773,7687,52430573,54.534,random,float32
9,318.228575,8088,52430573,53.206,random,float32
9,318.761677,816,52430573,52.625,random,float32
9,319.292305,6081,52430573,52.371,random,float32
9,319.825622,9125,52430573,54.633,random,float32
9,320.371822,3706,52430573,56.005,random,float32
9,320.924768,8043,52430573,54.488,random,float32
9,321.467592,5148,52430573,53.761,random,float32
9,322.013081,6802,52430573,55.329,random,float32
9,322.567169,7749,52430573,54.356,random,float32
9,323.108739,4428,52430573,53.145,random,float32
9,323.641001,3124,52430573,52.214,random,float32
9,324.194549,4536,52430573,55.340,random,float32
9,324.739563,6743,52430573,54.393,random,float32
9,325.288877,3454,52430573,55.639,random,float32
9,325.819599,7447,52430573,52.170,random,float32
9,326.355114,8298,52430573,53.593,random,float32
9,326.894191,120,52430573,54.361,random,float32
9,327.449826,5547,52430573,55.804,random,float32
9,327.986298,3159,52430573,54.522,random,float32
9,328.518412,4756,52430573,52.414,random,float32
9,329.056595,7111,52430573,54.199,random,float32
9,329.592292,5854,52430573,53.179,random,float32
9,330.131542,489,52430573,52.794,random,float32
9,330.666621,6890,52430573,53.247,random,float32
9,331.203407,4586,52430573,53.588,random,float32
9,331.737127,4215,52430573,52.798,random,float32
9,332.270494,5265,52430573,52.865,random,float32
9,332.811791,8245,52430573,55.045,random,float32
9,333.343005,6578,52430573,54.205,random,float32
9,333.882537,5900,52430573,53.112,random,float32
9,334.413085,615,52430573,53.999,random,float32
9,334.933192,7431,52430573,53.605,random,float32
9,335.459740,6088,52430573,52.772,random,float32
9,335.980381,7648,52430573,52.872,random,float32
9,336.513295,1156,52430573,53.237,random,float32
9,337.049069,6786,52430573,54.708,random,float32
9,337.580362,6035,52430573,52.938,random,float32
9,338.108583,5226,52430573,52.880,random,float32
9,338.644793,9179,52430573,53.606,random,float32
9,339.191262,2170,52430573,55.117,random,float32
9,339.747290,2600,52430573,55.290,random,float32
9,340.303416,7385,52430573,55.177,random,float32
9,340.856255,1517,52430573,55.510,random,float32
9,341.419803,3044,52430573,54.522,random,float32
9,341.958945,7318,52430573,54.968,random,float32
9,342.498356,8526,52430573,53.421,random,float32
9,343.031525,397,52430573,51.984,random,float32
9,343.564993,8260,52430573,54.855,random,float32
9,344.109318,4078,52430573,55.233,random,float32
9,344.680346,3874,52430573,57.857,random,float32
9,345.235285,4759,52430573,55.986,random,float32
9,345.776285,7088,52430573,54.944,random,float32
9,346.323379,2482,52430573,53.582,random,float32
9,346.863865,9548,52430573,54.572,random,float32
9,347.419366,9999,52430573,53.963,random,float32
9,347.954292,8983,52430573,53.475,random,float32
9,348.478397,7908,52430573,48.634,random,float32
9,349.023338,5579,52430573,53.768,random,float32
9,349.563761,8439,52430573,52.751,random,float32
9,350.095438,4770,52430573,53.263,random,float32
9,350.631976,4745,52430573,51.262,random,float32
9,351.169075,621,52430573,53.443,random,float32
9,351.708249,431,52430573,56.416,random,float32
9,352.243609,3342,52430573,54.301,random,float32
9,352.785108,3911,52430573,55.483,random,float32
9,353.328901,1451,52430573,53.299,random,float32
9,353.863227,1469,52430573,54.757,random,float32
9,354.400750,3348,52430573,53.626,random,float32
9,354.917872,4096,52430573,52.953,random,float32
9,355.452622,4925,52430573,53.622,random,float32
9,355.989618,1200,52430573,55.243,random,float32
9,356.527690,3238,52430573,56.508,random,float32
9,357.065243,9520,52430573,54.273,random,float32
9,357.602562,4685,52430573,52.688,random,float32
9,358.132016,2844,52430573,52.485,random,float32
9,358.660545,921,52430573,53.511,random,float32
9,359.194469,3116,52430573,52.182,random,float32
9,359.732811,4600,52430573,52.765,random,float32
9,360.270473,9022,52430573,51.242,random,float32
9,360.815048,9123,52430573,55.346,random,float32
9,361.353422,4906,52430573,54.722,random,float32
9,361.886215,4526,52430573,51.585,random,float32
9,362.421336,5593,52430573,56.310,random,float32
9,362.958169,2454,52430573,52.558,random,float32
9,363.495775,3885,52430573,53.705,random,float32
9,364.022897,8635,52430573,53.399,random,float32
9,364.559082,3033,52430573,52.582,random,float32
9,365.083423,6938,52430573,52.245,random,float32
9,365.608525,3744,52430573,53.250,random,float32
9,366.146750,765,52430573,54.605,random,float32
9,366.680064,5246,52430573,53.034,random,float32
9,367.213707,9039,52430573,56.221,random,float32
9,367.749564,8280,52430573,53.127,random,float32
9,368.296564,6325,52430573,62.189,random,float32
9,368.834237,9860,52430573,54.008,random,float32
9,369.378249,8382,52430573,55.039,random,float32
9,369.927351,7064,52430573,53.861,random,float32
9,370.475627,8972,52430573,52.482,random,float32
9,371.013661,616,52430573,53.952,random,float32
9,371.558425,7081,52430573,55.390,random,float32
9,372.094653,1005,52430573,52.519,random,float32
9,372.627294,2947,52430573,53.267,random,float32
9,373.158730,3101,52430573,52.612,random,float32
9,373.684189,4707,52430573,53.455,random,float32
9,374.221847,9054,52430573,54.032,random,float32
9,374.758356,2248,52430573,52.875,random,float32
9,375.296269,8275,52430573,53.030,random,float32
9,375.830503,9390,52430573,52.693,random,float32
9,376.362779,4010,52430573,53.268,random,float32
9,376.900115,3028,52430573,54.059,random,float32
9,377.434500,4398,52430573,54.653,random,float32
9,377.973699,9877,52430573,54.464,random,float32
9,378.508084,2437,52430573,52.826,random,float32
9,379.035066,8490,52430573,52.621,random,float32
9,379.566193,3583,52430573,52.606,random,float32
9,380.102593,1717,52430573,54.044,random,float32
9,380.640044,8104,52430573,54.807,random,float32
9,381.187604,4393,52430573,55.015,random,float32
9,381.733499,6257,52430573,55.207,random,float32
9,382.268400,2607,52430573,54.424,random,float32
9,382.796587,7785,52430573,54.003,random,float32
9,383.330185,1640,52430573,51.085,random,float32
9,383.869994,5674,52430573,53.840,random,float32
9,384.432081,3051,52430573,55.247,random,float32
9,384.992445,4143,52430573,57.362,random,float32
9,385.542891,928,52430573,55.233,random,float32
9,386.096141,8120,52430573,57.704,random,float32
9,386.650522,4687,52430573,55.007,random,float32
9,387.196928,1768,52430573,54.877,random,float32
9,387.738054,1610,52430573,55.051,random,float32
9,388.278480,8069,52430573,53.798,random,float32
9,388.819420,5178,52430573,53.569,random,float32
9,389.360481,500,52430573,54.540,random,float32
9,389.913470,8648,52430573,55.602,random,float32
9,390.460563,9437,52430573,54.748,random,float32
9,391.006385,8810,52430573,53.641,random,float32
9,391.553083,9395,52430573,56.408,random,float32
9,392.112926,5679,52430573,56.329,random,float32
9,392.672403,543,52430573,56.167,random,float32
9,393.216899,6051,52430573,55.143,random,float32
9,393.760768,7058,52430573,54.554,random,float32
9,394.312776,8137,52430573,53.814,random,float32
9,394.855822,2519,52430573,54.565,random,float32
9,395.393052,773,52430573,55.104,random,float32
9,395.930976,9090,52430573,53.678,random,float32
9,396.470055,8546,52430573,53.012,random,float32
9,397.006838,9273,52430573,53.147,random,float32
9,397.535821,1410,52430573,53.364,random,float32
9,398.067530,2503,52430573,52.419,random,float32
9,398.601549,2178,52430573,53.735,random,float32
9,399.136017,2277,52430573,53.182,random,float32
9,399.672154,8733,52430573,53.985,random,float32
9,400.201912,1393,52430573,55.377,random,float32
9,400.747838,7369,52430573,54.033,random,float32
9,401.284919,3305,52430573,53.645,random,float32
9,401.816988,4543,52430573,50.267,random,float32
9,402.358344,6743,52430573,54.760,random,float32
9,402.894355,2556,52430573,52.862,random,float32
9,403.426482,843,52430573,53.743,random,float32
9,403.970170,505,52430573,54.976,random,float32
9,404.503164,8515,52430573,54.465,random,float32
9,405.040199,467,52430573,54.005,random,float32
9,405.573982,2829,52430573,53.820,random,float32
9,406.116343,1958,52430573,53.216,random,float32
9,406.641896,6893,52430573,50.468,random,float32
9,407.173487,9067,52430573,53.949,random,float32
9,407.707687,3488,52430573,53.059,random,float32
9,408.243695,7794,52430573,53.338,random,float32
9,408.774969,3514,52430573,51.307,random,float32
9,409.314446,4564,52430573,53.727,random,float32
9,409.845852,5635,52430573,53.304,random,float32
9,410.377617,5988,52430573,53.019,random,float32
9,410.915477,7887,52430573,54.247,random,float32
9,411.445704,4435,52430573,52.435,random,float32
9,411.975701,3340,52430573,54.066,random,float32
9,412.513597,8830,52430573,55.365,random,float32
9,413.049262,6731,52430573,54.139,random,float32
9,413.585069,7260,52430573,53.912,random,float32
9,414.116937,5166,52430573,48.619,random,float32
9,414.643886,9839,52430573,52.868,random,float32
9,415.180067,568,52430573,52.291,random,float32
9,415.715518,9622,52430573,52.764,random,float32
9,416.257111,8829,52430573,55.027,random,float32
9,416.808178,4155,52430573,55.553,random,float32
9,417.361244,3826,52430573,55.463,random,float32
9,417.909411,5382,52430573,53.892,random,float32
9,418.452698,5359,52430573,54.304,random,float32
9,418.989211,4912,52430573,54.023,random,float32
9,419.528987,6456,52430573,53.423,random,float32
9,420.066172,8937,52430573,53.119,random,float32
9,420.614269,5229,52430573,56.808,random,float32
9,421.175988,595,52430573,54.017,random,float32
9,421.712208,4605,52430573,55.009,random,float32
9,422.248663,3022,52430573,53.550,random,float32
9,422.782551,1025,52430573,54.027,random,float32
9,423.329730,5883,52430573,54.687,random,float32
9,423.881699,6165,52430573,56.927,random,float32
9,424.436177,6227,52430573,54.915,random,float32
9,424.974511,1789,52430573,54.133,random,float32
9,425.535036,3340,52430573,57.662,random,float32
9,426.096980,7891,52430573,56.256,random,float32
9,426.654502,7208,52430573,55.201,random,float32
9,427.199596,1898,52430573,55.714,random,float32
9,427.739047,5808,52430573,53.937,random,float32
9,428.284661,2956,52430573,55.565,random,float32
9,428.824773,5550,52430573,54.145,random,float32
9,429.364372,4127,52430573,54.704,random,float32
9,429.908175,4592,52430573,55.171,random,float32
9,430.466067,6097,52430573,57.823,random,float32
9,431.013314,1224,52430573,52.346,random,float32
9,431.542978,9778,52430573,52.660,random,float32
9,432.078897,8928,52430573,53.853,random,float32
9,432.630727,4137,52430573,54.687,random,float32
9,433.183217,9259,52430573,56.866,random,float32
9,433.721730,7497,52430573,53.416,random,float32
9,434.253576,1359,52430573,53.693,random,float32
9,434.788863,8267,52430573,54.146,random,float32
9,435.332536,3305,52430573,53.711,random,float32
9,435.863714,2901,52430573,52.870,random,float32
9,436.403421,3940,52430573,54.306,random,float32
9,436.936019,5502,52430573,53.901,random,float32
9,437.468232,6206,52430573,54.201,random,float32
9,438.000346,4697,52430573,55.159,random,float32
9,438.544425,7620,52430573,54.490,random,float32
9,439.084552,7183,52430573,53.668,random,float32
9,439.620377,4511,52430573,52.556,random,float32
9,440.156227,8747,52430573,53.770,random,float32
9,440.699598,6020,52430573,54.626,random,float32
9,441.234769,8895,52430573,53.770,random,float32
9,441.757847,4031,52430573,51.915,random,float32
9,442.292310,5746,52430573,51.968,random,float32
9,442.817791,2645,52430573,53.119,random,float32
9,443.359845,6799,52430573,52.320,random,float32
9,443.884676,1255,52430573,55.617,random,float32
9,444.419992,1507,52430573,53.770,random,float32
9,444.954424,6122,52430573,53.972,random,float32
9,445.494391,998,52430573,53.194,random,float32
9,446.030773,5980,52430573,54.666,random,float32
9,446.569105,2870,52430573,54.905,random,float32
9,447.099886,1421,52430573,51.239,random,float32
9,447.633192,7247,52430573,52.891,random,float32
9,448.170575,2188,52430573,52.106,random,float32
9,448.709559,8000,52430573,52.659,random,float32
9,449.250541,1799,52430573,53.432,random,float32
9,449.784693,4816,52430573,55.611,random,float32
9,450.320108,9955,52430573,52.069,random,float32
9,450.849577,1477,52430573,52.839,random,float32
9,451.387273,1262,52430573,53.214,random,float32
9,451.925424,737,52430573,54.739,random,float32
9,452.462392,2689,52430573,54.758,random,float32
9,453.010066,6249,52430573,55.296,random,float32
9,453.549514,5091,52430573,53.383,random,float32
9,454.087130,3874,52430573,54.301,random,float32
9,454.635122,6930,52430573,53.399,random,float32
9,455.169489,1215,52430573,53.383,random,float32
9,455.706958,1949,52430573,56.536,random,float32
9,456.239838,6298,52430573,52.218,random,float32
9,456.771217,7107,52430573,52.176,random,float32
9,457.315230,7039,52430573,54.518,random,float32
9,457.861500,3834,52430573,56.100,random,float32
9,458.409367,5277,52430573,53.167,random,float32
9,458.952327,363,52430573,55.061,random,float32
9,459.490036,7855,52430573,55.670,random,float32
9,460.030189,839,52430573,53.676,random,float32
9,460.570752,4311,52430573,54.735,random,float32
9,461.106965,8537,52430573,53.322,random,float32
9,461.656194,4711,52430573,55.145,random,float32
9,462.213609,8192,52430573,56.103,random,float32
9,462.758178,578,52430573,55.783,random,float32
9,463.299680,6308,52430573,55.042,random,float32
9,463.846255,4783,52430573,55.834,random,float32
9,464.395217,334,52430573,51.212,random,float32
9,464.928312,27,52430573,54.404,random,float32
9,465.464416,5084,52430573,53.636,random,float32
9,466.026138,3263,52430573,56.010,random,float32
9,466.580097,6870,52430573,54.539,random,float32
9,467.118547,2050,52430573,53.327,random,float32
9,467.655083,5586,52430573,53.685,random,float32
9,468.189597,2583,52430573,53.873,random,float32
9,468.724483,2022,52430573,54.296,random,float32
9,469.260689,1309,52430573,54.078,random,float32
9,469.798722,343,52430573,53.340,random,float32
9,470.337457,5030,52430573,53.958,random,float32
9,470.872219,7094,52430573,53.668,random,float32
9,471.409739,9222,52430573,53.700,random,float32
9,471.942759,2516,52430573,53.055,random,float32
9,472.465236,9330,52430573,51.495,random,float32
9,472.997709,592,52430573,52.430,random,float32
9,473.523457,1013,52430573,53.313,random,float32
9,474.070326,7039,52430573,55.330,random,float32
9,474.603878,5804,52430573,53.665,random,float32
9,475.131833,9277,52430573,52.455,random,float32
9,475.671869,1198,52430573,51.977,random,float32
9,476.211126,3368,52430573,54.095,random,float32
9,476.743568,9510,52430573,52.707,random,float32
9,477.271312,7614,52430573,54.543,random,float32
9,477.801609,7781,52430573,54.456,random,float32
9,478.329953,5815,52430573,54.376,random,float32
9,478.863343,5440,52430573,53.094,random,float32
9,479.389838,2891,52430573,51.374,random,float32
9,479.930310,3426,52430573,53.769,random,float32
9,480.469123,973,52430573,53.515,random,float32
9,480.999546,1353,52430573,54.147,random,float32
9,481.528892,9382,52430573,52.993,random,float32
9,482.067433,6388,52430573,53.788,random,float32
9,482.591719,7308,52430573,52.555,random,float32
9,483.129064,1404,52430573,53.357,random,float32
9,483.656202,9834,52430573,54.833,random,float32
9,484.191090,253,52430573,54.290,random,float32
9,484.732102,116,52430573,54.504,random,float32
9,485.275559,9977,52430573,52.774,random,float32
9,485.801871,669,52430573,52.188,random,float32
9,486.332992,8617,52430573,52.444,random,float32
9,486.851744,411,52430573,52.072,random,float32
9,487.383789,6935,52430573,53.493,random,float32
9,487.920609,7669,52430573,53.630,random,float32
9,488.458752,6820,52430573,52.590,random,float32
9,488.994793,6197,52430573,54.264,random,float32
9,489.515529,7736,52430573,51.602,random,float32
9,490.049527,2666,52430573,54.384,random,float32
9,490.603710,2125,52430573,57.565,random,float32
9,491.145924,4352,52430573,53.336,random,float32
9,491.687516,1447,52430573,54.103,random,float32
9,492.220987,1424,52430573,54.482,random,float32
9,492.764623,1351,52430573,55.518,random,float32
9,493.305307,8158,52430573,53.956,random,float32
9,493.848797,1432,52430573,55.405,random,float32
9,494.393699,5953,52430573,54.290,random,float32
9,494.942109,4980,52430573,56.328,random,float32
9,495.484223,4101,52430573,53.718,random,float32
9,496.027490,712,52430573,55.016,random,float32
9,496.577755,5226,52430573,53.583,random,float32
9,497.120078,4183,52430573,54.645,random,float32
9,497.659892,8466,52430573,54.112,random,float32
9,498.194811,8803,52430573,53.636,random,float32
9,498.732114,9912,52430573,53.097,random,float32
9,499.265438,5630,52430573,53.771,random,float32
9,499.802640,542,52430573,53.572,random,float32
9,500.332065,7431,52430573,53.939,random,float32
9,500.867060,2172,52430573,53.020,random,float32
9,501.397738,6975,52430573,53.724,random,float32
9,501.956597,5976,52430573,56.497,random,float32
9,502.511643,2273,52430573,53.849,random,float32
9,503.055698,8400,52430573,53.409,random,float32
9,503.611314,2941,52430573,56.335,random,float32
9,504.157401,6990,52430573,54.731,random,float32
9,504.697193,3013,52430573,55.243,random,float32
9,505.237137,8774,52430573,54.564,random,float32
9,505.775167,162,52430573,54.598,random,float32
9,506.311022,2328,52430573,53.803,random,float32
9,506.842318,8244,52430573,53.586,random,float32
9,507.382095,682,52430573,53.244,random,float32
9,507.917531,8620,52430573,54.334,random,float32
9,508.452430,2621,52430573,51.696,random,float32
9,508.989190,8054,52430573,53.752,random,float32
9,509.521714,6761,52430573,52.536,random,float32
9,510.057594,1674,52430573,53.422,random,float32
9,510.595524,6749,52430573,54.922,random,float32
9,511.125865,8476,52430573,52.800,random,float32
9,511.665243,9699,52430573,53.536,random,float32
9,512.203547,7253,52430573,53.897,random,float32
9,512.737261,7561,52430573,54.762,random,float32
9,513.274974,8231,52430573,54.519,random,float32
9,513.812629,9585,52430573,53.635,random,float32
9,514.352901,1485,52430573,53.264,random,float32
9,514.884544,7810,52430573,51.936,random,float32
9,515.428880,9879,52430573,54.550,random,float32
9,515.971413,9585,52430573,54.495,random,float32
9,516.518514,4056,52430573,54.078,random,float32
9,517.069353,3875,52430573,55.632,random,float32
9,517.622323,1610,52430573,54.631,random,float32
9,518.162463,8803,52430573,53.575,random,float32
9,518.713465,9852,52430573,56.337,random,float32
9,519.257763,2861,52430573,55.162,random,float32
9,519.805408,2625,52430573,55.190,random,float32
9,520.346217,762,52430573,54.471,random,float32
9,520.877872,3763,52430573,51.502,random,float32
9,521.410796,3287,52430573,53.497,random,float32
9,521.950630,1989,52430573,54.349,random,float32
9,522.509801,1670,52430573,60.458,random,float32
9,523.052281,5773,52430573,55.364,random,float32
9,523.609546,2792,52430573,63.585,random,float32
9,524.149547,7024,52430573,51.848,random,float32
9,524.688766,5913,52430573,52.765,random,float32
9,525.226571,1777,52430573,53.353,random,float32
9,525.762849,4692,52430573,52.928,random,float32
9,526.289128,8301,52430573,51.881,random,float32
9,526.814676,34,52430573,54.087,random,float32
9,527.351026,5116,52430573,54.542,random,float32
9,527.879446,7191,52430573,51.770,random,float32
9,528.414446,3158,52430573,53.118,random,float32
9,528.946160,2228,52430573,53.740,random,float32
9,529.485055,8673,52430573,52.824,random,float32
9,530.015671,2733,52430573,52.684,random,float32
9,530.552386,3474,52430573,55.958,random,float32
9,531.084754,3723,52430573,54.375,random,float32
9,531.618907,5894,52430573,53.858,random,float32
9,532.155247,3491,52430573,52.593,random,float32
9,532.692849,5908,52430573,55.758,random,float32
9,533.224339,5147,52430573,52.431,random,float32
9,533.752244,1310,52430573,53.761,random,float32
9,534.287233,2352,52430573,52.689,random,float32
9,534.823219,2995,52430573,53.685,random,float32
9,535.358206,9255,52430573,53.551,random,float32
9,535.888303,24,52430573,52.786,random,float32
9,536.416876,5724,52430573,52.326,random,float32
9,536.949842,7073,52430573,55.433,random,float32
9,537.489646,2514,52430573,53.256,random,float32
9,538.034372,4456,52430573,54.412,random,float32
9,538.587639,5742,52430573,54.271,random,float32
9,539.130009,9533,52430573,54.497,random,float32
9,539.669972,5233,52430573,53.464,random,float32
9,540.206829,4689,52430573,54.871,random,float32
9,540.748220,9600,52430573,53.063,random,float32
9,541.281576,8546,52430573,55.457,random,float32
9,541.818054,7263,52430573,53.836,random,float32
9,542.340606,2730,52430573,52.957,random,float32
9,542.863135,6286,52430573,51.879,random,float32
9,543.389848,6533,52430573,52.271,random,float32
9,543.927110,1673,52430573,52.864,random,float32
9,544.467524,5434,52430573,53.818,random,float32
9,545.009655,1148,52430573,53.620,random,float32
9,545.550741,5778,52430573,55.206,random,float32
9,546.088217,3359,52430573,52.452,random,float32
9,546.623656,5290,52430573,52.979,random,float32
9,547.158537,2641,52430573,55.596,random,float32
9,547.695108,272,52430573,53.215,random,float32
9,548.231382,3587,52430573,53.654,random,float32
9,548.756771,1837,52430573,53.450,random,float32
9,549.282460,699,52430573,54.026,random,float32
9,549.817840,2859,52430573,54.991,random,float32
9,550.355566,2756,52430573,52.159,random,float32
9,550.898376,4149,52430573,53.664,random,float32
9,551.430906,2875,52430573,53.411,random,float32
9,551.966590,4159,52430573,53.781,random,float32
9,552.502838,3195,52430573,55.654,random,float32
9,553.042587,6540,52430573,55.649,random,float32
9,553.579281,8691,52430573,52.416,random,float32
9,554.118903,6565,52430573,53.532,random,float32
9,554.656206,9776,52430573,52.894,random,float32
9,555.193235,1283,52430573,53.380,random,float32
9,555.728347,2359,52430573,53.935,random,float32
9,556.260075,4209,52430573,52.056,random,float32
9,556.792407,8718,52430573,52.972,random,float32
9,557.330476,715,52430573,52.987,random,float32
9,557.863656,9444,52430573,52.473,random,float32
9,558.394841,6938,52430573,53.915,random,float32
9,558.934477,5926,52430573,54.170,random,float32
9,559.467772,3910,52430573,53.840,random,float32
9,560.004524,5813,52430573,55.765,random,float32
9,560.542248,4089,52430573,53.693,random,float32
9,561.080409,5951,52430573,52.306,random,float32
9,561.603775,310,52430573,53.144,random,float32
9,562.135422,117,52430573,53.512,random,float32
9,562.673389,8556,52430573,54.216,random,float32
9,563.202492,4514,52430573,52.852,random,float32
9,563.737117,4116,52430573,52.888,random,float32
9,564.268008,3925,52430573,52.669,random,float32
9,564.796570,9970,52430573,54.166,random,float32
9,565.326273,4485,52430573,53.487,random,float32
9,565.855709,5609,52430573,53.637,random,float32
9,566.380418,3860,52430573,51.512,random,float32
9,566.908967,325,52430573,53.908,random,float32
9,567.451379,4020,52430573,52.552,random,float32
9,567.985773,1494,52430573,54.432,random,float32
9,568.506574,7752,52430573,48.386,random,float32
9,569.033450,7991,52430573,53.458,random,float32
9,569.572290,5095,52430573,53.378,random,float32
9,570.119350,9869,52430573,54.906,random,float32
9,570.676836,1595,52430573,54.829,random,float32
9,571.210867,3324,52430573,51.890,random,float32
9,571.747848,1274,52430573,53.652,random,float32
9,572.285169,1444,52430573,53.626,random,float32
9,572.827787,7231,52430573,53.664,random,float32
9,573.358238,1664,52430573,54.576,random,float32
9,573.899226,3358,52430573,54.212,random,float32
9,574.432076,256,52430573,52.660,random,float32
9,574.965797,5161,52430573,52.319,random,float32
9,575.494837,7274,52430573,52.244,random,float32
9,576.034207,5835,52430573,57.826,random,float32
9,576.571060,2727,52430573,54.586,random,float32
9,577.108870,6003,52430573,54.471,random,float32
9,577.646581,5651,52430573,53.438,random,float32
9,578.175130,438,52430573,51.178,random,float32
9,578.704711,6207,52430573,53.140,random,float32
9,579.232997,493,52430573,51.995,random,float32
9,579.768979,7806,52430573,53.012,random,float32
9,580.301770,3384,52430573,54.540,random,float32
9,580.838425,5180,52430573,52.403,random,float32
9,581.357621,6559,52430573,51.650,random,float32
9,581.883611,391,52430573,51.149,random,float32
9,582.415541,1909,52430573,53.087,random,float32
9,582.958178,39,52430573,53.457,random,float32
9,583.489228,753,52430573,53.441,random,float32
9,584.021410,8915,52430573,54.047,random,float32
9,584.560684,8893,52430573,52.467,random,float32
9,585.109758,4684,52430573,54.248,random,float32
9,585.645933,2958,52430573,54.416,random,float32
9,586.181851,7290,52430573,53.568,random,float32
9,586.714564,55,52430573,53.864,random,float32
9,587.249507,3018,52430573,52.657,random,float32
9,587.782840,5561,52430573,51.472,random,float32
9,588.326036,5220,52430573,55.165,random,float32
9,588.877150,7398,52430573,54.643,random,float32
9,589.422895,1859,52430573,54.408,random,float32
9,589.974189,8210,52430573,55.713,random,float32
9,590.525722,3946,52430573,54.162,random,float32
9,591.060590,241,52430573,52.825,random,float32
9,591.600470,9305,52430573,52.858,random,float32
9,592.130793,7114,52430573,54.365,random,float32
9,592.660728,4474,52430573,53.526,random,float32
9,593.194920,9376,52430573,53.106,random,float32
9,593.738074,6090,52430573,54.361,random,float32
9,594.277833,6584,52430573,54.164,random,float32
9,594.811618,5262,52430573,55.017,random,float32
9,595.354444,6221,52430573,55.876,random,float32
9,595.894759,2810,52430573,54.271,random,float32
9,596.435062,8896,52430573,54.068,random,float32
9,596.969232,5362,52430573,52.531,random,float32
9,597.517989,8983,52430573,54.223,random,float32
9,598.055502,4665,52430573,53.030,random,float32
9,598.609281,8303,52430573,54.491,random,float32
9,599.164599,1438,52430573,56.750,random,float32
9,599.728847,5463,52430573,52.481,random,float32
9,600.258607,3750,52430573,53.463,random,float32
9,600.801887,8665,52430573,53.989,random,float32
9,601.343399,9084,52430573,54.095,random,float32
9,601.891156,9466,52430573,54.781,random,float32
9,602.435131,1682,52430573,54.152,random,float32
9,602.976853,1498,52430573,54.174,random,float32
9,603.515162,1978,52430573,53.514,random,float32
9,604.054337,3996,52430573,53.219,random,float32
9,604.593663,5677,52430573,52.345,random,float32
9,605.124557,6699,52430573,52.719,random,float32
9,605.657849,3695,52430573,54.380,random,float32
9,606.191838,5818,52430573,53.321,random,float32
9,606.710130,752,52430573,52.181,random,float32
9,607.237271,7591,52430573,52.690,random,float32
9,607.772535,1864,52430573,53.745,random,float32
9,608.312002,5216,52430573,52.804,random,float32
9,608.851178,8222,52430573,53.501,random,float32
9,609.384435,9021,52430573,52.721,random,float32
9,609.906204,1219,52430573,52.919,random,float32
9,610.437515,1302,52430573,52.570,random,float32
9,610.975866,1653,52430573,52.844,random,float32
9,611.507851,1562,52430573,54.086,random,float32
9,612.041048,140,52430573,53.957,random,float32
9,612.567827,7422,52430573,51.901,random,float32
9,613.088444,2264,52430573,51.211,random,float32
9,613.629605,7004,52430573,53.533,random,float32
9,614.154440,6771,52430573,53.392,random,float32
9,614.693405,7756,52430573,54.555,random,float32
9,615.229452,5060,52430573,50.652,random,float32
9,615.761890,7348,52430573,52.239,random,float32
9,616.292085,1607,52430573,52.346,random,float32
9,616.826551,8281,52430573,54.648,random,float32
9,617.360287,481,52430573,54.090,random,float32
9,617.891880,1234,52430573,54.022,random,float32
9,618.427209,8423,52430573,45.722,random,float32
9,618.955539,7512,52430573,52.635,random,float32
9,619.483544,4739,52430573,53.615,random,float32
9,620.017564,4918,52430573,52.795,random,float32
9,620.557389,7474,52430573,54.227,random,float32
9,621.107230,747,52430573,55.623,random,float32
9,621.647759,1922,52430573,52.131,random,float32
9,622.173121,5110,52430573,52.716,random,float32
9,622.698667,9493,52430573,54.697,random,float32
9,623.236993,1033,52430573,54.030,random,float32
9,623.770156,2654,52430573,53.753,random,float32
9,624.308185,4678,52430573,52.936,random,float32
9,624.841004,4957,52430573,53.746,random,float32
9,625.373966,131,52430573,53.782,random,float32
9,625.903399,6955,52430573,52.552,random,float32
9,626.431699,2180,52430573,51.912,random,float32
9,626.961702,1931,52430573,52.473,random,float32
9,627.497073,3396,52430573,54.691,random,float32
9,628.031569,1133,52430573,54.576,random,float32
9,628.580719,277,52430573,53.174,random,float32
9,629.121865,4979,52430573,53.666,random,float32
9,629.675441,859,52430573,55.196,random,float32
9,630.218571,3346,52430573,56.072,random,float32
9,630.765424,4476,52430573,54.441,random,float32
9,631.306173,1871,52430573,54.345,random,float32
9,631.845477,5496,52430573,53.477,random,float32
9,632.382363,7197,52430573,52.684,random,float32
9,632.930095,9691,52430573,53.747,random,float32
9,633.462817,3342,52430573,53.697,random,float32
9,633.997482,4061,52430573,53.002,random,float32
9,634.530002,771,52430573,53.084,random,float32
9,635.063811,2044,52430573,53.459,random,float32
9,635.590896,3639,52430573,53.878,random,float32
9,636.123816,7572,52430573,52.272,random,float32
9,636.645696,5046,52430573,53.517,random,float32
9,637.180394,2441,52430573,54.769,random,float32
9,637.722428,953,52430573,53.653,random,float32
9,638.257348,5814,52430573,52.773,random,float32
9,638.794143,5258,52430573,53.548,random,float32
9,639.331977,9519,52430573,54.714,random,float32
9,639.864587,2133,52430573,53.319,random,float32
9,640.397994,158,52430573,53.029,random,float32
9,640.935778,2369,52430573,54.584,random,float32
9,641.473268,545,52430573,54.086,random,float32
9,642.018185,4448,52430573,54.157,random,float32
9,642.542262,9115,52430573,51.527,random,float32
9,643.079402,7250,52430573,53.451,random,float32
9,643.613549,5155,52430573,52.649,random,float32
9,644.155079,5961,52430573,54.937,random,float32
9,644.699204,3070,52430573,55.170,random,float32
9,645.234905,3542,52430573,54.151,random,float32
9,645.762025,106,52430573,51.657,random,float32
9,646.286583,8004,52430573,51.169,random,float32
9,646.817907,9285,52430573,53.931,random,float32
9,647.351876,2088,52430573,52.439,random,float32
9,647.886794,9788,52430573,55.327,random,float32
9,648.426784,6968,52430573,52.637,random,float32
9,648.951308,2018,52430573,53.076,random,float32
9,649.482844,3953,52430573,49.823,random,float32
9,650.008568,7699,52430573,50.694,random,float32
9,650.533106,399,52430573,52.821,random,float32
9,651.064125,545,52430573,54.151,random,float32
9,651.596814,7795,52430573,52.182,random,float32
9,652.135461,8886,52430573,52.894,random,float32
9,652.671555,1942,52430573,54.825,random,float32
9,653.209498,8672,52430573,52.326,random,float32
9,653.743251,5082,52430573,54.632,random,float32
9,654.272274,3478,52430573,52.328,random,float32
9,654.806667,5966,52430573,52.597,random,float32
9,655.334740,2653,52430573,50.390,random,float32
9,655.868311,4779,52430573,53.227,random,float32
9,656.399474,1369,52430573,53.611,random,float32
9,656.936394,6753,52430573,54.036,random,float32
9,657.477494,6564,52430573,53.902,random,float32
9,658.014683,1613,52430573,52.760,random,float32
9,658.541578,4398,52430573,53.051,random,float32
9,659.069932,9529,52430573,52.305,random,float32
9,659.601415,6050,52430573,52.602,random,float32
9,660.124769,5256,52430573,51.401,random,float32
9,660.658738,4343,52430573,53.607,random,float32
9,661.185139,9164,52430573,54.037,random,float32
9,661.710095,6663,52430573,51.741,random,float32
9,662.239399,7988,52430573,52.878,random,float32
9,662.778982,9254,52430573,52.420,random,float32
9,663.310100,5207,52430573,53.161,random,float32
9,663.839033,9120,52430573,54.586,random,float32
9,664.366292,7531,52430573,54.780,random,float32
9,664.901860,8308,52430573,52.652,random,float32
9,665.429342,1002,52430573,51.282,random,float32
9,665.961235,4866,52430573,55.652,random,float32
9,666.491491,9796,52430573,53.508,random,float32
9,667.023015,3438,52430573,54.623,random,float32
9,667.559510,8798,52430573,53.438,random,float32
9,668.093976,7044,52430573,53.028,random,float32
9,668.628905,2585,52430573,52.767,random,float32
9,669.158689,3499,52430573,54.244,random,float32
9,669.742838,256,52430573,55.156,random,float32
9,670.272949,514,52430573,53.943,random,float32
9,670.819465,5052,52430573,53.580,random,float32
9,671.357424,1843,52430573,53.028,random,float32
9,671.905245,1616,52430573,54.134,random,float32
9,672.446512,9046,52430573,54.508,random,float32
9,672.975275,2001,52430573,53.990,random,float32
9,673.499386,6868,52430573,52.043,random,float32
9,674.026999,8510,52430573,53.807,random,float32
9,674.568608,6452,52430573,52.610,random,float32
9,675.098070,9383,52430573,53.732,random,float32
9,675.634855,7618,52430573,53.312,random,float32
9,676.163187,7017,52430573,52.818,random,float32
9,676.686495,8633,52430573,51.840,random,float32
9,677.218325,6672,52430573,52.365,random,float32
9,677.750521,5021,52430573,54.170,random,float32
9,678.284566,4315,52430573,54.139,random,float32
9,678.823721,8621,52430573,54.088,random,float32
9,679.370568,3077,52430573,56.070,random,float32
9,679.922918,4258,52430573,55.630,random,float32
9,680.457888,5134,52430573,51.015,random,float32
9,680.983564,903,52430573,53.021,random,float32
9,681.511729,2671,52430573,52.780,random,float32
9,682.045271,9109,52430573,53.790,random,float32
9,682.587227,8442,52430573,54.348,random,float32
9,683.124561,1614,52430573,54.275,random,float32
9,683.660318,8909,52430573,53.541,random,float32
9,684.198797,3676,52430573,53.552,random,float32
9,684.736222,6132,52430573,53.514,random,float32
9,685.280045,4913,52430573,54.956,random,float32
9,685.821524,2301,52430573,54.356,random,float32
9,686.366504,3552,52430573,55.905,random,float32
9,686.902366,4414,52430573,52.583,random,float32
9,687.428051,2971,52430573,52.455,random,float32
9,687.955178,1235,52430573,52.182,random,float32
9,688.487784,6728,52430573,53.501,random,float32
9,689.021370,7759,52430573,52.680,random,float32
9,689.556430,5173,52430573,52.651,random,float32
9,690.087803,9431,52430573,52.486,random,float32
9,690.618516,7273,52430573,52.778,random,float32
9,691.159001,3353,52430573,53.801,random,float32
9,691.695925,2379,52430573,52.886,random,float32
9,692.228004,7417,52430573,53.169,random,float32
9,692.765544,4986,52430573,54.815,random,float32
9,693.297579,4882,52430573,53.705,random,float32
9,693.832622,856,52430573,54.067,random,float32
9,694.362602,2812,52430573,53.758,random,float32
9,694.894306,8480,52430573,54.117,random,float32
9,695.426138,8937,52430573,52.119,random,float32
9,695.955466,9294,52430573,54.212,random,float32
9,696.492686,9670,52430573,53.679,random,float32
9,697.027420,6442,52430573,54.956,random,float32
9,697.567682,7300,52430573,53.416,random,float32
9,698.103089,758,52430573,53.511,random,float32
9,698.633658,2430,52430573,52.569,random,float32
9,699.162314,7952,52430573,52.357,random,float32
9,699.696412,5471,52430573,53.674,random,float32
9,700.227201,9903,52430573,51.661,random,float32
9,700.763465,2816,52430573,54.162,random,float32
9,701.291722,5575,52430573,52.504,random,float32
9,701.834010,9599,52430573,53.820,random,float32
9,702.364858,8110,52430573,53.316,random,float32
9,702.901651,9282,52430573,52.376,random,float32
9,703.430851,4708,52430573,52.332,random,float32
9,703.968413,262,52430573,53.983,random,float32
9,704.502316,2046,52430573,53.323,random,float32
9,705.032141,5386,52430573,53.371,random,float32
9,705.565067,8045,52430573,54.180,random,float32
9,706.101955,2246,52430573,54.228,random,float32
9,706.651017,1334,52430573,55.114,random,float32
9,707.207724,3679,52430573,52.756,random,float32
9,707.742307,2822,52430573,54.400,random,float32
9,708.271893,5410,52430573,52.705,random,float32
9,708.804322,4631,52430573,52.191,random,float32
9,709.337777,9670,52430573,54.338,random,float32
9,709.874667,3085,52430573,53.868,random,float32
9,710.409640,1545,52430573,53.679,random,float32
9,710.932440,8313,52430573,53.335,random,float32
9,711.458976,481,52430573,53.059,random,float32
9,711.990561,7202,52430573,53.612,random,float32
9,712.522335,1349,52430573,54.210,random,float32
9,713.061895,1165,52430573,55.106,random,float32
9,713.596592,8346,52430573,53.809,random,float32
9,714.165404,8077,52430573,56.143,random,float32
9,714.708165,4233,52430573,54.269,random,float32
9,715.251697,6076,52430573,54.584,random,float32
9,715.779997,4749,52430573,52.190,random,float32
9,716.315484,3625,52430573,51.609,random,float32
9,716.857895,3275,52430573,54.589,random,float32
9,717.399617,6902,52430573,53.571,random,float32
9,717.929745,1980,52430573,52.919,random,float32
9,718.465054,6330,52430573,53.023,random,float32
9,719.007892,5833,52430573,55.029,random,float32
9,719.545114,6532,52430573,54.033,random,float32
9,720.080559,2804,52430573,52.944,random,float32
9,720.640697,5488,52430573,56.366,random,float32
9,721.173810,1094,52430573,53.743,random,float32
9,721.723457,7964,52430573,54.395,random,float32
9,722.261418,5992,52430573,55.225,random,float32
9,722.801416,6333,52430573,53.555,random,float32
9,723.345649,964,52430573,53.461,random,float32
9,723.878397,1460,52430573,55.606,random,float32
9,724.414170,8009,52430573,55.418,random,float32
9,724.970055,883,52430573,56.314,random,float32
9,725.522348,8693,52430573,55.679,random,float32
9,726.060747,1928,52430573,54.406,random,float32
9,726.596493,8473,52430573,53.703,random,float32
9,727.133197,3202,52430573,51.992,random,float32
9,727.664853,5870,52430573,51.847,random,float32
9,728.193209,2807,52430573,52.846,random,float32
9,728.728749,1701,52430573,52.966,random,float32
9,729.266359,9522,52430573,53.832,random,float32
9,729.800620,1283,52430573,52.907,random,float32
9,730.332084,1870,52430573,55.009,random,float32
9,730.862485,3956,52430573,52.953,random,float32
9,731.400646,6524,52430573,55.480,random,float32
9,731.942756,4220,52430573,54.159,random,float32
9,732.480731,8298,52430573,52.765,random,float32
9,733.019116,8765,52430573,51.380,random,float32
9,733.552370,4183,52430573,54.315,random,float32
9,734.086439,7487,52430573,53.390,random,float32
9,734.627930,4641,52430573,54.068,random,float32
9,735.165312,8817,52430573,53.849,random,float32
9,735.696023,6098,52430573,52.853,random,float32
9,736.238163,1271,52430573,55.267,random,float32
9,736.779881,9104,52430573,54.173,random,float32
9,737.319172,6196,52430573,54.270,random,float32
9,737.855259,9460,52430573,54.933,random,float32
9,738.392813,5238,52430573,52.790,random,float32
9,738.929195,7867,52430573,50.909,random,float32
9,739.466872,5893,52430573,54.096,random,float32
9,740.005972,3442,52430573,54.587,random,float32
9,740.546322,5042,52430573,53.758,random,float32
9,741.078345,8794,52430573,52.476,random,float32
9,741.609824,6892,52430573,54.207,random,float32
9,742.142213,3674,52430573,53.206,random,float32
9,742.674410,4144,52430573,52.577,random,float32
9,743.211066,4121,52430573,54.242,random,float32
9,743.747811,5194,52430573,54.624,random,float32
9,744.287832,2373,52430573,54.176,random,float32
9,744.831777,8737,52430573,55.009,random,float32
9,745.368903,4465,52430573,54.538,random,float32
9,745.914267,6879,52430573,54.598,random,float32
9,746.468164,9864,52430573,55.806,random,float32
9,747.023950,788,52430573,55.674,random,float32
9,747.556934,1673,52430573,52.138,random,float32
9,748.095055,9189,52430573,54.677,random,float32
9,748.630676,6936,52430573,52.642,random,float32
9,749.169037,7736,52430573,53.979,random,float32
9,749.719354,4893,52430573,54.696,random,float32
9,750.262770,3042,52430573,52.505,random,float32
9,750.804440,800,52430573,53.846,random,float32
9,751.340681,5555,52430573,54.382,random,float32
9,751.880052,3492,52430573,53.264,random,float32
9,752.408981,8643,52430573,53.404,random,float32
9,752.939534,3647,52430573,53.276,random,float32
9,753.473488,8550,52430573,53.413,random,float32
9,754.007916,2653,52430573,53.372,random,float32
9,754.562155,6774,52430573,55.297,random,float32
9,755.106698,7873,52430573,54.592,random,float32
9,755.657379,1227,52430573,55.565,random,float32
9,756.211344,7104,52430573,52.923,random,float32
9,756.746556,8888,52430573,53.450,random,float32
9,757.295081,6981,52430573,53.847,random,float32
9,757.828486,7647,52430573,54.454,random,float32
9,758.380351,7398,52430573,55.717,random,float32
9,758.926916,4107,52430573,53.320,random,float32
9,759.478912,1091,52430573,56.908,random,float32
9,760.049925,9924,52430573,54.923,random,float32
9,760.587687,2192,52430573,53.206,random,float32
9,761.130090,7344,52430573,53.408,random,float32
9,761.668253,2968,52430573,52.344,random,float32
9,762.209859,2639,52430573,54.545,random,float32
9,762.761460,776,52430573,55.239,random,float32
9,763.322223,9301,52430573,54.268,random,float32
9,763.872281,2643,52430573,54.043,random,float32
9,764.420722,7720,52430573,54.858,random,float32
9,764.974667,7616,52430573,55.270,random,float32
9,765.521859,4676,52430573,55.691,random,float32
9,766.076936,4744,52430573,54.290,random,float32
9,766.611507,21,52430573,53.767,random,float32
9,767.140855,6175,52430573,53.489,random,float32
9,767.666647,3917,52430573,53.125,random,float32
9,768.197919,9099,52430573,53.764,random,float32
9,768.731604,2811,52430573,53.134,random,float32
9,769.261469,9437,52430573,53.541,random,float32
9,769.781974,9475,52430573,52.478,random,float32
9,770.312816,2154,52430573,53.335,random,float32
9,770.842302,249,52430573,52.136,random,float32
9,771.362555,6272,52430573,52.580,random,float32
9,771.899079,3288,52430573,54.030,random,float32
9,772.443110,695,52430573,54.241,random,float32
9,772.982357,9998,52430573,52.871,random,float32
9,773.512601,9451,52430573,53.034,random,float32
9,774.046458,1138,52430573,53.032,random,float32
9,774.578310,1608,52430573,53.744,random,float32
9,775.124282,6223,52430573,54.773,random,float32
9,775.663071,310,52430573,53.505,random,float32
9,776.199856,6175,52430573,55.428,random,float32
9,776.746050,6575,52430573,53.332,random,float32
9,777.288823,8160,52430573,54.097,random,float32
9,777.831764,7997,52430573,54.831,random,float32
9,778.374252,317,52430573,54.842,random,float32
9,778.918235,6478,52430573,53.741,random,float32
9,779.463204,4323,52430573,52.921,random,float32
9,780.002499,4709,52430573,54.346,random,float32
9,780.531637,8205,52430573,52.032,random,float32
9,781.056670,9892,52430573,51.990,random,float32
9,781.604552,6387,52430573,54.759,random,float32
9,782.146947,1421,52430573,53.615,random,float32
9,782.688294,2506,52430573,55.462,random,float32
9,783.223201,9303,52430573,53.862,random,float32
9,783.760091,5387,52430573,56.494,random,float32
9,784.294943,1696,52430573,54.471,random,float32
9,784.830976,296,52430573,53.821,random,float32
9,785.373190,1320,52430573,52.857,random,float32
9,785.912214,4524,52430573,54.306,random,float32
9,786.468203,9393,52430573,59.509,random,float32
9,787.021980,3932,52430573,54.352,random,float32
9,787.553220,8670,52430573,52.494,random,float32
9,788.083460,4013,52430573,54.134,random,float32
9,788.618461,8071,52430573,52.885,random,float32
9,789.146245,3243,52430573,52.986,random,float32
9,789.681370,1689,52430573,53.398,random,float32
9,790.216383,5834,52430573,53.583,random,float32
9,790.748590,2291,52430573,50.533,random,float32
9,791.287631,8673,52430573,53.606,random,float32
9,791.826015,9583,52430573,52.193,random,float32
9,792.358202,831,52430573,52.634,random,float32
9,792.898833,2787,52430573,53.356,random,float32
9,793.427351,6058,52430573,50.562,random,float32
9,793.966070,1130,52430573,51.730,random,float32
9,794.499717,3526,52430573,55.747,random,float32
9,795.034498,9172,52430573,53.716,random,float32
9,795.565834,3870,52430573,53.077,random,float32
9,796.104110,2842,52430573,53.754,random,float32
9,796.635918,3435,52430573,50.949,random,float32
9,797.163526,4659,52430573,53.651,random,float32
9,797.718242,4970,52430573,54.542,random,float32
9,798.254869,8529,52430573,55.928,random,float32
9,798.785748,8971,52430573,54.074,random,float32
9,799.323031,3087,52430573,55.066,random,float32
9,799.856478,9563,52430573,53.592,random,float32
9,800.395647,2633,52430573,53.782,random,float32
9,800.930742,3149,52430573,55.742,random,float32
9,801.466035,5460,52430573,52.312,random,float32
9,802.007001,5638,52430573,55.772,random,float32
9,802.575778,8189,52430573,55.206,random,float32
9,803.117017,5723,52430573,53.426,random,float32
9,803.646121,5938,52430573,51.588,random,float32
9,804.182252,9306,52430573,54.711,random,float32
9,804.721960,3239,52430573,53.673,random,float32
9,805.265296,3097,52430573,55.015,random,float32
9,805.808576,8363,52430573,53.498,random,float32
9,806.350201,259,52430573,55.059,random,float32
9,806.876877,9227,52430573,53.309,random,float32
9,807.411433,6864,52430573,52.302,random,float32
9,807.947909,5056,52430573,54.417,random,float32
9,808.493554,5833,52430573,52.976,random,float32
9,809.041754,3201,52430573,54.644,random,float32
9,809.599498,9593,52430573,54.813,random,float32
9,810.135866,6647,52430573,54.724,random,float32
9,810.686654,5077,52430573,54.453,random,float32
9,811.226572,4158,52430573,53.327,random,float32
9,811.771642,5674,52430573,54.660,random,float32
9,812.304972,843,52430573,52.699,random,float32
9,812.842724,2176,52430573,52.722,random,float32
9,813.372235,6289,52430573,54.666,random,float32
9,813.906756,5089,52430573,55.404,random,float32
9,814.436652,3028,52430573,53.887,random,float32
9,814.968058,3978,52430573,52.002,random,float32
9,815.502706,791,52430573,53.679,random,float32
9,816.038584,2327,52430573,55.873,random,float32
9,816.556065,8098,52430573,51.946,random,float32
9,817.092805,5527,52430573,54.789,random,float32
9,817.638429,7683,52430573,54.175,random,float32
9,818.178616,6370,52430573,54.744,random,float32
9,818.709038,4837,52430573,53.135,random,float32
9,819.238905,1326,52430573,53.314,random,float32
9,819.765436,3800,52430573,52.704,random,float32
9,820.292569,5235,52430573,53.157,random,float32
9,820.829305,8242,52430573,52.602,random,float32
9,821.360195,4562,52430573,52.276,random,float32
9,821.891079,5377,52430573,51.887,random,float32
9,822.414285,417,52430573,52.808,random,float32
9,822.940157,3828,52430573,53.215,random,float32
9,823.464998,9028,52430573,53.808,random,float32
9,824.004684,9386,52430573,53.550,random,float32
9,824.539941,2593,52430573,53.183,random,float32
9,825.075517,2804,52430573,54.279,random,float32
9,825.608012,1022,52430573,53.094,random,float32
9,826.141576,8722,52430573,53.660,random,float32
9,826.674091,5924,52430573,53.552,random,float32
9,827.209058,9968,52430573,52.972,random,float32
9,827.736326,4976,52430573,53.317,random,float32
9,828.268744,810,52430573,56.057,random,float32
9,828.798564,5820,52430573,54.671,random,float32
9,829.335383,2952,52430573,52.726,random,float32
9,829.863475,4874,52430573,52.946,random,float32
9,830.391387,9568,52430573,51.056,random,float32
9,830.913760,2793,52430573,53.598,random,float32
9,831.441099,6356,52430573,53.072,random,float32
9,831.980681,2466,52430573,52.853,random,float32
9,832.516690,3125,52430573,53.420,random,float32
9,833.063393,3191,52430573,53.451,random,float32
9,833.599239,3499,52430573,53.346,random,float32
9,834.129543,6458,52430573,53.223,random,float32
9,834.663160,4676,52430573,54.057,random,float32
9,835.207230,8327,52430573,53.417,random,float32
9,835.741617,472,52430573,52.741,random,float32
9,836.275135,8164,52430573,53.169,random,float32
9,836.803486,8657,52430573,51.592,random,float32
9,837.342913,7804,52430573,54.931,random,float32
9,837.876699,905,52430573,54.817,random,float32
9,838.410781,1167,52430573,53.289,random,float32
9,838.938092,9400,52430573,51.236,random,float32
9,839.470890,5856,52430573,53.326,random,float32
9,840.008018,3209,52430573,54.172,random,float32
9,840.537732,2942,52430573,53.201,random,float32
9,841.068238,6177,52430573,52.293,random,float32
9,841.603170,3086,52430573,54.988,random,float32
9,842.134020,3982,52430573,52.168,random,float32
9,842.659970,6160,52430573,52.631,random,float32
9,843.184694,6554,52430573,53.842,random,float32
9,843.718424,998,52430573,53.161,random,float32
9,844.257286,5764,52430573,53.643,random,float32
9,844.790127,9479,52430573,54.284,random,float32
9,845.325060,7295,52430573,54.164,random,float32
9,845.856935,8385,52430573,51.851,random,float32
9,846.391751,6753,52430573,51.376,random,float32
9,846.911035,9528,52430573,50.845,random,float32
9,847.440778,3419,52430573,53.770,random,float32
9,847.969831,3057,52430573,52.618,random,float32
9,848.504544,3893,52430573,53.975,random,float32
9,849.035299,3509,52430573,52.575,random,float32
9,849.578549,7970,52430573,54.998,random,float32
9,850.126116,2438,52430573,54.165,random,float32
9,850.684790,7314,52430573,56.309,random,float32
9,851.228824,2230,52430573,53.410,random,float32
9,851.768091,9761,52430573,53.429,random,float32
9,852.315723,1237,52430573,52.826,random,float32
9,852.859097,8342,52430573,54.748,random,float32
9,853.391738,5600,52430573,52.327,random,float32
9,853.931700,10,52430573,53.960,random,float32
9,854.473348,1325,52430573,54.286,random,float32
9,855.020514,6845,52430573,54.861,random,float32
9,855.561472,8963,52430573,55.529,random,float32
9,856.114667,320,52430573,53.080,random,float32
9,856.649153,9078,52430573,53.136,random,float32
9,857.183213,2132,52430573,53.096,random,float32
9,857.722271,6409,52430573,54.668,random,float32
9,858.301955,3843,52430573,55.149,random,float32
9,858.841039,8655,52430573,53.997,random,float32
9,859.379007,3637,52430573,54.224,random,float32
9,859.924882,9678,52430573,55.493,random,float32
9,860.479667,2009,52430573,56.127,random,float32
9,861.034788,2868,52430573,55.875,random,float32
9,861.578827,9486,52430573,53.826,random,float32
9,862.114836,6734,52430573,52.639,random,float32
9,862.643218,5683,52430573,52.888,random,float32
9,863.173851,7091,52430573,52.539,random,float32
9,863.704463,3278,52430573,53.664,random,float32
9,864.237034,7263,52430573,53.517,random,float32
9,864.766350,316,52430573,50.326,random,float32
9,865.296770,1210,52430573,54.268,random,float32
9,865.838503,8305,52430573,54.281,random,float32
9,866.381746,8609,52430573,53.693,random,float32
9,866.917919,5121,52430573,52.592,random,float32
9,867.448625,1746,52430573,52.390,random,float32
9,867.977789,3448,52430573,53.761,random,float32
9,868.511659,7439,52430573,50.775,random,float32
9,869.039882,7731,52430573,53.529,random,float32
9,869.573655,3383,52430573,54.046,random,float32
9,870.108546,4278,52430573,53.256,random,float32
9,870.643580,3982,52430573,52.504,random,float32
9,871.174148,1081,52430573,53.200,random,float32
9,871.699722,6679,52430573,53.100,random,float32
9,872.230105,6923,52430573,53.006,random,float32
9,872.759299,7272,52430573,54.801,random,float32
9,873.294164,7175,52430573,52.029,random,float32
9,873.826816,1528,52430573,55.107,random,float32
9,874.365481,1036,52430573,53.797,random,float32
9,874.902052,7608,52430573,54.218,random,float32
9,875.427965,2194,52430573,53.302,random,float32
9,875.960381,1933,52430573,53.734,random,float32
9,876.496298,2900,52430573,55.059,random,float32
9,877.029454,3157,52430573,52.883,random,float32
9,877.560038,2094,52430573,53.214,random,float32
9,878.090991,6668,52430573,53.697,random,float32
9,878.630711,9951,52430573,54.281,random,float32
9,879.157748,6144,52430573,51.338,random,float32
9,879.685270,1327,52430573,53.459,random,float32
9,880.224246,1680,52430573,55.879,random,float32
9,880.761584,2174,52430573,52.784,random,float32
9,881.292602,6387,52430573,53.710,random,float32
9,881.828302,9446,52430573,54.020,random,float32
9,882.357821,9426,52430573,53.291,random,float32
9,882.893823,540,52430573,53.694,random,float32
9,883.426095,7324,52430573,54.302,random,float32
9,883.968039,6892,52430573,52.278,random,float32
9,884.506811,6249,52430573,53.571,random,float32
9,885.052503,4450,52430573,53.178,random,float32
9,885.583851,7911,52430573,52.727,random,float32
9,886.120528,9417,52430573,54.998,random,float32
9,886.655334,8041,52430573,50.649,random,float32
9,887.187362,3850,52430573,53.232,random,float32
9,887.723018,5723,52430573,53.508,random,float32
9,888.264700,5435,52430573,55.011,random,float32
9,888.808895,1258,52430573,54.361,random,float32
9,889.344911,238,52430573,53.151,random,float32
9,889.875773,1674,52430573,53.393,random,float32
9,890.414973,6748,52430573,55.648,random,float32
9,890.952643,7420,52430573,54.109,random,float32
9,891.495460,9228,52430573,55.706,random,float32
9,892.035955,8423,52430573,49.701,random,float32
9,892.586465,5721,52430573,54.866,random,float32
9,893.125032,6121,52430573,52.572,random,float32
9,893.658863,4545,52430573,53.214,random,float32
9,894.196439,5823,52430573,55.128,random,float32
9,894.734648,7915,52430573,55.312,random,float32
9,895.273605,2064,52430573,53.303,random,float32
9,895.809072,9950,52430573,52.774,random,float32
9,896.339735,8349,52430573,53.241,random,float32
9,896.873958,1146,52430573,52.210,random,float32
9,897.409541,8675,52430573,52.377,random,float32
9,897.938834,4251,52430573,51.829,random,float32
9,898.474820,7396,52430573,54.830,random,float32
9,899.008483,5127,52430573,53.262,random,float32
9,899.543087,3808,52430573,53.322,random,float32
10,300.511795,4294,52430573,53.351,random,float32
10,301.041575,3759,52430573,53.190,random,float32
10,301.576984,598,52430573,54.264,random,float32
10,302.110725,5854,52430573,53.642,random,float32
10,302.647382,5912,52430573,54.263,random,float32
10,303.181248,7298,52430573,53.175,random,float32
10,303.711207,8093,52430573,53.325,random,float32
10,304.239087,1690,52430573,54.799,random,float32
10,304.781439,1581,52430573,52.647,random,float32
10,305.310449,768,52430573,51.996,random,float32
10,305.829692,6835,52430573,52.674,random,float32
10,306.362063,8036,52430573,52.763,random,float32
10,306.891520,4764,52430573,53.383,random,float32
10,307.425467,9435,52430573,52.655,random,float32
10,307.954539,7647,52430573,52.563,random,float32
10,308.496562,6209,52430573,53.744,random,float32
10,309.032846,7523,52430573,53.207,random,float32
10,309.564513,6964,52430573,52.702,random,float32
10,310.091442,3171,52430573,53.219,random,float32
10,310.623571,8829,52430573,53.441,random,float32
10,311.152388,4513,52430573,52.262,random,float32
10,311.682934,7123,52430573,53.885,random,float32
10,312.215076,1512,52430573,53.954,random,float32
10,312.747696,1446,52430573,53.273,random,float32
10,313.286250,2693,52430573,53.281,random,float32
10,313.822818,3003,52430573,54.284,random,float32
10,314.359891,3234,52430573,53.383,random,float32
10,314.894437,5006,52430573,52.783,random,float32
10,315.431675,4801,52430573,54.008,random,float32
10,315.965813,5019,52430573,53.026,random,float32
10,316.502777,9347,52430573,53.765,random,float32
10,317.056508,9352,52430573,56.076,random,float32
10,317.614130,3040,52430573,54.239,random,float32
10,318.156672,5115,52430573,54.751,random,float32
10,318.694760,585,52430573,53.652,random,float32
10,319.231652,3720,52430573,53.170,random,float32
10,319.760520,2057,52430573,52.460,random,float32
10,320.291320,4510,52430573,52.688,random,float32
10,320.823491,1151,52430573,52.162,random,float32
10,321.353487,3029,52430573,52.182,random,float32
10,321.887348,603,52430573,54.441,random,float32
10,322.421261,4019,52430573,53.663,random,float32
10,322.962072,274,52430573,53.171,random,float32
10,323.497360,7729,52430573,53.911,random,float32
10,324.041325,9385,52430573,54.619,random,float32
10,324.581960,2778,52430573,54.752,random,float32
10,325.119362,5038,52430573,50.987,random,float32
10,325.646663,5267,52430573,53.704,random,float32
10,326.186066,6139,52430573,54.247,random,float32
10,326.722693,3522,52430573,55.159,random,float32
10,327.262411,5356,52430573,56.340,random,float32
10,327.807358,4441,52430573,52.810,random,float32
10,328.345083,6753,52430573,53.595,random,float32
10,328.874873,293,52430573,51.092,random,float32
10,329.420937,3517,52430573,55.529,random,float32
10,329.955317,6447,52430573,55.453,random,float32
10,330.482154,8670,52430573,54.278,random,float32
10,331.024047,6118,52430573,54.001,random,float32
10,331.561197,5506,52430573,53.887,random,float32
10,332.098777,2421,52430573,52.777,random,float32
10,332.627254,6449,52430573,53.659,random,float32
10,333.171645,4388,52430573,53.173,random,float32
10,333.708977,2931,52430573,53.964,random,float32
10,334.250865,5744,52430573,53.838,random,float32
10,334.783173,8996,52430573,53.112,random,float32
10,335.320660,7256,52430573,53.047,random,float32
10,335.853472,9565,52430573,51.437,random,float32
10,336.396706,3129,52430573,53.117,random,float32
10,336.933022,2863,52430573,54.604,random,float32
10,337.462552,9325,52430573,52.787,random,float32
10,337.992538,6667,52430573,51.304,random,float32
10,338.524611,3797,52430573,52.965,random,float32
10,339.057412,4864,52430573,53.075,random,float32
10,339.594493,9132,52430573,52.257,random,float32
10,340.132156,1712,52430573,54.908,random,float32
10,340.665837,3844,52430573,53.750,random,float32
10,341.199105,6127,52430573,53.455,random,float32
10,341.740367,8594,52430573,53.597,random,float32
10,342.273484,4355,52430573,52.597,random,float32
10,342.805904,3026,52430573,55.573,random,float32
10,343.341962,3628,52430573,54.149,random,float32
10,343.879479,5652,52430573,54.048,random,float32
10,344.436963,7607,52430573,54.343,random,float32
10,345.002605,3959,52430573,59.194,random,float32
10,345.553212,1983,52430573,54.841,random,float32
10,346.115267,826,52430573,56.663,random,float32
10,346.661843,9028,52430573,54.342,random,float32
10,347.203832,6625,52430573,55.338,random,float32
10,347.741771,5255,52430573,52.141,random,float32
10,348.297920,8358,52430573,57.294,random,float32
10,348.863211,2976,52430573,54.622,random,float32
10,349.400802,3683,52430573,54.244,random,float32
10,349.959289,4392,52430573,54.595,random,float32
10,350.509777,9805,52430573,56.734,random,float32
10,351.060232,281,52430573,54.975,random,float32
10,351.607680,8477,52430573,56.840,random,float32
10,352.167785,3728,52430573,56.665,random,float32
10,352.725516,2031,52430573,54.572,random,float32
10,353.272430,8462,52430573,54.547,random,float32
10,353.805450,2202,52430573,52.892,random,float32
10,354.345557,7507,52430573,54.000,random,float32
10,354.873800,2199,52430573,52.834,random,float32
10,355.407662,8558,52430573,53.492,random,float32
10,355.948485,8362,52430573,53.628,random,float32
10,356.490297,6670,52430573,53.530,random,float32
10,357.023720,8947,52430573,53.445,random,float32
10,357.565544,6708,52430573,54.231,random,float32
10,358.106257,9516,52430573,55.066,random,float32
10,358.648402,5145,52430573,53.222,random,float32
10,359.192287,3129,52430573,54.446,random,float32
10,359.728858,1748,52430573,53.665,random,float32
10,360.278738,7001,52430573,54.961,random,float32
10,360.830883,2232,52430573,55.441,random,float32
10,361.376180,937,52430573,53.961,random,float32
10,361.928199,3915,52430573,55.113,random,float32
10,362.474971,1908,52430573,54.121,random,float32
10,363.010008,3221,52430573,53.451,random,float32
10,363.549228,4383,52430573,53.697,random,float32
10,364.090293,8112,52430573,53.596,random,float32
10,364.630560,2559,52430573,54.484,random,float32
10,365.181276,9439,52430573,52.776,random,float32
10,365.717935,9755,52430573,54.735,random,float32
10,366.267589,5417,52430573,52.734,random,float32
10,366.806344,7379,52430573,53.944,random,float32
10,367.362579,3183,52430573,57.425,random,float32
10,367.918253,2914,52430573,54.474,random,float32
10,368.473968,3604,52430573,56.253,random,float32
10,369.035281,3486,52430573,55.004,random,float32
10,369.589211,8783,52430573,56.578,random,float32
10,370.148517,4180,52430573,55.167,random,float32
10,370.697318,1737,52430573,56.386,random,float32
10,371.240787,7185,52430573,54.886,random,float32
10,371.793774,5978,52430573,56.952,random,float32
10,372.351194,6697,52430573,53.276,random,float32
10,372.896051,3254,52430573,53.397,random,float32
10,373.429146,4493,52430573,54.475,random,float32
10,373.975599,3844,52430573,55.338,random,float32
10,374.540211,4118,52430573,54.951,random,float32
10,375.088920,5229,52430573,54.040,random,float32
10,375.635862,8922,52430573,54.865,random,float32
10,376.182506,1515,52430573,56.346,random,float32
10,376.719835,308,52430573,52.608,random,float32
10,377.248144,2537,52430573,54.961,random,float32
10,377.779805,6645,52430573,53.508,random,float32
10,378.318811,3559,52430573,55.151,random,float32
10,378.847142,7820,52430573,50.949,random,float32
10,379.385154,1167,52430573,54.437,random,float32
10,379.912872,9689,52430573,54.025,random,float32
10,380.447519,912,52430573,54.084,random,float32
10,380.981399,6687,52430573,54.005,random,float32
10,381.515925,8423,52430573,47.495,random,float32
10,382.052771,378,52430573,53.094,random,float32
10,382.578956,2621,52430573,51.002,random,float32
10,383.111744,862,52430573,52.780,random,float32
10,383.642494,8919,52430573,53.776,random,float32
10,384.188566,1600,52430573,55.100,random,float32
10,384.729550,5821,52430573,54.371,random,float32
10,385.267198,5991,52430573,55.123,random,float32
10,385.808350,9276,52430573,53.840,random,float32
10,386.355325,9614,52430573,54.322,random,float32
10,386.903538,2238,52430573,54.388,random,float32
10,387.449296,5863,52430573,55.157,random,float32
10,387.989321,966,52430573,53.470,random,float32
10,388.525780,9132,52430573,53.887,random,float32
10,389.063858,4420,52430573,53.992,random,float32
10,389.592593,4631,52430573,52.977,random,float32
10,390.129274,8120,52430573,54.315,random,float32
10,390.666643,8290,52430573,55.434,random,float32
10,391.203376,5505,52430573,54.119,random,float32
10,391.747419,4245,52430573,54.596,random,float32
10,392.274264,3189,52430573,52.414,random,float32
10,392.815903,4709,52430573,52.854,random,float32
10,393.354998,7723,52430573,54.674,random,float32
10,393.894440,3729,52430573,55.011,random,float32
10,394.429373,2612,52430573,53.832,random,float32
10,394.966887,9916,52430573,54.649,random,float32
10,395.500928,4382,52430573,54.913,random,float32
10,396.041738,8226,52430573,52.900,random,float32
10,396.580094,8989,52430573,52.451,random,float32
10,397.110056,6728,52430573,53.160,random,float32
10,397.644683,5889,52430573,53.485,random,float32
10,398.171132,3623,52430573,53.105,random,float32
10,398.706432,1836,52430573,53.524,random,float32
10,399.235676,1701,52430573,51.503,random,float32
10,399.769454,3902,52430573,52.141,random,float32
10,400.304568,316,52430573,50.478,random,float32
10,400.849289,4324,52430573,53.956,random,float32
10,401.383218,7383,52430573,53.713,random,float32
10,401.921676,7466,52430573,55.131,random,float32
10,402.460623,7299,52430573,53.541,random,float32
10,402.998123,7530,52430573,53.819,random,float32
10,403.532523,523,52430573,52.928,random,float32
10,404.072743,5301,52430573,53.198,random,float32
10,404.605227,1437,52430573,53.368,random,float32
10,405.143142,4442,52430573,54.195,random,float32
10,405.681865,9774,52430573,55.065,random,float32
10,406.217911,3532,52430573,51.596,random,float32
10,406.749262,2368,52430573,52.906,random,float32
10,407.279324,3099,52430573,53.521,random,float32
10,407.822459,4431,52430573,53.768,random,float32
10,408.377594,754,52430573,55.436,random,float32
10,408.925123,4259,52430573,55.580,random,float32
10,409.461502,5854,52430573,54.629,random,float32
10,409.990561,2313,52430573,54.535,random,float32
10,410.524251,7036,52430573,54.444,random,float32
10,411.058844,7041,52430573,51.001,random,float32
10,411.589756,773,52430573,54.203,random,float32
10,412.112709,5300,52430573,53.306,random,float32
10,412.640161,7457,52430573,52.750,random,float32
10,413.174822,9811,52430573,52.855,random,float32
10,413.700433,6364,52430573,51.443,random,float32
10,414.223379,7097,52430573,52.099,random,float32
10,414.746958,9175,52430573,53.397,random,float32
10,415.288626,8138,52430573,53.489,random,float32
10,415.824299,3521,52430573,53.149,random,float32
10,416.371562,9075,52430573,54.472,random,float32
10,416.908309,398,52430573,52.287,random,float32
10,417.445606,7552,52430573,54.285,random,float32
10,417.988453,3205,52430573,54.821,random,float32
10,418.537138,44,52430573,54.298,random,float32
10,419.072786,227,52430573,53.168,random,float32
10,419.605323,1268,52430573,48.796,random,float32
10,420.141910,2942,52430573,54.212,random,float32
10,420.685949,1917,52430573,54.948,random,float32
10,421.221686,4740,52430573,54.518,random,float32
10,421.757322,9624,52430573,54.012,random,float32
10,422.290066,1254,52430573,52.402,random,float32
10,422.821220,2120,52430573,53.485,random,float32
10,423.353250,9537,52430573,54.292,random,float32
10,423.889917,8866,52430573,53.109,random,float32
10,424.429416,5815,52430573,54.843,random,float32
10,424.971664,3365,52430573,55.199,random,float32
10,425.519844,9750,52430573,52.864,random,float32
10,426.063988,1726,52430573,54.340,random,float32
10,426.616165,9787,52430573,56.974,random,float32
10,427.163740,7871,52430573,53.484,random,float32
10,427.704155,3242,52430573,53.875,random,float32
10,428.248678,3156,52430573,55.548,random,float32
10,428.794762,2978,52430573,52.500,random,float32
10,429.336646,6898,52430573,54.101,random,float32
10,429.875677,369,52430573,52.655,random,float32
10,430.413510,7279,52430573,52.953,random,float32
10,430.950444,9957,52430573,53.971,random,float32
10,431.479039,8551,52430573,53.340,random,float32
10,432.006382,8926,52430573,53.698,random,float32
10,432.546507,8464,52430573,54.639,random,float32
10,433.077345,5359,52430573,52.901,random,float32
10,433.605882,359,52430573,52.335,random,float32
10,434.146700,9432,52430573,53.941,random,float32
10,434.682690,3395,52430573,52.048,random,float32
10,435.220144,954,52430573,53.777,random,float32
10,435.754058,1091,52430573,53.407,random,float32
10,436.290669,9412,52430573,54.515,random,float32
10,436.824111,6409,52430573,54.219,random,float32
10,437.358870,3474,52430573,52.664,random,float32
10,437.896404,9302,52430573,54.162,random,float32
10,438.430909,9655,52430573,53.721,random,float32
10,438.971552,5082,52430573,53.532,random,float32
10,439.515184,6397,52430573,54.557,random,float32
10,440.050204,6287,52430573,54.146,random,float32
10,440.586083,3808,52430573,53.678,random,float32
10,441.107952,367,52430573,53.455,random,float32
10,441.642692,1952,52430573,55.890,random,float32
10,442.185391,9568,52430573,53.254,random,float32
10,442.718527,4845,52430573,53.416,random,float32
10,443.250431,8118,52430573,53.861,random,float32
10,443.779919,5939,52430573,50.533,random,float32
10,444.305126,3341,52430573,51.065,random,float32
10,444.843022,8983,52430573,53.569,random,float32
10,445.382313,2267,52430573,54.322,random,float32
10,445.917254,9939,52430573,54.600,random,float32
10,446.458081,2462,52430573,54.284,random,float32
10,446.995212,5502,52430573,53.967,random,float32
10,447.526296,4644,52430573,51.694,random,float32
10,448.061024,7402,52430573,52.824,random,float32
10,448.599779,3771,52430573,53.411,random,float32
10,449.136660,9262,52430573,54.306,random,float32
10,449.668663,6983,52430573,53.566,random,float32
10,450.211772,898,52430573,53.542,random,float32
10,450.742658,9177,52430573,53.631,random,float32
10,451.277805,1015,52430573,53.574,random,float32
10,451.816196,6849,52430573,53.670,random,float32
10,452.353595,908,52430573,53.754,random,float32
10,452.895923,6215,52430573,53.733,random,float32
10,453.433416,2225,52430573,53.774,random,float32
10,453.973407,4658,52430573,53.995,random,float32
10,454.516520,9925,52430573,54.570,random,float32
10,455.056393,7297,52430573,54.348,random,float32
10,455.588698,4055,52430573,52.859,random,float32
10,456.122410,2700,52430573,54.326,random,float32
10,456.652639,7688,52430573,53.511,random,float32
10,457.187254,9613,52430573,53.428,random,float32
10,457.728430,6713,52430573,54.729,random,float32
10,458.275569,3573,52430573,52.876,random,float32
10,458.811787,5416,52430573,53.301,random,float32
10,459.336719,9301,52430573,52.610,random,float32
10,459.864012,838,52430573,53.790,random,float32
10,460.396000,7873,52430573,53.716,random,float32
10,460.931258,7387,52430573,52.291,random,float32
10,461.469308,7666,52430573,53.591,random,float32
10,462.001774,412,52430573,53.432,random,float32
10,462.530260,6471,52430573,53.564,random,float32
10,463.060834,9545,52430573,53.724,random,float32
10,463.591995,9008,52430573,52.603,random,float32
10,464.124813,617,52430573,50.748,random,float32
10,464.651044,8601,52430573,54.015,random,float32
10,465.189662,5504,52430573,53.084,random,float32
10,465.722506,5951,52430573,54.619,random,float32
10,466.266982,9734,52430573,54.320,random,float32
10,466.819933,7841,52430573,54.140,random,float32
10,467.358357,6666,52430573,52.537,random,float32
10,467.888658,8720,52430573,53.023,random,float32
10,468.432082,8272,52430573,55.262,random,float32
10,468.986727,8200,52430573,53.429,random,float32
10,469.548733,7162,52430573,54.118,random,float32
10,470.086127,9407,52430573,54.250,random,float32
10,470.624971,9227,52430573,54.872,random,float32
10,471.163881,4371,52430573,53.717,random,float32
10,471.701876,5107,52430573,54.314,random,float32
10,472.239847,2204,52430573,53.412,random,float32
10,472.768724,8755,52430573,49.851,random,float32
10,473.291997,2031,52430573,52.345,random,float32
10,473.821743,3791,52430573,52.988,random,float32
10,474.354690,7149,52430573,53.836,random,float32
10,474.891917,9054,52430573,54.294,random,float32
10,475.437255,1616,52430573,54.227,random,float32
10,475.980265,1646,52430573,53.726,random,float32
10,476.514308,65,52430573,53.741,random,float32
10,477.035885,7310,52430573,52.143,random,float32
10,477.579657,8027,52430573,55.739,random,float32
10,478.109628,1669,52430573,50.806,random,float32
10,478.637742,9315,52430573,52.753,random,float32
10,479.157092,6800,52430573,52.516,random,float32
10,479.686805,8291,52430573,52.417,random,float32
10,480.226896,7089,52430573,53.293,random,float32
10,480.757749,9002,52430573,52.941,random,float32
10,481.285189,5829,52430573,52.775,random,float32
10,481.818862,8967,52430573,53.394,random,float32
10,482.349465,468,52430573,54.071,random,float32
10,482.892912,1600,52430573,55.187,random,float32
10,483.431992,4260,52430573,54.177,random,float32
10,483.978633,8183,52430573,54.453,random,float32
10,484.529856,9498,52430573,53.561,random,float32
10,485.082212,8701,52430573,54.286,random,float32
10,485.641393,8833,52430573,53.506,random,float32
10,486.169908,2157,52430573,54.181,random,float32
10,486.702403,4876,52430573,53.455,random,float32
10,487.232888,5500,52430573,54.827,random,float32
10,487.766700,884,52430573,54.052,random,float32
10,488.303508,2340,52430573,54.797,random,float32
10,488.831488,9599,52430573,52.032,random,float32
10,489.358925,5190,52430573,50.631,random,float32
10,489.879315,3621,52430573,53.767,random,float32
10,490.429196,9994,52430573,56.037,random,float32
10,490.975945,2400,52430573,53.365,random,float32
10,491.513002,8790,52430573,53.969,random,float32
10,492.050709,4175,52430573,55.002,random,float32
10,492.593769,6919,52430573,53.970,random,float32
10,493.129181,6790,52430573,53.628,random,float32
10,493.667359,3517,52430573,54.007,random,float32
10,494.206821,8264,52430573,55.026,random,float32
10,494.748923,8434,52430573,54.223,random,float32
10,495.286243,2680,52430573,51.018,random,float32
10,495.819775,3319,52430573,55.258,random,float32
10,496.361590,3009,52430573,53.358,random,float32
10,496.897951,810,52430573,54.547,random,float32
10,497.436866,7445,52430573,53.455,random,float32
10,497.972911,9916,52430573,53.636,random,float32
10,498.507082,5939,52430573,53.258,random,float32
10,499.037894,2511,52430573,54.466,random,float32
10,499.575221,5158,52430573,53.569,random,float32
10,500.108857,7906,52430573,52.693,random,float32
10,500.642842,435,52430573,51.501,random,float32
10,501.161661,9297,52430573,51.570,random,float32
10,501.699308,948,52430573,54.313,random,float32
10,502.230895,9288,52430573,53.232,random,float32
10,502.763635,1681,52430573,53.691,random,float32
10,503.300124,6005,52430573,54.175,random,float32
10,503.836600,6246,52430573,53.237,random,float32
10,504.371150,7622,52430573,52.726,random,float32
10,504.906964,7787,52430573,54.313,random,float32
10,505.440398,4551,52430573,53.326,random,float32
10,505.979694,8615,52430573,53.446,random,float32
10,506.510517,304,52430573,53.069,random,float32
10,507.050388,255,52430573,54.096,random,float32
10,507.590139,5042,52430573,53.182,random,float32
10,508.127793,3325,52430573,53.123,random,float32
10,508.658014,3074,52430573,54.109,random,float32
10,509.189646,7897,52430573,54.128,random,float32
10,509.723639,9474,52430573,53.565,random,float32
10,510.262315,3333,52430573,54.183,random,float32
10,510.798433,5296,52430573,53.585,random,float32
10,511.330149,4693,52430573,54.676,random,float32
10,511.872645,9196,52430573,54.404,random,float32
10,512.405063,3565,52430573,52.863,random,float32
10,512.937485,5577,52430573,52.754,random,float32
10,513.482964,678,52430573,52.478,random,float32
10,514.015373,4066,52430573,53.085,random,float32
10,514.553309,9384,52430573,54.066,random,float32
10,515.092691,8209,52430573,52.007,random,float32
10,515.631545,7060,52430573,52.915,random,float32
10,516.171291,6496,52430573,56.229,random,float32
10,516.712612,8754,52430573,55.545,random,float32
10,517.258226,6968,52430573,54.506,random,float32
10,517.788031,233,52430573,52.597,random,float32
10,518.323011,7539,52430573,54.552,random,float32
10,518.861800,4848,52430573,54.241,random,float32
10,519.395542,412,52430573,54.169,random,float32
10,519.923199,198,52430573,52.767,random,float32
10,520.448149,5792,52430573,52.104,random,float32
10,520.973530,2896,52430573,52.097,random,float32
10,521.510028,923,52430573,53.019,random,float32
10,522.036031,8423,52430573,47.959,random,float32
10,522.580911,1474,52430573,54.059,random,float32
10,523.126895,6018,52430573,54.867,random,float32
10,523.667159,7089,52430573,53.516,random,float32
10,524.199536,5559,52430573,53.141,random,float32
10,524.731854,6052,52430573,52.140,random,float32
10,525.268231,5976,52430573,53.515,random,float32
10,525.802870,6543,52430573,53.225,random,float32
10,526.324729,9390,52430573,51.039,random,float32
10,526.857258,6753,52430573,53.096,random,float32
10,527.388400,3663,52430573,54.173,random,float32
10,527.917129,6734,52430573,52.166,random,float32
10,528.455891,6100,52430573,53.813,random,float32
10,528.987319,3019,52430573,53.286,random,float32
10,529.521777,6301,52430573,55.509,random,float32
10,530.058481,5676,52430573,55.013,random,float32
10,530.580748,2467,52430573,51.907,random,float32
10,531.110219,6937,52430573,54.456,random,float32
10,531.647114,1183,52430573,53.492,random,float32
10,532.180223,5146,52430573,52.858,random,float32
10,532.713539,9355,52430573,55.489,random,float32
10,533.251277,8702,52430573,53.619,random,float32
10,533.790567,5646,52430573,54.300,random,float32
10,534.328495,8323,52430573,54.174,random,float32
10,534.867516,3683,52430573,54.695,random,float32
10,535.397749,3544,52430573,52.104,random,float32
10,535.918018,7434,52430573,52.142,random,float32
10,536.454225,1083,52430573,55.273,random,float32
10,536.993370,7763,52430573,52.901,random,float32
10,537.536736,4135,52430573,54.781,random,float32
10,538.074157,5246,52430573,54.214,random,float32
10,538.611115,547,52430573,53.078,random,float32
10,539.141538,2626,52430573,53.561,random,float32
10,539.667639,672,52430573,52.892,random,float32
10,540.201386,567,52430573,52.607,random,float32
10,540.742358,8323,52430573,55.034,random,float32
10,541.276289,6715,52430573,52.656,random,float32
10,541.809018,1238,52430573,53.550,random,float32
10,542.343672,2874,52430573,53.463,random,float32
10,542.875557,9437,52430573,52.599,random,float32
10,543.414946,1373,52430573,54.243,random,float32
10,543.950476,8027,52430573,54.721,random,float32
10,544.484193,2009,52430573,52.993,random,float32
10,545.020495,7126,52430573,51.301,random,float32
10,545.559489,8891,52430573,52.091,random,float32
10,546.105063,688,52430573,54.376,random,float32
10,546.634530,1466,52430573,51.370,random,float32
10,547.156688,586,52430573,53.444,random,float32
10,547.695569,1460,52430573,54.280,random,float32
10,548.227116,1523,52430573,54.268,random,float32
10,548.756456,1167,52430573,56.221,random,float32
10,549.293602,9217,52430573,54.648,random,float32
10,549.816044,7542,52430573,55.791,random,float32
10,550.355148,9368,52430573,54.399,random,float32
10,550.889885,7419,52430573,53.315,random,float32
10,551.424870,8628,52430573,55.212,random,float32
10,551.963856,8304,52430573,53.962,random,float32
10,552.499291,2795,52430573,52.977,random,float32
10,553.034812,2063,52430573,52.306,random,float32
10,553.572398,8979,52430573,52.690,random,float32
10,554.111728,5808,52430573,54.666,random,float32
10,554.647750,1135,52430573,52.273,random,float32
10,555.186912,8502,52430573,53.634,random,float32
10,555.728769,579,52430573,55.663,random,float32
10,556.270265,6816,52430573,54.187,random,float32
10,556.793755,6677,52430573,52.647,random,float32
10,557.318693,8932,52430573,53.529,random,float32
10,557.853683,8087,52430573,53.181,random,float32
10,558.395029,9821,52430573,54.521,random,float32
10,558.932512,6927,52430573,53.639,random,float32
10,559.466195,1043,52430573,52.967,random,float32
10,559.998117,6972,52430573,53.252,random,float32
10,560.537300,9144,52430573,53.976,random,float32
10,561.079838,9383,52430573,53.858,random,float32
10,561.615326,5351,52430573,54.362,random,float32
10,562.148290,2756,52430573,50.551,random,float32
10,562.689646,2432,52430573,55.865,random,float32
10,563.227972,7757,52430573,54.557,random,float32
10,563.760384,9399,52430573,52.658,random,float32
10,564.296582,6133,52430573,53.397,random,float32
10,564.832438,5251,52430573,50.500,random,float32
10,565.361741,7424,52430573,52.489,random,float32
10,565.906498,999,52430573,56.772,random,float32
10,566.428968,3583,52430573,51.413,random,float32
10,566.960350,1944,52430573,52.806,random,float32
10,567.495056,4997,52430573,51.934,random,float32
10,568.024075,5079,52430573,52.962,random,float32
10,568.551179,4499,52430573,53.277,random,float32
10,569.081216,7519,52430573,52.984,random,float32
10,569.616682,1371,52430573,52.378,random,float32
10,570.159581,4196,52430573,56.150,random,float32
10,570.711869,2138,52430573,55.438,random,float32
10,571.251551,4921,52430573,54.323,random,float32
10,571.795270,1913,52430573,54.940,random,float32
10,572.332730,6503,52430573,56.144,random,float32
10,572.859357,2528,52430573,52.566,random,float32
10,573.391955,1686,52430573,54.129,random,float32
10,573.926644,7232,52430573,51.620,random,float32
10,574.453657,8795,52430573,53.505,random,float32
10,574.978223,1572,52430573,51.733,random,float32
10,575.501254,3535,52430573,53.109,random,float32
10,576.031490,1421,52430573,54.747,random,float32
10,576.568579,2393,52430573,54.619,random,float32
10,577.104869,8133,52430573,54.429,random,float32
10,577.644535,8815,52430573,54.318,random,float32
10,578.180835,9143,52430573,53.188,random,float32
10,578.712786,1450,52430573,53.427,random,float32
10,579.253368,4211,52430573,53.514,random,float32
10,579.786864,666,52430573,52.245,random,float32
10,580.313394,6464,52430573,52.988,random,float32
10,580.836531,5573,52430573,52.288,random,float32
10,581.363050,1153,52430573,51.515,random,float32
10,581.890529,4087,52430573,53.149,random,float32
10,582.420920,4870,52430573,52.600,random,float32
10,582.955219,4166,52430573,53.744,random,float32
10,583.487926,9414,52430573,54.403,random,float32
10,584.023480,9015,52430573,52.948,random,float32
10,584.551261,8893,52430573,50.999,random,float32
10,585.080645,5379,52430573,53.037,random,float32
10,585.612549,6146,52430573,53.271,random,float32
10,586.146909,3859,52430573,53.199,random,float32
10,586.681780,114,52430573,54.937,random,float32
10,587.218720,7963,52430573,53.364,random,float32
10,587.751823,6412,52430573,54.004,random,float32
10,588.298321,5577,52430573,56.336,random,float32
10,588.846765,4489,52430573,54.417,random,float32
10,589.398018,9287,52430573,56.354,random,float32
10,589.948870,2558,52430573,54.367,random,float32
10,590.488136,6419,52430573,55.100,random,float32
10,591.019678,4824,52430573,53.681,random,float32
10,591.556596,1064,52430573,53.202,random,float32
10,592.086756,5148,52430573,53.078,random,float32
10,592.611040,6030,52430573,52.615,random,float32
10,593.138371,1164,52430573,52.846,random,float32
10,593.677070,1699,52430573,54.010,random,float32
10,594.211813,1995,52430573,52.393,random,float32
10,594.749801,6616,52430573,55.681,random,float32
10,595.294786,464,52430573,54.373,random,float32
10,595.832355,9895,52430573,52.211,random,float32
10,596.372784,7743,52430573,55.096,random,float32
10,596.913366,2196,52430573,53.020,random,float32
10,597.451563,4987,52430573,53.060,random,float32
10,597.984229,8952,52430573,53.474,random,float32
10,598.521537,7048,52430573,46.524,random,float32
10,599.060945,3321,52430573,54.026,random,float32
10,599.607523,5231,52430573,53.109,random,float32
10,600.135933,6389,52430573,52.565,random,float32
10,600.673828,8131,52430573,53.409,random,float32
10,601.204969,2838,52430573,52.254,random,float32
10,601.745458,43,52430573,53.944,random,float32
10,602.285145,2881,52430573,55.085,random,float32
10,602.827621,2627,52430573,53.377,random,float32
10,603.362760,4162,52430573,52.129,random,float32
10,603.886811,4441,52430573,50.288,random,float32
10,604.420206,8009,52430573,54.796,random,float32
10,604.952933,5684,52430573,54.027,random,float32
10,605.488692,1708,52430573,53.091,random,float32
10,606.024158,7038,52430573,52.842,random,float32
10,606.547856,6045,52430573,53.141,random,float32
10,607.073984,8236,52430573,53.544,random,float32
10,607.605986,6223,52430573,53.883,random,float32
10,608.140905,8932,52430573,51.029,random,float32
10,608.679486,7193,52430573,52.287,random,float32
10,609.212574,4727,52430573,53.246,random,float32
10,609.746532,2580,52430573,51.593,random,float32
10,610.271112,2932,52430573,51.806,random,float32
10,610.810350,1058,52430573,52.818,random,float32
10,611.342751,777,52430573,54.894,random,float32
10,611.873261,5949,52430573,51.884,random,float32
10,612.395544,584,52430573,52.988,random,float32
10,612.924375,8086,52430573,51.318,random,float32
10,613.459225,9970,52430573,55.063,random,float32
10,613.982258,4990,52430573,53.845,random,float32
10,614.520524,4237,52430573,54.996,random,float32
10,615.049437,5085,52430573,52.798,random,float32
10,615.576662,9032,52430573,53.704,random,float32
10,616.107478,4155,52430573,52.993,random,float32
10,616.636815,7138,52430573,53.143,random,float32
10,617.168122,4682,52430573,52.358,random,float32
10,617.697167,8130,52430573,52.669,random,float32
10,618.221989,757,52430573,50.344,random,float32
10,618.754735,3080,52430573,53.672,random,float32
10,619.282554,8409,52430573,52.674,random,float32
10,619.806566,1829,52430573,51.416,random,float32
10,620.332987,3668,52430573,54.234,random,float32
10,620.879666,3233,52430573,56.067,random,float32
10,621.430255,9649,52430573,53.680,random,float32
10,621.959974,4208,52430573,52.119,random,float32
10,622.490328,6294,52430573,52.999,random,float32
10,623.013553,1301,52430573,52.436,random,float32
10,623.541817,6108,52430573,53.164,random,float32
10,624.081317,7426,52430573,51.315,random,float32
10,624.615522,6033,52430573,52.842,random,float32
10,625.138651,9260,52430573,53.864,random,float32
10,625.669624,3010,52430573,45.735,random,float32
10,626.199450,3547,52430573,53.182,random,float32
10,626.731069,7107,52430573,54.834,random,float32
10,627.282345,1820,52430573,53.917,random,float32
10,627.820900,4902,52430573,55.267,random,float32
10,628.375067,5968,52430573,53.962,random,float32
10,628.923286,6599,52430573,54.817,random,float32
10,629.479475,215,52430573,55.296,random,float32
10,630.020377,3146,52430573,54.207,random,float32
10,630.559725,6792,52430573,53.590,random,float32
10,631.110259,5149,52430573,55.067,random,float32
10,631.663834,9857,52430573,53.819,random,float32
10,632.218518,4301,52430573,55.409,random,float32
10,632.764181,8882,52430573,54.394,random,float32
10,633.305334,7191,52430573,52.491,random,float32
10,633.847425,211,52430573,55.561,random,float32
10,634.393125,7460,52430573,54.809,random,float32
10,634.935403,425,52430573,52.132,random,float32
10,635.459544,6108,52430573,50.271,random,float32
10,636.005521,537,52430573,53.910,random,float32
10,636.536249,4956,52430573,51.403,random,float32
10,637.071912,7082,52430573,54.530,random,float32
10,637.616832,9794,52430573,62.296,random,float32
10,638.151210,931,52430573,52.933,random,float32
10,638.683036,7950,52430573,55.332,random,float32
10,639.217095,3420,52430573,53.254,random,float32
10,639.752327,2213,52430573,53.813,random,float32
10,640.283924,6255,52430573,54.228,random,float32
10,640.835153,993,52430573,59.306,random,float32
10,641.373968,5109,52430573,52.924,random,float32
10,641.912471,9848,52430573,54.440,random,float32
10,642.459263,8480,52430573,54.938,random,float32
10,643.013690,9799,52430573,55.806,random,float32
10,643.554904,4774,52430573,54.845,random,float32
10,644.094712,4023,52430573,54.060,random,float32
10,644.638032,2762,52430573,54.793,random,float32
10,645.180291,7275,52430573,53.034,random,float32
10,645.709857,2905,52430573,50.985,random,float32
10,646.233166,4269,52430573,51.377,random,float32
10,646.759212,7642,52430573,52.951,random,float32
10,647.298975,7531,52430573,54.724,random,float32
10,647.831235,2329,52430573,54.209,random,float32
10,648.364016,3877,52430573,52.272,random,float32
10,648.887563,6043,52430573,53.443,random,float32
10,649.414788,6234,52430573,53.046,random,float32
10,649.947843,6110,52430573,53.800,random,float32
10,650.477126,3340,52430573,56.743,random,float32
10,651.008524,9255,52430573,52.171,random,float32
10,651.539414,8758,52430573,54.206,random,float32
10,652.079553,196,52430573,54.054,random,float32
10,652.615034,9116,52430573,53.630,random,float32
10,653.143132,9846,52430573,48.927,random,float32
10,653.684770,4385,52430573,54.885,random,float32
10,654.222270,5315,52430573,52.853,random,float32
10,654.750257,974,52430573,52.836,random,float32
10,655.278179,8393,52430573,52.788,random,float32
10,655.814619,2683,52430573,52.363,random,float32
10,656.359960,8983,52430573,54.703,random,float32
10,656.900867,4261,52430573,54.154,random,float32
10,657.446325,9905,52430573,54.361,random,float32
10,657.993666,1085,52430573,55.131,random,float32
10,658.541609,4930,52430573,52.992,random,float32
10,659.072515,7396,52430573,53.257,random,float32
10,659.602007,3999,52430573,52.200,random,float32
10,660.129822,1602,52430573,53.475,random,float32
10,660.660966,6843,52430573,53.225,random,float32
10,661.189616,2514,52430573,52.701,random,float32
10,661.722958,3924,52430573,53.142,random,float32
10,662.252419,4460,52430573,52.904,random,float32
10,662.779684,2416,52430573,52.660,random,float32
10,663.311101,9448,52430573,52.930,random,float32
10,663.842657,1569,52430573,52.969,random,float32
10,664.373206,895,52430573,53.593,random,float32
10,664.907079,8126,52430573,54.187,random,float32
10,665.437014,3811,52430573,52.612,random,float32
10,665.968504,1753,52430573,53.390,random,float32
10,666.498650,9139,52430573,53.558,random,float32
10,667.036489,6285,52430573,54.676,random,float32
10,667.587970,3555,52430573,54.962,random,float32
10,668.146717,2977,52430573,53.290,random,float32
10,668.683894,4324,52430573,52.891,random,float32
10,669.230248,9493,52430573,56.537,random,float32
10,669.786705,3470,52430573,51.929,random,float32
10,670.324818,2506,52430573,55.338,random,float32
10,670.870281,6545,52430573,54.599,random,float32
10,671.408708,4569,52430573,53.313,random,float32
10,671.961603,6172,52430573,53.851,random,float32
10,672.497881,2314,52430573,53.659,random,float32
10,673.030391,4664,52430573,53.606,random,float32
10,673.568252,483,52430573,53.547,random,float32
10,674.124087,9068,52430573,57.532,random,float32
10,674.673323,8632,52430573,54.064,random,float32
10,675.204407,6755,52430573,53.295,random,float32
10,675.738525,4917,52430573,53.175,random,float32
10,676.266334,888,52430573,52.621,random,float32
10,676.791349,577,52430573,52.097,random,float32
10,677.326724,2929,52430573,54.355,random,float32
10,677.879731,7494,52430573,55.539,random,float32
10,678.420248,673,52430573,54.111,random,float32
10,678.971381,2119,52430573,54.027,random,float32
10,679.510473,6842,52430573,53.705,random,float32
10,680.066679,3055,52430573,54.935,random,float32
10,680.617941,6176,52430573,52.874,random,float32
10,681.143231,6486,52430573,53.365,random,float32
10,681.679839,2524,52430573,55.794,random,float32
10,682.231275,4265,52430573,54.842,random,float32
10,682.780917,6563,52430573,55.333,random,float32
10,683.335012,627,52430573,54.188,random,float32
10,683.873900,5523,52430573,52.980,random,float32
10,684.416656,7458,52430573,54.139,random,float32
10,684.956925,2431,52430573,55.049,random,float32
10,685.495626,9068,52430573,53.862,random,float32
10,686.033102,6471,52430573,52.921,random,float32
10,686.578519,6108,52430573,52.810,random,float32
10,687.110143,1917,52430573,54.547,random,float32
10,687.644926,6633,52430573,53.720,random,float32
10,688.175946,2482,52430573,52.428,random,float32
10,688.702815,4724,52430573,52.339,random,float32
10,689.233436,3277,52430573,52.934,random,float32
10,689.765899,5044,52430573,53.390,random,float32
10,690.298664,8468,52430573,53.676,random,float32
10,690.834467,8853,52430573,54.918,random,float32
10,691.371244,8353,52430573,53.550,random,float32
10,691.903834,76,52430573,52.378,random,float32
10,692.436780,423,52430573,53.367,random,float32
10,692.976219,5097,52430573,53.848,random,float32
10,693.510676,1093,52430573,52.491,random,float32
10,694.042294,1337,52430573,52.108,random,float32
10,694.572595,3641,52430573,52.891,random,float32
10,695.105615,6464,52430573,54.624,random,float32
10,695.639262,1168,52430573,52.826,random,float32
10,696.180298,3333,52430573,54.039,random,float32
10,696.716777,8471,52430573,54.021,random,float32
10,697.264930,2254,52430573,55.804,random,float32
10,697.815655,2346,52430573,53.618,random,float32
10,698.350074,4826,52430573,53.578,random,float32
10,698.890020,6895,52430573,53.276,random,float32
10,699.422728,4319,52430573,53.753,random,float32
10,699.958011,1164,52430573,53.473,random,float32
10,700.489661,54,52430573,54.996,random,float32
10,701.023626,109,52430573,52.666,random,float32
10,701.561044,4395,52430573,54.506,random,float32
10,702.098395,8238,52430573,53.831,random,float32
10,702.632246,8225,52430573,52.468,random,float32
10,703.158902,7036,52430573,52.769,random,float32
10,703.693791,7953,52430573,52.683,random,float32
10,704.230469,9381,52430573,53.510,random,float32
10,704.761535,4196,52430573,52.158,random,float32
10,705.293517,9893,52430573,52.769,random,float32
10,705.831064,385,52430573,53.985,random,float32
10,706.388844,4634,52430573,55.738,random,float32
10,706.933919,4582,52430573,54.869,random,float32
10,707.471326,6400,52430573,53.157,random,float32
10,708.003708,1741,52430573,52.030,random,float32
10,708.536569,5067,52430573,54.005,random,float32
10,709.066028,4724,52430573,53.135,random,float32
10,709.600524,3624,52430573,54.499,random,float32
10,710.137150,6305,52430573,53.765,random,float32
10,710.663375,4700,52430573,51.534,random,float32
10,711.193214,7848,52430573,53.247,random,float32
10,711.757920,5977,52430573,57.138,random,float32
10,712.294468,4013,52430573,55.328,random,float32
10,712.834806,3363,52430573,53.837,random,float32
10,713.368231,1205,52430573,53.653,random,float32
10,713.911937,9043,52430573,53.279,random,float32
10,714.449650,4855,52430573,52.914,random,float32
10,714.984708,5288,52430573,51.174,random,float32
10,715.511179,3687,52430573,53.347,random,float32
10,716.063693,9536,52430573,54.645,random,float32
10,716.613479,6536,52430573,54.077,random,float32
10,717.158535,9261,52430573,54.905,random,float32
10,717.698753,9340,52430573,52.756,random,float32
10,718.243046,6802,52430573,55.540,random,float32
10,718.777875,2048,52430573,53.968,random,float32
10,719.323584,8222,52430573,54.852,random,float32
10,719.864902,3761,52430573,54.843,random,float32
10,720.398857,1087,52430573,54.735,random,float32
10,720.955331,707,52430573,53.824,random,float32
10,721.495361,9146,52430573,56.381,random,float32
10,722.043537,8487,52430573,53.399,random,float32
10,722.578120,3311,52430573,55.199,random,float32
10,723.115812,1875,52430573,53.775,random,float32
10,723.646742,826,52430573,53.435,random,float32
10,724.175751,3562,52430573,51.568,random,float32
10,724.709514,9622,52430573,53.884,random,float32
10,725.256480,3273,52430573,53.911,random,float32
10,725.812526,6708,52430573,52.931,random,float32
10,726.352763,8954,52430573,53.067,random,float32
10,726.893024,7959,52430573,53.790,random,float32
10,727.430590,5358,52430573,51.812,random,float32
10,727.968257,5987,52430573,53.481,random,float32
10,728.508120,6508,52430573,54.504,random,float32
10,729.044551,9922,52430573,53.225,random,float32
10,729.581862,9853,52430573,54.169,random,float32
10,730.117909,2276,52430573,53.112,random,float32
10,730.652477,219,52430573,53.125,random,float32
10,731.185557,3963,52430573,53.606,random,float32
10,731.724587,2095,52430573,53.885,random,float32
10,732.270984,1206,52430573,55.304,random,float32
10,732.820455,3733,52430573,54.031,random,float32
10,733.351380,1793,52430573,53.243,random,float32
10,733.891475,3994,52430573,53.259,random,float32
10,734.433482,8506,52430573,55.621,random,float32
10,734.978119,6453,52430573,54.363,random,float32
10,735.519137,2463,52430573,54.550,random,float32
10,736.067273,3858,52430573,52.574,random,float32
10,736.613888,867,52430573,54.261,random,float32
10,737.156004,4229,52430573,54.597,random,float32
10,737.693190,1952,52430573,54.540,random,float32
10,738.228768,7700,52430573,54.443,random,float32
10,738.763503,5570,52430573,52.604,random,float32
10,739.298279,1494,52430573,54.316,random,float32
10,739.840244,4699,52430573,53.990,random,float32
10,740.376299,6905,52430573,53.256,random,float32
10,740.904703,3135,52430573,53.625,random,float32
10,741.437121,1296,52430573,52.807,random,float32
10,741.983018,9308,52430573,55.056,random,float32
10,742.528794,9263,52430573,54.647,random,float32
10,743.069507,1413,52430573,53.415,random,float32
10,743.608708,4785,52430573,53.970,random,float32
10,744.159703,1848,52430573,54.313,random,float32
10,744.698182,3481,52430573,50.658,random,float32
10,745.236181,9002,52430573,53.964,random,float32
10,745.776029,2211,52430573,54.479,random,float32
10,746.313578,9935,52430573,54.402,random,float32
10,746.845586,2954,52430573,54.397,random,float32
10,747.380034,315,52430573,53.598,random,float32
10,747.915233,2416,52430573,52.516,random,float32
10,748.452693,7673,52430573,54.107,random,float32
10,748.985652,877,52430573,51.937,random,float32
10,749.521374,2358,52430573,53.472,random,float32
10,750.047635,9533,52430573,53.181,random,float32
10,750.583564,7869,52430573,53.455,random,float32
10,751.119858,6398,52430573,53.755,random,float32
10,751.654159,3102,52430573,52.115,random,float32
10,752.181593,478,52430573,53.049,random,float32
10,752.717556,6428,52430573,54.189,random,float32
10,753.253367,5500,52430573,54.274,random,float32
10,753.784008,4789,52430573,52.473,random,float32
10,754.333606,2520,52430573,54.096,random,float32
10,754.863791,6353,52430573,53.497,random,float32
10,755.398651,5884,52430573,53.889,random,float32
10,755.937499,5326,52430573,55.095,random,float32
10,756.472489,5374,52430573,53.586,random,float32
10,757.006254,6569,52430573,54.323,random,float32
10,757.540626,3392,52430573,53.925,random,float32
10,758.076650,1143,52430573,53.162,random,float32
10,758.616626,1822,52430573,53.578,random,float32
10,759.142998,3090,52430573,53.169,random,float32
10,759.677662,6103,52430573,54.317,random,float32
10,760.207538,1146,52430573,52.454,random,float32
10,760.745660,71,52430573,53.719,random,float32
10,761.283671,7997,52430573,54.041,random,float32
10,761.822099,3055,52430573,53.540,random,float32
10,762.356827,8537,52430573,52.201,random,float32
10,762.893073,2994,52430573,54.092,random,float32
10,763.432970,6003,52430573,54.691,random,float32
10,763.972174,5484,52430573,54.531,random,float32
10,764.519124,5495,52430573,55.130,random,float32
10,765.070933,9348,52430573,53.946,random,float32
10,765.617061,985,52430573,54.044,random,float32
10,766.165859,9791,52430573,55.502,random,float32
10,766.707088,3951,52430573,52.564,random,float32
10,767.240349,8800,52430573,52.635,random,float32
10,767.778048,5493,52430573,53.842,random,float32
10,768.323226,735,52430573,53.752,random,float32
10,768.878225,8747,52430573,59.734,random,float32
10,769.414931,8279,52430573,47.666,random,float32
10,769.945857,7305,52430573,53.864,random,float32
10,770.473152,8323,52430573,53.778,random,float32
10,771.001986,383,52430573,52.593,random,float32
10,771.535917,4288,52430573,54.059,random,float32
10,772.077452,1964,52430573,53.959,random,float32
10,772.619324,1585,52430573,53.108,random,float32
10,773.155250,1543,52430573,52.927,random,float32
10,773.690797,8288,52430573,53.181,random,float32
10,774.224010,1117,52430573,52.984,random,float32
10,774.764919,5389,52430573,54.558,random,float32
10,775.303765,3184,52430573,53.393,random,float32
10,775.840324,7264,52430573,53.518,random,float32
10,776.395717,5388,52430573,54.153,random,float32
10,776.941077,3617,52430573,54.670,random,float32
10,777.486400,3975,52430573,54.690,random,float32
10,778.030928,1063,52430573,54.519,random,float32
10,778.573789,9692,52430573,53.367,random,float32
10,779.113172,2469,52430573,54.415,random,float32
10,779.668283,5951,52430573,53.469,random,float32
10,780.209817,5589,52430573,55.245,random,float32
10,780.745975,3758,52430573,53.438,random,float32
10,781.279409,1833,52430573,53.964,random,float32
10,781.819024,6957,52430573,54.377,random,float32
10,782.359810,5352,52430573,53.373,random,float32
10,782.895574,6185,52430573,54.697,random,float32
10,783.439788,1171,52430573,54.409,random,float32
10,783.976107,1225,52430573,52.598,random,float32
10,784.506910,3496,52430573,52.046,random,float32
10,785.042876,7791,52430573,52.060,random,float32
10,785.581582,7085,52430573,53.085,random,float32
10,786.120573,4645,52430573,54.232,random,float32
10,786.665469,2066,52430573,55.165,random,float32
10,787.206599,4263,52430573,53.691,random,float32
10,787.745059,2472,52430573,54.406,random,float32
10,788.284734,6849,52430573,54.135,random,float32
10,788.814783,4771,52430573,50.717,random,float32
10,789.345826,3792,52430573,54.787,random,float32
10,789.886456,597,52430573,56.317,random,float32
10,790.425575,4548,52430573,58.207,random,float32
10,790.962114,1990,52430573,54.639,random,float32
10,791.499240,6509,52430573,54.861,random,float32
10,792.037729,8439,52430573,53.506,random,float32
10,792.572616,9430,52430573,53.280,random,float32
10,793.112848,3899,52430573,53.896,random,float32
10,793.645634,2047,52430573,53.087,random,float32
10,794.181921,4448,52430573,53.891,random,float32
10,794.715257,5905,52430573,53.429,random,float32
10,795.244403,9936,52430573,51.813,random,float32
10,795.775193,6693,52430573,52.954,random,float32
10,796.316102,377,52430573,55.150,random,float32
10,796.853279,5583,52430573,52.472,random,float32
10,797.384529,7414,52430573,53.431,random,float32
10,797.910810,9049,52430573,49.447,random,float32
10,798.453240,7844,52430573,53.833,random,float32
10,798.991290,2370,52430573,53.635,random,float32
10,799.529672,6409,52430573,53.213,random,float32
10,800.063257,4924,52430573,55.733,random,float32
10,800.603204,9798,52430573,55.225,random,float32
10,801.142502,2823,52430573,54.464,random,float32
10,801.682228,9190,52430573,54.443,random,float32
10,802.217327,7271,52430573,53.795,random,float32
10,802.774543,6984,52430573,55.643,random,float32
10,803.323730,6770,52430573,54.435,random,float32
10,803.867085,2953,52430573,53.785,random,float32
10,804.417042,240,52430573,55.069,random,float32
10,804.954580,6614,52430573,52.695,random,float32
10,805.484632,75,52430573,52.883,random,float32
10,806.024757,3990,52430573,55.096,random,float32
10,806.563016,5673,52430573,53.425,random,float32
10,807.106980,6735,52430573,54.594,random,float32
10,807.648524,8003,52430573,54.410,random,float32
10,808.191511,2557,52430573,53.052,random,float32
10,808.728710,58,52430573,53.023,random,float32
10,809.267973,6901,52430573,55.247,random,float32
10,809.804256,6792,52430573,52.764,random,float32
10,810.330960,2614,52430573,53.613,random,float32
10,810.872520,8008,52430573,53.750,random,float32
10,811.416296,5390,52430573,54.257,random,float32
10,811.970110,8256,52430573,54.477,random,float32
10,812.508521,2217,52430573,53.776,random,float32
10,813.045364,7399,52430573,52.131,random,float32
10,813.571625,3612,52430573,50.604,random,float32
10,814.114104,4950,52430573,54.967,random,float32
10,814.643143,5473,52430573,53.020,random,float32
10,815.177358,7476,52430573,53.184,random,float32
10,815.711385,1719,52430573,51.820,random,float32
10,816.249281,4469,52430573,53.759,random,float32
10,816.792066,5187,52430573,58.901,random,float32
10,817.349962,8315,52430573,55.566,random,float32
10,817.890370,661,52430573,53.688,random,float32
10,818.432332,4106,52430573,53.758,random,float32
10,818.969611,5172,52430573,52.517,random,float32
10,819.513499,1386,52430573,55.006,random,float32
10,820.053585,882,52430573,53.938,random,float32
10,820.592076,2704,52430573,55.452,random,float32
10,821.130640,7325,52430573,53.992,random,float32
10,821.657720,3605,52430573,52.321,random,float32
10,822.187147,9614,52430573,52.704,random,float32
10,822.722014,7236,52430573,53.700,random,float32
10,823.258288,3616,52430573,54.489,random,float32
10,823.820759,1129,52430573,56.892,random,float32
10,824.368781,1248,52430573,54.851,random,float32
10,824.912832,2542,52430573,55.632,random,float32
10,825.461021,3942,52430573,54.280,random,float32
10,826.012641,7964,52430573,56.764,random,float32
10,826.566247,6088,52430573,52.933,random,float32
10,827.101663,7457,52430573,54.250,random,float32
10,827.629985,8617,52430573,52.234,random,float32
10,828.164464,2378,52430573,53.442,random,float32
10,828.694861,4256,52430573,52.994,random,float32
10,829.229766,5238,52430573,52.372,random,float32
10,829.759623,2106,52430573,52.738,random,float32
10,830.290471,9588,52430573,52.865,random,float32
10,830.820417,8779,52430573,53.987,random,float32
10,831.358291,2200,52430573,53.314,random,float32
10,831.892834,2448,52430573,52.771,random,float32
10,832.425958,5075,52430573,53.926,random,float32
10,832.970924,6463,52430573,53.713,random,float32
10,833.503784,6968,52430573,52.093,random,float32
10,834.039603,7363,52430573,52.337,random,float32
10,834.577267,1400,52430573,53.846,random,float32
10,835.115278,9384,52430573,54.492,random,float32
10,835.652180,9288,52430573,53.764,random,float32
10,836.203044,7011,52430573,55.095,random,float32
10,836.750292,4291,52430573,53.240,random,float32
10,837.289744,4423,52430573,53.604,random,float32
10,837.829442,2321,52430573,54.136,random,float32
10,838.364109,2736,52430573,53.536,random,float32
10,838.901020,4734,52430573,54.351,random,float32
10,839.445225,8986,52430573,55.175,random,float32
10,839.994301,9608,52430573,54.940,random,float32
10,840.534535,713,52430573,53.200,random,float32
10,841.063592,8250,52430573,51.968,random,float32
10,841.596924,828,52430573,54.042,random,float32
10,842.127162,963,52430573,52.844,random,float32
10,842.656195,3355,52430573,53.038,random,float32
10,843.180508,7296,52430573,53.181,random,float32
10,843.715490,917,52430573,54.372,random,float32
10,844.252561,5766,52430573,53.195,random,float32
10,844.787766,867,52430573,53.346,random,float32
10,845.320388,7301,52430573,53.704,random,float32
10,845.850516,6145,52430573,53.142,random,float32
10,846.381050,3189,52430573,52.324,random,float32
10,846.902926,8428,52430573,52.338,random,float32
10,847.434638,4874,52430573,53.865,random,float32
10,847.980288,8404,52430573,55.032,random,float32
10,848.518003,5273,52430573,52.874,random,float32
10,849.057432,598,52430573,53.401,random,float32
10,849.608790,9350,52430573,55.443,random,float32
10,850.176834,3356,52430573,56.626,random,float32
10,850.730869,1280,52430573,54.954,random,float32
10,851.270452,1643,52430573,54.774,random,float32
10,851.806405,9216,52430573,54.712,random,float32
10,852.341724,8715,52430573,53.185,random,float32
10,852.888319,1504,52430573,55.294,random,float32
10,853.425594,4192,52430573,53.761,random,float32
10,853.960260,1548,52430573,49.669,random,float32
10,854.497860,3531,52430573,54.165,random,float32
10,855.031587,2515,52430573,51.627,random,float32
10,855.566743,1554,52430573,53.829,random,float32
10,856.095380,5143,52430573,52.895,random,float32
10,856.632736,3417,52430573,53.617,random,float32
10,857.166598,7954,52430573,53.161,random,float32
10,857.699312,7056,52430573,54.122,random,float32
10,858.238098,8280,52430573,55.644,random,float32
10,858.774893,741,52430573,53.418,random,float32
10,859.317970,513,52430573,55.572,random,float32
10,859.851350,750,52430573,53.621,random,float32
10,860.382239,7499,52430573,53.396,random,float32
10,860.921414,8927,52430573,53.681,random,float32
10,861.459192,241,52430573,53.759,random,float32
10,861.998560,8289,52430573,53.208,random,float32
10,862.522414,2029,52430573,51.365,random,float32
10,863.052407,4262,52430573,52.741,random,float32
10,863.583933,503,52430573,52.408,random,float32
10,864.118029,443,52430573,53.256,random,float32
10,864.648188,1086,52430573,52.870,random,float32
10,865.178423,7805,52430573,51.681,random,float32
10,865.707182,4553,52430573,54.227,random,float32
10,866.242444,7664,52430573,52.780,random,float32
10,866.777265,6094,52430573,53.736,random,float32
10,867.315542,4720,52430573,53.261,random,float32
10,867.847176,3985,52430573,53.078,random,float32
10,868.385401,2538,52430573,53.553,random,float32
10,868.922031,5215,52430573,55.054,random,float32
10,869.456302,8963,52430573,53.867,random,float32
10,869.994386,4931,52430573,53.568,random,float32
10,870.527953,1870,52430573,55.171,random,float32
10,871.058983,5770,52430573,52.305,random,float32
10,871.588033,6113,52430573,54.355,random,float32
10,872.118341,4819,52430573,52.828,random,float32
10,872.642955,5097,52430573,54.311,random,float32
10,873.181642,7546,52430573,54.781,random,float32
10,873.710257,7461,52430573,50.172,random,float32
10,874.248432,4417,52430573,52.277,random,float32
10,874.782092,1457,52430573,53.413,random,float32
10,875.312282,8275,52430573,52.751,random,float32
10,875.840914,4804,52430573,51.880,random,float32
10,876.382055,2549,52430573,53.411,random,float32
10,876.917123,3489,52430573,54.190,random,float32
10,877.449276,7926,52430573,50.643,random,float32
10,877.978938,6089,52430573,54.126,random,float32
10,878.516218,3565,52430573,54.511,random,float32
10,879.038168,3066,52430573,51.408,random,float32
10,879.570341,5649,52430573,53.156,random,float32
10,880.107044,9225,52430573,52.928,random,float32
10,880.645759,8577,52430573,51.665,random,float32
10,881.176626,4524,52430573,52.754,random,float32
10,881.712252,3494,52430573,52.353,random,float32
10,882.241459,4081,52430573,52.399,random,float32
10,882.784118,5824,52430573,53.438,random,float32
10,883.318906,156,52430573,53.972,random,float32
10,883.858257,3682,52430573,53.934,random,float32
10,884.390919,6896,52430573,53.578,random,float32
10,884.939612,5480,52430573,55.682,random,float32
10,885.477119,2751,52430573,53.709,random,float32
10,886.008150,7959,52430573,54.567,random,float32
10,886.548471,5452,52430573,54.190,random,float32
10,887.085586,2482,52430573,53.167,random,float32
10,887.628689,3196,52430573,54.624,random,float32
10,888.167115,3946,52430573,53.064,random,float32
10,888.713837,3991,52430573,55.483,random,float32
10,889.255194,3100,52430573,54.728,random,float32
10,889.788781,6179,52430573,55.152,random,float32
10,890.324991,6592,52430573,53.935,random,float32
10,890.861377,4787,52430573,53.188,random,float32
10,891.402540,2959,52430573,54.595,random,float32
10,891.936590,3432,52430573,53.797,random,float32
10,892.471722,4462,52430573,56.087,random,float32
10,893.012756,6442,52430573,53.616,random,float32
10,893.541336,4224,52430573,54.102,random,float32
10,894.079541,1819,52430573,54.988,random,float32
10,894.618071,1501,52430573,53.787,random,float32
10,895.156950,2377,52430573,53.651,random,float32
10,895.690901,4937,52430573,51.592,random,float32
10,896.220356,5586,52430573,52.938,random,float32
10,896.757557,7182,52430573,53.048,random,float32
10,897.293540,4390,52430573,53.162,random,float32
10,897.818433,8057,52430573,50.544,random,float32
10,898.357988,3157,52430573,52.498,random,float32
10,898.892929,3354,52430573,54.577,random,float32
10,899.423831,6217,52430573,54.043,random,float32
10,899.953327,7191,52430573,49.859,random,float32
11,300.504343,2803,52430573,53.358,random,float32
11,301.033252,773,52430573,53.764,random,float32
11,301.569116,1141,52430573,53.758,random,float32
11,302.104226,1961,52430573,54.261,random,float32
11,302.639613,5371,52430573,54.680,random,float32
11,303.169892,8381,52430573,54.417,random,float32
11,303.707596,6813,52430573,52.307,random,float32
11,304.235447,7506,52430573,53.953,random,float32
11,304.776480,9526,52430573,54.032,random,float32
11,305.314429,9748,52430573,53.106,random,float32
11,305.844783,7808,52430573,53.236,random,float32
11,306.381572,5196,52430573,53.381,random,float32
11,306.916203,2373,52430573,54.062,random,float32
11,307.446320,8181,52430573,53.758,random,float32
11,307.981925,3202,52430573,53.483,random,float32
11,308.524752,759,52430573,53.062,random,float32
11,309.061143,9534,52430573,53.967,random,float32
11,309.598651,5040,52430573,52.750,random,float32
11,310.134403,2024,52430573,52.036,random,float32
11,310.664217,8897,52430573,51.710,random,float32
11,311.197735,6678,52430573,53.637,random,float32
11,311.726488,36,52430573,52.378,random,float32
11,312.254921,6641,52430573,52.837,random,float32
11,312.792322,8103,52430573,56.666,random,float32
11,313.333690,469,52430573,53.731,random,float32
11,313.869436,1213,52430573,54.021,random,float32
11,314.404488,7575,52430573,53.199,random,float32
11,314.939971,2762,52430573,54.428,random,float32
11,315.476961,2118,52430573,53.406,random,float32
11,316.010367,2746,52430573,54.207,random,float32
11,316.545555,8953,52430573,52.933,random,float32
11,317.096029,9381,52430573,55.954,random,float32
11,317.638951,463,52430573,53.976,random,float32
11,318.184432,9715,52430573,55.265,random,float32
11,318.724725,8586,52430573,54.482,random,float32
11,319.267726,6355,52430573,55.211,random,float32
11,319.803028,8896,52430573,52.920,random,float32
11,320.330599,6052,52430573,52.256,random,float32
11,320.867277,4490,52430573,54.148,random,float32
11,321.409895,4088,52430573,54.294,random,float32
11,321.964037,2538,52430573,55.748,random,float32
11,322.515507,2983,52430573,53.217,random,float32
11,323.045720,4591,52430573,51.883,random,float32
11,323.582144,1215,52430573,53.744,random,float32
11,324.133741,7040,52430573,53.951,random,float32
11,324.676806,7938,52430573,55.227,random,float32
11,325.222281,3495,52430573,53.621,random,float32
11,325.753253,9954,52430573,52.792,random,float32
11,326.290492,2574,52430573,52.954,random,float32
11,326.829432,897,52430573,54.847,random,float32
11,327.384936,2599,52430573,55.624,random,float32
11,327.935718,9910,52430573,55.455,random,float32
11,328.489241,6783,52430573,55.060,random,float32
11,329.040780,8489,52430573,53.316,random,float32
11,329.579757,3505,52430573,53.146,random,float32
11,330.119512,2290,52430573,53.163,random,float32
11,330.673438,5501,52430573,55.576,random,float32
11,331.224214,6657,52430573,56.111,random,float32
11,331.775565,2738,52430573,53.457,random,float32
11,332.308897,4736,52430573,53.344,random,float32
11,332.847809,1543,52430573,54.408,random,float32
11,333.382756,3124,52430573,52.153,random,float32
11,333.926158,3671,52430573,55.842,random,float32
11,334.457584,898,52430573,53.057,random,float32
11,334.988571,5236,52430573,54.261,random,float32
11,335.525708,4504,52430573,55.357,random,float32
11,336.066070,6776,52430573,54.401,random,float32
11,336.602277,6084,52430573,53.688,random,float32
11,337.142858,2784,52430573,52.600,random,float32
11,337.673848,2196,52430573,53.487,random,float32
11,338.202509,4657,52430573,52.981,random,float32
11,338.736413,5912,52430573,52.577,random,float32
11,339.274146,5756,52430573,54.200,random,float32
11,339.820722,2999,52430573,54.740,random,float32
11,340.369271,9559,52430573,55.783,random,float32
11,340.926479,874,52430573,54.598,random,float32
11,341.480753,7038,52430573,55.086,random,float32
11,342.040341,1600,52430573,55.714,random,float32
11,342.580171,9339,52430573,54.170,random,float32
11,343.123906,6413,52430573,53.259,random,float32
11,343.659340,5068,52430573,52.211,random,float32
11,344.205041,6770,52430573,55.230,random,float32
11,344.763940,7626,52430573,57.121,random,float32
11,345.325873,7071,52430573,54.503,random,float32
11,345.869462,9885,52430573,54.854,random,float32
11,346.418887,4012,52430573,55.203,random,float32
11,346.972747,1928,52430573,58.285,random,float32
11,347.521702,3306,52430573,53.178,random,float32
11,348.054797,4042,52430573,53.996,random,float32
11,348.611245,1690,52430573,55.761,random,float32
11,349.167350,2086,52430573,55.878,random,float32
11,349.724381,8589,52430573,55.029,random,float32
11,350.270912,621,52430573,54.248,random,float32
11,350.811675,2450,52430573,53.094,random,float32
11,351.348725,9426,52430573,53.391,random,float32
11,351.904105,9306,52430573,56.559,random,float32
11,352.454814,5444,52430573,55.429,random,float32
11,353.006825,9338,52430573,56.109,random,float32
11,353.550388,318,52430573,54.482,random,float32
11,354.096520,1967,52430573,53.972,random,float32
11,354.648666,8707,52430573,55.519,random,float32
11,355.186652,9975,52430573,53.371,random,float32
11,355.713967,5630,52430573,53.670,random,float32
11,356.255645,1362,52430573,54.279,random,float32
11,356.789228,6880,52430573,54.728,random,float32
11,357.330226,213,52430573,53.207,random,float32
11,357.864105,5409,52430573,53.390,random,float32
11,358.403650,1304,52430573,55.594,random,float32
11,358.945360,3481,52430573,54.180,random,float32
11,359.496947,7378,52430573,54.744,random,float32
11,360.044395,7831,52430573,56.317,random,float32
11,360.586074,447,52430573,55.903,random,float32
11,361.127228,6625,52430573,54.324,random,float32
11,361.667310,4362,52430573,53.065,random,float32
11,362.201095,3515,52430573,53.421,random,float32
11,362.737917,9096,52430573,53.526,random,float32
11,363.274848,9559,52430573,54.442,random,float32
11,363.808115,8585,52430573,52.476,random,float32
11,364.347395,9730,52430573,52.799,random,float32
11,364.870832,8869,52430573,52.216,random,float32
11,365.401496,8235,52430573,52.749,random,float32
11,365.934971,1248,52430573,54.778,random,float32
11,366.473228,9493,52430573,54.953,random,float32
11,367.001781,6351,52430573,53.473,random,float32
11,367.543507,9512,52430573,55.015,random,float32
11,368.072964,5600,52430573,52.334,random,float32
11,368.615415,7863,52430573,54.951,random,float32
11,369.156525,6844,52430573,54.875,random,float32
11,369.712267,183,52430573,55.654,random,float32
11,370.252740,6104,52430573,54.816,random,float32
11,370.789869,4522,52430573,52.856,random,float32
11,371.327794,6532,52430573,53.862,random,float32
11,371.872030,802,52430573,53.179,random,float32
11,372.398047,5465,52430573,50.731,random,float32
11,372.928705,6538,52430573,53.333,random,float32
11,373.455259,8824,52430573,53.829,random,float32
11,373.994103,1011,52430573,53.129,random,float32
11,374.531447,5820,52430573,53.353,random,float32
11,375.069573,88,52430573,52.854,random,float32
11,375.595397,3423,52430573,53.142,random,float32
11,376.127377,9247,52430573,53.090,random,float32
11,376.658484,2117,52430573,53.286,random,float32
11,377.184850,4813,52430573,55.497,random,float32
11,377.717680,7754,52430573,51.806,random,float32
11,378.258866,1315,52430573,55.380,random,float32
11,378.795661,1641,52430573,52.857,random,float32
11,379.324442,7752,52430573,51.830,random,float32
11,379.861320,4248,52430573,52.733,random,float32
11,380.402747,5018,52430573,54.449,random,float32
11,380.948110,4706,52430573,54.127,random,float32
11,381.493651,522,52430573,55.159,random,float32
11,382.038437,1894,52430573,53.440,random,float32
11,382.567516,7720,52430573,51.862,random,float32
11,383.116406,5109,52430573,54.252,random,float32
11,383.668073,5408,52430573,55.410,random,float32
11,384.227736,5925,52430573,58.143,random,float32
11,384.778430,8921,52430573,55.303,random,float32
11,385.327753,2923,52430573,54.810,random,float32
11,385.886536,3098,52430573,55.908,random,float32
11,386.434662,8654,52430573,55.245,random,float32
11,386.976876,267,52430573,53.689,random,float32
11,387.517902,602,52430573,54.721,random,float32
11,388.054039,5792,52430573,53.516,random,float32
11,388.589045,3764,52430573,53.303,random,float32
11,389.124187,60,52430573,53.057,random,float32
11,389.659051,1257,52430573,52.807,random,float32
11,390.193758,9221,52430573,54.021,random,float32
11,390.734767,8030,52430573,55.420,random,float32
11,391.281501,562,52430573,54.500,random,float32
11,391.835956,4641,52430573,56.048,random,float32
11,392.392969,2402,52430573,56.191,random,float32
11,392.943308,3170,52430573,53.593,random,float32
11,393.495012,8082,52430573,56.570,random,float32
11,394.041685,9016,52430573,51.976,random,float32
11,394.574739,3751,52430573,53.660,random,float32
11,395.108727,4997,52430573,52.781,random,float32
11,395.646542,112,52430573,51.765,random,float32
11,396.186628,8218,52430573,55.772,random,float32
11,396.720547,8501,52430573,54.829,random,float32
11,397.262217,5261,52430573,56.494,random,float32
11,397.794268,6054,52430573,52.553,random,float32
11,398.327071,5945,52430573,53.900,random,float32
11,398.860938,5169,52430573,52.199,random,float32
11,399.389407,4186,52430573,52.558,random,float32
11,399.922653,3356,52430573,54.005,random,float32
11,400.456644,6128,52430573,51.834,random,float32
11,400.994295,1604,52430573,51.991,random,float32
11,401.530538,6782,52430573,52.576,random,float32
11,402.067609,6700,52430573,52.713,random,float32
11,402.593886,9114,52430573,52.013,random,float32
11,403.126040,1711,52430573,53.258,random,float32
11,403.663769,4471,52430573,53.606,random,float32
11,404.221469,1199,52430573,59.762,random,float32
11,404.766135,6014,52430573,54.243,random,float32
11,405.313545,1430,52430573,53.790,random,float32
11,405.845354,5457,52430573,53.135,random,float32
11,406.376345,9718,52430573,53.787,random,float32
11,406.904136,8687,52430573,52.458,random,float32
11,407.440643,4981,52430573,54.165,random,float32
11,407.981487,1511,52430573,54.440,random,float32
11,408.534747,4915,52430573,54.211,random,float32
11,409.080945,7994,52430573,53.060,random,float32
11,409.620468,4985,52430573,53.983,random,float32
11,410.153293,4472,52430573,53.088,random,float32
11,410.690098,342,52430573,53.714,random,float32
11,411.224787,3184,52430573,52.778,random,float32
11,411.754511,6229,52430573,53.642,random,float32
11,412.283451,9739,52430573,53.335,random,float32
11,412.823028,5752,52430573,54.247,random,float32
11,413.355133,3573,52430573,53.689,random,float32
11,413.898371,7202,52430573,56.801,random,float32
11,414.437070,2407,52430573,54.120,random,float32
11,414.972474,3936,52430573,53.563,random,float32
11,415.505016,2330,52430573,53.204,random,float32
11,416.050518,6678,52430573,55.462,random,float32
11,416.601967,1652,52430573,54.824,random,float32
11,417.146035,9520,52430573,54.320,random,float32
11,417.685897,4686,52430573,53.756,random,float32
11,418.227104,3709,52430573,54.092,random,float32
11,418.766712,2062,52430573,54.675,random,float32
11,419.323512,9864,52430573,55.558,random,float32
11,419.864878,1211,52430573,54.094,random,float32
11,420.410773,6004,52430573,54.060,random,float32
11,420.951819,7227,52430573,53.189,random,float32
11,421.484305,6053,52430573,52.720,random,float32
11,422.020462,4428,52430573,54.141,random,float32
11,422.551109,5287,52430573,53.333,random,float32
11,423.085046,44,52430573,52.643,random,float32
11,423.622924,3186,52430573,54.115,random,float32
11,424.182228,9882,52430573,54.556,random,float32
11,424.726849,2554,52430573,54.178,random,float32
11,425.277679,6939,52430573,56.583,random,float32
11,425.839512,412,52430573,55.457,random,float32
11,426.402334,8685,52430573,57.472,random,float32
11,426.957653,9095,52430573,55.370,random,float32
11,427.507056,2552,52430573,53.676,random,float32
11,428.054378,6199,52430573,54.636,random,float32
11,428.601859,6343,52430573,55.216,random,float32
11,429.144606,7341,52430573,53.829,random,float32
11,429.699032,1410,52430573,55.980,random,float32
11,430.249720,4153,52430573,54.600,random,float32
11,430.788272,2714,52430573,53.456,random,float32
11,431.320678,6516,52430573,52.486,random,float32
11,431.854602,3868,52430573,54.454,random,float32
11,432.409000,3606,52430573,55.290,random,float32
11,432.957816,6079,52430573,54.940,random,float32
11,433.504446,1273,52430573,55.653,random,float32
11,434.057265,9533,52430573,56.118,random,float32
11,434.614628,5916,52430573,54.098,random,float32
11,435.161736,9262,52430573,53.834,random,float32
11,435.698377,251,52430573,54.244,random,float32
11,436.239023,4760,52430573,53.092,random,float32
11,436.777680,3686,52430573,53.748,random,float32
11,437.315699,5034,52430573,53.803,random,float32
11,437.853318,7309,52430573,54.435,random,float32
11,438.386858,5414,52430573,54.996,random,float32
11,438.925967,1225,52430573,53.643,random,float32
11,439.467179,4645,52430573,53.753,random,float32
11,440.012714,6287,52430573,53.937,random,float32
11,440.554602,7635,52430573,54.660,random,float32
11,441.101416,6233,52430573,54.653,random,float32
11,441.648227,3278,52430573,55.734,random,float32
11,442.182422,4051,52430573,53.797,random,float32
11,442.716132,1970,52430573,53.325,random,float32
11,443.254184,9448,52430573,53.151,random,float32
11,443.781253,1604,52430573,52.904,random,float32
11,444.325901,8628,52430573,55.243,random,float32
11,444.872735,881,52430573,54.580,random,float32
11,445.430794,7632,52430573,54.540,random,float32
11,445.968867,8475,52430573,53.717,random,float32
11,446.507894,6611,52430573,54.697,random,float32
11,447.044132,7529,52430573,53.768,random,float32
11,447.577396,4769,52430573,52.121,random,float32
11,448.110830,9519,52430573,53.430,random,float32
11,448.648724,3434,52430573,54.020,random,float32
11,449.189235,1203,52430573,54.070,random,float32
11,449.743548,2735,52430573,55.486,random,float32
11,450.295438,8995,52430573,57.040,random,float32
11,450.845318,2580,52430573,52.880,random,float32
11,451.392568,95,52430573,58.346,random,float32
11,451.942256,3433,52430573,54.858,random,float32
11,452.507588,235,52430573,57.406,random,float32
11,453.052917,5447,52430573,54.198,random,float32
11,453.589168,7268,52430573,53.147,random,float32
11,454.127245,156,52430573,53.019,random,float32
11,454.671318,7522,52430573,53.767,random,float32
11,455.210134,2902,52430573,53.734,random,float32
11,455.746063,6050,52430573,53.038,random,float32
11,456.281488,3065,52430573,53.493,random,float32
11,456.810461,7760,52430573,53.239,random,float32
11,457.344812,9009,52430573,54.044,random,float32
11,457.886813,7179,52430573,55.213,random,float32
11,458.430176,6613,52430573,52.768,random,float32
11,458.963655,1540,52430573,52.326,random,float32
11,459.495312,4323,52430573,53.504,random,float32
11,460.030028,7921,52430573,53.043,random,float32
11,460.556778,3932,52430573,53.894,random,float32
11,461.089691,2684,52430573,53.402,random,float32
11,461.624124,6008,52430573,52.845,random,float32
11,462.155535,2031,52430573,52.987,random,float32
11,462.684351,2258,52430573,52.350,random,float32
11,463.217300,7152,52430573,52.761,random,float32
11,463.750450,7110,52430573,53.871,random,float32
11,464.286911,2959,52430573,53.243,random,float32
11,464.809259,9784,52430573,53.561,random,float32
11,465.349470,9015,52430573,53.904,random,float32
11,465.897992,7655,52430573,54.625,random,float32
11,466.452266,6501,52430573,54.716,random,float32
11,467.002118,17,52430573,53.185,random,float32
11,467.539802,9241,52430573,53.546,random,float32
11,468.073069,1834,52430573,53.558,random,float32
11,468.620197,9367,52430573,55.056,random,float32
11,469.169906,7031,52430573,54.214,random,float32
11,469.724593,244,52430573,54.003,random,float32
11,470.259804,3513,52430573,54.215,random,float32
11,470.788136,3812,52430573,53.115,random,float32
11,471.328306,4289,52430573,53.908,random,float32
11,471.865418,5378,52430573,52.510,random,float32
11,472.397952,9986,52430573,53.394,random,float32
11,472.936091,6794,52430573,53.693,random,float32
11,473.466236,9865,52430573,52.048,random,float32
11,474.004876,4334,52430573,53.922,random,float32
11,474.547311,2253,52430573,53.746,random,float32
11,475.086387,3210,52430573,52.269,random,float32
11,475.616425,3640,52430573,53.011,random,float32
11,476.172820,7050,52430573,55.834,random,float32
11,476.711904,8067,52430573,53.237,random,float32
11,477.246094,434,52430573,54.937,random,float32
11,477.791399,9729,52430573,54.252,random,float32
11,478.324953,1054,52430573,53.493,random,float32
11,478.855151,1450,52430573,52.081,random,float32
11,479.386008,5730,52430573,53.293,random,float32
11,479.922128,146,52430573,54.047,random,float32
11,480.460471,9840,52430573,54.103,random,float32
11,480.992017,7322,52430573,53.000,random,float32
11,481.522686,8805,52430573,51.783,random,float32
11,482.056835,3871,52430573,52.997,random,float32
11,482.588098,8642,52430573,53.466,random,float32
11,483.126533,639,52430573,53.464,random,float32
11,483.669178,3115,52430573,53.905,random,float32
11,484.207191,6418,52430573,55.203,random,float32
11,484.763135,3557,52430573,56.965,random,float32
11,485.312272,2751,52430573,53.081,random,float32
11,485.845733,1790,52430573,52.255,random,float32
11,486.379963,7190,52430573,54.207,random,float32
11,486.908690,4908,52430573,52.172,random,float32
11,487.442466,9684,52430573,54.180,random,float32
11,487.987532,7013,52430573,56.497,random,float32
11,488.543212,2527,52430573,53.848,random,float32
11,489.088135,7370,52430573,53.976,random,float32
11,489.619531,5427,52430573,51.084,random,float32
11,490.151261,9818,52430573,53.636,random,float32
11,490.707827,8291,52430573,55.584,random,float32
11,491.249339,4998,52430573,53.775,random,float32
11,491.800442,525,52430573,54.181,random,float32
11,492.350192,1939,52430573,57.072,random,float32
11,492.910002,3136,52430573,55.636,random,float32
11,493.450368,8575,52430573,54.183,random,float32
11,493.991531,6578,52430573,53.665,random,float32
11,494.532895,986,52430573,54.599,random,float32
11,495.075236,8447,52430573,54.682,random,float32
11,495.620623,9041,52430573,55.418,random,float32
11,496.171215,5966,52430573,54.904,random,float32
11,496.705877,4286,52430573,52.897,random,float32
11,497.243024,7713,52430573,54.651,random,float32
11,497.770594,5100,52430573,51.037,random,float32
11,498.294753,5763,52430573,52.931,random,float32
11,498.822581,3072,52430573,52.603,random,float32
11,499.356245,6233,52430573,55.405,random,float32
11,499.892456,8721,52430573,53.115,random,float32
11,500.426371,3342,52430573,53.507,random,float32
11,500.959366,7615,52430573,51.628,random,float32
11,501.482847,4771,52430573,53.319,random,float32
11,502.020794,6156,52430573,55.602,random,float32
11,502.564347,840,52430573,55.448,random,float32
11,503.120705,677,52430573,55.641,random,float32
11,503.675135,4030,52430573,54.332,random,float32
11,504.246724,644,52430573,56.374,random,float32
11,504.795373,4610,52430573,54.939,random,float32
11,505.340654,9206,52430573,54.365,random,float32
11,505.879726,6233,52430573,54.418,random,float32
11,506.417481,4025,52430573,52.848,random,float32
11,506.942880,7041,52430573,51.704,random,float32
11,507.479328,164,52430573,53.661,random,float32
11,508.014772,6531,52430573,53.218,random,float32
11,508.550737,5483,52430573,52.931,random,float32
11,509.082025,7714,52430573,53.285,random,float32
11,509.617470,1666,52430573,54.129,random,float32
11,510.155974,514,52430573,54.572,random,float32
11,510.693004,1744,52430573,53.820,random,float32
11,511.226295,7559,52430573,53.713,random,float32
11,511.761535,1775,52430573,54.038,random,float32
11,512.296037,3745,52430573,53.248,random,float32
11,512.833274,1743,52430573,54.056,random,float32
11,513.373439,8517,52430573,54.425,random,float32
11,513.907646,7598,52430573,53.304,random,float32
11,514.440793,7755,52430573,54.084,random,float32
11,514.978514,3154,52430573,53.960,random,float32
11,515.525786,9657,52430573,53.307,random,float32
11,516.059111,5032,52430573,54.420,random,float32
11,516.597880,4735,52430573,53.805,random,float32
11,517.139446,3225,52430573,54.104,random,float32
11,517.669247,295,52430573,51.054,random,float32
11,518.199581,3737,52430573,52.400,random,float32
11,518.739200,7133,52430573,54.373,random,float32
11,519.275768,4668,52430573,53.509,random,float32
11,519.807747,8125,52430573,51.395,random,float32
11,520.335360,6980,52430573,54.152,random,float32
11,520.857826,2140,52430573,52.528,random,float32
11,521.396884,8630,52430573,54.280,random,float32
11,521.947375,1079,52430573,57.774,random,float32
11,522.492221,9604,52430573,53.837,random,float32
11,523.048133,2759,52430573,59.465,random,float32
11,523.615087,5804,52430573,54.670,random,float32
11,524.154235,3158,52430573,53.984,random,float32
11,524.691937,2103,52430573,52.314,random,float32
11,525.221036,6583,52430573,51.847,random,float32
11,525.748925,951,52430573,52.970,random,float32
11,526.276817,2235,52430573,51.330,random,float32
11,526.802968,5162,52430573,53.221,random,float32
11,527.334482,3589,52430573,52.905,random,float32
11,527.862595,173,52430573,52.216,random,float32
11,528.400207,3528,52430573,55.306,random,float32
11,528.934164,397,52430573,54.342,random,float32
11,529.468320,449,52430573,51.650,random,float32
11,530.003238,159,52430573,54.405,random,float32
11,530.536264,6458,52430573,53.604,random,float32
11,531.054312,2047,52430573,53.197,random,float32
11,531.589989,2545,52430573,53.428,random,float32
11,532.120474,7215,52430573,53.200,random,float32
11,532.654910,627,52430573,53.153,random,float32
11,533.196313,3126,52430573,54.440,random,float32
11,533.733817,4985,52430573,54.145,random,float32
11,534.271322,2572,52430573,54.762,random,float32
11,534.808476,7564,52430573,54.416,random,float32
11,535.344616,9998,52430573,54.216,random,float32
11,535.870566,89,52430573,53.608,random,float32
11,536.400739,2736,52430573,53.177,random,float32
11,536.935676,9021,52430573,53.609,random,float32
11,537.476132,1506,52430573,54.470,random,float32
11,538.012548,734,52430573,53.953,random,float32
11,538.550296,3602,52430573,52.606,random,float32
11,539.086436,9069,52430573,53.585,random,float32
11,539.619698,8920,52430573,53.971,random,float32
11,540.161008,4889,52430573,53.640,random,float32
11,540.696079,9550,52430573,53.033,random,float32
11,541.222891,388,52430573,52.267,random,float32
11,541.753572,3380,52430573,53.098,random,float32
11,542.285909,4376,52430573,53.191,random,float32
11,542.818463,1454,52430573,52.981,random,float32
11,543.357595,4762,52430573,54.233,random,float32
11,543.898066,1436,52430573,54.444,random,float32
11,544.433153,7469,52430573,52.196,random,float32
11,544.970804,2267,52430573,54.758,random,float32
11,545.511094,4314,52430573,54.435,random,float32
11,546.048579,3711,52430573,55.017,random,float32
11,546.584786,1120,52430573,53.237,random,float32
11,547.118516,1497,52430573,53.985,random,float32
11,547.664344,3705,52430573,54.082,random,float32
11,548.223456,9044,52430573,54.964,random,float32
11,548.759093,1647,52430573,53.259,random,float32
11,549.294507,6294,52430573,54.042,random,float32
11,549.833113,8432,52430573,53.661,random,float32
11,550.365203,2272,52430573,53.357,random,float32
11,550.899676,4886,52430573,52.859,random,float32
11,551.431206,438,52430573,53.120,random,float32
11,551.961841,3066,52430573,52.872,random,float32
11,552.501257,2465,52430573,54.070,random,float32
11,553.039965,1733,52430573,55.671,random,float32
11,553.586165,7802,52430573,54.627,random,float32
11,554.123494,1035,52430573,51.776,random,float32
11,554.659390,6831,52430573,53.389,random,float32
11,555.189026,5475,52430573,52.230,random,float32
11,555.726307,9173,52430573,55.290,random,float32
11,556.265990,7439,52430573,51.724,random,float32
11,556.798468,9240,52430573,53.062,random,float32
11,557.327473,4700,52430573,53.397,random,float32
11,557.857446,3439,52430573,53.221,random,float32
11,558.392952,9025,52430573,52.948,random,float32
11,558.931288,1033,52430573,53.141,random,float32
11,559.465497,5605,52430573,53.379,random,float32
11,559.998305,8165,52430573,53.623,random,float32
11,560.535543,3194,52430573,54.195,random,float32
11,561.077328,3796,52430573,54.167,random,float32
11,561.613403,242,52430573,53.159,random,float32
11,562.152502,4373,52430573,56.470,random,float32
11,562.711023,1444,52430573,54.948,random,float32
11,563.249008,73,52430573,54.581,random,float32
11,563.802205,8796,52430573,58.026,random,float32
11,564.351573,9005,52430573,53.508,random,float32
11,564.895279,326,52430573,55.051,random,float32
11,565.424956,2597,52430573,52.561,random,float32
11,565.959983,7987,52430573,54.921,random,float32
11,566.492940,5679,52430573,52.220,random,float32
11,567.018615,9061,52430573,53.595,random,float32
11,567.552977,3415,52430573,52.945,random,float32
11,568.084934,3345,52430573,52.136,random,float32
11,568.620365,374,52430573,53.204,random,float32
11,569.150971,8638,52430573,54.017,random,float32
11,569.690686,895,52430573,53.784,random,float32
11,570.225802,6570,52430573,53.351,random,float32
11,570.774652,8342,52430573,54.944,random,float32
11,571.307081,2344,52430573,51.794,random,float32
11,571.844896,7335,52430573,53.780,random,float32
11,572.393361,328,52430573,53.009,random,float32
11,572.931229,5216,52430573,54.260,random,float32
11,573.462513,3438,52430573,52.933,random,float32
11,574.000536,8238,52430573,54.132,random,float32
11,574.535808,9279,52430573,54.065,random,float32
11,575.073026,4265,52430573,52.494,random,float32
11,575.603484,9888,52430573,53.631,random,float32
11,576.149665,1590,52430573,53.546,random,float32
11,576.691854,6503,52430573,55.101,random,float32
11,577.235448,8296,52430573,53.907,random,float32
11,577.780451,9528,52430573,53.331,random,float32
11,578.316594,3726,52430573,52.412,random,float32
11,578.853744,873,52430573,53.929,random,float32
11,579.391237,8175,52430573,54.741,random,float32
11,579.926073,6917,52430573,54.399,random,float32
11,580.460203,9284,52430573,53.454,random,float32
11,580.988156,924,52430573,53.773,random,float32
11,581.517736,1407,52430573,53.200,random,float32
11,582.042117,5636,52430573,52.365,random,float32
11,582.570860,2815,52430573,54.409,random,float32
11,583.113425,4868,52430573,52.787,random,float32
11,583.652851,5460,52430573,53.495,random,float32
11,584.218778,4864,52430573,57.382,random,float32
11,584.756563,7566,52430573,53.650,random,float32
11,585.292380,4613,52430573,54.935,random,float32
11,585.846232,631,52430573,53.820,random,float32
11,586.384413,9834,52430573,54.438,random,float32
11,586.918557,6121,52430573,54.614,random,float32
11,587.463098,473,52430573,55.942,random,float32
11,588.019710,2287,52430573,55.434,random,float32
11,588.592560,3529,52430573,56.645,random,float32
11,589.139265,3484,52430573,54.197,random,float32
11,589.698871,8628,52430573,56.225,random,float32
11,590.250871,6324,52430573,55.421,random,float32
11,590.797202,8429,52430573,53.080,random,float32
11,591.330926,9603,52430573,52.696,random,float32
11,591.865363,2368,52430573,54.210,random,float32
11,592.394507,9390,52430573,51.369,random,float32
11,592.920151,4708,52430573,51.879,random,float32
11,593.451374,7054,52430573,54.146,random,float32
11,593.996071,9948,52430573,53.094,random,float32
11,594.532240,9984,52430573,53.293,random,float32
11,595.072430,7793,52430573,53.470,random,float32
11,595.614979,392,52430573,54.229,random,float32
11,596.154504,3694,52430573,54.255,random,float32
11,596.692940,7022,52430573,55.212,random,float32
11,597.236384,3524,52430573,53.344,random,float32
11,597.782897,3929,52430573,55.026,random,float32
11,598.330702,6667,52430573,55.973,random,float32
11,598.873418,2056,52430573,54.322,random,float32
11,599.429247,3035,52430573,55.429,random,float32
11,599.981753,6836,52430573,53.967,random,float32
11,600.539282,5567,52430573,55.119,random,float32
11,601.083772,2274,52430573,53.676,random,float32
11,601.631919,5909,52430573,54.085,random,float32
11,602.169931,4469,52430573,51.930,random,float32
11,602.717264,2285,52430573,54.815,random,float32
11,603.253503,8360,52430573,52.954,random,float32
11,603.780596,7588,52430573,53.519,random,float32
11,604.313152,1792,52430573,55.243,random,float32
11,604.845659,5802,52430573,54.923,random,float32
11,605.382720,2358,52430573,54.723,random,float32
11,605.917969,2042,52430573,53.338,random,float32
11,606.449440,2531,52430573,52.102,random,float32
11,606.981928,2173,52430573,54.435,random,float32
11,607.516929,4150,52430573,53.306,random,float32
11,608.047325,5112,52430573,53.101,random,float32
11,608.590941,6589,52430573,53.022,random,float32
11,609.136613,4948,52430573,53.873,random,float32
11,609.678228,9650,52430573,53.944,random,float32
11,610.210663,8015,52430573,51.730,random,float32
11,610.754894,8903,52430573,54.055,random,float32
11,611.282079,6729,52430573,53.268,random,float32
11,611.813588,8828,52430573,52.826,random,float32
11,612.344887,3218,52430573,52.724,random,float32
11,612.872211,9647,52430573,52.368,random,float32
11,613.401034,6912,52430573,54.355,random,float32
11,613.935693,3599,52430573,50.661,random,float32
11,614.461056,2612,52430573,54.807,random,float32
11,615.002037,9218,52430573,51.685,random,float32
11,615.517364,7204,52430573,52.747,random,float32
11,616.049314,821,52430573,53.809,random,float32
11,616.576963,8742,52430573,53.216,random,float32
11,617.112864,4497,52430573,52.930,random,float32
11,617.639715,3021,52430573,53.847,random,float32
11,618.167630,5519,52430573,52.790,random,float32
11,618.696101,2,52430573,53.409,random,float32
11,619.226952,1302,52430573,53.343,random,float32
11,619.756137,9904,52430573,51.288,random,float32
11,620.282153,1927,52430573,51.831,random,float32
11,620.817363,9492,52430573,52.473,random,float32
11,621.363638,2150,52430573,54.808,random,float32
11,621.891969,4298,52430573,52.047,random,float32
11,622.419520,6630,52430573,52.898,random,float32
11,622.949775,4443,52430573,53.274,random,float32
11,623.502022,7880,52430573,53.225,random,float32
11,624.028571,652,52430573,52.900,random,float32
11,624.553833,2980,52430573,52.279,random,float32
11,625.077826,3654,52430573,53.231,random,float32
11,625.609400,4490,52430573,55.455,random,float32
11,626.141519,6709,52430573,52.013,random,float32
11,626.665332,4512,52430573,52.678,random,float32
11,627.196944,7651,52430573,52.670,random,float32
11,627.736391,2434,52430573,52.640,random,float32
11,628.280560,2887,52430573,54.952,random,float32
11,628.823319,9506,52430573,53.215,random,float32
11,629.366805,677,52430573,54.733,random,float32
11,629.901790,8544,52430573,53.605,random,float32
11,630.439044,9950,52430573,51.977,random,float32
11,630.983537,7939,52430573,55.224,random,float32
11,631.538322,4625,52430573,54.792,random,float32
11,632.079222,8346,52430573,53.841,random,float32
11,632.610550,466,52430573,53.865,random,float32
11,633.159204,9471,52430573,54.492,random,float32
11,633.694515,1021,52430573,54.526,random,float32
11,634.233216,3738,52430573,53.664,random,float32
11,634.764919,4239,52430573,53.060,random,float32
11,635.292832,1875,52430573,52.406,random,float32
11,635.817200,5672,52430573,51.958,random,float32
11,636.349546,5696,52430573,53.003,random,float32
11,636.891821,9350,52430573,55.692,random,float32
11,637.439437,9245,52430573,53.526,random,float32
11,637.980394,5937,52430573,53.373,random,float32
11,638.517004,8857,52430573,52.877,random,float32
11,639.048623,3039,52430573,52.947,random,float32
11,639.584294,9169,52430573,53.492,random,float32
11,640.118585,3176,52430573,54.072,random,float32
11,640.655350,3960,52430573,52.841,random,float32
11,641.190138,3927,52430573,53.890,random,float32
11,641.733741,1231,52430573,54.887,random,float32
11,642.267057,6919,52430573,54.075,random,float32
11,642.797895,458,52430573,53.310,random,float32
11,643.330338,4808,52430573,51.371,random,float32
11,643.870944,2797,52430573,54.454,random,float32
11,644.413328,949,52430573,54.491,random,float32
11,644.952443,319,52430573,53.287,random,float32
11,645.491072,6955,52430573,52.993,random,float32
11,646.018690,7557,52430573,52.800,random,float32
11,646.540168,9178,52430573,52.659,random,float32
11,647.073656,3181,52430573,55.034,random,float32
11,647.606654,3445,52430573,52.489,random,float32
11,648.144123,3122,52430573,53.810,random,float32
11,648.681570,6136,52430573,51.603,random,float32
11,649.207329,2681,52430573,52.061,random,float32
11,649.728740,5805,52430573,52.724,random,float32
11,650.253721,3862,52430573,52.940,random,float32
11,650.783530,6853,52430573,53.788,random,float32
11,651.312569,9537,52430573,54.474,random,float32
11,651.853206,7580,52430573,54.068,random,float32
11,652.391545,6973,52430573,54.598,random,float32
11,652.929159,2781,52430573,52.209,random,float32
11,653.457597,4765,52430573,52.506,random,float32
11,653.999162,5595,52430573,52.314,random,float32
11,654.528072,5776,52430573,52.023,random,float32
11,655.058818,2947,52430573,54.829,random,float32
11,655.587363,2077,52430573,51.841,random,float32
11,656.113430,123,52430573,53.002,random,float32
11,656.654231,5349,52430573,53.836,random,float32
11,657.198585,1695,52430573,56.103,random,float32
11,657.735625,6127,52430573,53.146,random,float32
11,658.265217,7963,52430573,56.193,random,float32
11,658.793973,6277,52430573,52.498,random,float32
11,659.323184,1378,52430573,53.272,random,float32
11,659.846002,8593,52430573,52.572,random,float32
11,660.379347,6164,52430573,50.947,random,float32
11,660.917106,9942,52430573,52.802,random,float32
11,661.438699,8228,52430573,49.492,random,float32
11,661.963054,1996,52430573,53.096,random,float32
11,662.498037,91,52430573,53.003,random,float32
11,663.029854,4518,52430573,52.177,random,float32
11,663.557166,8906,52430573,52.954,random,float32
11,664.091279,9335,52430573,52.803,random,float32
11,664.623061,4138,52430573,53.353,random,float32
11,665.153547,3419,52430573,53.183,random,float32
11,665.680889,4310,52430573,52.716,random,float32
11,666.211977,8372,52430573,51.891,random,float32
11,666.739507,6500,52430573,51.674,random,float32
11,667.275752,4810,52430573,53.276,random,float32
11,667.815677,3305,52430573,51.747,random,float32
11,668.351190,2449,52430573,54.364,random,float32
11,668.876946,9508,52430573,51.653,random,float32
11,669.403695,1212,52430573,54.432,random,float32
11,669.933708,6880,52430573,52.001,random,float32
11,670.465201,6219,52430573,54.704,random,float32
11,670.993249,2884,52430573,51.997,random,float32
11,671.520028,9958,52430573,53.070,random,float32
11,672.051246,7430,52430573,52.029,random,float32
11,672.579186,296,52430573,52.957,random,float32
11,673.106681,2480,52430573,52.377,random,float32
11,673.636000,2863,52430573,52.211,random,float32
11,674.180529,107,52430573,53.702,random,float32
11,674.705363,6498,52430573,51.115,random,float32
11,675.246684,9334,52430573,55.416,random,float32
11,675.778179,5317,52430573,51.823,random,float32
11,676.303558,3802,52430573,53.365,random,float32
11,676.824329,216,52430573,52.540,random,float32
11,677.354785,5078,52430573,52.735,random,float32
11,677.889827,2380,52430573,54.090,random,float32
11,678.425320,5469,52430573,54.712,random,float32
11,678.950972,102,52430573,52.124,random,float32
11,679.483817,7025,52430573,53.852,random,float32
11,680.023655,707,52430573,53.949,random,float32
11,680.556864,137,52430573,54.095,random,float32
11,681.081014,642,52430573,51.962,random,float32
11,681.609997,5212,52430573,53.972,random,float32
11,682.140503,6206,52430573,54.599,random,float32
11,682.675519,3574,52430573,53.257,random,float32
11,683.215924,716,52430573,51.976,random,float32
11,683.753202,9112,52430573,57.477,random,float32
11,684.296455,8912,52430573,53.792,random,float32
11,684.836968,1260,52430573,54.723,random,float32
11,685.380321,8731,52430573,54.846,random,float32
11,685.916746,9645,52430573,53.220,random,float32
11,686.460461,8756,52430573,55.220,random,float32
11,686.985072,7511,52430573,51.892,random,float32
11,687.515641,4030,52430573,54.287,random,float32
11,688.044949,3925,52430573,54.993,random,float32
11,688.581920,1724,52430573,53.737,random,float32
11,689.115819,2491,52430573,52.697,random,float32
11,689.646632,8786,52430573,53.551,random,float32
11,690.179572,7483,52430573,52.166,random,float32
11,690.719165,8281,52430573,53.774,random,float32
11,691.250904,4600,52430573,52.934,random,float32
11,691.787833,2383,52430573,53.214,random,float32
11,692.320974,3915,52430573,52.495,random,float32
11,692.859717,3307,52430573,54.910,random,float32
11,693.392517,6504,52430573,55.408,random,float32
11,693.928325,6072,52430573,53.515,random,float32
11,694.452479,2344,52430573,52.619,random,float32
11,694.988452,624,52430573,56.788,random,float32
11,695.518360,2456,52430573,51.345,random,float32
11,696.050652,7671,52430573,54.631,random,float32
11,696.585315,9906,52430573,53.433,random,float32
11,697.120758,640,52430573,53.071,random,float32
11,697.656348,5941,52430573,53.828,random,float32
11,698.188943,7403,52430573,52.984,random,float32
11,698.721921,2930,52430573,54.230,random,float32
11,699.249740,9974,52430573,51.035,random,float32
11,699.790208,9946,52430573,53.400,random,float32
11,700.317711,9615,52430573,53.514,random,float32
11,700.854038,7930,52430573,51.485,random,float32
11,701.386966,3755,52430573,52.103,random,float32
11,701.925686,330,52430573,53.650,random,float32
11,702.459875,5707,52430573,52.933,random,float32
11,702.991246,9814,52430573,52.625,random,float32
11,703.527965,8463,52430573,53.447,random,float32
11,704.064234,754,52430573,54.690,random,float32
11,704.600326,2312,52430573,53.156,random,float32
11,705.127372,1970,52430573,53.630,random,float32
11,705.658303,6640,52430573,53.281,random,float32
11,706.193450,908,52430573,53.134,random,float32
11,706.727597,9703,52430573,54.571,random,float32
11,707.273100,5900,52430573,54.269,random,float32
11,707.816706,7590,52430573,54.936,random,float32
11,708.356896,7729,52430573,53.111,random,float32
11,708.897165,8334,52430573,54.847,random,float32
11,709.434330,4133,52430573,52.698,random,float32
11,709.971144,6469,52430573,53.472,random,float32
11,710.504668,1981,52430573,52.634,random,float32
11,711.027307,7528,52430573,52.787,random,float32
11,711.556811,6702,52430573,53.275,random,float32
11,712.085905,5312,52430573,52.784,random,float32
11,712.619359,5694,52430573,54.823,random,float32
11,713.159858,8406,52430573,53.774,random,float32
11,713.708228,2994,52430573,56.711,random,float32
11,714.259164,1217,52430573,53.881,random,float32
11,714.804756,3213,52430573,54.523,random,float32
11,715.348546,5399,52430573,53.563,random,float32
11,715.886399,4532,52430573,53.861,random,float32
11,716.427831,3377,52430573,55.651,random,float32
11,716.984253,9629,52430573,54.527,random,float32
11,717.538126,1225,52430573,54.316,random,float32
11,718.078475,9947,52430573,53.968,random,float32
11,718.614493,8350,52430573,52.795,random,float32
11,719.161530,9250,52430573,53.787,random,float32
11,719.696318,2523,52430573,53.604,random,float32
11,720.235536,7423,52430573,53.106,random,float32
11,720.788667,6814,52430573,51.986,random,float32
11,721.326600,4755,52430573,53.238,random,float32
11,721.879116,3329,52430573,53.592,random,float32
11,722.413232,2907,52430573,53.520,random,float32
11,722.952622,47,52430573,54.027,random,float32
11,723.489975,8553,52430573,52.840,random,float32
11,724.022661,2312,52430573,53.302,random,float32
11,724.561169,8503,52430573,54.168,random,float32
11,725.107262,2546,52430573,55.038,random,float32
11,725.650112,8604,52430573,54.387,random,float32
11,726.196758,1146,52430573,53.216,random,float32
11,726.731797,1591,52430573,53.491,random,float32
11,727.266808,91,52430573,53.927,random,float32
11,727.803064,8099,52430573,53.839,random,float32
11,728.342096,9327,52430573,54.721,random,float32
11,728.878452,9012,52430573,53.942,random,float32
11,729.416058,1018,52430573,53.346,random,float32
11,729.946607,2830,52430573,54.310,random,float32
11,730.482101,933,52430573,52.937,random,float32
11,731.019669,7946,52430573,53.084,random,float32
11,731.573753,5514,52430573,57.278,random,float32
11,732.118944,8829,52430573,53.390,random,float32
11,732.654726,6143,52430573,54.758,random,float32
11,733.184458,5413,52430573,53.498,random,float32
11,733.717573,5945,52430573,53.657,random,float32
11,734.246765,5821,52430573,52.773,random,float32
11,734.775558,8936,52430573,54.062,random,float32
11,735.313799,2038,52430573,51.710,random,float32
11,735.839653,5657,52430573,53.357,random,float32
11,736.388552,9513,52430573,54.917,random,float32
11,736.926368,6546,52430573,54.356,random,float32
11,737.462908,7656,52430573,52.382,random,float32
11,738.000369,4058,52430573,54.818,random,float32
11,738.538586,1397,52430573,53.969,random,float32
11,739.068640,4894,52430573,52.882,random,float32
11,739.616732,9891,52430573,54.370,random,float32
11,740.152203,8209,52430573,51.496,random,float32
11,740.684169,6649,52430573,51.028,random,float32
11,741.213689,9325,52430573,52.380,random,float32
11,741.742357,7603,52430573,50.016,random,float32
11,742.273065,4639,52430573,52.808,random,float32
11,742.816239,4645,52430573,54.603,random,float32
11,743.353901,4400,52430573,54.763,random,float32
11,743.896920,5010,52430573,52.353,random,float32
11,744.438900,7973,52430573,52.664,random,float32
11,744.972652,7179,52430573,54.442,random,float32
11,745.517671,3811,52430573,55.467,random,float32
11,746.065474,9357,52430573,54.321,random,float32
11,746.607822,2325,52430573,54.873,random,float32
11,747.151404,4173,52430573,52.793,random,float32
11,747.691222,6385,52430573,52.949,random,float32
11,748.233727,794,52430573,54.903,random,float32
11,748.767794,1474,52430573,53.201,random,float32
11,749.299963,6272,52430573,53.388,random,float32
11,749.825825,9713,52430573,52.665,random,float32
11,750.360627,6969,52430573,52.757,random,float32
11,750.899991,5705,52430573,53.852,random,float32
11,751.434808,3791,52430573,53.272,random,float32
11,751.971878,8380,52430573,52.518,random,float32
11,752.498954,9810,52430573,51.811,random,float32
11,753.033020,6634,52430573,54.287,random,float32
11,753.570114,7193,52430573,53.022,random,float32
11,754.108925,3618,52430573,55.378,random,float32
11,754.646385,8745,52430573,53.297,random,float32
11,755.187861,8939,52430573,54.841,random,float32
11,755.737415,2304,52430573,54.602,random,float32
11,756.288416,2541,52430573,55.662,random,float32
11,756.835586,19,52430573,55.026,random,float32
11,757.371478,9381,52430573,52.780,random,float32
11,757.911430,7693,52430573,54.132,random,float32
11,758.451724,2989,52430573,53.583,random,float32
11,758.982422,5016,52430573,53.283,random,float32
11,759.535732,6820,52430573,55.701,random,float32
11,760.093720,1622,52430573,54.336,random,float32
11,760.653857,5854,52430573,54.500,random,float32
11,761.218037,7491,52430573,57.664,random,float32
11,761.760223,2347,52430573,53.627,random,float32
11,762.301086,3111,52430573,53.685,random,float32
11,762.853572,1920,52430573,56.268,random,float32
11,763.400889,7771,52430573,55.623,random,float32
11,763.950010,335,52430573,54.659,random,float32
11,764.494882,4951,52430573,53.425,random,float32
11,765.044170,4612,52430573,54.180,random,float32
11,765.595173,7923,52430573,57.160,random,float32
11,766.154105,8872,52430573,52.998,random,float32
11,766.701953,9205,52430573,55.289,random,float32
11,767.257194,6994,52430573,56.739,random,float32
11,767.806480,5730,52430573,54.122,random,float32
11,768.349282,8114,52430573,52.884,random,float32
11,768.881235,2251,52430573,52.951,random,float32
11,769.410522,8600,52430573,51.643,random,float32
11,769.937420,3789,52430573,52.374,random,float32
11,770.466057,459,52430573,53.956,random,float32
11,770.995376,9670,52430573,52.188,random,float32
11,771.531924,8173,52430573,53.114,random,float32
11,772.071692,4898,52430573,53.628,random,float32
11,772.617028,2295,52430573,55.009,random,float32
11,773.154144,4084,52430573,53.570,random,float32
11,773.692251,8711,52430573,54.250,random,float32
11,774.241502,2098,52430573,54.634,random,float32
11,774.777063,1369,52430573,55.661,random,float32
11,775.324670,6990,52430573,53.721,random,float32
11,775.863687,4722,52430573,53.023,random,float32
11,776.414251,7339,52430573,54.769,random,float32
11,776.971966,237,52430573,54.304,random,float32
11,777.516198,2734,52430573,53.743,random,float32
11,778.058173,9298,52430573,54.032,random,float32
11,778.598140,1603,52430573,53.711,random,float32
11,779.132485,1688,52430573,54.263,random,float32
11,779.674099,528,52430573,53.711,random,float32
11,780.208028,3720,52430573,54.490,random,float32
11,780.745733,9937,52430573,53.838,random,float32
11,781.286071,568,52430573,54.098,random,float32
11,781.827075,4653,52430573,54.058,random,float32
11,782.376755,8545,52430573,53.550,random,float32
11,782.907416,9363,52430573,52.967,random,float32
11,783.449518,5758,52430573,53.966,random,float32
11,783.989766,3471,52430573,54.101,random,float32
11,784.530937,4309,52430573,53.893,random,float32
11,785.068841,3264,52430573,53.042,random,float32
11,785.598343,1299,52430573,52.682,random,float32
11,786.124478,5474,52430573,53.148,random,float32
11,786.657598,1663,52430573,54.498,random,float32
11,787.203594,8454,52430573,53.881,random,float32
11,787.737476,2456,52430573,53.244,random,float32
11,788.273016,7805,52430573,53.577,random,float32
11,788.802581,6766,52430573,53.919,random,float32
11,789.348181,6845,52430573,56.375,random,float32
11,789.881526,2594,52430573,54.081,random,float32
11,790.422484,8691,52430573,56.677,random,float32
11,790.954618,5701,52430573,54.040,random,float32
11,791.487521,7491,52430573,53.173,random,float32
11,792.029871,650,52430573,52.993,random,float32
11,792.562086,6562,52430573,53.974,random,float32
11,793.102794,8862,52430573,54.234,random,float32
11,793.634003,3801,52430573,53.995,random,float32
11,794.171977,5797,52430573,53.574,random,float32
11,794.701758,4902,52430573,54.913,random,float32
11,795.232442,8504,52430573,54.693,random,float32
11,795.765501,820,52430573,51.798,random,float32
11,796.297431,1011,52430573,53.774,random,float32
11,796.827436,669,52430573,52.649,random,float32
11,797.368870,6923,52430573,53.771,random,float32
11,797.949902,4228,52430573,54.719,random,float32
11,798.499129,403,52430573,53.645,random,float32
11,799.041675,3574,52430573,52.891,random,float32
11,799.578475,270,52430573,53.619,random,float32
11,800.115774,2695,52430573,53.365,random,float32
11,800.651816,1658,52430573,53.888,random,float32
11,801.189798,1447,52430573,53.744,random,float32
11,801.725368,9689,52430573,52.092,random,float32
11,802.259950,5021,52430573,55.839,random,float32
11,802.803821,8496,52430573,55.100,random,float32
11,803.337955,3504,52430573,51.542,random,float32
11,803.876408,9564,52430573,55.662,random,float32
11,804.416423,437,52430573,51.361,random,float32
11,804.947607,6044,52430573,52.648,random,float32
11,805.481810,3385,52430573,54.075,random,float32
11,806.022861,6875,52430573,55.362,random,float32
11,806.559225,7274,52430573,54.098,random,float32
11,807.098606,8828,52430573,54.736,random,float32
11,807.633035,3059,52430573,53.948,random,float32
11,808.187625,6540,52430573,56.738,random,float32
11,808.726347,2987,52430573,52.767,random,float32
11,809.266896,757,52430573,56.604,random,float32
11,809.796766,3328,52430573,52.810,random,float32
11,810.320007,3490,52430573,52.879,random,float32
11,810.854513,8262,52430573,53.453,random,float32
11,811.378099,1851,52430573,53.418,random,float32
11,811.913798,5435,52430573,50.732,random,float32
11,812.442500,4938,52430573,51.212,random,float32
11,812.980629,8427,52430573,52.732,random,float32
11,813.505878,971,52430573,54.138,random,float32
11,814.043293,456,52430573,51.200,random,float32
11,814.572184,4534,52430573,51.346,random,float32
11,815.113071,6444,52430573,56.370,random,float32
11,815.648228,6449,52430573,52.857,random,float32
11,816.176975,7118,52430573,51.566,random,float32
11,816.700627,2864,52430573,52.125,random,float32
11,817.235126,6740,52430573,53.535,random,float32
11,817.772837,5210,52430573,54.908,random,float32
11,818.311876,7573,52430573,53.202,random,float32
11,818.847322,3600,52430573,54.841,random,float32
11,819.390790,8422,52430573,55.578,random,float32
11,819.936459,465,52430573,55.311,random,float32
11,820.473071,2682,52430573,55.278,random,float32
11,821.005578,7600,52430573,52.061,random,float32
11,821.534040,955,52430573,53.757,random,float32
11,822.064859,3473,52430573,50.765,random,float32
11,822.593707,7112,52430573,50.459,random,float32
11,823.118148,3842,52430573,52.890,random,float32
11,823.653354,185,52430573,53.543,random,float32
11,824.190798,8802,52430573,53.110,random,float32
11,824.730668,2315,52430573,54.220,random,float32
11,825.279378,7491,52430573,53.715,random,float32
11,825.808271,8210,52430573,52.416,random,float32
11,826.341499,8569,52430573,52.796,random,float32
11,826.878696,3337,52430573,54.346,random,float32
11,827.409670,4643,52430573,52.568,random,float32
11,827.939110,1235,52430573,53.086,random,float32
11,828.459919,5935,52430573,51.648,random,float32
11,829.000795,5479,52430573,52.687,random,float32
11,829.534940,4333,52430573,51.638,random,float32
11,830.057793,3076,52430573,51.804,random,float32
11,830.582664,6437,52430573,52.430,random,float32
11,831.109335,1820,52430573,53.679,random,float32
11,831.638608,596,52430573,52.745,random,float32
11,832.167914,4204,52430573,52.873,random,float32
11,832.696651,5933,52430573,55.466,random,float32
11,833.228259,9465,52430573,52.791,random,float32
11,833.752873,496,52430573,53.807,random,float32
11,834.296475,4417,52430573,53.990,random,float32
11,834.833511,1478,52430573,55.092,random,float32
11,835.359580,8342,52430573,54.135,random,float32
11,835.891874,8844,52430573,54.435,random,float32
11,836.444989,1839,52430573,55.367,random,float32
11,836.983586,9798,52430573,54.751,random,float32
11,837.546112,4766,52430573,55.580,random,float32
11,838.083515,9166,52430573,53.861,random,float32
11,838.620795,3431,52430573,53.453,random,float32
11,839.151174,6140,52430573,53.698,random,float32
11,839.704395,4044,52430573,55.898,random,float32
11,840.252742,2180,52430573,55.540,random,float32
11,840.799002,3897,52430573,54.388,random,float32
11,841.333087,1257,52430573,55.110,random,float32
11,841.886019,5174,52430573,54.287,random,float32
11,842.423335,510,52430573,53.966,random,float32
11,842.964559,6953,52430573,53.784,random,float32
11,843.499433,3009,52430573,52.540,random,float32
11,844.036220,5561,52430573,53.783,random,float32
11,844.571094,1348,52430573,53.237,random,float32
11,845.108093,1538,52430573,53.362,random,float32
11,845.643313,2875,52430573,53.985,random,float32
11,846.174903,7631,52430573,52.651,random,float32
11,846.704461,5424,52430573,52.317,random,float32
11,847.231873,7615,52430573,51.901,random,float32
11,847.764596,457,52430573,54.329,random,float32
11,848.328179,9109,52430573,55.019,random,float32
11,848.868366,3647,52430573,53.474,random,float32
11,849.405714,1546,52430573,52.816,random,float32
11,849.952894,2897,52430573,55.174,random,float32
11,850.513550,663,52430573,54.612,random,float32
11,851.054527,7206,52430573,52.209,random,float32
11,851.592379,9788,52430573,55.969,random,float32
11,852.136388,5458,52430573,55.476,random,float32
11,852.665434,7744,52430573,53.545,random,float32
11,853.205874,6008,52430573,53.474,random,float32
11,853.745016,8081,52430573,54.609,random,float32
11,854.279919,94,52430573,52.973,random,float32
11,854.819327,3830,52430573,55.767,random,float32
11,855.353922,4608,52430573,53.035,random,float32
11,855.886095,1962,52430573,53.376,random,float32
11,856.420964,9866,52430573,53.767,random,float32
11,856.952157,6700,52430573,52.669,random,float32
11,857.482390,7274,52430573,52.849,random,float32
11,858.015404,6152,52430573,55.396,random,float32
11,858.554582,1509,52430573,56.503,random,float32
11,859.094496,5398,52430573,54.236,random,float32
11,859.630730,434,52430573,54.236,random,float32
11,860.167691,5434,52430573,53.557,random,float32
11,860.702705,4245,52430573,53.620,random,float32
11,861.242269,713,52430573,54.423,random,float32
11,861.779292,5291,52430573,53.449,random,float32
11,862.306211,7994,52430573,51.268,random,float32
11,862.835446,8004,52430573,53.124,random,float32
11,863.366326,4534,52430573,52.720,random,float32
11,863.899559,260,52430573,53.617,random,float32
11,864.429749,1316,52430573,53.078,random,float32
11,864.962927,6514,52430573,52.659,random,float32
11,865.486217,5103,52430573,53.308,random,float32
11,866.023516,1395,52430573,55.287,random,float32
11,866.555203,3280,52430573,53.594,random,float32
11,867.095135,4041,52430573,54.824,random,float32
11,867.627749,5513,52430573,52.697,random,float32
11,868.164852,4282,52430573,54.036,random,float32
11,868.702414,3053,52430573,53.813,random,float32
11,869.241246,9912,52430573,55.270,random,float32
11,869.772277,4144,52430573,52.060,random,float32
11,870.307277,8500,52430573,54.034,random,float32
11,870.840170,5753,52430573,53.219,random,float32
11,871.370395,5136,52430573,52.695,random,float32
11,871.899617,7252,52430573,54.705,random,float32
11,872.432396,917,52430573,53.094,random,float32
11,872.964036,3695,52430573,52.639,random,float32
11,873.498723,9497,52430573,54.014,random,float32
11,874.031693,6656,52430573,53.263,random,float32
11,874.564152,7866,52430573,52.749,random,float32
11,875.101675,9445,52430573,53.389,random,float32
11,875.626985,7978,52430573,53.869,random,float32
11,876.161243,1096,52430573,54.203,random,float32
11,876.697342,1667,52430573,53.453,random,float32
11,877.231665,1881,52430573,53.134,random,float32
11,877.763076,984,52430573,53.330,random,float32
11,878.296701,4960,52430573,52.785,random,float32
11,878.831446,7679,52430573,53.039,random,float32
11,879.358033,6537,52430573,53.444,random,float32
11,879.892472,6751,52430573,52.701,random,float32
11,880.431207,425,52430573,53.988,random,float32
11,880.963932,885,52430573,53.857,random,float32
11,881.497512,2023,52430573,54.302,random,float32
11,882.028571,1009,52430573,53.610,random,float32
11,882.560557,291,52430573,52.407,random,float32
11,883.097547,2408,52430573,53.962,random,float32
11,883.636616,9127,52430573,55.756,random,float32
11,884.170378,4602,52430573,54.295,random,float32
11,884.713068,3522,52430573,55.343,random,float32
11,885.255140,9392,52430573,53.701,random,float32
11,885.789357,3014,52430573,53.119,random,float32
11,886.328613,2,52430573,53.792,random,float32
11,886.867475,6081,52430573,53.903,random,float32
11,887.407473,9162,52430573,53.905,random,float32
11,887.948473,8790,52430573,53.239,random,float32
11,888.486741,3293,52430573,55.269,random,float32
11,889.034513,1308,52430573,53.295,random,float32
11,889.572520,1407,52430573,51.906,random,float32
11,890.105113,5663,52430573,52.545,random,float32
11,890.644473,2862,52430573,53.927,random,float32
11,891.180990,5305,52430573,54.917,random,float32
11,891.721713,4929,52430573,52.725,random,float32
11,892.257477,2208,52430573,53.667,random,float32
11,892.799953,5942,52430573,53.111,random,float32
11,893.332722,3933,52430573,54.743,random,float32
11,893.878169,3926,52430573,54.564,random,float32
11,894.416341,7494,52430573,56.057,random,float32
11,894.954066,8269,52430573,53.444,random,float32
11,895.484969,424,52430573,50.839,random,float32
11,896.009038,175,52430573,53.366,random,float32
11,896.538195,881,52430573,53.494,random,float32
11,897.072130,236,52430573,53.380,random,float32
11,897.602790,1173,52430573,53.459,random,float32
11,898.137013,1812,52430573,53.697,random,float32
11,898.673798,2811,52430573,53.315,random,float32
11,899.208704,3821,52430573,53.206,random,float32
11,899.740378,7567,52430573,53.181,random,float32
12,300.499335,3163,52430573,53.177,random,float32
12,301.028959,5500,52430573,52.657,random,float32
12,301.563443,3658,52430573,54.147,random,float32
12,302.099026,5952,52430573,53.567,random,float32
12,302.637059,2424,52430573,53.950,random,float32
12,303.168498,3817,52430573,52.784,random,float32
12,303.701079,9255,52430573,53.250,random,float32
12,304.232732,2429,52430573,51.744,random,float32
12,304.771249,7355,52430573,53.138,random,float32
12,305.309576,612,52430573,53.057,random,float32
12,305.838807,649,52430573,52.097,random,float32
12,306.374389,9469,52430573,53.884,random,float32
12,306.910429,9887,52430573,53.508,random,float32
12,307.442804,3837,52430573,53.932,random,float32
12,307.974342,667,52430573,53.639,random,float32
12,308.515035,7338,52430573,54.276,random,float32
12,309.050540,9053,52430573,55.377,random,float32
12,309.585227,2933,52430573,53.804,random,float32
12,310.124206,2101,52430573,52.350,random,float32
12,310.662431,6527,52430573,54.758,random,float32
12,311.188501,1315,52430573,54.394,random,float32
12,311.722073,4430,52430573,53.098,random,float32
12,312.255304,1463,52430573,52.721,random,float32
12,312.796171,2562,52430573,55.077,random,float32
12,313.346238,4372,52430573,53.658,random,float32
12,313.891636,9905,52430573,54.524,random,float32
12,314.430771,2977,52430573,53.442,random,float32
12,314.987264,3622,52430573,55.820,random,float32
12,315.525789,1745,52430573,53.906,random,float32
12,316.068965,8804,52430573,55.710,random,float32
12,316.619346,5618,52430573,55.100,random,float32
12,317.186391,6905,52430573,56.407,random,float32
12,317.720991,8939,52430573,53.330,random,float32
12,318.253665,4623,52430573,52.914,random,float32
12,318.786642,5430,52430573,52.253,random,float32
12,319.313568,8617,52430573,52.571,random,float32
12,319.835648,5696,52430573,53.991,random,float32
12,320.367427,5610,52430573,53.947,random,float32
12,320.894285,3799,52430573,52.708,random,float32
12,321.428136,1342,52430573,53.882,random,float32
12,321.964177,9956,52430573,54.060,random,float32
12,322.495400,292,52430573,52.718,random,float32
12,323.023555,4042,52430573,52.160,random,float32
12,323.555544,1719,52430573,52.132,random,float32
12,324.095285,9142,52430573,54.155,random,float32
12,324.624738,5272,52430573,52.846,random,float32
12,325.156014,304,52430573,52.278,random,float32
12,325.684455,6140,52430573,53.438,random,float32
12,326.225896,2104,52430573,54.761,random,float32
12,326.764059,500,52430573,53.942,random,float32
12,327.317718,2425,52430573,55.773,random,float32
12,327.890961,4690,52430573,57.641,random,float32
12,328.442168,1256,52430573,53.891,random,float32
12,328.976762,6896,52430573,53.500,random,float32
12,329.515468,1906,52430573,53.981,random,float32
12,330.049722,2813,52430573,54.435,random,float32
12,330.582277,7744,52430573,53.265,random,float32
12,331.121521,2798,52430573,53.346,random,float32
12,331.659476,175,52430573,55.279,random,float32
12,332.192697,510,52430573,54.119,random,float32
12,332.727160,3263,52430573,54.305,random,float32
12,333.271629,7388,52430573,54.184,random,float32
12,333.805925,1278,52430573,52.100,random,float32
12,334.342895,5,52430573,52.197,random,float32
12,334.876358,6823,52430573,53.610,random,float32
12,335.412711,4576,52430573,53.370,random,float32
12,335.948896,5460,52430573,53.071,random,float32
12,336.487422,2825,52430573,53.633,random,float32
12,337.027355,2588,52430573,52.977,random,float32
12,337.556930,159,52430573,53.870,random,float32
12,338.085095,9544,52430573,52.634,random,float32
12,338.617361,7733,52430573,53.687,random,float32
12,339.153410,2543,52430573,53.003,random,float32
12,339.694074,4682,52430573,53.747,random,float32
12,340.227662,4939,52430573,51.904,random,float32
12,340.761156,3574,52430573,53.124,random,float32
12,341.295247,7593,52430573,53.156,random,float32
12,341.835372,8878,52430573,51.463,random,float32
12,342.368978,3610,52430573,51.532,random,float32
12,342.899340,9765,52430573,52.776,random,float32
12,343.430518,676,52430573,53.987,random,float32
12,343.974810,7946,52430573,53.043,random,float32
12,344.512915,4814,52430573,54.569,random,float32
12,345.057152,3582,52430573,54.312,random,float32
12,345.601989,3493,52430573,54.982,random,float32
12,346.156321,9331,52430573,54.363,random,float32
12,346.699746,9972,52430573,53.859,random,float32
12,347.240643,8580,52430573,56.250,random,float32
12,347.772857,1182,52430573,52.351,random,float32
12,348.310058,6789,52430573,53.468,random,float32
12,348.845011,2356,52430573,53.101,random,float32
12,349.386130,5312,52430573,55.144,random,float32
12,349.919455,9882,52430573,55.213,random,float32
12,350.455724,1290,52430573,54.037,random,float32
12,350.991536,3682,52430573,53.120,random,float32
12,351.527520,9004,52430573,53.826,random,float32
12,352.064052,5960,52430573,54.144,random,float32
12,352.603329,5011,52430573,53.886,random,float32
12,353.149363,1962,52430573,55.320,random,float32
12,353.683814,85,52430573,53.983,random,float32
12,354.221895,817,52430573,53.545,random,float32
12,354.746954,3939,52430573,52.547,random,float32
12,355.274156,3737,52430573,52.352,random,float32
12,355.811649,8629,52430573,53.624,random,float32
12,356.346205,1862,52430573,50.664,random,float32
12,356.885577,6128,52430573,52.876,random,float32
12,357.425737,1350,52430573,54.410,random,float32
12,357.957365,7711,52430573,53.004,random,float32
12,358.489857,3737,52430573,53.009,random,float32
12,359.018262,8347,52430573,53.789,random,float32
12,359.554681,4506,52430573,52.095,random,float32
12,360.094911,3965,52430573,53.899,random,float32
12,360.629007,3667,52430573,53.479,random,float32
12,361.169316,3760,52430573,54.916,random,float32
12,361.713429,8203,52430573,54.436,random,float32
12,362.244697,4296,52430573,53.177,random,float32
12,362.776492,8618,52430573,53.285,random,float32
12,363.318363,5962,52430573,54.976,random,float32
12,363.846693,8349,52430573,54.215,random,float32
12,364.382639,5409,52430573,53.995,random,float32
12,364.914190,6398,52430573,54.222,random,float32
12,365.453062,2301,52430573,54.119,random,float32
12,365.985647,8689,52430573,54.173,random,float32
12,366.525306,9426,52430573,55.019,random,float32
12,367.069992,5707,52430573,54.430,random,float32
12,367.616774,8290,52430573,54.380,random,float32
12,368.157071,0,52430573,53.828,random,float32
12,368.702146,1066,52430573,54.370,random,float32
12,369.239893,8379,52430573,54.534,random,float32
12,369.790598,1349,52430573,55.558,random,float32
12,370.336583,6221,52430573,54.985,random,float32
12,370.876453,4593,52430573,53.699,random,float32
12,371.417501,7685,52430573,55.491,random,float32
12,371.964747,6214,52430573,54.483,random,float32
12,372.500954,384,52430573,52.443,random,float32
12,373.036577,8140,52430573,53.428,random,float32
12,373.571032,7458,52430573,54.432,random,float32
12,374.114075,1160,52430573,54.527,random,float32
12,374.666425,7986,52430573,55.140,random,float32
12,375.218624,543,52430573,53.712,random,float32
12,375.762416,5855,52430573,53.986,random,float32
12,376.320874,3187,52430573,56.774,random,float32
12,376.866421,3443,52430573,54.577,random,float32
12,377.406508,6987,52430573,53.576,random,float32
12,377.941429,2204,52430573,53.420,random,float32
12,378.471403,3324,52430573,52.511,random,float32
12,379.007369,3574,52430573,53.540,random,float32
12,379.541458,3736,52430573,51.887,random,float32
12,380.082248,9765,52430573,53.842,random,float32
12,380.636414,4691,52430573,55.218,random,float32
12,381.186222,9275,52430573,52.712,random,float32
12,381.739143,2293,52430573,56.579,random,float32
12,382.295751,9371,52430573,54.839,random,float32
12,382.840865,184,52430573,54.111,random,float32
12,383.366671,1426,52430573,53.196,random,float32
12,383.912034,7475,52430573,55.298,random,float32
12,384.458888,7421,52430573,53.259,random,float32
12,385.008187,2198,52430573,56.640,random,float32
12,385.557084,3880,52430573,53.927,random,float32
12,386.102936,9615,52430573,54.312,random,float32
12,386.642246,3391,52430573,53.150,random,float32
12,387.176122,1931,52430573,53.561,random,float32
12,387.709953,8677,52430573,54.225,random,float32
12,388.242018,3019,52430573,53.948,random,float32
12,388.783922,6029,52430573,52.619,random,float32
12,389.313651,9270,52430573,52.272,random,float32
12,389.849473,4778,52430573,52.915,random,float32
12,390.381364,6010,52430573,52.262,random,float32
12,390.919364,192,52430573,54.603,random,float32
12,391.460840,6398,52430573,55.109,random,float32
12,391.993963,1198,52430573,50.074,random,float32
12,392.530389,2175,52430573,54.449,random,float32
12,393.075969,6455,52430573,54.228,random,float32
12,393.626565,4618,52430573,55.219,random,float32
12,394.166038,5152,52430573,53.436,random,float32
12,394.700052,8327,52430573,53.443,random,float32
12,395.249891,3245,52430573,54.925,random,float32
12,395.793975,6512,52430573,53.321,random,float32
12,396.339189,1694,52430573,52.780,random,float32
12,396.879749,2958,52430573,53.820,random,float32
12,397.415019,6959,52430573,52.822,random,float32
12,397.948186,498,52430573,52.056,random,float32
12,398.478871,7427,52430573,53.620,random,float32
12,399.013772,6490,52430573,53.382,random,float32
12,399.549526,4219,52430573,53.520,random,float32
12,400.084565,4866,52430573,54.362,random,float32
12,400.616009,908,52430573,53.896,random,float32
12,401.153490,6646,52430573,55.445,random,float32
12,401.688132,4061,52430573,54.450,random,float32
12,402.221170,2272,52430573,52.480,random,float32
12,402.750052,8969,52430573,53.980,random,float32
12,403.281350,8291,52430573,52.913,random,float32
12,403.815770,6262,52430573,54.191,random,float32
12,404.353354,9331,52430573,53.858,random,float32
12,404.884365,3384,52430573,52.833,random,float32
12,405.418210,9058,52430573,53.735,random,float32
12,405.949881,1247,52430573,51.552,random,float32
12,406.477424,4938,52430573,52.918,random,float32
12,406.993598,1952,52430573,53.878,random,float32
12,407.529336,6691,52430573,52.351,random,float32
12,408.054853,6087,52430573,52.050,random,float32
12,408.593048,2306,52430573,50.830,random,float32
12,409.116500,8241,52430573,50.130,random,float32
12,409.660129,7563,52430573,53.801,random,float32
12,410.192730,9679,52430573,52.186,random,float32
12,410.732290,321,52430573,54.528,random,float32
12,411.259317,8195,52430573,52.436,random,float32
12,411.794422,4100,52430573,52.573,random,float32
12,412.325996,4046,52430573,52.825,random,float32
12,412.870929,847,52430573,53.843,random,float32
12,413.405450,9668,52430573,53.595,random,float32
12,413.947288,4646,52430573,53.048,random,float32
12,414.488279,4690,52430573,54.245,random,float32
12,415.023754,8233,52430573,55.025,random,float32
12,415.565243,5985,52430573,54.665,random,float32
12,416.127057,7389,52430573,56.690,random,float32
12,416.666504,2129,52430573,54.285,random,float32
12,417.201090,5627,52430573,53.593,random,float32
12,417.736564,3675,52430573,54.344,random,float32
12,418.285397,1105,52430573,55.142,random,float32
12,418.836484,5175,52430573,55.579,random,float32
12,419.388237,8047,52430573,53.134,random,float32
12,419.926759,9380,52430573,53.644,random,float32
12,420.462161,2036,52430573,55.061,random,float32
12,420.999077,9603,52430573,53.293,random,float32
12,421.534855,5441,52430573,52.797,random,float32
12,422.068371,2848,52430573,52.736,random,float32
12,422.597817,4997,52430573,52.574,random,float32
12,423.132672,9209,52430573,53.711,random,float32
12,423.668224,2447,52430573,52.738,random,float32
12,424.205389,7908,52430573,51.056,random,float32
12,424.741863,8947,52430573,53.931,random,float32
12,425.290186,5992,52430573,56.027,random,float32
12,425.833859,1100,52430573,55.488,random,float32
12,426.396269,5510,52430573,56.550,random,float32
12,426.940325,6761,52430573,54.119,random,float32
12,427.496407,333,52430573,56.630,random,float32
12,428.035812,6747,52430573,53.399,random,float32
12,428.580601,3124,52430573,53.927,random,float32
12,429.130150,6783,52430573,54.095,random,float32
12,429.681274,4824,52430573,56.051,random,float32
12,430.240245,9204,52430573,55.630,random,float32
12,430.779215,2648,52430573,53.943,random,float32
12,431.310342,2712,52430573,51.601,random,float32
12,431.841346,177,52430573,53.977,random,float32
12,432.375744,6787,52430573,53.883,random,float32
12,432.909325,8897,52430573,52.060,random,float32
12,433.448361,5666,52430573,54.388,random,float32
12,434.007518,5234,52430573,57.078,random,float32
12,434.559321,4138,52430573,52.656,random,float32
12,435.097703,9683,52430573,53.761,random,float32
12,435.626681,4095,52430573,52.413,random,float32
12,436.164712,1540,52430573,53.654,random,float32
12,436.699799,4459,52430573,56.057,random,float32
12,437.233349,1049,52430573,51.237,random,float32
12,437.773408,1594,52430573,53.480,random,float32
12,438.305454,4279,52430573,53.992,random,float32
12,438.849146,8751,52430573,56.276,random,float32
12,439.382589,7673,52430573,53.203,random,float32
12,439.927040,6345,52430573,55.541,random,float32
12,440.464520,7992,52430573,53.288,random,float32
12,440.998665,698,52430573,52.682,random,float32
12,441.518928,7359,52430573,54.503,random,float32
12,442.060074,4914,52430573,53.546,random,float32
12,442.597797,238,52430573,52.752,random,float32
12,443.129531,8516,52430573,53.714,random,float32
12,443.662203,2774,52430573,52.854,random,float32
12,444.196004,7097,52430573,52.720,random,float32
12,444.726206,1725,52430573,53.268,random,float32
12,445.263757,7653,52430573,54.119,random,float32
12,445.799876,9247,52430573,53.239,random,float32
12,446.337409,2041,52430573,53.920,random,float32
12,446.876134,2849,52430573,53.682,random,float32
12,447.412649,2052,52430573,53.878,random,float32
12,447.944426,9195,52430573,53.214,random,float32
12,448.480032,3985,52430573,52.751,random,float32
12,449.018549,7003,52430573,53.751,random,float32
12,449.557386,9693,52430573,54.340,random,float32
12,450.112808,2008,52430573,54.402,random,float32
12,450.665752,8824,52430573,55.072,random,float32
12,451.209404,3998,52430573,53.386,random,float32
12,451.754322,2173,52430573,53.583,random,float32
12,452.294200,3741,52430573,55.212,random,float32
12,452.829474,5552,52430573,54.599,random,float32
12,453.361540,5375,52430573,54.068,random,float32
12,453.902105,9164,52430573,59.364,random,float32
12,454.443744,2290,52430573,54.740,random,float32
12,454.979909,5130,52430573,52.429,random,float32
12,455.520563,22,52430573,53.370,random,float32
12,456.055685,5245,52430573,53.732,random,float32
12,456.587593,1372,52430573,53.417,random,float32
12,457.121465,8171,52430573,52.582,random,float32
12,457.659458,5394,52430573,52.819,random,float32
12,458.204120,8499,52430573,50.882,random,float32
12,458.742308,5003,52430573,52.837,random,float32
12,459.269037,9843,52430573,53.328,random,float32
12,459.796374,3838,52430573,53.797,random,float32
12,460.328987,4431,52430573,54.497,random,float32
12,460.865659,5959,52430573,52.810,random,float32
12,461.399494,5338,52430573,52.706,random,float32
12,461.931695,5370,52430573,53.612,random,float32
12,462.463255,6129,52430573,52.349,random,float32
12,462.992592,7364,52430573,53.134,random,float32
12,463.522027,4377,52430573,53.568,random,float32
12,464.055717,9209,52430573,51.629,random,float32
12,464.586301,4996,52430573,55.466,random,float32
12,465.126832,4773,52430573,53.248,random,float32
12,465.675193,3429,52430573,56.174,random,float32
12,466.223032,5640,52430573,54.693,random,float32
12,466.776671,7546,52430573,55.650,random,float32
12,467.318840,165,52430573,53.715,random,float32
12,467.851096,1004,52430573,53.666,random,float32
12,468.385641,223,52430573,55.051,random,float32
12,468.920808,6103,52430573,54.085,random,float32
12,469.457936,6407,52430573,53.896,random,float32
12,469.985730,7537,52430573,53.176,random,float32
12,470.515570,3999,52430573,51.679,random,float32
12,471.047717,443,52430573,54.239,random,float32
12,471.585585,129,52430573,53.757,random,float32
12,472.123823,1033,52430573,53.641,random,float32
12,472.657406,5031,52430573,52.782,random,float32
12,473.201544,3615,52430573,54.435,random,float32
12,473.754602,7372,52430573,54.488,random,float32
12,474.303241,8134,52430573,56.194,random,float32
12,474.844986,8077,52430573,53.379,random,float32
12,475.385865,5400,52430573,53.672,random,float32
12,475.925094,3577,52430573,52.896,random,float32
12,476.462582,904,52430573,53.591,random,float32
12,476.988494,5414,52430573,52.698,random,float32
12,477.514429,6995,52430573,52.311,random,float32
12,478.049369,1441,52430573,52.899,random,float32
12,478.564594,8446,52430573,50.968,random,float32
12,479.089001,4463,52430573,52.199,random,float32
12,479.615133,2379,52430573,51.462,random,float32
12,480.139337,820,52430573,53.014,random,float32
12,480.672004,2139,52430573,53.973,random,float32
12,481.201625,2555,52430573,53.246,random,float32
12,481.735556,6753,52430573,52.550,random,float32
12,482.265194,7835,52430573,53.157,random,float32
12,482.798922,9385,52430573,55.071,random,float32
12,483.353374,4048,52430573,54.776,random,float32
12,483.908851,3859,52430573,54.653,random,float32
12,484.453715,5558,52430573,55.205,random,float32
12,485.017418,2180,52430573,54.706,random,float32
12,485.560575,3439,52430573,54.287,random,float32
12,486.100067,4350,52430573,54.238,random,float32
12,486.633333,2243,52430573,52.218,random,float32
12,487.162215,7656,52430573,55.613,random,float32
12,487.702675,2076,52430573,52.804,random,float32
12,488.242227,5436,52430573,53.967,random,float32
12,488.769644,1899,52430573,52.367,random,float32
12,489.298169,311,52430573,51.952,random,float32
12,489.817771,912,52430573,51.693,random,float32
12,490.356826,6447,52430573,56.524,random,float32
12,490.909399,1995,52430573,53.613,random,float32
12,491.444818,6325,52430573,53.775,random,float32
12,491.983296,6689,52430573,53.464,random,float32
12,492.523730,7145,52430573,53.978,random,float32
12,493.058843,151,52430573,55.349,random,float32
12,493.596883,4256,52430573,52.485,random,float32
12,494.139925,8703,52430573,52.355,random,float32
12,494.676886,8537,52430573,52.394,random,float32
12,495.214645,9651,52430573,51.980,random,float32
12,495.749782,7256,52430573,54.479,random,float32
12,496.289069,9981,52430573,51.929,random,float32
12,496.827769,4474,52430573,54.237,random,float32
12,497.367414,3930,52430573,52.919,random,float32
12,497.901013,7272,52430573,53.025,random,float32
12,498.442842,5301,52430573,55.848,random,float32
12,498.973952,6127,52430573,52.212,random,float32
12,499.507931,7975,52430573,51.526,random,float32
12,500.040088,7767,52430573,53.122,random,float32
12,500.573467,6455,52430573,54.196,random,float32
12,501.093577,5091,52430573,53.994,random,float32
12,501.628878,6762,52430573,52.940,random,float32
12,502.163467,2554,52430573,56.510,random,float32
12,502.715186,6448,52430573,54.942,random,float32
12,503.264575,7363,52430573,55.527,random,float32
12,503.816636,2594,52430573,55.835,random,float32
12,504.362798,6847,52430573,53.743,random,float32
12,504.897911,9975,52430573,54.259,random,float32
12,505.431770,8917,52430573,53.351,random,float32
12,505.968959,2886,52430573,53.428,random,float32
12,506.498249,5754,52430573,53.533,random,float32
12,507.037713,9856,52430573,54.919,random,float32
12,507.578324,8918,52430573,53.265,random,float32
12,508.114515,6901,52430573,54.258,random,float32
12,508.649183,9596,52430573,53.329,random,float32
12,509.183946,1381,52430573,53.133,random,float32
12,509.717200,6221,52430573,53.744,random,float32
12,510.251907,8696,52430573,53.275,random,float32
12,510.790950,5045,52430573,53.790,random,float32
12,511.326011,9038,52430573,52.531,random,float32
12,511.862768,2027,52430573,53.325,random,float32
12,512.398355,8762,52430573,51.824,random,float32
12,512.935397,8580,52430573,53.358,random,float32
12,513.475094,4614,52430573,53.856,random,float32
12,514.025102,9912,52430573,56.342,random,float32
12,514.572258,1028,52430573,54.815,random,float32
12,515.114026,5754,52430573,54.063,random,float32
12,515.666711,5639,52430573,54.967,random,float32
12,516.217110,4929,52430573,54.549,random,float32
12,516.753314,2,52430573,53.515,random,float32
12,517.294248,5819,52430573,54.303,random,float32
12,517.830344,5465,52430573,53.371,random,float32
12,518.375522,5467,52430573,54.538,random,float32
12,518.933571,6761,52430573,54.852,random,float32
12,519.480372,6924,52430573,54.129,random,float32
12,520.017168,3107,52430573,52.073,random,float32
12,520.546244,1525,52430573,54.618,random,float32
12,521.075610,1568,52430573,53.096,random,float32
12,521.623083,4494,52430573,56.387,random,float32
12,522.193213,6758,52430573,56.878,random,float32
12,522.753002,6737,52430573,54.993,random,float32
12,523.306686,6405,52430573,56.421,random,float32
12,523.851763,8199,52430573,55.092,random,float32
12,524.398992,2866,52430573,55.272,random,float32
12,524.929830,416,52430573,53.451,random,float32
12,525.466378,2840,52430573,55.275,random,float32
12,525.996490,2497,52430573,54.891,random,float32
12,526.520523,1508,52430573,53.143,random,float32
12,527.067760,382,52430573,53.622,random,float32
12,527.601315,2931,52430573,54.372,random,float32
12,528.128908,1800,52430573,52.652,random,float32
12,528.664089,4646,52430573,54.383,random,float32
12,529.196584,2810,52430573,53.189,random,float32
12,529.731979,4438,52430573,54.144,random,float32
12,530.266970,5598,52430573,53.677,random,float32
12,530.795272,6494,52430573,50.917,random,float32
12,531.319943,4610,52430573,52.800,random,float32
12,531.850060,3693,52430573,52.472,random,float32
12,532.381636,7074,52430573,52.536,random,float32
12,532.919641,3960,52430573,53.097,random,float32
12,533.455723,1828,52430573,53.476,random,float32
12,533.997678,5665,52430573,55.616,random,float32
12,534.532857,805,52430573,53.804,random,float32
12,535.073430,4937,52430573,53.853,random,float32
12,535.604251,6422,52430573,52.418,random,float32
12,536.131750,4948,52430573,53.044,random,float32
12,536.662450,5146,52430573,53.726,random,float32
12,537.201378,1673,52430573,54.034,random,float32
12,537.739701,8813,52430573,53.552,random,float32
12,538.279977,3616,52430573,54.700,random,float32
12,538.815583,9475,52430573,53.999,random,float32
12,539.352795,8661,52430573,54.030,random,float32
12,539.887134,5874,52430573,53.879,random,float32
12,540.419241,3566,52430573,54.320,random,float32
12,540.947182,6249,52430573,53.209,random,float32
12,541.477925,6974,52430573,53.530,random,float32
12,542.008975,9765,52430573,51.521,random,float32
12,542.536730,1709,52430573,52.364,random,float32
12,543.078048,4905,52430573,54.314,random,float32
12,543.614704,8829,52430573,52.637,random,float32
12,544.153946,379,52430573,54.764,random,float32
12,544.691040,1145,52430573,52.615,random,float32
12,545.230119,8750,52430573,52.603,random,float32
12,545.764953,3584,52430573,54.745,random,float32
12,546.307035,8734,52430573,53.722,random,float32
12,546.838554,5477,52430573,52.462,random,float32
12,547.361686,1933,52430573,52.695,random,float32
12,547.896052,4243,52430573,52.098,random,float32
12,548.430429,8512,52430573,52.148,random,float32
12,548.960519,5120,52430573,53.164,random,float32
12,549.492447,3129,52430573,52.754,random,float32
12,550.019745,4417,52430573,54.148,random,float32
12,550.561131,1112,52430573,53.723,random,float32
12,551.094459,5204,52430573,53.562,random,float32
12,551.630323,8198,52430573,53.445,random,float32
12,552.165402,3477,52430573,54.002,random,float32
12,552.700279,5251,52430573,52.685,random,float32
12,553.239828,6090,52430573,53.792,random,float32
12,553.778266,446,52430573,53.781,random,float32
12,554.315043,6546,52430573,55.504,random,float32
12,554.851300,5246,52430573,53.626,random,float32
12,555.385915,1268,52430573,51.392,random,float32
12,555.933768,4443,52430573,55.868,random,float32
12,556.465816,719,52430573,53.498,random,float32
12,556.994682,1347,52430573,52.776,random,float32
12,557.528388,1911,52430573,54.074,random,float32
12,558.061514,2350,52430573,54.011,random,float32
12,558.600163,6694,52430573,53.726,random,float32
12,559.135846,5122,52430573,53.148,random,float32
12,559.669250,7669,52430573,52.637,random,float32
12,560.203659,2390,52430573,54.056,random,float32
12,560.743459,2688,52430573,54.696,random,float32
12,561.282765,2538,52430573,53.668,random,float32
12,561.819447,3416,52430573,53.778,random,float32
12,562.355547,9960,52430573,53.889,random,float32
12,562.895388,4650,52430573,53.671,random,float32
12,563.431781,8717,52430573,53.660,random,float32
12,563.970557,6336,52430573,53.741,random,float32
12,564.505861,8932,52430573,54.373,random,float32
12,565.039906,633,52430573,52.933,random,float32
12,565.573738,8438,52430573,54.581,random,float32
12,566.113378,1601,52430573,53.893,random,float32
12,566.638476,6173,52430573,53.129,random,float32
12,567.170208,9898,52430573,53.436,random,float32
12,567.704107,9139,52430573,52.125,random,float32
12,568.237962,9242,52430573,53.554,random,float32
12,568.771815,7281,52430573,51.584,random,float32
12,569.304073,697,52430573,54.643,random,float32
12,569.846784,1755,52430573,53.763,random,float32
12,570.386444,3141,52430573,55.257,random,float32
12,570.931063,9550,52430573,53.894,random,float32
12,571.461368,4391,52430573,52.938,random,float32
12,572.002781,7609,52430573,54.521,random,float32
12,572.542843,4897,52430573,53.353,random,float32
12,573.076841,9777,52430573,54.254,random,float32
12,573.613888,7764,52430573,54.135,random,float32
12,574.150858,1300,52430573,52.687,random,float32
12,574.686232,8108,52430573,53.331,random,float32
12,575.218847,9434,52430573,52.250,random,float32
12,575.753234,5375,52430573,53.204,random,float32
12,576.289568,8024,52430573,52.626,random,float32
12,576.820835,4294,52430573,52.397,random,float32
12,577.364779,2153,52430573,53.684,random,float32
12,577.903147,6662,52430573,54.157,random,float32
12,578.432991,3087,52430573,52.957,random,float32
12,578.955387,7237,52430573,52.258,random,float32
12,579.484736,6891,52430573,53.751,random,float32
12,580.015883,10,52430573,51.595,random,float32
12,580.547565,9850,52430573,50.611,random,float32
12,581.088185,4519,52430573,55.532,random,float32
12,581.623491,3075,52430573,52.408,random,float32
12,582.154341,2740,52430573,52.984,random,float32
12,582.698297,2395,52430573,54.596,random,float32
12,583.249438,7947,52430573,57.649,random,float32
12,583.799071,8628,52430573,55.566,random,float32
12,584.331418,5715,52430573,52.585,random,float32
12,584.898304,1509,52430573,62.559,random,float32
12,585.442894,8294,52430573,53.186,random,float32
12,585.979877,4844,52430573,54.884,random,float32
12,586.525992,7290,52430573,54.286,random,float32
12,587.067850,1652,52430573,55.134,random,float32
12,587.609381,945,52430573,53.057,random,float32
12,588.158323,1097,52430573,56.456,random,float32
12,588.715052,151,52430573,53.575,random,float32
12,589.254817,7151,52430573,53.414,random,float32
12,589.800436,4659,52430573,54.121,random,float32
12,590.344545,2563,52430573,54.157,random,float32
12,590.892356,2215,52430573,53.736,random,float32
12,591.431876,9922,52430573,53.599,random,float32
12,591.962149,9213,52430573,52.101,random,float32
12,592.487929,7394,52430573,50.968,random,float32
12,593.020444,6093,52430573,53.416,random,float32
12,593.554897,6991,52430573,53.130,random,float32
12,594.094867,4941,52430573,54.339,random,float32
12,594.628703,2462,52430573,53.135,random,float32
12,595.173008,213,52430573,54.061,random,float32
12,595.711642,7670,52430573,51.987,random,float32
12,596.251552,2439,52430573,53.542,random,float32
12,596.792267,9660,52430573,52.094,random,float32
12,597.330599,9571,52430573,52.779,random,float32
12,597.862738,7410,52430573,55.130,random,float32
12,598.411554,3691,52430573,53.224,random,float32
12,598.943826,5137,52430573,53.389,random,float32
12,599.480823,9272,52430573,53.346,random,float32
12,600.015086,3277,52430573,53.487,random,float32
12,600.561429,1019,52430573,54.059,random,float32
12,601.089520,9914,52430573,52.697,random,float32
12,601.628320,3841,52430573,53.722,random,float32
12,602.166261,7955,52430573,53.631,random,float32
12,602.707504,8451,52430573,54.464,random,float32
12,603.245182,7365,52430573,54.427,random,float32
12,603.780023,4392,52430573,55.403,random,float32
12,604.310402,3286,52430573,52.289,random,float32
12,604.848683,5936,52430573,54.595,random,float32
12,605.394042,8275,52430573,54.333,random,float32
12,605.922110,9658,52430573,54.756,random,float32
12,606.448942,8238,52430573,52.899,random,float32
12,606.974551,1353,52430573,53.053,random,float32
12,607.517653,5057,52430573,54.899,random,float32
12,608.066763,2374,52430573,55.322,random,float32
12,608.615289,2008,52430573,53.534,random,float32
12,609.151370,8117,52430573,53.253,random,float32
12,609.689741,9138,52430573,53.592,random,float32
12,610.215218,1785,52430573,52.800,random,float32
12,610.748625,8430,52430573,53.917,random,float32
12,611.277653,6185,52430573,53.118,random,float32
12,611.813023,4014,52430573,54.366,random,float32
12,612.338755,986,52430573,52.598,random,float32
12,612.866219,3907,52430573,51.798,random,float32
12,613.395873,5700,52430573,53.816,random,float32
12,613.934919,3688,52430573,52.157,random,float32
12,614.461350,4816,52430573,53.401,random,float32
12,614.997639,518,52430573,53.105,random,float32
12,615.528245,3424,52430573,53.325,random,float32
12,616.056420,5002,52430573,52.208,random,float32
12,616.591260,8990,52430573,52.836,random,float32
12,617.130912,2325,52430573,56.114,random,float32
12,617.663497,6128,52430573,53.048,random,float32
12,618.201263,9820,52430573,55.872,random,float32
12,618.740758,9720,52430573,53.619,random,float32
12,619.275313,214,52430573,54.519,random,float32
12,619.810790,5391,52430573,53.065,random,float32
12,620.334314,7264,52430573,51.789,random,float32
12,620.867128,4482,52430573,55.579,random,float32
12,621.413340,8349,52430573,52.881,random,float32
12,621.944073,4272,52430573,54.757,random,float32
12,622.471803,8934,52430573,51.725,random,float32
12,622.994024,5652,52430573,53.197,random,float32
12,623.527232,5185,52430573,54.373,random,float32
12,624.072897,6580,52430573,54.645,random,float32
12,624.599520,3983,52430573,50.070,random,float32
12,625.126404,7131,52430573,53.920,random,float32
12,625.669546,970,52430573,53.528,random,float32
12,626.201692,7009,52430573,52.057,random,float32
12,626.732379,8621,52430573,53.519,random,float32
12,627.278254,9529,52430573,54.290,random,float32
12,627.824825,6328,52430573,55.176,random,float32
12,628.377996,400,52430573,55.284,random,float32
12,628.914306,984,52430573,55.480,random,float32
12,629.449517,259,52430573,53.570,random,float32
12,629.984988,7094,52430573,53.351,random,float32
12,630.516691,577,52430573,53.832,random,float32
12,631.060452,7711,52430573,54.486,random,float32
12,631.603883,1409,52430573,54.770,random,float32
12,632.140682,9521,52430573,53.953,random,float32
12,632.676073,6761,52430573,53.869,random,float32
12,633.218291,8506,52430573,53.946,random,float32
12,633.749290,9550,52430573,53.393,random,float32
12,634.284506,6542,52430573,52.490,random,float32
12,634.820059,951,52430573,53.166,random,float32
12,635.350214,2710,52430573,52.661,random,float32
12,635.883375,7517,52430573,53.936,random,float32
12,636.418344,2650,52430573,50.512,random,float32
12,636.948885,3567,52430573,53.307,random,float32
12,637.490366,9260,52430573,55.407,random,float32
12,638.031016,9102,52430573,53.362,random,float32
12,638.567761,4442,52430573,53.237,random,float32
12,639.102462,3960,52430573,54.799,random,float32
12,639.655985,118,52430573,56.182,random,float32
12,640.200074,2928,52430573,53.747,random,float32
12,640.747711,7459,52430573,55.710,random,float32
12,641.300085,7758,52430573,54.145,random,float32
12,641.839864,8103,52430573,53.755,random,float32
12,642.375579,7754,52430573,52.760,random,float32
12,642.920050,7579,52430573,55.291,random,float32
12,643.460317,8514,52430573,54.340,random,float32
12,644.006610,6297,52430573,54.055,random,float32
12,644.555022,1547,52430573,54.584,random,float32
12,645.111332,1147,52430573,55.523,random,float32
12,645.647759,1396,52430573,52.818,random,float32
12,646.179204,4233,52430573,53.161,random,float32
12,646.699591,1173,52430573,50.947,random,float32
12,647.234584,4487,52430573,53.410,random,float32
12,647.763626,6070,52430573,52.857,random,float32
12,648.300483,4391,52430573,55.550,random,float32
12,648.831261,4358,52430573,53.047,random,float32
12,649.362264,8382,52430573,52.029,random,float32
12,649.888809,7352,52430573,52.161,random,float32
12,650.416777,5852,52430573,53.668,random,float32
12,650.947651,3771,52430573,52.977,random,float32
12,651.487970,8213,52430573,53.022,random,float32
12,652.029669,9337,52430573,54.564,random,float32
12,652.567253,9119,52430573,53.625,random,float32
12,653.111787,8889,52430573,54.095,random,float32
12,653.669458,2567,52430573,58.571,random,float32
12,654.210511,999,52430573,52.616,random,float32
12,654.738542,8620,52430573,52.502,random,float32
12,655.269102,9836,52430573,54.272,random,float32
12,655.799485,1525,52430573,52.897,random,float32
12,656.339094,2056,52430573,53.152,random,float32
12,656.867858,5064,52430573,53.763,random,float32
12,657.405229,6836,52430573,53.371,random,float32
12,657.944289,9105,52430573,52.613,random,float32
12,658.474932,551,52430573,52.493,random,float32
12,659.007634,2534,52430573,53.294,random,float32
12,659.537112,6684,52430573,53.328,random,float32
12,660.059707,1771,52430573,51.826,random,float32
12,660.592918,1071,52430573,53.736,random,float32
12,661.121688,6722,52430573,52.647,random,float32
12,661.644351,1924,52430573,49.336,random,float32
12,662.170678,4740,52430573,53.959,random,float32
12,662.713270,7246,52430573,55.153,random,float32
12,663.242812,9981,52430573,52.798,random,float32
12,663.771203,3475,52430573,51.791,random,float32
12,664.304463,3024,52430573,53.403,random,float32
12,664.835499,6754,52430573,52.445,random,float32
12,665.373319,6960,52430573,52.549,random,float32
12,665.898674,4883,52430573,51.785,random,float32
12,666.430572,9035,52430573,52.014,random,float32
12,666.958963,6821,52430573,52.485,random,float32
12,667.504634,1489,52430573,55.249,random,float32
12,668.052558,3014,52430573,53.510,random,float32
12,668.590441,6491,52430573,53.370,random,float32
12,669.128604,1209,52430573,53.001,random,float32
12,669.711147,4908,52430573,55.662,random,float32
12,670.263922,6314,52430573,54.589,random,float32
12,670.802872,4276,52430573,52.476,random,float32
12,671.338291,4566,52430573,53.056,random,float32
12,671.890815,6849,52430573,55.697,random,float32
12,672.428122,1206,52430573,53.609,random,float32
12,672.960831,5283,52430573,53.167,random,float32
12,673.493175,2664,52430573,52.984,random,float32
12,674.043253,8379,52430573,55.126,random,float32
12,674.587660,5541,52430573,52.883,random,float32
12,675.131108,5859,52430573,55.115,random,float32
12,675.667891,1743,52430573,53.127,random,float32
12,676.194687,7954,52430573,52.477,random,float32
12,676.722247,7688,52430573,52.211,random,float32
12,677.253884,9510,52430573,52.757,random,float32
12,677.783590,3401,52430573,52.833,random,float32
12,678.318349,9870,52430573,52.563,random,float32
12,678.850704,7320,52430573,52.218,random,float32
12,679.387349,7030,52430573,52.820,random,float32
12,679.916493,9585,52430573,52.329,random,float32
12,680.449902,6036,52430573,54.235,random,float32
12,680.977051,9858,52430573,53.116,random,float32
12,681.502143,7509,52430573,55.003,random,float32
12,682.053570,3413,52430573,52.895,random,float32
12,682.606915,883,52430573,54.191,random,float32
12,683.160070,9016,52430573,55.226,random,float32
12,683.697919,8954,52430573,54.777,random,float32
12,684.236584,6421,52430573,54.149,random,float32
12,684.773011,3017,52430573,54.128,random,float32
12,685.317415,6419,52430573,54.056,random,float32
12,685.848977,9994,52430573,51.985,random,float32
12,686.390305,6012,52430573,56.397,random,float32
12,686.917911,1326,52430573,53.059,random,float32
12,687.448847,9298,52430573,52.329,random,float32
12,687.980936,5007,52430573,55.633,random,float32
12,688.515015,5890,52430573,52.698,random,float32
12,689.051009,3595,52430573,52.262,random,float32
12,689.571651,1347,52430573,51.273,random,float32
12,690.091601,3745,52430573,51.539,random,float32
12,690.614423,5665,52430573,51.397,random,float32
12,691.142623,4697,52430573,53.472,random,float32
12,691.675094,8887,52430573,52.718,random,float32
12,692.200874,7052,52430573,52.311,random,float32
12,692.744496,3611,52430573,55.767,random,float32
12,693.277408,5668,52430573,50.702,random,float32
12,693.813345,3500,52430573,54.713,random,float32
12,694.337629,7097,52430573,53.953,random,float32
12,694.858459,3939,52430573,53.837,random,float32
12,695.395439,1188,52430573,54.278,random,float32
12,695.929704,7610,52430573,52.823,random,float32
12,696.472461,579,52430573,53.359,random,float32
12,697.004435,4881,52430573,52.709,random,float32
12,697.548403,4330,52430573,53.426,random,float32
12,698.082091,2265,52430573,51.398,random,float32
12,698.611403,3294,52430573,51.868,random,float32
12,699.135897,7161,52430573,51.972,random,float32
12,699.672670,8246,52430573,54.154,random,float32
12,700.201531,9435,52430573,53.073,random,float32
12,700.734873,3067,52430573,52.508,random,float32
12,701.255651,6054,52430573,52.940,random,float32
12,701.787847,613,52430573,52.816,random,float32
12,702.314398,4404,52430573,51.609,random,float32
12,702.835685,9754,52430573,52.892,random,float32
12,703.361035,5939,52430573,52.780,random,float32
12,703.893926,3458,52430573,53.892,random,float32
12,704.426081,2440,52430573,52.748,random,float32
12,704.955275,2049,52430573,52.415,random,float32
12,705.488281,368,52430573,53.122,random,float32
12,706.018185,772,52430573,54.531,random,float32
12,706.544852,6315,52430573,52.243,random,float32
12,707.082657,858,52430573,55.244,random,float32
12,707.615944,2184,52430573,53.972,random,float32
12,708.135243,711,52430573,52.879,random,float32
12,708.667387,302,52430573,53.571,random,float32
12,709.205850,4564,52430573,52.568,random,float32
12,709.740597,5089,52430573,53.743,random,float32
12,710.267616,4562,52430573,51.140,random,float32
12,710.802051,1504,52430573,52.667,random,float32
12,711.320542,3116,52430573,51.997,random,float32
12,711.857633,8932,52430573,53.912,random,float32
12,712.390932,9744,52430573,52.426,random,float32
12,712.932375,9095,52430573,52.968,random,float32
12,713.465372,3637,52430573,52.972,random,float32
12,714.005014,6972,52430573,53.707,random,float32
12,714.541974,4004,52430573,55.744,random,float32
12,715.077096,4087,52430573,51.412,random,float32
12,715.603100,5181,52430573,54.687,random,float32
12,716.132002,5833,52430573,53.516,random,float32
12,716.666775,8437,52430573,54.087,random,float32
12,717.203283,2976,52430573,52.236,random,float32
12,717.742559,6819,52430573,52.216,random,float32
12,718.278345,5702,52430573,52.967,random,float32
12,718.811713,7602,52430573,55.183,random,float32
12,719.360271,2584,52430573,55.093,random,float32
12,719.900766,3862,52430573,54.774,random,float32
12,720.440743,2599,52430573,58.660,random,float32
12,720.991894,5414,52430573,53.719,random,float32
12,721.531690,2073,52430573,58.282,random,float32
12,722.079959,3253,52430573,51.024,random,float32
12,722.615621,27,52430573,55.766,random,float32
12,723.149784,7275,52430573,52.563,random,float32
12,723.684973,6893,52430573,53.450,random,float32
12,724.212584,2796,52430573,52.761,random,float32
12,724.765215,1531,52430573,55.513,random,float32
12,725.308820,8446,52430573,54.131,random,float32
12,725.847000,5614,52430573,53.491,random,float32
12,726.392691,8101,52430573,54.393,random,float32
12,726.928338,3593,52430573,53.957,random,float32
12,727.464653,1247,52430573,52.199,random,float32
12,727.999413,4327,52430573,53.990,random,float32
12,728.543595,9245,52430573,52.028,random,float32
12,729.082088,4911,52430573,52.982,random,float32
12,729.624396,9614,52430573,53.487,random,float32
12,730.152737,1686,52430573,50.431,random,float32
12,730.674050,3856,52430573,52.808,random,float32
12,731.220950,3746,52430573,53.822,random,float32
12,731.764816,7777,52430573,54.398,random,float32
12,732.302300,5634,52430573,54.343,random,float32
12,732.836265,6785,52430573,51.598,random,float32
12,733.371489,421,52430573,54.365,random,float32
12,733.907861,391,52430573,51.879,random,float32
12,734.444494,2617,52430573,53.780,random,float32
12,734.982554,6736,52430573,53.191,random,float32
12,735.516125,2035,52430573,54.117,random,float32
12,736.053257,8625,52430573,52.995,random,float32
12,736.599848,2584,52430573,54.874,random,float32
12,737.133193,9261,52430573,52.624,random,float32
12,737.669446,2175,52430573,51.356,random,float32
12,738.209189,2021,52430573,53.638,random,float32
12,738.747968,4203,52430573,53.467,random,float32
12,739.281368,9794,52430573,55.855,random,float32
12,739.823817,37,52430573,53.310,random,float32
12,740.354529,4927,52430573,49.393,random,float32
12,740.890780,3700,52430573,53.262,random,float32
12,741.416559,1010,52430573,53.697,random,float32
12,741.946614,2714,52430573,53.324,random,float32
12,742.477484,7517,52430573,53.431,random,float32
12,743.024351,586,52430573,54.760,random,float32
12,743.559764,1139,52430573,53.519,random,float32
12,744.102730,1296,52430573,52.861,random,float32
12,744.630794,5112,52430573,51.955,random,float32
12,745.168819,756,52430573,54.770,random,float32
12,745.704366,6871,52430573,53.463,random,float32
12,746.244320,8833,52430573,54.366,random,float32
12,746.779824,3167,52430573,53.319,random,float32
12,747.317092,2411,52430573,53.043,random,float32
12,747.847883,6595,52430573,52.835,random,float32
12,748.384631,8229,52430573,51.763,random,float32
12,748.913610,5630,52430573,52.333,random,float32
12,749.441382,5976,52430573,54.063,random,float32
12,749.975267,2681,52430573,53.174,random,float32
12,750.512136,9628,52430573,56.325,random,float32
12,751.048476,2284,52430573,52.142,random,float32
12,751.586814,1232,52430573,53.704,random,float32
12,752.114490,4940,52430573,53.917,random,float32
12,752.646732,804,52430573,53.238,random,float32
12,753.184230,4575,52430573,53.248,random,float32
12,753.715543,2980,52430573,52.873,random,float32
12,754.259570,1376,52430573,56.430,random,float32
12,754.786179,9174,52430573,53.399,random,float32
12,755.329308,1155,52430573,56.419,random,float32
12,755.866754,9853,52430573,55.667,random,float32
12,756.403714,6235,52430573,53.053,random,float32
12,756.936272,5940,52430573,54.010,random,float32
12,757.473303,288,52430573,53.638,random,float32
12,758.008828,3727,52430573,53.269,random,float32
12,758.548058,7035,52430573,53.766,random,float32
12,759.078265,697,52430573,53.037,random,float32
12,759.612636,5129,52430573,53.724,random,float32
12,760.139654,4498,52430573,52.551,random,float32
12,760.678681,5721,52430573,54.315,random,float32
12,761.212780,9399,52430573,53.019,random,float32
12,761.749666,9866,52430573,53.180,random,float32
12,762.274985,474,52430573,53.347,random,float32
12,762.812360,5436,52430573,56.421,random,float32
12,763.367814,7430,52430573,55.077,random,float32
12,763.923030,3988,52430573,54.867,random,float32
12,764.475713,2513,52430573,53.737,random,float32
12,765.026244,4160,52430573,53.962,random,float32
12,765.579974,7642,52430573,56.440,random,float32
12,766.140082,3498,52430573,55.826,random,float32
12,766.677216,2527,52430573,53.816,random,float32
12,767.210338,6307,52430573,54.124,random,float32
12,767.744525,2407,52430573,54.501,random,float32
12,768.286428,1732,52430573,54.110,random,float32
12,768.818377,6246,52430573,52.424,random,float32
12,769.348089,5394,52430573,54.757,random,float32
12,769.878602,7697,52430573,53.162,random,float32
12,770.403912,4435,52430573,53.759,random,float32
12,770.931350,6827,52430573,52.879,random,float32
12,771.467718,6366,52430573,54.130,random,float32
12,772.007681,4989,52430573,53.017,random,float32
12,772.559478,2232,52430573,52.797,random,float32
12,773.091475,2418,52430573,54.408,random,float32
12,773.622912,3128,52430573,52.450,random,float32
12,774.155737,4940,52430573,53.636,random,float32
12,774.694270,9259,52430573,52.836,random,float32
12,775.233914,3997,52430573,53.036,random,float32
12,775.772695,9318,52430573,54.013,random,float32
12,776.313687,6733,52430573,52.838,random,float32
12,776.848328,5856,52430573,53.041,random,float32
12,777.395697,602,52430573,55.463,random,float32
12,777.937762,5357,52430573,54.679,random,float32
12,778.481478,3352,52430573,53.996,random,float32
12,779.013799,1034,52430573,53.818,random,float32
12,779.554013,2650,52430573,53.214,random,float32
12,780.084146,8006,52430573,50.216,random,float32
12,780.625197,2993,52430573,53.158,random,float32
12,781.151778,3321,52430573,53.870,random,float32
12,781.695286,3640,52430573,56.125,random,float32
12,782.238313,8929,52430573,54.466,random,float32
12,782.777514,1938,52430573,54.189,random,float32
12,783.315922,9460,52430573,54.321,random,float32
12,783.847241,1459,52430573,52.126,random,float32
12,784.378668,5059,52430573,54.733,random,float32
12,784.924856,3647,52430573,54.519,random,float32
12,785.464376,4928,52430573,54.289,random,float32
12,785.999411,7987,52430573,53.885,random,float32
12,786.538675,5441,52430573,53.547,random,float32
12,787.092819,8958,52430573,59.660,random,float32
12,787.640350,6880,52430573,53.589,random,float32
12,788.178391,8092,52430573,54.349,random,float32
12,788.722744,8788,52430573,54.108,random,float32
12,789.250511,2511,52430573,53.633,random,float32
12,789.782240,7302,52430573,53.073,random,float32
12,790.309103,9585,52430573,53.042,random,float32
12,790.846143,2580,52430573,53.899,random,float32
12,791.380579,4008,52430573,53.841,random,float32
12,791.917686,3252,52430573,53.165,random,float32
12,792.454064,5064,52430573,53.375,random,float32
12,792.995925,6686,52430573,54.369,random,float32
12,793.540298,5577,52430573,55.311,random,float32
12,794.108549,3230,52430573,61.250,random,float32
12,794.649992,8740,52430573,53.242,random,float32
12,795.187040,7411,52430573,54.089,random,float32
12,795.716098,9704,52430573,53.456,random,float32
12,796.254299,4991,52430573,53.957,random,float32
12,796.790737,1767,52430573,53.789,random,float32
12,797.341778,6696,52430573,55.209,random,float32
12,797.899636,4633,52430573,54.693,random,float32
12,798.445672,5953,52430573,54.455,random,float32
12,798.983892,6952,52430573,54.874,random,float32
12,799.525892,5778,52430573,53.474,random,float32
12,800.058227,5451,52430573,53.287,random,float32
12,800.598921,5244,52430573,54.588,random,float32
12,801.144708,1297,52430573,53.403,random,float32
12,801.687570,8958,52430573,53.094,random,float32
12,802.233604,5853,52430573,54.917,random,float32
12,802.784250,120,52430573,55.708,random,float32
12,803.336689,2700,52430573,53.381,random,float32
12,803.878835,3932,52430573,53.602,random,float32
12,804.416631,5229,52430573,52.689,random,float32
12,804.952620,4311,52430573,53.520,random,float32
12,805.496401,7165,52430573,52.728,random,float32
12,806.041956,3016,52430573,53.739,random,float32
12,806.589576,2326,52430573,54.279,random,float32
12,807.129898,7601,52430573,53.114,random,float32
12,807.675365,7341,52430573,53.589,random,float32
12,808.233612,8317,52430573,56.147,random,float32
12,808.774971,9825,52430573,55.018,random,float32
12,809.343398,5771,52430573,56.340,random,float32
12,809.881309,4391,52430573,54.044,random,float32
12,810.416444,1805,52430573,53.657,random,float32
12,810.949930,5070,52430573,51.786,random,float32
12,811.490048,8932,52430573,55.471,random,float32
12,812.036873,2330,52430573,54.026,random,float32
12,812.584706,6689,52430573,56.476,random,float32
12,813.141063,4121,52430573,54.282,random,float32
12,813.674534,5349,52430573,53.659,random,float32
12,814.209866,7101,52430573,54.535,random,float32
12,814.742935,9437,52430573,54.559,random,float32
12,815.283114,1011,52430573,53.808,random,float32
12,815.823450,8265,52430573,54.570,random,float32
12,816.371257,2715,52430573,55.372,random,float32
12,816.909787,3888,52430573,53.871,random,float32
12,817.451270,5603,52430573,54.963,random,float32
12,817.998928,6150,52430573,53.833,random,float32
12,818.546365,2515,52430573,54.374,random,float32
12,819.102548,9165,52430573,59.983,random,float32
12,819.661700,1540,52430573,54.143,random,float32
12,820.202249,6659,52430573,53.815,random,float32
12,820.740547,612,52430573,52.855,random,float32
12,821.278452,285,52430573,53.010,random,float32
12,821.804513,7413,52430573,51.064,random,float32
12,822.333702,487,52430573,52.755,random,float32
12,822.867709,8182,52430573,53.888,random,float32
12,823.403511,7771,52430573,54.866,random,float32
12,823.958088,2698,52430573,56.192,random,float32
12,824.515179,5063,52430573,54.121,random,float32
12,825.058243,3810,52430573,55.006,random,float32
12,825.595060,9432,52430573,52.639,random,float32
12,826.128114,5380,52430573,52.747,random,float32
12,826.659387,759,52430573,53.835,random,float32
12,827.195237,6375,52430573,53.466,random,float32
12,827.724824,8801,52430573,52.778,random,float32
12,828.258024,4361,52430573,54.264,random,float32
12,828.786695,535,52430573,53.545,random,float32
12,829.320642,6722,52430573,55.240,random,float32
12,829.852394,1465,52430573,52.682,random,float32
12,830.382933,3600,52430573,53.449,random,float32
12,830.915906,6284,52430573,53.512,random,float32
12,831.451561,6696,52430573,52.715,random,float32
12,831.990673,9076,52430573,53.751,random,float32
12,832.523639,9583,52430573,53.902,random,float32
12,833.067649,8718,52430573,53.164,random,float32
12,833.603155,7121,52430573,53.813,random,float32
12,834.138303,4142,52430573,53.568,random,float32
12,834.675556,9832,52430573,53.476,random,float32
12,835.215866,5173,52430573,54.587,random,float32
12,835.774033,4718,52430573,54.628,random,float32
12,836.329766,8031,52430573,56.397,random,float32
12,836.897525,3810,52430573,54.008,random,float32
12,837.446536,1106,52430573,55.060,random,float32
12,837.993781,9120,52430573,54.005,random,float32
12,838.540537,24,52430573,53.214,random,float32
12,839.072263,9682,52430573,51.924,random,float32
12,839.615519,8523,52430573,54.058,random,float32
12,840.165411,3140,52430573,54.961,random,float32
12,840.700251,5380,52430573,53.245,random,float32
12,841.231940,5087,52430573,53.844,random,float32
12,841.770734,1252,52430573,52.975,random,float32
12,842.311492,229,52430573,53.873,random,float32
12,842.846502,2183,52430573,53.110,random,float32
12,843.385138,7072,52430573,53.403,random,float32
12,843.921772,2867,52430573,53.570,random,float32
12,844.451599,5166,52430573,54.211,random,float32
12,844.991255,9015,52430573,52.557,random,float32
12,845.527023,9024,52430573,52.792,random,float32
12,846.059296,7286,52430573,54.723,random,float32
12,846.590295,2665,52430573,51.968,random,float32
12,847.115935,3706,52430573,54.284,random,float32
12,847.640169,5829,52430573,52.799,random,float32
12,848.171279,8230,52430573,54.167,random,float32
12,848.710717,3719,52430573,52.806,random,float32
12,849.248641,3221,52430573,53.876,random,float32
12,849.789059,4667,52430573,54.613,random,float32
12,850.338501,4859,52430573,53.712,random,float32
12,850.885127,6407,52430573,54.150,random,float32
12,851.426631,7182,52430573,54.124,random,float32
12,851.965506,348,52430573,54.686,random,float32
12,852.503536,4170,52430573,52.831,random,float32
12,853.039106,5832,52430573,53.778,random,float32
12,853.577515,8371,52430573,53.895,random,float32
12,854.115264,9671,52430573,53.811,random,float32
12,854.650091,8828,52430573,53.313,random,float32
12,855.188814,3809,52430573,52.946,random,float32
12,855.721494,1009,52430573,54.785,random,float32
12,856.259480,1439,52430573,53.730,random,float32
12,856.792882,9011,52430573,53.949,random,float32
12,857.322917,2181,52430573,52.905,random,float32
12,857.857467,3091,52430573,54.052,random,float32
12,858.402646,8259,52430573,55.146,random,float32
12,858.949846,5052,52430573,52.853,random,float32
12,859.485184,6461,52430573,52.987,random,float32
12,860.024342,1038,52430573,53.877,random,float32
12,860.577480,3439,52430573,55.410,random,float32
12,861.128844,3338,52430573,54.537,random,float32
12,861.665768,5713,52430573,53.057,random,float32
12,862.203970,46,52430573,52.992,random,float32
12,862.735735,8311,52430573,52.693,random,float32
12,863.279184,7100,52430573,55.445,random,float32
12,863.830221,2888,52430573,53.338,random,float32
12,864.371359,1380,52430573,53.093,random,float32
12,864.904121,2084,52430573,53.211,random,float32
12,865.433631,5214,52430573,52.970,random,float32
12,865.975426,3198,52430573,55.131,random,float32
12,866.515613,7834,52430573,53.997,random,float32
12,867.056416,256,52430573,54.405,random,float32
12,867.592119,7092,52430573,53.492,random,float32
12,868.127388,2409,52430573,53.581,random,float32
12,868.657473,1968,52430573,52.541,random,float32
12,869.187568,6750,52430573,52.889,random,float32
12,869.715528,1524,52430573,54.303,random,float32
12,870.254598,8881,52430573,54.722,random,float32
12,870.786900,5964,52430573,53.177,random,float32
12,871.317879,8009,52430573,54.060,random,float32
12,871.843529,5826,52430573,51.738,random,float32
12,872.376263,6115,52430573,53.832,random,float32
12,872.905089,4685,52430573,53.517,random,float32
12,873.440345,1414,52430573,53.600,random,float32
12,873.972710,1685,52430573,52.899,random,float32
12,874.508105,5431,52430573,53.722,random,float32
12,875.043993,8498,52430573,52.775,random,float32
12,875.578131,3279,52430573,52.509,random,float32
12,876.108299,2844,52430573,51.481,random,float32
12,876.639924,6145,52430573,53.828,random,float32
12,877.175604,7461,52430573,53.341,random,float32
12,877.704962,9465,52430573,53.126,random,float32
12,878.236451,342,52430573,53.967,random,float32
12,878.773126,3678,52430573,54.742,random,float32
12,879.305234,1242,52430573,54.889,random,float32
12,879.863618,1160,52430573,54.408,random,float32
12,880.400479,8823,52430573,53.427,random,float32
12,880.929073,3350,52430573,53.824,random,float32
12,881.461118,7126,52430573,52.437,random,float32
12,881.997721,252,52430573,53.786,random,float32
12,882.529460,7278,52430573,53.692,random,float32
12,883.065091,9518,52430573,53.716,random,float32
12,883.594574,6479,52430573,53.173,random,float32
12,884.134419,5598,52430573,54.745,random,float32
12,884.682031,7575,52430573,56.331,random,float32
12,885.225413,1634,52430573,53.132,random,float32
12,885.755947,4112,52430573,53.222,random,float32
12,886.296596,5989,52430573,54.652,random,float32
12,886.828086,2015,52430573,53.816,random,float32
12,887.377186,1877,52430573,55.234,random,float32
12,887.912199,5897,52430573,52.253,random,float32
12,888.440040,3926,52430573,53.041,random,float32
12,888.975426,4025,52430573,54.443,random,float32
12,889.507107,3761,52430573,53.746,random,float32
12,890.044409,6753,52430573,53.452,random,float32
12,890.583247,7151,52430573,53.493,random,float32
12,891.116632,4994,52430573,53.055,random,float32
12,891.655695,4052,52430573,54.260,random,float32
12,892.188650,1625,52430573,54.036,random,float32
12,892.733375,5966,52430573,53.872,random,float32
12,893.264609,8314,52430573,52.936,random,float32
12,893.801481,4823,52430573,53.708,random,float32
12,894.340429,8488,52430573,53.489,random,float32
12,894.879696,2847,52430573,54.150,random,float32
12,895.415894,9765,52430573,53.148,random,float32
12,895.948492,899,52430573,53.634,random,float32
12,896.478599,9115,52430573,53.787,random,float32
12,897.014895,1655,52430573,54.139,random,float32
12,897.543480,6651,52430573,51.308,random,float32
12,898.078583,5875,52430573,53.551,random,float32
12,898.615482,1957,52430573,54.770,random,float32
12,899.149581,1455,52430573,52.791,random,float32
12,899.685211,7414,52430573,52.930,random,float32
13,300.489555,6463,52430573,52.997,random,float32
13,301.018705,2725,52430573,53.161,random,float32
13,301.549416,5947,52430573,54.768,random,float32
13,302.083399,2773,52430573,54.216,random,float32
13,302.621097,8684,52430573,53.753,random,float32
13,303.156938,1768,52430573,52.448,random,float32
13,303.683703,5835,52430573,53.115,random,float32
13,304.216678,8921,52430573,54.325,random,float32
13,304.755959,1509,52430573,53.022,random,float32
13,305.281708,356,52430573,52.816,random,float32
13,305.805362,9693,52430573,51.970,random,float32
13,306.341208,6172,52430573,53.284,random,float32
13,306.870511,4580,52430573,53.267,random,float32
13,307.406611,8982,52430573,53.994,random,float32
13,307.930600,7158,52430573,52.867,random,float32
13,308.469343,8650,52430573,53.301,random,float32
13,308.997785,2491,52430573,51.706,random,float32
13,309.530286,105,52430573,53.336,random,float32
13,310.062958,9586,52430573,52.256,random,float32
13,310.597591,993,52430573,54.159,random,float32
13,311.123295,3301,52430573,54.921,random,float32
13,311.650381,4794,52430573,54.558,random,float32
13,312.178780,5521,52430573,52.346,random,float32
13,312.717848,6344,52430573,55.312,random,float32
13,313.256672,8807,52430573,53.803,random,float32
13,313.798902,9216,52430573,54.805,random,float32
13,314.328620,8306,52430573,50.921,random,float32
13,314.867169,4249,52430573,53.670,random,float32
13,315.399771,1215,52430573,51.279,random,float32
13,315.931700,6099,52430573,51.686,random,float32
13,316.462069,8262,52430573,52.285,random,float32
13,316.996068,585,52430573,56.450,random,float32
13,317.535298,63,52430573,54.038,random,float32
13,318.073222,5193,52430573,53.443,random,float32
13,318.613316,822,52430573,55.237,random,float32
13,319.145818,5874,52430573,55.299,random,float32
13,319.685202,4814,52430573,53.244,random,float32
13,320.207921,4091,52430573,51.557,random,float32
13,320.747565,1639,52430573,54.240,random,float32
13,321.305246,5098,52430573,57.268,random,float32
13,321.853960,2086,52430573,54.296,random,float32
13,322.395589,685,52430573,54.409,random,float32
13,322.935138,7538,52430573,53.999,random,float32
13,323.472934,4697,52430573,53.302,random,float32
13,324.019140,180,52430573,53.940,random,float32
13,324.569994,4222,52430573,53.425,random,float32
13,325.106087,8996,52430573,52.489,random,float32
13,325.641042,507,52430573,53.845,random,float32
13,326.179978,2631,52430573,53.449,random,float32
13,326.719062,9420,52430573,54.071,random,float32
13,327.276386,7354,52430573,57.635,random,float32
13,327.842822,7073,52430573,55.283,random,float32
13,328.383664,3612,52430573,53.323,random,float32
13,328.916778,6645,52430573,52.578,random,float32
13,329.464611,1702,52430573,53.043,random,float32
13,329.997467,6609,52430573,53.097,random,float32
13,330.523462,6595,52430573,54.221,random,float32
13,331.076524,3065,52430573,54.395,random,float32
13,331.616708,144,52430573,54.534,random,float32
13,332.149605,6363,52430573,53.203,random,float32
13,332.682563,2585,52430573,53.351,random,float32
13,333.223800,3762,52430573,53.438,random,float32
13,333.750286,7414,52430573,52.600,random,float32
13,334.284334,6474,52430573,52.414,random,float32
13,334.816576,3911,52430573,53.347,random,float32
13,335.349507,3878,52430573,54.244,random,float32
13,335.888396,2304,52430573,52.748,random,float32
13,336.423646,3745,52430573,51.646,random,float32
13,336.959622,8616,52430573,51.790,random,float32
13,337.496252,4192,52430573,53.883,random,float32
13,338.025831,3829,52430573,52.770,random,float32
13,338.559676,737,52430573,53.530,random,float32
13,339.093074,3783,52430573,52.953,random,float32
13,339.629063,9334,52430573,53.260,random,float32
13,340.162662,7818,52430573,53.090,random,float32
13,340.694655,4837,52430573,52.625,random,float32
13,341.229469,7528,52430573,52.486,random,float32
13,341.766251,3764,52430573,53.282,random,float32
13,342.294210,1401,52430573,52.521,random,float32
13,342.831943,6724,52430573,53.065,random,float32
13,343.358884,4746,52430573,51.622,random,float32
13,343.886009,2801,52430573,52.839,random,float32
13,344.417499,5595,52430573,52.401,random,float32
13,344.959232,7579,52430573,53.747,random,float32
13,345.509946,829,52430573,53.911,random,float32
13,346.052126,7705,52430573,52.291,random,float32
13,346.583966,8121,52430573,53.826,random,float32
13,347.121707,9788,52430573,54.241,random,float32
13,347.656855,5797,52430573,54.384,random,float32
13,348.188071,5957,52430573,54.413,random,float32
13,348.724860,9203,52430573,55.195,random,float32
13,349.265627,8378,52430573,55.017,random,float32
13,349.795572,7415,52430573,51.441,random,float32
13,350.335432,5902,52430573,53.949,random,float32
13,350.873725,6366,52430573,53.139,random,float32
13,351.404921,5810,52430573,54.658,random,float32
13,351.956023,2859,52430573,55.202,random,float32
13,352.500436,7456,52430573,53.166,random,float32
13,353.034762,932,52430573,53.391,random,float32
13,353.564657,2280,52430573,56.290,random,float32
13,354.100232,6225,52430573,53.859,random,float32
13,354.621022,4243,52430573,50.459,random,float32
13,355.152558,5034,52430573,55.062,random,float32
13,355.690649,8020,52430573,52.878,random,float32
13,356.232288,3584,52430573,54.506,random,float32
13,356.766880,3208,52430573,51.887,random,float32
13,357.305436,7939,52430573,54.578,random,float32
13,357.840053,3311,52430573,53.775,random,float32
13,358.361202,9962,52430573,54.468,random,float32
13,358.896186,8912,52430573,54.993,random,float32
13,359.435016,5486,52430573,53.491,random,float32
13,359.974341,198,52430573,54.416,random,float32
13,360.508297,333,52430573,56.230,random,float32
13,361.036434,5889,52430573,52.504,random,float32
13,361.564702,4389,52430573,53.218,random,float32
13,362.102975,785,52430573,52.447,random,float32
13,362.633931,9029,52430573,51.482,random,float32
13,363.155910,6237,52430573,51.660,random,float32
13,363.672928,1087,52430573,52.999,random,float32
13,364.204259,3102,52430573,50.529,random,float32
13,364.734392,5980,52430573,53.767,random,float32
13,365.262418,7765,52430573,52.867,random,float32
13,365.795307,8933,52430573,53.627,random,float32
13,366.331597,2172,52430573,53.182,random,float32
13,366.862411,2853,52430573,52.803,random,float32
13,367.400495,1078,52430573,52.985,random,float32
13,367.931908,6108,52430573,54.160,random,float32
13,368.473824,4575,52430573,52.751,random,float32
13,369.011003,4162,52430573,53.133,random,float32
13,369.553355,4543,52430573,53.135,random,float32
13,370.092288,72,52430573,53.524,random,float32
13,370.627400,9193,52430573,51.984,random,float32
13,371.156063,5767,52430573,52.554,random,float32
13,371.695282,7939,52430573,54.573,random,float32
13,372.235304,870,52430573,53.953,random,float32
13,372.768335,669,52430573,53.042,random,float32
13,373.283973,3801,52430573,50.789,random,float32
13,373.816068,1977,52430573,53.611,random,float32
13,374.352941,5864,52430573,54.238,random,float32
13,374.886044,881,52430573,52.551,random,float32
13,375.415801,3125,52430573,51.620,random,float32
13,375.942902,55,52430573,52.487,random,float32
13,376.478025,3297,52430573,51.947,random,float32
13,377.005332,2208,52430573,52.965,random,float32
13,377.540082,5493,52430573,51.886,random,float32
13,378.077904,1381,52430573,55.110,random,float32
13,378.615333,1501,52430573,50.842,random,float32
13,379.146086,1025,52430573,53.376,random,float32
13,379.676012,9612,52430573,52.485,random,float32
13,380.207675,9459,52430573,53.800,random,float32
13,380.745349,5644,52430573,53.984,random,float32
13,381.282938,4702,52430573,55.124,random,float32
13,381.825093,5835,52430573,54.430,random,float32
13,382.358525,3673,52430573,52.525,random,float32
13,382.890829,8947,52430573,53.135,random,float32
13,383.419393,6955,52430573,52.986,random,float32
13,383.947345,3329,52430573,53.494,random,float32
13,384.486102,4084,52430573,53.212,random,float32
13,385.027447,1269,52430573,54.124,random,float32
13,385.562897,7994,52430573,53.084,random,float32
13,386.107318,4678,52430573,55.015,random,float32
13,386.647273,4730,52430573,53.403,random,float32
13,387.189839,945,52430573,54.890,random,float32
13,387.738716,3960,52430573,54.216,random,float32
13,388.286113,783,52430573,55.974,random,float32
13,388.827286,2457,52430573,52.167,random,float32
13,389.358260,1223,52430573,52.261,random,float32
13,389.890823,713,52430573,53.120,random,float32
13,390.424515,7450,52430573,54.627,random,float32
13,390.962783,9234,52430573,54.173,random,float32
13,391.505755,8691,52430573,53.550,random,float32
13,392.051222,8929,52430573,55.383,random,float32
13,392.601545,5350,52430573,57.028,random,float32
13,393.163471,6482,52430573,56.972,random,float32
13,393.707963,1574,52430573,53.649,random,float32
13,394.243458,6737,52430573,53.156,random,float32
13,394.775045,2543,52430573,52.490,random,float32
13,395.313331,4482,52430573,54.622,random,float32
13,395.874909,1725,52430573,53.917,random,float32
13,396.411150,7873,52430573,53.817,random,float32
13,396.937544,4574,52430573,52.435,random,float32
13,397.462636,5863,52430573,54.171,random,float32
13,397.992747,891,52430573,52.707,random,float32
13,398.525575,6603,52430573,52.757,random,float32
13,399.059530,1187,52430573,52.622,random,float32
13,399.595355,492,52430573,53.543,random,float32
13,400.129302,8074,52430573,53.169,random,float32
13,400.667184,1431,52430573,52.609,random,float32
13,401.202024,4959,52430573,49.571,random,float32
13,401.739256,6096,52430573,53.701,random,float32
13,402.276291,4076,52430573,53.890,random,float32
13,402.811877,2987,52430573,53.562,random,float32
13,403.348383,2912,52430573,53.744,random,float32
13,403.886725,8844,52430573,54.546,random,float32
13,404.428895,2035,52430573,53.330,random,float32
13,404.982371,8901,52430573,55.464,random,float32
13,405.512620,5610,52430573,53.047,random,float32
13,406.044424,3485,52430573,53.319,random,float32
13,406.577622,3300,52430573,54.052,random,float32
13,407.117680,6029,52430573,53.795,random,float32
13,407.678722,9547,52430573,55.671,random,float32
13,408.225485,1304,52430573,54.593,random,float32
13,408.775684,4553,52430573,55.597,random,float32
13,409.328142,3018,52430573,53.616,random,float32
13,409.868404,4375,52430573,52.319,random,float32
13,410.400266,789,52430573,53.429,random,float32
13,410.940333,621,52430573,53.441,random,float32
13,411.473793,5474,52430573,52.504,random,float32
13,412.006608,2658,52430573,52.469,random,float32
13,412.542542,4067,52430573,51.432,random,float32
13,413.079503,4332,52430573,54.882,random,float32
13,413.614544,6766,52430573,52.782,random,float32
13,414.155867,1898,52430573,53.577,random,float32
13,414.691882,2689,52430573,51.857,random,float32
13,415.227955,9118,52430573,53.397,random,float32
13,415.770487,1365,52430573,54.451,random,float32
13,416.326456,4177,52430573,55.262,random,float32
13,416.872554,634,52430573,53.497,random,float32
13,417.412585,7808,52430573,55.213,random,float32
13,417.956279,2762,52430573,53.773,random,float32
13,418.500680,8061,52430573,53.566,random,float32
13,419.050322,5944,52430573,54.418,random,float32
13,419.595659,5091,52430573,54.138,random,float32
13,420.131992,3424,52430573,54.131,random,float32
13,420.683726,7614,52430573,54.587,random,float32
13,421.233349,405,52430573,54.795,random,float32
13,421.789361,7866,52430573,53.902,random,float32
13,422.323445,9882,52430573,53.188,random,float32
13,422.856941,9250,52430573,53.130,random,float32
13,423.400719,302,52430573,54.380,random,float32
13,423.953717,5434,52430573,54.985,random,float32
13,424.498289,9527,52430573,54.481,random,float32
13,425.037303,2548,52430573,54.193,random,float32
13,425.596061,3647,52430573,57.214,random,float32
13,426.152805,1379,52430573,56.239,random,float32
13,426.714754,8174,52430573,55.431,random,float32
13,427.258167,6887,52430573,54.938,random,float32
13,427.811742,749,52430573,54.661,random,float32
13,428.364148,2551,52430573,55.837,random,float32
13,428.912014,5551,52430573,53.880,random,float32
13,429.449525,8943,52430573,54.805,random,float32
13,430.000143,3829,52430573,55.251,random,float32
13,430.552744,7860,52430573,55.565,random,float32
13,431.091552,6180,52430573,52.609,random,float32
13,431.620050,6421,52430573,53.064,random,float32
13,432.154673,9173,52430573,53.952,random,float32
13,432.692400,1138,52430573,53.844,random,float32
13,433.231137,161,52430573,54.877,random,float32
13,433.788028,3719,52430573,57.514,random,float32
13,434.334125,3568,52430573,54.917,random,float32
13,434.872474,4303,52430573,54.233,random,float32
13,435.414340,3894,52430573,53.306,random,float32
13,435.947485,917,52430573,52.901,random,float32
13,436.485546,3358,52430573,52.906,random,float32
13,437.017082,9448,52430573,52.480,random,float32
13,437.553837,2595,52430573,53.727,random,float32
13,438.090025,1906,52430573,53.673,random,float32
13,438.627436,9245,52430573,54.306,random,float32
13,439.169399,5097,52430573,54.100,random,float32
13,439.706661,7923,52430573,53.572,random,float32
13,440.243125,3410,52430573,53.617,random,float32
13,440.782392,496,52430573,53.846,random,float32
13,441.314953,7183,52430573,52.824,random,float32
13,441.862995,2760,52430573,54.452,random,float32
13,442.418694,8275,52430573,55.928,random,float32
13,442.962385,5236,52430573,52.647,random,float32
13,443.498449,1526,52430573,53.504,random,float32
13,444.029259,6266,52430573,53.012,random,float32
13,444.556004,8326,52430573,53.357,random,float32
13,445.095764,3088,52430573,54.705,random,float32
13,445.633475,9952,52430573,54.088,random,float32
13,446.175522,7340,52430573,54.980,random,float32
13,446.715536,2118,52430573,53.719,random,float32
13,447.256382,3031,52430573,53.147,random,float32
13,447.787663,9811,52430573,53.076,random,float32
13,448.323669,8843,52430573,54.521,random,float32
13,448.872549,2477,52430573,56.276,random,float32
13,449.424421,4803,52430573,54.431,random,float32
13,449.977288,9212,52430573,53.008,random,float32
13,450.518103,4893,52430573,54.071,random,float32
13,451.058934,5727,52430573,53.571,random,float32
13,451.605385,4128,52430573,54.408,random,float32
13,452.141827,6985,52430573,54.923,random,float32
13,452.691252,5037,52430573,54.062,random,float32
13,453.231213,5482,52430573,53.341,random,float32
13,453.763876,7169,52430573,53.412,random,float32
13,454.298860,1647,52430573,53.534,random,float32
13,454.827958,7623,52430573,52.544,random,float32
13,455.356841,4207,52430573,52.908,random,float32
13,455.888864,3723,52430573,53.112,random,float32
13,456.419866,5414,52430573,52.531,random,float32
13,456.946855,1588,52430573,48.826,random,float32
13,457.484737,9823,52430573,53.811,random,float32
13,458.034000,2281,52430573,55.253,random,float32
13,458.571967,1315,52430573,53.695,random,float32
13,459.095222,5654,52430573,51.654,random,float32
13,459.618952,477,52430573,53.510,random,float32
13,460.158984,7748,52430573,53.066,random,float32
13,460.694061,3770,52430573,52.860,random,float32
13,461.228345,7323,52430573,52.626,random,float32
13,461.763408,8032,52430573,52.418,random,float32
13,462.294474,2068,52430573,53.685,random,float32
13,462.823569,7508,52430573,53.664,random,float32
13,463.360065,6946,52430573,53.008,random,float32
13,463.896930,7330,52430573,55.094,random,float32
13,464.433625,1689,52430573,55.060,random,float32
13,464.996680,6611,52430573,57.980,random,float32
13,465.541920,4354,52430573,53.378,random,float32
13,466.093664,5450,52430573,57.471,random,float32
13,466.646812,2310,52430573,54.940,random,float32
13,467.200971,7353,52430573,53.884,random,float32
13,467.733462,7914,52430573,52.754,random,float32
13,468.267136,20,52430573,53.577,random,float32
13,468.812199,445,52430573,55.166,random,float32
13,469.365217,2293,52430573,54.997,random,float32
13,469.907324,3400,52430573,53.463,random,float32
13,470.450217,3971,52430573,53.708,random,float32
13,470.993879,9036,52430573,53.884,random,float32
13,471.530536,559,52430573,52.962,random,float32
13,472.063307,4619,52430573,53.540,random,float32
13,472.596211,5126,52430573,53.429,random,float32
13,473.127488,9253,52430573,53.562,random,float32
13,473.660959,4350,52430573,52.995,random,float32
13,474.201008,8937,52430573,52.501,random,float32
13,474.735263,7518,52430573,53.992,random,float32
13,475.280554,3045,52430573,52.647,random,float32
13,475.813008,7810,52430573,52.031,random,float32
13,476.347958,9218,52430573,53.596,random,float32
13,476.875903,8023,52430573,53.379,random,float32
13,477.403395,6855,52430573,52.815,random,float32
13,477.934699,9880,52430573,53.260,random,float32
13,478.469902,9347,52430573,53.927,random,float32
13,479.000057,9598,52430573,52.434,random,float32
13,479.529729,7383,52430573,53.210,random,float32
13,480.064563,6737,52430573,53.407,random,float32
13,480.606721,8090,52430573,54.805,random,float32
13,481.139118,1808,52430573,53.267,random,float32
13,481.668742,1584,52430573,52.628,random,float32
13,482.202178,7861,52430573,52.538,random,float32
13,482.731134,9190,52430573,52.975,random,float32
13,483.267177,5691,52430573,52.639,random,float32
13,483.811679,8779,52430573,54.929,random,float32
13,484.375929,4758,52430573,56.403,random,float32
13,484.923717,8295,52430573,54.661,random,float32
13,485.467246,4981,52430573,54.548,random,float32
13,486.011956,4397,52430573,55.470,random,float32
13,486.558843,9695,52430573,54.306,random,float32
13,487.095794,9198,52430573,53.018,random,float32
13,487.640636,773,52430573,54.036,random,float32
13,488.202134,7566,52430573,54.818,random,float32
13,488.745000,7848,52430573,55.338,random,float32
13,489.290149,4887,52430573,52.754,random,float32
13,489.829633,3641,52430573,54.512,random,float32
13,490.389391,3956,52430573,57.413,random,float32
13,490.955367,4409,52430573,53.439,random,float32
13,491.502202,3286,52430573,53.755,random,float32
13,492.042853,1819,52430573,54.761,random,float32
13,492.593832,7112,52430573,54.727,random,float32
13,493.137821,5046,52430573,53.942,random,float32
13,493.673015,7641,52430573,53.258,random,float32
13,494.219269,9032,52430573,54.352,random,float32
13,494.759232,6861,52430573,54.126,random,float32
13,495.308842,2287,52430573,55.504,random,float32
13,495.855085,5258,52430573,54.555,random,float32
13,496.395709,2894,52430573,51.014,random,float32
13,496.932508,2455,52430573,55.386,random,float32
13,497.470412,3406,52430573,53.224,random,float32
13,498.007392,1309,52430573,54.086,random,float32
13,498.548860,6075,52430573,54.692,random,float32
13,499.086807,9457,52430573,53.224,random,float32
13,499.622928,4717,52430573,52.997,random,float32
13,500.154669,8121,52430573,53.587,random,float32
13,500.682314,7030,52430573,52.815,random,float32
13,501.209914,5604,52430573,53.090,random,float32
13,501.749077,4552,52430573,52.978,random,float32
13,502.293603,7327,52430573,54.900,random,float32
13,502.852439,7588,52430573,54.405,random,float32
13,503.390127,5758,52430573,52.128,random,float32
13,503.933672,1551,52430573,54.555,random,float32
13,504.485680,8468,52430573,54.908,random,float32
13,505.039185,1189,52430573,53.611,random,float32
13,505.581553,3408,52430573,55.254,random,float32
13,506.119100,7918,52430573,55.038,random,float32
13,506.653137,1273,52430573,53.147,random,float32
13,507.194096,6919,52430573,54.141,random,float32
13,507.732757,1924,52430573,53.640,random,float32
13,508.281907,4022,52430573,54.146,random,float32
13,508.819635,1180,52430573,53.760,random,float32
13,509.354165,4607,52430573,53.484,random,float32
13,509.887209,4078,52430573,52.463,random,float32
13,510.408554,8128,52430573,52.267,random,float32
13,510.945078,8724,52430573,53.849,random,float32
13,511.477000,1498,52430573,53.789,random,float32
13,512.017267,3758,52430573,54.127,random,float32
13,512.551451,3773,52430573,52.452,random,float32
13,513.089950,2452,52430573,53.434,random,float32
13,513.629645,5034,52430573,54.789,random,float32
13,514.168855,365,52430573,53.475,random,float32
13,514.703379,4404,52430573,54.136,random,float32
13,515.248399,7363,52430573,54.719,random,float32
13,515.792383,6671,52430573,54.469,random,float32
13,516.334576,4012,52430573,53.965,random,float32
13,516.880322,3755,52430573,56.245,random,float32
13,517.433128,1817,52430573,55.516,random,float32
13,517.972694,2381,52430573,53.957,random,float32
13,518.514544,154,52430573,53.338,random,float32
13,519.072950,8094,52430573,54.197,random,float32
13,519.631756,3699,52430573,54.630,random,float32
13,520.172503,4214,52430573,53.121,random,float32
13,520.708505,34,52430573,54.061,random,float32
13,521.244224,1446,52430573,53.994,random,float32
13,521.796590,6335,52430573,55.651,random,float32
13,522.343508,2987,52430573,52.275,random,float32
13,522.885284,4466,52430573,54.483,random,float32
13,523.433867,548,52430573,53.503,random,float32
13,523.964540,7196,52430573,52.666,random,float32
13,524.498037,1039,52430573,51.929,random,float32
13,525.035439,9714,52430573,52.601,random,float32
13,525.571231,9653,52430573,54.607,random,float32
13,526.102033,1762,52430573,53.535,random,float32
13,526.624919,5789,52430573,49.757,random,float32
13,527.162728,9965,52430573,53.683,random,float32
13,527.694543,3255,52430573,53.997,random,float32
13,528.226696,1263,52430573,55.897,random,float32
13,528.763801,1434,52430573,53.633,random,float32
13,529.296943,1294,52430573,53.298,random,float32
13,529.831779,5985,52430573,52.667,random,float32
13,530.365307,5990,52430573,53.969,random,float32
13,530.895276,5538,52430573,53.950,random,float32
13,531.425647,593,52430573,51.978,random,float32
13,531.955445,8954,52430573,53.995,random,float32
13,532.484841,8435,52430573,53.150,random,float32
13,533.023035,3946,52430573,53.477,random,float32
13,533.559118,4648,52430573,54.027,random,float32
13,534.100118,4005,52430573,54.961,random,float32
13,534.636569,9955,52430573,53.366,random,float32
13,535.172281,1186,52430573,53.466,random,float32
13,535.700349,7320,52430573,52.232,random,float32
13,536.229546,4200,52430573,53.480,random,float32
13,536.759993,376,52430573,52.891,random,float32
13,537.296028,6814,52430573,52.070,random,float32
13,537.833409,7103,52430573,53.455,random,float32
13,538.375955,6805,52430573,53.528,random,float32
13,538.913829,3816,52430573,53.093,random,float32
13,539.441383,4002,52430573,52.713,random,float32
13,539.968496,4794,52430573,51.679,random,float32
13,540.507389,9099,52430573,54.681,random,float32
13,541.044257,2107,52430573,55.195,random,float32
13,541.578527,4892,52430573,55.834,random,float32
13,542.108553,3021,52430573,51.712,random,float32
13,542.634639,7551,52430573,54.145,random,float32
13,543.174101,6653,52430573,52.122,random,float32
13,543.711239,8278,52430573,54.485,random,float32
13,544.253223,7924,52430573,53.150,random,float32
13,544.789591,5570,52430573,54.309,random,float32
13,545.325183,7670,52430573,54.309,random,float32
13,545.868802,3208,52430573,53.860,random,float32
13,546.408740,5087,52430573,53.498,random,float32
13,546.936267,940,52430573,51.516,random,float32
13,547.464482,9389,52430573,53.725,random,float32
13,547.996730,499,52430573,52.945,random,float32
13,548.529887,6977,52430573,53.938,random,float32
13,549.055291,3406,52430573,52.121,random,float32
13,549.579794,4487,52430573,53.204,random,float32
13,550.118074,8589,52430573,53.221,random,float32
13,550.657554,1693,52430573,53.827,random,float32
13,551.194043,9653,52430573,53.770,random,float32
13,551.730570,9236,52430573,52.944,random,float32
13,552.266419,8504,52430573,54.294,random,float32
13,552.802524,5455,52430573,53.584,random,float32
13,553.336305,7348,52430573,52.556,random,float32
13,553.878782,9991,52430573,55.131,random,float32
13,554.416420,7013,52430573,54.046,random,float32
13,554.942442,2228,52430573,50.744,random,float32
13,555.474941,9375,52430573,54.034,random,float32
13,556.020280,3118,52430573,52.097,random,float32
13,556.552134,8858,52430573,53.397,random,float32
13,557.090139,6103,52430573,55.575,random,float32
13,557.621954,4603,52430573,55.880,random,float32
13,558.158789,2629,52430573,52.793,random,float32
13,558.697559,9147,52430573,52.819,random,float32
13,559.232158,4407,52430573,52.710,random,float32
13,559.764154,9028,52430573,53.954,random,float32
13,560.302118,8254,52430573,54.027,random,float32
13,560.840979,3934,52430573,53.613,random,float32
13,561.378524,8293,52430573,52.208,random,float32
13,561.915081,480,52430573,53.454,random,float32
13,562.451348,7635,52430573,53.990,random,float32
13,562.992961,716,52430573,53.124,random,float32
13,563.529750,827,52430573,53.824,random,float32
13,564.065712,7032,52430573,53.657,random,float32
13,564.605627,5831,52430573,54.023,random,float32
13,565.142988,9865,52430573,53.116,random,float32
13,565.672476,2887,52430573,52.691,random,float32
13,566.194920,9388,52430573,53.579,random,float32
13,566.724728,6747,52430573,54.037,random,float32
13,567.265441,7863,52430573,54.022,random,float32
13,567.797034,367,52430573,53.459,random,float32
13,568.332391,7084,52430573,54.319,random,float32
13,568.871476,3652,52430573,53.577,random,float32
13,569.408484,4144,52430573,53.767,random,float32
13,569.948699,3667,52430573,53.999,random,float32
13,570.501649,8715,52430573,55.339,random,float32
13,571.044546,976,52430573,53.791,random,float32
13,571.585019,1700,52430573,54.112,random,float32
13,572.155358,6092,52430573,56.218,random,float32
13,572.697378,9358,52430573,54.823,random,float32
13,573.236095,5761,52430573,54.233,random,float32
13,573.787025,2516,52430573,56.592,random,float32
13,574.334528,2617,52430573,55.285,random,float32
13,574.893938,2772,52430573,54.621,random,float32
13,575.432174,4314,52430573,53.781,random,float32
13,575.976108,7903,52430573,54.140,random,float32
13,576.518810,5145,52430573,54.459,random,float32
13,577.061556,1426,52430573,54.321,random,float32
13,577.606925,2950,52430573,53.281,random,float32
13,578.141196,6621,52430573,54.480,random,float32
13,578.675298,5783,52430573,53.257,random,float32
13,579.215557,3212,52430573,52.932,random,float32
13,579.747963,9008,52430573,53.220,random,float32
13,580.279825,3148,52430573,53.218,random,float32
13,580.809852,8243,52430573,52.858,random,float32
13,581.337143,3244,52430573,52.270,random,float32
13,581.869552,3607,52430573,52.035,random,float32
13,582.391830,3385,52430573,53.681,random,float32
13,582.928261,7692,52430573,53.152,random,float32
13,583.463728,7081,52430573,53.356,random,float32
13,583.992155,8327,52430573,53.376,random,float32
13,584.525161,9294,52430573,52.782,random,float32
13,585.058189,7137,52430573,54.818,random,float32
13,585.589602,3506,52430573,52.214,random,float32
13,586.127072,3572,52430573,53.883,random,float32
13,586.660952,4800,52430573,54.246,random,float32
13,587.199313,6039,52430573,52.808,random,float32
13,587.732735,1418,52430573,52.808,random,float32
13,588.272592,3948,52430573,55.754,random,float32
13,588.814940,2844,52430573,53.628,random,float32
13,589.355621,9149,52430573,55.153,random,float32
13,589.916324,8316,52430573,55.843,random,float32
13,590.463983,1145,52430573,52.823,random,float32
13,590.997438,6860,52430573,54.268,random,float32
13,591.532368,1607,52430573,53.918,random,float32
13,592.062623,9117,52430573,53.920,random,float32
13,592.585286,8513,52430573,51.378,random,float32
13,593.116093,7513,52430573,54.367,random,float32
13,593.654852,9207,52430573,54.066,random,float32
13,594.193482,3300,52430573,53.612,random,float32
13,594.726299,2084,52430573,54.652,random,float32
13,595.272151,1799,52430573,53.596,random,float32
13,595.808208,7916,52430573,55.647,random,float32
13,596.353823,6247,52430573,55.177,random,float32
13,596.891570,7104,52430573,52.796,random,float32
13,597.432220,1421,52430573,52.221,random,float32
13,597.959213,4205,52430573,51.827,random,float32
13,598.510397,5163,52430573,55.134,random,float32
13,599.044641,3399,52430573,52.041,random,float32
13,599.590199,4215,52430573,54.071,random,float32
13,600.119203,1769,52430573,53.160,random,float32
13,600.664295,2984,52430573,54.028,random,float32
13,601.222706,867,52430573,57.655,random,float32
13,601.782036,7251,52430573,55.890,random,float32
13,602.322248,6898,52430573,55.137,random,float32
13,602.865815,99,52430573,53.715,random,float32
13,603.404199,2908,52430573,54.660,random,float32
13,603.961672,4857,52430573,57.736,random,float32
13,604.517212,7099,52430573,58.236,random,float32
13,605.050777,6178,52430573,53.188,random,float32
13,605.579813,4895,52430573,52.918,random,float32
13,606.116159,652,52430573,52.813,random,float32
13,606.644662,1204,52430573,52.802,random,float32
13,607.176721,5198,52430573,55.241,random,float32
13,607.704021,1867,52430573,52.949,random,float32
13,608.236561,654,52430573,54.566,random,float32
13,608.771141,5301,52430573,53.364,random,float32
13,609.308537,5592,52430573,53.781,random,float32
13,609.840785,6997,52430573,52.175,random,float32
13,610.374263,1697,52430573,54.813,random,float32
13,610.904363,6380,52430573,52.801,random,float32
13,611.431137,6103,52430573,52.629,random,float32
13,611.961917,56,52430573,52.425,random,float32
13,612.492029,258,52430573,52.975,random,float32
13,613.019170,6813,52430573,52.387,random,float32
13,613.550156,504,52430573,53.083,random,float32
13,614.087775,9685,52430573,53.961,random,float32
13,614.614562,3949,52430573,53.358,random,float32
13,615.152134,6261,52430573,53.386,random,float32
13,615.682963,6227,52430573,52.478,random,float32
13,616.213645,1030,52430573,52.708,random,float32
13,616.745218,9580,52430573,53.221,random,float32
13,617.283185,6937,52430573,53.534,random,float32
13,617.816358,3721,52430573,53.423,random,float32
13,618.355916,7119,52430573,54.579,random,float32
13,618.887859,6833,52430573,51.881,random,float32
13,619.414650,7497,52430573,52.041,random,float32
13,619.939697,5908,52430573,53.296,random,float32
13,620.477458,5872,52430573,55.658,random,float32
13,621.025055,4299,52430573,56.314,random,float32
13,621.570828,6395,52430573,52.704,random,float32
13,622.097917,3209,52430573,53.957,random,float32
13,622.625464,2220,52430573,53.976,random,float32
13,623.141402,108,52430573,50.829,random,float32
13,623.682901,8228,52430573,53.944,random,float32
13,624.225863,6380,52430573,52.913,random,float32
13,624.755550,1190,52430573,52.731,random,float32
13,625.282840,7548,52430573,55.482,random,float32
13,625.802598,9632,52430573,50.926,random,float32
13,626.331246,2733,52430573,51.310,random,float32
13,626.858802,6506,52430573,53.215,random,float32
13,627.395849,6764,52430573,53.941,random,float32
13,627.935824,7753,52430573,55.015,random,float32
13,628.473932,2276,52430573,52.950,random,float32
13,629.006896,8032,52430573,54.574,random,float32
13,629.546777,6740,52430573,52.933,random,float32
13,630.077555,49,52430573,53.551,random,float32
13,630.617567,3123,52430573,54.293,random,float32
13,631.159263,9372,52430573,53.070,random,float32
13,631.696354,926,52430573,52.482,random,float32
13,632.231282,7177,52430573,54.489,random,float32
13,632.767456,3927,52430573,54.445,random,float32
13,633.309396,5833,52430573,54.014,random,float32
13,633.847589,2428,52430573,52.917,random,float32
13,634.385205,5988,52430573,53.247,random,float32
13,634.922858,4080,52430573,54.716,random,float32
13,635.452473,4765,52430573,52.767,random,float32
13,635.983354,9660,52430573,53.366,random,float32
13,636.526121,897,52430573,54.396,random,float32
13,637.074383,5839,52430573,56.537,random,float32
13,637.626199,7153,52430573,55.564,random,float32
13,638.163315,7956,52430573,54.573,random,float32
13,638.713668,9158,52430573,57.013,random,float32
13,639.251471,968,52430573,54.075,random,float32
13,639.786734,203,52430573,52.731,random,float32
13,640.325528,6959,52430573,54.138,random,float32
13,640.870591,2235,52430573,52.508,random,float32
13,641.414083,4296,52430573,54.545,random,float32
13,641.970829,6874,52430573,55.261,random,float32
13,642.517225,8717,52430573,54.513,random,float32
13,643.058869,8682,52430573,54.394,random,float32
13,643.600515,7854,52430573,52.948,random,float32
13,644.141432,157,52430573,53.682,random,float32
13,644.684985,184,52430573,54.315,random,float32
13,645.241621,3887,52430573,54.665,random,float32
13,645.791483,9508,52430573,55.201,random,float32
13,646.327004,7920,52430573,52.660,random,float32
13,646.851321,5117,52430573,51.906,random,float32
13,647.387623,5266,52430573,54.056,random,float32
13,647.919365,7215,52430573,54.531,random,float32
13,648.457154,5175,52430573,53.992,random,float32
13,648.987283,5127,52430573,52.609,random,float32
13,649.518216,4603,52430573,53.271,random,float32
13,650.045136,6878,52430573,52.703,random,float32
13,650.565496,6536,52430573,51.795,random,float32
13,651.093136,5874,52430573,52.516,random,float32
13,651.629629,461,52430573,54.666,random,float32
13,652.167153,9218,52430573,53.848,random,float32
13,652.703336,3346,52430573,54.573,random,float32
13,653.236607,4429,52430573,52.169,random,float32
13,653.778508,3991,52430573,56.224,random,float32
13,654.310204,731,52430573,53.716,random,float32
13,654.837774,8944,52430573,52.894,random,float32
13,655.368870,8298,52430573,52.102,random,float32
13,655.903711,2529,52430573,52.478,random,float32
13,656.437561,3244,52430573,53.313,random,float32
13,656.977319,9288,52430573,53.277,random,float32
13,657.519993,1079,52430573,54.307,random,float32
13,658.067822,4270,52430573,54.487,random,float32
13,658.622803,4629,52430573,54.786,random,float32
13,659.156520,1662,52430573,53.003,random,float32
13,659.686809,2710,52430573,52.439,random,float32
13,660.215687,5486,52430573,53.594,random,float32
13,660.745383,9390,52430573,52.401,random,float32
13,661.275854,8040,52430573,51.959,random,float32
13,661.803797,1831,52430573,52.350,random,float32
13,662.328386,3469,52430573,52.482,random,float32
13,662.863345,7395,52430573,52.711,random,float32
13,663.395781,9895,52430573,53.415,random,float32
13,663.928939,866,52430573,53.402,random,float32
13,664.460556,9616,52430573,52.938,random,float32
13,665.009177,4932,52430573,54.939,random,float32
13,665.569067,5571,52430573,52.461,random,float32
13,666.100711,7220,52430573,53.570,random,float32
13,666.620345,4306,52430573,51.574,random,float32
13,667.158778,4284,52430573,54.860,random,float32
13,667.697579,8426,52430573,54.933,random,float32
13,668.230115,3143,52430573,53.462,random,float32
13,668.759386,8215,52430573,52.725,random,float32
13,669.281377,3480,52430573,54.598,random,float32
13,669.820527,5753,52430573,53.123,random,float32
13,670.354569,3255,52430573,53.883,random,float32
13,670.896388,3791,52430573,54.803,random,float32
13,671.442375,7526,52430573,52.614,random,float32
13,671.985456,6382,52430573,54.082,random,float32
13,672.516026,2172,52430573,49.665,random,float32
13,673.042513,6770,52430573,52.597,random,float32
13,673.574619,7373,52430573,54.320,random,float32
13,674.108717,8048,52430573,50.456,random,float32
13,674.638385,2695,52430573,51.862,random,float32
13,675.172192,6468,52430573,53.665,random,float32
13,675.702330,7144,52430573,51.229,random,float32
13,676.224425,3265,52430573,51.906,random,float32
13,676.749770,362,52430573,51.503,random,float32
13,677.282818,5990,52430573,54.409,random,float32
13,677.816990,6445,52430573,52.979,random,float32
13,678.354182,1160,52430573,53.686,random,float32
13,678.889287,7422,52430573,50.591,random,float32
13,679.413612,4075,52430573,53.186,random,float32
13,679.951571,7571,52430573,55.007,random,float32
13,680.476584,6027,52430573,53.495,random,float32
13,681.000225,2617,52430573,52.696,random,float32
13,681.526057,9519,52430573,54.062,random,float32
13,682.063295,6721,52430573,54.725,random,float32
13,682.603424,9135,52430573,54.879,random,float32
13,683.148905,5693,52430573,55.462,random,float32
13,683.685216,1419,52430573,54.426,random,float32
13,684.231009,9151,52430573,53.433,random,float32
13,684.765150,4077,52430573,53.575,random,float32
13,685.309495,2878,52430573,53.801,random,float32
13,685.846029,3516,52430573,53.698,random,float32
13,686.391213,1334,52430573,55.955,random,float32
13,686.913779,369,52430573,51.426,random,float32
13,687.445009,2693,52430573,54.861,random,float32
13,687.974338,9228,52430573,54.584,random,float32
13,688.511555,8894,52430573,54.018,random,float32
13,689.048208,7924,52430573,52.652,random,float32
13,689.578552,4721,52430573,52.012,random,float32
13,690.109638,5771,52430573,52.759,random,float32
13,690.645567,6477,52430573,54.780,random,float32
13,691.168394,6345,52430573,53.529,random,float32
13,691.707554,144,52430573,54.612,random,float32
13,692.252858,5324,52430573,54.587,random,float32
13,692.787380,1868,52430573,51.726,random,float32
13,693.320001,1152,52430573,51.486,random,float32
13,693.857113,9075,52430573,54.291,random,float32
13,694.385489,3579,52430573,52.331,random,float32
13,694.917176,6699,52430573,53.031,random,float32
13,695.450596,4862,52430573,51.661,random,float32
13,695.980257,1449,52430573,53.584,random,float32
13,696.514681,9746,52430573,52.489,random,float32
13,697.051851,6300,52430573,53.540,random,float32
13,697.591355,6943,52430573,54.499,random,float32
13,698.126701,7699,52430573,51.772,random,float32
13,698.654065,3054,52430573,53.501,random,float32
13,699.187139,8911,52430573,54.022,random,float32
13,699.718710,7726,52430573,52.982,random,float32
13,700.248173,9976,52430573,55.511,random,float32
13,700.784320,9665,52430573,50.394,random,float32
13,701.300004,9067,52430573,52.329,random,float32
13,701.829946,8056,52430573,52.759,random,float32
13,702.357685,7848,52430573,52.621,random,float32
13,702.891916,498,52430573,52.707,random,float32
13,703.428188,7462,52430573,54.144,random,float32
13,703.969395,3952,52430573,53.618,random,float32
13,704.507367,6641,52430573,53.827,random,float32
13,705.065550,5894,52430573,60.549,random,float32
13,705.624366,282,52430573,54.129,random,float32
13,706.156499,1550,52430573,54.497,random,float32
13,706.693517,4086,52430573,55.560,random,float32
13,707.236844,5423,52430573,54.726,random,float32
13,707.767263,1157,52430573,53.041,random,float32
13,708.290848,9904,52430573,52.267,random,float32
13,708.825051,6372,52430573,54.184,random,float32
13,709.361218,7180,52430573,54.801,random,float32
13,709.896070,3066,52430573,53.654,random,float32
13,710.418027,4160,52430573,51.596,random,float32
13,710.943704,348,52430573,50.507,random,float32
13,711.472034,42,52430573,54.899,random,float32
13,712.008556,364,52430573,54.136,random,float32
13,712.537392,918,52430573,52.949,random,float32
13,713.065368,6530,52430573,53.003,random,float32
13,713.598981,2006,52430573,52.290,random,float32
13,714.131937,1488,52430573,52.251,random,float32
13,714.668976,9057,52430573,53.047,random,float32
13,715.206129,5000,52430573,53.510,random,float32
13,715.748162,3742,52430573,54.378,random,float32
13,716.282340,7205,52430573,54.245,random,float32
13,716.818646,493,52430573,53.479,random,float32
13,717.354847,823,52430573,53.379,random,float32
13,717.892566,8272,52430573,54.660,random,float32
13,718.433142,1637,52430573,53.769,random,float32
13,718.972347,7058,52430573,55.533,random,float32
13,719.515137,6404,52430573,53.852,random,float32
13,720.048400,6766,52430573,53.545,random,float32
13,720.596838,7048,52430573,46.745,random,float32
13,721.141753,7083,52430573,52.638,random,float32
13,721.696211,801,52430573,54.950,random,float32
13,722.235649,1722,52430573,54.757,random,float32
13,722.770945,1821,52430573,52.490,random,float32
13,723.305512,3632,52430573,51.128,random,float32
13,723.847884,8273,52430573,53.643,random,float32
13,724.384149,1603,52430573,55.114,random,float32
13,724.950223,197,52430573,54.897,random,float32
13,725.494235,1571,52430573,55.711,random,float32
13,726.034327,5528,52430573,54.443,random,float32
13,726.563329,2293,52430573,53.024,random,float32
13,727.100205,6433,52430573,53.579,random,float32
13,727.627345,6211,52430573,52.681,random,float32
13,728.156683,6553,52430573,52.999,random,float32
13,728.700346,6483,52430573,54.649,random,float32
13,729.237318,6660,52430573,54.003,random,float32
13,729.774673,8903,52430573,53.379,random,float32
13,730.310945,3864,52430573,53.462,random,float32
13,730.844353,6186,52430573,52.110,random,float32
13,731.379229,7261,52430573,53.480,random,float32
13,731.913140,3266,52430573,52.767,random,float32
13,732.448082,8460,52430573,52.979,random,float32
13,732.990371,9702,52430573,52.771,random,float32
13,733.524999,9547,52430573,53.890,random,float32
13,734.059575,9134,52430573,53.541,random,float32
13,734.599048,763,52430573,53.861,random,float32
13,735.139028,6711,52430573,54.636,random,float32
13,735.676124,3695,52430573,53.133,random,float32
13,736.226293,4551,52430573,55.044,random,float32
13,736.770339,751,52430573,53.950,random,float32
13,737.326554,2080,52430573,56.050,random,float32
13,737.882373,3257,52430573,53.080,random,float32
13,738.423036,3385,52430573,53.324,random,float32
13,738.962440,5148,52430573,53.314,random,float32
13,739.497837,6508,52430573,53.941,random,float32
13,740.036006,4633,52430573,53.717,random,float32
13,740.575503,1758,52430573,53.149,random,float32
13,741.106327,1127,52430573,52.831,random,float32
13,741.651333,3808,52430573,53.790,random,float32
13,742.203528,3341,52430573,53.726,random,float32
13,742.750303,5249,52430573,55.992,random,float32
13,743.294027,1774,52430573,54.518,random,float32
13,743.854128,230,52430573,54.927,random,float32
13,744.404810,8588,52430573,54.009,random,float32
13,744.946716,2529,52430573,52.647,random,float32
13,745.487068,8161,52430573,53.521,random,float32
13,746.027758,7956,52430573,54.344,random,float32
13,746.561808,5066,52430573,52.856,random,float32
13,747.128886,7356,52430573,56.761,random,float32
13,747.679905,3625,52430573,53.734,random,float32
13,748.218844,5905,52430573,55.054,random,float32
13,748.753880,380,52430573,53.499,random,float32
13,749.287137,6136,52430573,54.350,random,float32
13,749.821710,7564,52430573,52.663,random,float32
13,750.360445,3485,52430573,55.464,random,float32
13,750.902884,5842,52430573,54.147,random,float32
13,751.449862,3775,52430573,54.326,random,float32
13,751.995497,7612,52430573,54.087,random,float32
13,752.537277,677,52430573,53.707,random,float32
13,753.077233,8658,52430573,53.908,random,float32
13,753.623507,2361,52430573,54.585,random,float32
13,754.181513,2579,52430573,57.317,random,float32
13,754.745286,9459,52430573,55.241,random,float32
13,755.297942,7196,52430573,55.881,random,float32
13,755.859755,7769,52430573,57.412,random,float32
13,756.412514,4842,52430573,54.985,random,float32
13,756.967358,899,52430573,55.784,random,float32
13,757.521250,4521,52430573,54.541,random,float32
13,758.063319,6908,52430573,54.202,random,float32
13,758.598836,9581,52430573,53.589,random,float32
13,759.137545,5510,52430573,56.109,random,float32
13,759.693592,338,52430573,54.684,random,float32
13,760.239810,4391,52430573,54.530,random,float32
13,760.788994,6671,52430573,55.544,random,float32
13,761.345949,9932,52430573,55.615,random,float32
13,761.894443,6954,52430573,53.524,random,float32
13,762.429816,9198,52430573,53.422,random,float32
13,762.976795,2490,52430573,55.077,random,float32
13,763.524985,4863,52430573,55.625,random,float32
13,764.076580,1068,52430573,54.600,random,float32
13,764.626803,3851,52430573,52.693,random,float32
13,765.159533,3439,52430573,53.844,random,float32
13,765.706671,9693,52430573,54.870,random,float32
13,766.247095,8240,52430573,53.427,random,float32
13,766.777101,3263,52430573,52.911,random,float32
13,767.321618,755,52430573,53.555,random,float32
13,767.851805,1116,52430573,53.088,random,float32
13,768.387900,5965,52430573,53.362,random,float32
13,768.918326,6933,52430573,52.957,random,float32
13,769.449455,5511,52430573,53.356,random,float32
13,769.972015,1502,52430573,52.182,random,float32
13,770.502305,2654,52430573,53.407,random,float32
13,771.029937,6889,52430573,52.222,random,float32
13,771.565166,44,52430573,53.729,random,float32
13,772.106578,6531,52430573,54.397,random,float32
13,772.647392,1564,52430573,52.460,random,float32
13,773.174251,8247,52430573,54.139,random,float32
13,773.720697,1975,52430573,56.074,random,float32
13,774.256102,6583,52430573,54.241,random,float32
13,774.790641,1569,52430573,52.325,random,float32
13,775.335769,892,52430573,54.151,random,float32
13,775.869681,8379,52430573,53.510,random,float32
13,776.415246,3469,52430573,54.119,random,float32
13,776.955283,2421,52430573,54.801,random,float32
13,777.497784,4531,52430573,54.240,random,float32
13,778.040023,1612,52430573,53.236,random,float32
13,778.577602,919,52430573,53.700,random,float32
13,779.113006,8945,52430573,53.749,random,float32
13,779.649172,5658,52430573,52.315,random,float32
13,780.183770,2660,52430573,50.952,random,float32
13,780.717581,5324,52430573,53.980,random,float32
13,781.252799,6403,52430573,53.566,random,float32
13,781.796452,8378,52430573,54.871,random,float32
13,782.334066,9630,52430573,52.930,random,float32
13,782.876186,6117,52430573,53.839,random,float32
13,783.416785,8509,52430573,54.158,random,float32
13,783.949179,1729,52430573,52.117,random,float32
13,784.487489,1746,52430573,54.012,random,float32
13,785.036310,374,52430573,54.762,random,float32
13,785.579872,6986,52430573,53.704,random,float32
13,786.123750,8246,52430573,55.209,random,float32
13,786.696539,7934,52430573,61.195,random,float32
13,787.244886,5225,52430573,53.593,random,float32
13,787.781552,1012,52430573,52.968,random,float32
13,788.323493,9151,52430573,55.016,random,float32
13,788.853911,9346,52430573,51.689,random,float32
13,789.386552,1268,52430573,52.237,random,float32
13,789.919707,6146,52430573,53.332,random,float32
13,790.456939,1128,52430573,50.287,random,float32
13,790.987252,2947,52430573,53.076,random,float32
13,791.526552,1797,52430573,56.431,random,float32
13,792.069519,3909,52430573,54.605,random,float32
13,792.606558,4513,52430573,56.115,random,float32
13,793.145455,2742,52430573,54.664,random,float32
13,793.677045,1859,52430573,53.722,random,float32
13,794.212781,3753,52430573,54.087,random,float32
13,794.743363,3232,52430573,52.870,random,float32
13,795.273791,9857,52430573,52.688,random,float32
13,795.809470,711,52430573,55.145,random,float32
13,796.351177,3356,52430573,53.865,random,float32
13,796.886209,2144,52430573,53.434,random,float32
13,797.417890,9775,52430573,54.055,random,float32
13,797.949016,3501,52430573,53.589,random,float32
13,798.487985,480,52430573,54.073,random,float32
13,799.025404,2940,52430573,53.438,random,float32
13,799.561098,8684,52430573,51.836,random,float32
13,800.097940,9138,52430573,52.620,random,float32
13,800.638185,3605,52430573,53.250,random,float32
13,801.171847,1500,52430573,53.152,random,float32
13,801.715552,2103,52430573,54.157,random,float32
13,802.262814,2897,52430573,55.270,random,float32
13,802.818273,5184,52430573,55.499,random,float32
13,803.375743,9137,52430573,59.032,random,float32
13,803.920056,733,52430573,53.802,random,float32
13,804.459355,3958,52430573,52.475,random,float32
13,804.989246,4451,52430573,54.247,random,float32
13,805.523840,5640,52430573,54.546,random,float32
13,806.073032,6002,52430573,54.839,random,float32
13,806.624117,8066,52430573,55.416,random,float32
13,807.167293,3651,52430573,53.832,random,float32
13,807.707244,9729,52430573,55.636,random,float32
13,808.246144,6112,52430573,53.307,random,float32
13,808.790135,4984,52430573,53.060,random,float32
13,809.334026,9600,52430573,54.423,random,float32
13,809.869728,6996,52430573,54.036,random,float32
13,810.402795,6117,52430573,53.651,random,float32
13,810.935630,5744,52430573,51.037,random,float32
13,811.471536,3166,52430573,55.710,random,float32
13,812.015222,6958,52430573,52.546,random,float32
13,812.549421,53,52430573,52.463,random,float32
13,813.079487,4374,52430573,53.441,random,float32
13,813.608746,4597,52430573,52.331,random,float32
13,814.148016,4187,52430573,53.055,random,float32
13,814.675543,2399,52430573,52.313,random,float32
13,815.205905,4002,52430573,52.912,random,float32
13,815.743725,678,52430573,51.612,random,float32
13,816.277735,838,52430573,52.506,random,float32
13,816.813661,2418,52430573,53.740,random,float32
13,817.364486,3294,52430573,55.715,random,float32
13,817.921335,7146,52430573,53.457,random,float32
13,818.457279,4762,52430573,52.452,random,float32
13,818.997218,523,52430573,54.109,random,float32
13,819.545075,4798,52430573,55.534,random,float32
13,820.084188,6752,52430573,53.796,random,float32
13,820.623475,4351,52430573,54.021,random,float32
13,821.163451,8202,52430573,53.359,random,float32
13,821.692081,7870,52430573,52.290,random,float32
13,822.218103,783,52430573,53.202,random,float32
13,822.751059,8476,52430573,52.469,random,float32
13,823.285739,7857,52430573,53.169,random,float32
13,823.820391,3060,52430573,52.395,random,float32
13,824.359075,1452,52430573,54.490,random,float32
13,824.905767,5852,52430573,56.399,random,float32
13,825.454304,6260,52430573,54.738,random,float32
13,826.001974,7746,52430573,55.555,random,float32
13,826.543004,528,52430573,53.904,random,float32
13,827.079759,9098,52430573,54.203,random,float32
13,827.609405,2720,52430573,52.190,random,float32
13,828.137787,1332,52430573,52.972,random,float32
13,828.670716,7616,52430573,53.234,random,float32
13,829.205142,8139,52430573,53.444,random,float32
13,829.734333,7961,52430573,54.198,random,float32
13,830.263819,8889,52430573,53.533,random,float32
13,830.798596,4747,52430573,54.474,random,float32
13,831.333993,3793,52430573,52.286,random,float32
13,831.873560,3439,52430573,53.865,random,float32
13,832.405327,6384,52430573,53.153,random,float32
13,832.952783,2313,52430573,55.036,random,float32
13,833.485366,3039,52430573,52.816,random,float32
13,834.018681,1163,52430573,53.318,random,float32
13,834.556224,8929,52430573,53.719,random,float32
13,835.095185,5166,52430573,52.879,random,float32
13,835.634964,2404,52430573,55.371,random,float32
13,836.194334,3244,52430573,54.712,random,float32
13,836.752636,6119,52430573,53.547,random,float32
13,837.297387,8673,52430573,54.628,random,float32
13,837.850821,7496,52430573,54.423,random,float32
13,838.390010,100,52430573,53.724,random,float32
13,838.918684,9279,52430573,52.727,random,float32
13,839.450054,7083,52430573,53.901,random,float32
13,840.001751,490,52430573,55.202,random,float32
13,840.538337,2937,52430573,51.750,random,float32
13,841.063751,8711,52430573,52.198,random,float32
13,841.603323,6330,52430573,54.466,random,float32
13,842.149362,6294,52430573,54.165,random,float32
13,842.678432,1262,52430573,53.824,random,float32
13,843.215267,2578,52430573,53.357,random,float32
13,843.746430,6202,52430573,53.580,random,float32
13,844.282747,9711,52430573,53.035,random,float32
13,844.817934,7115,52430573,55.294,random,float32
13,845.355667,8291,52430573,53.342,random,float32
13,845.884328,9891,52430573,50.537,random,float32
13,846.421884,4553,52430573,53.581,random,float32
13,846.939750,8688,52430573,51.586,random,float32
13,847.470741,2973,52430573,51.976,random,float32
13,847.996755,4797,52430573,52.210,random,float32
13,848.533937,6076,52430573,54.880,random,float32
13,849.065953,2887,52430573,53.037,random,float32
13,849.600422,6966,52430573,53.486,random,float32
13,850.137259,4889,52430573,54.747,random,float32
13,850.685382,3854,52430573,54.651,random,float32
13,851.223192,4098,52430573,54.028,random,float32
13,851.764298,8693,52430573,54.838,random,float32
13,852.319682,5268,52430573,54.243,random,float32
13,852.863264,6532,52430573,55.245,random,float32
13,853.405725,4573,52430573,53.301,random,float32
13,853.945292,2341,52430573,53.465,random,float32
13,854.475114,3974,52430573,54.802,random,float32
13,855.016282,2302,52430573,54.328,random,float32
13,855.549007,2629,52430573,53.482,random,float32
13,856.084192,4395,52430573,53.948,random,float32
13,856.617598,5487,52430573,53.172,random,float32
13,857.153055,326,52430573,51.540,random,float32
13,857.683297,2181,52430573,54.016,random,float32
13,858.218732,8844,52430573,55.167,random,float32
13,858.756639,8597,52430573,53.591,random,float32
13,859.296633,4478,52430573,54.670,random,float32
13,859.830793,9441,52430573,53.452,random,float32
13,860.365245,6276,52430573,54.357,random,float32
13,860.901197,5963,52430573,53.990,random,float32
13,861.439588,9047,52430573,53.600,random,float32
13,861.979240,5215,52430573,53.936,random,float32
13,862.496613,8855,52430573,52.491,random,float32
13,863.030023,1349,52430573,52.870,random,float32
13,863.561843,3782,52430573,51.072,random,float32
13,864.091620,5817,52430573,54.130,random,float32
13,864.615678,9482,52430573,51.895,random,float32
13,865.146494,4808,52430573,51.190,random,float32
13,865.683999,9569,52430573,55.556,random,float32
13,866.215811,9294,52430573,52.707,random,float32
13,866.755289,5492,52430573,54.845,random,float32
13,867.293405,4355,52430573,54.152,random,float32
13,867.827680,82,52430573,53.801,random,float32
13,868.363385,4270,52430573,53.464,random,float32
13,868.901617,9316,52430573,54.948,random,float32
13,869.440201,3139,52430573,52.820,random,float32
13,869.974443,1367,52430573,53.648,random,float32
13,870.507524,7371,52430573,52.857,random,float32
13,871.039218,1413,52430573,53.855,random,float32
13,871.568363,10,52430573,52.786,random,float32
13,872.101364,589,52430573,54.120,random,float32
13,872.630143,1741,52430573,51.916,random,float32
13,873.175526,3580,52430573,52.337,random,float32
13,873.713656,7331,52430573,54.974,random,float32
13,874.245818,4030,52430573,54.305,random,float32
13,874.779167,6532,52430573,54.023,random,float32
13,875.310088,4364,52430573,53.722,random,float32
13,875.838038,9665,52430573,51.621,random,float32
13,876.361509,4920,52430573,52.845,random,float32
13,876.895186,2741,52430573,55.214,random,float32
13,877.420244,4733,52430573,54.710,random,float32
13,877.951872,4545,52430573,54.865,random,float32
13,878.490449,439,52430573,53.946,random,float32
13,879.015573,4221,52430573,50.888,random,float32
13,879.549283,4947,52430573,53.970,random,float32
13,880.089524,1162,52430573,53.509,random,float32
13,880.629716,8543,52430573,53.318,random,float32
13,881.160563,1154,52430573,53.398,random,float32
13,881.696320,841,52430573,53.413,random,float32
13,882.224309,6857,52430573,52.126,random,float32
13,882.758026,4874,52430573,53.909,random,float32
13,883.292461,4381,52430573,53.189,random,float32
13,883.829897,89,52430573,54.281,random,float32
13,884.360913,6269,52430573,51.330,random,float32
13,884.898067,7021,52430573,53.462,random,float32
13,885.440388,7661,52430573,56.181,random,float32
13,885.988465,4215,52430573,53.396,random,float32
13,886.528525,4912,52430573,54.657,random,float32
13,887.071124,122,52430573,54.369,random,float32
13,887.611303,3309,52430573,53.357,random,float32
13,888.146780,969,52430573,52.879,random,float32
13,888.690512,8075,52430573,54.430,random,float32
13,889.234404,797,52430573,53.347,random,float32
13,889.773043,8056,52430573,53.682,random,float32
13,890.317454,2864,52430573,54.491,random,float32
13,890.855825,1505,52430573,54.106,random,float32
13,891.400895,9545,52430573,54.513,random,float32
13,891.964982,5404,52430573,52.749,random,float32
13,892.505710,8139,52430573,53.454,random,float32
13,893.047466,2101,52430573,53.094,random,float32
13,893.591649,5542,52430573,56.762,random,float32
13,894.148912,2370,52430573,54.427,random,float32
13,894.705974,2610,52430573,54.696,random,float32
13,895.238636,1844,52430573,53.472,random,float32
13,895.784004,5589,52430573,53.391,random,float32
13,896.315425,3583,52430573,52.093,random,float32
13,896.844959,7575,52430573,51.322,random,float32
13,897.374778,8867,52430573,51.307,random,float32
13,897.904029,5769,52430573,55.551,random,float32
13,898.440762,8069,52430573,51.161,random,float32
13,898.976856,1815,52430573,52.379,random,float32
13,899.512470,6224,52430573,52.790,random,float32
13,900.039439,7370,52430573,45.594,random,float32
14,300.481916,2897,52430573,54.147,random,float32
14,301.013551,2937,52430573,52.871,random,float32
14,301.545850,806,52430573,53.552,random,float32
14,302.082900,723,52430573,54.125,random,float32
14,302.619308,5033,52430573,53.905,random,float32
14,303.152735,3567,52430573,53.031,random,float32
14,303.684483,8652,52430573,52.865,random,float32
14,304.218797,2749,52430573,52.480,random,float32
14,304.752482,600,52430573,52.648,random,float32
14,305.285036,5771,52430573,52.400,random,float32
14,305.819987,6012,52430573,53.843,random,float32
14,306.358357,3660,52430573,55.603,random,float32
14,306.894267,6592,52430573,53.479,random,float32
14,307.428410,3894,52430573,51.826,random,float32
14,307.961280,3332,52430573,53.179,random,float32
14,308.500248,8701,52430573,53.414,random,float32
14,309.034781,1538,52430573,54.195,random,float32
14,309.574304,2643,52430573,54.217,random,float32
14,310.110120,4593,52430573,54.065,random,float32
14,310.644590,5205,52430573,52.748,random,float32
14,311.172535,2054,52430573,52.158,random,float32
14,311.700483,756,52430573,52.265,random,float32
14,312.230562,8669,52430573,53.175,random,float32
14,312.771420,508,52430573,54.156,random,float32
14,313.311515,3548,52430573,53.581,random,float32
14,313.846465,9966,52430573,54.258,random,float32
14,314.376510,8001,52430573,52.417,random,float32
14,314.912179,9168,52430573,54.160,random,float32
14,315.450222,8341,52430573,52.862,random,float32
14,315.983896,3137,52430573,53.157,random,float32
14,316.515781,7043,52430573,53.971,random,float32
14,317.050441,8232,52430573,53.950,random,float32
14,317.583735,49,52430573,54.135,random,float32
14,318.121316,1212,52430573,53.627,random,float32
14,318.660264,3679,52430573,52.850,random,float32
14,319.192465,2807,52430573,53.708,random,float32
14,319.723763,304,52430573,50.762,random,float32
14,320.249242,3344,52430573,52.855,random,float32
14,320.774264,8530,52430573,52.831,random,float32
14,321.303385,3607,52430573,52.828,random,float32
14,321.840282,7062,52430573,51.156,random,float32
14,322.379972,5599,52430573,52.028,random,float32
14,322.911913,7619,52430573,53.769,random,float32
14,323.440413,7718,52430573,52.406,random,float32
14,323.972300,2546,52430573,51.879,random,float32
14,324.509895,4550,52430573,53.309,random,float32
14,325.041899,1492,52430573,52.260,random,float32
14,325.563186,5216,52430573,53.893,random,float32
14,326.102455,4595,52430573,55.920,random,float32
14,326.637727,6205,52430573,54.815,random,float32
14,327.177810,4840,52430573,56.610,random,float32
14,327.722181,6355,52430573,53.547,random,float32
14,328.262376,357,52430573,54.209,random,float32
14,328.800351,2898,52430573,53.558,random,float32
14,329.337309,9035,52430573,53.437,random,float32
14,329.872228,1807,52430573,52.101,random,float32
14,330.408775,752,52430573,52.400,random,float32
14,330.943967,1648,52430573,54.103,random,float32
14,331.479223,8952,52430573,53.965,random,float32
14,332.013608,3840,52430573,53.585,random,float32
14,332.544600,8140,52430573,52.339,random,float32
14,333.088529,9327,52430573,55.915,random,float32
14,333.629121,9587,52430573,53.958,random,float32
14,334.161336,8808,52430573,50.931,random,float32
14,334.681095,1562,52430573,49.562,random,float32
14,335.212280,4847,52430573,55.055,random,float32
14,335.737883,9495,52430573,51.735,random,float32
14,336.276031,9932,52430573,53.723,random,float32
14,336.805426,695,52430573,52.832,random,float32
14,337.330686,8632,52430573,52.355,random,float32
14,337.856583,4932,52430573,51.970,random,float32
14,338.389739,6760,52430573,53.525,random,float32
14,338.923139,9421,52430573,53.904,random,float32
14,339.459131,9072,52430573,54.862,random,float32
14,339.996317,2804,52430573,52.873,random,float32
14,340.530876,1364,52430573,54.341,random,float32
14,341.061237,6590,52430573,52.344,random,float32
14,341.601831,5883,52430573,54.946,random,float32
14,342.141421,5033,52430573,54.106,random,float32
14,342.669933,7576,52430573,53.013,random,float32
14,343.204798,9305,52430573,53.496,random,float32
14,343.740435,3337,52430573,54.895,random,float32
14,344.273632,2248,52430573,53.410,random,float32
14,344.810769,4047,52430573,54.169,random,float32
14,345.347580,9859,52430573,54.863,random,float32
14,345.886520,2540,52430573,53.913,random,float32
14,346.421609,9068,52430573,52.720,random,float32
14,346.951547,8693,52430573,54.256,random,float32
14,347.490699,2474,52430573,53.182,random,float32
14,348.023444,6392,52430573,52.306,random,float32
14,348.554572,144,52430573,53.445,random,float32
14,349.096037,3612,52430573,53.691,random,float32
14,349.636604,713,52430573,52.833,random,float32
14,350.174301,3916,52430573,53.926,random,float32
14,350.724376,3028,52430573,54.577,random,float32
14,351.267646,1881,52430573,53.671,random,float32
14,351.803720,997,52430573,53.034,random,float32
14,352.339347,4886,52430573,52.075,random,float32
14,352.878981,1094,52430573,53.706,random,float32
14,353.412317,7929,52430573,52.707,random,float32
14,353.948212,9808,52430573,53.291,random,float32
14,354.474266,4224,52430573,52.376,random,float32
14,354.997032,7674,52430573,53.522,random,float32
14,355.524996,4099,52430573,53.416,random,float32
14,356.064227,9024,52430573,54.128,random,float32
14,356.600937,591,52430573,53.508,random,float32
14,357.135889,8724,52430573,53.637,random,float32
14,357.672200,351,52430573,53.288,random,float32
14,358.206961,1570,52430573,53.541,random,float32
14,358.738217,8482,52430573,53.173,random,float32
14,359.270454,2149,52430573,53.320,random,float32
14,359.808476,3267,52430573,53.956,random,float32
14,360.349626,9031,52430573,52.924,random,float32
14,360.884459,8670,52430573,52.871,random,float32
14,361.425225,4977,52430573,54.150,random,float32
14,361.960117,7123,52430573,52.594,random,float32
14,362.494285,6557,52430573,53.606,random,float32
14,363.031184,7737,52430573,54.847,random,float32
14,363.564587,8598,52430573,51.875,random,float32
14,364.097161,4671,52430573,54.056,random,float32
14,364.632573,6412,52430573,53.627,random,float32
14,365.168518,9088,52430573,53.447,random,float32
14,365.694997,7805,52430573,53.157,random,float32
14,366.235540,9963,52430573,52.894,random,float32
14,366.774047,464,52430573,52.788,random,float32
14,367.318846,4287,52430573,57.767,random,float32
14,367.877921,1014,52430573,55.520,random,float32
14,368.432724,7637,52430573,57.018,random,float32
14,368.984363,390,52430573,54.797,random,float32
14,369.545812,4161,52430573,56.184,random,float32
14,370.106746,1108,52430573,57.640,random,float32
14,370.660032,6910,52430573,55.193,random,float32
14,371.206857,5767,52430573,54.829,random,float32
14,371.771302,9325,52430573,56.642,random,float32
14,372.323424,9033,52430573,54.735,random,float32
14,372.864838,2683,52430573,53.552,random,float32
14,373.393140,5218,52430573,55.011,random,float32
14,373.936292,1748,52430573,54.252,random,float32
14,374.488813,9747,52430573,55.312,random,float32
14,375.044310,1226,52430573,54.315,random,float32
14,375.578361,7003,52430573,53.287,random,float32
14,376.116701,3397,52430573,54.812,random,float32
14,376.659206,9227,52430573,55.268,random,float32
14,377.215253,2665,52430573,54.792,random,float32
14,377.751583,5774,52430573,54.151,random,float32
14,378.291417,9903,52430573,54.860,random,float32
14,378.826502,7121,52430573,53.139,random,float32
14,379.361401,6066,52430573,55.319,random,float32
14,379.917905,3165,52430573,54.763,random,float32
14,380.471880,6162,52430573,55.412,random,float32
14,381.013171,8090,52430573,54.354,random,float32
14,381.570324,8999,52430573,55.892,random,float32
14,382.118680,4887,52430573,54.272,random,float32
14,382.664130,3099,52430573,53.025,random,float32
14,383.208674,2550,52430573,54.706,random,float32
14,383.760206,1630,52430573,56.579,random,float32
14,384.327492,7645,52430573,53.728,random,float32
14,384.873460,8172,52430573,55.513,random,float32
14,385.426613,8471,52430573,54.993,random,float32
14,385.971622,669,52430573,52.970,random,float32
14,386.516553,974,52430573,53.612,random,float32
14,387.050075,9573,52430573,53.990,random,float32
14,387.585748,5142,52430573,54.568,random,float32
14,388.118282,6501,52430573,52.237,random,float32
14,388.654253,482,52430573,53.993,random,float32
14,389.192772,1288,52430573,52.873,random,float32
14,389.727086,9949,52430573,54.536,random,float32
14,390.260277,4887,52430573,54.409,random,float32
14,390.797634,3740,52430573,54.023,random,float32
14,391.335035,5120,52430573,54.294,random,float32
14,391.878841,5271,52430573,52.858,random,float32
14,392.406092,1947,52430573,53.873,random,float32
14,392.946303,4683,52430573,51.739,random,float32
14,393.483551,8790,52430573,53.879,random,float32
14,394.018450,5301,52430573,51.777,random,float32
14,394.548910,2098,52430573,53.594,random,float32
14,395.086077,2986,52430573,53.535,random,float32
14,395.622868,9143,52430573,50.513,random,float32
14,396.161402,3248,52430573,55.216,random,float32
14,396.698531,8001,52430573,53.677,random,float32
14,397.238697,3772,52430573,54.356,random,float32
14,397.767619,1337,52430573,51.475,random,float32
14,398.301157,1585,52430573,53.631,random,float32
14,398.833681,6843,52430573,53.554,random,float32
14,399.370599,2337,52430573,54.062,random,float32
14,399.906295,4627,52430573,54.048,random,float32
14,400.438984,2121,52430573,53.139,random,float32
14,400.980078,7377,52430573,54.470,random,float32
14,401.516338,7820,52430573,52.175,random,float32
14,402.047326,5958,52430573,54.044,random,float32
14,402.581138,1920,52430573,55.535,random,float32
14,403.123049,2059,52430573,54.644,random,float32
14,403.657146,5603,52430573,54.134,random,float32
14,404.198523,2341,52430573,53.674,random,float32
14,404.733783,2526,52430573,55.537,random,float32
14,405.270301,9349,52430573,52.595,random,float32
14,405.810737,1088,52430573,53.820,random,float32
14,406.346842,4455,52430573,53.288,random,float32
14,406.872368,7166,52430573,52.904,random,float32
14,407.405217,4096,52430573,53.730,random,float32
14,407.936306,3328,52430573,52.518,random,float32
14,408.474781,9734,52430573,53.907,random,float32
14,409.005861,4765,52430573,54.377,random,float32
14,409.538540,6179,52430573,52.438,random,float32
14,410.068830,1583,52430573,54.100,random,float32
14,410.605100,8178,52430573,52.777,random,float32
14,411.143014,7450,52430573,52.582,random,float32
14,411.672433,3788,52430573,54.032,random,float32
14,412.196680,2613,52430573,52.612,random,float32
14,412.731414,5657,52430573,54.636,random,float32
14,413.272948,8887,52430573,53.885,random,float32
14,413.814529,6393,52430573,54.096,random,float32
14,414.341567,7317,52430573,52.666,random,float32
14,414.876218,6085,52430573,54.388,random,float32
14,415.410233,8069,52430573,54.396,random,float32
14,415.948733,9367,52430573,53.276,random,float32
14,416.494329,4239,52430573,56.310,random,float32
14,417.040569,4941,52430573,53.740,random,float32
14,417.591241,768,52430573,55.625,random,float32
14,418.138323,916,52430573,54.381,random,float32
14,418.679628,2177,52430573,53.371,random,float32
14,419.217074,414,52430573,54.351,random,float32
14,419.759335,6687,52430573,55.093,random,float32
14,420.304721,3468,52430573,54.827,random,float32
14,420.876848,5118,52430573,54.666,random,float32
14,421.421444,215,52430573,55.527,random,float32
14,421.969671,7294,52430573,54.878,random,float32
14,422.518097,660,52430573,53.211,random,float32
14,423.054996,8694,52430573,53.698,random,float32
14,423.591702,699,52430573,53.653,random,float32
14,424.130358,4810,52430573,53.502,random,float32
14,424.669012,7070,52430573,54.148,random,float32
14,425.213905,6970,52430573,56.055,random,float32
14,425.781854,1927,52430573,56.568,random,float32
14,426.342168,8485,52430573,56.129,random,float32
14,426.894112,8564,52430573,54.025,random,float32
14,427.450203,1466,52430573,55.442,random,float32
14,427.992533,2556,52430573,54.642,random,float32
14,428.545536,7989,52430573,55.864,random,float32
14,429.091913,2497,52430573,53.640,random,float32
14,429.633504,4852,52430573,54.791,random,float32
14,430.175961,9403,52430573,54.032,random,float32
14,430.712687,6308,52430573,52.821,random,float32
14,431.244130,2782,52430573,52.582,random,float32
14,431.780841,1766,52430573,53.987,random,float32
14,432.329696,5070,52430573,54.494,random,float32
14,432.871121,7294,52430573,53.903,random,float32
14,433.414577,8221,52430573,53.714,random,float32
14,433.950538,3399,52430573,52.267,random,float32
14,434.486582,2707,52430573,53.814,random,float32
14,435.028865,2171,52430573,56.829,random,float32
14,435.572771,7934,52430573,54.204,random,float32
14,436.111873,3806,52430573,53.350,random,float32
14,436.652534,9282,52430573,53.660,random,float32
14,437.185080,9597,52430573,52.647,random,float32
14,437.720243,6204,52430573,52.565,random,float32
14,438.261462,5729,52430573,55.744,random,float32
14,438.810306,1744,52430573,54.902,random,float32
14,439.355616,6943,52430573,54.840,random,float32
14,439.908245,6728,52430573,56.186,random,float32
14,440.449372,9689,52430573,53.566,random,float32
14,440.986551,9458,52430573,53.551,random,float32
14,441.526595,2371,52430573,55.054,random,float32
14,442.086873,4996,52430573,55.102,random,float32
14,442.637490,2549,52430573,52.851,random,float32
14,443.170143,3175,52430573,51.854,random,float32
14,443.700968,4340,52430573,53.176,random,float32
14,444.226976,9836,52430573,52.604,random,float32
14,444.764027,6390,52430573,53.663,random,float32
14,445.304546,2533,52430573,53.908,random,float32
14,445.855856,4409,52430573,55.063,random,float32
14,446.405573,441,52430573,55.044,random,float32
14,446.948423,2012,52430573,55.471,random,float32
14,447.501816,6979,52430573,54.066,random,float32
14,448.036139,3321,52430573,53.166,random,float32
14,448.572488,3472,52430573,53.458,random,float32
14,449.106326,1548,52430573,53.885,random,float32
14,449.639006,3414,52430573,53.963,random,float32
14,450.172633,2915,52430573,53.162,random,float32
14,450.702551,7100,52430573,54.709,random,float32
14,451.242884,9636,52430573,54.862,random,float32
14,451.778098,4508,52430573,51.747,random,float32
14,452.316394,9256,52430573,54.062,random,float32
14,452.859962,1262,52430573,51.970,random,float32
14,453.402142,2766,52430573,53.811,random,float32
14,453.936341,4753,52430573,53.199,random,float32
14,454.479791,6629,52430573,54.740,random,float32
14,455.026237,5690,52430573,56.835,random,float32
14,455.559146,3620,52430573,53.018,random,float32
14,456.088658,9447,52430573,54.174,random,float32
14,456.617163,6527,52430573,54.892,random,float32
14,457.149010,8514,52430573,52.805,random,float32
14,457.693042,4158,52430573,54.403,random,float32
14,458.237705,7807,52430573,52.885,random,float32
14,458.768352,7301,52430573,51.564,random,float32
14,459.288974,3996,52430573,53.694,random,float32
14,459.826463,74,52430573,54.090,random,float32
14,460.359448,1827,52430573,52.103,random,float32
14,460.888549,9244,52430573,54.200,random,float32
14,461.421036,7930,52430573,53.026,random,float32
14,461.966982,6046,52430573,55.028,random,float32
14,462.487686,6642,52430573,50.915,random,float32
14,463.023340,3083,52430573,54.519,random,float32
14,463.557846,7437,52430573,53.368,random,float32
14,464.096300,4351,52430573,52.593,random,float32
14,464.620796,8813,52430573,53.365,random,float32
14,465.153698,9643,52430573,49.344,random,float32
14,465.690745,4014,52430573,53.164,random,float32
14,466.232045,5105,52430573,54.797,random,float32
14,466.766565,7086,52430573,53.452,random,float32
14,467.298750,8478,52430573,52.643,random,float32
14,467.828310,7423,52430573,52.338,random,float32
14,468.356735,2894,52430573,49.586,random,float32
14,468.899118,2734,52430573,53.062,random,float32
14,469.432691,3768,52430573,53.777,random,float32
14,469.959183,8479,52430573,52.707,random,float32
14,470.487216,6630,52430573,53.861,random,float32
14,471.027649,8898,52430573,54.107,random,float32
14,471.564504,7443,52430573,55.408,random,float32
14,472.103510,2854,52430573,54.596,random,float32
14,472.637645,6546,52430573,56.445,random,float32
14,473.172274,7970,52430573,54.155,random,float32
14,473.702362,1673,52430573,54.504,random,float32
14,474.240771,8534,52430573,52.827,random,float32
14,474.774747,9194,52430573,53.207,random,float32
14,475.316952,6678,52430573,53.704,random,float32
14,475.855037,2550,52430573,53.717,random,float32
14,476.386748,9219,52430573,52.253,random,float32
14,476.913479,571,52430573,53.846,random,float32
14,477.441752,9230,52430573,53.366,random,float32
14,477.976392,2758,52430573,52.823,random,float32
14,478.509951,1710,52430573,53.222,random,float32
14,479.041084,7098,52430573,53.153,random,float32
14,479.572454,9970,52430573,52.809,random,float32
14,480.110568,8496,52430573,53.895,random,float32
14,480.651215,9235,52430573,52.732,random,float32
14,481.183066,579,52430573,52.799,random,float32
14,481.708482,4413,52430573,52.590,random,float32
14,482.238562,9321,52430573,51.560,random,float32
14,482.766663,3514,52430573,52.547,random,float32
14,483.296322,3669,52430573,54.003,random,float32
14,483.830743,3139,52430573,54.335,random,float32
14,484.364250,2674,52430573,51.776,random,float32
14,484.907860,541,52430573,54.328,random,float32
14,485.448014,6906,52430573,54.002,random,float32
14,485.968057,2201,52430573,51.632,random,float32
14,486.500114,4888,52430573,51.385,random,float32
14,487.023372,6369,52430573,52.958,random,float32
14,487.559779,6214,52430573,53.817,random,float32
14,488.098707,4042,52430573,53.773,random,float32
14,488.640169,2124,52430573,54.005,random,float32
14,489.173548,9703,52430573,52.787,random,float32
14,489.693182,5852,52430573,52.514,random,float32
14,490.230440,4872,52430573,53.025,random,float32
14,490.782401,9185,52430573,53.858,random,float32
14,491.311744,138,52430573,52.956,random,float32
14,491.850711,3962,52430573,52.776,random,float32
14,492.394479,9128,52430573,54.702,random,float32
14,492.935463,9964,52430573,53.305,random,float32
14,493.472356,9319,52430573,53.494,random,float32
14,494.009065,8569,52430573,55.168,random,float32
14,494.549670,2523,52430573,54.040,random,float32
14,495.094516,4350,52430573,54.581,random,float32
14,495.625669,8199,52430573,52.742,random,float32
14,496.170577,9836,52430573,54.406,random,float32
14,496.701071,9005,52430573,53.405,random,float32
14,497.244798,7225,52430573,54.113,random,float32
14,497.781296,9842,52430573,53.178,random,float32
14,498.314676,9115,52430573,53.972,random,float32
14,498.839744,5587,52430573,50.671,random,float32
14,499.376290,7351,52430573,54.896,random,float32
14,499.910604,6275,52430573,54.077,random,float32
14,500.445091,1969,52430573,55.020,random,float32
14,500.977714,9205,52430573,50.695,random,float32
14,501.500361,4857,52430573,54.830,random,float32
14,502.038605,3269,52430573,53.509,random,float32
14,502.569546,7577,52430573,52.620,random,float32
14,503.107312,8292,52430573,52.872,random,float32
14,503.650307,7511,52430573,54.060,random,float32
14,504.190466,4774,52430573,53.266,random,float32
14,504.750274,5818,52430573,55.717,random,float32
14,505.309634,147,52430573,54.385,random,float32
14,505.849906,5501,52430573,54.394,random,float32
14,506.394257,331,52430573,52.860,random,float32
14,506.923928,2610,52430573,53.260,random,float32
14,507.465146,5664,52430573,53.291,random,float32
14,508.023421,2948,52430573,56.970,random,float32
14,508.581766,8881,52430573,54.202,random,float32
14,509.113371,6517,52430573,52.407,random,float32
14,509.653555,2330,52430573,55.434,random,float32
14,510.188221,4750,52430573,53.825,random,float32
14,510.722672,2355,52430573,53.323,random,float32
14,511.258216,3511,52430573,53.283,random,float32
14,511.799510,2743,52430573,53.558,random,float32
14,512.330240,5388,52430573,53.271,random,float32
14,512.869124,3804,52430573,54.476,random,float32
14,513.425973,8739,52430573,56.684,random,float32
14,513.986367,5888,52430573,53.526,random,float32
14,514.527915,1969,52430573,53.201,random,float32
14,515.066175,1288,52430573,53.109,random,float32
14,515.615648,5790,52430573,55.601,random,float32
14,516.171225,6757,52430573,56.820,random,float32
14,516.720049,5287,52430573,56.422,random,float32
14,517.280455,6341,52430573,54.294,random,float32
14,517.822517,4940,52430573,54.839,random,float32
14,518.372100,9426,52430573,55.345,random,float32
14,518.918645,7679,52430573,54.589,random,float32
14,519.457429,9740,52430573,55.040,random,float32
14,519.990094,3029,52430573,51.791,random,float32
14,520.516479,8733,52430573,54.318,random,float32
14,521.047256,2406,52430573,52.742,random,float32
14,521.589338,5899,52430573,57.081,random,float32
14,522.146584,8292,52430573,53.751,random,float32
14,522.681785,2975,52430573,52.545,random,float32
14,523.250650,2145,52430573,58.719,random,float32
14,523.812567,2387,52430573,55.522,random,float32
14,524.355184,5833,52430573,54.816,random,float32
14,524.921694,6026,52430573,55.710,random,float32
14,525.454977,7136,52430573,52.000,random,float32
14,525.989655,1186,52430573,53.453,random,float32
14,526.514187,3740,52430573,50.875,random,float32
14,527.046886,3381,52430573,53.150,random,float32
14,527.583097,9967,52430573,52.996,random,float32
14,528.113709,479,52430573,52.848,random,float32
14,528.647947,2916,52430573,53.872,random,float32
14,529.182102,1957,52430573,53.866,random,float32
14,529.715937,7545,52430573,53.084,random,float32
14,530.250177,6475,52430573,53.300,random,float32
14,530.782288,422,52430573,51.614,random,float32
14,531.303271,7266,52430573,52.341,random,float32
14,531.831273,391,52430573,54.243,random,float32
14,532.356920,5407,52430573,48.741,random,float32
14,532.903462,2184,52430573,53.954,random,float32
14,533.438553,4022,52430573,53.942,random,float32
14,533.976177,9736,52430573,53.176,random,float32
14,534.512722,8001,52430573,53.828,random,float32
14,535.047602,8316,52430573,52.299,random,float32
14,535.574923,2395,52430573,50.780,random,float32
14,536.104905,6299,52430573,52.686,random,float32
14,536.641604,2253,52430573,53.553,random,float32
14,537.182681,5237,52430573,56.249,random,float32
14,537.717657,3213,52430573,54.907,random,float32
14,538.259002,2492,52430573,55.675,random,float32
14,538.785627,6946,52430573,52.035,random,float32
14,539.314583,4132,52430573,51.841,random,float32
14,539.844702,8572,52430573,52.486,random,float32
14,540.378183,5407,52430573,47.943,random,float32
14,540.919973,9827,52430573,54.115,random,float32
14,541.452736,3967,52430573,53.592,random,float32
14,541.986135,3440,52430573,52.563,random,float32
14,542.504864,4668,52430573,52.651,random,float32
14,543.035879,4307,52430573,52.777,random,float32
14,543.569270,486,52430573,53.221,random,float32
14,544.095606,7048,52430573,50.496,random,float32
14,544.621930,7325,52430573,51.926,random,float32
14,545.158260,6288,52430573,55.480,random,float32
14,545.693550,3180,52430573,55.723,random,float32
14,546.229071,2230,52430573,53.506,random,float32
14,546.748082,1219,52430573,52.394,random,float32
14,547.282050,9014,52430573,53.013,random,float32
14,547.813690,7578,52430573,47.553,random,float32
14,548.359862,7205,52430573,54.323,random,float32
14,548.887038,9302,52430573,52.335,random,float32
14,549.412996,5223,52430573,51.230,random,float32
14,549.945456,6766,52430573,55.045,random,float32
14,550.477723,5407,52430573,47.127,random,float32
14,551.013198,2062,52430573,53.791,random,float32
14,551.550599,217,52430573,54.413,random,float32
14,552.075702,3372,52430573,52.946,random,float32
14,552.610337,1618,52430573,55.153,random,float32
14,553.146129,2,52430573,54.505,random,float32
14,553.673906,8160,52430573,53.383,random,float32
14,554.198154,3806,52430573,52.987,random,float32
14,554.728112,4447,52430573,53.704,random,float32
14,555.265499,5143,52430573,53.075,random,float32
14,555.802813,4535,52430573,54.323,random,float32
14,556.345184,521,52430573,52.905,random,float32
14,556.871213,9466,52430573,51.672,random,float32
14,557.398816,7530,52430573,52.189,random,float32
14,557.934801,6751,52430573,53.581,random,float32
14,558.472133,6830,52430573,53.023,random,float32
14,559.006781,5548,52430573,52.615,random,float32
14,559.539141,8695,52430573,52.648,random,float32
14,560.075212,3654,52430573,53.655,random,float32
14,560.617782,380,52430573,54.452,random,float32
14,561.156739,5402,52430573,53.434,random,float32
14,561.693950,7777,52430573,53.593,random,float32
14,562.227890,5878,52430573,53.811,random,float32
14,562.768156,8761,52430573,53.251,random,float32
14,563.304437,8054,52430573,54.767,random,float32
14,563.841702,8585,52430573,53.714,random,float32
14,564.378789,4416,52430573,53.715,random,float32
14,564.918589,2888,52430573,54.323,random,float32
14,565.447047,7829,52430573,52.921,random,float32
14,565.987489,8226,52430573,55.915,random,float32
14,566.514960,975,52430573,52.584,random,float32
14,567.042377,5191,52430573,55.695,random,float32
14,567.576814,619,52430573,53.262,random,float32
14,568.112243,4779,52430573,53.850,random,float32
14,568.646779,9813,52430573,55.990,random,float32
14,569.182244,8784,52430573,54.054,random,float32
14,569.720416,3930,52430573,53.814,random,float32
14,570.259078,947,52430573,54.781,random,float32
14,570.815212,4821,52430573,56.403,random,float32
14,571.349820,898,52430573,52.873,random,float32
14,571.891580,7735,52430573,58.940,random,float32
14,572.456672,751,52430573,55.340,random,float32
14,573.006707,2950,52430573,54.223,random,float32
14,573.543374,3881,52430573,53.589,random,float32
14,574.081932,8329,52430573,54.228,random,float32
14,574.615243,8646,52430573,52.986,random,float32
14,575.149437,7781,52430573,53.447,random,float32
14,575.683148,5757,52430573,52.830,random,float32
14,576.222857,4157,52430573,53.666,random,float32
14,576.758209,2417,52430573,53.902,random,float32
14,577.297623,4846,52430573,53.731,random,float32
14,577.836316,7487,52430573,53.608,random,float32
14,578.372476,4970,52430573,53.994,random,float32
14,578.915573,2757,52430573,55.799,random,float32
14,579.465325,1213,52430573,54.422,random,float32
14,580.005653,1003,52430573,52.902,random,float32
14,580.539066,2159,52430573,53.578,random,float32
14,581.071679,9681,52430573,52.637,random,float32
14,581.599863,9831,52430573,51.774,random,float32
14,582.124397,2014,52430573,52.703,random,float32
14,582.662634,6356,52430573,55.547,random,float32
14,583.201266,6339,52430573,53.921,random,float32
14,583.757488,9776,52430573,56.564,random,float32
14,584.310071,6321,52430573,53.722,random,float32
14,584.856405,7397,52430573,62.378,random,float32
14,585.399918,74,52430573,54.507,random,float32
14,585.943878,9550,52430573,55.403,random,float32
14,586.486635,5822,52430573,54.021,random,float32
14,587.034650,7309,52430573,56.376,random,float32
14,587.586673,9769,52430573,53.417,random,float32
14,588.132340,2609,52430573,56.156,random,float32
14,588.713258,382,52430573,54.237,random,float32
14,589.268762,7277,52430573,55.991,random,float32
14,589.821411,2072,52430573,54.002,random,float32
14,590.369206,1949,52430573,61.454,random,float32
14,590.924041,5634,52430573,54.644,random,float32
14,591.466424,4990,52430573,52.935,random,float32
14,592.004485,7247,52430573,54.617,random,float32
14,592.533347,7471,52430573,51.591,random,float32
14,593.059435,8643,52430573,51.747,random,float32
14,593.594417,5108,52430573,53.886,random,float32
14,594.134203,2495,52430573,54.639,random,float32
14,594.668586,5453,52430573,53.301,random,float32
14,595.211828,9861,52430573,55.401,random,float32
14,595.753608,2255,52430573,55.021,random,float32
14,596.289836,2978,52430573,51.728,random,float32
14,596.831664,1017,52430573,53.604,random,float32
14,597.370970,1667,52430573,54.444,random,float32
14,597.902155,4864,52430573,54.657,random,float32
14,598.447762,6550,52430573,54.982,random,float32
14,598.981621,8748,52430573,54.314,random,float32
14,599.570406,3001,52430573,59.417,random,float32
14,600.124831,5324,52430573,53.386,random,float32
14,600.665498,7231,52430573,53.893,random,float32
14,601.227826,6461,52430573,55.896,random,float32
14,601.772844,5094,52430573,54.637,random,float32
14,602.311821,5141,52430573,54.215,random,float32
14,602.857522,3337,52430573,54.294,random,float32
14,603.391759,2403,52430573,53.571,random,float32
14,603.938571,5719,52430573,56.796,random,float32
14,604.494389,1461,52430573,57.489,random,float32
14,605.038216,4103,52430573,53.949,random,float32
14,605.568610,1352,52430573,54.434,random,float32
14,606.108216,4867,52430573,54.221,random,float32
14,606.637060,6308,52430573,53.588,random,float32
14,607.167186,7595,52430573,51.499,random,float32
14,607.697613,227,52430573,55.770,random,float32
14,608.228110,9170,52430573,54.889,random,float32
14,608.762812,1356,52430573,53.791,random,float32
14,609.299371,9795,52430573,54.105,random,float32
14,609.828736,9432,52430573,54.344,random,float32
14,610.357253,2955,52430573,52.624,random,float32
14,610.889228,1351,52430573,52.382,random,float32
14,611.416683,2870,52430573,55.065,random,float32
14,611.950970,2314,52430573,53.724,random,float32
14,612.480876,1726,52430573,52.353,random,float32
14,613.011798,4404,52430573,52.839,random,float32
14,613.541360,7494,52430573,53.917,random,float32
14,614.076719,5949,52430573,52.362,random,float32
14,614.603657,2789,52430573,54.428,random,float32
14,615.144329,8824,52430573,53.369,random,float32
14,615.675085,9006,52430573,53.476,random,float32
14,616.205743,4073,52430573,53.098,random,float32
14,616.738402,999,52430573,52.497,random,float32
14,617.276233,4702,52430573,53.650,random,float32
14,617.808812,374,52430573,53.652,random,float32
14,618.344766,8156,52430573,55.325,random,float32
14,618.881981,7091,52430573,52.772,random,float32
14,619.415129,159,52430573,52.214,random,float32
14,619.945507,5567,52430573,53.138,random,float32
14,620.472925,2288,52430573,53.737,random,float32
14,621.017416,5715,52430573,55.214,random,float32
14,621.564158,3239,52430573,54.559,random,float32
14,622.092886,5305,52430573,52.826,random,float32
14,622.624216,5915,52430573,53.874,random,float32
14,623.146965,4571,52430573,50.566,random,float32
14,623.674668,4838,52430573,54.588,random,float32
14,624.217293,1059,52430573,53.120,random,float32
14,624.750537,7019,52430573,53.595,random,float32
14,625.276354,6600,52430573,52.515,random,float32
14,625.797200,658,52430573,50.997,random,float32
14,626.330616,8436,52430573,54.553,random,float32
14,626.875104,621,52430573,54.305,random,float32
14,627.427038,1078,52430573,54.901,random,float32
14,627.981108,1692,52430573,53.725,random,float32
14,628.521007,433,52430573,53.697,random,float32
14,629.059366,6341,52430573,54.597,random,float32
14,629.594546,7466,52430573,52.215,random,float32
14,630.128593,4745,52430573,53.847,random,float32
14,630.671843,8201,52430573,55.173,random,float32
14,631.214892,6623,52430573,54.333,random,float32
14,631.757155,5851,52430573,52.738,random,float32
14,632.310839,3621,52430573,55.000,random,float32
14,632.860261,7497,52430573,55.681,random,float32
14,633.401946,6067,52430573,54.624,random,float32
14,633.944940,8038,52430573,54.004,random,float32
14,634.478998,9396,52430573,52.659,random,float32
14,635.015248,1500,52430573,51.462,random,float32
14,635.536452,934,52430573,51.234,random,float32
14,636.079028,6809,52430573,54.047,random,float32
14,636.605286,5273,52430573,53.639,random,float32
14,637.142459,1039,52430573,56.317,random,float32
14,637.687625,7573,52430573,54.283,random,float32
14,638.226774,8931,52430573,55.029,random,float32
14,638.760031,587,52430573,53.499,random,float32
14,639.297747,8227,52430573,56.412,random,float32
14,639.840161,8505,52430573,54.397,random,float32
14,640.387896,5748,52430573,55.854,random,float32
14,640.940015,8928,52430573,55.958,random,float32
14,641.489550,7068,52430573,54.048,random,float32
14,642.032489,8544,52430573,54.237,random,float32
14,642.563602,6631,52430573,54.125,random,float32
14,643.100419,8839,52430573,53.019,random,float32
14,643.642654,8754,52430573,54.356,random,float32
14,644.184262,2074,52430573,54.236,random,float32
14,644.724231,7960,52430573,53.013,random,float32
14,645.267399,3005,52430573,54.049,random,float32
14,645.798998,9156,52430573,52.371,random,float32
14,646.331216,717,52430573,53.353,random,float32
14,646.869740,1894,52430573,54.581,random,float32
14,647.416761,95,52430573,51.313,random,float32
14,647.960636,1749,52430573,53.734,random,float32
14,648.497088,1396,52430573,53.271,random,float32
14,649.024086,852,52430573,53.606,random,float32
14,649.550223,5651,52430573,50.491,random,float32
14,650.076008,6360,52430573,50.348,random,float32
14,650.605716,1461,52430573,53.894,random,float32
14,651.131961,8070,52430573,52.160,random,float32
14,651.672493,1922,52430573,53.849,random,float32
14,652.206618,4838,52430573,52.259,random,float32
14,652.742357,4859,52430573,52.380,random,float32
14,653.278377,9758,52430573,53.801,random,float32
14,653.820162,5985,52430573,55.671,random,float32
14,654.347665,8929,52430573,53.856,random,float32
14,654.876742,6008,52430573,50.525,random,float32
14,655.409012,3192,52430573,53.079,random,float32
14,655.933041,7206,52430573,51.270,random,float32
14,656.467808,2996,52430573,53.792,random,float32
14,657.009369,6022,52430573,53.872,random,float32
14,657.545943,1286,52430573,53.087,random,float32
14,658.080275,5483,52430573,51.812,random,float32
14,658.613927,5081,52430573,53.359,random,float32
14,659.144542,1545,52430573,54.603,random,float32
14,659.664378,7986,52430573,51.168,random,float32
14,660.199831,305,52430573,53.320,random,float32
14,660.730154,5577,52430573,53.278,random,float32
14,661.257155,298,52430573,52.407,random,float32
14,661.790178,5836,52430573,52.352,random,float32
14,662.314326,1265,52430573,53.886,random,float32
14,662.851259,8056,52430573,54.063,random,float32
14,663.384302,2405,52430573,52.729,random,float32
14,663.910785,5909,52430573,53.640,random,float32
14,664.440550,1256,52430573,53.303,random,float32
14,664.972155,197,52430573,51.341,random,float32
14,665.504870,4826,52430573,52.664,random,float32
14,666.035963,8983,52430573,55.378,random,float32
14,666.563684,3848,52430573,52.860,random,float32
14,667.097558,674,52430573,54.729,random,float32
14,667.635573,5827,52430573,53.925,random,float32
14,668.169015,9908,52430573,54.336,random,float32
14,668.701549,3340,52430573,52.670,random,float32
14,669.232116,7811,52430573,53.377,random,float32
14,669.780993,1179,52430573,55.014,random,float32
14,670.330500,5787,52430573,54.129,random,float32
14,670.870782,4185,52430573,54.425,random,float32
14,671.409405,2501,52430573,55.252,random,float32
14,671.940413,6831,52430573,52.962,random,float32
14,672.465251,8929,52430573,52.553,random,float32
14,672.992731,1830,52430573,52.376,random,float32
14,673.511486,8919,52430573,51.634,random,float32
14,674.052182,2334,52430573,54.352,random,float32
14,674.589582,2114,52430573,53.304,random,float32
14,675.121761,7031,52430573,53.274,random,float32
14,675.654583,2429,52430573,53.061,random,float32
14,676.182408,2548,52430573,52.624,random,float32
14,676.709492,2558,52430573,53.111,random,float32
14,677.248177,1817,52430573,54.784,random,float32
14,677.794257,4136,52430573,54.657,random,float32
14,678.338650,3963,52430573,53.436,random,float32
14,678.882194,5676,52430573,55.255,random,float32
14,679.414729,6820,52430573,52.635,random,float32
14,679.946050,1420,52430573,52.730,random,float32
14,680.479508,4627,52430573,53.933,random,float32
14,681.008511,8484,52430573,51.887,random,float32
14,681.539733,7012,52430573,51.819,random,float32
14,682.083268,2548,52430573,55.207,random,float32
14,682.643174,764,52430573,55.183,random,float32
14,683.197437,6967,52430573,54.028,random,float32
14,683.737964,9771,52430573,54.379,random,float32
14,684.282008,4805,52430573,54.496,random,float32
14,684.813939,1598,52430573,53.124,random,float32
14,685.355875,4557,52430573,54.031,random,float32
14,685.893136,2378,52430573,53.090,random,float32
14,686.440283,8078,52430573,55.223,random,float32
14,686.971722,7025,52430573,51.871,random,float32
14,687.503475,6180,52430573,53.468,random,float32
14,688.036007,9960,52430573,52.770,random,float32
14,688.562495,1769,52430573,52.277,random,float32
14,689.094604,3611,52430573,53.502,random,float32
14,689.626004,9146,52430573,53.700,random,float32
14,690.157180,6787,52430573,53.820,random,float32
14,690.693685,8076,52430573,53.807,random,float32
14,691.232828,1825,52430573,54.153,random,float32
14,691.770711,8737,52430573,52.632,random,float32
14,692.302438,1320,52430573,52.493,random,float32
14,692.836957,6507,52430573,54.024,random,float32
14,693.373839,7730,52430573,53.740,random,float32
14,693.905589,388,52430573,53.009,random,float32
14,694.434709,1971,52430573,53.091,random,float32
14,694.966369,5204,52430573,53.274,random,float32
14,695.501836,6789,52430573,53.651,random,float32
14,696.035489,2458,52430573,54.371,random,float32
14,696.579359,2889,52430573,53.620,random,float32
14,697.121978,3941,52430573,55.925,random,float32
14,697.674064,7439,52430573,54.520,random,float32
14,698.210958,7184,52430573,53.385,random,float32
14,698.748065,7192,52430573,54.397,random,float32
14,699.274942,6373,52430573,54.368,random,float32
14,699.814021,7615,52430573,51.041,random,float32
14,700.339413,3253,52430573,50.410,random,float32
14,700.878197,4002,52430573,50.751,random,float32
14,701.396229,1653,52430573,52.404,random,float32
14,701.926399,1766,52430573,52.666,random,float32
14,702.447994,7806,52430573,51.843,random,float32
14,702.964506,7663,52430573,52.214,random,float32
14,703.497723,587,52430573,51.768,random,float32
14,704.033978,5801,52430573,54.077,random,float32
14,704.564171,1435,52430573,49.247,random,float32
14,705.087479,8180,52430573,50.855,random,float32
14,705.615665,9547,52430573,52.812,random,float32
14,706.148007,8251,52430573,54.638,random,float32
14,706.684667,2690,52430573,53.572,random,float32
14,707.214059,8833,52430573,51.319,random,float32
14,707.743392,2508,52430573,52.368,random,float32
14,708.275257,6464,52430573,54.417,random,float32
14,708.812122,4439,52430573,53.188,random,float32
14,709.348428,5936,52430573,53.476,random,float32
14,709.888615,2808,52430573,54.071,random,float32
14,710.411528,2799,52430573,49.903,random,float32
14,710.939067,9045,52430573,50.143,random,float32
14,711.459060,7843,52430573,53.336,random,float32
14,711.995285,2887,52430573,54.970,random,float32
14,712.526322,7855,52430573,52.382,random,float32
14,713.070881,174,52430573,51.037,random,float32
14,713.611162,2025,52430573,55.325,random,float32
14,714.160353,9394,52430573,53.082,random,float32
14,714.690932,8882,52430573,52.846,random,float32
14,715.218925,707,52430573,50.912,random,float32
14,715.741787,7596,52430573,51.451,random,float32
14,716.275472,40,52430573,53.679,random,float32
14,716.812424,9543,52430573,54.117,random,float32
14,717.349680,9619,52430573,53.231,random,float32
14,717.883744,9542,52430573,51.773,random,float32
14,718.420880,384,52430573,54.104,random,float32
14,718.965483,8577,52430573,56.028,random,float32
14,719.507903,115,52430573,53.150,random,float32
14,720.044677,33,52430573,54.327,random,float32
14,720.602927,9746,52430573,54.826,random,float32
14,721.135648,8026,52430573,54.780,random,float32
14,721.681855,2593,52430573,57.017,random,float32
14,722.218139,2288,52430573,51.600,random,float32
14,722.763824,3326,52430573,53.765,random,float32
14,723.300106,5041,52430573,53.799,random,float32
14,723.838470,2829,52430573,56.311,random,float32
14,724.373610,4130,52430573,54.297,random,float32
14,724.917125,3607,52430573,55.715,random,float32
14,725.468113,3080,52430573,62.768,random,float32
14,726.016214,5397,52430573,54.811,random,float32
14,726.547676,6202,52430573,52.941,random,float32
14,727.079055,7731,52430573,54.127,random,float32
14,727.615754,6265,52430573,52.330,random,float32
14,728.152757,805,52430573,54.755,random,float32
14,728.692494,3083,52430573,53.394,random,float32
14,729.230774,3124,52430573,53.816,random,float32
14,729.767390,1135,52430573,53.619,random,float32
14,730.298567,6684,52430573,54.532,random,float32
14,730.833202,9887,52430573,52.844,random,float32
14,731.366388,1183,52430573,53.499,random,float32
14,731.901895,544,52430573,54.620,random,float32
14,732.441796,1109,52430573,53.223,random,float32
14,732.984397,734,52430573,52.980,random,float32
14,733.517485,6311,52430573,54.920,random,float32
14,734.051885,433,52430573,53.436,random,float32
14,734.590685,5972,52430573,53.627,random,float32
14,735.133594,4983,52430573,52.684,random,float32
14,735.664271,4131,52430573,54.156,random,float32
14,736.201304,1716,52430573,54.255,random,float32
14,736.746556,4801,52430573,54.054,random,float32
14,737.290991,4328,52430573,53.598,random,float32
14,737.831096,9621,52430573,54.352,random,float32
14,738.373125,4687,52430573,53.954,random,float32
14,738.910440,1802,52430573,54.471,random,float32
14,739.448276,7497,52430573,53.337,random,float32
14,739.976910,8839,52430573,51.691,random,float32
14,740.510129,9762,52430573,52.795,random,float32
14,741.037049,8453,52430573,52.745,random,float32
14,741.564589,7876,52430573,52.267,random,float32
14,742.107372,6043,52430573,53.112,random,float32
14,742.653397,1430,52430573,55.569,random,float32
14,743.196011,1836,52430573,53.933,random,float32
14,743.741436,6677,52430573,53.499,random,float32
14,744.279832,588,52430573,54.119,random,float32
14,744.820301,5273,52430573,54.583,random,float32
14,745.366390,1983,52430573,54.009,random,float32
14,745.902422,6971,52430573,52.936,random,float32
14,746.440421,4221,52430573,52.571,random,float32
14,746.973418,9048,52430573,49.849,random,float32
14,747.508877,77,52430573,53.333,random,float32
14,748.043887,9612,52430573,53.192,random,float32
14,748.581835,2142,52430573,52.741,random,float32
14,749.114423,7059,52430573,52.927,random,float32
14,749.654113,8035,52430573,53.343,random,float32
14,750.175169,3866,52430573,52.732,random,float32
14,750.713597,2692,52430573,53.941,random,float32
14,751.247703,4629,52430573,53.728,random,float32
14,751.784191,3418,52430573,52.654,random,float32
14,752.312398,5683,52430573,52.697,random,float32
14,752.846152,7129,52430573,52.189,random,float32
14,753.380388,6655,52430573,54.325,random,float32
14,753.916659,8983,52430573,54.399,random,float32
14,754.459853,2108,52430573,52.585,random,float32
14,754.991943,140,52430573,52.851,random,float32
14,755.532027,7808,52430573,53.929,random,float32
14,756.069607,6952,52430573,52.896,random,float32
14,756.602137,2591,52430573,53.006,random,float32
14,757.133056,7304,52430573,51.762,random,float32
14,757.668029,4522,52430573,54.110,random,float32
14,758.207945,7404,52430573,54.566,random,float32
14,758.736508,6463,52430573,52.437,random,float32
14,759.269365,2311,52430573,52.420,random,float32
14,759.801529,3056,52430573,51.302,random,float32
14,760.334304,6678,52430573,54.223,random,float32
14,760.875550,1384,52430573,54.042,random,float32
14,761.414271,4456,52430573,53.832,random,float32
14,761.951443,6851,52430573,53.960,random,float32
14,762.484721,9579,52430573,53.559,random,float32
14,763.026811,3961,52430573,55.370,random,float32
14,763.574959,5,52430573,53.886,random,float32
14,764.116019,7412,52430573,53.536,random,float32
14,764.669066,6599,52430573,52.934,random,float32
14,765.205516,3338,52430573,54.513,random,float32
14,765.762247,912,52430573,56.370,random,float32
14,766.306206,2046,52430573,54.352,random,float32
14,766.834998,6336,52430573,52.753,random,float32
14,767.368419,8324,52430573,52.380,random,float32
14,767.900049,2239,52430573,52.537,random,float32
14,768.430329,8390,52430573,53.438,random,float32
14,768.960266,202,52430573,53.439,random,float32
14,769.494811,8845,52430573,52.977,random,float32
14,770.019091,89,52430573,52.683,random,float32
14,770.547905,419,52430573,53.472,random,float32
14,771.076755,1450,52430573,52.117,random,float32
14,771.614025,8747,52430573,54.374,random,float32
14,772.153503,6225,52430573,54.989,random,float32
14,772.697378,6849,52430573,52.381,random,float32
14,773.232541,1604,52430573,54.266,random,float32
14,773.768542,9628,52430573,54.418,random,float32
14,774.300634,1992,52430573,53.480,random,float32
14,774.837378,5676,52430573,53.299,random,float32
14,775.378631,2937,52430573,53.764,random,float32
14,775.919064,7405,52430573,53.786,random,float32
14,776.461760,5359,52430573,54.362,random,float32
14,776.997441,2672,52430573,53.655,random,float32
14,777.544298,2571,52430573,54.221,random,float32
14,778.086363,3364,52430573,54.324,random,float32
14,778.625644,9404,52430573,52.999,random,float32
14,779.159502,1610,52430573,53.769,random,float32
14,779.698745,660,52430573,53.815,random,float32
14,780.234106,6473,52430573,53.281,random,float32
14,780.767568,8910,52430573,52.771,random,float32
14,781.299009,1408,52430573,54.101,random,float32
14,781.843130,7284,52430573,54.320,random,float32
14,782.381733,8246,52430573,53.451,random,float32
14,782.921095,9936,52430573,53.162,random,float32
14,783.461176,2842,52430573,54.591,random,float32
14,784.000380,5478,52430573,53.575,random,float32
14,784.530244,9495,52430573,54.228,random,float32
14,785.072459,7821,52430573,53.664,random,float32
14,785.612651,2755,52430573,54.137,random,float32
14,786.162951,6554,52430573,56.695,random,float32
14,786.728349,9693,52430573,57.661,random,float32
14,787.290287,104,52430573,54.490,random,float32
14,787.843031,8677,52430573,54.156,random,float32
14,788.400951,7013,52430573,55.461,random,float32
14,788.946488,4705,52430573,55.178,random,float32
14,789.486696,3451,52430573,53.639,random,float32
14,790.022123,4846,52430573,53.648,random,float32
14,790.560228,1241,52430573,53.544,random,float32
14,791.092464,2148,52430573,52.928,random,float32
14,791.636904,549,52430573,53.980,random,float32
14,792.183511,580,52430573,53.746,random,float32
14,792.731459,1002,52430573,54.218,random,float32
14,793.282013,1407,52430573,54.822,random,float32
14,793.833917,3282,52430573,54.177,random,float32
14,794.383040,8568,52430573,56.628,random,float32
14,794.928277,7761,52430573,54.906,random,float32
14,795.483575,244,52430573,53.959,random,float32
14,796.027593,5550,52430573,55.358,random,float32
14,796.586553,8618,52430573,53.927,random,float32
14,797.127516,4413,52430573,54.630,random,float32
14,797.677869,6777,52430573,55.430,random,float32
14,798.226933,3656,52430573,56.401,random,float32
14,798.777451,9639,52430573,54.826,random,float32
14,799.343914,5414,52430573,55.738,random,float32
14,799.881204,5846,52430573,53.727,random,float32
14,800.427767,7376,52430573,54.649,random,float32
14,800.970727,8014,52430573,55.148,random,float32
14,801.524886,221,52430573,56.817,random,float32
14,802.080329,9204,52430573,54.738,random,float32
14,802.647784,2688,52430573,56.908,random,float32
14,803.211256,1575,52430573,56.888,random,float32
14,803.751826,3724,52430573,55.304,random,float32
14,804.310690,6746,52430573,55.947,random,float32
14,804.865792,4839,52430573,57.336,random,float32
14,805.421698,5442,52430573,56.532,random,float32
14,805.973627,5897,52430573,55.152,random,float32
14,806.533820,2828,52430573,54.894,random,float32
14,807.094031,4831,52430573,59.209,random,float32
14,807.658033,5555,52430573,56.365,random,float32
14,808.224003,589,52430573,56.591,random,float32
14,808.782118,3220,52430573,53.557,random,float32
14,809.327275,9795,52430573,55.621,random,float32
14,809.856789,7006,52430573,52.252,random,float32
14,810.390422,7341,52430573,56.327,random,float32
14,810.937008,1134,52430573,52.259,random,float32
14,811.461012,3370,52430573,53.481,random,float32
14,811.991964,3371,52430573,53.291,random,float32
14,812.528930,6192,52430573,55.673,random,float32
14,813.060658,3578,52430573,51.701,random,float32
14,813.586956,5630,52430573,54.029,random,float32
14,814.128979,9140,52430573,51.716,random,float32
14,814.657056,8781,52430573,53.064,random,float32
14,815.190679,3866,52430573,53.799,random,float32
14,815.718261,4101,52430573,52.963,random,float32
14,816.252673,6649,52430573,53.043,random,float32
14,816.780667,3111,52430573,51.520,random,float32
14,817.319780,6646,52430573,54.029,random,float32
14,817.855216,8371,52430573,54.225,random,float32
14,818.388497,9706,52430573,52.582,random,float32
14,818.932110,882,52430573,54.563,random,float32
14,819.476730,8310,52430573,55.937,random,float32
14,820.017139,5037,52430573,53.135,random,float32
14,820.557279,8970,52430573,55.667,random,float32
14,821.089915,7973,52430573,51.895,random,float32
14,821.616692,8012,52430573,52.805,random,float32
14,822.148096,3407,52430573,52.747,random,float32
14,822.677918,9619,52430573,51.777,random,float32
14,823.200505,2156,52430573,53.020,random,float32
14,823.737206,2504,52430573,55.677,random,float32
14,824.278663,369,52430573,52.902,random,float32
14,824.816957,9723,52430573,56.965,random,float32
14,825.362542,1499,52430573,53.286,random,float32
14,825.889089,6369,52430573,52.646,random,float32
14,826.422702,463,52430573,54.718,random,float32
14,826.957434,7364,52430573,53.000,random,float32
14,827.488449,8536,52430573,50.889,random,float32
14,828.018573,7140,52430573,52.864,random,float32
14,828.546568,7681,52430573,53.405,random,float32
14,829.084514,2361,52430573,55.024,random,float32
14,829.620516,9374,52430573,52.865,random,float32
14,830.146416,7481,52430573,54.481,random,float32
14,830.663565,9220,52430573,51.193,random,float32
14,831.190553,7868,52430573,53.328,random,float32
14,831.718519,122,52430573,53.624,random,float32
14,832.247079,1774,52430573,52.226,random,float32
14,832.778260,138,52430573,52.515,random,float32
14,833.311689,1705,52430573,56.999,random,float32
14,833.842695,3979,52430573,52.051,random,float32
14,834.383057,5033,52430573,54.804,random,float32
14,834.914410,2603,52430573,50.372,random,float32
14,835.442863,6543,52430573,52.007,random,float32
14,835.975548,3983,52430573,52.544,random,float32
14,836.507654,295,52430573,52.180,random,float32
14,837.038417,6089,52430573,54.227,random,float32
14,837.577235,6185,52430573,52.669,random,float32
14,838.108765,388,52430573,54.025,random,float32
14,838.645117,8855,52430573,53.469,random,float32
14,839.168279,7611,52430573,52.786,random,float32
14,839.705414,4182,52430573,52.628,random,float32
14,840.240685,8774,52430573,54.266,random,float32
14,840.770913,4404,52430573,53.232,random,float32
14,841.299509,2238,52430573,54.090,random,float32
14,841.832975,8101,52430573,53.940,random,float32
14,842.361331,6245,52430573,51.823,random,float32
14,842.888944,2882,52430573,52.898,random,float32
14,843.418536,6558,52430573,55.565,random,float32
14,843.953917,2120,52430573,54.022,random,float32
14,844.487175,2253,52430573,54.807,random,float32
14,845.023232,9473,52430573,53.039,random,float32
14,845.559991,8792,52430573,54.023,random,float32
14,846.090349,5713,52430573,52.600,random,float32
14,846.609307,9278,52430573,51.372,random,float32
14,847.136110,3941,52430573,54.225,random,float32
14,847.665905,9135,52430573,52.482,random,float32
14,848.199281,5329,52430573,52.040,random,float32
14,848.734093,8394,52430573,53.753,random,float32
14,849.268205,8245,52430573,54.085,random,float32
14,849.800819,1738,52430573,54.012,random,float32
14,850.335180,8311,52430573,54.163,random,float32
14,850.874704,6987,52430573,53.536,random,float32
14,851.405603,3317,52430573,52.258,random,float32
14,851.937585,4738,52430573,54.790,random,float32
14,852.471934,7854,52430573,53.914,random,float32
14,853.016675,9114,52430573,54.634,random,float32
14,853.555479,1569,52430573,52.833,random,float32
14,854.091395,1702,52430573,53.022,random,float32
14,854.627039,7506,52430573,54.092,random,float32
14,855.167379,8663,52430573,53.042,random,float32
14,855.695681,6017,52430573,58.268,random,float32
14,856.233802,2139,52430573,54.226,random,float32
14,856.766277,7406,52430573,53.340,random,float32
14,857.286420,8039,52430573,53.784,random,float32
14,857.814028,5664,52430573,52.486,random,float32
14,858.352515,2742,52430573,53.766,random,float32
14,858.887042,8350,52430573,53.776,random,float32
14,859.414735,9085,52430573,53.723,random,float32
14,859.948530,9617,52430573,54.025,random,float32
14,860.485565,7223,52430573,54.656,random,float32
14,861.021480,587,52430573,53.783,random,float32
14,861.554882,8931,52430573,52.245,random,float32
14,862.080253,5836,52430573,53.101,random,float32
14,862.599283,6830,52430573,52.918,random,float32
14,863.128632,2172,52430573,52.787,random,float32
14,863.658625,8558,52430573,53.581,random,float32
14,864.189031,3313,52430573,53.387,random,float32
14,864.710953,5050,52430573,53.083,random,float32
14,865.241327,5503,52430573,52.769,random,float32
14,865.777076,490,52430573,53.998,random,float32
14,866.312072,4740,52430573,55.022,random,float32
14,866.846996,8266,52430573,53.680,random,float32
14,867.388229,7450,52430573,53.175,random,float32
14,867.922270,9270,52430573,53.049,random,float32
14,868.460086,476,52430573,53.961,random,float32
14,868.996572,1802,52430573,54.805,random,float32
14,869.534328,6043,52430573,52.464,random,float32
14,870.072388,4121,52430573,53.720,random,float32
14,870.606135,2764,52430573,53.452,random,float32
14,871.131720,1474,52430573,50.449,random,float32
14,871.656874,7552,52430573,53.351,random,float32
14,872.194014,1303,52430573,52.965,random,float32
14,872.725633,8601,52430573,53.973,random,float32
14,873.259954,7579,52430573,54.252,random,float32
14,873.790291,876,52430573,53.852,random,float32
14,874.325925,4847,52430573,53.298,random,float32
14,874.863312,9821,52430573,53.174,random,float32
14,875.391686,6878,52430573,54.193,random,float32
14,875.918706,2983,52430573,54.509,random,float32
14,876.458047,5260,52430573,54.712,random,float32
14,876.996358,8014,52430573,54.417,random,float32
14,877.527120,5028,52430573,53.005,random,float32
14,878.059020,1715,52430573,53.502,random,float32
14,878.591199,1041,52430573,53.127,random,float32
14,879.119087,2990,52430573,51.594,random,float32
14,879.646195,4480,52430573,54.743,random,float32
14,880.187948,4036,52430573,55.668,random,float32
14,880.723385,9924,52430573,52.247,random,float32
14,881.256690,6003,52430573,53.562,random,float32
14,881.793824,8309,52430573,53.495,random,float32
14,882.323550,1473,52430573,53.384,random,float32
14,882.861760,7533,52430573,53.243,random,float32
14,883.392386,9703,52430573,53.597,random,float32
14,883.926785,9369,52430573,51.899,random,float32
14,884.466133,1251,52430573,53.970,random,float32
14,885.010856,6602,52430573,52.400,random,float32
14,885.550927,1148,52430573,53.830,random,float32
14,886.089030,6725,52430573,54.103,random,float32
14,886.626932,6603,52430573,53.355,random,float32
14,887.168778,2957,52430573,53.634,random,float32
14,887.709512,49,52430573,54.870,random,float32
14,888.245975,4130,52430573,53.781,random,float32
14,888.793638,3191,52430573,54.250,random,float32
14,889.325823,7272,52430573,54.190,random,float32
14,889.863954,562,52430573,55.042,random,float32
14,890.401618,8350,52430573,56.165,random,float32
14,890.933475,7364,52430573,52.838,random,float32
14,891.482107,6477,52430573,60.467,random,float32
14,892.034144,7047,52430573,55.138,random,float32
14,892.598354,680,52430573,61.017,random,float32
14,893.143408,1429,52430573,53.568,random,float32
14,893.678491,8834,52430573,53.349,random,float32
14,894.218479,353,52430573,53.810,random,float32
14,894.755495,6102,52430573,53.579,random,float32
14,895.297512,7796,52430573,53.994,random,float32
14,895.831789,6781,52430573,53.928,random,float32
14,896.363361,5109,52430573,52.323,random,float32
14,896.897029,3293,52430573,54.093,random,float32
14,897.441378,4573,52430573,55.383,random,float32
14,898.005298,1150,52430573,55.184,random,float32
14,898.548273,9967,52430573,54.122,random,float32
14,899.087972,6745,52430573,53.771,random,float32
14,899.621669,9949,52430573,52.434,random,float32
15,300.510777,3605,52430573,56.716,random,float32
15,301.033015,2598,52430573,52.033,random,float32
15,301.563655,3482,52430573,54.031,random,float32
15,302.094528,524,52430573,53.288,random,float32
15,302.625968,5355,52430573,52.341,random,float32
15,303.157415,6552,52430573,53.936,random,float32
15,303.679595,5402,52430573,51.222,random,float32
15,304.204745,3496,52430573,51.332,random,float32
15,304.737111,485,52430573,53.920,random,float32
15,305.269557,8816,52430573,49.941,random,float32
15,305.804230,6155,52430573,52.887,random,float32
15,306.345882,5673,52430573,54.388,random,float32
15,306.877954,4926,52430573,53.486,random,float32
15,307.413556,5236,52430573,52.182,random,float32
15,307.948032,5861,52430573,53.238,random,float32
15,308.487402,813,52430573,53.754,random,float32
15,309.019124,7544,52430573,52.717,random,float32
15,309.560775,2777,52430573,54.545,random,float32
15,310.090221,421,52430573,51.541,random,float32
15,310.631651,2119,52430573,54.284,random,float32
15,311.157518,8470,52430573,53.173,random,float32
15,311.686367,3092,52430573,54.754,random,float32
15,312.214314,9815,52430573,52.774,random,float32
15,312.754712,810,52430573,56.162,random,float32
15,313.293670,7624,52430573,53.335,random,float32
15,313.829044,4677,52430573,53.468,random,float32
15,314.360056,6832,52430573,53.471,random,float32
15,314.898635,1937,52430573,55.593,random,float32
15,315.435648,9442,52430573,53.581,random,float32
15,315.972004,1625,52430573,54.609,random,float32
15,316.501923,1722,52430573,52.386,random,float32
15,317.030798,9378,52430573,53.278,random,float32
15,317.568901,4119,52430573,54.224,random,float32
15,318.108151,2287,52430573,53.356,random,float32
15,318.643775,8862,52430573,52.232,random,float32
15,319.175705,7936,52430573,54.777,random,float32
15,319.716003,1796,52430573,52.541,random,float32
15,320.242536,2908,52430573,52.990,random,float32
15,320.768527,6647,52430573,52.406,random,float32
15,321.295334,1669,52430573,52.659,random,float32
15,321.832944,251,52430573,55.107,random,float32
15,322.370065,9601,52430573,51.958,random,float32
15,322.896425,975,52430573,50.038,random,float32
15,323.426254,3906,52430573,52.188,random,float32
15,323.965362,7177,52430573,53.433,random,float32
15,324.500662,8859,52430573,52.661,random,float32
15,325.038987,182,52430573,52.912,random,float32
15,325.577447,6129,52430573,53.793,random,float32
15,326.120023,4430,52430573,54.731,random,float32
15,326.660703,1866,52430573,54.104,random,float32
15,327.211080,5247,52430573,58.329,random,float32
15,327.767967,4711,52430573,54.577,random,float32
15,328.307056,2748,52430573,56.501,random,float32
15,328.842642,9852,52430573,53.483,random,float32
15,329.378678,9406,52430573,54.070,random,float32
15,329.910838,3061,52430573,53.065,random,float32
15,330.441916,3316,52430573,55.633,random,float32
15,330.985517,8175,52430573,53.855,random,float32
15,331.519544,41,52430573,54.169,random,float32
15,332.057200,2639,52430573,52.597,random,float32
15,332.589535,9978,52430573,53.536,random,float32
15,333.131779,5326,52430573,54.059,random,float32
15,333.670729,3377,52430573,53.664,random,float32
15,334.201416,9584,52430573,52.155,random,float32
15,334.739217,2542,52430573,53.233,random,float32
15,335.276443,4334,52430573,53.080,random,float32
15,335.815474,954,52430573,52.991,random,float32
15,336.353571,8683,52430573,53.364,random,float32
15,336.890226,8367,52430573,53.386,random,float32
15,337.416736,3060,52430573,52.312,random,float32
15,337.943902,5571,52430573,52.150,random,float32
15,338.464221,8558,52430573,52.963,random,float32
15,338.988999,3114,52430573,51.328,random,float32
15,339.519239,8362,52430573,55.018,random,float32
15,340.052842,5109,52430573,53.197,random,float32
15,340.588192,5657,52430573,52.959,random,float32
15,341.118419,6255,52430573,53.918,random,float32
15,341.655719,4608,52430573,56.163,random,float32
15,342.192632,6689,52430573,53.768,random,float32
15,342.728024,4094,52430573,53.381,random,float32
15,343.249103,4688,52430573,53.218,random,float32
15,343.780056,8609,52430573,54.466,random,float32
15,344.314134,3269,52430573,54.327,random,float32
15,344.849865,7920,52430573,52.865,random,float32
15,345.385099,7438,52430573,53.533,random,float32
15,345.926987,4325,52430573,54.173,random,float32
15,346.455072,8839,52430573,51.070,random,float32
15,346.992634,5697,52430573,54.652,random,float32
15,347.527362,5168,52430573,48.268,random,float32
15,348.065263,1553,52430573,53.736,random,float32
15,348.595488,7401,52430573,52.861,random,float32
15,349.135496,1595,52430573,53.199,random,float32
15,349.672128,4372,52430573,52.062,random,float32
15,350.210687,1580,52430573,52.992,random,float32
15,350.746065,4574,52430573,53.543,random,float32
15,351.282071,1292,52430573,53.611,random,float32
15,351.818792,2698,52430573,51.029,random,float32
15,352.354632,5850,52430573,52.655,random,float32
15,352.901035,2877,52430573,53.425,random,float32
15,353.433792,9815,52430573,54.394,random,float32
15,353.975241,5591,52430573,52.017,random,float32
15,354.505631,4954,52430573,52.211,random,float32
15,355.026144,8760,52430573,53.176,random,float32
15,355.564614,3378,52430573,55.854,random,float32
15,356.108918,6533,52430573,54.975,random,float32
15,356.643121,6582,52430573,53.193,random,float32
15,357.180726,992,52430573,54.104,random,float32
15,357.717765,7776,52430573,53.003,random,float32
15,358.240536,2322,52430573,51.345,random,float32
15,358.779102,1226,52430573,53.556,random,float32
15,359.315815,8544,52430573,53.862,random,float32
15,359.854013,4248,52430573,54.341,random,float32
15,360.390160,5464,52430573,53.332,random,float32
15,360.931229,4249,52430573,53.889,random,float32
15,361.464690,3549,52430573,54.738,random,float32
15,361.999685,1017,52430573,52.885,random,float32
15,362.528071,466,52430573,53.039,random,float32
15,363.071327,7619,52430573,52.925,random,float32
15,363.602806,1484,52430573,51.549,random,float32
15,364.138778,8249,52430573,53.635,random,float32
15,364.669938,921,52430573,51.583,random,float32
15,365.197382,4950,52430573,53.652,random,float32
15,365.732997,2833,52430573,52.119,random,float32
15,366.276064,780,52430573,53.755,random,float32
15,366.810749,1547,52430573,54.489,random,float32
15,367.344498,1448,52430573,52.950,random,float32
15,367.876569,2052,52430573,54.093,random,float32
15,368.424444,6315,52430573,53.622,random,float32
15,368.967154,2025,52430573,53.674,random,float32
15,369.517703,9952,52430573,55.554,random,float32
15,370.069190,5821,52430573,53.462,random,float32
15,370.605692,6562,52430573,52.638,random,float32
15,371.140023,7446,52430573,54.036,random,float32
15,371.678644,1790,52430573,54.562,random,float32
15,372.225329,948,52430573,54.564,random,float32
15,372.765731,2438,52430573,54.001,random,float32
15,373.310213,8237,52430573,54.531,random,float32
15,373.847591,5516,52430573,54.223,random,float32
15,374.386426,3376,52430573,55.505,random,float32
15,374.922114,3699,52430573,52.864,random,float32
15,375.449920,6957,52430573,53.019,random,float32
15,375.975877,2346,52430573,51.512,random,float32
15,376.508141,2589,52430573,52.862,random,float32
15,377.036726,7022,52430573,53.135,random,float32
15,377.573655,9194,52430573,52.828,random,float32
15,378.112210,827,52430573,54.007,random,float32
15,378.651654,2591,52430573,53.642,random,float32
15,379.177725,9985,52430573,52.209,random,float32
15,379.710708,5854,52430573,53.281,random,float32
15,380.242204,9395,52430573,53.140,random,float32
15,380.780674,4081,52430573,54.515,random,float32
15,381.316933,1362,52430573,52.994,random,float32
15,381.860253,2563,52430573,53.826,random,float32
15,382.401415,8062,52430573,54.000,random,float32
15,382.936034,7232,52430573,53.180,random,float32
15,383.465780,5580,52430573,52.483,random,float32
15,384.012048,6555,52430573,54.399,random,float32
15,384.561029,9898,52430573,54.224,random,float32
15,385.107908,9671,52430573,55.241,random,float32
15,385.650994,5878,52430573,54.232,random,float32
15,386.196863,5389,52430573,54.880,random,float32
15,386.738146,3662,52430573,54.699,random,float32
15,387.286159,5566,52430573,56.123,random,float32
15,387.837821,8619,52430573,52.050,random,float32
15,388.373752,5409,52430573,56.295,random,float32
15,388.912970,8527,52430573,54.874,random,float32
15,389.444083,1796,52430573,55.459,random,float32
15,389.977148,7221,52430573,54.605,random,float32
15,390.510706,9998,52430573,54.985,random,float32
15,391.048138,1703,52430573,53.439,random,float32
15,391.590054,4611,52430573,53.916,random,float32
15,392.125530,2431,52430573,54.607,random,float32
15,392.672711,5132,52430573,52.184,random,float32
15,393.214755,7547,52430573,54.894,random,float32
15,393.759472,8483,52430573,53.887,random,float32
15,394.295243,4934,52430573,53.800,random,float32
15,394.824274,112,52430573,52.454,random,float32
15,395.352801,9449,52430573,51.856,random,float32
15,395.881743,5943,52430573,53.000,random,float32
15,396.421747,9490,52430573,53.096,random,float32
15,396.958518,4327,52430573,54.024,random,float32
15,397.491431,2981,52430573,53.659,random,float32
15,398.018029,7338,52430573,52.081,random,float32
15,398.557278,4382,52430573,53.265,random,float32
15,399.089275,1602,52430573,53.054,random,float32
15,399.621724,7372,52430573,52.246,random,float32
15,400.154605,8024,52430573,55.526,random,float32
15,400.701714,5495,52430573,52.512,random,float32
15,401.238786,6100,52430573,54.116,random,float32
15,401.776504,4331,52430573,53.288,random,float32
15,402.312973,5381,52430573,54.689,random,float32
15,402.846220,4799,52430573,52.289,random,float32
15,403.379888,7624,52430573,50.888,random,float32
15,403.921912,159,52430573,53.634,random,float32
15,404.452994,9889,52430573,51.853,random,float32
15,404.992633,8953,52430573,53.218,random,float32
15,405.526876,340,52430573,52.631,random,float32
15,406.064146,3947,52430573,54.702,random,float32
15,406.591384,4609,52430573,54.314,random,float32
15,407.126230,1356,52430573,53.044,random,float32
15,407.661250,9136,52430573,53.408,random,float32
15,408.203801,5989,52430573,53.145,random,float32
15,408.740070,9814,52430573,54.678,random,float32
15,409.280714,5572,52430573,53.261,random,float32
15,409.816853,8287,52430573,53.074,random,float32
15,410.343287,6515,52430573,53.075,random,float32
15,410.868901,7836,52430573,54.028,random,float32
15,411.393787,6131,52430573,49.941,random,float32
15,411.918516,1024,52430573,46.347,random,float32
15,412.444238,1209,52430573,52.562,random,float32
15,412.975961,9230,52430573,53.359,random,float32
15,413.503885,6358,52430573,52.753,random,float32
15,414.032400,1347,52430573,52.043,random,float32
15,414.562695,6556,52430573,52.703,random,float32
15,415.096549,230,52430573,54.071,random,float32
15,415.627409,3149,52430573,54.082,random,float32
15,416.181451,795,52430573,54.515,random,float32
15,416.727719,7033,52430573,53.100,random,float32
15,417.267729,240,52430573,54.403,random,float32
15,417.803449,3439,52430573,54.547,random,float32
15,418.348652,5986,52430573,53.239,random,float32
15,418.884802,7398,52430573,52.526,random,float32
15,419.414738,3280,52430573,53.673,random,float32
15,419.943403,791,52430573,52.282,random,float32
15,420.480311,174,52430573,53.865,random,float32
15,421.013480,8004,52430573,51.854,random,float32
15,421.548084,6385,52430573,54.867,random,float32
15,422.088983,2886,52430573,54.387,random,float32
15,422.615904,5357,52430573,53.407,random,float32
15,423.147244,9568,52430573,53.217,random,float32
15,423.685449,9527,52430573,55.264,random,float32
15,424.222135,2968,52430573,53.765,random,float32
15,424.764527,732,52430573,53.510,random,float32
15,425.308905,8695,52430573,52.170,random,float32
15,425.856549,8988,52430573,55.537,random,float32
15,426.401743,7406,52430573,55.344,random,float32
15,426.953232,5415,52430573,56.014,random,float32
15,427.496563,1440,52430573,52.063,random,float32
15,428.027571,3854,52430573,54.018,random,float32
15,428.572560,3783,52430573,55.101,random,float32
15,429.128200,81,52430573,55.721,random,float32
15,429.672264,2543,52430573,52.494,random,float32
15,430.210504,1094,52430573,54.101,random,float32
15,430.743050,3629,52430573,52.357,random,float32
15,431.278860,9980,52430573,51.748,random,float32
15,431.808668,9670,52430573,53.278,random,float32
15,432.344759,6489,52430573,53.798,random,float32
15,432.876478,1003,52430573,52.729,random,float32
15,433.402742,3023,52430573,52.062,random,float32
15,433.937351,5205,52430573,53.591,random,float32
15,434.475660,2215,52430573,53.151,random,float32
15,435.015076,1768,52430573,54.954,random,float32
15,435.550821,6072,52430573,51.858,random,float32
15,436.085134,4551,52430573,54.252,random,float32
15,436.618705,2955,52430573,52.966,random,float32
15,437.155577,7245,52430573,54.200,random,float32
15,437.692713,8164,52430573,53.111,random,float32
15,438.224775,8334,52430573,54.227,random,float32
15,438.766271,8793,52430573,54.818,random,float32
15,439.307087,4665,52430573,54.068,random,float32
15,439.843206,1182,52430573,54.610,random,float32
15,440.380630,5446,52430573,51.720,random,float32
15,440.915872,1355,52430573,53.396,random,float32
15,441.444215,2678,52430573,53.480,random,float32
15,441.981449,6278,52430573,53.552,random,float32
15,442.514830,7430,52430573,51.731,random,float32
15,443.046138,8574,52430573,53.872,random,float32
15,443.576224,4768,52430573,51.129,random,float32
15,444.106900,9497,52430573,53.949,random,float32
15,444.639073,1569,52430573,52.667,random,float32
15,445.177225,5113,52430573,54.578,random,float32
15,445.712618,1001,52430573,54.566,random,float32
15,446.251903,1105,52430573,54.244,random,float32
15,446.789925,9713,52430573,52.918,random,float32
15,447.326596,739,52430573,52.712,random,float32
15,447.858113,5278,52430573,53.960,random,float32
15,448.395096,7754,52430573,54.487,random,float32
15,448.927857,3444,52430573,54.507,random,float32
15,449.470381,1276,52430573,53.780,random,float32
15,450.005662,134,52430573,52.430,random,float32
15,450.540895,4473,52430573,54.510,random,float32
15,451.070098,4139,52430573,52.815,random,float32
15,451.611645,5285,52430573,53.619,random,float32
15,452.149578,2343,52430573,53.201,random,float32
15,452.688555,7876,52430573,53.233,random,float32
15,453.226670,3958,52430573,51.634,random,float32
15,453.766698,2921,52430573,53.628,random,float32
15,454.309576,7552,52430573,53.885,random,float32
15,454.849349,9830,52430573,53.908,random,float32
15,455.378446,527,52430573,49.920,random,float32
15,455.914054,3664,52430573,52.614,random,float32
15,456.455437,9411,52430573,52.969,random,float32
15,456.981504,135,52430573,52.557,random,float32
15,457.520656,4756,52430573,53.483,random,float32
15,458.072924,2749,52430573,54.285,random,float32
15,458.607518,6364,52430573,53.053,random,float32
15,459.122094,8729,52430573,51.705,random,float32
15,459.653616,656,52430573,53.856,random,float32
15,460.192789,9212,52430573,54.134,random,float32
15,460.724284,3126,52430573,54.313,random,float32
15,461.262014,4554,52430573,53.352,random,float32
15,461.795760,9523,52430573,52.181,random,float32
15,462.320198,5282,52430573,52.517,random,float32
15,462.852461,1275,52430573,53.800,random,float32
15,463.390048,8971,52430573,52.397,random,float32
15,463.925771,4562,52430573,51.138,random,float32
15,464.460745,8339,52430573,53.244,random,float32
15,465.012626,108,52430573,55.068,random,float32
15,465.540110,1701,52430573,52.796,random,float32
15,466.082099,790,52430573,55.815,random,float32
15,466.622553,4105,52430573,54.376,random,float32
15,467.156186,7430,52430573,53.172,random,float32
15,467.687752,1172,52430573,52.036,random,float32
15,468.223402,5017,52430573,53.125,random,float32
15,468.764129,6169,52430573,53.762,random,float32
15,469.297330,3315,52430573,52.542,random,float32
15,469.829310,8680,52430573,53.053,random,float32
15,470.366954,4645,52430573,52.786,random,float32
15,470.905080,4022,52430573,53.436,random,float32
15,471.444060,4783,52430573,54.067,random,float32
15,471.983060,3435,52430573,52.445,random,float32
15,472.517567,1278,52430573,52.978,random,float32
15,473.039158,8480,52430573,52.662,random,float32
15,473.569416,1066,52430573,53.528,random,float32
15,474.114928,9270,52430573,54.866,random,float32
15,474.653624,5963,52430573,54.674,random,float32
15,475.191116,7779,52430573,54.967,random,float32
15,475.732313,8186,52430573,53.682,random,float32
15,476.269543,5916,52430573,54.366,random,float32
15,476.795117,9064,52430573,52.298,random,float32
15,477.318748,6250,52430573,53.068,random,float32
15,477.856814,5547,52430573,53.258,random,float32
15,478.389436,6794,52430573,54.001,random,float32
15,478.916378,4462,52430573,51.188,random,float32
15,479.452850,3039,52430573,53.998,random,float32
15,479.990851,1943,52430573,53.126,random,float32
15,480.531346,8543,52430573,54.034,random,float32
15,481.062828,2718,52430573,51.819,random,float32
15,481.590319,4821,52430573,54.036,random,float32
15,482.123998,5702,52430573,53.524,random,float32
15,482.652310,1749,52430573,53.405,random,float32
15,483.181355,5849,52430573,51.433,random,float32
15,483.714149,3935,52430573,52.831,random,float32
15,484.244695,1407,52430573,51.925,random,float32
15,484.788021,6487,52430573,54.117,random,float32
15,485.332514,9332,52430573,53.597,random,float32
15,485.863578,9344,52430573,52.047,random,float32
15,486.396942,5243,52430573,52.717,random,float32
15,486.927254,1794,52430573,54.414,random,float32
15,487.488116,9788,52430573,56.281,random,float32
15,488.041360,3504,52430573,55.459,random,float32
15,488.590458,3736,52430573,54.756,random,float32
15,489.146450,6125,52430573,55.081,random,float32
15,489.684031,5847,52430573,54.342,random,float32
15,490.221703,8319,52430573,54.132,random,float32
15,490.786852,3844,52430573,61.952,random,float32
15,491.328846,7644,52430573,56.052,random,float32
15,491.874710,2650,52430573,54.167,random,float32
15,492.434792,9220,52430573,52.968,random,float32
15,492.982967,1128,52430573,54.174,random,float32
15,493.519684,9429,52430573,54.483,random,float32
15,494.059824,3658,52430573,54.026,random,float32
15,494.599049,4382,52430573,54.687,random,float32
15,495.141429,8669,52430573,54.407,random,float32
15,495.677396,7435,52430573,53.100,random,float32
15,496.215220,6863,52430573,54.517,random,float32
15,496.749145,7934,52430573,53.860,random,float32
15,497.290750,3766,52430573,53.965,random,float32
15,497.825775,4887,52430573,53.887,random,float32
15,498.362831,583,52430573,53.625,random,float32
15,498.904591,662,52430573,55.553,random,float32
15,499.460061,5374,52430573,54.713,random,float32
15,500.008035,4790,52430573,52.438,random,float32
15,500.551162,2298,52430573,55.197,random,float32
15,501.080395,5253,52430573,52.616,random,float32
15,501.609086,8863,52430573,54.102,random,float32
15,502.157981,3959,52430573,54.196,random,float32
15,502.706147,4397,52430573,55.195,random,float32
15,503.263704,5169,52430573,54.049,random,float32
15,503.813154,4390,52430573,55.555,random,float32
15,504.370882,9069,52430573,54.876,random,float32
15,504.941561,8314,52430573,55.859,random,float32
15,505.498206,2868,52430573,54.543,random,float32
15,506.050888,8819,52430573,54.518,random,float32
15,506.593599,2240,52430573,52.544,random,float32
15,507.134909,6602,52430573,54.579,random,float32
15,507.681272,4649,52430573,55.585,random,float32
15,508.250635,8271,52430573,55.355,random,float32
15,508.790197,3514,52430573,53.348,random,float32
15,509.323992,6388,52430573,54.086,random,float32
15,509.864321,9829,52430573,53.397,random,float32
15,510.388939,6732,52430573,52.829,random,float32
15,510.925710,2537,52430573,53.495,random,float32
15,511.459479,7480,52430573,52.973,random,float32
15,511.997633,9430,52430573,53.801,random,float32
15,512.535633,7118,52430573,53.797,random,float32
15,513.094780,1597,52430573,57.083,random,float32
15,513.655594,9258,52430573,59.002,random,float32
15,514.196425,3820,52430573,54.723,random,float32
15,514.752482,8844,52430573,57.066,random,float32
15,515.304644,977,52430573,55.747,random,float32
15,515.860138,4482,52430573,54.731,random,float32
15,516.405639,2449,52430573,54.082,random,float32
15,516.948911,7898,52430573,55.217,random,float32
15,517.513185,1940,52430573,55.886,random,float32
15,518.062998,5615,52430573,53.460,random,float32
15,518.602582,9919,52430573,53.175,random,float32
15,519.154193,5256,52430573,54.674,random,float32
15,519.708560,6350,52430573,56.612,random,float32
15,520.250657,4786,52430573,53.772,random,float32
15,520.791579,7767,52430573,54.553,random,float32
15,521.334169,4271,52430573,54.583,random,float32
15,521.895904,7294,52430573,54.387,random,float32
15,522.447723,1538,52430573,54.517,random,float32
15,522.995291,2967,52430573,56.149,random,float32
15,523.549796,2836,52430573,54.139,random,float32
15,524.104217,3560,52430573,54.321,random,float32
15,524.651083,3205,52430573,55.955,random,float32
15,525.185631,7874,52430573,52.523,random,float32
15,525.714548,6715,52430573,52.960,random,float32
15,526.249807,45,52430573,53.227,random,float32
15,526.781023,7883,52430573,52.831,random,float32
15,527.316470,663,52430573,54.159,random,float32
15,527.851991,6134,52430573,53.239,random,float32
15,528.388185,6500,52430573,52.782,random,float32
15,528.922566,702,52430573,53.623,random,float32
15,529.460877,152,52430573,54.184,random,float32
15,529.998634,1087,52430573,53.416,random,float32
15,530.536576,2597,52430573,51.634,random,float32
15,531.074463,7477,52430573,52.480,random,float32
15,531.614038,1483,52430573,54.903,random,float32
15,532.145821,798,52430573,54.266,random,float32
15,532.689321,7281,52430573,54.661,random,float32
15,533.229392,2162,52430573,53.380,random,float32
15,533.766918,8806,52430573,54.055,random,float32
15,534.310067,8397,52430573,53.582,random,float32
15,534.847676,7691,52430573,53.934,random,float32
15,535.394054,9442,52430573,54.857,random,float32
15,535.941745,9014,52430573,54.966,random,float32
15,536.476835,1600,52430573,54.002,random,float32
15,537.012717,4988,52430573,53.470,random,float32
15,537.556306,9216,52430573,56.062,random,float32
15,538.109360,5916,52430573,55.779,random,float32
15,538.660797,1088,52430573,52.700,random,float32
15,539.196810,1465,52430573,53.209,random,float32
15,539.733296,4591,52430573,54.767,random,float32
15,540.275420,4632,52430573,54.369,random,float32
15,540.810922,4930,52430573,53.771,random,float32
15,541.346226,3727,52430573,52.774,random,float32
15,541.880010,7357,52430573,53.184,random,float32
15,542.413404,3574,52430573,53.470,random,float32
15,542.969020,1494,52430573,57.858,random,float32
15,543.517984,3998,52430573,55.682,random,float32
15,544.072486,8900,52430573,53.297,random,float32
15,544.614562,7298,52430573,54.289,random,float32
15,545.157358,8274,52430573,55.085,random,float32
15,545.710599,3331,52430573,55.022,random,float32
15,546.257860,1547,52430573,54.516,random,float32
15,546.810055,382,52430573,57.422,random,float32
15,547.348725,6548,52430573,53.314,random,float32
15,547.902210,1382,52430573,55.788,random,float32
15,548.461500,5768,52430573,54.525,random,float32
15,549.004814,1836,52430573,54.690,random,float32
15,549.557785,1651,52430573,54.200,random,float32
15,550.102928,4464,52430573,53.925,random,float32
15,550.641470,1982,52430573,53.644,random,float32
15,551.176166,6337,52430573,52.907,random,float32
15,551.713900,3063,52430573,54.251,random,float32
15,552.257842,5492,52430573,55.392,random,float32
15,552.810561,5,52430573,54.444,random,float32
15,553.351153,3000,52430573,54.376,random,float32
15,553.909873,4817,52430573,55.219,random,float32
15,554.451445,3385,52430573,53.725,random,float32
15,554.989166,2827,52430573,53.057,random,float32
15,555.524114,6563,52430573,53.912,random,float32
15,556.075295,9375,52430573,53.611,random,float32
15,556.630308,3759,52430573,55.974,random,float32
15,557.181671,4292,52430573,54.172,random,float32
15,557.716765,6332,52430573,54.568,random,float32
15,558.250975,3396,52430573,53.311,random,float32
15,558.787555,5826,52430573,53.991,random,float32
15,559.322692,4393,52430573,54.044,random,float32
15,559.855642,4015,52430573,54.358,random,float32
15,560.392919,2653,52430573,54.327,random,float32
15,560.931897,2293,52430573,54.896,random,float32
15,561.472489,8625,52430573,53.841,random,float32
15,562.011995,8116,52430573,54.990,random,float32
15,562.568657,6010,52430573,54.873,random,float32
15,563.106053,2020,52430573,54.232,random,float32
15,563.657122,145,52430573,55.302,random,float32
15,564.206295,9706,52430573,53.422,random,float32
15,564.749506,7734,52430573,53.711,random,float32
15,565.285074,4575,52430573,52.449,random,float32
15,565.817495,3276,52430573,52.630,random,float32
15,566.349581,1622,52430573,52.376,random,float32
15,566.875157,3029,52430573,51.903,random,float32
15,567.410845,3875,52430573,54.349,random,float32
15,567.944784,3168,52430573,53.237,random,float32
15,568.478395,1750,52430573,53.499,random,float32
15,569.016820,6193,52430573,55.003,random,float32
15,569.571609,5088,52430573,52.500,random,float32
15,570.108787,5051,52430573,56.370,random,float32
15,570.653203,3623,52430573,53.098,random,float32
15,571.190542,9022,52430573,52.922,random,float32
15,571.732842,9183,52430573,54.563,random,float32
15,572.273711,613,52430573,53.958,random,float32
15,572.815297,7963,52430573,53.481,random,float32
15,573.349329,1650,52430573,53.685,random,float32
15,573.883722,8482,52430573,52.718,random,float32
15,574.409533,7460,52430573,52.185,random,float32
15,574.929335,287,52430573,52.009,random,float32
15,575.453815,4344,52430573,52.498,random,float32
15,575.984805,4609,52430573,55.698,random,float32
15,576.523861,37,52430573,53.683,random,float32
15,577.061342,9002,52430573,56.612,random,float32
15,577.603471,7899,52430573,54.023,random,float32
15,578.134031,9820,52430573,53.303,random,float32
15,578.656457,207,52430573,53.781,random,float32
15,579.193027,7761,52430573,53.092,random,float32
15,579.724381,2316,52430573,52.656,random,float32
15,580.256503,8092,52430573,53.229,random,float32
15,580.786282,6981,52430573,51.054,random,float32
15,581.304488,8309,52430573,51.284,random,float32
15,581.834430,3907,52430573,51.475,random,float32
15,582.366186,3860,52430573,53.364,random,float32
15,582.912494,8501,52430573,54.529,random,float32
15,583.449636,6338,52430573,53.568,random,float32
15,583.991402,9419,52430573,53.687,random,float32
15,584.525100,597,52430573,55.425,random,float32
15,585.089008,5410,52430573,54.432,random,float32
15,585.635921,5561,52430573,56.073,random,float32
15,586.186700,575,52430573,54.206,random,float32
15,586.721337,7550,52430573,52.765,random,float32
15,587.272817,3021,52430573,55.147,random,float32
15,587.817761,3102,52430573,52.132,random,float32
15,588.368842,3448,52430573,56.327,random,float32
15,588.927174,7423,52430573,55.683,random,float32
15,589.482444,8955,52430573,54.228,random,float32
15,590.032648,352,52430573,56.849,random,float32
15,590.588828,9886,52430573,53.463,random,float32
15,591.127525,1670,52430573,52.529,random,float32
15,591.668391,995,52430573,54.095,random,float32
15,592.207289,5145,52430573,53.264,random,float32
15,592.738367,755,52430573,53.640,random,float32
15,593.271634,6119,52430573,53.982,random,float32
15,593.816882,2938,52430573,54.629,random,float32
15,594.354609,4883,52430573,53.939,random,float32
15,594.897156,9156,52430573,55.072,random,float32
15,595.446299,1439,52430573,54.304,random,float32
15,595.989143,5150,52430573,55.747,random,float32
15,596.539246,8313,52430573,54.353,random,float32
15,597.088818,7203,52430573,51.453,random,float32
15,597.628356,7159,52430573,52.807,random,float32
15,598.164214,3128,52430573,54.555,random,float32
15,598.708470,7087,52430573,54.604,random,float32
15,599.265411,7890,52430573,56.927,random,float32
15,599.821820,3674,52430573,54.157,random,float32
15,600.370468,2721,52430573,55.735,random,float32
15,600.907126,7346,52430573,53.249,random,float32
15,601.442692,5161,52430573,52.868,random,float32
15,601.979286,3457,52430573,54.425,random,float32
15,602.519669,1022,52430573,54.211,random,float32
15,603.056874,6838,52430573,54.440,random,float32
15,603.592009,9518,52430573,53.983,random,float32
15,604.128640,3045,52430573,53.629,random,float32
15,604.675280,8705,52430573,55.168,random,float32
15,605.226692,1582,52430573,54.102,random,float32
15,605.772913,7371,52430573,55.162,random,float32
15,606.310294,3079,52430573,52.895,random,float32
15,606.837054,2674,52430573,52.823,random,float32
15,607.370841,8995,52430573,53.475,random,float32
15,607.911798,6135,52430573,54.596,random,float32
15,608.459419,4620,52430573,54.415,random,float32
15,609.014466,8006,52430573,54.818,random,float32
15,609.558534,6029,52430573,55.181,random,float32
15,610.098745,5737,52430573,53.717,random,float32
15,610.645224,687,52430573,54.382,random,float32
15,611.190989,7119,52430573,56.287,random,float32
15,611.730519,4894,52430573,53.486,random,float32
15,612.263850,2188,52430573,52.479,random,float32
15,612.794869,9598,52430573,52.019,random,float32
15,613.317886,5896,52430573,52.693,random,float32
15,613.854769,8219,52430573,53.766,random,float32
15,614.381644,8177,52430573,51.698,random,float32
15,614.919055,5771,52430573,54.431,random,float32
15,615.453929,8207,52430573,54.246,random,float32
15,615.986247,7353,52430573,54.087,random,float32
15,616.519371,5807,52430573,51.486,random,float32
15,617.055753,3188,52430573,56.124,random,float32
15,617.601669,2652,52430573,54.308,random,float32
15,618.139607,509,52430573,54.213,random,float32
15,618.685946,8617,52430573,55.083,random,float32
15,619.227411,6644,52430573,52.955,random,float32
15,619.761194,440,52430573,53.410,random,float32
15,620.293981,6430,52430573,54.809,random,float32
15,620.840309,7498,52430573,55.202,random,float32
15,621.392361,5255,52430573,54.161,random,float32
15,621.931261,4791,52430573,54.140,random,float32
15,622.474156,7708,52430573,54.474,random,float32
15,623.018270,984,52430573,54.386,random,float32
15,623.553098,5665,52430573,54.207,random,float32
15,624.094982,6076,52430573,54.154,random,float32
15,624.630598,4438,52430573,53.160,random,float32
15,625.151831,3308,52430573,52.256,random,float32
15,625.681741,765,52430573,51.281,random,float32
15,626.207198,8623,52430573,51.668,random,float32
15,626.733407,7101,52430573,53.063,random,float32
15,627.270629,5436,52430573,53.204,random,float32
15,627.808961,9622,52430573,53.509,random,float32
15,628.355703,7062,52430573,54.876,random,float32
15,628.924023,7834,52430573,57.737,random,float32
15,629.476259,1740,52430573,55.245,random,float32
15,630.021615,3757,52430573,52.658,random,float32
15,630.573349,6957,52430573,55.119,random,float32
15,631.127857,876,52430573,54.188,random,float32
15,631.673636,4001,52430573,53.016,random,float32
15,632.209171,6806,52430573,52.932,random,float32
15,632.744501,1856,52430573,53.722,random,float32
15,633.287999,625,52430573,55.097,random,float32
15,633.830098,2494,52430573,54.264,random,float32
15,634.366224,6102,52430573,53.046,random,float32
15,634.909204,8229,52430573,54.914,random,float32
15,635.451585,5817,52430573,55.166,random,float32
15,635.996809,497,52430573,54.735,random,float32
15,636.546229,5793,52430573,52.674,random,float32
15,637.095186,2896,52430573,54.272,random,float32
15,637.650735,4172,52430573,54.806,random,float32
15,638.191212,1381,52430573,54.644,random,float32
15,638.724516,1134,52430573,53.216,random,float32
15,639.271594,6502,52430573,56.590,random,float32
15,639.844610,8226,52430573,55.243,random,float32
15,640.396293,1530,52430573,57.023,random,float32
15,640.944419,2731,52430573,54.198,random,float32
15,641.492553,9345,52430573,54.627,random,float32
15,642.027020,1459,52430573,53.668,random,float32
15,642.566944,231,52430573,54.239,random,float32
15,643.118594,8587,52430573,56.516,random,float32
15,643.675201,5321,52430573,54.546,random,float32
15,644.217690,4375,52430573,53.221,random,float32
15,644.762286,5660,52430573,53.732,random,float32
15,645.300884,8388,52430573,53.716,random,float32
15,645.831657,6556,52430573,53.962,random,float32
15,646.364039,5585,52430573,53.487,random,float32
15,646.894492,7294,52430573,53.987,random,float32
15,647.434690,957,52430573,53.105,random,float32
15,647.962661,2153,52430573,51.736,random,float32
15,648.502854,4250,52430573,53.369,random,float32
15,649.048082,5772,52430573,54.573,random,float32
15,649.586221,1286,52430573,53.675,random,float32
15,650.122005,7541,52430573,53.668,random,float32
15,650.651482,5614,52430573,52.570,random,float32
15,651.178025,2045,52430573,52.141,random,float32
15,651.716519,2159,52430573,54.332,random,float32
15,652.252961,3898,52430573,53.022,random,float32
15,652.790709,4642,52430573,53.286,random,float32
15,653.325858,736,52430573,52.313,random,float32
15,653.867215,9478,52430573,52.663,random,float32
15,654.394610,4885,52430573,52.250,random,float32
15,654.924325,5954,52430573,53.320,random,float32
15,655.454522,201,52430573,53.839,random,float32
15,655.985321,1343,52430573,52.833,random,float32
15,656.517150,2933,52430573,52.906,random,float32
15,657.053900,2739,52430573,53.605,random,float32
15,657.593932,33,52430573,54.249,random,float32
15,658.131202,2871,52430573,53.323,random,float32
15,658.661912,1577,52430573,52.609,random,float32
15,659.190055,5311,52430573,51.577,random,float32
15,659.719234,874,52430573,52.750,random,float32
15,660.246578,9739,52430573,52.441,random,float32
15,660.777483,1501,52430573,53.938,random,float32
15,661.307872,5057,52430573,53.033,random,float32
15,661.839399,504,52430573,52.139,random,float32
15,662.365948,9739,52430573,52.680,random,float32
15,662.899275,5000,52430573,53.561,random,float32
15,663.432862,6770,52430573,52.448,random,float32
15,663.967292,2536,52430573,53.649,random,float32
15,664.517766,7150,52430573,55.393,random,float32
15,665.070974,6918,52430573,54.047,random,float32
15,665.605838,2867,52430573,52.780,random,float32
15,666.138416,8307,52430573,53.385,random,float32
15,666.664808,2852,52430573,52.785,random,float32
15,667.201050,8204,52430573,55.494,random,float32
15,667.750692,1548,52430573,53.763,random,float32
15,668.290838,9596,52430573,54.119,random,float32
15,668.830221,5934,52430573,55.921,random,float32
15,669.378434,677,52430573,55.010,random,float32
15,669.917027,7404,52430573,54.026,random,float32
15,670.470486,7552,52430573,56.403,random,float32
15,671.014678,6048,52430573,55.599,random,float32
15,671.560572,4371,52430573,54.686,random,float32
15,672.090777,688,52430573,53.878,random,float32
15,672.614307,9716,52430573,53.834,random,float32
15,673.140137,1613,52430573,53.880,random,float32
15,673.667965,3017,52430573,53.139,random,float32
15,674.213816,7211,52430573,54.018,random,float32
15,674.751666,1804,52430573,54.109,random,float32
15,675.297038,3027,52430573,54.527,random,float32
15,675.844022,4808,52430573,51.823,random,float32
15,676.376841,3615,52430573,53.759,random,float32
15,676.906113,2431,52430573,52.991,random,float32
15,677.439737,5896,52430573,53.935,random,float32
15,677.979173,8792,52430573,54.616,random,float32
15,678.529920,8335,52430573,55.343,random,float32
15,679.073675,3607,52430573,52.317,random,float32
15,679.609663,5300,52430573,54.383,random,float32
15,680.150539,4982,52430573,53.928,random,float32
15,680.683281,4892,52430573,53.643,random,float32
15,681.213697,2948,52430573,52.923,random,float32
15,681.752110,6833,52430573,53.221,random,float32
15,682.292655,7190,52430573,52.995,random,float32
15,682.838311,2167,52430573,53.682,random,float32
15,683.373696,6214,52430573,53.284,random,float32
15,683.906245,5126,52430573,53.495,random,float32
15,684.446450,538,52430573,54.734,random,float32
15,684.989831,1826,52430573,53.673,random,float32
15,685.520719,3662,52430573,52.804,random,float32
15,686.052554,5818,52430573,55.044,random,float32
15,686.594553,4035,52430573,53.549,random,float32
15,687.128319,5565,52430573,55.256,random,float32
15,687.675714,2120,52430573,55.309,random,float32
15,688.223220,3929,52430573,53.956,random,float32
15,688.759006,1232,52430573,52.995,random,float32
15,689.296730,6528,52430573,53.812,random,float32
15,689.827656,9034,52430573,52.983,random,float32
15,690.357034,9024,52430573,53.430,random,float32
15,690.896459,9782,52430573,54.573,random,float32
15,691.437207,2794,52430573,54.027,random,float32
15,691.970488,4662,52430573,52.135,random,float32
15,692.501929,5839,52430573,53.202,random,float32
15,693.039282,8737,52430573,53.642,random,float32
15,693.572598,9919,52430573,53.789,random,float32
15,694.105133,973,52430573,52.691,random,float32
15,694.635034,1794,52430573,52.805,random,float32
15,695.168646,973,52430573,53.572,random,float32
15,695.699413,6957,52430573,52.438,random,float32
15,696.232069,8190,52430573,54.575,random,float32
15,696.764210,8403,52430573,53.280,random,float32
15,697.308684,2052,52430573,54.139,random,float32
15,697.857622,8989,52430573,55.546,random,float32
15,698.412371,4315,52430573,53.963,random,float32
15,698.947670,5760,52430573,51.792,random,float32
15,699.485063,9733,52430573,54.689,random,float32
15,700.020662,9958,52430573,52.895,random,float32
15,700.553761,7468,52430573,54.117,random,float32
15,701.085196,4309,52430573,52.927,random,float32
15,701.626230,6547,52430573,53.223,random,float32
15,702.158800,3620,52430573,53.600,random,float32
15,702.689046,8347,52430573,52.152,random,float32
15,703.221072,1076,52430573,53.138,random,float32
15,703.756626,6289,52430573,53.427,random,float32
15,704.294334,4099,52430573,53.728,random,float32
15,704.822655,506,52430573,53.714,random,float32
15,705.373860,9317,52430573,56.682,random,float32
15,705.922475,4002,52430573,54.063,random,float32
15,706.459110,4955,52430573,53.203,random,float32
15,706.997539,2769,52430573,53.984,random,float32
15,707.529133,698,52430573,54.248,random,float32
15,708.051998,6956,52430573,52.767,random,float32
15,708.586373,6996,52430573,52.620,random,float32
15,709.126459,3947,52430573,52.558,random,float32
15,709.660797,7510,52430573,52.173,random,float32
15,710.194108,6116,52430573,52.133,random,float32
15,710.720317,6222,52430573,53.629,random,float32
15,711.248381,499,52430573,53.789,random,float32
15,711.783247,4688,52430573,54.178,random,float32
15,712.311914,4089,52430573,53.641,random,float32
15,712.848409,958,52430573,53.934,random,float32
15,713.384353,4353,52430573,52.334,random,float32
15,713.924269,7301,52430573,53.368,random,float32
15,714.462738,4780,52430573,51.158,random,float32
15,715.005479,825,52430573,53.631,random,float32
15,715.544427,8155,52430573,53.954,random,float32
15,716.095025,2667,52430573,55.925,random,float32
15,716.638996,9554,52430573,54.782,random,float32
15,717.180874,1062,52430573,53.925,random,float32
15,717.715661,3621,52430573,53.039,random,float32
15,718.251517,3492,52430573,51.117,random,float32
15,718.792113,8401,52430573,54.804,random,float32
15,719.334829,9915,52430573,54.290,random,float32
15,719.873277,1056,52430573,54.687,random,float32
15,720.413337,4475,52430573,56.328,random,float32
15,720.964977,5008,52430573,53.599,random,float32
15,721.509571,8569,52430573,57.236,random,float32
15,722.053004,3374,52430573,52.713,random,float32
15,722.590945,4709,52430573,53.980,random,float32
15,723.131318,8743,52430573,53.670,random,float32
15,723.665273,4131,52430573,52.560,random,float32
15,724.210027,9460,52430573,55.592,random,float32
15,724.766653,505,52430573,56.623,random,float32
15,725.314115,4213,52430573,55.000,random,float32
15,725.873166,7707,52430573,56.393,random,float32
15,726.416502,3410,52430573,53.422,random,float32
15,726.955010,9914,52430573,52.437,random,float32
15,727.492180,7929,52430573,54.061,random,float32
15,728.030841,8744,52430573,54.042,random,float32
15,728.569735,4623,52430573,53.439,random,float32
15,729.108533,1641,52430573,54.103,random,float32
15,729.644891,9358,52430573,53.297,random,float32
15,730.178050,4732,52430573,55.234,random,float32
15,730.702811,5727,52430573,54.287,random,float32
15,731.234315,7834,52430573,53.751,random,float32
15,731.769666,4416,52430573,52.952,random,float32
15,732.313487,4794,52430573,54.004,random,float32
15,732.864234,6485,52430573,53.893,random,float32
15,733.399267,8967,52430573,54.196,random,float32
15,733.936238,4941,52430573,53.853,random,float32
15,734.474561,1738,52430573,53.601,random,float32
15,735.012851,1248,52430573,52.844,random,float32
15,735.539064,5628,52430573,52.139,random,float32
15,736.077821,5230,52430573,54.091,random,float32
15,736.622509,2067,52430573,53.344,random,float32
15,737.160700,8513,52430573,51.766,random,float32
15,737.699429,1302,52430573,53.200,random,float32
15,738.240428,1070,52430573,53.447,random,float32
15,738.775552,2331,52430573,52.278,random,float32
15,739.307719,2096,52430573,54.942,random,float32
15,739.848510,4865,52430573,54.119,random,float32
15,740.387603,9588,52430573,53.963,random,float32
15,740.921341,6383,52430573,52.344,random,float32
15,741.452235,2540,52430573,53.147,random,float32
15,741.979375,3974,52430573,53.110,random,float32
15,742.511302,9179,52430573,52.578,random,float32
15,743.053853,3857,52430573,54.200,random,float32
15,743.588367,1162,52430573,53.848,random,float32
15,744.129104,3165,52430573,52.548,random,float32
15,744.658489,3031,52430573,49.875,random,float32
15,745.195791,9747,52430573,54.182,random,float32
15,745.729387,4105,52430573,52.873,random,float32
15,746.268562,7080,52430573,54.644,random,float32
15,746.802444,4163,52430573,54.898,random,float32
15,747.334537,4480,52430573,54.848,random,float32
15,747.869371,4310,52430573,52.402,random,float32
15,748.407339,5545,52430573,54.489,random,float32
15,748.939755,6756,52430573,53.056,random,float32
15,749.472428,5483,52430573,52.521,random,float32
15,750.001488,414,52430573,52.689,random,float32
15,750.537709,1815,52430573,52.356,random,float32
15,751.074329,7175,52430573,52.740,random,float32
15,751.613797,4164,52430573,53.657,random,float32
15,752.134298,6963,52430573,51.726,random,float32
15,752.668645,9485,52430573,54.450,random,float32
15,753.202785,5682,52430573,53.828,random,float32
15,753.731438,1203,52430573,52.499,random,float32
15,754.283105,2346,52430573,51.677,random,float32
15,754.812249,4454,52430573,54.214,random,float32
15,755.355685,6349,52430573,54.601,random,float32
15,755.893946,1667,52430573,55.125,random,float32
15,756.426194,5109,52430573,53.220,random,float32
15,756.960404,5351,52430573,52.773,random,float32
15,757.492327,4547,52430573,55.163,random,float32
15,758.032209,8963,52430573,54.252,random,float32
15,758.557720,5290,52430573,53.182,random,float32
15,759.089204,5870,52430573,54.087,random,float32
15,759.631790,7989,52430573,54.088,random,float32
15,760.157958,9339,52430573,54.230,random,float32
15,760.694473,6158,52430573,53.119,random,float32
15,761.240624,9406,52430573,52.532,random,float32
15,761.788842,3915,52430573,55.731,random,float32
15,762.353674,1827,52430573,56.050,random,float32
15,762.909735,8517,52430573,56.686,random,float32
15,763.471714,2315,52430573,56.211,random,float32
15,764.023302,6077,52430573,55.082,random,float32
15,764.569109,3691,52430573,54.461,random,float32
15,765.113551,8110,52430573,55.704,random,float32
15,765.684655,4130,52430573,61.142,random,float32
15,766.239123,972,52430573,54.367,random,float32
15,766.773272,6890,52430573,52.882,random,float32
15,767.310254,3007,52430573,54.942,random,float32
15,767.858758,2140,52430573,55.664,random,float32
15,768.403793,8777,52430573,53.613,random,float32
15,768.947728,6443,52430573,53.423,random,float32
15,769.474282,7295,52430573,50.217,random,float32
15,769.998564,7702,52430573,51.362,random,float32
15,770.535526,7982,52430573,52.875,random,float32
15,771.063347,5156,52430573,54.232,random,float32
15,771.601597,3860,52430573,53.618,random,float32
15,772.142345,8154,52430573,53.395,random,float32
15,772.686262,4455,52430573,52.002,random,float32
15,773.220253,8882,52430573,51.863,random,float32
15,773.755712,9534,52430573,54.470,random,float32
15,774.289545,7344,52430573,54.126,random,float32
15,774.826503,9310,52430573,52.709,random,float32
15,775.366305,1112,52430573,53.615,random,float32
15,775.906109,9155,52430573,53.435,random,float32
15,776.451907,533,52430573,54.415,random,float32
15,776.988555,5874,52430573,54.258,random,float32
15,777.529706,1495,52430573,55.344,random,float32
15,778.075365,8960,52430573,55.102,random,float32
15,778.612800,7625,52430573,53.589,random,float32
15,779.148218,4036,52430573,53.406,random,float32
15,779.687931,81,52430573,54.174,random,float32
15,780.224393,9464,52430573,53.317,random,float32
15,780.760795,1195,52430573,53.234,random,float32
15,781.287822,2396,52430573,52.588,random,float32
15,781.830895,9919,52430573,54.331,random,float32
15,782.369392,9677,52430573,53.892,random,float32
15,782.908279,2873,52430573,54.285,random,float32
15,783.449437,5979,52430573,54.091,random,float32
15,783.985260,2367,52430573,53.204,random,float32
15,784.515187,400,52430573,53.743,random,float32
15,785.051855,7641,52430573,52.896,random,float32
15,785.589299,896,52430573,52.284,random,float32
15,786.125656,6222,52430573,53.366,random,float32
15,786.676854,8687,52430573,56.562,random,float32
15,787.223976,9535,52430573,53.385,random,float32
15,787.758748,7550,52430573,53.476,random,float32
15,788.295176,6683,52430573,54.096,random,float32
15,788.827068,2275,52430573,54.309,random,float32
15,789.361556,5762,52430573,52.100,random,float32
15,789.900023,6580,52430573,53.606,random,float32
15,790.430124,8195,52430573,49.964,random,float32
15,790.968300,4103,52430573,53.452,random,float32
15,791.511671,5489,52430573,54.703,random,float32
15,792.048596,3849,52430573,53.533,random,float32
15,792.584878,7311,52430573,54.315,random,float32
15,793.123209,7596,52430573,53.463,random,float32
15,793.655367,6135,52430573,54.365,random,float32
15,794.193728,5897,52430573,55.513,random,float32
15,794.724980,132,52430573,53.414,random,float32
15,795.254002,330,52430573,53.289,random,float32
15,795.786309,8243,52430573,51.309,random,float32
15,796.323633,2798,52430573,52.441,random,float32
15,796.861629,8599,52430573,55.155,random,float32
15,797.397277,5241,52430573,53.548,random,float32
15,797.931240,2641,52430573,53.602,random,float32
15,798.464842,8705,52430573,53.299,random,float32
15,799.005775,1374,52430573,52.998,random,float32
15,799.538234,2228,52430573,52.257,random,float32
15,800.077959,7792,52430573,53.979,random,float32
15,800.614175,3653,52430573,53.530,random,float32
15,801.151378,7357,52430573,54.120,random,float32
15,801.687657,4733,52430573,52.144,random,float32
15,802.222912,4936,52430573,56.240,random,float32
15,802.766620,2288,52430573,54.269,random,float32
15,803.304072,6820,52430573,51.401,random,float32
15,803.845452,9546,52430573,52.460,random,float32
15,804.381910,6989,52430573,52.904,random,float32
15,804.910287,7241,52430573,52.120,random,float32
15,805.443799,8442,52430573,52.766,random,float32
15,805.984298,8785,52430573,53.847,random,float32
15,806.521844,6228,52430573,53.740,random,float32
15,807.061172,4904,52430573,55.386,random,float32
15,807.607783,9312,52430573,54.407,random,float32
15,808.156888,6762,52430573,54.587,random,float32
15,808.703078,7382,52430573,55.645,random,float32
15,809.257179,5970,52430573,55.883,random,float32
15,809.795979,5590,52430573,54.213,random,float32
15,810.327367,6176,52430573,53.085,random,float32
15,810.862909,8671,52430573,51.320,random,float32
15,811.393579,4891,52430573,52.804,random,float32
15,811.937365,5250,52430573,52.951,random,float32
15,812.467122,5689,52430573,54.241,random,float32
15,812.999467,9845,52430573,52.797,random,float32
15,813.525463,505,52430573,53.048,random,float32
15,814.071030,9124,52430573,53.304,random,float32
15,814.599602,672,52430573,54.146,random,float32
15,815.133852,8047,52430573,50.956,random,float32
15,815.667812,7943,52430573,52.729,random,float32
15,816.199503,9961,52430573,51.850,random,float32
15,816.722855,1488,52430573,54.085,random,float32
15,817.261533,7295,52430573,53.518,random,float32
15,817.796680,6411,52430573,54.072,random,float32
15,818.337891,2228,52430573,53.357,random,float32
15,818.869151,3516,52430573,53.237,random,float32
15,819.411475,4655,52430573,55.002,random,float32
15,819.955066,3339,52430573,55.286,random,float32
15,820.493254,8521,52430573,54.881,random,float32
15,821.030845,6518,52430573,52.873,random,float32
15,821.554939,728,52430573,52.752,random,float32
15,822.086636,3052,52430573,52.932,random,float32
15,822.618759,1879,52430573,52.223,random,float32
15,823.137734,1138,52430573,52.976,random,float32
15,823.671342,3062,52430573,53.570,random,float32
15,824.215764,6729,52430573,55.489,random,float32
15,824.754002,9569,52430573,54.368,random,float32
15,825.295281,5239,52430573,52.652,random,float32
15,825.827754,927,52430573,53.213,random,float32
15,826.360808,783,52430573,52.272,random,float32
15,826.895045,6756,52430573,53.707,random,float32
15,827.428844,1424,52430573,51.975,random,float32
15,827.958615,7842,52430573,53.164,random,float32
15,828.489412,1454,52430573,54.029,random,float32
15,829.020827,1837,52430573,53.942,random,float32
15,829.551809,2491,52430573,53.592,random,float32
15,830.079289,7030,52430573,52.970,random,float32
15,830.615984,3113,52430573,52.916,random,float32
15,831.154559,590,52430573,53.469,random,float32
15,831.690398,4912,52430573,54.762,random,float32
15,832.223036,4711,52430573,52.881,random,float32
15,832.768218,1021,52430573,54.541,random,float32
15,833.302902,3828,52430573,54.319,random,float32
15,833.835323,4244,52430573,50.705,random,float32
15,834.371859,3488,52430573,54.380,random,float32
15,834.909343,7053,52430573,53.404,random,float32
15,835.443070,1851,52430573,52.830,random,float32
15,835.983076,3349,52430573,54.646,random,float32
15,836.538322,690,52430573,54.694,random,float32
15,837.083498,9989,52430573,54.679,random,float32
15,837.621960,913,52430573,53.734,random,float32
15,838.163736,3560,52430573,53.763,random,float32
15,838.713516,7363,52430573,55.076,random,float32
15,839.260233,4857,52430573,55.586,random,float32
15,839.801409,5857,52430573,52.900,random,float32
15,840.347214,6886,52430573,55.024,random,float32
15,840.884665,5433,52430573,53.323,random,float32
15,841.416126,3137,52430573,53.529,random,float32
15,841.954604,5777,52430573,55.245,random,float32
15,842.491548,4009,52430573,52.188,random,float32
15,843.031833,4946,52430573,52.959,random,float32
15,843.567045,9733,52430573,52.751,random,float32
15,844.103929,2662,52430573,52.195,random,float32
15,844.637413,6049,52430573,53.256,random,float32
15,845.175213,9441,52430573,52.813,random,float32
15,845.711204,7911,52430573,53.407,random,float32
15,846.245037,2182,52430573,54.039,random,float32
15,846.769812,9636,52430573,50.886,random,float32
15,847.294700,226,52430573,53.874,random,float32
15,847.821805,8718,52430573,52.694,random,float32
15,848.358170,9976,52430573,54.964,random,float32
15,848.900161,8996,52430573,53.341,random,float32
15,849.440751,7995,52430573,54.770,random,float32
15,849.990451,5255,52430573,54.618,random,float32
15,850.542670,3400,52430573,54.260,random,float32
15,851.080467,4880,52430573,53.819,random,float32
15,851.619021,6390,52430573,52.625,random,float32
15,852.156058,5567,52430573,53.895,random,float32
15,852.680290,3610,52430573,54.469,random,float32
15,853.220279,9638,52430573,52.722,random,float32
15,853.764616,6187,52430573,56.238,random,float32
15,854.296653,5198,52430573,53.864,random,float32
15,854.835160,9445,52430573,53.612,random,float32
15,855.366458,6231,52430573,52.022,random,float32
15,855.900932,2614,52430573,55.161,random,float32
15,856.434322,313,52430573,53.456,random,float32
15,856.969888,6301,52430573,52.232,random,float32
15,857.495166,3802,52430573,56.469,random,float32
15,858.039637,9957,52430573,54.096,random,float32
15,858.576711,7349,52430573,52.777,random,float32
15,859.113867,1084,52430573,53.649,random,float32
15,859.658072,9966,52430573,54.724,random,float32
15,860.198699,1988,52430573,53.361,random,float32
15,860.746824,9541,52430573,54.704,random,float32
15,861.295071,5174,52430573,55.299,random,float32
15,861.849661,3869,52430573,55.192,random,float32
15,862.384295,9210,52430573,53.288,random,float32
15,862.911223,8367,52430573,51.390,random,float32
15,863.447344,7998,52430573,53.474,random,float32
15,863.984719,6489,52430573,55.340,random,float32
15,864.534390,9019,52430573,55.157,random,float32
15,865.076120,4919,52430573,54.045,random,float32
15,865.610217,3807,52430573,52.777,random,float32
15,866.147033,5259,52430573,52.555,random,float32
15,866.684419,476,52430573,54.355,random,float32
15,867.224068,4131,52430573,52.634,random,float32
15,867.754182,3040,52430573,53.155,random,float32
15,868.292166,8074,52430573,52.810,random,float32
15,868.830635,9567,52430573,54.658,random,float32
15,869.367059,4666,52430573,53.211,random,float32
15,869.902242,9362,52430573,53.384,random,float32
15,870.444957,4936,52430573,57.827,random,float32
15,870.969674,730,52430573,52.357,random,float32
15,871.499798,6964,52430573,52.542,random,float32
15,872.027882,6838,52430573,53.760,random,float32
15,872.551986,9681,52430573,52.509,random,float32
15,873.090411,6692,52430573,53.936,random,float32
15,873.622901,5553,52430573,52.724,random,float32
15,874.158527,9316,52430573,53.431,random,float32
15,874.692060,254,52430573,53.997,random,float32
15,875.229384,7776,52430573,53.209,random,float32
15,875.754949,6310,52430573,53.420,random,float32
15,876.305808,2533,52430573,52.529,random,float32
15,876.838746,5848,52430573,53.046,random,float32
15,877.375263,124,52430573,52.536,random,float32
15,877.909616,8156,52430573,54.377,random,float32
15,878.452401,1222,52430573,53.258,random,float32
15,878.989267,8855,52430573,52.782,random,float32
15,879.528563,1285,52430573,53.856,random,float32
15,880.069081,671,52430573,53.388,random,float32
15,880.607595,7903,52430573,52.185,random,float32
15,881.139019,9875,52430573,53.917,random,float32
15,881.670312,3960,52430573,52.446,random,float32
15,882.200625,3573,52430573,50.251,random,float32
15,882.734214,7752,52430573,53.380,random,float32
15,883.273439,3163,52430573,53.327,random,float32
15,883.811759,3278,52430573,53.218,random,float32
15,884.342145,6934,52430573,51.590,random,float32
15,884.891487,6654,52430573,55.326,random,float32
15,885.425170,9409,52430573,51.694,random,float32
15,885.962420,1997,52430573,54.788,random,float32
15,886.510295,6728,52430573,52.985,random,float32
15,887.048494,7882,52430573,54.613,random,float32
15,887.587197,480,52430573,53.598,random,float32
15,888.122694,2277,52430573,54.159,random,float32
15,888.672563,6303,52430573,53.717,random,float32
15,889.214683,6509,52430573,53.956,random,float32
15,889.749948,3480,52430573,52.272,random,float32
15,890.286301,8507,52430573,52.637,random,float32
15,890.823548,4724,52430573,51.796,random,float32
15,891.361863,2834,52430573,54.007,random,float32
15,891.897870,1401,52430573,53.990,random,float32
15,892.455278,5684,52430573,53.660,random,float32
15,893.002514,8514,52430573,53.908,random,float32
15,893.541708,1106,52430573,55.560,random,float32
15,894.094498,7958,52430573,53.705,random,float32
15,894.630602,993,52430573,53.896,random,float32
15,895.172645,3140,52430573,53.526,random,float32
15,895.709823,3213,52430573,54.395,random,float32
15,896.237596,9160,52430573,51.198,random,float32
15,896.772066,1146,52430573,53.141,random,float32
15,897.305218,7510,52430573,52.967,random,float32
15,897.835774,7361,52430573,52.107,random,float32
15,898.369305,124,52430573,52.122,random,float32
15,898.905165,3460,52430573,53.933,random,float32
15,899.439664,224,52430573,54.954,random,float32
15,899.977711,9358,52430573,56.664,random,float32
