worker_id,time_since_start_s,file_idx_in_corpus,file_size_bytes,load_latency_ms,pattern,dtype_inferred
0,300.552866,7259,52430573,57.314,random,float32
0,301.091959,2906,52430573,52.450,random,float32
0,301.628240,9119,52430573,53.852,random,float32
0,302.163445,654,52430573,55.881,random,float32
0,302.717259,1194,52430573,56.724,random,float32
0,303.268817,8897,52430573,52.307,random,float32
0,303.803207,4809,52430573,52.762,random,float32
0,304.335733,3994,52430573,54.057,random,float32
0,304.865907,8468,52430573,52.187,random,float32
0,305.409225,8419,52430573,54.606,random,float32
0,305.954700,6950,52430573,53.358,random,float32
0,306.495975,620,52430573,54.775,random,float32
0,307.047221,4237,52430573,54.564,random,float32
0,307.590363,8762,52430573,55.985,random,float32
0,308.136750,4937,52430573,55.658,random,float32
0,308.687081,8740,52430573,54.670,random,float32
0,309.232204,9068,52430573,55.152,random,float32
0,309.775631,8970,52430573,48.636,random,float32
0,310.324470,3014,52430573,53.035,random,float32
0,310.867238,9005,52430573,53.502,random,float32
0,311.407727,5851,52430573,54.097,random,float32
0,311.948202,5379,52430573,55.575,random,float32
0,312.486510,79,52430573,49.818,random,float32
0,313.007133,7583,52430573,51.140,random,float32
0,313.552980,4597,52430573,52.418,random,float32
0,314.085736,9533,52430573,53.349,random,float32
0,314.616689,7734,52430573,53.321,random,float32
0,315.139587,8362,52430573,53.563,random,float32
0,315.672352,7310,52430573,55.854,random,float32
0,316.218117,7989,52430573,53.564,random,float32
0,316.761378,6358,52430573,55.685,random,float32
0,317.308009,9480,52430573,53.659,random,float32
0,317.852979,4121,52430573,55.128,random,float32
0,318.385527,108,52430573,54.671,random,float32
0,318.932738,2461,52430573,56.343,random,float32
0,319.477889,7889,52430573,54.984,random,float32
0,320.020980,2095,52430573,54.581,random,float32
0,320.580064,2725,52430573,53.519,random,float32
0,321.119278,3548,52430573,56.738,random,float32
0,321.663136,9546,52430573,57.231,random,float32
0,322.204052,3765,52430573,53.835,random,float32
0,322.743156,2450,52430573,54.095,random,float32
0,323.277050,1526,52430573,52.476,random,float32
0,323.810283,711,52430573,53.885,random,float32
0,324.344354,6971,52430573,55.993,random,float32
0,324.901652,4223,52430573,58.303,random,float32
0,325.443928,3365,52430573,55.923,random,float32
0,325.975608,8783,52430573,53.432,random,float32
0,326.495814,7904,52430573,52.633,random,float32
0,327.034955,6522,52430573,57.640,random,float32
0,327.568738,5544,52430573,56.979,random,float32
0,328.104618,7133,52430573,51.280,random,float32
0,328.639319,6564,52430573,51.021,random,float32
0,329.178721,8489,52430573,52.579,random,float32
0,329.714331,5893,52430573,54.054,random,float32
0,330.252715,9602,52430573,53.203,random,float32
0,330.779446,5703,52430573,54.428,random,float32
0,331.311936,4277,52430573,53.812,random,float32
0,331.837628,1917,52430573,49.976,random,float32
0,332.386015,5565,52430573,60.849,random,float32
0,332.943552,3610,52430573,55.371,random,float32
0,333.492504,4706,52430573,52.202,random,float32
0,334.032109,3580,52430573,55.674,random,float32
0,334.571910,3387,52430573,55.663,random,float32
0,335.105050,108,52430573,55.113,random,float32
0,335.638348,2996,52430573,57.463,random,float32
0,336.170608,7836,52430573,51.644,random,float32
0,336.712846,7537,52430573,54.341,random,float32
0,337.248724,4254,52430573,53.299,random,float32
0,337.781448,8171,52430573,52.664,random,float32
0,338.313261,9361,52430573,51.512,random,float32
0,338.851986,3212,52430573,47.754,random,float32
0,339.383320,8748,52430573,55.001,random,float32
0,339.922538,2676,52430573,53.551,random,float32
0,340.450496,5903,52430573,52.617,random,float32
0,340.989182,3259,52430573,51.957,random,float32
0,341.517263,7322,52430573,53.418,random,float32
0,342.057089,6631,52430573,55.126,random,float32
0,342.606978,9918,52430573,53.603,random,float32
0,343.144905,3012,52430573,53.642,random,float32
0,343.678887,1565,52430573,54.776,random,float32
0,344.211931,4300,52430573,56.014,random,float32
0,344.748926,2150,52430573,54.459,random,float32
0,345.280809,4463,52430573,54.751,random,float32
0,345.812371,7126,52430573,54.366,random,float32
0,346.353953,5044,52430573,55.327,random,float32
0,346.902398,5634,52430573,55.457,random,float32
0,347.431985,4799,52430573,56.761,random,float32
0,347.971786,6467,52430573,52.935,random,float32
0,348.525251,8464,52430573,56.129,random,float32
0,349.071837,4744,52430573,54.416,random,float32
0,349.630207,813,52430573,56.515,random,float32
0,350.176284,3814,52430573,53.408,random,float32
0,350.717892,6084,52430573,56.303,random,float32
0,351.254323,8899,52430573,52.481,random,float32
0,351.788254,7257,52430573,53.967,random,float32
0,352.323889,5113,52430573,53.930,random,float32
0,352.856573,3255,52430573,52.689,random,float32
0,353.397460,4523,52430573,53.186,random,float32
0,353.941834,2539,52430573,54.427,random,float32
0,354.486339,5824,52430573,55.256,random,float32
0,355.041638,7187,52430573,52.704,random,float32
0,355.578674,9159,52430573,52.333,random,float32
0,356.116307,7674,52430573,52.611,random,float32
0,356.654128,4314,52430573,53.617,random,float32
0,357.182430,3912,52430573,52.082,random,float32
0,357.716492,4638,52430573,53.751,random,float32
0,358.260765,2926,52430573,56.384,random,float32
0,358.830230,8026,52430573,56.615,random,float32
0,359.400674,3419,52430573,55.605,random,float32
0,359.960594,4355,52430573,57.039,random,float32
0,360.494196,3784,52430573,53.363,random,float32
0,361.027360,9144,52430573,52.908,random,float32
0,361.555720,9010,52430573,52.049,random,float32
0,362.082476,9012,52430573,51.614,random,float32
0,362.612281,3504,52430573,52.269,random,float32
0,363.151873,4660,52430573,55.920,random,float32
0,363.700991,5159,52430573,54.863,random,float32
0,364.237755,618,52430573,55.354,random,float32
0,364.782845,4198,52430573,55.172,random,float32
0,365.317457,2832,52430573,52.307,random,float32
0,365.848541,916,52430573,53.744,random,float32
0,366.395618,886,52430573,53.795,random,float32
0,366.939138,3617,52430573,55.279,random,float32
0,367.495461,7076,52430573,54.447,random,float32
0,368.046172,8980,52430573,55.762,random,float32
0,368.606889,9163,52430573,53.718,random,float32
0,369.155584,1173,52430573,55.151,random,float32
0,369.688432,5706,52430573,55.006,random,float32
0,370.222371,2389,52430573,52.268,random,float32
0,370.750578,3982,52430573,52.733,random,float32
0,371.291165,5437,52430573,54.524,random,float32
0,371.828353,2315,52430573,53.769,random,float32
0,372.375103,3288,52430573,53.528,random,float32
0,372.917424,312,52430573,53.856,random,float32
0,373.456952,8709,52430573,54.993,random,float32
0,373.992095,8673,52430573,56.432,random,float32
0,374.524431,4953,52430573,52.895,random,float32
0,375.060941,3695,52430573,53.866,random,float32
0,375.610871,3938,52430573,58.217,random,float32
0,376.160534,3387,52430573,57.151,random,float32
0,376.713196,2378,52430573,57.580,random,float32
0,377.256279,2384,52430573,53.987,random,float32
0,377.798755,1749,52430573,54.449,random,float32
0,378.344145,427,52430573,55.345,random,float32
0,378.893672,6348,52430573,56.695,random,float32
0,379.436882,4421,52430573,56.316,random,float32
0,379.978322,7496,52430573,55.612,random,float32
0,380.524183,9728,52430573,51.748,random,float32
0,381.063476,8498,52430573,53.518,random,float32
0,381.600779,7201,52430573,54.435,random,float32
0,382.138055,2330,52430573,55.279,random,float32
0,382.682378,6440,52430573,52.815,random,float32
0,383.216650,1477,52430573,51.477,random,float32
0,383.756274,8582,52430573,50.692,random,float32
0,384.300255,9265,52430573,54.513,random,float32
0,384.854421,4731,52430573,54.845,random,float32
0,385.412727,8169,52430573,54.250,random,float32
0,385.956523,6719,52430573,55.913,random,float32
0,386.497323,3401,52430573,54.285,random,float32
0,387.040477,9884,52430573,53.409,random,float32
0,387.571635,9747,52430573,53.155,random,float32
0,388.133939,5289,52430573,53.350,random,float32
0,388.675568,1999,52430573,54.403,random,float32
0,389.208508,9361,52430573,52.045,random,float32
0,389.734441,8608,52430573,52.643,random,float32
0,390.289425,9984,52430573,56.355,random,float32
0,390.843992,6793,52430573,53.698,random,float32
0,391.399733,4168,52430573,53.772,random,float32
0,391.930548,5592,52430573,53.958,random,float32
0,392.464221,582,52430573,52.645,random,float32
0,393.008002,8537,52430573,55.480,random,float32
0,393.563801,5793,52430573,54.747,random,float32
0,394.100836,9923,52430573,51.756,random,float32
0,394.635992,1422,52430573,54.920,random,float32
0,395.159143,1838,52430573,51.548,random,float32
0,395.688637,2524,52430573,57.348,random,float32
0,396.208783,2174,52430573,53.816,random,float32
0,396.737675,9736,52430573,52.441,random,float32
0,397.268236,5114,52430573,52.478,random,float32
0,397.789108,1927,52430573,51.370,random,float32
0,398.313303,3384,52430573,53.214,random,float32
0,398.834530,2806,52430573,50.068,random,float32
0,399.369308,826,52430573,54.402,random,float32
0,399.900175,7304,52430573,52.024,random,float32
0,400.422287,1522,52430573,50.267,random,float32
0,400.953326,4227,52430573,52.637,random,float32
0,401.493902,7787,52430573,55.650,random,float32
0,402.028149,2087,52430573,52.159,random,float32
0,402.556966,7552,52430573,53.424,random,float32
0,403.095546,1082,52430573,50.926,random,float32
0,403.629812,2835,52430573,54.878,random,float32
0,404.161103,1599,52430573,54.322,random,float32
0,404.686237,5364,52430573,53.123,random,float32
0,405.215469,7421,52430573,52.646,random,float32
0,405.753641,9343,52430573,55.715,random,float32
0,406.285139,4819,52430573,54.494,random,float32
0,406.828741,510,52430573,54.817,random,float32
0,407.372299,8931,52430573,54.261,random,float32
0,407.915708,2527,52430573,52.659,random,float32
0,408.468769,2224,52430573,52.558,random,float32
0,409.011592,6948,52430573,54.309,random,float32
0,409.547360,9468,52430573,49.643,random,float32
0,410.088262,620,52430573,53.732,random,float32
0,410.623416,4578,52430573,53.141,random,float32
0,411.148288,8834,52430573,54.468,random,float32
0,411.669855,7687,52430573,51.904,random,float32
0,412.196775,4981,52430573,55.128,random,float32
0,412.731127,447,52430573,49.651,random,float32
0,413.275747,4603,52430573,58.420,random,float32
0,413.811865,6058,52430573,56.412,random,float32
0,414.347931,2376,52430573,54.600,random,float32
0,414.880929,9465,52430573,55.571,random,float32
0,415.420168,4937,52430573,56.715,random,float32
0,415.946719,7122,52430573,49.988,random,float32
0,416.484301,5797,52430573,54.875,random,float32
0,417.017850,7554,52430573,49.311,random,float32
0,417.544364,138,52430573,53.181,random,float32
0,418.089984,4641,52430573,53.081,random,float32
0,418.616092,1995,52430573,52.541,random,float32
0,419.155693,4150,52430573,54.633,random,float32
0,419.684572,1212,52430573,52.429,random,float32
0,420.214360,7218,52430573,51.568,random,float32
0,420.737012,8857,52430573,53.179,random,float32
0,421.266865,9360,52430573,55.287,random,float32
0,421.797599,2483,52430573,55.051,random,float32
0,422.322195,1148,52430573,49.872,random,float32
0,422.852896,5463,52430573,53.624,random,float32
0,423.379300,4750,52430573,53.376,random,float32
0,423.911827,5886,52430573,53.988,random,float32
0,424.438228,3907,52430573,56.175,random,float32
0,424.976566,606,52430573,52.324,random,float32
0,425.516402,8791,52430573,55.192,random,float32
0,426.044548,750,52430573,53.813,random,float32
0,426.582196,9683,52430573,57.391,random,float32
0,427.151325,5527,52430573,58.212,random,float32
0,427.713244,9717,52430573,55.620,random,float32
0,428.265723,9067,52430573,53.833,random,float32
0,428.804390,256,52430573,54.917,random,float32
0,429.356131,7798,52430573,56.676,random,float32
0,429.908974,616,52430573,54.976,random,float32
0,430.461647,3860,52430573,53.958,random,float32
0,430.996636,3409,52430573,52.091,random,float32
0,431.524983,706,52430573,54.295,random,float32
0,432.059147,1710,52430573,52.897,random,float32
0,432.596522,3855,52430573,53.601,random,float32
0,433.148181,5343,52430573,54.625,random,float32
0,433.687539,9586,52430573,52.875,random,float32
0,434.230680,6119,52430573,55.996,random,float32
0,434.779570,9317,52430573,53.939,random,float32
0,435.306020,3602,52430573,53.508,random,float32
0,435.842639,8548,52430573,53.756,random,float32
0,436.380549,4060,52430573,53.658,random,float32
0,436.927454,724,52430573,55.081,random,float32
0,437.465178,7412,52430573,52.899,random,float32
0,438.007608,4846,52430573,54.344,random,float32
0,438.543391,399,52430573,54.304,random,float32
0,439.081607,6305,52430573,52.497,random,float32
0,439.622754,1326,52430573,54.580,random,float32
0,440.169886,669,52430573,52.381,random,float32
0,440.701431,8841,52430573,52.126,random,float32
0,441.242690,6929,52430573,55.544,random,float32
0,441.790638,2010,52430573,53.189,random,float32
0,442.320533,1430,52430573,53.551,random,float32
0,442.851424,2424,52430573,54.292,random,float32
0,443.387001,7764,52430573,54.659,random,float32
0,443.920859,8513,52430573,53.164,random,float32
0,444.452648,7295,52430573,55.326,random,float32
0,444.982279,6093,52430573,52.381,random,float32
0,445.521876,4673,52430573,56.409,random,float32
0,446.055535,2072,52430573,52.349,random,float32
0,446.594282,2423,52430573,54.220,random,float32
0,447.137475,8182,52430573,56.823,random,float32
0,447.687168,7764,52430573,52.206,random,float32
0,448.239842,2284,52430573,55.012,random,float32
0,448.775965,5347,52430573,52.848,random,float32
0,449.323858,1369,52430573,53.693,random,float32
0,449.873100,9913,52430573,55.435,random,float32
0,450.422086,199,52430573,57.334,random,float32
0,450.975401,6809,52430573,56.658,random,float32
0,451.530461,2353,52430573,53.966,random,float32
0,452.076628,108,52430573,55.127,random,float32
0,452.615307,3047,52430573,53.228,random,float32
0,453.160952,9163,52430573,51.897,random,float32
0,453.702759,4713,52430573,53.846,random,float32
0,454.232173,9812,52430573,54.540,random,float32
0,454.769481,8397,52430573,55.276,random,float32
0,455.318246,2219,52430573,54.626,random,float32
0,455.852545,4778,52430573,53.556,random,float32
0,456.388349,5285,52430573,51.936,random,float32
0,456.918025,211,52430573,56.151,random,float32
0,457.453572,3569,52430573,54.909,random,float32
0,457.983951,6837,52430573,52.521,random,float32
0,458.514302,2277,52430573,53.405,random,float32
0,459.042116,2108,52430573,50.726,random,float32
0,459.573524,1273,52430573,51.291,random,float32
0,460.123727,971,52430573,56.243,random,float32
0,460.674657,9859,52430573,54.864,random,float32
0,461.220743,9498,52430573,53.851,random,float32
0,461.749339,9472,52430573,51.383,random,float32
0,462.294717,3506,52430573,54.963,random,float32
0,462.843975,6219,52430573,52.516,random,float32
0,463.386196,1807,52430573,54.685,random,float32
0,463.930024,8088,52430573,53.860,random,float32
0,464.463954,6672,52430573,53.595,random,float32
0,464.992480,1723,52430573,54.249,random,float32
0,465.529350,1666,52430573,52.246,random,float32
0,466.058171,3815,52430573,52.538,random,float32
0,466.579083,9882,52430573,54.132,random,float32
0,467.112736,8017,52430573,52.437,random,float32
0,467.643384,2934,52430573,53.143,random,float32
0,468.168899,7635,52430573,49.806,random,float32
0,468.722563,8955,52430573,58.076,random,float32
0,469.289371,7531,52430573,57.593,random,float32
0,469.839078,5119,52430573,55.943,random,float32
0,470.393459,7797,52430573,55.005,random,float32
0,470.927380,5779,52430573,52.319,random,float32
0,471.455640,9567,52430573,53.452,random,float32
0,471.988816,924,52430573,54.420,random,float32
0,472.524725,5531,52430573,53.013,random,float32
0,473.058184,6900,52430573,53.552,random,float32
0,473.591656,5282,52430573,53.177,random,float32
0,474.139256,2730,52430573,55.534,random,float32
0,474.677669,4344,52430573,52.923,random,float32
0,475.218314,5518,52430573,53.030,random,float32
0,475.769846,4945,52430573,57.150,random,float32
0,476.309991,8443,52430573,56.207,random,float32
0,476.843758,7656,52430573,48.884,random,float32
0,477.369220,2420,52430573,49.126,random,float32
0,477.902379,4373,52430573,57.264,random,float32
0,478.429205,3144,52430573,53.612,random,float32
0,478.964416,3309,52430573,55.177,random,float32
0,479.496806,7960,52430573,56.040,random,float32
0,480.036589,1479,52430573,53.603,random,float32
0,480.570592,8605,52430573,52.892,random,float32
0,481.101508,6388,52430573,53.740,random,float32
0,481.633315,6690,52430573,52.840,random,float32
0,482.165366,6943,52430573,52.115,random,float32
0,482.696686,9925,52430573,55.104,random,float32
0,483.238219,8763,52430573,54.395,random,float32
0,483.778076,4872,52430573,52.637,random,float32
0,484.313457,7718,52430573,55.088,random,float32
0,484.847770,6895,52430573,53.272,random,float32
0,485.400938,50,52430573,55.323,random,float32
0,485.922306,8460,52430573,51.100,random,float32
0,486.449207,9716,52430573,52.411,random,float32
0,486.991720,9345,52430573,52.961,random,float32
0,487.515619,2764,52430573,52.812,random,float32
0,488.048668,9293,52430573,51.514,random,float32
0,488.573688,3121,52430573,53.623,random,float32
0,489.101191,3102,52430573,51.270,random,float32
0,489.632017,4068,52430573,52.917,random,float32
0,490.161261,3476,52430573,51.877,random,float32
0,490.690449,5453,52430573,53.668,random,float32
0,491.225349,6241,52430573,54.273,random,float32
0,491.747962,2783,52430573,52.590,random,float32
0,492.282715,2323,52430573,52.232,random,float32
0,492.824473,4635,52430573,52.426,random,float32
0,493.370671,9104,52430573,57.112,random,float32
0,493.936865,4263,52430573,56.253,random,float32
0,494.497452,7949,52430573,58.466,random,float32
0,495.051745,2959,52430573,55.496,random,float32
0,495.591122,9351,52430573,53.953,random,float32
0,496.119501,1998,52430573,52.230,random,float32
0,496.644440,7861,52430573,53.529,random,float32
0,497.183035,2118,52430573,54.770,random,float32
0,497.728136,1516,52430573,53.882,random,float32
0,498.270014,6365,52430573,54.143,random,float32
0,498.804097,2151,52430573,52.492,random,float32
0,499.348311,4398,52430573,54.788,random,float32
0,499.878935,1522,52430573,52.517,random,float32
0,500.415265,1375,52430573,54.109,random,float32
0,500.952868,8570,52430573,53.347,random,float32
0,501.487382,8366,52430573,51.934,random,float32
0,502.017420,1339,52430573,53.267,random,float32
0,502.547044,6819,52430573,53.073,random,float32
0,503.086696,3032,52430573,53.247,random,float32
0,503.630072,1911,52430573,55.553,random,float32
0,504.161243,6471,52430573,52.383,random,float32
0,504.692230,439,52430573,53.291,random,float32
0,505.220972,7592,52430573,54.445,random,float32
0,505.761546,7724,52430573,53.322,random,float32
0,506.291468,5469,52430573,52.358,random,float32
0,506.810251,606,52430573,49.848,random,float32
0,507.345314,311,52430573,49.903,random,float32
0,507.882913,8106,52430573,54.413,random,float32
0,508.406270,7178,52430573,52.459,random,float32
0,508.933328,6395,52430573,51.658,random,float32
0,509.476558,2839,52430573,54.441,random,float32
0,510.002453,3431,52430573,53.507,random,float32
0,510.545494,523,52430573,54.630,random,float32
0,511.059596,4224,52430573,54.571,random,float32
0,511.592027,826,52430573,56.188,random,float32
0,512.116790,1727,52430573,51.137,random,float32
0,512.646300,1626,52430573,53.556,random,float32
0,513.174550,4019,52430573,53.118,random,float32
0,513.701767,5908,52430573,52.041,random,float32
0,514.225683,7516,52430573,53.214,random,float32
0,514.758121,5542,52430573,50.683,random,float32
0,515.286265,947,52430573,53.666,random,float32
0,515.815526,4583,52430573,50.066,random,float32
0,516.341299,3232,52430573,52.633,random,float32
0,516.871493,4651,52430573,53.127,random,float32
0,517.399380,456,52430573,53.245,random,float32
0,517.922076,6110,52430573,50.528,random,float32
0,518.446349,85,52430573,52.217,random,float32
0,518.971657,4902,52430573,55.390,random,float32
0,519.481631,9541,52430573,51.811,random,float32
0,520.022553,1018,52430573,58.748,random,float32
0,520.547657,9637,52430573,53.979,random,float32
0,521.072732,6830,52430573,51.505,random,float32
0,521.611811,1934,52430573,50.257,random,float32
0,522.130315,6694,52430573,50.622,random,float32
0,522.657855,6086,52430573,49.306,random,float32
0,523.184969,6910,52430573,56.937,random,float32
0,523.712662,5712,52430573,52.921,random,float32
0,524.246867,6181,52430573,54.363,random,float32
0,524.781622,5328,52430573,51.978,random,float32
0,525.303432,4544,52430573,51.359,random,float32
0,525.833407,3152,52430573,52.194,random,float32
0,526.366287,1970,52430573,54.300,random,float32
0,526.898092,8741,52430573,53.877,random,float32
0,527.429086,2957,52430573,53.687,random,float32
0,527.976314,8876,52430573,54.913,random,float32
0,528.534826,2772,52430573,56.862,random,float32
0,529.083830,2334,52430573,54.532,random,float32
0,529.614460,9601,52430573,52.620,random,float32
0,530.141181,7615,52430573,50.929,random,float32
0,530.668391,9077,52430573,50.831,random,float32
0,531.205419,1374,52430573,57.080,random,float32
0,531.733766,9095,52430573,54.417,random,float32
0,532.266301,4477,52430573,53.077,random,float32
0,532.799549,2644,52430573,54.281,random,float32
0,533.337240,4578,52430573,54.771,random,float32
0,533.868226,5269,52430573,53.031,random,float32
0,534.398326,7807,52430573,55.457,random,float32
0,534.953539,1270,52430573,53.436,random,float32
0,535.488833,2903,52430573,54.714,random,float32
0,536.034052,4606,52430573,52.234,random,float32
0,536.576093,4599,52430573,54.718,random,float32
0,537.114965,8197,52430573,54.636,random,float32
0,537.650888,9636,52430573,54.190,random,float32
0,538.189480,378,52430573,54.513,random,float32
0,538.725454,6666,52430573,53.588,random,float32
0,539.279123,769,52430573,55.880,random,float32
0,539.814251,1340,52430573,54.244,random,float32
0,540.341414,5092,52430573,51.632,random,float32
0,540.878750,4049,52430573,53.238,random,float32
0,541.398228,9829,52430573,53.223,random,float32
0,541.939768,5132,52430573,55.397,random,float32
0,542.494057,914,52430573,54.247,random,float32
0,543.038976,173,52430573,53.925,random,float32
0,543.577963,5377,52430573,53.042,random,float32
0,544.111072,9391,52430573,54.383,random,float32
0,544.644166,2255,52430573,53.565,random,float32
0,545.181031,9562,52430573,51.533,random,float32
0,545.715045,132,52430573,53.623,random,float32
0,546.248578,5633,52430573,56.440,random,float32
0,546.775031,5425,52430573,52.195,random,float32
0,547.300516,691,52430573,53.513,random,float32
0,547.836506,5431,52430573,53.916,random,float32
0,548.363202,491,52430573,51.556,random,float32
0,548.901931,486,52430573,53.361,random,float32
0,549.435885,4029,52430573,53.539,random,float32
0,549.967068,1818,52430573,52.239,random,float32
0,550.498522,7106,52430573,50.933,random,float32
0,551.026286,5209,52430573,52.946,random,float32
0,551.566901,5368,52430573,54.278,random,float32
0,552.113519,7711,52430573,55.454,random,float32
0,552.662469,2932,52430573,54.454,random,float32
0,553.191660,9567,52430573,54.348,random,float32
0,553.732750,6963,52430573,51.131,random,float32
0,554.254792,4834,52430573,47.478,random,float32
0,554.791336,6981,52430573,52.429,random,float32
0,555.320760,404,52430573,54.268,random,float32
0,555.860467,8401,52430573,54.452,random,float32
0,556.389295,8946,52430573,50.256,random,float32
0,556.915573,2258,52430573,53.007,random,float32
0,557.444774,194,52430573,52.489,random,float32
0,557.980760,8451,52430573,53.537,random,float32
0,558.516304,6843,52430573,50.178,random,float32
0,559.061179,5006,52430573,51.492,random,float32
0,559.603327,4909,52430573,53.213,random,float32
0,560.149630,9879,52430573,53.506,random,float32
0,560.688009,3085,52430573,53.926,random,float32
0,561.235661,9058,52430573,55.277,random,float32
0,561.782005,4650,52430573,57.933,random,float32
0,562.336533,180,52430573,58.267,random,float32
0,562.882927,7835,52430573,51.811,random,float32
0,563.422172,9891,52430573,54.483,random,float32
0,563.953454,2337,52430573,54.681,random,float32
0,564.489636,7539,52430573,54.159,random,float32
0,565.038083,2869,52430573,55.364,random,float32
0,565.578930,6447,52430573,55.021,random,float32
0,566.115874,6738,52430573,55.451,random,float32
0,566.668518,2700,52430573,52.974,random,float32
0,567.200993,5630,52430573,53.260,random,float32
0,567.751993,7606,52430573,55.927,random,float32
0,568.298367,4573,52430573,52.733,random,float32
0,568.840845,6403,52430573,53.054,random,float32
0,569.383563,564,52430573,52.890,random,float32
0,569.935172,858,52430573,56.725,random,float32
0,570.480139,1497,52430573,53.803,random,float32
0,571.017345,2750,52430573,53.042,random,float32
0,571.547888,3393,52430573,52.036,random,float32
0,572.077094,2844,52430573,51.761,random,float32
0,572.611316,4562,52430573,52.741,random,float32
0,573.148695,8784,52430573,52.438,random,float32
0,573.676393,2872,52430573,53.130,random,float32
0,574.204319,8372,52430573,53.408,random,float32
0,574.747345,7020,52430573,55.262,random,float32
0,575.273313,6156,52430573,52.956,random,float32
0,575.791982,648,52430573,52.708,random,float32
0,576.317358,8836,52430573,51.496,random,float32
0,576.849480,99,52430573,53.032,random,float32
0,577.373913,2845,52430573,53.760,random,float32
0,577.907430,2689,52430573,54.373,random,float32
0,578.439304,7344,52430573,53.795,random,float32
0,578.953559,7231,52430573,52.040,random,float32
0,579.476064,1363,52430573,54.835,random,float32
0,580.012145,5011,52430573,55.032,random,float32
0,580.526828,7688,52430573,46.754,random,float32
0,581.049441,6812,52430573,51.059,random,float32
0,581.571160,2039,52430573,52.438,random,float32
0,582.099382,6032,52430573,52.744,random,float32
0,582.634669,2422,52430573,55.499,random,float32
0,583.167375,202,52430573,50.231,random,float32
0,583.702817,2716,52430573,54.340,random,float32
0,584.238903,1456,52430573,54.059,random,float32
0,584.775128,2759,52430573,53.757,random,float32
0,585.313720,2795,52430573,53.810,random,float32
0,585.857937,7383,52430573,55.808,random,float32
0,586.389964,7220,52430573,52.036,random,float32
0,586.913357,5605,52430573,52.985,random,float32
0,587.435503,118,52430573,51.951,random,float32
0,587.962764,7961,52430573,51.649,random,float32
0,588.490969,5918,52430573,52.958,random,float32
0,589.020433,2275,52430573,50.919,random,float32
0,589.552320,8436,52430573,54.854,random,float32
0,590.083726,3826,52430573,51.476,random,float32
0,590.611885,4814,52430573,54.113,random,float32
0,591.138787,1426,52430573,53.311,random,float32
0,591.662347,3987,52430573,53.671,random,float32
0,592.187956,4593,52430573,52.320,random,float32
0,592.713021,3666,52430573,55.277,random,float32
0,593.245397,3662,52430573,54.538,random,float32
0,593.772214,1902,52430573,50.984,random,float32
0,594.289632,9667,52430573,53.131,random,float32
0,594.829364,9679,52430573,56.013,random,float32
0,595.352254,3586,52430573,53.430,random,float32
0,595.900841,5060,52430573,55.774,random,float32
0,596.468008,963,52430573,55.195,random,float32
0,597.006326,2608,52430573,50.713,random,float32
0,597.534654,1176,52430573,52.172,random,float32
0,598.060294,9509,52430573,54.746,random,float32
0,598.589620,2372,52430573,52.427,random,float32
0,599.121882,6997,52430573,53.791,random,float32
0,599.667486,5545,52430573,55.551,random,float32
0,600.228185,8005,52430573,55.243,random,float32
0,600.779666,6018,52430573,52.665,random,float32
0,601.321477,9614,52430573,54.528,random,float32
0,601.871301,7105,52430573,54.702,random,float32
0,602.415374,323,52430573,54.428,random,float32
0,602.963105,2033,52430573,54.926,random,float32
0,603.499382,2015,52430573,53.705,random,float32
0,604.026692,1386,52430573,54.289,random,float32
0,604.562232,4925,52430573,51.573,random,float32
0,605.099786,8563,52430573,54.185,random,float32
0,605.648185,3081,52430573,55.821,random,float32
0,606.190110,4544,52430573,54.259,random,float32
0,606.730094,7472,52430573,57.581,random,float32
0,607.264433,6097,52430573,53.560,random,float32
0,607.794563,424,52430573,58.013,random,float32
0,608.332446,1080,52430573,53.164,random,float32
0,608.862643,1604,52430573,53.646,random,float32
0,609.402711,8021,52430573,52.150,random,float32
0,609.929599,785,52430573,55.173,random,float32
0,610.460901,7812,52430573,52.236,random,float32
0,610.998854,9298,52430573,54.750,random,float32
0,611.535748,5799,52430573,53.353,random,float32
0,612.057817,5007,52430573,52.449,random,float32
0,612.601230,940,52430573,54.699,random,float32
0,613.145671,8156,52430573,53.192,random,float32
0,613.689120,5653,52430573,55.889,random,float32
0,614.227662,2864,52430573,53.589,random,float32
0,614.764625,2793,52430573,53.684,random,float32
0,615.301314,4809,52430573,54.078,random,float32
0,615.854461,7586,52430573,56.926,random,float32
0,616.394371,84,52430573,55.235,random,float32
0,616.929602,1388,52430573,51.563,random,float32
0,617.467650,3704,52430573,55.661,random,float32
0,618.011469,1780,52430573,57.117,random,float32
0,618.555775,1813,52430573,54.756,random,float32
0,619.102346,3260,52430573,54.911,random,float32
0,619.646640,6551,52430573,54.544,random,float32
0,620.213639,8192,52430573,54.248,random,float32
0,620.731536,4742,52430573,56.223,random,float32
0,621.257333,4606,52430573,51.217,random,float32
0,621.793779,3091,52430573,52.823,random,float32
0,622.326774,2395,52430573,54.472,random,float32
0,622.858040,3791,52430573,54.461,random,float32
0,623.392011,1803,52430573,54.345,random,float32
0,623.924995,669,52430573,52.826,random,float32
0,624.454931,7059,52430573,52.245,random,float32
0,624.981849,9040,52430573,55.629,random,float32
0,625.522618,4521,52430573,55.540,random,float32
0,626.057410,9610,52430573,53.293,random,float32
0,626.590808,3309,52430573,55.061,random,float32
0,627.115272,5690,52430573,54.267,random,float32
0,627.635799,358,52430573,49.327,random,float32
0,628.168605,6512,52430573,51.909,random,float32
0,628.702286,6393,52430573,53.492,random,float32
0,629.233056,9701,52430573,50.379,random,float32
0,629.762445,4399,52430573,52.623,random,float32
0,630.325588,2427,52430573,57.477,random,float32
0,630.876269,5692,52430573,52.836,random,float32
0,631.416658,5318,52430573,56.318,random,float32
0,631.976658,9556,52430573,56.077,random,float32
0,632.514235,4403,52430573,54.446,random,float32
0,633.067916,7848,52430573,55.145,random,float32
0,633.643052,2955,52430573,57.609,random,float32
0,634.194972,2351,52430573,53.078,random,float32
0,634.747596,9884,52430573,53.217,random,float32
0,635.285050,1369,52430573,52.943,random,float32
0,635.828647,3314,52430573,54.577,random,float32
0,636.367558,3994,52430573,52.707,random,float32
0,636.908455,4861,52430573,54.810,random,float32
0,637.426810,6314,52430573,51.768,random,float32
0,637.965484,3678,52430573,53.351,random,float32
0,638.500921,9904,52430573,55.193,random,float32
0,639.019878,4940,52430573,51.270,random,float32
0,639.549918,2435,52430573,54.133,random,float32
0,640.087492,7003,52430573,53.640,random,float32
0,640.628819,8097,52430573,53.993,random,float32
0,641.169857,9000,52430573,54.041,random,float32
0,641.716364,9518,52430573,53.028,random,float32
0,642.260509,281,52430573,55.693,random,float32
0,642.798879,4828,52430573,51.830,random,float32
0,643.354747,1920,52430573,56.717,random,float32
0,643.896126,7812,52430573,53.444,random,float32
0,644.428584,204,52430573,52.618,random,float32
0,644.962677,6742,52430573,53.166,random,float32
0,645.501129,2843,52430573,55.221,random,float32
0,646.037501,8222,52430573,52.295,random,float32
0,646.558097,3471,52430573,52.012,random,float32
0,647.097845,7821,52430573,55.065,random,float32
0,647.622581,1776,52430573,55.374,random,float32
0,648.150167,8873,52430573,54.008,random,float32
0,648.683625,530,52430573,51.781,random,float32
0,649.215178,787,52430573,52.663,random,float32
0,649.750654,5152,52430573,52.035,random,float32
0,650.291761,2460,52430573,54.990,random,float32
0,650.837454,7587,52430573,54.033,random,float32
0,651.368505,8573,52430573,52.288,random,float32
0,651.894768,3917,52430573,53.648,random,float32
0,652.435014,5071,52430573,54.394,random,float32
0,652.969120,1116,52430573,52.893,random,float32
0,653.518190,7753,52430573,56.601,random,float32
0,654.060152,6568,52430573,54.689,random,float32
0,654.610385,8289,52430573,54.876,random,float32
0,655.144603,4762,52430573,52.453,random,float32
0,655.688663,5716,52430573,54.745,random,float32
0,656.238755,7096,52430573,57.088,random,float32
0,656.796107,7802,52430573,53.319,random,float32
0,657.332181,5245,52430573,53.611,random,float32
0,657.866610,886,52430573,52.417,random,float32
0,658.403104,4487,52430573,54.107,random,float32
0,658.955603,880,52430573,54.393,random,float32
0,659.505518,7790,52430573,55.803,random,float32
0,660.062120,1274,52430573,55.514,random,float32
0,660.614289,5184,52430573,56.636,random,float32
0,661.165257,1596,52430573,54.601,random,float32
0,661.706568,5703,52430573,54.770,random,float32
0,662.239584,8226,52430573,53.213,random,float32
0,662.767040,8571,52430573,53.931,random,float32
0,663.288660,2664,52430573,52.178,random,float32
0,663.817374,1468,52430573,52.008,random,float32
0,664.346254,534,52430573,54.687,random,float32
0,664.883487,7693,52430573,50.731,random,float32
0,665.417677,4646,52430573,52.951,random,float32
0,665.955427,430,52430573,55.824,random,float32
0,666.492788,3962,52430573,56.467,random,float32
0,667.047681,2846,52430573,56.280,random,float32
0,667.592042,1939,52430573,53.124,random,float32
0,668.132762,420,52430573,53.051,random,float32
0,668.670935,2138,52430573,53.761,random,float32
0,669.203848,6194,52430573,54.535,random,float32
0,669.733949,7522,52430573,52.961,random,float32
0,670.264701,8097,52430573,53.861,random,float32
0,670.797175,1250,52430573,53.443,random,float32
0,671.340774,2927,52430573,53.306,random,float32
0,671.885937,82,52430573,55.398,random,float32
0,672.417320,8486,52430573,50.595,random,float32
0,672.946035,3600,52430573,53.823,random,float32
0,673.482883,4822,52430573,51.196,random,float32
0,674.005988,4605,52430573,54.651,random,float32
0,674.543968,7309,52430573,55.596,random,float32
0,675.077426,9292,52430573,52.060,random,float32
0,675.599028,6714,52430573,52.292,random,float32
0,676.120593,7035,52430573,52.623,random,float32
0,676.643616,2003,52430573,52.122,random,float32
0,677.179885,9201,52430573,54.436,random,float32
0,677.718562,4555,52430573,53.577,random,float32
0,678.262493,813,52430573,54.307,random,float32
0,678.792237,9853,52430573,52.372,random,float32
0,679.317018,76,52430573,51.564,random,float32
0,679.848434,266,52430573,53.690,random,float32
0,680.394889,1306,52430573,51.695,random,float32
0,680.937863,6126,52430573,55.975,random,float32
0,681.477156,3708,52430573,54.670,random,float32
0,682.000268,1815,52430573,52.849,random,float32
0,682.534165,9559,52430573,53.658,random,float32
0,683.063108,8548,52430573,54.107,random,float32
0,683.602723,1504,52430573,52.004,random,float32
0,684.136738,8103,52430573,53.940,random,float32
0,684.660396,5577,52430573,52.908,random,float32
0,685.189143,1731,52430573,52.941,random,float32
0,685.721627,1124,52430573,54.122,random,float32
0,686.252398,1805,52430573,52.281,random,float32
0,686.793783,5766,52430573,55.029,random,float32
0,687.335912,8227,52430573,53.188,random,float32
0,687.867428,6267,52430573,55.585,random,float32
0,688.409779,9952,52430573,53.496,random,float32
0,688.946381,870,52430573,54.985,random,float32
0,689.487286,6628,52430573,53.105,random,float32
0,690.035555,5695,52430573,51.776,random,float32
0,690.580143,2789,52430573,54.670,random,float32
0,691.124243,7011,52430573,55.059,random,float32
0,691.667599,7763,52430573,54.586,random,float32
0,692.217672,4762,52430573,53.572,random,float32
0,692.756114,7415,52430573,53.895,random,float32
0,693.285262,5777,52430573,53.338,random,float32
0,693.829852,2423,52430573,54.618,random,float32
0,694.369529,5888,52430573,52.917,random,float32
0,694.916134,2866,52430573,53.475,random,float32
0,695.451804,673,52430573,51.765,random,float32
0,695.982875,1805,52430573,51.884,random,float32
0,696.520831,4974,52430573,54.215,random,float32
0,697.054075,9716,52430573,52.353,random,float32
0,697.574401,4119,52430573,53.248,random,float32
0,698.105351,3223,52430573,52.757,random,float32
0,698.629113,6328,52430573,51.501,random,float32
0,699.168718,7140,52430573,53.162,random,float32
0,699.695926,4997,52430573,53.724,random,float32
0,700.245596,2270,52430573,52.661,random,float32
0,700.802871,6889,52430573,52.059,random,float32
0,701.331012,3975,52430573,52.141,random,float32
0,701.861364,2063,52430573,53.401,random,float32
0,702.393072,1753,52430573,52.737,random,float32
0,702.923815,9578,52430573,53.817,random,float32
0,703.449852,2535,52430573,52.177,random,float32
0,703.974078,9892,52430573,52.803,random,float32
0,704.498849,7271,52430573,51.677,random,float32
0,705.033009,4264,52430573,53.795,random,float32
0,705.573108,8380,52430573,56.531,random,float32
0,706.098302,6018,52430573,50.151,random,float32
0,706.634964,4643,52430573,55.397,random,float32
0,707.169827,698,52430573,54.507,random,float32
0,707.699820,8244,52430573,54.964,random,float32
0,708.231178,9226,52430573,53.431,random,float32
0,708.773896,7729,52430573,55.004,random,float32
0,709.314691,9514,52430573,55.764,random,float32
0,709.868853,1740,52430573,56.402,random,float32
0,710.427372,1054,52430573,55.630,random,float32
0,710.958975,2851,52430573,52.278,random,float32
0,711.491679,4136,52430573,53.591,random,float32
0,712.023052,1409,52430573,53.512,random,float32
0,712.552356,9310,52430573,51.036,random,float32
0,713.074258,7761,52430573,52.188,random,float32
0,713.608315,1161,52430573,53.970,random,float32
0,714.139619,843,52430573,53.271,random,float32
0,714.661482,1113,52430573,53.790,random,float32
0,715.198630,6540,52430573,54.801,random,float32
0,715.748921,6904,52430573,55.934,random,float32
0,716.290831,3860,52430573,55.025,random,float32
0,716.847165,1320,52430573,54.656,random,float32
0,717.375382,3690,52430573,51.795,random,float32
0,717.910984,8752,52430573,53.242,random,float32
0,718.440857,7040,52430573,53.508,random,float32
0,718.976553,5621,52430573,55.713,random,float32
0,719.508209,8785,52430573,54.423,random,float32
0,720.034731,2958,52430573,53.882,random,float32
0,720.565455,6517,52430573,52.594,random,float32
0,721.104716,3609,52430573,54.628,random,float32
0,721.630580,8870,52430573,53.376,random,float32
0,722.164835,2246,52430573,54.671,random,float32
0,722.700907,3851,52430573,51.283,random,float32
0,723.230263,6294,52430573,55.575,random,float32
0,723.754279,6302,52430573,50.211,random,float32
0,724.286224,4999,52430573,51.344,random,float32
0,724.817447,448,52430573,52.732,random,float32
0,725.354934,7594,52430573,54.059,random,float32
0,725.881147,2160,52430573,48.065,random,float32
0,726.416245,6465,52430573,51.610,random,float32
0,726.948942,9313,52430573,53.830,random,float32
0,727.475074,606,52430573,52.166,random,float32
0,728.007235,9999,52430573,53.828,random,float32
0,728.529804,2084,52430573,54.509,random,float32
0,729.066939,7214,52430573,53.636,random,float32
0,729.597825,5789,52430573,53.213,random,float32
0,730.127575,1854,52430573,52.720,random,float32
0,730.657192,6987,52430573,51.382,random,float32
0,731.182435,7711,52430573,52.881,random,float32
0,731.726673,1740,52430573,56.014,random,float32
0,732.263479,9546,52430573,55.113,random,float32
0,732.797569,6849,52430573,52.671,random,float32
0,733.341965,5192,52430573,57.631,random,float32
0,733.890786,7468,52430573,54.115,random,float32
0,734.425707,8284,52430573,53.201,random,float32
0,734.963719,2052,52430573,54.141,random,float32
0,735.500576,5142,52430573,53.070,random,float32
0,736.034847,2947,52430573,54.048,random,float32
0,736.565998,2070,52430573,53.433,random,float32
0,737.099434,6919,52430573,52.164,random,float32
0,737.631281,9690,52430573,52.699,random,float32
0,738.162882,4739,52430573,51.842,random,float32
0,738.695826,9716,52430573,53.261,random,float32
0,739.231146,1587,52430573,54.908,random,float32
0,739.767845,8326,52430573,53.905,random,float32
0,740.312453,7053,52430573,53.696,random,float32
0,740.847943,4716,52430573,54.366,random,float32
0,741.378685,3795,52430573,53.097,random,float32
0,741.908304,651,52430573,50.781,random,float32
0,742.438918,9357,52430573,52.873,random,float32
0,742.974151,7082,52430573,54.514,random,float32
0,743.519469,1218,52430573,55.599,random,float32
0,744.064361,628,52430573,52.729,random,float32
0,744.597202,2242,52430573,53.512,random,float32
0,745.130021,8138,52430573,52.068,random,float32
0,745.668168,8039,52430573,54.016,random,float32
0,746.199145,5713,52430573,51.527,random,float32
0,746.743088,9795,52430573,55.544,random,float32
0,747.290801,7326,52430573,56.551,random,float32
0,747.837073,6522,52430573,56.858,random,float32
0,748.386287,8314,52430573,54.686,random,float32
0,748.939142,7240,52430573,57.622,random,float32
0,749.479666,5054,52430573,56.377,random,float32
0,750.035587,2117,52430573,51.455,random,float32
0,750.570591,1039,52430573,52.470,random,float32
0,751.091448,3757,52430573,51.983,random,float32
0,751.621042,591,52430573,56.553,random,float32
0,752.156850,4939,52430573,51.285,random,float32
0,752.695397,4423,52430573,53.637,random,float32
0,753.225306,2487,52430573,54.604,random,float32
0,753.746291,383,52430573,52.029,random,float32
0,754.294725,4771,52430573,59.025,random,float32
0,754.816844,8300,52430573,51.570,random,float32
0,755.341357,3671,52430573,51.832,random,float32
0,755.883857,5089,52430573,54.066,random,float32
0,756.419646,4095,52430573,52.845,random,float32
0,756.953125,4129,52430573,52.220,random,float32
0,757.490351,91,52430573,53.551,random,float32
0,758.018310,7559,52430573,54.019,random,float32
0,758.542599,223,52430573,50.838,random,float32
0,759.074012,8113,52430573,53.788,random,float32
0,759.607583,1926,52430573,52.644,random,float32
0,760.145485,4754,52430573,53.331,random,float32
0,760.674267,5409,52430573,54.892,random,float32
0,761.207407,7708,52430573,55.898,random,float32
0,761.732693,1551,52430573,51.529,random,float32
0,762.276653,231,52430573,54.058,random,float32
0,762.804665,9193,52430573,52.203,random,float32
0,763.316711,4307,52430573,53.841,random,float32
0,763.850864,9908,52430573,53.160,random,float32
0,764.375879,2348,52430573,54.534,random,float32
0,764.904467,6969,52430573,55.434,random,float32
0,765.443974,6316,52430573,54.591,random,float32
0,765.977730,2721,52430573,53.878,random,float32
0,766.522107,7133,52430573,53.837,random,float32
0,767.077240,3129,52430573,56.491,random,float32
0,767.609538,91,52430573,54.020,random,float32
0,768.140659,4473,52430573,53.124,random,float32
0,768.666983,498,52430573,54.479,random,float32
0,769.204056,6054,52430573,53.875,random,float32
0,769.744927,1021,52430573,55.807,random,float32
0,770.286932,9614,52430573,54.402,random,float32
0,770.824582,2416,52430573,54.127,random,float32
0,771.369996,6705,52430573,53.127,random,float32
0,771.898101,9308,52430573,52.258,random,float32
0,772.433804,5201,52430573,56.154,random,float32
0,772.967944,5042,52430573,53.652,random,float32
0,773.505816,9257,52430573,53.812,random,float32
0,774.040506,7202,52430573,53.778,random,float32
0,774.560166,2793,52430573,53.422,random,float32
0,775.083444,4729,52430573,54.203,random,float32
0,775.618395,3575,52430573,53.766,random,float32
0,776.153939,9614,52430573,53.429,random,float32
0,776.689735,129,52430573,54.658,random,float32
0,777.225986,2666,52430573,51.012,random,float32
0,777.753080,6542,52430573,51.268,random,float32
0,778.304043,657,52430573,53.906,random,float32
0,778.839812,467,52430573,55.878,random,float32
0,779.369776,2128,52430573,54.853,random,float32
0,779.897471,7546,52430573,50.390,random,float32
0,780.419262,3331,52430573,55.319,random,float32
0,780.943684,5647,52430573,55.663,random,float32
0,781.473980,1569,52430573,50.007,random,float32
0,781.999425,6452,52430573,53.599,random,float32
0,782.529053,3852,52430573,53.617,random,float32
0,783.063976,2262,52430573,53.596,random,float32
0,783.599172,2947,52430573,53.702,random,float32
0,784.126222,2941,52430573,53.551,random,float32
0,784.669146,200,52430573,54.085,random,float32
0,785.207038,6581,52430573,54.849,random,float32
0,785.749694,6108,52430573,54.949,random,float32
0,786.293189,1310,52430573,54.180,random,float32
0,786.835018,795,52430573,55.090,random,float32
0,787.374850,6050,52430573,53.973,random,float32
0,787.919931,5847,52430573,53.256,random,float32
0,788.452957,599,52430573,54.283,random,float32
0,789.006822,8084,52430573,54.406,random,float32
0,789.536809,1253,52430573,53.932,random,float32
0,790.070882,5534,52430573,54.663,random,float32
0,790.608648,3139,52430573,56.104,random,float32
0,791.135294,7748,52430573,51.307,random,float32
0,791.669791,2969,52430573,50.031,random,float32
0,792.212553,4375,52430573,53.123,random,float32
0,792.743330,1044,52430573,52.794,random,float32
0,793.272206,7792,52430573,53.802,random,float32
0,793.820949,8175,52430573,54.047,random,float32
0,794.358349,7971,52430573,52.899,random,float32
0,794.891459,7397,52430573,51.296,random,float32
0,795.413368,383,52430573,52.251,random,float32
0,795.945533,2023,52430573,54.914,random,float32
0,796.488463,6571,52430573,54.049,random,float32
0,797.019366,1730,52430573,52.693,random,float32
0,797.555038,4690,52430573,52.162,random,float32
0,798.097755,2822,52430573,53.624,random,float32
0,798.644001,2270,52430573,50.782,random,float32
0,799.182752,4095,52430573,54.318,random,float32
0,799.730667,8377,52430573,56.447,random,float32
0,800.289054,2173,52430573,54.250,random,float32
0,800.829989,7268,52430573,54.968,random,float32
0,801.360146,7572,52430573,51.328,random,float32
0,801.886931,4260,52430573,55.040,random,float32
0,802.419155,6527,52430573,52.791,random,float32
0,802.947215,4300,52430573,52.773,random,float32
0,803.479366,3442,52430573,54.506,random,float32
0,804.010074,4838,52430573,52.657,random,float32
0,804.537059,2425,52430573,51.979,random,float32
0,805.078910,2593,52430573,55.100,random,float32
0,805.610917,4789,52430573,57.359,random,float32
0,806.146944,197,52430573,53.103,random,float32
0,806.673175,9619,52430573,52.792,random,float32
0,807.201244,2873,52430573,50.766,random,float32
0,807.731098,2459,52430573,54.164,random,float32
0,808.262673,8587,52430573,53.786,random,float32
0,808.792551,4447,52430573,52.402,random,float32
0,809.318801,4009,52430573,50.375,random,float32
0,809.851765,9043,52430573,51.830,random,float32
0,810.378626,3728,52430573,52.092,random,float32
0,810.912015,1196,52430573,55.151,random,float32
0,811.447865,9656,52430573,54.144,random,float32
0,811.976213,7252,52430573,52.994,random,float32
0,812.504108,2892,52430573,53.865,random,float32
0,813.040657,5589,52430573,52.584,random,float32
0,813.575063,5229,52430573,54.637,random,float32
0,814.104680,7261,52430573,51.624,random,float32
0,814.638556,5003,52430573,52.570,random,float32
0,815.167328,5304,52430573,51.447,random,float32
0,815.698712,7762,52430573,50.962,random,float32
0,816.235565,5017,52430573,55.258,random,float32
0,816.773453,92,52430573,54.688,random,float32
0,817.302226,3417,52430573,53.602,random,float32
0,817.842873,9174,52430573,53.393,random,float32
0,818.356085,5332,52430573,51.599,random,float32
0,818.878574,9602,52430573,53.605,random,float32
0,819.412938,4656,52430573,52.608,random,float32
0,819.948367,4896,52430573,54.239,random,float32
0,820.470458,4271,52430573,54.086,random,float32
0,820.986741,3519,52430573,51.133,random,float32
0,821.515306,4183,52430573,54.858,random,float32
0,822.055126,8657,52430573,52.576,random,float32
0,822.584517,8827,52430573,54.480,random,float32
0,823.109577,1840,52430573,53.790,random,float32
0,823.641871,7060,52430573,52.787,random,float32
0,824.190261,7439,52430573,55.156,random,float32
0,824.734286,139,52430573,53.758,random,float32
0,825.271119,7499,52430573,51.074,random,float32
0,825.808550,2975,52430573,56.757,random,float32
0,826.340324,5365,52430573,52.184,random,float32
0,826.871181,3559,52430573,52.401,random,float32
0,827.408431,6232,52430573,57.691,random,float32
0,827.942052,1521,52430573,54.456,random,float32
0,828.482126,9909,52430573,52.854,random,float32
0,829.015570,4182,52430573,53.678,random,float32
0,829.538209,5811,52430573,53.328,random,float32
0,830.075134,259,52430573,54.830,random,float32
0,830.596716,8497,52430573,51.671,random,float32
0,831.131277,6797,52430573,54.804,random,float32
0,831.659360,2660,52430573,53.748,random,float32
0,832.192517,423,52430573,53.260,random,float32
0,832.728128,8604,52430573,52.826,random,float32
0,833.298822,1841,52430573,55.475,random,float32
0,833.852264,7802,52430573,54.438,random,float32
0,834.389088,9359,52430573,55.214,random,float32
0,834.910330,6616,52430573,53.292,random,float32
0,835.444235,9679,52430573,53.380,random,float32
0,835.963624,9492,52430573,52.021,random,float32
0,836.493280,2652,52430573,53.239,random,float32
0,837.027755,6646,52430573,52.777,random,float32
0,837.569171,5527,52430573,54.863,random,float32
0,838.094469,8504,52430573,51.102,random,float32
0,838.642553,7494,52430573,55.818,random,float32
0,839.180643,9065,52430573,53.525,random,float32
0,839.714018,3255,52430573,53.183,random,float32
0,840.266409,5941,52430573,54.705,random,float32
0,840.796398,2491,52430573,56.414,random,float32
0,841.320454,8548,52430573,54.048,random,float32
0,841.848347,9105,52430573,51.411,random,float32
0,842.384457,2625,52430573,56.578,random,float32
0,842.908652,1155,52430573,51.143,random,float32
0,843.441706,2333,52430573,54.362,random,float32
0,843.973054,7718,52430573,56.877,random,float32
0,844.499291,5593,52430573,53.449,random,float32
0,845.029705,7983,52430573,53.890,random,float32
0,845.555321,8102,52430573,52.052,random,float32
0,846.086935,6875,52430573,53.508,random,float32
0,846.611455,3627,52430573,52.290,random,float32
0,847.130879,9938,52430573,50.243,random,float32
0,847.660727,1924,52430573,49.815,random,float32
0,848.203469,7548,52430573,53.914,random,float32
0,848.727191,395,52430573,51.813,random,float32
0,849.253319,5773,52430573,49.943,random,float32
0,849.781668,9150,52430573,53.433,random,float32
0,850.328079,8818,52430573,53.924,random,float32
0,850.859348,6270,52430573,51.300,random,float32
0,851.387737,5288,52430573,51.831,random,float32
0,851.915399,8818,52430573,54.004,random,float32
0,852.450875,2388,52430573,55.060,random,float32
0,852.980337,1346,52430573,52.257,random,float32
0,853.510548,8101,52430573,50.661,random,float32
0,854.051550,3992,52430573,55.879,random,float32
0,854.568588,3048,52430573,54.393,random,float32
0,855.094272,6065,52430573,51.707,random,float32
0,855.629060,8819,52430573,54.021,random,float32
0,856.177912,3732,52430573,54.113,random,float32
0,856.721161,8145,52430573,52.885,random,float32
0,857.255175,5695,52430573,51.304,random,float32
0,857.791115,9793,52430573,52.371,random,float32
0,858.317276,5415,52430573,52.001,random,float32
0,858.846361,9987,52430573,52.006,random,float32
0,859.377025,3188,52430573,52.340,random,float32
0,859.914595,1542,52430573,55.748,random,float32
0,860.440279,1570,52430573,54.052,random,float32
0,860.970352,6576,52430573,49.613,random,float32
0,861.504762,334,52430573,52.910,random,float32
0,862.033174,206,52430573,51.625,random,float32
0,862.553193,2824,52430573,51.565,random,float32
0,863.076788,6130,52430573,53.419,random,float32
0,863.609689,8807,52430573,53.633,random,float32
0,864.141539,1633,52430573,51.233,random,float32
0,864.667832,1906,52430573,53.743,random,float32
0,865.197304,6623,52430573,52.325,random,float32
0,865.725132,8639,52430573,52.437,random,float32
0,866.242117,2219,52430573,55.151,random,float32
0,866.785997,390,52430573,57.517,random,float32
0,867.340036,4705,52430573,53.408,random,float32
0,867.864187,2840,52430573,51.444,random,float32
0,868.404021,8810,52430573,52.078,random,float32
0,868.923212,1616,52430573,49.933,random,float32
0,869.449798,255,52430573,55.545,random,float32
0,869.978516,6388,52430573,52.804,random,float32
0,870.511531,6927,52430573,49.552,random,float32
0,871.033217,4556,52430573,49.623,random,float32
0,871.567003,3653,52430573,54.532,random,float32
0,872.099338,2742,52430573,51.584,random,float32
0,872.633272,1956,52430573,50.232,random,float32
0,873.153626,7683,52430573,48.777,random,float32
0,873.689607,3960,52430573,52.989,random,float32
0,874.235411,3447,52430573,51.248,random,float32
0,874.771123,7569,52430573,52.320,random,float32
0,875.301640,3014,52430573,52.978,random,float32
0,875.836273,4715,52430573,52.041,random,float32
0,876.368261,8487,52430573,53.906,random,float32
0,876.900630,96,52430573,56.905,random,float32
0,877.438517,9234,52430573,49.821,random,float32
0,877.975582,3893,52430573,54.232,random,float32
0,878.521059,3667,52430573,54.183,random,float32
0,879.065329,4912,52430573,53.293,random,float32
0,879.602057,3409,52430573,53.793,random,float32
0,880.150395,5534,52430573,57.618,random,float32
0,880.693268,3188,52430573,51.745,random,float32
0,881.240384,7704,52430573,54.549,random,float32
0,881.786724,9038,52430573,53.842,random,float32
0,882.318212,9296,52430573,51.035,random,float32
0,882.858475,5185,52430573,51.860,random,float32
0,883.397920,1404,52430573,55.206,random,float32
0,883.951585,3489,52430573,57.442,random,float32
0,884.490235,4747,52430573,56.033,random,float32
0,885.026980,6712,52430573,55.647,random,float32
0,885.579423,1590,52430573,54.758,random,float32
0,886.118092,5937,52430573,52.472,random,float32
0,886.652712,5566,52430573,53.492,random,float32
0,887.191187,3229,52430573,55.685,random,float32
0,887.722596,2769,52430573,53.275,random,float32
0,888.255321,2734,52430573,49.875,random,float32
0,888.790776,7505,52430573,53.698,random,float32
0,889.323055,6236,52430573,52.511,random,float32
0,889.860300,8398,52430573,55.310,random,float32
0,890.387711,4614,52430573,54.027,random,float32
0,890.917853,1753,52430573,54.983,random,float32
0,891.454115,1235,52430573,53.488,random,float32
0,891.997089,1998,52430573,56.086,random,float32
0,892.530307,3818,52430573,53.108,random,float32
0,893.060273,8115,52430573,56.551,random,float32
0,893.606375,103,52430573,54.406,random,float32
0,894.142346,1241,52430573,53.901,random,float32
0,894.681508,6754,52430573,54.791,random,float32
0,895.216021,4123,52430573,51.259,random,float32
0,895.741455,1309,52430573,52.234,random,float32
0,896.280655,4299,52430573,49.899,random,float32
0,896.824136,8944,52430573,53.707,random,float32
0,897.347738,5314,52430573,54.797,random,float32
0,897.873243,2284,52430573,53.242,random,float32
0,898.410350,9714,52430573,53.025,random,float32
0,898.944430,3240,52430573,55.019,random,float32
0,899.503450,7971,52430573,53.945,random,float32
1,300.540800,2316,52430573,58.250,random,float32
1,301.083662,532,52430573,51.992,random,float32
1,301.619944,4271,52430573,55.822,random,float32
1,302.158841,9781,52430573,53.431,random,float32
1,302.697678,9151,52430573,53.215,random,float32
1,303.246914,7731,52430573,56.074,random,float32
1,303.798348,2334,52430573,53.891,random,float32
1,304.335410,8991,52430573,56.379,random,float32
1,304.869779,6689,52430573,53.193,random,float32
1,305.408791,4989,52430573,54.648,random,float32
1,305.961401,8392,52430573,53.243,random,float32
1,306.516192,5208,52430573,57.210,random,float32
1,307.065531,8166,52430573,56.358,random,float32
1,307.623394,5837,52430573,59.898,random,float32
1,308.173756,8808,52430573,56.752,random,float32
1,308.716116,6359,52430573,53.672,random,float32
1,309.266333,1122,52430573,54.173,random,float32
1,309.816960,5779,52430573,53.575,random,float32
1,310.349468,3169,52430573,51.468,random,float32
1,310.897275,4581,52430573,54.227,random,float32
1,311.441492,8701,52430573,53.831,random,float32
1,311.982385,973,52430573,55.694,random,float32
1,312.535306,3209,52430573,55.700,random,float32
1,313.079248,5536,52430573,51.916,random,float32
1,313.621389,1786,52430573,53.982,random,float32
1,314.150602,7122,52430573,50.847,random,float32
1,314.707262,8967,52430573,53.434,random,float32
1,315.243450,5873,52430573,51.685,random,float32
1,315.781845,548,52430573,52.986,random,float32
1,316.333194,7003,52430573,56.449,random,float32
1,316.888110,572,52430573,56.195,random,float32
1,317.455365,8536,52430573,57.023,random,float32
1,318.005730,4967,52430573,54.324,random,float32
1,318.551565,800,52430573,56.103,random,float32
1,319.102971,6037,52430573,52.581,random,float32
1,319.650823,6007,52430573,56.165,random,float32
1,320.200787,6124,52430573,53.778,random,float32
1,320.743544,9107,52430573,55.036,random,float32
1,321.286689,9861,52430573,56.095,random,float32
1,321.831362,7490,52430573,55.198,random,float32
1,322.372638,1562,52430573,53.475,random,float32
1,322.907349,8266,52430573,53.573,random,float32
1,323.442752,7320,52430573,52.711,random,float32
1,323.970909,4245,52430573,53.506,random,float32
1,324.517456,7845,52430573,55.282,random,float32
1,325.073708,2867,52430573,56.781,random,float32
1,325.633438,3168,52430573,56.339,random,float32
1,326.176103,7247,52430573,53.550,random,float32
1,326.711763,3279,52430573,55.495,random,float32
1,327.247303,9545,52430573,53.686,random,float32
1,327.782012,9837,52430573,51.652,random,float32
1,328.313531,2015,52430573,53.069,random,float32
1,328.852745,969,52430573,54.124,random,float32
1,329.393001,776,52430573,53.864,random,float32
1,329.946375,9756,52430573,58.241,random,float32
1,330.485668,586,52430573,54.676,random,float32
1,331.021278,6140,52430573,54.337,random,float32
1,331.566031,9070,52430573,56.529,random,float32
1,332.111890,1421,52430573,57.731,random,float32
1,332.671472,3144,52430573,55.365,random,float32
1,333.238457,9659,52430573,57.706,random,float32
1,333.788923,9837,52430573,52.678,random,float32
1,334.326404,6583,52430573,52.788,random,float32
1,334.862286,8727,52430573,49.506,random,float32
1,335.400879,7860,52430573,55.123,random,float32
1,335.956324,2816,52430573,54.704,random,float32
1,336.512315,2733,52430573,54.877,random,float32
1,337.051184,7675,52430573,55.600,random,float32
1,337.599175,1206,52430573,54.159,random,float32
1,338.146441,8620,52430573,56.274,random,float32
1,338.693179,7324,52430573,55.125,random,float32
1,339.249693,2561,52430573,56.376,random,float32
1,339.802180,7932,52430573,56.587,random,float32
1,340.342915,3546,52430573,54.304,random,float32
1,340.898768,3523,52430573,55.780,random,float32
1,341.456532,7881,52430573,53.637,random,float32
1,342.011068,3805,52430573,53.946,random,float32
1,342.561378,8323,52430573,54.846,random,float32
1,343.111518,3718,52430573,54.046,random,float32
1,343.648714,1579,52430573,54.909,random,float32
1,344.189777,6742,52430573,55.167,random,float32
1,344.736320,356,52430573,54.470,random,float32
1,345.289478,775,52430573,56.858,random,float32
1,345.836768,2088,52430573,55.002,random,float32
1,346.378067,8447,52430573,54.822,random,float32
1,346.922125,3919,52430573,54.569,random,float32
1,347.457928,7649,52430573,54.920,random,float32
1,348.002229,9651,52430573,56.376,random,float32
1,348.559617,1547,52430573,53.580,random,float32
1,349.111825,8281,52430573,56.060,random,float32
1,349.661374,5117,52430573,55.295,random,float32
1,350.205602,1211,52430573,55.367,random,float32
1,350.759295,5951,52430573,56.734,random,float32
1,351.303760,6582,52430573,54.755,random,float32
1,351.834856,1372,52430573,54.685,random,float32
1,352.372251,4668,52430573,54.003,random,float32
1,352.908808,4582,52430573,54.007,random,float32
1,353.461381,2355,52430573,54.679,random,float32
1,353.999217,9874,52430573,53.479,random,float32
1,354.553681,238,52430573,54.571,random,float32
1,355.096169,802,52430573,53.259,random,float32
1,355.652011,6264,52430573,56.326,random,float32
1,356.194239,1802,52430573,53.821,random,float32
1,356.725839,9618,52430573,50.724,random,float32
1,357.268568,9088,52430573,55.387,random,float32
1,357.803816,8147,52430573,54.698,random,float32
1,358.363430,1208,52430573,56.847,random,float32
1,358.916550,9723,52430573,53.412,random,float32
1,359.470051,4404,52430573,56.790,random,float32
1,360.037034,7840,52430573,56.038,random,float32
1,360.577614,422,52430573,54.199,random,float32
1,361.127000,1651,52430573,53.554,random,float32
1,361.661768,4803,52430573,54.401,random,float32
1,362.188315,6475,52430573,53.983,random,float32
1,362.729169,4486,52430573,51.957,random,float32
1,363.277254,8639,52430573,55.719,random,float32
1,363.826022,1938,52430573,54.096,random,float32
1,364.364750,6818,52430573,53.616,random,float32
1,364.898114,7115,52430573,53.736,random,float32
1,365.423767,8757,52430573,53.248,random,float32
1,365.961039,3259,52430573,53.660,random,float32
1,366.514495,2689,52430573,55.873,random,float32
1,367.071226,2678,52430573,54.402,random,float32
1,367.623012,4203,52430573,56.528,random,float32
1,368.167896,5232,52430573,56.384,random,float32
1,368.724504,6743,52430573,56.901,random,float32
1,369.266002,4933,52430573,54.629,random,float32
1,369.816850,2490,52430573,57.888,random,float32
1,370.364437,873,52430573,54.482,random,float32
1,370.896103,2817,52430573,53.931,random,float32
1,371.429237,5408,52430573,52.865,random,float32
1,371.960252,2175,52430573,51.980,random,float32
1,372.500645,9593,52430573,54.561,random,float32
1,373.058386,4605,52430573,55.619,random,float32
1,373.608851,8716,52430573,55.023,random,float32
1,374.148841,1759,52430573,53.865,random,float32
1,374.686843,4913,52430573,56.154,random,float32
1,375.233690,549,52430573,54.602,random,float32
1,375.778514,8522,52430573,54.258,random,float32
1,376.335889,4589,52430573,55.299,random,float32
1,376.884467,6539,52430573,56.680,random,float32
1,377.438115,4157,52430573,54.283,random,float32
1,377.994365,5752,52430573,54.230,random,float32
1,378.533096,7547,52430573,55.242,random,float32
1,379.089252,6158,52430573,53.339,random,float32
1,379.629405,4045,52430573,52.797,random,float32
1,380.176531,6926,52430573,55.265,random,float32
1,380.724242,8690,52430573,56.561,random,float32
1,381.277218,340,52430573,53.874,random,float32
1,381.833612,9299,52430573,52.358,random,float32
1,382.373601,7175,52430573,55.338,random,float32
1,382.915243,4904,52430573,55.734,random,float32
1,383.459170,721,52430573,53.665,random,float32
1,383.993536,4269,52430573,54.172,random,float32
1,384.543346,1500,52430573,53.930,random,float32
1,385.093938,8569,52430573,54.579,random,float32
1,385.642494,6770,52430573,51.044,random,float32
1,386.192343,7244,52430573,55.859,random,float32
1,386.750307,4337,52430573,54.677,random,float32
1,387.302051,3520,52430573,53.897,random,float32
1,387.853428,30,52430573,54.606,random,float32
1,388.413902,768,52430573,56.274,random,float32
1,388.959820,2167,52430573,53.420,random,float32
1,389.511318,2728,52430573,55.638,random,float32
1,390.079356,8422,52430573,56.809,random,float32
1,390.636461,9564,52430573,53.737,random,float32
1,391.184372,5242,52430573,56.183,random,float32
1,391.751334,433,52430573,57.385,random,float32
1,392.288738,65,52430573,53.346,random,float32
1,392.837796,2585,52430573,53.658,random,float32
1,393.393462,8257,52430573,55.533,random,float32
1,393.951864,7913,52430573,54.879,random,float32
1,394.507918,4427,52430573,55.738,random,float32
1,395.049420,9567,52430573,53.647,random,float32
1,395.586765,3143,52430573,54.725,random,float32
1,396.118477,8217,52430573,51.025,random,float32
1,396.662263,2820,52430573,55.956,random,float32
1,397.211013,4587,52430573,53.123,random,float32
1,397.759523,4149,52430573,53.203,random,float32
1,398.297530,2225,52430573,53.422,random,float32
1,398.847610,4933,52430573,56.640,random,float32
1,399.400161,6773,52430573,54.522,random,float32
1,399.948551,9186,52430573,57.118,random,float32
1,400.494247,1308,52430573,55.353,random,float32
1,401.038981,6714,52430573,53.843,random,float32
1,401.579242,2865,52430573,54.959,random,float32
1,402.135339,3417,52430573,54.739,random,float32
1,402.682884,7795,52430573,54.576,random,float32
1,403.226076,5994,52430573,52.565,random,float32
1,403.772313,5643,52430573,53.626,random,float32
1,404.315172,3485,52430573,54.846,random,float32
1,404.848880,9735,52430573,54.078,random,float32
1,405.400235,2207,52430573,56.010,random,float32
1,405.957588,2626,52430573,55.021,random,float32
1,406.505344,9792,52430573,56.694,random,float32
1,407.063602,98,52430573,56.158,random,float32
1,407.621163,8270,52430573,56.532,random,float32
1,408.168908,8990,52430573,52.888,random,float32
1,408.721694,7706,52430573,55.358,random,float32
1,409.281686,3116,52430573,52.747,random,float32
1,409.818795,7354,52430573,53.099,random,float32
1,410.364882,3727,52430573,55.550,random,float32
1,410.914585,9335,52430573,55.856,random,float32
1,411.463003,7249,52430573,49.743,random,float32
1,412.018371,5733,52430573,78.090,random,float32
1,412.571617,9220,52430573,58.100,random,float32
1,413.107188,3661,52430573,52.991,random,float32
1,413.648735,4651,52430573,53.641,random,float32
1,414.180838,4005,52430573,55.535,random,float32
1,414.722149,5394,52430573,53.068,random,float32
1,415.258460,6897,52430573,54.415,random,float32
1,415.785325,5251,52430573,51.028,random,float32
1,416.320920,7543,52430573,54.837,random,float32
1,416.857247,8754,52430573,52.725,random,float32
1,417.394847,9280,52430573,53.547,random,float32
1,417.929813,1086,52430573,52.742,random,float32
1,418.458933,1917,52430573,51.638,random,float32
1,418.997877,1840,52430573,55.612,random,float32
1,419.532329,5451,52430573,52.680,random,float32
1,420.075417,6388,52430573,54.756,random,float32
1,420.613114,3174,52430573,51.948,random,float32
1,421.143246,3405,52430573,57.215,random,float32
1,421.675088,9611,52430573,48.990,random,float32
1,422.212651,2529,52430573,53.358,random,float32
1,422.749399,3078,52430573,51.379,random,float32
1,423.283807,9150,52430573,54.276,random,float32
1,423.837440,7816,52430573,55.650,random,float32
1,424.379846,1375,52430573,53.615,random,float32
1,424.921096,3062,52430573,53.738,random,float32
1,425.457023,6602,52430573,54.382,random,float32
1,425.997569,1152,52430573,53.198,random,float32
1,426.535213,5533,52430573,53.792,random,float32
1,427.093273,7312,52430573,54.766,random,float32
1,427.652235,4359,52430573,52.867,random,float32
1,428.189832,8387,52430573,53.520,random,float32
1,428.722237,7652,52430573,48.426,random,float32
1,429.254395,2472,52430573,54.126,random,float32
1,429.783865,3806,52430573,52.027,random,float32
1,430.330174,9760,52430573,54.962,random,float32
1,430.883592,4866,52430573,53.586,random,float32
1,431.420082,4982,52430573,52.643,random,float32
1,431.952564,7792,52430573,52.103,random,float32
1,432.486097,6093,52430573,54.701,random,float32
1,433.027645,2248,52430573,54.943,random,float32
1,433.576067,9183,52430573,53.157,random,float32
1,434.106641,111,52430573,53.934,random,float32
1,434.641457,8954,52430573,54.507,random,float32
1,435.170982,3364,52430573,52.093,random,float32
1,435.705559,3380,52430573,53.251,random,float32
1,436.250930,312,52430573,54.698,random,float32
1,436.793416,6020,52430573,52.212,random,float32
1,437.320452,6596,52430573,52.986,random,float32
1,437.858811,2579,52430573,54.795,random,float32
1,438.390467,5130,52430573,53.306,random,float32
1,438.930515,460,52430573,53.065,random,float32
1,439.470599,3041,52430573,52.584,random,float32
1,440.012944,1630,52430573,51.802,random,float32
1,440.556454,5823,52430573,54.308,random,float32
1,441.096122,617,52430573,55.147,random,float32
1,441.646634,4417,52430573,54.206,random,float32
1,442.185926,4116,52430573,53.043,random,float32
1,442.738871,1280,52430573,54.717,random,float32
1,443.271931,3131,52430573,51.998,random,float32
1,443.809497,6798,52430573,57.372,random,float32
1,444.344577,3872,52430573,54.935,random,float32
1,444.879442,7423,52430573,55.507,random,float32
1,445.422851,2371,52430573,57.222,random,float32
1,445.971353,7462,52430573,53.380,random,float32
1,446.510615,2644,52430573,53.578,random,float32
1,447.045067,5838,52430573,53.385,random,float32
1,447.591381,4920,52430573,55.260,random,float32
1,448.133534,6228,52430573,53.507,random,float32
1,448.670287,3845,52430573,51.229,random,float32
1,449.196213,631,52430573,48.119,random,float32
1,449.738840,8264,52430573,53.901,random,float32
1,450.272544,8914,52430573,54.761,random,float32
1,450.802803,3437,52430573,55.204,random,float32
1,451.345900,3328,52430573,55.999,random,float32
1,451.890411,4112,52430573,52.724,random,float32
1,452.439084,6469,52430573,53.915,random,float32
1,452.972409,1063,52430573,53.894,random,float32
1,453.506145,6269,52430573,51.273,random,float32
1,454.039109,4027,52430573,52.939,random,float32
1,454.571161,3080,52430573,54.138,random,float32
1,455.099421,8843,52430573,51.039,random,float32
1,455.635354,3201,52430573,54.348,random,float32
1,456.177647,4653,52430573,55.132,random,float32
1,456.721502,1973,52430573,54.225,random,float32
1,457.266240,6049,52430573,54.029,random,float32
1,457.810656,5443,52430573,54.474,random,float32
1,458.350666,1982,52430573,52.886,random,float32
1,458.878999,6112,52430573,51.675,random,float32
1,459.403850,8259,52430573,54.306,random,float32
1,459.955227,4385,52430573,56.864,random,float32
1,460.506769,6319,52430573,53.496,random,float32
1,461.048623,3021,52430573,54.494,random,float32
1,461.592140,1240,52430573,55.610,random,float32
1,462.143225,1317,52430573,54.105,random,float32
1,462.701804,9070,52430573,54.855,random,float32
1,463.246991,1625,52430573,54.963,random,float32
1,463.794365,1181,52430573,51.185,random,float32
1,464.331165,2042,52430573,53.154,random,float32
1,464.881443,5142,52430573,50.763,random,float32
1,465.415242,3773,52430573,51.903,random,float32
1,465.948768,457,52430573,55.216,random,float32
1,466.474587,9659,52430573,51.602,random,float32
1,467.007158,4990,52430573,53.641,random,float32
1,467.547496,3941,52430573,51.837,random,float32
1,468.082317,2544,52430573,53.993,random,float32
1,468.617492,2428,52430573,55.973,random,float32
1,469.185119,6129,52430573,59.462,random,float32
1,469.739152,2345,52430573,53.437,random,float32
1,470.290775,388,52430573,53.421,random,float32
1,470.826802,2285,52430573,55.360,random,float32
1,471.371967,4651,52430573,53.128,random,float32
1,471.910637,3489,52430573,54.066,random,float32
1,472.443552,1147,52430573,51.761,random,float32
1,472.993895,3747,52430573,52.818,random,float32
1,473.532450,3912,52430573,51.619,random,float32
1,474.066199,9591,52430573,52.731,random,float32
1,474.601853,9578,52430573,53.422,random,float32
1,475.152090,6709,52430573,54.409,random,float32
1,475.697528,4952,52430573,53.311,random,float32
1,476.235551,4939,52430573,51.786,random,float32
1,476.791766,1662,52430573,54.522,random,float32
1,477.327315,5187,52430573,52.830,random,float32
1,477.853458,6013,52430573,51.900,random,float32
1,478.389052,8065,52430573,53.342,random,float32
1,478.931427,3166,52430573,53.864,random,float32
1,479.469340,9296,52430573,53.469,random,float32
1,480.018748,4153,52430573,55.981,random,float32
1,480.558464,799,52430573,53.504,random,float32
1,481.088123,2183,52430573,51.894,random,float32
1,481.621205,3148,52430573,55.311,random,float32
1,482.158369,9247,52430573,54.603,random,float32
1,482.694215,8574,52430573,54.439,random,float32
1,483.233455,6698,52430573,52.181,random,float32
1,483.771725,3616,52430573,53.584,random,float32
1,484.309603,5438,52430573,55.159,random,float32
1,484.848723,6245,52430573,56.267,random,float32
1,485.395820,3801,52430573,53.400,random,float32
1,485.927885,8957,52430573,50.464,random,float32
1,486.448202,5615,52430573,57.438,random,float32
1,486.987603,3553,52430573,53.853,random,float32
1,487.516981,4934,52430573,52.157,random,float32
1,488.059760,4178,52430573,53.251,random,float32
1,488.593433,8384,52430573,53.009,random,float32
1,489.140808,4016,52430573,53.687,random,float32
1,489.675722,3948,52430573,52.232,random,float32
1,490.210913,8530,52430573,50.761,random,float32
1,490.737272,2455,52430573,52.551,random,float32
1,491.268861,8750,52430573,53.359,random,float32
1,491.795144,7816,52430573,54.689,random,float32
1,492.335937,6314,52430573,55.534,random,float32
1,492.879610,2862,52430573,54.577,random,float32
1,493.443931,6309,52430573,56.707,random,float32
1,494.007119,6191,52430573,55.462,random,float32
1,494.572742,6845,52430573,55.048,random,float32
1,495.139292,4068,52430573,56.826,random,float32
1,495.672764,9753,52430573,54.613,random,float32
1,496.206307,7209,52430573,53.337,random,float32
1,496.752303,9142,52430573,56.716,random,float32
1,497.303657,9417,52430573,53.862,random,float32
1,497.851036,7216,52430573,51.379,random,float32
1,498.391484,9385,52430573,55.825,random,float32
1,498.940060,3925,52430573,54.783,random,float32
1,499.498595,1065,52430573,56.067,random,float32
1,500.036903,3569,52430573,56.366,random,float32
1,500.568595,2281,52430573,51.659,random,float32
1,501.110745,6276,52430573,54.786,random,float32
1,501.650718,2500,52430573,55.320,random,float32
1,502.201623,5627,52430573,55.817,random,float32
1,502.750229,1960,52430573,55.076,random,float32
1,503.286659,544,52430573,53.013,random,float32
1,503.832203,5871,52430573,54.305,random,float32
1,504.374508,4073,52430573,54.506,random,float32
1,504.922668,3876,52430573,53.619,random,float32
1,505.450852,3569,52430573,54.144,random,float32
1,505.989047,1503,52430573,54.872,random,float32
1,506.553484,4461,52430573,55.442,random,float32
1,507.078251,7913,52430573,52.255,random,float32
1,507.607967,6489,52430573,53.342,random,float32
1,508.141922,1518,52430573,54.368,random,float32
1,508.675798,4874,52430573,53.888,random,float32
1,509.228651,4880,52430573,54.109,random,float32
1,509.763656,2878,52430573,52.908,random,float32
1,510.301507,9089,52430573,55.703,random,float32
1,510.841477,7165,52430573,52.951,random,float32
1,511.374191,9092,52430573,51.051,random,float32
1,511.910395,1863,52430573,55.231,random,float32
1,512.437100,5050,52430573,51.566,random,float32
1,512.969424,5671,52430573,52.337,random,float32
1,513.485081,9791,52430573,51.145,random,float32
1,514.015272,3586,52430573,53.345,random,float32
1,514.544587,3738,52430573,58.202,random,float32
1,515.083388,7064,52430573,52.230,random,float32
1,515.622487,3289,52430573,51.986,random,float32
1,516.156818,8899,52430573,52.992,random,float32
1,516.686306,1147,52430573,51.826,random,float32
1,517.217033,4247,52430573,53.983,random,float32
1,517.743318,1960,52430573,52.150,random,float32
1,518.274835,9524,52430573,52.237,random,float32
1,518.805126,9989,52430573,53.118,random,float32
1,519.340333,8715,52430573,51.303,random,float32
1,519.864102,2954,52430573,52.733,random,float32
1,520.416779,4546,52430573,54.557,random,float32
1,520.964962,239,52430573,58.886,random,float32
1,521.501331,4615,52430573,53.930,random,float32
1,522.043862,8461,52430573,54.225,random,float32
1,522.610271,3778,52430573,56.229,random,float32
1,523.139213,1892,52430573,52.724,random,float32
1,523.676804,5129,52430573,53.329,random,float32
1,524.207073,7051,52430573,51.620,random,float32
1,524.748166,8984,52430573,50.452,random,float32
1,525.267158,57,52430573,51.090,random,float32
1,525.799906,9477,52430573,52.514,random,float32
1,526.329699,2531,52430573,54.326,random,float32
1,526.863334,361,52430573,52.398,random,float32
1,527.418959,4728,52430573,56.031,random,float32
1,527.974587,1939,52430573,57.228,random,float32
1,528.532002,5750,52430573,54.594,random,float32
1,529.080689,1206,52430573,52.272,random,float32
1,529.608702,2816,52430573,52.626,random,float32
1,530.143814,4790,52430573,53.901,random,float32
1,530.681312,1692,52430573,51.479,random,float32
1,531.193845,1538,52430573,51.987,random,float32
1,531.728956,7768,52430573,52.905,random,float32
1,532.263293,1917,52430573,52.790,random,float32
1,532.795903,4094,52430573,51.872,random,float32
1,533.319384,3698,52430573,53.214,random,float32
1,533.861015,3014,52430573,53.792,random,float32
1,534.403577,4051,52430573,54.586,random,float32
1,534.947874,7475,52430573,53.732,random,float32
1,535.493226,111,52430573,56.995,random,float32
1,536.042435,6416,52430573,52.541,random,float32
1,536.588260,3283,52430573,54.477,random,float32
1,537.124015,6543,52430573,53.360,random,float32
1,537.681596,5261,52430573,53.362,random,float32
1,538.216293,2495,52430573,48.870,random,float32
1,538.746668,4375,52430573,54.601,random,float32
1,539.305706,5868,52430573,64.605,random,float32
1,539.835707,7702,52430573,50.833,random,float32
1,540.391392,7498,52430573,53.613,random,float32
1,540.929655,8915,52430573,52.512,random,float32
1,541.474813,799,52430573,56.067,random,float32
1,542.022421,1252,52430573,53.500,random,float32
1,542.563431,9610,52430573,54.765,random,float32
1,543.105261,6448,52430573,52.610,random,float32
1,543.656152,3143,52430573,53.648,random,float32
1,544.213878,7463,52430573,53.761,random,float32
1,544.749541,517,52430573,55.833,random,float32
1,545.282414,6125,52430573,52.834,random,float32
1,545.818883,3705,52430573,55.102,random,float32
1,546.351703,3530,52430573,52.505,random,float32
1,546.874221,2382,52430573,52.399,random,float32
1,547.397076,9728,52430573,51.875,random,float32
1,547.930655,4296,52430573,52.682,random,float32
1,548.466321,775,52430573,55.470,random,float32
1,548.997084,8020,52430573,55.099,random,float32
1,549.534624,7647,52430573,54.357,random,float32
1,550.070208,9933,52430573,54.677,random,float32
1,550.601894,7022,52430573,52.899,random,float32
1,551.143100,5473,52430573,56.548,random,float32
1,551.687261,2303,52430573,53.531,random,float32
1,552.232738,11,52430573,53.470,random,float32
1,552.777373,4293,52430573,53.846,random,float32
1,553.333370,1729,52430573,57.465,random,float32
1,553.887643,4604,52430573,54.053,random,float32
1,554.427249,3751,52430573,54.148,random,float32
1,554.984920,2407,52430573,54.433,random,float32
1,555.534625,3590,52430573,53.715,random,float32
1,556.070823,1893,52430573,54.340,random,float32
1,556.602746,6878,52430573,52.862,random,float32
1,557.144175,1366,52430573,55.543,random,float32
1,557.703599,6837,52430573,55.549,random,float32
1,558.248132,9830,52430573,54.874,random,float32
1,558.802616,1338,52430573,54.065,random,float32
1,559.357930,8618,52430573,56.230,random,float32
1,559.914795,5671,52430573,54.508,random,float32
1,560.466383,5265,52430573,54.930,random,float32
1,561.021505,8067,52430573,56.193,random,float32
1,561.569504,9358,52430573,54.995,random,float32
1,562.153196,3500,52430573,57.448,random,float32
1,562.723573,5004,52430573,55.998,random,float32
1,563.272639,4334,52430573,54.088,random,float32
1,563.831773,4397,52430573,57.445,random,float32
1,564.382475,1428,52430573,52.668,random,float32
1,564.930917,1858,52430573,55.016,random,float32
1,565.481637,6263,52430573,53.949,random,float32
1,566.037848,5617,52430573,56.643,random,float32
1,566.596401,9614,52430573,59.157,random,float32
1,567.147281,7175,52430573,55.284,random,float32
1,567.693458,1441,52430573,54.818,random,float32
1,568.245161,1079,52430573,54.181,random,float32
1,568.786337,3590,52430573,56.033,random,float32
1,569.346606,4962,52430573,57.304,random,float32
1,569.909710,4963,52430573,57.461,random,float32
1,570.454023,3557,52430573,55.970,random,float32
1,571.012565,7514,52430573,54.391,random,float32
1,571.545867,3468,52430573,53.916,random,float32
1,572.088982,706,52430573,54.425,random,float32
1,572.636992,395,52430573,53.991,random,float32
1,573.189038,4223,52430573,56.305,random,float32
1,573.729486,9576,52430573,52.770,random,float32
1,574.266383,6399,52430573,54.962,random,float32
1,574.822092,7940,52430573,52.001,random,float32
1,575.360386,6681,52430573,52.726,random,float32
1,575.902118,4695,52430573,52.791,random,float32
1,576.464948,2871,52430573,57.055,random,float32
1,577.004594,5332,52430573,54.193,random,float32
1,577.532759,9654,52430573,52.830,random,float32
1,578.059520,2876,52430573,52.340,random,float32
1,578.589096,5708,52430573,53.867,random,float32
1,579.110376,777,52430573,52.141,random,float32
1,579.636212,4443,52430573,54.127,random,float32
1,580.165779,322,52430573,52.613,random,float32
1,580.693299,4680,52430573,54.159,random,float32
1,581.224858,2877,52430573,52.473,random,float32
1,581.755995,5518,52430573,51.545,random,float32
1,582.285892,5819,52430573,51.274,random,float32
1,582.824380,9871,52430573,53.451,random,float32
1,583.373414,1095,52430573,48.043,random,float32
1,583.918927,14,52430573,55.693,random,float32
1,584.469409,2323,52430573,55.342,random,float32
1,585.022206,8200,52430573,54.788,random,float32
1,585.551422,598,52430573,53.893,random,float32
1,586.084972,7510,52430573,53.573,random,float32
1,586.636925,9816,52430573,56.323,random,float32
1,587.184700,793,52430573,51.649,random,float32
1,587.715656,3650,52430573,52.096,random,float32
1,588.253724,5099,52430573,54.313,random,float32
1,588.813162,882,52430573,55.862,random,float32
1,589.353939,1028,52430573,52.786,random,float32
1,589.903734,5759,52430573,55.156,random,float32
1,590.453314,1437,52430573,53.161,random,float32
1,590.996084,867,52430573,54.887,random,float32
1,591.531782,3720,52430573,51.252,random,float32
1,592.061893,2967,52430573,52.539,random,float32
1,592.611089,7055,52430573,53.245,random,float32
1,593.158328,6643,52430573,56.002,random,float32
1,593.700800,4531,52430573,56.364,random,float32
1,594.238324,9303,52430573,54.778,random,float32
1,594.778261,6495,52430573,53.872,random,float32
1,595.315229,2957,52430573,53.867,random,float32
1,595.874938,7255,52430573,57.009,random,float32
1,596.440429,607,52430573,56.665,random,float32
1,596.980386,5003,52430573,53.029,random,float32
1,597.526941,528,52430573,53.497,random,float32
1,598.074044,4336,52430573,54.866,random,float32
1,598.634004,5001,52430573,52.715,random,float32
1,599.180519,6826,52430573,59.759,random,float32
1,599.744243,3228,52430573,55.027,random,float32
1,600.313321,6277,52430573,59.139,random,float32
1,600.886191,1828,52430573,56.056,random,float32
1,601.419956,9573,52430573,54.595,random,float32
1,601.949829,7631,52430573,51.309,random,float32
1,602.490561,3803,52430573,52.518,random,float32
1,603.049463,5466,52430573,55.730,random,float32
1,603.585474,505,52430573,55.831,random,float32
1,604.130528,9652,52430573,55.387,random,float32
1,604.675361,5884,52430573,55.835,random,float32
1,605.230999,9991,52430573,59.121,random,float32
1,605.774976,2054,52430573,54.203,random,float32
1,606.311151,3736,52430573,53.972,random,float32
1,606.836721,560,52430573,53.944,random,float32
1,607.363824,3470,52430573,48.533,random,float32
1,607.901406,9753,52430573,52.091,random,float32
1,608.430090,810,52430573,53.560,random,float32
1,608.960093,852,52430573,58.217,random,float32
1,609.499984,7944,52430573,53.200,random,float32
1,610.030621,3550,52430573,57.628,random,float32
1,610.567446,6165,52430573,53.138,random,float32
1,611.098355,2658,52430573,51.259,random,float32
1,611.629737,4983,52430573,52.281,random,float32
1,612.159051,9826,52430573,55.519,random,float32
1,612.688686,5711,52430573,51.087,random,float32
1,613.230209,3535,52430573,53.392,random,float32
1,613.771001,1113,52430573,53.672,random,float32
1,614.301192,9609,52430573,55.541,random,float32
1,614.830827,1145,52430573,55.690,random,float32
1,615.360745,5253,52430573,52.128,random,float32
1,615.889937,9992,52430573,53.465,random,float32
1,616.419963,3356,52430573,55.361,random,float32
1,616.959860,1148,52430573,51.006,random,float32
1,617.492987,3193,52430573,52.329,random,float32
1,618.020453,449,52430573,52.054,random,float32
1,618.545524,8096,52430573,51.464,random,float32
1,619.087205,8526,52430573,51.265,random,float32
1,619.628821,6838,52430573,54.465,random,float32
1,620.189312,2147,52430573,56.051,random,float32
1,620.734603,9999,52430573,54.450,random,float32
1,621.279267,5637,52430573,54.087,random,float32
1,621.823949,1307,52430573,52.611,random,float32
1,622.359293,8097,52430573,53.311,random,float32
1,622.914941,7125,52430573,56.356,random,float32
1,623.459962,2921,52430573,52.657,random,float32
1,624.003333,3588,52430573,56.196,random,float32
1,624.544769,1350,52430573,52.561,random,float32
1,625.088259,4790,52430573,56.743,random,float32
1,625.627841,5055,52430573,52.131,random,float32
1,626.160182,1139,52430573,57.979,random,float32
1,626.698824,6051,52430573,54.942,random,float32
1,627.242568,1705,52430573,56.174,random,float32
1,627.798836,1059,52430573,56.628,random,float32
1,628.331379,1393,52430573,55.373,random,float32
1,628.862241,5586,52430573,52.854,random,float32
1,629.390565,9064,52430573,55.465,random,float32
1,629.935944,7240,52430573,56.524,random,float32
1,630.484406,7635,52430573,54.036,random,float32
1,631.033761,557,52430573,55.249,random,float32
1,631.573534,1336,52430573,52.475,random,float32
1,632.126468,2483,52430573,54.479,random,float32
1,632.665240,8592,52430573,53.664,random,float32
1,633.218236,8556,52430573,56.631,random,float32
1,633.786807,1938,52430573,56.455,random,float32
1,634.338999,3705,52430573,55.871,random,float32
1,634.883195,3047,52430573,53.866,random,float32
1,635.442760,6872,52430573,56.114,random,float32
1,635.986155,1245,52430573,55.625,random,float32
1,636.528078,3323,52430573,52.699,random,float32
1,637.079384,6895,52430573,52.403,random,float32
1,637.614177,8989,52430573,56.399,random,float32
1,638.167552,1122,52430573,53.989,random,float32
1,638.709431,7728,52430573,52.678,random,float32
1,639.242460,5128,52430573,54.992,random,float32
1,639.776406,5484,52430573,54.324,random,float32
1,640.318730,5175,52430573,52.413,random,float32
1,640.859688,2126,52430573,54.112,random,float32
1,641.390173,5620,52430573,51.901,random,float32
1,641.916313,5469,52430573,52.276,random,float32
1,642.460723,6671,52430573,54.080,random,float32
1,642.990378,7545,52430573,55.014,random,float32
1,643.532643,3227,52430573,54.230,random,float32
1,644.076865,8300,52430573,52.234,random,float32
1,644.613137,8548,52430573,55.512,random,float32
1,645.140844,3466,52430573,50.131,random,float32
1,645.679691,545,52430573,53.078,random,float32
1,646.200891,3806,52430573,49.379,random,float32
1,646.719755,9808,52430573,52.954,random,float32
1,647.256400,690,52430573,51.886,random,float32
1,647.778000,7857,52430573,53.876,random,float32
1,648.291284,6775,52430573,49.530,random,float32
1,648.816936,5060,52430573,53.075,random,float32
1,649.352491,8300,52430573,52.509,random,float32
1,649.882743,3733,52430573,51.635,random,float32
1,650.413426,8624,52430573,54.062,random,float32
1,650.937619,7622,52430573,51.360,random,float32
1,651.466718,6083,52430573,52.291,random,float32
1,651.990814,3618,52430573,53.018,random,float32
1,652.533610,3786,52430573,51.654,random,float32
1,653.056222,7562,52430573,50.160,random,float32
1,653.586962,117,52430573,52.723,random,float32
1,654.120102,6029,52430573,52.286,random,float32
1,654.655540,8403,52430573,53.228,random,float32
1,655.180207,7766,52430573,50.833,random,float32
1,655.715878,1102,52430573,54.404,random,float32
1,656.248337,1236,52430573,50.356,random,float32
1,656.782362,5229,52430573,53.686,random,float32
1,657.323589,2357,52430573,51.773,random,float32
1,657.848050,2057,52430573,52.652,random,float32
1,658.381352,4166,52430573,54.218,random,float32
1,658.921074,5703,52430573,53.703,random,float32
1,659.458411,3021,52430573,54.708,random,float32
1,660.004123,6230,52430573,54.340,random,float32
1,660.541884,7947,52430573,53.601,random,float32
1,661.078194,3321,52430573,53.962,random,float32
1,661.615468,8923,52430573,55.510,random,float32
1,662.148230,7031,52430573,51.929,random,float32
1,662.678533,583,52430573,53.884,random,float32
1,663.200845,6049,52430573,51.342,random,float32
1,663.731137,9079,52430573,53.854,random,float32
1,664.260265,7732,52430573,52.919,random,float32
1,664.793597,6499,52430573,53.443,random,float32
1,665.325070,5337,52430573,52.858,random,float32
1,665.848807,6967,52430573,51.126,random,float32
1,666.380528,1892,52430573,59.377,random,float32
1,666.934760,9763,52430573,53.873,random,float32
1,667.470899,3751,52430573,52.356,random,float32
1,667.999627,9211,52430573,53.858,random,float32
1,668.514955,6946,52430573,53.105,random,float32
1,669.038037,1793,52430573,51.316,random,float32
1,669.567364,1420,52430573,51.746,random,float32
1,670.104604,2397,52430573,54.317,random,float32
1,670.633619,7100,52430573,52.730,random,float32
1,671.161984,3339,52430573,53.217,random,float32
1,671.696048,5402,52430573,52.141,random,float32
1,672.227925,9375,52430573,53.370,random,float32
1,672.752728,7928,52430573,53.150,random,float32
1,673.276176,2919,52430573,52.347,random,float32
1,673.802867,8541,52430573,51.730,random,float32
1,674.317481,4841,52430573,54.113,random,float32
1,674.857028,3271,52430573,56.759,random,float32
1,675.382612,7244,52430573,48.721,random,float32
1,675.906859,3827,52430573,52.938,random,float32
1,676.427105,4087,52430573,51.882,random,float32
1,676.955996,5440,52430573,53.484,random,float32
1,677.469126,2718,52430573,51.881,random,float32
1,678.015020,7833,52430573,55.854,random,float32
1,678.550943,8148,52430573,54.830,random,float32
1,679.080418,2185,52430573,49.181,random,float32
1,679.599368,8967,52430573,51.523,random,float32
1,680.133959,7443,52430573,55.366,random,float32
1,680.661887,1632,52430573,52.318,random,float32
1,681.193986,6292,52430573,50.175,random,float32
1,681.718849,1236,52430573,51.114,random,float32
1,682.253853,3263,52430573,53.423,random,float32
1,682.783708,4965,52430573,51.487,random,float32
1,683.309864,1478,52430573,57.634,random,float32
1,683.838907,4139,52430573,51.142,random,float32
1,684.370125,8959,52430573,50.912,random,float32
1,684.896962,9709,52430573,54.187,random,float32
1,685.421085,4439,52430573,54.146,random,float32
1,685.958836,7291,52430573,54.421,random,float32
1,686.480948,564,52430573,50.457,random,float32
1,687.022824,4685,52430573,54.938,random,float32
1,687.540341,7512,52430573,48.489,random,float32
1,688.069165,7262,52430573,55.140,random,float32
1,688.596321,3975,52430573,51.843,random,float32
1,689.127716,1979,52430573,52.966,random,float32
1,689.664205,5299,52430573,51.731,random,float32
1,690.195843,8985,52430573,50.335,random,float32
1,690.723363,5661,52430573,52.392,random,float32
1,691.251777,6191,52430573,52.878,random,float32
1,691.792402,199,52430573,56.009,random,float32
1,692.322466,5667,52430573,50.980,random,float32
1,692.848101,9140,52430573,50.455,random,float32
1,693.380699,1145,52430573,56.480,random,float32
1,693.912974,1381,52430573,53.709,random,float32
1,694.439654,7531,52430573,49.723,random,float32
1,694.970929,7936,52430573,54.796,random,float32
1,695.504519,5158,52430573,54.420,random,float32
1,696.029540,7593,52430573,51.947,random,float32
1,696.548818,3671,52430573,52.287,random,float32
1,697.075359,1986,52430573,54.016,random,float32
1,697.598406,8042,52430573,50.682,random,float32
1,698.132425,7014,52430573,53.997,random,float32
1,698.658949,8298,52430573,53.987,random,float32
1,699.191475,9162,52430573,52.578,random,float32
1,699.713708,8656,52430573,52.600,random,float32
1,700.242971,8065,52430573,54.171,random,float32
1,700.787408,8144,52430573,56.109,random,float32
1,701.324576,9048,52430573,49.995,random,float32
1,701.840310,4689,52430573,49.773,random,float32
1,702.365458,884,52430573,53.006,random,float32
1,702.891278,275,52430573,53.487,random,float32
1,703.420441,6814,52430573,52.020,random,float32
1,703.957343,3890,52430573,52.450,random,float32
1,704.488854,1251,52430573,55.858,random,float32
1,705.027921,6335,52430573,55.270,random,float32
1,705.555563,2100,52430573,51.223,random,float32
1,706.076322,7023,52430573,50.841,random,float32
1,706.604322,8798,52430573,51.279,random,float32
1,707.138721,5304,52430573,51.705,random,float32
1,707.668612,2888,52430573,55.367,random,float32
1,708.206045,6294,52430573,53.887,random,float32
1,708.731189,2202,52430573,51.869,random,float32
1,709.261681,6378,52430573,54.252,random,float32
1,709.805445,8514,52430573,52.815,random,float32
1,710.341183,5027,52430573,52.966,random,float32
1,710.866748,1870,52430573,51.669,random,float32
1,711.396031,9823,52430573,53.981,random,float32
1,711.921440,9079,52430573,53.268,random,float32
1,712.445712,4063,52430573,50.779,random,float32
1,712.961364,9565,52430573,52.601,random,float32
1,713.489901,1858,52430573,54.533,random,float32
1,714.004561,8233,52430573,52.622,random,float32
1,714.528852,5146,52430573,52.129,random,float32
1,715.056216,7879,52430573,53.555,random,float32
1,715.585911,117,52430573,54.837,random,float32
1,716.125801,5333,52430573,53.558,random,float32
1,716.682511,2696,52430573,55.072,random,float32
1,717.228986,7395,52430573,55.113,random,float32
1,717.771333,4108,52430573,54.272,random,float32
1,718.303130,2583,52430573,53.949,random,float32
1,718.832812,8529,52430573,52.660,random,float32
1,719.367067,7469,52430573,53.624,random,float32
1,719.895291,2356,52430573,51.974,random,float32
1,720.428355,5093,52430573,52.672,random,float32
1,720.965783,3678,52430573,53.237,random,float32
1,721.498571,7550,52430573,52.132,random,float32
1,722.026905,4128,52430573,54.030,random,float32
1,722.563256,4558,52430573,54.552,random,float32
1,723.098357,2020,52430573,54.270,random,float32
1,723.624859,6897,52430573,53.263,random,float32
1,724.144997,1569,52430573,50.095,random,float32
1,724.672207,869,52430573,53.074,random,float32
1,725.183246,4378,52430573,51.299,random,float32
1,725.723678,6143,52430573,55.063,random,float32
1,726.251834,7893,52430573,54.412,random,float32
1,726.784622,3706,52430573,55.633,random,float32
1,727.312180,9898,52430573,52.720,random,float32
1,727.836463,6578,52430573,55.585,random,float32
1,728.353979,1760,52430573,52.205,random,float32
1,728.879490,9133,52430573,51.112,random,float32
1,729.412042,517,52430573,53.410,random,float32
1,729.935997,5991,52430573,53.504,random,float32
1,730.462175,8141,52430573,51.465,random,float32
1,730.991622,9349,52430573,52.063,random,float32
1,731.511552,4037,52430573,54.546,random,float32
1,732.049873,1771,52430573,54.306,random,float32
1,732.580366,2897,52430573,53.189,random,float32
1,733.117914,9454,52430573,56.092,random,float32
1,733.663084,6405,52430573,53.452,random,float32
1,734.202318,6471,52430573,52.530,random,float32
1,734.731831,9590,52430573,50.879,random,float32
1,735.252982,4800,52430573,55.447,random,float32
1,735.777759,9083,52430573,52.057,random,float32
1,736.305699,8421,52430573,52.255,random,float32
1,736.831133,7740,52430573,54.818,random,float32
1,737.366490,6538,52430573,53.577,random,float32
1,737.908323,8719,52430573,54.842,random,float32
1,738.446355,9291,52430573,54.388,random,float32
1,738.995353,6464,52430573,54.363,random,float32
1,739.543017,4672,52430573,55.023,random,float32
1,740.084908,4321,52430573,51.652,random,float32
1,740.628153,9845,52430573,56.045,random,float32
1,741.155119,785,52430573,54.674,random,float32
1,741.688703,548,52430573,52.073,random,float32
1,742.209463,5214,52430573,49.803,random,float32
1,742.751027,4852,52430573,54.578,random,float32
1,743.276070,1032,52430573,53.750,random,float32
1,743.813098,7045,52430573,49.721,random,float32
1,744.336911,8908,52430573,52.369,random,float32
1,744.863975,6154,52430573,53.151,random,float32
1,745.388146,9381,52430573,52.395,random,float32
1,745.922918,3401,52430573,49.252,random,float32
1,746.452865,4498,52430573,53.495,random,float32
1,746.982446,4437,52430573,54.137,random,float32
1,747.520703,3178,52430573,53.390,random,float32
1,748.058885,2767,52430573,54.257,random,float32
1,748.599242,937,52430573,52.505,random,float32
1,749.135776,4525,52430573,54.319,random,float32
1,749.657175,2275,52430573,52.011,random,float32
1,750.194031,6306,52430573,52.011,random,float32
1,750.722267,2705,52430573,50.909,random,float32
1,751.253582,297,52430573,53.875,random,float32
1,751.787177,8409,52430573,52.143,random,float32
1,752.329049,8885,52430573,54.571,random,float32
1,752.873302,7728,52430573,53.985,random,float32
1,753.403468,423,52430573,55.019,random,float32
1,753.941342,9002,52430573,53.605,random,float32
1,754.477337,6841,52430573,50.576,random,float32
1,755.004456,1568,52430573,53.415,random,float32
1,755.533078,4592,52430573,52.741,random,float32
1,756.072248,8866,52430573,53.101,random,float32
1,756.601720,3842,52430573,52.928,random,float32
1,757.136240,2028,52430573,52.394,random,float32
1,757.658825,8125,52430573,54.128,random,float32
1,758.199515,9917,52430573,56.007,random,float32
1,758.723517,8275,52430573,54.563,random,float32
1,759.253798,7832,52430573,49.505,random,float32
1,759.774535,7479,52430573,48.714,random,float32
1,760.308490,1313,52430573,51.125,random,float32
1,760.844268,8472,52430573,52.090,random,float32
1,761.385606,8549,52430573,53.310,random,float32
1,761.917513,3370,52430573,52.714,random,float32
1,762.463368,6765,52430573,53.917,random,float32
1,762.989358,5519,52430573,51.688,random,float32
1,763.515330,4471,52430573,53.867,random,float32
1,764.053672,7017,52430573,49.768,random,float32
1,764.575537,8318,52430573,51.835,random,float32
1,765.117179,6471,52430573,54.648,random,float32
1,765.651025,5575,52430573,52.166,random,float32
1,766.178328,6671,52430573,53.229,random,float32
1,766.730906,2975,52430573,58.303,random,float32
1,767.283452,2880,52430573,51.359,random,float32
1,767.814804,1760,52430573,52.577,random,float32
1,768.342344,5185,52430573,51.090,random,float32
1,768.862387,6810,52430573,52.263,random,float32
1,769.392576,3168,52430573,51.803,random,float32
1,769.926083,668,52430573,52.506,random,float32
1,770.461909,993,52430573,55.023,random,float32
1,770.993107,4197,52430573,52.120,random,float32
1,771.525531,6227,52430573,55.283,random,float32
1,772.053259,7242,52430573,54.233,random,float32
1,772.591821,9053,52430573,53.408,random,float32
1,773.128085,4178,52430573,52.714,random,float32
1,773.663501,9323,52430573,53.931,random,float32
1,774.193995,6882,52430573,54.427,random,float32
1,774.735834,6688,52430573,56.783,random,float32
1,775.275672,4542,52430573,53.721,random,float32
1,775.810803,2121,52430573,52.961,random,float32
1,776.343307,1004,52430573,53.395,random,float32
1,776.873938,5242,52430573,53.128,random,float32
1,777.407968,7099,52430573,54.785,random,float32
1,777.947003,7101,52430573,53.880,random,float32
1,778.491136,2888,52430573,51.226,random,float32
1,779.026253,4312,52430573,53.199,random,float32
1,779.553269,5469,52430573,51.733,random,float32
1,780.092259,5614,52430573,55.196,random,float32
1,780.615567,2073,52430573,52.719,random,float32
1,781.146808,2656,52430573,55.316,random,float32
1,781.676516,6665,52430573,55.111,random,float32
1,782.203886,2633,52430573,51.890,random,float32
1,782.734665,7491,52430573,51.668,random,float32
1,783.268075,3708,52430573,56.836,random,float32
1,783.803804,2309,52430573,50.836,random,float32
1,784.317571,8060,52430573,49.976,random,float32
1,784.855815,1281,52430573,55.274,random,float32
1,785.403277,1034,52430573,52.972,random,float32
1,785.940856,745,52430573,52.307,random,float32
1,786.483093,2922,52430573,54.318,random,float32
1,787.034736,2084,52430573,56.613,random,float32
1,787.567618,5812,52430573,52.757,random,float32
1,788.113482,2817,52430573,56.687,random,float32
1,788.659944,3654,52430573,54.221,random,float32
1,789.200844,7516,52430573,55.414,random,float32
1,789.741791,9616,52430573,54.862,random,float32
1,790.279419,5582,52430573,54.866,random,float32
1,790.817224,6255,52430573,51.511,random,float32
1,791.349312,521,52430573,55.512,random,float32
1,791.889298,1463,52430573,54.628,random,float32
1,792.425654,4979,52430573,52.168,random,float32
1,792.966455,2652,52430573,54.872,random,float32
1,793.515815,2008,52430573,53.425,random,float32
1,794.051451,9030,52430573,55.359,random,float32
1,794.592368,9917,52430573,58.089,random,float32
1,795.119208,7038,52430573,53.266,random,float32
1,795.652275,3272,52430573,52.485,random,float32
1,796.178148,6953,52430573,55.525,random,float32
1,796.717260,9982,52430573,54.205,random,float32
1,797.245007,6267,52430573,54.031,random,float32
1,797.779040,4469,52430573,53.161,random,float32
1,798.317368,6584,52430573,54.634,random,float32
1,798.855655,2397,52430573,54.452,random,float32
1,799.397028,7655,52430573,54.536,random,float32
1,799.960023,9498,52430573,56.229,random,float32
1,800.509636,7563,52430573,54.811,random,float32
1,801.050091,738,52430573,55.268,random,float32
1,801.596057,9516,52430573,55.325,random,float32
1,802.135804,8020,52430573,53.794,random,float32
1,802.685581,3139,52430573,55.663,random,float32
1,803.220384,8894,52430573,53.994,random,float32
1,803.760600,2121,52430573,52.899,random,float32
1,804.308960,2651,52430573,53.208,random,float32
1,804.850584,4348,52430573,54.977,random,float32
1,805.397426,2868,52430573,53.535,random,float32
1,805.930754,4908,52430573,56.888,random,float32
1,806.459141,6448,52430573,52.422,random,float32
1,806.987296,8736,52430573,50.263,random,float32
1,807.516204,6319,52430573,52.989,random,float32
1,808.044036,1315,52430573,54.851,random,float32
1,808.575085,198,52430573,53.386,random,float32
1,809.108159,4078,52430573,54.473,random,float32
1,809.634521,8948,52430573,54.181,random,float32
1,810.167425,6471,52430573,53.782,random,float32
1,810.692633,8194,52430573,52.802,random,float32
1,811.228403,1777,52430573,54.068,random,float32
1,811.764020,4665,52430573,54.399,random,float32
1,812.292610,3590,52430573,53.539,random,float32
1,812.834386,3825,52430573,54.443,random,float32
1,813.381168,1785,52430573,56.253,random,float32
1,813.910629,5558,52430573,53.006,random,float32
1,814.449620,5945,52430573,53.523,random,float32
1,814.982851,7905,52430573,52.567,random,float32
1,815.518336,3652,52430573,54.548,random,float32
1,816.059327,7481,52430573,51.723,random,float32
1,816.588623,2064,52430573,52.096,random,float32
1,817.118211,6762,52430573,53.618,random,float32
1,817.654839,1978,52430573,54.901,random,float32
1,818.191782,2149,52430573,53.935,random,float32
1,818.713265,181,52430573,53.802,random,float32
1,819.249680,4717,52430573,54.264,random,float32
1,819.781964,2458,52430573,57.945,random,float32
1,820.308388,6534,52430573,50.364,random,float32
1,820.835158,5360,52430573,53.015,random,float32
1,821.359528,6558,52430573,52.729,random,float32
1,821.888636,7454,52430573,53.706,random,float32
1,822.420833,9726,52430573,50.154,random,float32
1,822.955704,1109,52430573,54.266,random,float32
1,823.484552,5,52430573,55.353,random,float32
1,824.031241,6385,52430573,56.743,random,float32
1,824.574194,5719,52430573,53.618,random,float32
1,825.116688,2318,52430573,53.025,random,float32
1,825.643312,2294,52430573,52.498,random,float32
1,826.178167,9602,52430573,54.008,random,float32
1,826.710623,4195,52430573,52.445,random,float32
1,827.241448,1474,52430573,52.499,random,float32
1,827.786518,9465,52430573,53.903,random,float32
1,828.320282,9795,52430573,53.203,random,float32
1,828.842788,2783,52430573,51.663,random,float32
1,829.382300,6643,52430573,53.477,random,float32
1,829.926934,7561,52430573,54.632,random,float32
1,830.465504,3988,52430573,55.197,random,float32
1,831.006627,3500,52430573,53.521,random,float32
1,831.550251,8498,52430573,54.275,random,float32
1,832.079105,1993,52430573,53.650,random,float32
1,832.603987,579,52430573,55.110,random,float32
1,833.149756,1610,52430573,55.225,random,float32
1,833.695840,2100,52430573,52.196,random,float32
1,834.236576,4490,52430573,55.272,random,float32
1,834.781586,4491,52430573,54.123,random,float32
1,835.316693,7927,52430573,56.083,random,float32
1,835.850111,3249,52430573,49.064,random,float32
1,836.378908,996,52430573,53.785,random,float32
1,836.905487,3545,52430573,49.607,random,float32
1,837.432898,5446,52430573,53.381,random,float32
1,837.970674,1441,52430573,53.864,random,float32
1,838.503217,3634,52430573,55.332,random,float32
1,839.034540,606,52430573,50.496,random,float32
1,839.567086,183,52430573,54.120,random,float32
1,840.105317,8322,52430573,53.728,random,float32
1,840.633909,2009,52430573,53.227,random,float32
1,841.156489,2414,52430573,51.715,random,float32
1,841.681769,8908,52430573,52.919,random,float32
1,842.211509,1978,52430573,54.308,random,float32
1,842.741885,5898,52430573,50.780,random,float32
1,843.275237,7235,52430573,54.173,random,float32
1,843.812564,4704,52430573,52.366,random,float32
1,844.335412,6583,52430573,50.777,random,float32
1,844.865865,8941,52430573,52.706,random,float32
1,845.392760,143,52430573,53.260,random,float32
1,845.920610,2182,52430573,53.124,random,float32
1,846.449394,6473,52430573,52.991,random,float32
1,846.963303,6325,52430573,50.175,random,float32
1,847.481042,4019,52430573,53.197,random,float32
1,848.006489,5801,52430573,53.010,random,float32
1,848.543323,84,52430573,55.056,random,float32
1,849.076806,5384,52430573,52.281,random,float32
1,849.602161,4134,52430573,53.750,random,float32
1,850.137097,3823,52430573,54.408,random,float32
1,850.665353,4878,52430573,54.405,random,float32
1,851.190944,5089,52430573,51.604,random,float32
1,851.716692,5898,52430573,51.555,random,float32
1,852.248668,9636,52430573,52.832,random,float32
1,852.786684,5117,52430573,51.398,random,float32
1,853.324545,50,52430573,53.770,random,float32
1,853.866081,1198,52430573,55.350,random,float32
1,854.412498,5661,52430573,54.445,random,float32
1,854.966108,2565,52430573,51.971,random,float32
1,855.507413,574,52430573,56.324,random,float32
1,856.045560,3796,52430573,52.248,random,float32
1,856.591038,1053,52430573,53.277,random,float32
1,857.136509,5324,52430573,52.910,random,float32
1,857.679724,233,52430573,54.705,random,float32
1,858.212264,360,52430573,51.313,random,float32
1,858.748349,7183,52430573,55.973,random,float32
1,859.297241,7962,52430573,63.622,random,float32
1,859.840040,309,52430573,53.586,random,float32
1,860.383960,3872,52430573,53.918,random,float32
1,860.919332,5985,52430573,54.633,random,float32
1,861.449471,3288,52430573,53.023,random,float32
1,861.983521,4893,52430573,51.927,random,float32
1,862.521091,6989,52430573,54.326,random,float32
1,863.060245,3978,52430573,53.606,random,float32
1,863.593366,7780,52430573,52.356,random,float32
1,864.126555,9975,52430573,52.648,random,float32
1,864.664609,7972,52430573,52.981,random,float32
1,865.210583,9742,52430573,53.951,random,float32
1,865.756454,1495,52430573,52.980,random,float32
1,866.299213,1104,52430573,55.567,random,float32
1,866.850785,7299,52430573,54.502,random,float32
1,867.407641,4779,52430573,55.583,random,float32
1,867.952808,1306,52430573,53.704,random,float32
1,868.492051,8479,52430573,56.355,random,float32
1,869.037152,2744,52430573,54.551,random,float32
1,869.583570,1164,52430573,55.151,random,float32
1,870.128080,1329,52430573,55.238,random,float32
1,870.670108,3943,52430573,53.338,random,float32
1,871.214256,5253,52430573,54.327,random,float32
1,871.749473,2031,52430573,54.626,random,float32
1,872.295582,677,52430573,56.464,random,float32
1,872.844269,6765,52430573,54.060,random,float32
1,873.375620,3347,52430573,51.876,random,float32
1,873.910715,9444,52430573,52.630,random,float32
1,874.450126,230,52430573,54.108,random,float32
1,874.989891,6843,52430573,52.764,random,float32
1,875.537790,3215,52430573,50.612,random,float32
1,876.069298,567,52430573,52.957,random,float32
1,876.604191,646,52430573,54.237,random,float32
1,877.154397,9287,52430573,56.030,random,float32
1,877.681333,3861,52430573,50.784,random,float32
1,878.223759,2680,52430573,53.638,random,float32
1,878.773303,9494,52430573,56.036,random,float32
1,879.319410,9894,52430573,51.785,random,float32
1,879.857693,3133,52430573,54.377,random,float32
1,880.413637,5610,52430573,56.548,random,float32
1,880.959492,609,52430573,53.474,random,float32
1,881.500160,8638,52430573,52.155,random,float32
1,882.054834,2458,52430573,55.481,random,float32
1,882.613751,1923,52430573,52.395,random,float32
1,883.155183,5005,52430573,55.299,random,float32
1,883.708482,4139,52430573,52.749,random,float32
1,884.254862,2678,52430573,54.805,random,float32
1,884.795347,1104,52430573,53.535,random,float32
1,885.335485,7691,52430573,53.643,random,float32
1,885.873585,9866,52430573,53.188,random,float32
1,886.424902,3225,52430573,56.502,random,float32
1,886.967819,6708,52430573,52.879,random,float32
1,887.511425,9693,52430573,55.142,random,float32
1,888.054141,8563,52430573,55.160,random,float32
1,888.574199,5733,52430573,52.651,random,float32
1,889.112941,650,52430573,54.162,random,float32
1,889.648979,7608,52430573,54.192,random,float32
1,890.198092,3492,52430573,55.772,random,float32
1,890.737657,6804,52430573,53.624,random,float32
1,891.288482,8350,52430573,55.528,random,float32
1,891.831379,5493,52430573,54.939,random,float32
1,892.374996,6672,52430573,51.960,random,float32
1,892.914338,8058,52430573,53.656,random,float32
1,893.453023,553,52430573,53.329,random,float32
1,893.998328,7047,52430573,54.693,random,float32
1,894.546261,3926,52430573,55.260,random,float32
1,895.096030,5865,52430573,57.125,random,float32
1,895.639463,57,52430573,52.218,random,float32
1,896.179753,3654,52430573,55.167,random,float32
1,896.715242,3362,52430573,54.677,random,float32
1,897.258810,1028,52430573,52.904,random,float32
1,897.807242,2384,52430573,54.230,random,float32
1,898.338065,2799,52430573,55.226,random,float32
1,898.885397,9321,52430573,53.677,random,float32
1,899.423540,5660,52430573,54.702,random,float32
1,899.990080,2070,52430573,57.621,random,float32
2,300.506239,5702,52430573,55.479,random,float32
2,301.062889,7901,52430573,55.853,random,float32
2,301.622097,2832,52430573,54.356,random,float32
2,302.162874,2873,52430573,64.175,random,float32
2,302.719939,5005,52430573,59.851,random,float32
2,303.280198,8093,52430573,53.783,random,float32
2,303.814653,5974,52430573,51.079,random,float32
2,304.370131,6288,52430573,56.804,random,float32
2,304.919922,0,52430573,53.394,random,float32
2,305.470501,7805,52430573,52.537,random,float32
2,306.012397,3100,52430573,54.023,random,float32
2,306.569342,6621,52430573,56.837,random,float32
2,307.115559,3635,52430573,56.488,random,float32
2,307.678628,1878,52430573,55.551,random,float32
2,308.220565,4543,52430573,52.575,random,float32
2,308.766561,6644,52430573,53.594,random,float32
2,309.317550,757,52430573,57.377,random,float32
2,309.864802,5920,52430573,54.206,random,float32
2,310.410511,9957,52430573,53.327,random,float32
2,310.948009,2816,52430573,53.659,random,float32
2,311.489476,4524,52430573,52.094,random,float32
2,312.031544,2588,52430573,55.366,random,float32
2,312.574473,9765,52430573,54.720,random,float32
2,313.104425,2304,52430573,52.595,random,float32
2,313.640541,3430,52430573,54.395,random,float32
2,314.179251,5045,52430573,55.337,random,float32
2,314.712107,8842,52430573,51.002,random,float32
2,315.237842,9264,52430573,52.840,random,float32
2,315.775829,9927,52430573,54.873,random,float32
2,316.318537,8088,52430573,57.191,random,float32
2,316.866370,7423,52430573,55.474,random,float32
2,317.406119,336,52430573,53.856,random,float32
2,317.967895,2696,52430573,56.644,random,float32
2,318.506903,6966,52430573,52.107,random,float32
2,319.074183,8267,52430573,56.040,random,float32
2,319.611642,9256,52430573,54.741,random,float32
2,320.155178,8106,52430573,54.581,random,float32
2,320.689459,3017,52430573,54.547,random,float32
2,321.222516,8458,52430573,53.825,random,float32
2,321.761457,9200,52430573,56.697,random,float32
2,322.303497,450,52430573,52.594,random,float32
2,322.839294,7025,52430573,54.747,random,float32
2,323.364424,1252,52430573,53.559,random,float32
2,323.904457,1854,52430573,49.634,random,float32
2,324.445337,7923,52430573,52.016,random,float32
2,325.007379,4234,52430573,57.961,random,float32
2,325.576195,9211,52430573,55.488,random,float32
2,326.103962,6305,52430573,50.403,random,float32
2,326.650104,1592,52430573,54.861,random,float32
2,327.182531,7865,52430573,54.098,random,float32
2,327.712516,5631,52430573,52.239,random,float32
2,328.239582,8871,52430573,53.259,random,float32
2,328.782285,4891,52430573,54.533,random,float32
2,329.329407,7207,52430573,51.699,random,float32
2,329.867747,5796,52430573,55.135,random,float32
2,330.402949,9438,52430573,54.113,random,float32
2,330.928167,5847,52430573,51.683,random,float32
2,331.467772,2669,52430573,53.743,random,float32
2,331.995245,7672,52430573,53.189,random,float32
2,332.554842,669,52430573,53.724,random,float32
2,333.114008,6649,52430573,53.786,random,float32
2,333.676404,6490,52430573,52.183,random,float32
2,334.216710,4799,52430573,56.063,random,float32
2,334.754216,2589,52430573,54.009,random,float32
2,335.284370,7129,52430573,54.003,random,float32
2,335.821536,3511,52430573,55.217,random,float32
2,336.375795,4641,52430573,54.600,random,float32
2,336.939239,3501,52430573,53.831,random,float32
2,337.481398,6593,52430573,57.854,random,float32
2,338.025987,7984,52430573,55.942,random,float32
2,338.576592,621,52430573,53.085,random,float32
2,339.114885,8732,52430573,56.126,random,float32
2,339.652555,7712,52430573,52.946,random,float32
2,340.191424,366,52430573,50.721,random,float32
2,340.714964,6218,52430573,51.967,random,float32
2,341.251590,4594,52430573,52.639,random,float32
2,341.775286,1083,52430573,54.327,random,float32
2,342.309987,2376,52430573,55.238,random,float32
2,342.845935,1830,52430573,54.554,random,float32
2,343.375844,2396,52430573,51.404,random,float32
2,343.904866,3048,52430573,53.386,random,float32
2,344.463247,8757,52430573,54.457,random,float32
2,345.011185,5184,52430573,57.118,random,float32
2,345.545655,441,52430573,52.452,random,float32
2,346.084808,2876,52430573,53.117,random,float32
2,346.619286,7454,52430573,53.602,random,float32
2,347.166374,7603,52430573,55.105,random,float32
2,347.702207,5630,52430573,56.387,random,float32
2,348.259906,6166,52430573,52.674,random,float32
2,348.796280,2791,52430573,54.520,random,float32
2,349.332924,579,52430573,55.815,random,float32
2,349.876715,6973,52430573,54.459,random,float32
2,350.414522,5135,52430573,52.652,random,float32
2,350.974415,3499,52430573,59.724,random,float32
2,351.520622,9300,52430573,56.044,random,float32
2,352.074281,88,52430573,53.808,random,float32
2,352.632539,2072,52430573,53.525,random,float32
2,353.163179,901,52430573,55.034,random,float32
2,353.712926,3108,52430573,57.161,random,float32
2,354.256650,9651,52430573,54.177,random,float32
2,354.795885,8473,52430573,53.423,random,float32
2,355.327762,9740,52430573,50.822,random,float32
2,355.862527,6666,52430573,52.060,random,float32
2,356.398184,5949,52430573,52.885,random,float32
2,356.928893,4722,52430573,50.582,random,float32
2,357.467546,612,52430573,53.024,random,float32
2,358.004096,9468,52430573,51.157,random,float32
2,358.552343,2410,52430573,53.251,random,float32
2,359.113978,4995,52430573,56.533,random,float32
2,359.665468,9279,52430573,59.145,random,float32
2,360.216879,5243,52430573,52.431,random,float32
2,360.743225,7370,52430573,50.839,random,float32
2,361.275473,7527,52430573,53.835,random,float32
2,361.800443,3212,52430573,49.707,random,float32
2,362.331836,7087,52430573,53.684,random,float32
2,362.862777,3153,52430573,51.382,random,float32
2,363.396765,142,52430573,51.620,random,float32
2,363.933700,666,52430573,53.202,random,float32
2,364.458319,4518,52430573,51.043,random,float32
2,364.974515,2998,52430573,52.394,random,float32
2,365.499892,7799,52430573,53.492,random,float32
2,366.065428,1254,52430573,84.288,random,float32
2,366.600313,8135,52430573,52.835,random,float32
2,367.147331,9454,52430573,55.183,random,float32
2,367.692064,397,52430573,56.277,random,float32
2,368.236485,2465,52430573,55.157,random,float32
2,368.776259,7309,52430573,54.907,random,float32
2,369.305627,4889,52430573,51.591,random,float32
2,369.841646,8552,52430573,54.595,random,float32
2,370.375886,1686,52430573,51.208,random,float32
2,370.901882,1997,52430573,52.231,random,float32
2,371.422287,7182,52430573,52.302,random,float32
2,371.945518,4514,52430573,49.159,random,float32
2,372.493201,7577,52430573,52.413,random,float32
2,373.025126,796,52430573,55.154,random,float32
2,373.567142,5462,52430573,52.433,random,float32
2,374.098988,677,52430573,54.454,random,float32
2,374.642419,7628,52430573,52.159,random,float32
2,375.180811,909,52430573,51.778,random,float32
2,375.715603,4125,52430573,53.199,random,float32
2,376.262788,2115,52430573,55.361,random,float32
2,376.815930,1540,52430573,53.438,random,float32
2,377.353864,2415,52430573,54.519,random,float32
2,377.887457,4647,52430573,52.613,random,float32
2,378.434822,5141,52430573,57.157,random,float32
2,378.986470,4852,52430573,54.427,random,float32
2,379.534099,888,52430573,52.388,random,float32
2,380.070994,4366,52430573,53.187,random,float32
2,380.621345,2778,52430573,54.359,random,float32
2,381.168079,5250,52430573,53.323,random,float32
2,381.725519,4423,52430573,54.108,random,float32
2,382.261223,3392,52430573,57.286,random,float32
2,382.794233,5310,52430573,55.679,random,float32
2,383.331687,6602,52430573,56.526,random,float32
2,383.872946,5067,52430573,54.398,random,float32
2,384.423188,975,52430573,56.204,random,float32
2,384.976007,390,52430573,55.695,random,float32
2,385.532320,9494,52430573,55.899,random,float32
2,386.082659,8842,52430573,54.887,random,float32
2,386.646343,9687,52430573,59.463,random,float32
2,387.207833,1364,52430573,57.518,random,float32
2,387.764846,7412,52430573,52.346,random,float32
2,388.314395,3831,52430573,53.795,random,float32
2,388.855698,7087,52430573,54.917,random,float32
2,389.400432,1360,52430573,54.282,random,float32
2,389.958137,6266,52430573,57.097,random,float32
2,390.513196,9467,52430573,54.813,random,float32
2,391.066759,371,52430573,59.384,random,float32
2,391.602120,6514,52430573,51.971,random,float32
2,392.137408,7066,52430573,53.017,random,float32
2,392.671127,7100,52430573,54.110,random,float32
2,393.214936,609,52430573,52.743,random,float32
2,393.759201,6871,52430573,51.266,random,float32
2,394.300575,2301,52430573,53.433,random,float32
2,394.834597,9856,52430573,53.751,random,float32
2,395.356657,7924,52430573,49.016,random,float32
2,395.892120,3502,52430573,54.439,random,float32
2,396.412894,4714,52430573,52.532,random,float32
2,396.938738,2909,52430573,54.774,random,float32
2,397.465099,9724,52430573,53.106,random,float32
2,397.989226,3297,52430573,52.375,random,float32
2,398.530982,8070,52430573,53.863,random,float32
2,399.074781,155,52430573,53.801,random,float32
2,399.608417,3756,52430573,52.200,random,float32
2,400.149230,9578,52430573,54.043,random,float32
2,400.687151,9098,52430573,53.910,random,float32
2,401.223804,3201,52430573,54.279,random,float32
2,401.758646,6936,52430573,53.375,random,float32
2,402.287070,4043,52430573,52.506,random,float32
2,402.822411,1367,52430573,54.900,random,float32
2,403.359253,8285,52430573,55.765,random,float32
2,403.910600,8261,52430573,55.763,random,float32
2,404.462127,9083,52430573,55.584,random,float32
2,405.016066,8631,52430573,54.900,random,float32
2,405.569273,6041,52430573,57.642,random,float32
2,406.111348,9181,52430573,55.163,random,float32
2,406.656647,5481,52430573,57.494,random,float32
2,407.205223,2633,52430573,54.501,random,float32
2,407.744977,9222,52430573,55.026,random,float32
2,408.281855,9912,52430573,53.010,random,float32
2,408.810230,6693,52430573,49.308,random,float32
2,409.349364,9910,52430573,52.463,random,float32
2,409.881049,785,52430573,53.760,random,float32
2,410.408209,8773,52430573,53.149,random,float32
2,410.936789,6502,52430573,53.246,random,float32
2,411.448743,9366,52430573,52.772,random,float32
2,411.969808,9895,52430573,54.264,random,float32
2,412.513678,7527,52430573,55.541,random,float32
2,413.053602,237,52430573,54.314,random,float32
2,413.595068,6242,52430573,54.987,random,float32
2,414.121341,4416,52430573,52.923,random,float32
2,414.663733,3730,52430573,52.029,random,float32
2,415.200310,4653,52430573,53.583,random,float32
2,415.731440,8302,52430573,49.518,random,float32
2,416.261848,9050,52430573,54.774,random,float32
2,416.796224,4451,52430573,51.924,random,float32
2,417.316777,7091,52430573,50.850,random,float32
2,417.864985,4992,52430573,53.762,random,float32
2,418.391985,15,52430573,55.703,random,float32
2,418.930887,1837,52430573,54.903,random,float32
2,419.469169,4369,52430573,54.071,random,float32
2,419.989213,2489,52430573,52.716,random,float32
2,420.505450,8626,52430573,50.810,random,float32
2,421.034431,7302,52430573,52.319,random,float32
2,421.564021,8661,52430573,54.431,random,float32
2,422.093280,8618,52430573,53.013,random,float32
2,422.615603,4525,52430573,54.410,random,float32
2,423.140380,6283,52430573,52.957,random,float32
2,423.678154,382,52430573,53.397,random,float32
2,424.217893,5559,52430573,53.529,random,float32
2,424.755005,1928,52430573,53.919,random,float32
2,425.287350,923,52430573,54.564,random,float32
2,425.826862,2500,52430573,54.440,random,float32
2,426.354373,2625,52430573,54.809,random,float32
2,426.901644,8072,52430573,55.188,random,float32
2,427.459716,8487,52430573,56.661,random,float32
2,427.998718,233,52430573,52.697,random,float32
2,428.527424,7365,52430573,52.414,random,float32
2,429.063969,870,52430573,52.826,random,float32
2,429.598928,4632,52430573,52.139,random,float32
2,430.129878,7802,52430573,55.941,random,float32
2,430.669144,6891,52430573,54.049,random,float32
2,431.200751,8523,52430573,50.305,random,float32
2,431.732996,6409,52430573,53.636,random,float32
2,432.264911,2618,52430573,54.270,random,float32
2,432.799893,3223,52430573,55.290,random,float32
2,433.332000,7145,52430573,51.317,random,float32
2,433.856702,5898,52430573,51.673,random,float32
2,434.399515,1222,52430573,53.907,random,float32
2,434.930279,9913,52430573,53.240,random,float32
2,435.453611,773,52430573,50.944,random,float32
2,435.981229,3516,52430573,51.389,random,float32
2,436.503850,2773,52430573,55.172,random,float32
2,437.048464,9616,52430573,54.035,random,float32
2,437.580730,7546,52430573,51.844,random,float32
2,438.116931,3374,52430573,51.932,random,float32
2,438.637087,3247,52430573,50.532,random,float32
2,439.167054,9481,52430573,53.924,random,float32
2,439.704019,258,52430573,53.693,random,float32
2,440.223246,406,52430573,50.988,random,float32
2,440.741403,2804,52430573,51.287,random,float32
2,441.275272,7511,52430573,53.261,random,float32
2,441.805387,6398,52430573,56.406,random,float32
2,442.337216,8664,52430573,53.857,random,float32
2,442.868922,6688,52430573,54.503,random,float32
2,443.393395,6670,52430573,56.095,random,float32
2,443.937361,4298,52430573,55.051,random,float32
2,444.467678,2017,52430573,53.288,random,float32
2,444.986981,8633,52430573,52.329,random,float32
2,445.514223,5719,52430573,53.730,random,float32
2,446.047570,2417,52430573,55.056,random,float32
2,446.569776,9741,52430573,52.488,random,float32
2,447.105900,2514,52430573,52.876,random,float32
2,447.646937,6574,52430573,53.543,random,float32
2,448.175585,6016,52430573,51.578,random,float32
2,448.702648,3788,52430573,53.349,random,float32
2,449.253125,529,52430573,52.495,random,float32
2,449.789303,7913,52430573,53.437,random,float32
2,450.331243,3010,52430573,56.028,random,float32
2,450.873656,3053,52430573,55.405,random,float32
2,451.423597,4230,52430573,55.613,random,float32
2,451.962448,4925,52430573,51.320,random,float32
2,452.514032,839,52430573,53.864,random,float32
2,453.056500,8285,52430573,55.559,random,float32
2,453.588852,3783,52430573,55.778,random,float32
2,454.115131,576,52430573,55.304,random,float32
2,454.659921,3041,52430573,53.949,random,float32
2,455.202803,3606,52430573,56.360,random,float32
2,455.736627,8740,52430573,55.859,random,float32
2,456.263968,5060,52430573,52.710,random,float32
2,456.799119,6318,52430573,51.467,random,float32
2,457.335218,299,52430573,55.730,random,float32
2,457.869985,227,52430573,54.983,random,float32
2,458.394475,3869,52430573,50.851,random,float32
2,458.925912,1980,52430573,53.503,random,float32
2,459.455149,3801,52430573,54.296,random,float32
2,460.007157,9561,52430573,56.738,random,float32
2,460.565062,8458,52430573,56.555,random,float32
2,461.108098,7533,52430573,54.519,random,float32
2,461.663587,211,52430573,55.816,random,float32
2,462.197494,283,52430573,54.056,random,float32
2,462.739571,4950,52430573,54.614,random,float32
2,463.282380,8995,52430573,53.682,random,float32
2,463.816273,9845,52430573,54.933,random,float32
2,464.352787,1208,52430573,54.799,random,float32
2,464.882590,4152,52430573,53.891,random,float32
2,465.412664,5361,52430573,50.762,random,float32
2,465.938549,9117,52430573,53.148,random,float32
2,466.464443,9647,52430573,54.800,random,float32
2,467.001499,3781,52430573,55.161,random,float32
2,467.532386,5345,52430573,55.349,random,float32
2,468.065685,2982,52430573,54.068,random,float32
2,468.597291,5133,52430573,55.993,random,float32
2,469.156133,7191,52430573,55.246,random,float32
2,469.709358,3369,52430573,54.583,random,float32
2,470.255204,5516,52430573,54.513,random,float32
2,470.807111,2469,52430573,54.650,random,float32
2,471.340287,5577,52430573,53.260,random,float32
2,471.875722,2949,52430573,52.436,random,float32
2,472.409617,5721,52430573,54.173,random,float32
2,472.942700,694,52430573,53.201,random,float32
2,473.472001,5528,52430573,51.219,random,float32
2,474.004133,112,52430573,50.336,random,float32
2,474.533857,3861,52430573,50.189,random,float32
2,475.067561,2651,52430573,51.769,random,float32
2,475.609451,9784,52430573,51.257,random,float32
2,476.143665,7626,52430573,56.479,random,float32
2,476.680582,4938,52430573,54.341,random,float32
2,477.212758,5466,52430573,56.092,random,float32
2,477.739346,498,52430573,55.875,random,float32
2,478.266229,5942,52430573,52.251,random,float32
2,478.796167,1571,52430573,51.329,random,float32
2,479.326910,5423,52430573,57.235,random,float32
2,479.869400,9322,52430573,54.204,random,float32
2,480.402377,6363,52430573,53.820,random,float32
2,480.936172,4989,52430573,53.235,random,float32
2,481.472502,4921,52430573,53.148,random,float32
2,481.996361,90,52430573,53.432,random,float32
2,482.529845,7900,52430573,54.651,random,float32
2,483.070813,4381,52430573,53.506,random,float32
2,483.610102,7710,52430573,51.951,random,float32
2,484.147479,6584,52430573,53.245,random,float32
2,484.683969,8046,52430573,51.604,random,float32
2,485.228873,2094,52430573,56.212,random,float32
2,485.758305,43,52430573,51.608,random,float32
2,486.287556,3560,52430573,54.734,random,float32
2,486.823896,3374,52430573,55.011,random,float32
2,487.350940,8730,52430573,51.967,random,float32
2,487.875492,165,52430573,54.488,random,float32
2,488.404570,2618,52430573,52.436,random,float32
2,488.938200,670,52430573,53.971,random,float32
2,489.480813,7956,52430573,52.457,random,float32
2,490.021089,400,52430573,52.162,random,float32
2,490.559516,510,52430573,52.748,random,float32
2,491.097545,2212,52430573,55.978,random,float32
2,491.637893,2853,52430573,53.984,random,float32
2,492.166641,1144,52430573,52.562,random,float32
2,492.711826,612,52430573,54.460,random,float32
2,493.251839,2828,52430573,54.760,random,float32
2,493.814916,2158,52430573,55.477,random,float32
2,494.368839,2907,52430573,57.383,random,float32
2,494.926501,2807,52430573,56.572,random,float32
2,495.473111,189,52430573,53.149,random,float32
2,496.009445,6035,52430573,53.575,random,float32
2,496.544856,4092,52430573,55.260,random,float32
2,497.087767,187,52430573,52.696,random,float32
2,497.620922,3862,52430573,53.770,random,float32
2,498.156981,4767,52430573,53.916,random,float32
2,498.697102,1245,52430573,54.740,random,float32
2,499.235672,6890,52430573,52.556,random,float32
2,499.765474,1247,52430573,53.055,random,float32
2,500.301440,965,52430573,53.201,random,float32
2,500.835384,7634,52430573,52.419,random,float32
2,501.371249,4550,52430573,50.334,random,float32
2,501.896544,3958,52430573,55.040,random,float32
2,502.430400,5084,52430573,52.839,random,float32
2,502.961687,1288,52430573,51.834,random,float32
2,503.493076,454,52430573,54.166,random,float32
2,504.018760,5595,52430573,55.782,random,float32
2,504.543267,415,52430573,51.256,random,float32
2,505.074700,6902,52430573,51.339,random,float32
2,505.593025,581,52430573,53.420,random,float32
2,506.121577,9148,52430573,54.086,random,float32
2,506.649308,9960,52430573,52.175,random,float32
2,507.183830,228,52430573,55.902,random,float32
2,507.715997,9035,52430573,53.107,random,float32
2,508.253639,6041,52430573,55.570,random,float32
2,508.795003,6773,52430573,54.917,random,float32
2,509.332797,3840,52430573,54.298,random,float32
2,509.865389,4980,52430573,52.697,random,float32
2,510.397188,4971,52430573,53.630,random,float32
2,510.931291,5000,52430573,52.668,random,float32
2,511.473784,2904,52430573,54.916,random,float32
2,511.998741,2328,52430573,51.259,random,float32
2,512.527465,5245,52430573,53.361,random,float32
2,513.066319,7314,52430573,51.374,random,float32
2,513.614210,4023,52430573,53.775,random,float32
2,514.163216,450,52430573,52.909,random,float32
2,514.702394,6082,52430573,55.559,random,float32
2,515.244416,3582,52430573,55.024,random,float32
2,515.779544,8293,52430573,52.175,random,float32
2,516.311843,2808,52430573,52.599,random,float32
2,516.847219,5950,52430573,52.204,random,float32
2,517.373700,5598,52430573,55.616,random,float32
2,517.896472,9493,52430573,52.163,random,float32
2,518.430519,8927,52430573,54.660,random,float32
2,518.966191,1406,52430573,53.484,random,float32
2,519.502342,4969,52430573,55.193,random,float32
2,520.047458,2863,52430573,54.308,random,float32
2,520.582086,6444,52430573,51.451,random,float32
2,521.128413,5210,52430573,53.924,random,float32
2,521.666907,2974,52430573,54.003,random,float32
2,522.217605,5603,52430573,55.263,random,float32
2,522.761864,8921,52430573,54.337,random,float32
2,523.288068,3438,52430573,52.531,random,float32
2,523.831027,5323,52430573,52.787,random,float32
2,524.365724,1912,52430573,55.668,random,float32
2,524.896367,1903,52430573,54.559,random,float32
2,525.426707,8649,52430573,52.159,random,float32
2,525.973708,7585,52430573,55.048,random,float32
2,526.511415,2527,52430573,50.543,random,float32
2,527.043024,998,52430573,53.852,random,float32
2,527.575519,4129,52430573,51.772,random,float32
2,528.135619,4604,52430573,56.769,random,float32
2,528.693519,4329,52430573,58.849,random,float32
2,529.234801,6793,52430573,53.264,random,float32
2,529.765467,6778,52430573,52.147,random,float32
2,530.302119,8205,52430573,50.809,random,float32
2,530.817840,5319,52430573,51.659,random,float32
2,531.359297,8848,52430573,53.527,random,float32
2,531.884734,4675,52430573,50.861,random,float32
2,532.414598,6381,52430573,55.180,random,float32
2,532.939916,8868,52430573,55.409,random,float32
2,533.478357,3723,52430573,55.059,random,float32
2,534.016092,6473,52430573,54.270,random,float32
2,534.553921,9240,52430573,54.458,random,float32
2,535.103546,9561,52430573,53.481,random,float32
2,535.638896,1292,52430573,52.036,random,float32
2,536.172830,7360,52430573,54.037,random,float32
2,536.712408,253,52430573,53.466,random,float32
2,537.249018,9307,52430573,53.995,random,float32
2,537.788753,9751,52430573,55.213,random,float32
2,538.330151,67,52430573,54.798,random,float32
2,538.873049,8280,52430573,58.180,random,float32
2,539.410196,4388,52430573,52.106,random,float32
2,539.947577,4521,52430573,53.555,random,float32
2,540.493962,2554,52430573,52.139,random,float32
2,541.022466,2751,52430573,50.865,random,float32
2,541.557265,2933,52430573,54.515,random,float32
2,542.108272,2837,52430573,56.557,random,float32
2,542.660369,6726,52430573,50.340,random,float32
2,543.190884,5243,52430573,52.631,random,float32
2,543.726921,8806,52430573,53.787,random,float32
2,544.259010,6991,52430573,53.655,random,float32
2,544.797410,4672,52430573,55.834,random,float32
2,545.334896,9242,52430573,52.668,random,float32
2,545.869050,925,52430573,52.816,random,float32
2,546.396006,5556,52430573,49.276,random,float32
2,546.924653,2558,52430573,52.746,random,float32
2,547.451831,1534,52430573,54.107,random,float32
2,547.983269,9477,52430573,52.516,random,float32
2,548.504345,8975,52430573,49.932,random,float32
2,549.030815,5306,52430573,53.562,random,float32
2,549.562714,2413,52430573,53.043,random,float32
2,550.095168,1416,52430573,56.127,random,float32
2,550.631879,5829,52430573,53.936,random,float32
2,551.174693,5463,52430573,56.825,random,float32
2,551.702114,8460,52430573,52.910,random,float32
2,552.242648,1166,52430573,53.964,random,float32
2,552.783315,9687,52430573,55.639,random,float32
2,553.322571,7001,52430573,53.008,random,float32
2,553.875784,9468,52430573,53.213,random,float32
2,554.408976,5151,52430573,49.635,random,float32
2,554.930626,2739,52430573,52.570,random,float32
2,555.473375,4064,52430573,52.222,random,float32
2,556.008544,9947,52430573,49.863,random,float32
2,556.545929,2070,52430573,53.790,random,float32
2,557.087767,1948,52430573,54.572,random,float32
2,557.644932,5858,52430573,57.296,random,float32
2,558.188404,3094,52430573,55.074,random,float32
2,558.743757,7390,52430573,55.854,random,float32
2,559.288584,2901,52430573,55.062,random,float32
2,559.841802,1757,52430573,55.333,random,float32
2,560.396065,3000,52430573,55.005,random,float32
2,560.922389,4050,52430573,53.360,random,float32
2,561.455361,9791,52430573,50.944,random,float32
2,561.995256,2950,52430573,52.859,random,float32
2,562.543351,1007,52430573,52.861,random,float32
2,563.084959,7540,52430573,52.994,random,float32
2,563.620516,1894,52430573,48.260,random,float32
2,564.154068,1935,52430573,51.854,random,float32
2,564.684888,8937,52430573,52.267,random,float32
2,565.222403,7578,52430573,52.748,random,float32
2,565.768301,33,52430573,54.846,random,float32
2,566.322083,7285,52430573,54.890,random,float32
2,566.870078,183,52430573,54.863,random,float32
2,567.398222,1210,52430573,52.135,random,float32
2,567.933378,4869,52430573,53.588,random,float32
2,568.481495,6647,52430573,54.172,random,float32
2,569.016621,2924,52430573,52.315,random,float32
2,569.560023,8873,52430573,54.939,random,float32
2,570.103891,534,52430573,53.910,random,float32
2,570.655164,8821,52430573,55.241,random,float32
2,571.195271,5437,52430573,53.425,random,float32
2,571.725345,6529,52430573,52.662,random,float32
2,572.258239,4193,52430573,54.037,random,float32
2,572.793645,9299,52430573,54.033,random,float32
2,573.344858,3225,52430573,56.052,random,float32
2,573.877533,853,52430573,51.415,random,float32
2,574.404074,1613,52430573,53.545,random,float32
2,574.933853,6447,52430573,53.226,random,float32
2,575.466225,2537,52430573,56.142,random,float32
2,575.994609,344,52430573,53.240,random,float32
2,576.522693,9522,52430573,52.609,random,float32
2,577.054755,4379,52430573,51.338,random,float32
2,577.581197,7526,52430573,51.654,random,float32
2,578.113657,8099,52430573,54.538,random,float32
2,578.635333,1502,52430573,52.415,random,float32
2,579.159775,6313,52430573,50.741,random,float32
2,579.683200,178,52430573,52.452,random,float32
2,580.214620,9344,52430573,50.563,random,float32
2,580.743535,1011,52430573,54.174,random,float32
2,581.275323,4854,52430573,53.194,random,float32
2,581.806165,5278,52430573,52.798,random,float32
2,582.337550,2133,52430573,53.579,random,float32
2,582.869642,5088,52430573,53.677,random,float32
2,583.409935,4227,52430573,52.521,random,float32
2,583.946984,4359,52430573,51.758,random,float32
2,584.492997,5169,52430573,54.152,random,float32
2,585.018470,6069,52430573,53.408,random,float32
2,585.548731,5134,52430573,57.088,random,float32
2,586.072468,6538,52430573,53.089,random,float32
2,586.598771,1775,52430573,52.826,random,float32
2,587.129328,9161,52430573,53.173,random,float32
2,587.649535,7773,52430573,53.380,random,float32
2,588.170185,902,52430573,52.275,random,float32
2,588.701841,1461,52430573,52.283,random,float32
2,589.233692,5162,52430573,52.442,random,float32
2,589.761264,3383,52430573,53.621,random,float32
2,590.291461,777,52430573,51.919,random,float32
2,590.811605,4469,52430573,50.017,random,float32
2,591.341754,9548,52430573,53.780,random,float32
2,591.863307,1278,52430573,52.574,random,float32
2,592.387582,8540,52430573,52.960,random,float32
2,592.905663,4607,52430573,52.016,random,float32
2,593.451140,6441,52430573,55.195,random,float32
2,593.968063,4682,52430573,49.306,random,float32
2,594.501494,5073,52430573,54.686,random,float32
2,595.038071,3362,52430573,55.765,random,float32
2,595.572450,1530,52430573,53.885,random,float32
2,596.120503,8344,52430573,56.503,random,float32
2,596.670678,3080,52430573,51.258,random,float32
2,597.197773,3575,52430573,51.168,random,float32
2,597.723637,484,52430573,51.683,random,float32
2,598.264445,6738,52430573,53.446,random,float32
2,598.787688,787,52430573,52.414,random,float32
2,599.349251,9263,52430573,56.430,random,float32
2,599.903210,1975,52430573,55.260,random,float32
2,600.473728,1937,52430573,55.861,random,float32
2,601.016360,9003,52430573,52.969,random,float32
2,601.561120,805,52430573,53.760,random,float32
2,602.093217,2006,52430573,53.020,random,float32
2,602.640328,2752,52430573,53.740,random,float32
2,603.183726,4713,52430573,55.167,random,float32
2,603.725806,5039,52430573,51.106,random,float32
2,604.275238,7885,52430573,56.410,random,float32
2,604.819764,8668,52430573,53.522,random,float32
2,605.347435,6453,52430573,52.889,random,float32
2,605.885721,9088,52430573,55.136,random,float32
2,606.403664,4197,52430573,50.345,random,float32
2,606.938357,5029,52430573,52.043,random,float32
2,607.472008,3791,52430573,54.740,random,float32
2,608.004676,6142,52430573,56.028,random,float32
2,608.532909,8184,52430573,51.924,random,float32
2,609.066961,6279,52430573,54.894,random,float32
2,609.600379,2742,52430573,54.844,random,float32
2,610.138395,1565,52430573,54.843,random,float32
2,610.674113,4658,52430573,55.151,random,float32
2,611.207100,3870,52430573,50.992,random,float32
2,611.742664,8232,52430573,53.672,random,float32
2,612.269019,9458,52430573,54.015,random,float32
2,612.800319,9459,52430573,55.584,random,float32
2,613.340990,448,52430573,56.333,random,float32
2,613.887713,4202,52430573,53.467,random,float32
2,614.434508,5654,52430573,54.638,random,float32
2,614.963459,2488,52430573,53.552,random,float32
2,615.505475,7278,52430573,55.378,random,float32
2,616.043359,9336,52430573,52.648,random,float32
2,616.591612,968,52430573,53.991,random,float32
2,617.136716,9967,52430573,54.556,random,float32
2,617.674482,5177,52430573,53.861,random,float32
2,618.201284,1059,52430573,52.619,random,float32
2,618.742203,7477,52430573,54.079,random,float32
2,619.286030,4863,52430573,55.178,random,float32
2,619.828271,2441,52430573,54.325,random,float32
2,620.360082,2222,52430573,53.125,random,float32
2,620.881248,547,52430573,52.278,random,float32
2,621.413154,1732,52430573,52.746,random,float32
2,621.943854,3168,52430573,52.892,random,float32
2,622.479692,5655,52430573,53.641,random,float32
2,623.009349,2952,52430573,52.544,random,float32
2,623.547662,1721,52430573,53.635,random,float32
2,624.080604,8361,52430573,55.086,random,float32
2,624.618521,9315,52430573,62.326,random,float32
2,625.176273,6092,52430573,59.584,random,float32
2,625.733102,7527,52430573,54.318,random,float32
2,626.268993,4908,52430573,55.229,random,float32
2,626.818693,8479,52430573,55.251,random,float32
2,627.363454,4860,52430573,54.851,random,float32
2,627.901242,9080,52430573,52.274,random,float32
2,628.430350,5814,52430573,53.768,random,float32
2,628.960056,5671,52430573,49.532,random,float32
2,629.492143,432,52430573,52.162,random,float32
2,630.024590,2324,52430573,54.524,random,float32
2,630.554538,5877,52430573,54.957,random,float32
2,631.084810,5354,52430573,52.683,random,float32
2,631.620499,104,52430573,55.492,random,float32
2,632.173818,2371,52430573,56.649,random,float32
2,632.713175,218,52430573,52.230,random,float32
2,633.244019,5912,52430573,53.433,random,float32
2,633.793129,3830,52430573,56.617,random,float32
2,634.337696,8923,52430573,53.597,random,float32
2,634.872640,9217,52430573,53.632,random,float32
2,635.416851,1069,52430573,55.638,random,float32
2,635.963395,1068,52430573,54.004,random,float32
2,636.507848,3410,52430573,56.242,random,float32
2,637.052931,4316,52430573,53.827,random,float32
2,637.579009,900,52430573,51.415,random,float32
2,638.117921,6431,52430573,53.082,random,float32
2,638.646968,6725,52430573,52.262,random,float32
2,639.180937,5001,52430573,52.154,random,float32
2,639.707530,1079,52430573,53.181,random,float32
2,640.243818,8858,52430573,52.181,random,float32
2,640.798552,9150,52430573,54.387,random,float32
2,641.340303,5409,52430573,55.181,random,float32
2,641.878607,3124,52430573,54.089,random,float32
2,642.427119,4657,52430573,54.950,random,float32
2,642.967762,3740,52430573,50.679,random,float32
2,643.505089,9529,52430573,54.324,random,float32
2,644.047494,958,52430573,54.537,random,float32
2,644.598696,75,52430573,55.958,random,float32
2,645.139966,5397,52430573,51.838,random,float32
2,645.675242,6540,52430573,53.984,random,float32
2,646.197107,1325,52430573,50.225,random,float32
2,646.729282,9805,52430573,51.888,random,float32
2,647.262332,7411,52430573,54.066,random,float32
2,647.806811,8844,52430573,56.306,random,float32
2,648.346314,666,52430573,54.418,random,float32
2,648.872468,3219,52430573,53.604,random,float32
2,649.411866,8318,52430573,52.006,random,float32
2,649.948428,9796,52430573,54.293,random,float32
2,650.490479,2448,52430573,54.295,random,float32
2,651.025636,9414,52430573,54.998,random,float32
2,651.561022,9756,52430573,54.860,random,float32
2,652.101147,5194,52430573,53.634,random,float32
2,652.634136,4677,52430573,49.123,random,float32
2,653.169212,559,52430573,52.312,random,float32
2,653.710032,117,52430573,52.610,random,float32
2,654.253675,1481,52430573,54.074,random,float32
2,654.800567,9399,52430573,55.548,random,float32
2,655.341821,1148,52430573,50.665,random,float32
2,655.881820,2616,52430573,54.662,random,float32
2,656.426464,1115,52430573,54.420,random,float32
2,656.973086,918,52430573,56.154,random,float32
2,657.525046,4685,52430573,54.924,random,float32
2,658.059265,4438,52430573,53.471,random,float32
2,658.584744,9034,52430573,52.157,random,float32
2,659.126413,5692,52430573,50.935,random,float32
2,659.677365,4230,52430573,55.313,random,float32
2,660.226018,440,52430573,54.110,random,float32
2,660.773819,9623,52430573,53.747,random,float32
2,661.321496,6535,52430573,53.018,random,float32
2,661.854607,7949,52430573,53.521,random,float32
2,662.388281,8128,52430573,53.582,random,float32
2,662.912329,4862,52430573,52.148,random,float32
2,663.446583,7173,52430573,54.726,random,float32
2,663.971688,8605,52430573,53.677,random,float32
2,664.517310,4315,52430573,53.323,random,float32
2,665.055295,8483,52430573,51.596,random,float32
2,665.590511,4133,52430573,54.740,random,float32
2,666.127501,4560,52430573,55.717,random,float32
2,666.691611,4934,52430573,58.167,random,float32
2,667.241870,791,52430573,55.094,random,float32
2,667.781631,448,52430573,58.025,random,float32
2,668.316037,1929,52430573,51.554,random,float32
2,668.834028,3882,52430573,54.918,random,float32
2,669.356513,6234,52430573,53.504,random,float32
2,669.889129,4093,52430573,53.836,random,float32
2,670.428184,6592,52430573,55.006,random,float32
2,670.971617,3791,52430573,55.880,random,float32
2,671.513273,151,52430573,53.523,random,float32
2,672.041894,6582,52430573,53.639,random,float32
2,672.574706,920,52430573,53.031,random,float32
2,673.105811,9383,52430573,53.915,random,float32
2,673.640885,6137,52430573,51.094,random,float32
2,674.171254,7486,52430573,52.854,random,float32
2,674.707288,2262,52430573,53.775,random,float32
2,675.238935,2145,52430573,53.019,random,float32
2,675.765993,4172,52430573,51.346,random,float32
2,676.293874,6886,52430573,49.077,random,float32
2,676.834492,482,52430573,55.482,random,float32
2,677.371703,572,52430573,54.813,random,float32
2,677.907240,6789,52430573,53.634,random,float32
2,678.438807,5529,52430573,53.009,random,float32
2,678.971734,7184,52430573,50.696,random,float32
2,679.512115,7725,52430573,51.806,random,float32
2,680.046994,3714,52430573,53.048,random,float32
2,680.579995,3017,52430573,54.505,random,float32
2,681.124488,9110,52430573,54.344,random,float32
2,681.677591,9765,52430573,55.446,random,float32
2,682.210824,2860,52430573,51.291,random,float32
2,682.746314,602,52430573,54.261,random,float32
2,683.285671,2701,52430573,56.070,random,float32
2,683.832847,3557,52430573,54.830,random,float32
2,684.373991,7890,52430573,54.441,random,float32
2,684.902135,8016,52430573,51.820,random,float32
2,685.449581,975,52430573,55.072,random,float32
2,685.997685,7856,52430573,54.952,random,float32
2,686.531778,4828,52430573,50.673,random,float32
2,687.075506,5720,52430573,54.468,random,float32
2,687.611028,1719,52430573,52.780,random,float32
2,688.160585,9862,52430573,55.704,random,float32
2,688.705399,8739,52430573,52.427,random,float32
2,689.249286,2313,52430573,54.148,random,float32
2,689.795488,412,52430573,54.166,random,float32
2,690.333862,6997,52430573,52.521,random,float32
2,690.879954,8856,52430573,53.937,random,float32
2,691.424390,2773,52430573,54.289,random,float32
2,691.975161,1550,52430573,53.076,random,float32
2,692.508197,7552,52430573,51.204,random,float32
2,693.041758,2679,52430573,53.120,random,float32
2,693.586207,4827,52430573,56.457,random,float32
2,694.118918,1181,52430573,49.254,random,float32
2,694.651377,1555,52430573,53.834,random,float32
2,695.181322,26,52430573,52.518,random,float32
2,695.707439,321,52430573,53.177,random,float32
2,696.249162,1564,52430573,56.166,random,float32
2,696.782773,2879,52430573,53.088,random,float32
2,697.313061,248,52430573,52.969,random,float32
2,697.845338,4371,52430573,55.578,random,float32
2,698.384771,3107,52430573,54.158,random,float32
2,698.925410,6798,52430573,54.661,random,float32
2,699.469328,6125,52430573,55.651,random,float32
2,700.018312,7525,52430573,55.274,random,float32
2,700.569445,3154,52430573,57.754,random,float32
2,701.110934,5883,52430573,56.083,random,float32
2,701.647173,7990,52430573,52.821,random,float32
2,702.173605,5806,52430573,56.154,random,float32
2,702.697410,7171,52430573,50.354,random,float32
2,703.230202,3610,52430573,56.320,random,float32
2,703.779584,4295,52430573,56.056,random,float32
2,704.330252,4740,52430573,54.752,random,float32
2,704.866022,6569,52430573,54.761,random,float32
2,705.405257,6628,52430573,51.374,random,float32
2,705.941445,7286,52430573,53.597,random,float32
2,706.473818,4683,52430573,54.785,random,float32
2,707.026209,2333,52430573,52.436,random,float32
2,707.559684,2981,52430573,53.241,random,float32
2,708.094226,9432,52430573,53.794,random,float32
2,708.641387,1468,52430573,54.016,random,float32
2,709.183016,9087,52430573,53.758,random,float32
2,709.723251,4394,52430573,54.966,random,float32
2,710.261012,6509,52430573,52.718,random,float32
2,710.796969,3419,52430573,53.066,random,float32
2,711.340680,7362,52430573,55.346,random,float32
2,711.882084,812,52430573,54.482,random,float32
2,712.425943,2519,52430573,54.773,random,float32
2,712.967863,68,52430573,50.359,random,float32
2,713.500159,3199,52430573,52.666,random,float32
2,714.027759,5709,52430573,52.708,random,float32
2,714.563121,8990,52430573,52.547,random,float32
2,715.100654,3713,52430573,50.855,random,float32
2,715.648424,3002,52430573,56.401,random,float32
2,716.193909,2497,52430573,56.746,random,float32
2,716.729254,8407,52430573,54.032,random,float32
2,717.261207,9737,52430573,54.411,random,float32
2,717.793229,6693,52430573,51.274,random,float32
2,718.324493,6815,52430573,50.989,random,float32
2,718.862225,2591,52430573,55.016,random,float32
2,719.414811,259,52430573,54.439,random,float32
2,719.953168,5679,52430573,56.009,random,float32
2,720.499817,9556,52430573,59.352,random,float32
2,721.043144,6612,52430573,54.160,random,float32
2,721.574413,7887,52430573,52.949,random,float32
2,722.106931,2109,52430573,52.783,random,float32
2,722.642711,9854,52430573,54.271,random,float32
2,723.177272,5574,52430573,52.515,random,float32
2,723.727826,4387,52430573,53.063,random,float32
2,724.253619,6409,52430573,53.970,random,float32
2,724.780294,4870,52430573,53.153,random,float32
2,725.323321,258,52430573,54.965,random,float32
2,725.879241,8906,52430573,56.700,random,float32
2,726.412635,8538,52430573,52.890,random,float32
2,726.946153,8722,52430573,51.178,random,float32
2,727.479837,5652,52430573,53.745,random,float32
2,728.001872,4641,52430573,53.089,random,float32
2,728.533404,8349,52430573,54.167,random,float32
2,729.076618,2215,52430573,53.137,random,float32
2,729.624266,3039,52430573,54.494,random,float32
2,730.174488,6071,52430573,54.265,random,float32
2,730.703027,8839,52430573,51.445,random,float32
2,731.246535,8648,52430573,53.533,random,float32
2,731.787956,9050,52430573,55.535,random,float32
2,732.326699,2435,52430573,55.257,random,float32
2,732.861171,6104,52430573,53.441,random,float32
2,733.412628,8464,52430573,56.216,random,float32
2,733.964614,166,52430573,51.453,random,float32
2,734.494960,5028,52430573,54.163,random,float32
2,735.035349,6892,52430573,57.359,random,float32
2,735.579185,8518,52430573,52.809,random,float32
2,736.114562,8212,52430573,54.186,random,float32
2,736.649266,8911,52430573,51.408,random,float32
2,737.188075,4635,52430573,53.458,random,float32
2,737.737852,2214,52430573,55.090,random,float32
2,738.293852,6337,52430573,55.794,random,float32
2,738.846911,2774,52430573,53.617,random,float32
2,739.401015,2764,52430573,56.369,random,float32
2,739.944985,1431,52430573,53.174,random,float32
2,740.499081,5845,52430573,54.550,random,float32
2,741.041161,3319,52430573,53.167,random,float32
2,741.584252,2289,52430573,54.520,random,float32
2,742.108747,20,52430573,52.297,random,float32
2,742.643767,2916,52430573,54.302,random,float32
2,743.174797,7976,52430573,53.681,random,float32
2,743.704585,2595,52430573,54.658,random,float32
2,744.231534,8765,52430573,51.318,random,float32
2,744.764868,5774,52430573,54.159,random,float32
2,745.303988,8172,52430573,55.069,random,float32
2,745.841972,2236,52430573,52.807,random,float32
2,746.381426,6285,52430573,55.396,random,float32
2,746.925774,6577,52430573,50.723,random,float32
2,747.465520,786,52430573,55.441,random,float32
2,747.998330,2152,52430573,50.817,random,float32
2,748.533367,1411,52430573,54.225,random,float32
2,749.071684,5457,52430573,50.036,random,float32
2,749.601309,8968,52430573,49.434,random,float32
2,750.135234,909,52430573,52.843,random,float32
2,750.661536,3558,52430573,51.975,random,float32
2,751.191674,4509,52430573,52.351,random,float32
2,751.720914,213,52430573,52.334,random,float32
2,752.259142,5295,52430573,56.116,random,float32
2,752.795019,6369,52430573,53.373,random,float32
2,753.324137,623,52430573,50.663,random,float32
2,753.847161,1864,52430573,52.432,random,float32
2,754.373515,2656,52430573,52.781,random,float32
2,754.897717,8695,52430573,50.677,random,float32
2,755.428802,6199,52430573,56.713,random,float32
2,755.961152,9190,52430573,52.943,random,float32
2,756.490140,5255,52430573,54.630,random,float32
2,757.024255,8122,52430573,54.679,random,float32
2,757.555353,9153,52430573,53.041,random,float32
2,758.089545,6784,52430573,54.381,random,float32
2,758.619268,7605,52430573,53.338,random,float32
2,759.153345,9978,52430573,54.794,random,float32
2,759.681286,8606,52430573,52.810,random,float32
2,760.213281,517,52430573,53.674,random,float32
2,760.751581,4203,52430573,54.044,random,float32
2,761.295876,35,52430573,54.639,random,float32
2,761.823263,5322,52430573,52.412,random,float32
2,762.370989,7407,52430573,54.636,random,float32
2,762.897194,7861,52430573,53.200,random,float32
2,763.418692,5523,52430573,49.783,random,float32
2,763.942088,7032,52430573,52.835,random,float32
2,764.473921,7484,52430573,54.027,random,float32
2,765.003793,338,52430573,51.671,random,float32
2,765.527106,8221,52430573,50.185,random,float32
2,766.052139,3774,52430573,51.310,random,float32
2,766.592564,1896,52430573,56.660,random,float32
2,767.156651,7056,52430573,56.293,random,float32
2,767.682847,7420,52430573,50.942,random,float32
2,768.215794,309,52430573,50.234,random,float32
2,768.732992,4884,52430573,53.376,random,float32
2,769.259798,4455,52430573,49.614,random,float32
2,769.785527,4103,52430573,54.598,random,float32
2,770.322868,8865,52430573,52.925,random,float32
2,770.848707,2354,52430573,50.463,random,float32
2,771.386665,1363,52430573,54.733,random,float32
2,771.908372,2178,52430573,51.224,random,float32
2,772.437680,131,52430573,51.568,random,float32
2,772.972757,1389,52430573,53.285,random,float32
2,773.500324,1027,52430573,53.718,random,float32
2,774.029186,3309,52430573,54.523,random,float32
2,774.549972,6766,52430573,52.579,random,float32
2,775.078686,1295,52430573,50.656,random,float32
2,775.600325,6058,52430573,53.049,random,float32
2,776.127184,9519,52430573,52.373,random,float32
2,776.654002,5912,52430573,53.024,random,float32
2,777.181441,4963,52430573,54.648,random,float32
2,777.707769,1955,52430573,54.893,random,float32
2,778.244193,2400,52430573,52.923,random,float32
2,778.779177,1813,52430573,54.339,random,float32
2,779.296443,3883,52430573,50.883,random,float32
2,779.819386,8996,52430573,53.483,random,float32
2,780.358613,5012,52430573,55.439,random,float32
2,780.890152,521,52430573,55.807,random,float32
2,781.409944,7071,52430573,54.091,random,float32
2,781.934814,7819,52430573,49.568,random,float32
2,782.470173,9644,52430573,54.584,random,float32
2,783.008411,5976,52430573,54.061,random,float32
2,783.548001,6902,52430573,52.731,random,float32
2,784.077753,4523,52430573,52.586,random,float32
2,784.620310,1794,52430573,55.357,random,float32
2,785.169709,8986,52430573,53.777,random,float32
2,785.724140,6681,52430573,53.272,random,float32
2,786.270721,8540,52430573,55.468,random,float32
2,786.817769,3982,52430573,53.537,random,float32
2,787.350654,9565,52430573,53.739,random,float32
2,787.887221,7002,52430573,52.839,random,float32
2,788.419423,9917,52430573,54.494,random,float32
2,788.962918,5175,52430573,54.208,random,float32
2,789.497778,5732,52430573,51.032,random,float32
2,790.036206,2405,52430573,54.328,random,float32
2,790.577811,637,52430573,52.811,random,float32
2,791.109882,3380,52430573,53.922,random,float32
2,791.640869,9990,52430573,52.871,random,float32
2,792.184974,7966,52430573,56.587,random,float32
2,792.721679,2316,52430573,53.744,random,float32
2,793.260477,6262,52430573,53.706,random,float32
2,793.784836,7314,52430573,51.394,random,float32
2,794.324685,3920,52430573,52.823,random,float32
2,794.856695,6039,52430573,51.922,random,float32
2,795.385293,5367,52430573,54.246,random,float32
2,795.920637,9300,52430573,55.450,random,float32
2,796.445978,5415,52430573,53.377,random,float32
2,796.983513,6143,52430573,53.158,random,float32
2,797.533196,8144,52430573,55.588,random,float32
2,798.073639,5519,52430573,53.957,random,float32
2,798.611667,5554,52430573,53.505,random,float32
2,799.146049,8838,52430573,52.479,random,float32
2,799.681384,6167,52430573,54.033,random,float32
2,800.249262,1312,52430573,56.868,random,float32
2,800.796247,9809,52430573,54.344,random,float32
2,801.328834,2724,52430573,53.365,random,float32
2,801.863847,2592,52430573,54.132,random,float32
2,802.410512,8340,52430573,55.871,random,float32
2,802.951761,4744,52430573,54.391,random,float32
2,803.483930,2346,52430573,53.418,random,float32
2,804.017520,7155,52430573,54.797,random,float32
2,804.553052,5458,52430573,55.422,random,float32
2,805.100538,9697,52430573,52.314,random,float32
2,805.635844,7152,52430573,52.221,random,float32
2,806.168692,5956,52430573,52.559,random,float32
2,806.691296,2258,52430573,52.335,random,float32
2,807.227086,1367,52430573,54.883,random,float32
2,807.768400,2843,52430573,55.558,random,float32
2,808.308086,9882,52430573,52.758,random,float32
2,808.835764,4504,52430573,54.557,random,float32
2,809.370147,7631,52430573,52.042,random,float32
2,809.913853,9663,52430573,53.408,random,float32
2,810.451285,7815,52430573,51.590,random,float32
2,810.983303,3682,52430573,51.543,random,float32
2,811.513341,1319,52430573,52.131,random,float32
2,812.043704,9349,52430573,51.631,random,float32
2,812.579172,934,52430573,51.836,random,float32
2,813.112873,9576,52430573,52.054,random,float32
2,813.655552,520,52430573,55.015,random,float32
2,814.199736,397,52430573,54.897,random,float32
2,814.739913,7594,52430573,55.054,random,float32
2,815.272921,2732,52430573,52.334,random,float32
2,815.801552,5079,52430573,55.388,random,float32
2,816.333437,165,52430573,53.655,random,float32
2,816.871855,4308,52430573,55.954,random,float32
2,817.401254,9475,52430573,57.145,random,float32
2,817.940586,5272,52430573,54.491,random,float32
2,818.471718,3761,52430573,53.994,random,float32
2,818.989113,4392,52430573,50.760,random,float32
2,819.510397,4704,52430573,52.088,random,float32
2,820.047263,2505,52430573,53.312,random,float32
2,820.571385,3794,52430573,53.137,random,float32
2,821.092766,3024,52430573,48.866,random,float32
2,821.623187,7446,52430573,52.812,random,float32
2,822.154821,7688,52430573,50.478,random,float32
2,822.675070,7030,52430573,53.528,random,float32
2,823.200057,9136,52430573,51.600,random,float32
2,823.739831,4163,52430573,54.960,random,float32
2,824.274502,9090,52430573,55.385,random,float32
2,824.825347,9306,52430573,55.501,random,float32
2,825.381626,9279,52430573,54.262,random,float32
2,825.917619,5079,52430573,55.955,random,float32
2,826.470005,3275,52430573,55.714,random,float32
2,827.023552,5822,52430573,58.312,random,float32
2,827.566722,9653,52430573,54.147,random,float32
2,828.101796,9921,52430573,55.512,random,float32
2,828.658481,3387,52430573,54.697,random,float32
2,829.207712,7637,52430573,55.524,random,float32
2,829.761277,3104,52430573,55.657,random,float32
2,830.322804,4450,52430573,55.916,random,float32
2,830.876100,6050,52430573,54.645,random,float32
2,831.417706,7570,52430573,54.019,random,float32
2,831.953031,9659,52430573,54.596,random,float32
2,832.501345,5242,52430573,56.405,random,float32
2,833.051218,2506,52430573,54.919,random,float32
2,833.609701,854,52430573,56.861,random,float32
2,834.150657,6222,52430573,51.714,random,float32
2,834.687348,5696,52430573,53.951,random,float32
2,835.225927,8961,52430573,52.580,random,float32
2,835.742697,7566,52430573,51.708,random,float32
2,836.269683,1666,52430573,53.147,random,float32
2,836.806379,7518,52430573,55.063,random,float32
2,837.342807,8398,52430573,53.785,random,float32
2,837.870611,6637,52430573,49.337,random,float32
2,838.397250,34,52430573,49.870,random,float32
2,838.932942,9685,52430573,54.446,random,float32
2,839.462603,5166,52430573,53.441,random,float32
2,839.999078,3560,52430573,55.418,random,float32
2,840.551337,2204,52430573,54.998,random,float32
2,841.086906,1016,52430573,52.788,random,float32
2,841.623772,6612,52430573,55.710,random,float32
2,842.176053,4969,52430573,56.516,random,float32
2,842.715840,6055,52430573,54.415,random,float32
2,843.246406,1134,52430573,51.638,random,float32
2,843.773779,4764,52430573,50.431,random,float32
2,844.305844,2597,52430573,53.568,random,float32
2,844.839987,8001,52430573,52.812,random,float32
2,845.364040,1022,52430573,55.446,random,float32
2,845.901482,5333,52430573,52.458,random,float32
2,846.433261,342,52430573,54.491,random,float32
2,846.967932,5148,52430573,55.527,random,float32
2,847.496793,9326,52430573,54.979,random,float32
2,848.033713,2392,52430573,54.789,random,float32
2,848.565187,5963,52430573,51.377,random,float32
2,849.109816,2917,52430573,54.571,random,float32
2,849.650146,9196,52430573,54.506,random,float32
2,850.188997,3799,52430573,52.603,random,float32
2,850.720400,1942,52430573,52.998,random,float32
2,851.249052,2845,52430573,54.455,random,float32
2,851.775118,3594,52430573,54.202,random,float32
2,852.313656,2262,52430573,55.904,random,float32
2,852.855088,5794,52430573,53.675,random,float32
2,853.400253,4607,52430573,55.239,random,float32
2,853.933571,7920,52430573,52.661,random,float32
2,854.466920,1540,52430573,52.784,random,float32
2,854.999411,1008,52430573,54.332,random,float32
2,855.546959,3084,52430573,56.112,random,float32
2,856.090917,521,52430573,53.962,random,float32
2,856.629885,9705,52430573,55.524,random,float32
2,857.177958,6572,52430573,55.566,random,float32
2,857.729597,4904,52430573,54.249,random,float32
2,858.264967,5656,52430573,50.400,random,float32
2,858.797085,7145,52430573,52.934,random,float32
2,859.336442,4486,52430573,52.965,random,float32
2,859.880835,6782,52430573,55.571,random,float32
2,860.432126,5200,52430573,56.047,random,float32
2,860.965460,1308,52430573,55.536,random,float32
2,861.496645,8927,52430573,52.414,random,float32
2,862.031061,4851,52430573,55.204,random,float32
2,862.565421,2805,52430573,55.025,random,float32
2,863.099100,445,52430573,49.601,random,float32
2,863.635073,6093,52430573,56.162,random,float32
2,864.163098,677,52430573,54.351,random,float32
2,864.685851,1893,52430573,53.339,random,float32
2,865.217843,3949,52430573,52.171,random,float32
2,865.746031,2516,52430573,53.569,random,float32
2,866.280793,9763,52430573,54.111,random,float32
2,866.843134,4982,52430573,56.321,random,float32
2,867.389729,5163,52430573,53.413,random,float32
2,867.917980,1108,52430573,54.855,random,float32
2,868.443750,9074,52430573,50.375,random,float32
2,868.970662,9442,52430573,52.332,random,float32
2,869.496499,5265,52430573,54.349,random,float32
2,870.029840,1492,52430573,55.900,random,float32
2,870.560314,4296,52430573,52.894,random,float32
2,871.085292,3301,52430573,54.174,random,float32
2,871.610876,3479,52430573,52.736,random,float32
2,872.148843,8818,52430573,53.940,random,float32
2,872.680103,9549,52430573,51.581,random,float32
2,873.216298,5863,52430573,52.501,random,float32
2,873.751305,2429,52430573,53.146,random,float32
2,874.287053,2190,52430573,53.465,random,float32
2,874.818589,492,52430573,53.350,random,float32
2,875.350724,5374,52430573,53.765,random,float32
2,875.890764,9300,52430573,54.854,random,float32
2,876.431172,4206,52430573,51.552,random,float32
2,876.964526,252,52430573,55.030,random,float32
2,877.509781,5487,52430573,55.526,random,float32
2,878.041822,546,52430573,50.573,random,float32
2,878.576593,9199,52430573,53.481,random,float32
2,879.123500,1491,52430573,54.734,random,float32
2,879.662854,9543,52430573,52.581,random,float32
2,880.203939,2289,52430573,55.560,random,float32
2,880.740303,4028,52430573,53.729,random,float32
2,881.277417,4904,52430573,52.632,random,float32
2,881.821553,4611,52430573,55.539,random,float32
2,882.367176,6535,52430573,55.404,random,float32
2,882.902564,3604,52430573,55.568,random,float32
2,883.433444,2722,52430573,50.423,random,float32
2,883.968154,16,52430573,54.714,random,float32
2,884.500225,4357,52430573,54.848,random,float32
2,885.041806,9435,52430573,54.767,random,float32
2,885.572186,3521,52430573,52.428,random,float32
2,886.106660,9425,52430573,55.063,random,float32
2,886.634956,4688,52430573,53.585,random,float32
2,887.176461,2405,52430573,55.861,random,float32
2,887.720880,9302,52430573,56.659,random,float32
2,888.252140,2085,52430573,51.346,random,float32
2,888.781808,4678,52430573,52.269,random,float32
2,889.313886,4325,52430573,51.636,random,float32
2,889.856199,1721,52430573,54.939,random,float32
2,890.387418,1010,52430573,52.358,random,float32
2,890.918984,3386,52430573,55.418,random,float32
2,891.457401,7496,52430573,53.135,random,float32
2,891.990922,801,52430573,53.779,random,float32
2,892.529616,3321,52430573,53.885,random,float32
2,893.054557,5008,52430573,52.226,random,float32
2,893.600407,2976,52430573,55.129,random,float32
2,894.134784,666,52430573,53.818,random,float32
2,894.674519,9669,52430573,55.277,random,float32
2,895.199534,228,52430573,55.701,random,float32
2,895.743058,6596,52430573,55.059,random,float32
2,896.280384,9977,52430573,53.546,random,float32
2,896.813606,9567,52430573,51.860,random,float32
2,897.342570,8160,52430573,52.314,random,float32
2,897.877001,2073,52430573,53.480,random,float32
2,898.428256,7263,52430573,51.594,random,float32
2,898.969263,6736,52430573,54.115,random,float32
2,899.515332,7465,52430573,56.050,random,float32
3,300.489182,9308,52430573,52.106,random,float32
3,301.025219,7677,52430573,52.488,random,float32
3,301.551333,5643,52430573,52.413,random,float32
3,302.092680,8300,52430573,52.642,random,float32
3,302.626739,8073,52430573,54.385,random,float32
3,303.171392,473,52430573,53.765,random,float32
3,303.703894,4900,52430573,53.917,random,float32
3,304.226678,267,52430573,54.355,random,float32
3,304.750835,637,52430573,51.081,random,float32
3,305.280214,6576,52430573,49.630,random,float32
3,305.812727,5269,52430573,55.906,random,float32
3,306.348752,8538,52430573,53.255,random,float32
3,306.882379,6169,52430573,55.546,random,float32
3,307.404777,15,52430573,52.981,random,float32
3,307.944739,7765,52430573,54.494,random,float32
3,308.488947,6165,52430573,54.230,random,float32
3,309.018606,9238,52430573,51.824,random,float32
3,309.554768,7191,52430573,51.893,random,float32
3,310.099776,5284,52430573,56.054,random,float32
3,310.639358,6901,52430573,53.872,random,float32
3,311.182140,1153,52430573,54.580,random,float32
3,311.723065,6687,52430573,54.964,random,float32
3,312.265907,967,52430573,52.732,random,float32
3,312.801181,6452,52430573,54.711,random,float32
3,313.336323,5039,52430573,48.982,random,float32
3,313.879913,7255,52430573,54.764,random,float32
3,314.413508,2184,52430573,50.637,random,float32
3,314.945751,2975,52430573,53.250,random,float32
3,315.482630,4765,52430573,54.621,random,float32
3,316.021369,5566,52430573,53.840,random,float32
3,316.574103,6860,52430573,57.514,random,float32
3,317.110498,9088,52430573,55.152,random,float32
3,317.647902,2261,52430573,52.276,random,float32
3,318.180370,1426,52430573,54.445,random,float32
3,318.724011,1512,52430573,57.260,random,float32
3,319.265005,1678,52430573,55.037,random,float32
3,319.809828,1821,52430573,54.544,random,float32
3,320.349807,2908,52430573,52.159,random,float32
3,320.890368,192,52430573,52.797,random,float32
3,321.436532,5050,52430573,52.920,random,float32
3,321.973484,6000,52430573,54.409,random,float32
3,322.515663,7756,52430573,52.720,random,float32
3,323.057246,8985,52430573,53.065,random,float32
3,323.579247,5246,52430573,54.003,random,float32
3,324.117984,9630,52430573,52.280,random,float32
3,324.665227,2514,52430573,53.314,random,float32
3,325.230184,2727,52430573,57.228,random,float32
3,325.787089,6324,52430573,52.337,random,float32
3,326.322828,6213,52430573,55.406,random,float32
3,326.864778,9139,52430573,54.299,random,float32
3,327.398801,2039,52430573,50.600,random,float32
3,327.936766,3070,52430573,55.227,random,float32
3,328.474937,261,52430573,58.058,random,float32
3,329.034251,7168,52430573,56.490,random,float32
3,329.581068,3999,52430573,53.677,random,float32
3,330.136363,6933,52430573,55.139,random,float32
3,330.671856,400,52430573,52.119,random,float32
3,331.215827,345,52430573,55.810,random,float32
3,331.767423,5344,52430573,55.115,random,float32
3,332.338999,4272,52430573,57.431,random,float32
3,332.917215,6531,52430573,55.844,random,float32
3,333.481771,6254,52430573,57.313,random,float32
3,334.051096,4855,52430573,53.719,random,float32
3,334.595935,4712,52430573,54.068,random,float32
3,335.155088,1395,52430573,56.187,random,float32
3,335.715085,2487,52430573,56.234,random,float32
3,336.267836,6577,52430573,53.915,random,float32
3,336.829925,3232,52430573,56.272,random,float32
3,337.392077,6045,52430573,53.539,random,float32
3,337.949232,2312,52430573,57.727,random,float32
3,338.502609,6930,52430573,55.704,random,float32
3,339.059537,2906,52430573,55.766,random,float32
3,339.611237,8412,52430573,53.705,random,float32
3,340.149188,3523,52430573,54.113,random,float32
3,340.686743,7368,52430573,54.631,random,float32
3,341.232517,9998,52430573,54.340,random,float32
3,341.775078,6410,52430573,52.878,random,float32
3,342.305352,9525,52430573,54.015,random,float32
3,342.840181,7642,52430573,55.936,random,float32
3,343.373305,6710,52430573,54.007,random,float32
3,343.904574,5267,52430573,50.743,random,float32
3,344.443438,1766,52430573,54.763,random,float32
3,344.975846,8087,52430573,52.697,random,float32
3,345.523633,5070,52430573,54.114,random,float32
3,346.066368,9880,52430573,55.684,random,float32
3,346.616974,893,52430573,51.483,random,float32
3,347.157862,1797,52430573,53.206,random,float32
3,347.690568,4323,52430573,52.242,random,float32
3,348.227764,1001,52430573,54.670,random,float32
3,348.767063,4367,52430573,55.378,random,float32
3,349.296063,4716,52430573,54.249,random,float32
3,349.834595,5071,52430573,55.996,random,float32
3,350.378984,1564,52430573,56.012,random,float32
3,350.916652,4006,52430573,54.500,random,float32
3,351.455945,431,52430573,54.031,random,float32
3,351.985961,3024,52430573,50.873,random,float32
3,352.520559,2283,52430573,52.604,random,float32
3,353.051027,7846,52430573,52.465,random,float32
3,353.583895,594,52430573,52.742,random,float32
3,354.124096,5152,52430573,52.254,random,float32
3,354.664935,8902,52430573,53.357,random,float32
3,355.204190,1773,52430573,54.066,random,float32
3,355.755214,1154,52430573,55.882,random,float32
3,356.294852,8933,52430573,55.136,random,float32
3,356.829462,8713,52430573,54.855,random,float32
3,357.359909,8459,52430573,50.897,random,float32
3,357.896622,7790,52430573,55.246,random,float32
3,358.448447,8190,52430573,57.561,random,float32
3,359.018154,9872,52430573,58.401,random,float32
3,359.580090,4142,52430573,58.267,random,float32
3,360.139619,6333,52430573,53.948,random,float32
3,360.669853,7734,52430573,54.794,random,float32
3,361.207557,582,52430573,54.092,random,float32
3,361.737295,4518,52430573,54.559,random,float32
3,362.274859,4076,52430573,52.971,random,float32
3,362.806083,3395,52430573,55.756,random,float32
3,363.342892,3408,52430573,53.816,random,float32
3,363.875599,9223,52430573,54.535,random,float32
3,364.407950,5309,52430573,56.605,random,float32
3,364.937177,818,52430573,52.092,random,float32
3,365.460655,7449,52430573,54.950,random,float32
3,366.002290,8724,52430573,54.360,random,float32
3,366.545985,7355,52430573,55.157,random,float32
3,367.082371,9238,52430573,51.083,random,float32
3,367.615291,8476,52430573,56.443,random,float32
3,368.159984,3327,52430573,54.266,random,float32
3,368.710429,855,52430573,54.631,random,float32
3,369.253312,3925,52430573,53.347,random,float32
3,369.799627,9874,52430573,54.423,random,float32
3,370.351404,6840,52430573,57.816,random,float32
3,370.891456,652,52430573,52.333,random,float32
3,371.419733,3666,52430573,54.747,random,float32
3,371.958478,5067,52430573,53.954,random,float32
3,372.504115,950,52430573,54.884,random,float32
3,373.056718,4412,52430573,54.746,random,float32
3,373.612076,2618,52430573,51.648,random,float32
3,374.156467,7192,52430573,53.966,random,float32
3,374.699414,3341,52430573,53.067,random,float32
3,375.245415,2467,52430573,55.697,random,float32
3,375.799433,2015,52430573,55.100,random,float32
3,376.348024,6472,52430573,54.892,random,float32
3,376.915742,2046,52430573,70.407,random,float32
3,377.457557,4178,52430573,52.062,random,float32
3,378.003688,3966,52430573,53.488,random,float32
3,378.547998,6062,52430573,52.654,random,float32
3,379.092858,2724,52430573,54.969,random,float32
3,379.650881,3081,52430573,56.944,random,float32
3,380.205275,1347,52430573,56.128,random,float32
3,380.748673,8677,52430573,54.325,random,float32
3,381.298743,8460,52430573,54.272,random,float32
3,381.855425,149,52430573,54.325,random,float32
3,382.419209,3943,52430573,53.907,random,float32
3,382.955919,4710,52430573,54.797,random,float32
3,383.505807,2312,52430573,55.832,random,float32
3,384.043557,3054,52430573,54.072,random,float32
3,384.596391,8567,52430573,51.462,random,float32
3,385.132614,9254,52430573,53.071,random,float32
3,385.679124,1762,52430573,54.447,random,float32
3,386.228246,4525,52430573,55.928,random,float32
3,386.781924,8509,52430573,55.736,random,float32
3,387.329000,7410,52430573,52.651,random,float32
3,387.874936,6308,52430573,54.553,random,float32
3,388.419579,5521,52430573,52.766,random,float32
3,388.963261,7027,52430573,54.661,random,float32
3,389.506072,4016,52430573,54.286,random,float32
3,390.053159,9001,52430573,54.951,random,float32
3,390.592941,9393,52430573,55.696,random,float32
3,391.147488,6656,52430573,56.269,random,float32
3,391.695001,9651,52430573,56.180,random,float32
3,392.247054,9864,52430573,54.509,random,float32
3,392.797235,2390,52430573,58.218,random,float32
3,393.379885,1035,52430573,56.650,random,float32
3,393.930915,372,52430573,53.155,random,float32
3,394.483885,7275,52430573,56.593,random,float32
3,395.036219,7484,52430573,59.065,random,float32
3,395.580523,3737,52430573,54.452,random,float32
3,396.112205,145,52430573,53.455,random,float32
3,396.643373,4004,52430573,53.504,random,float32
3,397.179173,4929,52430573,53.812,random,float32
3,397.726435,1945,52430573,57.064,random,float32
3,398.266619,4506,52430573,54.016,random,float32
3,398.807237,468,52430573,51.336,random,float32
3,399.333246,9495,52430573,52.183,random,float32
3,399.866436,931,52430573,53.536,random,float32
3,400.399071,1042,52430573,52.389,random,float32
3,400.926589,2925,52430573,51.846,random,float32
3,401.458293,3840,52430573,54.996,random,float32
3,401.988326,4911,52430573,53.555,random,float32
3,402.523467,161,52430573,53.069,random,float32
3,403.060221,7360,52430573,54.019,random,float32
3,403.590849,463,52430573,53.283,random,float32
3,404.126754,1928,52430573,53.021,random,float32
3,404.663692,8721,52430573,52.275,random,float32
3,405.201933,4794,52430573,52.938,random,float32
3,405.742073,8429,52430573,53.164,random,float32
3,406.284781,9597,52430573,63.440,random,float32
3,406.821403,9686,52430573,55.014,random,float32
3,407.363990,3604,52430573,55.700,random,float32
3,407.922838,6287,52430573,56.960,random,float32
3,408.470754,52,52430573,55.920,random,float32
3,409.021319,6124,52430573,54.207,random,float32
3,409.563003,1360,52430573,54.422,random,float32
3,410.113502,3771,52430573,56.398,random,float32
3,410.656589,1097,52430573,49.862,random,float32
3,411.195493,5574,52430573,52.928,random,float32
3,411.730906,189,52430573,53.054,random,float32
3,412.277432,5542,52430573,54.886,random,float32
3,412.820253,2713,52430573,55.356,random,float32
3,413.377027,4100,52430573,54.361,random,float32
3,413.916383,9804,52430573,53.848,random,float32
3,414.446412,9445,52430573,53.516,random,float32
3,414.980485,118,52430573,54.153,random,float32
3,415.519133,7307,52430573,54.260,random,float32
3,416.049091,9525,52430573,54.887,random,float32
3,416.582063,9061,52430573,54.265,random,float32
3,417.109593,2350,52430573,50.808,random,float32
3,417.645344,5605,52430573,51.684,random,float32
3,418.183071,703,52430573,54.534,random,float32
3,418.713983,5600,52430573,53.677,random,float32
3,419.256253,5724,52430573,53.327,random,float32
3,419.783396,7249,52430573,51.719,random,float32
3,420.303440,5304,52430573,51.309,random,float32
3,420.825939,3383,52430573,50.827,random,float32
3,421.354745,7651,52430573,55.450,random,float32
3,421.890562,2924,52430573,52.114,random,float32
3,422.418644,1736,52430573,55.583,random,float32
3,422.934253,6997,52430573,51.914,random,float32
3,423.464990,7388,52430573,56.367,random,float32
3,423.999033,6193,52430573,53.274,random,float32
3,424.546799,3649,52430573,56.865,random,float32
3,425.089491,9280,52430573,53.355,random,float32
3,425.640100,6422,52430573,53.919,random,float32
3,426.182393,753,52430573,52.613,random,float32
3,426.734194,9567,52430573,54.465,random,float32
3,427.302701,3940,52430573,62.604,random,float32
3,427.859724,4270,52430573,52.589,random,float32
3,428.399224,1589,52430573,52.846,random,float32
3,428.943295,4539,52430573,56.689,random,float32
3,429.483893,9209,52430573,52.421,random,float32
3,430.027846,8156,52430573,54.632,random,float32
3,430.584360,1219,52430573,54.298,random,float32
3,431.145289,91,52430573,62.749,random,float32
3,431.685467,614,52430573,52.939,random,float32
3,432.238987,1251,52430573,54.180,random,float32
3,432.784693,5898,52430573,54.000,random,float32
3,433.327675,7281,52430573,52.469,random,float32
3,433.876700,3395,52430573,57.314,random,float32
3,434.420819,6295,52430573,54.938,random,float32
3,434.953472,5283,52430573,52.768,random,float32
3,435.492314,2264,52430573,53.739,random,float32
3,436.037272,8014,52430573,51.529,random,float32
3,436.560947,8267,52430573,54.267,random,float32
3,437.101037,4519,52430573,54.956,random,float32
3,437.641075,6378,52430573,54.274,random,float32
3,438.191613,4850,52430573,52.243,random,float32
3,438.729170,5639,52430573,54.288,random,float32
3,439.276278,2965,52430573,55.109,random,float32
3,439.818720,3088,52430573,54.066,random,float32
3,440.367242,5115,52430573,57.022,random,float32
3,440.904559,9376,52430573,53.166,random,float32
3,441.455584,5049,52430573,53.935,random,float32
3,441.992702,4800,52430573,53.922,random,float32
3,442.538557,8745,52430573,56.381,random,float32
3,443.082783,9587,52430573,54.743,random,float32
3,443.631966,1601,52430573,54.661,random,float32
3,444.171802,4653,52430573,53.215,random,float32
3,444.705627,411,52430573,55.108,random,float32
3,445.236305,1049,52430573,56.289,random,float32
3,445.773845,6927,52430573,52.606,random,float32
3,446.309911,589,52430573,52.453,random,float32
3,446.843425,4808,52430573,53.666,random,float32
3,447.386313,7449,52430573,57.301,random,float32
3,447.943372,5062,52430573,53.922,random,float32
3,448.485955,1219,52430573,52.133,random,float32
3,449.036768,8238,52430573,54.384,random,float32
3,449.572064,2661,52430573,53.174,random,float32
3,450.092305,1198,52430573,54.196,random,float32
3,450.623189,4708,52430573,51.759,random,float32
3,451.159057,627,52430573,55.896,random,float32
3,451.694402,6247,52430573,51.772,random,float32
3,452.227145,9400,52430573,52.802,random,float32
3,452.760291,3937,52430573,54.571,random,float32
3,453.288659,5215,52430573,50.132,random,float32
3,453.838926,2664,52430573,53.877,random,float32
3,454.376848,8505,52430573,51.698,random,float32
3,454.912958,2524,52430573,55.005,random,float32
3,455.447100,8392,52430573,52.359,random,float32
3,455.987280,2999,52430573,54.420,random,float32
3,456.530626,309,52430573,54.139,random,float32
3,457.068662,7908,52430573,56.073,random,float32
3,457.602656,9156,52430573,52.738,random,float32
3,458.130267,2325,52430573,51.305,random,float32
3,458.663336,9623,52430573,51.148,random,float32
3,459.190848,5691,52430573,52.945,random,float32
3,459.726676,3117,52430573,54.689,random,float32
3,460.297082,9312,52430573,57.177,random,float32
3,460.853462,1777,52430573,56.373,random,float32
3,461.398432,9140,52430573,51.790,random,float32
3,461.933619,6131,52430573,52.464,random,float32
3,462.485369,8956,52430573,54.374,random,float32
3,463.028758,8111,52430573,56.563,random,float32
3,463.581261,8688,52430573,53.129,random,float32
3,464.135174,4996,52430573,51.755,random,float32
3,464.669918,1751,52430573,53.689,random,float32
3,465.215273,5019,52430573,56.113,random,float32
3,465.753467,6118,52430573,55.731,random,float32
3,466.281202,2472,52430573,52.039,random,float32
3,466.814036,6700,52430573,53.747,random,float32
3,467.359548,6322,52430573,55.338,random,float32
3,467.903398,4510,52430573,51.890,random,float32
3,468.428783,5529,52430573,52.173,random,float32
3,469.003573,6513,52430573,56.221,random,float32
3,469.570288,6719,52430573,54.234,random,float32
3,470.118973,6278,52430573,55.967,random,float32
3,470.657553,6129,52430573,53.512,random,float32
3,471.201389,2144,52430573,55.095,random,float32
3,471.732237,6357,52430573,52.841,random,float32
3,472.274102,2058,52430573,52.910,random,float32
3,472.804176,389,52430573,50.609,random,float32
3,473.338647,545,52430573,55.612,random,float32
3,473.880752,2879,52430573,56.188,random,float32
3,474.427058,3733,52430573,54.251,random,float32
3,474.962367,6441,52430573,51.853,random,float32
3,475.494035,5782,52430573,53.092,random,float32
3,476.037260,3556,52430573,55.210,random,float32
3,476.564537,9895,52430573,54.945,random,float32
3,477.099806,191,52430573,49.811,random,float32
3,477.636019,3266,52430573,53.527,random,float32
3,478.186757,263,52430573,53.234,random,float32
3,478.743474,1535,52430573,58.012,random,float32
3,479.287750,2675,52430573,53.279,random,float32
3,479.822127,4735,52430573,52.547,random,float32
3,480.354850,5617,52430573,54.040,random,float32
3,480.899779,1463,52430573,56.367,random,float32
3,481.446827,3373,52430573,54.992,random,float32
3,481.991095,5322,52430573,53.406,random,float32
3,482.536576,5188,52430573,54.586,random,float32
3,483.079938,8777,52430573,53.889,random,float32
3,483.615986,8002,52430573,53.055,random,float32
3,484.159060,6098,52430573,55.042,random,float32
3,484.688271,5770,52430573,51.918,random,float32
3,485.224758,243,52430573,52.184,random,float32
3,485.766857,6947,52430573,54.396,random,float32
3,486.302030,799,52430573,54.444,random,float32
3,486.850095,7747,52430573,54.182,random,float32
3,487.383928,1996,52430573,54.013,random,float32
3,487.926206,8887,52430573,53.122,random,float32
3,488.453839,839,52430573,55.756,random,float32
3,489.001765,5445,52430573,55.524,random,float32
3,489.552821,8678,52430573,56.470,random,float32
3,490.101737,839,52430573,53.997,random,float32
3,490.639737,9551,52430573,56.365,random,float32
3,491.188765,6518,52430573,54.063,random,float32
3,491.735120,938,52430573,52.687,random,float32
3,492.282923,8996,52430573,57.953,random,float32
3,492.833975,3975,52430573,53.149,random,float32
3,493.396013,3321,52430573,56.664,random,float32
3,493.969838,708,52430573,58.904,random,float32
3,494.537509,9574,52430573,57.114,random,float32
3,495.109613,8101,52430573,56.979,random,float32
3,495.667517,5233,52430573,53.735,random,float32
3,496.206811,3866,52430573,56.402,random,float32
3,496.745969,6909,52430573,54.952,random,float32
3,497.303189,5080,52430573,53.500,random,float32
3,497.851072,7966,52430573,54.086,random,float32
3,498.392129,4252,52430573,54.160,random,float32
3,498.943583,5583,52430573,55.840,random,float32
3,499.496304,4779,52430573,55.514,random,float32
3,500.030735,8744,52430573,54.167,random,float32
3,500.571538,7201,52430573,55.336,random,float32
3,501.128590,3436,52430573,56.114,random,float32
3,501.672940,60,52430573,53.043,random,float32
3,502.213150,1474,52430573,55.890,random,float32
3,502.750730,9757,52430573,52.474,random,float32
3,503.293123,7320,52430573,55.430,random,float32
3,503.839160,1056,52430573,54.867,random,float32
3,504.388560,2236,52430573,53.314,random,float32
3,504.934236,5234,52430573,56.040,random,float32
3,505.481563,316,52430573,53.816,random,float32
3,506.010278,6382,52430573,51.772,random,float32
3,506.563067,5270,52430573,55.423,random,float32
3,507.100669,5777,52430573,53.400,random,float32
3,507.637795,3524,52430573,58.686,random,float32
3,508.168160,5224,52430573,54.229,random,float32
3,508.704865,983,52430573,54.567,random,float32
3,509.246097,3585,52430573,53.032,random,float32
3,509.787216,852,52430573,53.205,random,float32
3,510.323791,9986,52430573,53.919,random,float32
3,510.852776,4728,52430573,52.687,random,float32
3,511.378340,7910,52430573,51.976,random,float32
3,511.907547,758,52430573,51.649,random,float32
3,512.438153,43,52430573,51.380,random,float32
3,512.964158,6833,52430573,53.476,random,float32
3,513.501723,9994,52430573,57.785,random,float32
3,514.020527,3497,52430573,50.086,random,float32
3,514.552710,1508,52430573,55.179,random,float32
3,515.084370,7682,52430573,51.745,random,float32
3,515.608640,4690,52430573,50.508,random,float32
3,516.143601,7493,52430573,50.967,random,float32
3,516.679630,1755,52430573,53.509,random,float32
3,517.211953,6492,52430573,52.976,random,float32
3,517.736941,7719,52430573,52.276,random,float32
3,518.266903,2168,52430573,55.474,random,float32
3,518.794624,6871,52430573,49.542,random,float32
3,519.332968,7753,52430573,53.499,random,float32
3,519.847065,825,52430573,55.171,random,float32
3,520.386066,3528,52430573,54.087,random,float32
3,520.938228,3275,52430573,54.454,random,float32
3,521.477620,2682,52430573,55.704,random,float32
3,522.016502,570,52430573,54.470,random,float32
3,522.553639,6965,52430573,52.590,random,float32
3,523.083484,5788,52430573,54.381,random,float32
3,523.614183,4579,52430573,54.851,random,float32
3,524.150735,1424,52430573,53.977,random,float32
3,524.687571,674,52430573,51.193,random,float32
3,525.210980,2580,52430573,51.960,random,float32
3,525.740220,3062,52430573,53.351,random,float32
3,526.273428,3728,52430573,54.588,random,float32
3,526.799158,9271,52430573,53.599,random,float32
3,527.329121,7482,52430573,53.292,random,float32
3,527.870502,3914,52430573,56.245,random,float32
3,528.418687,6666,52430573,54.010,random,float32
3,528.964256,8461,52430573,51.713,random,float32
3,529.504919,7107,52430573,53.915,random,float32
3,530.043770,3585,52430573,53.232,random,float32
3,530.571179,1356,52430573,52.430,random,float32
3,531.092880,5848,52430573,50.093,random,float32
3,531.613140,6585,52430573,55.734,random,float32
3,532.148878,6690,52430573,51.773,random,float32
3,532.676903,5657,52430573,54.639,random,float32
3,533.211170,4193,52430573,52.271,random,float32
3,533.745849,1678,52430573,53.938,random,float32
3,534.279297,6614,52430573,55.177,random,float32
3,534.819950,9584,52430573,55.680,random,float32
3,535.369272,2972,52430573,54.230,random,float32
3,535.907971,1215,52430573,53.579,random,float32
3,536.446291,5487,52430573,53.979,random,float32
3,536.984170,4624,52430573,52.799,random,float32
3,537.514195,2451,52430573,51.641,random,float32
3,538.051133,4914,52430573,52.476,random,float32
3,538.582535,5430,52430573,55.423,random,float32
3,539.137806,158,52430573,55.750,random,float32
3,539.675164,6127,52430573,54.754,random,float32
3,540.219860,1009,52430573,54.474,random,float32
3,540.747964,1330,52430573,52.689,random,float32
3,541.273189,6404,52430573,55.597,random,float32
3,541.811513,1620,52430573,53.563,random,float32
3,542.340736,20,52430573,51.645,random,float32
3,542.879795,4768,52430573,53.325,random,float32
3,543.408127,4668,52430573,53.696,random,float32
3,543.935047,8643,52430573,58.186,random,float32
3,544.463597,8207,52430573,51.507,random,float32
3,545.008127,7549,52430573,50.910,random,float32
3,545.534394,810,52430573,52.050,random,float32
3,546.057291,8734,52430573,52.411,random,float32
3,546.574487,2942,52430573,51.262,random,float32
3,547.109577,1929,52430573,52.178,random,float32
3,547.626444,8975,52430573,50.949,random,float32
3,548.155860,5218,52430573,52.840,random,float32
3,548.678471,9793,52430573,52.702,random,float32
3,549.211734,9174,52430573,54.051,random,float32
3,549.739615,5263,52430573,56.637,random,float32
3,550.273263,5910,52430573,53.030,random,float32
3,550.799358,6704,52430573,47.497,random,float32
3,551.324987,6426,52430573,52.742,random,float32
3,551.849871,6407,52430573,51.485,random,float32
3,552.385040,7664,52430573,51.229,random,float32
3,552.916701,2417,52430573,53.732,random,float32
3,553.456613,520,52430573,56.525,random,float32
3,553.979433,5183,52430573,49.178,random,float32
3,554.522826,5314,52430573,55.504,random,float32
3,555.045964,8623,52430573,51.136,random,float32
3,555.583533,2683,52430573,53.624,random,float32
3,556.115724,3907,52430573,53.514,random,float32
3,556.647176,8944,52430573,53.758,random,float32
3,557.184974,6813,52430573,55.206,random,float32
3,557.721214,1268,52430573,52.511,random,float32
3,558.260889,9375,52430573,54.903,random,float32
3,558.809481,232,52430573,55.558,random,float32
3,559.357483,9086,52430573,52.607,random,float32
3,559.909759,4960,52430573,52.485,random,float32
3,560.461172,9149,52430573,55.341,random,float32
3,560.996722,2624,52430573,53.369,random,float32
3,561.537505,4140,52430573,55.024,random,float32
3,562.101390,3237,52430573,55.135,random,float32
3,562.654855,7039,52430573,52.457,random,float32
3,563.192335,4442,52430573,52.969,random,float32
3,563.730089,7887,52430573,52.386,random,float32
3,564.263587,6121,52430573,53.240,random,float32
3,564.801207,3574,52430573,53.901,random,float32
3,565.349186,8286,52430573,55.087,random,float32
3,565.895650,3462,52430573,54.647,random,float32
3,566.444098,7485,52430573,52.947,random,float32
3,566.994313,3364,52430573,54.046,random,float32
3,567.535860,9773,52430573,53.699,random,float32
3,568.087734,8330,52430573,56.497,random,float32
3,568.631510,243,52430573,51.967,random,float32
3,569.172558,755,52430573,52.708,random,float32
3,569.717634,4167,52430573,57.416,random,float32
3,570.255906,8488,52430573,52.350,random,float32
3,570.794143,612,52430573,54.050,random,float32
3,571.327721,3491,52430573,54.612,random,float32
3,571.851316,4636,52430573,53.407,random,float32
3,572.386013,4347,52430573,53.343,random,float32
3,572.926619,127,52430573,51.534,random,float32
3,573.458911,2919,52430573,52.646,random,float32
3,573.981765,342,52430573,53.020,random,float32
3,574.501927,9327,52430573,54.112,random,float32
3,575.024895,8047,52430573,52.488,random,float32
3,575.554964,7766,52430573,52.608,random,float32
3,576.085244,4051,52430573,54.363,random,float32
3,576.616697,3019,52430573,55.865,random,float32
3,577.136011,2032,52430573,50.843,random,float32
3,577.662874,5724,52430573,52.977,random,float32
3,578.194737,9301,52430573,53.558,random,float32
3,578.716117,6537,52430573,51.591,random,float32
3,579.242618,4962,52430573,56.686,random,float32
3,579.782841,2332,52430573,53.566,random,float32
3,580.305549,8202,52430573,50.293,random,float32
3,580.839957,7377,52430573,50.710,random,float32
3,581.380170,5831,52430573,54.327,random,float32
3,581.897829,8149,52430573,50.234,random,float32
3,582.420168,34,52430573,48.173,random,float32
3,582.944911,8564,52430573,54.417,random,float32
3,583.477229,7056,52430573,56.289,random,float32
3,584.004117,8589,52430573,51.242,random,float32
3,584.537941,2754,52430573,52.251,random,float32
3,585.052292,6723,52430573,52.686,random,float32
3,585.589694,5977,52430573,49.312,random,float32
3,586.126184,5204,52430573,53.355,random,float32
3,586.656336,4070,52430573,53.860,random,float32
3,587.180418,7248,52430573,53.172,random,float32
3,587.709497,5035,52430573,51.589,random,float32
3,588.248828,23,52430573,73.855,random,float32
3,588.778711,6230,52430573,53.348,random,float32
3,589.313558,186,52430573,51.936,random,float32
3,589.843179,7779,52430573,54.402,random,float32
3,590.376180,4422,52430573,54.738,random,float32
3,590.911705,4129,52430573,51.550,random,float32
3,591.444665,6053,52430573,51.403,random,float32
3,591.961830,4318,52430573,54.559,random,float32
3,592.484968,1898,52430573,48.406,random,float32
3,593.015882,4715,52430573,49.133,random,float32
3,593.541520,4356,52430573,48.625,random,float32
3,594.060955,6815,52430573,49.202,random,float32
3,594.606855,5915,52430573,53.866,random,float32
3,595.144596,9703,52430573,54.536,random,float32
3,595.671120,3024,52430573,50.921,random,float32
3,596.228989,1089,52430573,59.158,random,float32
3,596.765942,5068,52430573,50.647,random,float32
3,597.302297,7285,52430573,54.350,random,float32
3,597.832459,4886,52430573,52.128,random,float32
3,598.370524,9024,52430573,55.026,random,float32
3,598.899500,5061,52430573,53.684,random,float32
3,599.463162,9180,52430573,54.294,random,float32
3,600.017007,9226,52430573,55.674,random,float32
3,600.573340,8105,52430573,52.269,random,float32
3,601.116926,3891,52430573,53.514,random,float32
3,601.650439,9114,52430573,51.974,random,float32
3,602.184729,9614,52430573,54.443,random,float32
3,602.718231,682,52430573,54.475,random,float32
3,603.252033,823,52430573,51.617,random,float32
3,603.784542,1797,52430573,54.190,random,float32
3,604.320723,8855,52430573,51.514,random,float32
3,604.858898,3521,52430573,51.946,random,float32
3,605.388756,2968,52430573,52.526,random,float32
3,605.926164,2966,52430573,53.271,random,float32
3,606.452995,2993,52430573,52.540,random,float32
3,606.985237,7697,52430573,54.001,random,float32
3,607.524102,2653,52430573,52.763,random,float32
3,608.049614,9458,52430573,51.995,random,float32
3,608.567324,8946,52430573,51.269,random,float32
3,609.094645,7176,52430573,52.041,random,float32
3,609.625711,2388,52430573,54.881,random,float32
3,610.160614,9348,52430573,53.860,random,float32
3,610.688082,7651,52430573,54.681,random,float32
3,611.222715,1248,52430573,52.798,random,float32
3,611.751832,5298,52430573,53.004,random,float32
3,612.276674,1208,52430573,54.803,random,float32
3,612.822599,5189,52430573,56.248,random,float32
3,613.369622,6204,52430573,56.853,random,float32
3,613.917924,2802,52430573,54.745,random,float32
3,614.459785,9644,52430573,54.423,random,float32
3,614.991231,6538,52430573,52.591,random,float32
3,615.522367,5776,52430573,55.296,random,float32
3,616.056626,5701,52430573,52.632,random,float32
3,616.602129,6722,52430573,54.994,random,float32
3,617.136749,5474,52430573,55.215,random,float32
3,617.665648,444,52430573,49.302,random,float32
3,618.194793,5017,52430573,53.069,random,float32
3,618.726053,2724,52430573,52.638,random,float32
3,619.269062,7131,52430573,53.372,random,float32
3,619.816780,4286,52430573,52.675,random,float32
3,620.347162,2812,52430573,47.798,random,float32
3,620.875136,8750,52430573,54.869,random,float32
3,621.407719,2517,52430573,53.349,random,float32
3,621.938882,7256,52430573,48.796,random,float32
3,622.473188,5486,52430573,51.837,random,float32
3,623.009572,2607,52430573,54.457,random,float32
3,623.541499,7400,52430573,51.619,random,float32
3,624.082556,781,52430573,53.103,random,float32
3,624.607921,425,52430573,53.467,random,float32
3,625.150261,1007,52430573,54.435,random,float32
3,625.698474,3713,52430573,52.775,random,float32
3,626.231719,6988,52430573,52.685,random,float32
3,626.763465,5037,52430573,54.243,random,float32
3,627.304530,9100,52430573,55.245,random,float32
3,627.842704,1432,52430573,51.790,random,float32
3,628.384019,3813,52430573,52.770,random,float32
3,628.934074,408,52430573,54.320,random,float32
3,629.470838,4491,52430573,55.810,random,float32
3,630.022779,8763,52430573,57.626,random,float32
3,630.581724,1076,52430573,55.345,random,float32
3,631.145615,5162,52430573,60.301,random,float32
3,631.695454,7016,52430573,53.034,random,float32
3,632.232552,7846,52430573,53.407,random,float32
3,632.758845,9865,52430573,52.752,random,float32
3,633.294966,7431,52430573,55.238,random,float32
3,633.847393,4645,52430573,57.039,random,float32
3,634.388089,5131,52430573,55.395,random,float32
3,634.925852,5443,52430573,53.295,random,float32
3,635.481800,7009,52430573,59.387,random,float32
3,636.033189,8343,52430573,54.143,random,float32
3,636.561189,7154,52430573,53.288,random,float32
3,637.108115,4185,52430573,53.968,random,float32
3,637.643281,7564,52430573,53.569,random,float32
3,638.178340,4079,52430573,52.148,random,float32
3,638.705722,3131,52430573,52.021,random,float32
3,639.232063,430,52430573,54.700,random,float32
3,639.774644,2156,52430573,53.553,random,float32
3,640.319409,8482,52430573,54.609,random,float32
3,640.870851,1919,52430573,55.391,random,float32
3,641.404849,7338,52430573,51.196,random,float32
3,641.947144,8137,52430573,54.105,random,float32
3,642.486695,1559,52430573,53.376,random,float32
3,643.017001,2302,52430573,53.516,random,float32
3,643.556197,9770,52430573,53.845,random,float32
3,644.093874,9034,52430573,52.808,random,float32
3,644.630317,9315,52430573,54.564,random,float32
3,645.168827,8877,52430573,53.619,random,float32
3,645.698925,6319,52430573,52.884,random,float32
3,646.231334,5458,52430573,54.070,random,float32
3,646.767578,9184,52430573,53.364,random,float32
3,647.305684,941,52430573,50.952,random,float32
3,647.832094,8013,52430573,52.872,random,float32
3,648.350683,7691,52430573,51.170,random,float32
3,648.889187,8740,52430573,53.350,random,float32
3,649.421472,1758,52430573,52.961,random,float32
3,649.950175,5747,52430573,54.155,random,float32
3,650.487206,6874,52430573,54.268,random,float32
3,651.016932,3070,52430573,51.762,random,float32
3,651.551255,3713,52430573,50.494,random,float32
3,652.073040,6831,52430573,50.606,random,float32
3,652.617665,3127,52430573,54.686,random,float32
3,653.152072,1799,52430573,54.985,random,float32
3,653.695422,4771,52430573,54.517,random,float32
3,654.235351,435,52430573,55.265,random,float32
3,654.770200,4388,52430573,54.040,random,float32
3,655.313327,5860,52430573,54.562,random,float32
3,655.855517,6072,52430573,53.142,random,float32
3,656.394517,6515,52430573,52.443,random,float32
3,656.940365,790,52430573,55.924,random,float32
3,657.477533,927,52430573,50.973,random,float32
3,658.008027,4058,52430573,53.269,random,float32
3,658.552771,589,52430573,53.391,random,float32
3,659.097140,1203,52430573,55.714,random,float32
3,659.639395,4594,52430573,54.822,random,float32
3,660.196084,9812,52430573,54.205,random,float32
3,660.730415,1563,52430573,53.965,random,float32
3,661.282389,2376,52430573,58.253,random,float32
3,661.824367,9841,52430573,54.259,random,float32
3,662.356508,9373,52430573,53.038,random,float32
3,662.885081,761,52430573,56.173,random,float32
3,663.421497,5682,52430573,54.926,random,float32
3,663.960028,9497,52430573,52.894,random,float32
3,664.500292,800,52430573,53.460,random,float32
3,665.042987,5969,52430573,54.193,random,float32
3,665.590805,5736,52430573,55.734,random,float32
3,666.139180,7694,52430573,58.109,random,float32
3,666.689167,2038,52430573,53.497,random,float32
3,667.240026,5179,52430573,53.982,random,float32
3,667.784532,4600,52430573,55.159,random,float32
3,668.318140,9363,52430573,53.733,random,float32
3,668.846751,314,52430573,53.836,random,float32
3,669.377887,9007,52430573,54.142,random,float32
3,669.911188,2806,52430573,51.184,random,float32
3,670.448316,2352,52430573,51.085,random,float32
3,670.974788,4895,52430573,52.292,random,float32
3,671.512957,8341,52430573,53.123,random,float32
3,672.046867,2646,52430573,55.671,random,float32
3,672.589004,2275,52430573,53.489,random,float32
3,673.130201,4672,52430573,54.801,random,float32
3,673.673959,7025,52430573,51.574,random,float32
3,674.209144,7056,52430573,55.176,random,float32
3,674.750606,9689,52430573,51.095,random,float32
3,675.288956,7941,52430573,53.432,random,float32
3,675.822574,4322,52430573,53.240,random,float32
3,676.352248,1302,52430573,53.769,random,float32
3,676.889601,2089,52430573,54.885,random,float32
3,677.421366,3645,52430573,52.860,random,float32
3,677.963458,7720,52430573,57.121,random,float32
3,678.492093,4165,52430573,53.251,random,float32
3,679.030690,5520,52430573,53.334,random,float32
3,679.555346,5377,52430573,51.043,random,float32
3,680.089093,7073,52430573,51.535,random,float32
3,680.607138,726,52430573,52.367,random,float32
3,681.145143,7891,52430573,53.803,random,float32
3,681.680431,4410,52430573,53.645,random,float32
3,682.208448,5478,52430573,54.671,random,float32
3,682.730715,2603,52430573,54.245,random,float32
3,683.254052,447,52430573,50.468,random,float32
3,683.785593,7124,52430573,52.144,random,float32
3,684.318109,6423,52430573,53.095,random,float32
3,684.857456,8368,52430573,55.086,random,float32
3,685.393142,6469,52430573,53.828,random,float32
3,685.930818,2581,52430573,53.943,random,float32
3,686.470572,6622,52430573,55.326,random,float32
3,687.015772,4937,52430573,55.631,random,float32
3,687.564080,1496,52430573,54.414,random,float32
3,688.111164,5143,52430573,56.676,random,float32
3,688.648166,35,52430573,54.554,random,float32
3,689.196053,1045,52430573,54.444,random,float32
3,689.732537,2887,52430573,53.412,random,float32
3,690.279777,1025,52430573,53.893,random,float32
3,690.823224,3768,52430573,56.307,random,float32
3,691.364995,8885,52430573,53.782,random,float32
3,691.915034,2572,52430573,56.327,random,float32
3,692.454236,3052,52430573,53.689,random,float32
3,693.001855,1821,52430573,54.304,random,float32
3,693.541134,1308,52430573,53.901,random,float32
3,694.073317,4631,52430573,54.256,random,float32
3,694.618873,7004,52430573,55.190,random,float32
3,695.153711,3046,52430573,52.458,random,float32
3,695.701842,4894,52430573,55.448,random,float32
3,696.241049,5396,52430573,56.926,random,float32
3,696.774850,9209,52430573,51.215,random,float32
3,697.310888,4817,52430573,53.375,random,float32
3,697.848565,9477,52430573,54.760,random,float32
3,698.397745,6611,52430573,51.743,random,float32
3,698.944243,244,52430573,56.223,random,float32
3,699.489440,5383,52430573,54.261,random,float32
3,700.037238,9068,52430573,57.290,random,float32
3,700.597657,3239,52430573,57.605,random,float32
3,701.159523,3079,52430573,56.068,random,float32
3,701.692852,7756,52430573,50.706,random,float32
3,702.216160,4573,52430573,52.180,random,float32
3,702.736775,808,52430573,51.394,random,float32
3,703.255695,1166,52430573,54.570,random,float32
3,703.791749,9774,52430573,54.493,random,float32
3,704.318597,7479,52430573,49.093,random,float32
3,704.862209,5927,52430573,53.246,random,float32
3,705.400807,827,52430573,53.057,random,float32
3,705.929867,1475,52430573,51.454,random,float32
3,706.450203,6444,52430573,51.042,random,float32
3,706.992342,8175,52430573,52.866,random,float32
3,707.529187,891,52430573,55.775,random,float32
3,708.057734,8369,52430573,52.707,random,float32
3,708.592394,4867,52430573,53.470,random,float32
3,709.122753,1072,52430573,51.641,random,float32
3,709.665753,4691,52430573,52.408,random,float32
3,710.194280,5016,52430573,54.151,random,float32
3,710.729668,7184,52430573,47.843,random,float32
3,711.260315,518,52430573,51.255,random,float32
3,711.795208,8576,52430573,50.863,random,float32
3,712.318620,2922,52430573,55.983,random,float32
3,712.841958,9695,52430573,52.173,random,float32
3,713.380067,8434,52430573,53.588,random,float32
3,713.898359,1731,52430573,51.526,random,float32
3,714.416321,4834,52430573,50.988,random,float32
3,714.949128,422,52430573,52.748,random,float32
3,715.470881,8566,52430573,52.621,random,float32
3,716.005722,3865,52430573,54.124,random,float32
3,716.542396,9244,52430573,53.868,random,float32
3,717.094678,741,52430573,53.101,random,float32
3,717.631111,5654,52430573,55.197,random,float32
3,718.163737,6153,52430573,53.432,random,float32
3,718.689647,5275,52430573,50.797,random,float32
3,719.225262,2719,52430573,51.582,random,float32
3,719.750273,7786,52430573,54.314,random,float32
3,720.290868,2437,52430573,53.055,random,float32
3,720.829442,9045,52430573,55.023,random,float32
3,721.359663,5187,52430573,51.640,random,float32
3,721.887672,3317,52430573,54.721,random,float32
3,722.419773,6292,52430573,52.580,random,float32
3,722.939248,1865,52430573,51.084,random,float32
3,723.461809,6968,52430573,53.090,random,float32
3,723.989625,3744,52430573,51.933,random,float32
3,724.510263,893,52430573,49.350,random,float32
3,725.042451,7436,52430573,55.117,random,float32
3,725.587332,2213,52430573,56.044,random,float32
3,726.127089,705,52430573,53.643,random,float32
3,726.663663,9604,52430573,56.182,random,float32
3,727.203403,7156,52430573,53.589,random,float32
3,727.731791,5890,52430573,52.540,random,float32
3,728.248427,8286,52430573,50.553,random,float32
3,728.769988,6297,52430573,50.642,random,float32
3,729.297707,6239,52430573,52.836,random,float32
3,729.823238,3601,52430573,52.666,random,float32
3,730.357653,9994,52430573,52.236,random,float32
3,730.880939,2420,52430573,50.800,random,float32
3,731.412527,5147,52430573,54.817,random,float32
3,731.952240,6818,52430573,53.203,random,float32
3,732.481615,6662,52430573,51.858,random,float32
3,733.016114,3559,52430573,52.936,random,float32
3,733.581485,3973,52430573,55.931,random,float32
3,734.122145,4366,52430573,54.084,random,float32
3,734.650540,7309,52430573,54.438,random,float32
3,735.193349,1143,52430573,56.765,random,float32
3,735.722768,2234,52430573,51.218,random,float32
3,736.252359,4887,52430573,52.470,random,float32
3,736.780279,5532,52430573,53.013,random,float32
3,737.310924,5018,52430573,54.292,random,float32
3,737.851082,4931,52430573,54.669,random,float32
3,738.384678,8444,52430573,52.070,random,float32
3,738.921896,3588,52430573,54.788,random,float32
3,739.467256,7136,52430573,53.295,random,float32
3,740.009354,5709,52430573,53.314,random,float32
3,740.547581,5586,52430573,51.081,random,float32
3,741.078577,7164,52430573,52.391,random,float32
3,741.605140,7743,52430573,52.095,random,float32
3,742.131337,2693,52430573,54.051,random,float32
3,742.669655,4432,52430573,54.841,random,float32
3,743.203926,607,52430573,52.310,random,float32
3,743.735916,3351,52430573,52.448,random,float32
3,744.261590,7965,52430573,56.244,random,float32
3,744.795233,5102,52430573,53.892,random,float32
3,745.327027,9094,52430573,55.273,random,float32
3,745.867206,6795,52430573,54.668,random,float32
3,746.395939,8157,52430573,53.119,random,float32
3,746.924691,9691,52430573,52.431,random,float32
3,747.455693,9059,52430573,51.097,random,float32
3,747.996238,9231,52430573,55.293,random,float32
3,748.528437,1034,52430573,51.485,random,float32
3,749.070216,2943,52430573,53.317,random,float32
3,749.596889,7466,52430573,52.352,random,float32
3,750.133895,6117,52430573,53.262,random,float32
3,750.660613,8819,52430573,50.747,random,float32
3,751.191772,1549,52430573,54.501,random,float32
3,751.713603,2687,52430573,50.112,random,float32
3,752.252842,9864,52430573,53.966,random,float32
3,752.786337,389,52430573,50.213,random,float32
3,753.321922,1801,52430573,54.129,random,float32
3,753.855529,7156,52430573,52.251,random,float32
3,754.378813,7692,52430573,52.579,random,float32
3,754.893738,7852,52430573,48.532,random,float32
3,755.422993,6516,52430573,50.941,random,float32
3,755.953593,8149,52430573,48.908,random,float32
3,756.483510,6873,52430573,53.513,random,float32
3,757.016269,2130,52430573,54.814,random,float32
3,757.534809,9181,52430573,51.318,random,float32
3,758.056507,5519,52430573,51.818,random,float32
3,758.576373,4109,52430573,51.598,random,float32
3,759.102352,7084,52430573,52.945,random,float32
3,759.617588,22,52430573,53.965,random,float32
3,760.151198,1715,52430573,54.649,random,float32
3,760.678135,4062,52430573,52.838,random,float32
3,761.202034,1462,52430573,54.580,random,float32
3,761.730314,4819,52430573,52.619,random,float32
3,762.264575,696,52430573,53.229,random,float32
3,762.791430,6130,52430573,52.249,random,float32
3,763.315169,1019,52430573,53.273,random,float32
3,763.839944,8279,52430573,53.893,random,float32
3,764.364584,1007,52430573,50.993,random,float32
3,764.887472,2146,52430573,52.331,random,float32
3,765.426381,8294,52430573,53.902,random,float32
3,765.942719,6909,52430573,49.665,random,float32
3,766.474281,5857,52430573,56.683,random,float32
3,767.037830,7466,52430573,55.166,random,float32
3,767.573869,4975,52430573,54.502,random,float32
3,768.111116,458,52430573,52.862,random,float32
3,768.635311,6596,52430573,52.372,random,float32
3,769.156174,7801,52430573,52.506,random,float32
3,769.695600,1755,52430573,53.813,random,float32
3,770.240612,2734,52430573,53.590,random,float32
3,770.770539,5187,52430573,52.192,random,float32
3,771.306198,8432,52430573,53.422,random,float32
3,771.843272,9253,52430573,53.852,random,float32
3,772.392864,1813,52430573,54.625,random,float32
3,772.944297,4080,52430573,56.244,random,float32
3,773.480570,8645,52430573,54.057,random,float32
3,774.018132,8405,52430573,54.094,random,float32
3,774.552162,7040,52430573,53.534,random,float32
3,775.082776,6864,52430573,51.808,random,float32
3,775.605190,2676,52430573,53.574,random,float32
3,776.137666,9132,52430573,50.302,random,float32
3,776.675801,6898,52430573,52.780,random,float32
3,777.220445,2348,52430573,54.581,random,float32
3,777.748875,8804,52430573,51.040,random,float32
3,778.296827,1112,52430573,55.534,random,float32
3,778.852070,4609,52430573,54.174,random,float32
3,779.384560,4556,52430573,51.845,random,float32
3,779.918979,8733,52430573,53.456,random,float32
3,780.461701,6861,52430573,54.113,random,float32
3,780.992695,7547,52430573,54.104,random,float32
3,781.524262,4490,52430573,53.653,random,float32
3,782.063857,1037,52430573,53.494,random,float32
3,782.615372,8960,52430573,53.172,random,float32
3,783.153025,5085,52430573,53.462,random,float32
3,783.687048,8302,52430573,50.208,random,float32
3,784.214263,6500,52430573,54.527,random,float32
3,784.753498,557,52430573,54.390,random,float32
3,785.306156,4549,52430573,57.320,random,float32
3,785.849135,3550,52430573,54.145,random,float32
3,786.385558,497,52430573,56.310,random,float32
3,786.919832,2783,52430573,55.041,random,float32
3,787.461434,7422,52430573,54.645,random,float32
3,788.011618,6592,52430573,54.089,random,float32
3,788.544732,8991,52430573,54.757,random,float32
3,789.096263,3251,52430573,54.938,random,float32
3,789.630655,4326,52430573,51.958,random,float32
3,790.165128,3080,52430573,56.064,random,float32
3,790.698720,6967,52430573,51.961,random,float32
3,791.234194,5856,52430573,53.240,random,float32
3,791.772571,5316,52430573,52.292,random,float32
3,792.307720,4194,52430573,51.771,random,float32
3,792.840300,7168,52430573,54.461,random,float32
3,793.389105,5043,52430573,55.435,random,float32
3,793.936488,3916,52430573,53.550,random,float32
3,794.482041,4728,52430573,55.756,random,float32
3,795.009900,7860,52430573,54.057,random,float32
3,795.539016,4570,52430573,53.381,random,float32
3,796.077898,2232,52430573,54.767,random,float32
3,796.607917,9056,52430573,52.150,random,float32
3,797.147509,3338,52430573,55.319,random,float32
3,797.693208,4039,52430573,53.373,random,float32
3,798.234314,6563,52430573,54.565,random,float32
3,798.764224,2377,52430573,54.008,random,float32
3,799.304369,5367,52430573,51.456,random,float32
3,799.854914,6082,52430573,57.682,random,float32
3,800.423251,3261,52430573,55.473,random,float32
3,800.956436,2870,52430573,52.534,random,float32
3,801.490257,8653,52430573,53.850,random,float32
3,802.025688,3585,52430573,54.395,random,float32
3,802.567233,7205,52430573,54.108,random,float32
3,803.101474,5369,52430573,52.657,random,float32
3,803.632570,7162,52430573,52.939,random,float32
3,804.157121,6957,52430573,50.705,random,float32
3,804.694216,7537,52430573,53.420,random,float32
3,805.232268,8639,52430573,52.071,random,float32
3,805.766082,7013,52430573,55.239,random,float32
3,806.293736,5195,52430573,52.746,random,float32
3,806.824108,827,52430573,53.375,random,float32
3,807.352204,4034,52430573,55.468,random,float32
3,807.884274,1277,52430573,51.913,random,float32
3,808.425592,5142,52430573,51.562,random,float32
3,808.958095,4715,52430573,50.924,random,float32
3,809.493454,4868,52430573,54.989,random,float32
3,810.043654,8223,52430573,55.032,random,float32
3,810.584454,251,52430573,52.942,random,float32
3,811.142024,2275,52430573,52.943,random,float32
3,811.678060,3093,52430573,51.799,random,float32
3,812.210152,7083,52430573,53.797,random,float32
3,812.756523,5972,52430573,53.046,random,float32
3,813.313794,1554,52430573,52.468,random,float32
3,813.854576,5791,52430573,55.343,random,float32
3,814.388256,4811,52430573,53.547,random,float32
3,814.935874,2213,52430573,55.861,random,float32
3,815.486745,1884,52430573,56.357,random,float32
3,816.008124,304,52430573,51.870,random,float32
3,816.542512,4249,52430573,56.517,random,float32
3,817.089128,5403,52430573,53.934,random,float32
3,817.619448,2250,52430573,53.676,random,float32
3,818.154016,9333,52430573,53.098,random,float32
3,818.675415,6431,52430573,53.815,random,float32
3,819.203473,7584,52430573,53.599,random,float32
3,819.740019,1411,52430573,52.965,random,float32
3,820.261683,7493,52430573,52.111,random,float32
3,820.782699,3036,52430573,53.561,random,float32
3,821.315775,1011,52430573,54.293,random,float32
3,821.856326,2131,52430573,54.348,random,float32
3,822.400977,238,52430573,54.158,random,float32
3,822.929458,9140,52430573,51.298,random,float32
3,823.460998,2819,52430573,54.070,random,float32
3,823.996372,2200,52430573,52.325,random,float32
3,824.546264,731,52430573,56.412,random,float32
3,825.098232,3523,52430573,59.444,random,float32
3,825.645612,643,52430573,53.894,random,float32
3,826.195743,2692,52430573,53.687,random,float32
3,826.754506,9788,52430573,57.261,random,float32
3,827.296724,6565,52430573,53.551,random,float32
3,827.840418,8952,52430573,54.455,random,float32
3,828.382938,4308,52430573,53.851,random,float32
3,828.925602,6303,52430573,53.851,random,float32
3,829.464169,8002,52430573,53.855,random,float32
3,830.012074,1345,52430573,57.063,random,float32
3,830.555525,8391,52430573,55.228,random,float32
3,831.099703,3197,52430573,53.028,random,float32
3,831.652417,3978,52430573,53.132,random,float32
3,832.206017,3361,52430573,56.485,random,float32
3,832.755146,9648,52430573,53.745,random,float32
3,833.311165,1384,52430573,55.621,random,float32
3,833.880311,6244,52430573,55.473,random,float32
3,834.423990,8867,52430573,56.778,random,float32
3,834.958411,781,52430573,53.899,random,float32
3,835.484773,2276,52430573,52.696,random,float32
3,836.021935,8600,52430573,53.331,random,float32
3,836.562080,7804,52430573,54.316,random,float32
3,837.110391,8184,52430573,53.243,random,float32
3,837.645440,3270,52430573,54.163,random,float32
3,838.183319,9826,52430573,53.128,random,float32
3,838.715253,1425,52430573,51.592,random,float32
3,839.254909,5281,52430573,54.886,random,float32
3,839.796663,5838,52430573,54.426,random,float32
3,840.345734,8100,52430573,55.214,random,float32
3,840.897905,8769,52430573,55.424,random,float32
3,841.433946,6823,52430573,52.461,random,float32
3,841.973747,6826,52430573,54.360,random,float32
3,842.522223,8392,52430573,53.026,random,float32
3,843.059030,2898,52430573,52.623,random,float32
3,843.592964,7435,52430573,52.659,random,float32
3,844.118347,7672,52430573,52.300,random,float32
3,844.646791,3190,52430573,51.734,random,float32
3,845.182283,3371,52430573,52.094,random,float32
3,845.710336,730,52430573,54.597,random,float32
3,846.259293,4579,52430573,55.780,random,float32
3,846.799445,2604,52430573,51.915,random,float32
3,847.337937,1632,52430573,53.159,random,float32
3,847.875983,785,52430573,55.012,random,float32
3,848.408670,8680,52430573,53.047,random,float32
3,848.959669,8961,52430573,55.678,random,float32
3,849.493057,7932,52430573,54.679,random,float32
3,850.042996,7721,52430573,53.909,random,float32
3,850.586028,3022,52430573,54.037,random,float32
3,851.119792,9691,52430573,52.539,random,float32
3,851.663837,3088,52430573,52.038,random,float32
3,852.201894,9942,52430573,54.866,random,float32
3,852.743708,9221,52430573,55.523,random,float32
3,853.288954,1025,52430573,53.750,random,float32
3,853.827230,2168,52430573,55.046,random,float32
3,854.379757,3759,52430573,56.216,random,float32
3,854.927024,5184,52430573,56.188,random,float32
3,855.479490,4919,52430573,56.758,random,float32
3,856.037114,1179,52430573,56.144,random,float32
3,856.581536,7488,52430573,55.977,random,float32
3,857.131082,4531,52430573,56.193,random,float32
3,857.673547,8046,52430573,54.016,random,float32
3,858.215238,419,52430573,53.705,random,float32
3,858.758301,6169,52430573,54.770,random,float32
3,859.300004,8345,52430573,52.633,random,float32
3,859.833672,5670,52430573,54.331,random,float32
3,860.378638,3336,52430573,53.467,random,float32
3,860.909072,925,52430573,53.686,random,float32
3,861.442781,45,52430573,52.835,random,float32
3,861.979155,750,52430573,55.773,random,float32
3,862.512399,2696,52430573,53.752,random,float32
3,863.045930,5867,52430573,55.409,random,float32
3,863.574474,6567,52430573,51.849,random,float32
3,864.112027,8173,52430573,51.904,random,float32
3,864.640023,335,52430573,53.941,random,float32
3,865.177170,726,52430573,55.979,random,float32
3,865.715952,6896,52430573,53.157,random,float32
3,866.270884,8782,52430573,58.999,random,float32
3,866.841517,9876,52430573,55.768,random,float32
3,867.389532,2150,52430573,54.375,random,float32
3,867.928666,2700,52430573,53.759,random,float32
3,868.451009,5864,52430573,51.133,random,float32
3,868.977094,7972,52430573,51.952,random,float32
3,869.507423,5299,52430573,52.436,random,float32
3,870.050828,7317,52430573,53.020,random,float32
3,870.592855,8486,52430573,50.063,random,float32
3,871.128087,238,52430573,53.113,random,float32
3,871.665052,6486,52430573,54.807,random,float32
3,872.196943,9278,52430573,52.379,random,float32
3,872.731745,3762,52430573,55.963,random,float32
3,873.260069,6788,52430573,52.529,random,float32
3,873.798680,4542,52430573,53.073,random,float32
3,874.329204,885,52430573,53.123,random,float32
3,874.856835,8240,52430573,54.554,random,float32
3,875.397136,6496,52430573,53.570,random,float32
3,875.933286,1838,52430573,52.577,random,float32
3,876.458765,8765,52430573,51.209,random,float32
3,876.995603,6070,52430573,53.631,random,float32
3,877.521139,2206,52430573,54.685,random,float32
3,878.058610,6089,52430573,53.337,random,float32
3,878.593317,1188,52430573,53.692,random,float32
3,879.132569,3537,52430573,55.306,random,float32
3,879.681586,8486,52430573,52.809,random,float32
3,880.233039,3247,52430573,53.236,random,float32
3,880.774811,7784,52430573,54.709,random,float32
3,881.315632,2523,52430573,54.177,random,float32
3,881.859712,2386,52430573,57.032,random,float32
3,882.405417,6417,52430573,55.696,random,float32
3,882.954309,1613,52430573,53.666,random,float32
3,883.487374,9132,52430573,53.286,random,float32
3,884.044240,8128,52430573,58.303,random,float32
3,884.586727,3876,52430573,55.581,random,float32
3,885.122604,400,52430573,52.544,random,float32
3,885.653400,2284,52430573,53.608,random,float32
3,886.182070,2995,52430573,53.553,random,float32
3,886.709276,2263,52430573,53.929,random,float32
3,887.235157,9444,52430573,53.116,random,float32
3,887.770199,5322,52430573,52.728,random,float32
3,888.294505,1522,52430573,50.671,random,float32
3,888.818752,418,52430573,52.933,random,float32
3,889.344792,2429,52430573,53.652,random,float32
3,889.872014,2293,52430573,52.765,random,float32
3,890.408822,8355,52430573,53.373,random,float32
3,890.932355,3269,52430573,52.677,random,float32
3,891.471074,2865,52430573,52.426,random,float32
3,892.002200,8712,52430573,53.325,random,float32
3,892.532718,4070,52430573,53.265,random,float32
3,893.053141,4607,52430573,50.221,random,float32
3,893.588149,6960,52430573,51.394,random,float32
3,894.112451,9913,52430573,54.748,random,float32
3,894.646705,9859,52430573,53.392,random,float32
3,895.171366,2696,52430573,54.445,random,float32
3,895.690410,8424,52430573,53.080,random,float32
3,896.214800,3995,52430573,55.199,random,float32
3,896.743101,9297,52430573,48.698,random,float32
3,897.272035,7107,52430573,54.353,random,float32
3,897.789154,3191,52430573,48.781,random,float32
3,898.317211,8647,52430573,54.673,random,float32
3,898.848928,3659,52430573,51.837,random,float32
3,899.387753,118,52430573,54.800,random,float32
3,899.958550,7176,52430573,53.955,random,float32
4,300.498922,4542,52430573,53.308,random,float32
4,301.032033,3446,52430573,53.393,random,float32
4,301.563546,5540,52430573,54.251,random,float32
4,302.092557,2606,52430573,54.697,random,float32
4,302.632885,5140,52430573,55.647,random,float32
4,303.168254,3771,52430573,55.418,random,float32
4,303.707468,1381,52430573,54.230,random,float32
4,304.265599,8095,52430573,54.811,random,float32
4,304.806943,8840,52430573,52.966,random,float32
4,305.337860,3014,52430573,53.265,random,float32
4,305.877181,6149,52430573,54.389,random,float32
4,306.424449,2265,52430573,53.226,random,float32
4,306.970303,4916,52430573,53.208,random,float32
4,307.527651,5728,52430573,56.826,random,float32
4,308.088461,6501,52430573,54.272,random,float32
4,308.642249,7465,52430573,54.582,random,float32
4,309.180773,652,52430573,53.471,random,float32
4,309.736430,7210,52430573,55.291,random,float32
4,310.286853,3393,52430573,53.370,random,float32
4,310.819835,9529,52430573,53.877,random,float32
4,311.356090,527,52430573,54.750,random,float32
4,311.901321,8691,52430573,55.549,random,float32
4,312.441204,9608,52430573,52.637,random,float32
4,312.980808,966,52430573,52.065,random,float32
4,313.522390,1111,52430573,52.705,random,float32
4,314.063904,3253,52430573,50.868,random,float32
4,314.598201,2396,52430573,51.141,random,float32
4,315.131376,9367,52430573,54.175,random,float32
4,315.677855,8262,52430573,54.800,random,float32
4,316.224350,5313,52430573,55.679,random,float32
4,316.779230,7257,52430573,54.705,random,float32
4,317.321761,6932,52430573,53.012,random,float32
4,317.866105,4940,52430573,54.032,random,float32
4,318.403343,2419,52430573,53.853,random,float32
4,318.962949,9158,52430573,55.804,random,float32
4,319.502768,6049,52430573,54.217,random,float32
4,320.060988,7221,52430573,55.793,random,float32
4,320.608279,5783,52430573,56.279,random,float32
4,321.163667,1525,52430573,57.282,random,float32
4,321.710022,2083,52430573,53.528,random,float32
4,322.245188,1462,52430573,56.132,random,float32
4,322.777179,7699,52430573,52.521,random,float32
4,323.319974,8475,52430573,52.715,random,float32
4,323.851790,9501,52430573,54.146,random,float32
4,324.389616,8604,52430573,53.378,random,float32
4,324.949604,805,52430573,56.286,random,float32
4,325.506118,7137,52430573,55.369,random,float32
4,326.049755,1203,52430573,55.774,random,float32
4,326.594735,8793,52430573,53.907,random,float32
4,327.133248,2740,52430573,54.156,random,float32
4,327.662568,7075,52430573,55.126,random,float32
4,328.199079,7967,52430573,53.245,random,float32
4,328.738720,7716,52430573,53.927,random,float32
4,329.275507,6227,52430573,54.306,random,float32
4,329.804638,4955,52430573,52.704,random,float32
4,330.345153,3468,52430573,54.244,random,float32
4,330.867744,4651,52430573,52.591,random,float32
4,331.410008,4287,52430573,54.126,random,float32
4,331.959578,2698,52430573,57.340,random,float32
4,332.541624,8808,52430573,55.957,random,float32
4,333.107532,6668,52430573,52.913,random,float32
4,333.672086,1437,52430573,53.334,random,float32
4,334.211016,3447,52430573,53.021,random,float32
4,334.750122,4936,52430573,53.832,random,float32
4,335.302620,2184,52430573,52.025,random,float32
4,335.845368,8647,52430573,55.148,random,float32
4,336.401721,2826,52430573,55.915,random,float32
4,336.951803,1854,52430573,53.630,random,float32
4,337.519307,2543,52430573,52.854,random,float32
4,338.059252,1206,52430573,53.239,random,float32
4,338.611910,1684,52430573,56.211,random,float32
4,339.163503,8002,52430573,54.627,random,float32
4,339.716688,91,52430573,54.140,random,float32
4,340.251927,63,52430573,51.555,random,float32
4,340.799169,4894,52430573,55.776,random,float32
4,341.348612,25,52430573,52.656,random,float32
4,341.896629,6863,52430573,52.627,random,float32
4,342.439143,3524,52430573,55.587,random,float32
4,342.977887,7010,52430573,53.327,random,float32
4,343.520300,3149,52430573,54.615,random,float32
4,344.066016,8816,52430573,55.148,random,float32
4,344.606084,3754,52430573,54.357,random,float32
4,345.157406,1795,52430573,53.299,random,float32
4,345.703345,3012,52430573,54.752,random,float32
4,346.237711,228,52430573,52.675,random,float32
4,346.775214,1995,52430573,52.359,random,float32
4,347.311607,787,52430573,51.514,random,float32
4,347.844799,5147,52430573,54.067,random,float32
4,348.387332,8406,52430573,54.721,random,float32
4,348.925862,9747,52430573,54.533,random,float32
4,349.472064,3348,52430573,55.125,random,float32
4,350.013104,1557,52430573,51.901,random,float32
4,350.552782,2883,52430573,51.788,random,float32
4,351.096916,9266,52430573,56.642,random,float32
4,351.650029,6138,52430573,53.453,random,float32
4,352.203818,8182,52430573,55.733,random,float32
4,352.762762,7241,52430573,56.103,random,float32
4,353.318935,4407,52430573,52.999,random,float32
4,353.861751,3115,52430573,55.790,random,float32
4,354.408574,9164,52430573,53.398,random,float32
4,354.956596,1937,52430573,54.743,random,float32
4,355.517743,7154,52430573,56.000,random,float32
4,356.073516,8833,52430573,51.021,random,float32
4,356.621953,5947,52430573,56.097,random,float32
4,357.182194,346,52430573,55.137,random,float32
4,357.731193,2793,52430573,54.541,random,float32
4,358.286081,5890,52430573,56.559,random,float32
4,358.853581,9987,52430573,56.666,random,float32
4,359.414092,816,52430573,56.707,random,float32
4,359.977812,9482,52430573,58.768,random,float32
4,360.519668,437,52430573,56.963,random,float32
4,361.060501,8905,52430573,53.219,random,float32
4,361.598331,8451,52430573,52.369,random,float32
4,362.131618,3353,52430573,54.167,random,float32
4,362.672052,7196,52430573,54.604,random,float32
4,363.206001,5658,52430573,54.380,random,float32
4,363.750340,7673,52430573,56.619,random,float32
4,364.306977,1488,52430573,54.362,random,float32
4,364.840535,3286,52430573,55.187,random,float32
4,365.390113,9896,52430573,54.521,random,float32
4,365.929074,1413,52430573,56.373,random,float32
4,366.476259,3923,52430573,56.776,random,float32
4,367.024285,9565,52430573,56.095,random,float32
4,367.563500,1406,52430573,50.597,random,float32
4,368.095043,3281,52430573,52.579,random,float32
4,368.635696,161,52430573,54.865,random,float32
4,369.177019,8780,52430573,52.557,random,float32
4,369.710458,6765,52430573,52.942,random,float32
4,370.241024,2260,52430573,50.724,random,float32
4,370.777696,8504,52430573,53.700,random,float32
4,371.306353,1516,52430573,51.197,random,float32
4,371.841781,7743,52430573,51.410,random,float32
4,372.378431,1680,52430573,53.327,random,float32
4,372.914557,4627,52430573,55.048,random,float32
4,373.455389,2886,52430573,54.146,random,float32
4,373.995264,9232,52430573,55.731,random,float32
4,374.533365,6144,52430573,54.170,random,float32
4,375.072499,5355,52430573,54.237,random,float32
4,375.629773,3182,52430573,55.577,random,float32
4,376.170837,4721,52430573,54.976,random,float32
4,376.725229,2307,52430573,53.940,random,float32
4,377.281943,7924,52430573,54.315,random,float32
4,377.835390,5057,52430573,54.721,random,float32
4,378.385108,666,52430573,55.088,random,float32
4,378.923464,3775,52430573,52.379,random,float32
4,379.468930,2174,52430573,57.902,random,float32
4,380.013474,9333,52430573,54.570,random,float32
4,380.562578,2723,52430573,55.346,random,float32
4,381.105088,1139,52430573,55.585,random,float32
4,381.648416,9446,52430573,55.207,random,float32
4,382.200086,3079,52430573,54.421,random,float32
4,382.738260,472,52430573,54.158,random,float32
4,383.266295,1799,52430573,55.545,random,float32
4,383.802217,1991,52430573,53.854,random,float32
4,384.329013,1491,52430573,53.072,random,float32
4,384.870118,3892,52430573,53.036,random,float32
4,385.415326,570,52430573,54.856,random,float32
4,385.948825,9139,52430573,53.482,random,float32
4,386.483057,49,52430573,53.540,random,float32
4,387.022972,9677,52430573,53.695,random,float32
4,387.550470,2329,52430573,53.214,random,float32
4,388.097333,6440,52430573,55.043,random,float32
4,388.633444,6414,52430573,53.344,random,float32
4,389.160198,7350,52430573,54.627,random,float32
4,389.703134,1702,52430573,55.535,random,float32
4,390.270100,2518,52430573,52.896,random,float32
4,390.827401,5671,52430573,55.296,random,float32
4,391.366675,755,52430573,55.490,random,float32
4,391.924154,7390,52430573,54.972,random,float32
4,392.480071,1279,52430573,52.596,random,float32
4,393.044208,6437,52430573,55.378,random,float32
4,393.599380,3363,52430573,55.236,random,float32
4,394.149943,8624,52430573,56.078,random,float32
4,394.700559,4940,52430573,55.188,random,float32
4,395.254744,6664,52430573,55.809,random,float32
4,395.789788,1623,52430573,52.610,random,float32
4,396.319495,2944,52430573,54.573,random,float32
4,396.850948,759,52430573,53.245,random,float32
4,397.379396,2180,52430573,52.768,random,float32
4,397.904970,4509,52430573,54.272,random,float32
4,398.439945,7015,52430573,53.302,random,float32
4,398.971294,1867,52430573,52.180,random,float32
4,399.510289,1395,52430573,55.927,random,float32
4,400.047221,5174,52430573,52.183,random,float32
4,400.574511,5233,52430573,52.548,random,float32
4,401.110416,5149,52430573,51.598,random,float32
4,401.640755,9128,52430573,51.643,random,float32
4,402.175076,9809,52430573,53.806,random,float32
4,402.709927,6202,52430573,54.115,random,float32
4,403.247300,525,52430573,51.893,random,float32
4,403.779217,5348,52430573,52.515,random,float32
4,404.307101,7695,52430573,53.269,random,float32
4,404.839765,5287,52430573,52.712,random,float32
4,405.382198,4024,52430573,54.628,random,float32
4,405.938835,704,52430573,54.658,random,float32
4,406.473894,4711,52430573,54.706,random,float32
4,407.023889,2211,52430573,54.810,random,float32
4,407.588383,5639,52430573,63.137,random,float32
4,408.141009,2799,52430573,57.411,random,float32
4,408.676054,2140,52430573,52.909,random,float32
4,409.217768,5979,52430573,55.556,random,float32
4,409.750888,1592,52430573,53.357,random,float32
4,410.285415,8140,52430573,55.262,random,float32
4,410.822367,928,52430573,51.247,random,float32
4,411.354605,9939,52430573,52.947,random,float32
4,411.871306,431,52430573,51.970,random,float32
4,412.405152,6141,52430573,55.029,random,float32
4,412.940857,5142,52430573,50.954,random,float32
4,413.478971,4216,52430573,56.155,random,float32
4,414.018313,5948,52430573,53.987,random,float32
4,414.572172,5857,52430573,56.047,random,float32
4,415.124643,6720,52430573,54.524,random,float32
4,415.681049,8557,52430573,54.866,random,float32
4,416.232211,7256,52430573,53.011,random,float32
4,416.791055,9214,52430573,56.334,random,float32
4,417.325517,5235,52430573,52.259,random,float32
4,417.864639,8186,52430573,53.138,random,float32
4,418.404043,4709,52430573,54.612,random,float32
4,418.955720,2338,52430573,55.640,random,float32
4,419.503674,5146,52430573,50.210,random,float32
4,420.043824,3763,52430573,53.095,random,float32
4,420.584654,9379,52430573,54.329,random,float32
4,421.139548,242,52430573,57.376,random,float32
4,421.675924,1462,52430573,56.589,random,float32
4,422.210705,3380,52430573,52.771,random,float32
4,422.760145,8123,52430573,55.810,random,float32
4,423.309016,1831,52430573,51.713,random,float32
4,423.853734,1532,52430573,53.541,random,float32
4,424.396225,7262,52430573,55.317,random,float32
4,424.936156,9463,52430573,54.776,random,float32
4,425.485580,5872,52430573,56.878,random,float32
4,426.021177,4468,52430573,50.021,random,float32
4,426.565718,4856,52430573,54.246,random,float32
4,427.131311,8468,52430573,54.878,random,float32
4,427.690883,5050,52430573,53.171,random,float32
4,428.232373,1296,52430573,54.631,random,float32
4,428.776907,7327,52430573,55.241,random,float32
4,429.316368,1991,52430573,54.008,random,float32
4,429.879733,9493,52430573,54.247,random,float32
4,430.420996,4717,52430573,54.173,random,float32
4,430.976233,1315,52430573,58.591,random,float32
4,431.529940,816,52430573,56.353,random,float32
4,432.076584,5038,52430573,53.882,random,float32
4,432.615950,5776,52430573,55.644,random,float32
4,433.161639,8775,52430573,57.161,random,float32
4,433.713830,1876,52430573,55.398,random,float32
4,434.262957,467,52430573,55.471,random,float32
4,434.812405,8946,52430573,51.504,random,float32
4,435.351794,9857,52430573,54.054,random,float32
4,435.906609,3290,52430573,56.313,random,float32
4,436.444677,3821,52430573,52.282,random,float32
4,436.983608,8906,52430573,56.317,random,float32
4,437.509306,6706,52430573,53.871,random,float32
4,438.047803,4026,52430573,53.412,random,float32
4,438.576693,7004,52430573,55.675,random,float32
4,439.105812,5808,52430573,52.557,random,float32
4,439.634963,4683,52430573,56.419,random,float32
4,440.157031,590,52430573,54.961,random,float32
4,440.677274,9546,52430573,55.100,random,float32
4,441.209034,1824,52430573,46.659,random,float32
4,441.743748,2317,52430573,55.072,random,float32
4,442.275047,1773,52430573,51.801,random,float32
4,442.805299,7232,52430573,55.476,random,float32
4,443.339689,9708,52430573,55.938,random,float32
4,443.880880,9894,52430573,50.824,random,float32
4,444.405620,4331,52430573,52.990,random,float32
4,444.932498,2541,52430573,53.474,random,float32
4,445.453997,3235,52430573,54.176,random,float32
4,445.981978,7772,52430573,47.988,random,float32
4,446.503060,7643,52430573,54.126,random,float32
4,447.031985,2960,52430573,53.432,random,float32
4,447.557822,2718,52430573,52.246,random,float32
4,448.102818,5522,52430573,54.039,random,float32
4,448.630365,1463,52430573,53.445,random,float32
4,449.162714,9737,52430573,53.099,random,float32
4,449.699899,1376,52430573,51.765,random,float32
4,450.233521,670,52430573,54.028,random,float32
4,450.752431,3437,52430573,54.122,random,float32
4,451.286735,1411,52430573,53.389,random,float32
4,451.830859,4409,52430573,54.999,random,float32
4,452.373428,7650,52430573,51.254,random,float32
4,452.909470,9296,52430573,50.702,random,float32
4,453.445946,5595,52430573,56.177,random,float32
4,453.983449,6479,52430573,53.887,random,float32
4,454.527859,3954,52430573,54.243,random,float32
4,455.068167,9305,52430573,53.869,random,float32
4,455.613451,1511,52430573,54.824,random,float32
4,456.155887,7124,52430573,54.489,random,float32
4,456.689579,9321,52430573,52.141,random,float32
4,457.229499,6130,52430573,54.446,random,float32
4,457.779097,1073,52430573,54.916,random,float32
4,458.311765,1140,52430573,52.254,random,float32
4,458.849862,9626,52430573,56.131,random,float32
4,459.386257,4170,52430573,51.116,random,float32
4,459.928910,2985,52430573,52.963,random,float32
4,460.485627,896,52430573,56.318,random,float32
4,461.026043,2350,52430573,52.542,random,float32
4,461.561354,1277,52430573,53.204,random,float32
4,462.105165,1121,52430573,54.464,random,float32
4,462.643702,679,52430573,51.355,random,float32
4,463.174584,9498,52430573,54.690,random,float32
4,463.726438,9248,52430573,55.178,random,float32
4,464.265287,7500,52430573,56.154,random,float32
4,464.803165,3487,52430573,52.474,random,float32
4,465.355710,1762,52430573,56.150,random,float32
4,465.891209,7212,52430573,54.488,random,float32
4,466.436565,9345,52430573,54.075,random,float32
4,466.969591,579,52430573,54.602,random,float32
4,467.510849,8321,52430573,54.009,random,float32
4,468.056672,457,52430573,55.070,random,float32
4,468.597112,5313,52430573,59.344,random,float32
4,469.161971,7602,52430573,57.935,random,float32
4,469.708350,8697,52430573,52.701,random,float32
4,470.264431,2023,52430573,56.688,random,float32
4,470.818426,914,52430573,54.094,random,float32
4,471.359134,418,52430573,53.954,random,float32
4,471.897410,1410,52430573,52.330,random,float32
4,472.438255,3634,52430573,54.264,random,float32
4,472.987294,6627,52430573,56.423,random,float32
4,473.530250,2559,52430573,54.933,random,float32
4,474.080863,8809,52430573,52.063,random,float32
4,474.612803,6342,52430573,51.971,random,float32
4,475.152556,4433,52430573,54.685,random,float32
4,475.707095,5800,52430573,54.280,random,float32
4,476.247039,3582,52430573,53.628,random,float32
4,476.773955,1539,52430573,51.589,random,float32
4,477.313793,5862,52430573,52.966,random,float32
4,477.854193,8165,52430573,55.355,random,float32
4,478.393341,6748,52430573,56.394,random,float32
4,478.946651,4378,52430573,51.424,random,float32
4,479.487607,5204,52430573,54.007,random,float32
4,480.027977,5368,52430573,56.158,random,float32
4,480.563078,2149,52430573,53.773,random,float32
4,481.116843,4757,52430573,54.225,random,float32
4,481.656897,7614,52430573,53.646,random,float32
4,482.204355,2884,52430573,55.777,random,float32
4,482.756875,3981,52430573,53.790,random,float32
4,483.296177,7103,52430573,52.171,random,float32
4,483.831893,7121,52430573,52.859,random,float32
4,484.370664,9569,52430573,52.752,random,float32
4,484.898715,2249,52430573,52.846,random,float32
4,485.431753,8137,52430573,56.798,random,float32
4,485.962885,9201,52430573,54.646,random,float32
4,486.484906,8947,52430573,55.987,random,float32
4,487.017206,38,52430573,52.593,random,float32
4,487.538423,6654,52430573,53.939,random,float32
4,488.073238,6423,52430573,53.746,random,float32
4,488.610798,4160,52430573,55.215,random,float32
4,489.142396,7689,52430573,54.508,random,float32
4,489.668545,4670,52430573,52.104,random,float32
4,490.192617,5623,52430573,47.661,random,float32
4,490.715661,3688,52430573,50.822,random,float32
4,491.242923,2838,52430573,55.265,random,float32
4,491.767250,7731,52430573,51.878,random,float32
4,492.293713,8730,52430573,53.134,random,float32
4,492.829629,3974,52430573,55.368,random,float32
4,493.376150,8381,52430573,53.748,random,float32
4,493.929248,4544,52430573,56.608,random,float32
4,494.482247,5418,52430573,55.780,random,float32
4,495.035631,5104,52430573,55.479,random,float32
4,495.574074,9375,52430573,54.464,random,float32
4,496.101689,970,52430573,52.056,random,float32
4,496.621763,2680,52430573,52.388,random,float32
4,497.151576,2675,52430573,52.483,random,float32
4,497.679832,8678,52430573,53.714,random,float32
4,498.214794,1684,52430573,54.357,random,float32
4,498.742736,630,52430573,52.770,random,float32
4,499.277830,9840,52430573,51.493,random,float32
4,499.809837,7120,52430573,55.773,random,float32
4,500.342818,9023,52430573,52.711,random,float32
4,500.875661,9489,52430573,49.173,random,float32
4,501.420697,5800,52430573,52.115,random,float32
4,501.942532,3863,52430573,52.506,random,float32
4,502.475643,4414,52430573,54.290,random,float32
4,503.010737,4732,52430573,54.597,random,float32
4,503.532221,7336,52430573,51.779,random,float32
4,504.054585,4500,52430573,52.405,random,float32
4,504.589098,9725,52430573,51.441,random,float32
4,505.115255,4919,52430573,53.607,random,float32
4,505.638814,9679,52430573,55.019,random,float32
4,506.161714,8825,52430573,56.223,random,float32
4,506.689736,3857,52430573,51.933,random,float32
4,507.222654,4828,52430573,46.944,random,float32
4,507.754695,4488,52430573,50.889,random,float32
4,508.287411,7896,52430573,49.739,random,float32
4,508.807633,3434,52430573,55.908,random,float32
4,509.351987,8439,52430573,54.638,random,float32
4,509.876446,9455,52430573,49.294,random,float32
4,510.420932,8482,52430573,56.659,random,float32
4,510.937793,1206,52430573,51.186,random,float32
4,511.470634,2361,52430573,53.625,random,float32
4,511.991550,1163,52430573,50.878,random,float32
4,512.521191,2371,52430573,55.900,random,float32
4,513.047916,3086,52430573,52.269,random,float32
4,513.599635,7350,52430573,55.781,random,float32
4,514.123204,4322,52430573,54.067,random,float32
4,514.643244,6745,52430573,50.276,random,float32
4,515.178246,7783,52430573,51.823,random,float32
4,515.715626,6810,52430573,54.279,random,float32
4,516.242034,514,52430573,55.113,random,float32
4,516.776355,993,52430573,56.752,random,float32
4,517.310080,6808,52430573,55.734,random,float32
4,517.835195,653,52430573,56.051,random,float32
4,518.367144,8285,52430573,53.528,random,float32
4,518.894891,4888,52430573,47.594,random,float32
4,519.423251,7600,52430573,50.638,random,float32
4,519.951278,7948,52430573,54.947,random,float32
4,520.478620,8058,52430573,54.772,random,float32
4,521.010891,994,52430573,56.448,random,float32
4,521.548822,9264,52430573,51.789,random,float32
4,522.066704,9357,52430573,53.515,random,float32
4,522.601441,8282,52430573,52.492,random,float32
4,523.120064,7652,52430573,50.591,random,float32
4,523.658514,920,52430573,51.194,random,float32
4,524.190364,4802,52430573,52.886,random,float32
4,524.730438,2225,52430573,51.604,random,float32
4,525.240431,2925,52430573,49.567,random,float32
4,525.766236,7916,52430573,53.296,random,float32
4,526.291324,9143,52430573,53.884,random,float32
4,526.827597,6265,52430573,51.800,random,float32
4,527.356786,8708,52430573,53.896,random,float32
4,527.904530,8113,52430573,57.501,random,float32
4,528.461877,1142,52430573,52.223,random,float32
4,528.990465,9101,52430573,54.776,random,float32
4,529.519567,2975,52430573,53.805,random,float32
4,530.041590,4805,52430573,53.507,random,float32
4,530.556446,9976,52430573,51.918,random,float32
4,531.069262,5663,52430573,48.503,random,float32
4,531.601078,6180,52430573,52.327,random,float32
4,532.124617,7862,52430573,53.275,random,float32
4,532.648815,6908,52430573,52.457,random,float32
4,533.177079,1205,52430573,52.570,random,float32
4,533.723268,5061,52430573,54.253,random,float32
4,534.257088,7185,52430573,51.322,random,float32
4,534.793218,3163,52430573,53.558,random,float32
4,535.328044,2158,52430573,53.009,random,float32
4,535.866554,3803,52430573,51.747,random,float32
4,536.403568,1472,52430573,55.674,random,float32
4,536.941598,6731,52430573,52.844,random,float32
4,537.475495,1203,52430573,53.756,random,float32
4,538.005506,9263,52430573,51.139,random,float32
4,538.529191,8137,52430573,53.253,random,float32
4,539.067420,533,52430573,53.653,random,float32
4,539.606624,6378,52430573,54.622,random,float32
4,540.140536,3443,52430573,51.206,random,float32
4,540.674533,4189,52430573,52.278,random,float32
4,541.207296,5943,52430573,54.569,random,float32
4,541.743139,2482,52430573,53.242,random,float32
4,542.276038,7131,52430573,52.297,random,float32
4,542.809447,2162,52430573,49.409,random,float32
4,543.345760,5383,52430573,52.942,random,float32
4,543.874533,7278,52430573,53.110,random,float32
4,544.416504,3261,52430573,54.749,random,float32
4,544.950438,3370,52430573,50.943,random,float32
4,545.473049,3884,52430573,54.422,random,float32
4,545.992774,1922,52430573,50.995,random,float32
4,546.520858,9530,52430573,50.890,random,float32
4,547.052853,8561,52430573,50.767,random,float32
4,547.576453,4125,52430573,51.141,random,float32
4,548.103440,3517,52430573,51.711,random,float32
4,548.611549,9527,52430573,47.468,random,float32
4,549.151656,2915,52430573,55.589,random,float32
4,549.672982,5392,52430573,54.797,random,float32
4,550.199759,7203,52430573,50.851,random,float32
4,550.725720,4384,52430573,53.551,random,float32
4,551.256423,3912,52430573,52.982,random,float32
4,551.785770,9719,52430573,52.432,random,float32
4,552.325124,2206,52430573,55.637,random,float32
4,552.854936,7736,52430573,51.934,random,float32
4,553.392957,8621,52430573,58.693,random,float32
4,553.929037,6091,52430573,54.123,random,float32
4,554.449949,6653,52430573,52.816,random,float32
4,554.981997,6568,52430573,49.922,random,float32
4,555.504185,1517,52430573,53.682,random,float32
4,556.030093,4605,52430573,53.693,random,float32
4,556.550875,1402,52430573,51.916,random,float32
4,557.086324,503,52430573,53.357,random,float32
4,557.624213,5578,52430573,54.493,random,float32
4,558.161422,2543,52430573,51.361,random,float32
4,558.704993,3725,52430573,54.045,random,float32
4,559.247512,2954,52430573,53.529,random,float32
4,559.778387,7976,52430573,53.029,random,float32
4,560.306540,1852,52430573,54.922,random,float32
4,560.848829,5503,52430573,56.849,random,float32
4,561.390807,9038,52430573,52.498,random,float32
4,561.924522,3330,52430573,53.272,random,float32
4,562.478889,798,52430573,50.912,random,float32
4,563.026753,9386,52430573,53.668,random,float32
4,563.567241,2471,52430573,52.397,random,float32
4,564.119905,5856,52430573,54.832,random,float32
4,564.656687,2914,52430573,53.787,random,float32
4,565.183640,3810,52430573,51.522,random,float32
4,565.718942,2629,52430573,52.197,random,float32
4,566.254434,614,52430573,52.799,random,float32
4,566.798614,2802,52430573,55.484,random,float32
4,567.334679,792,52430573,51.454,random,float32
4,567.866905,4742,52430573,53.213,random,float32
4,568.398042,2976,52430573,55.837,random,float32
4,568.930874,5058,52430573,57.286,random,float32
4,569.470741,6014,52430573,53.309,random,float32
4,570.020799,5645,52430573,55.401,random,float32
4,570.558200,2437,52430573,54.221,random,float32
4,571.087761,2676,52430573,54.268,random,float32
4,571.611538,8009,52430573,54.134,random,float32
4,572.141255,8539,52430573,53.737,random,float32
4,572.667275,8318,52430573,52.788,random,float32
4,573.202053,1969,52430573,51.951,random,float32
4,573.731858,1676,52430573,53.008,random,float32
4,574.255647,949,52430573,54.230,random,float32
4,574.787994,7582,52430573,52.073,random,float32
4,575.307361,6208,52430573,50.494,random,float32
4,575.823729,489,52430573,52.375,random,float32
4,576.351347,1636,52430573,58.078,random,float32
4,576.880200,9221,52430573,54.470,random,float32
4,577.408339,2563,52430573,54.495,random,float32
4,577.938290,4290,52430573,47.995,random,float32
4,578.455828,319,52430573,51.421,random,float32
4,578.976764,1111,52430573,50.038,random,float32
4,579.515006,9619,52430573,54.143,random,float32
4,580.052869,808,52430573,52.941,random,float32
4,580.581572,8029,52430573,52.328,random,float32
4,581.111894,6390,52430573,52.756,random,float32
4,581.635994,1216,52430573,55.330,random,float32
4,582.163984,9598,52430573,50.670,random,float32
4,582.687372,1496,52430573,53.896,random,float32
4,583.224783,9459,52430573,56.174,random,float32
4,583.771882,1227,52430573,55.833,random,float32
4,584.320398,5939,52430573,52.201,random,float32
4,584.854858,3875,52430573,52.196,random,float32
4,585.385118,1703,52430573,50.353,random,float32
4,585.910014,5768,52430573,52.815,random,float32
4,586.441035,2281,52430573,52.607,random,float32
4,586.966885,844,52430573,51.450,random,float32
4,587.489003,7969,52430573,53.664,random,float32
4,588.017261,1694,52430573,54.768,random,float32
4,588.560022,501,52430573,54.328,random,float32
4,589.093807,4659,52430573,53.080,random,float32
4,589.630747,2063,52430573,53.819,random,float32
4,590.180124,3653,52430573,54.408,random,float32
4,590.704596,1700,52430573,52.724,random,float32
4,591.251515,7026,52430573,55.337,random,float32
4,591.789032,9558,52430573,51.631,random,float32
4,592.323614,4008,52430573,51.777,random,float32
4,592.859147,7166,52430573,54.552,random,float32
4,593.396955,9232,52430573,55.502,random,float32
4,593.925170,8428,52430573,53.847,random,float32
4,594.464399,7421,52430573,53.694,random,float32
4,595.006099,9998,52430573,55.115,random,float32
4,595.550793,8611,52430573,52.484,random,float32
4,596.113073,7321,52430573,56.935,random,float32
4,596.670520,5001,52430573,50.047,random,float32
4,597.208562,139,52430573,53.623,random,float32
4,597.753166,2423,52430573,54.646,random,float32
4,598.298782,4326,52430573,53.245,random,float32
4,598.840048,52,52430573,55.903,random,float32
4,599.389419,3546,52430573,52.709,random,float32
4,599.931460,4674,52430573,54.265,random,float32
4,600.487769,2804,52430573,54.746,random,float32
4,601.028807,3780,52430573,54.396,random,float32
4,601.571362,5824,52430573,54.222,random,float32
4,602.098737,6232,52430573,55.426,random,float32
4,602.635335,951,52430573,55.060,random,float32
4,603.163474,4484,52430573,53.810,random,float32
4,603.697259,1280,52430573,52.655,random,float32
4,604.224617,9550,52430573,51.351,random,float32
4,604.748775,5625,52430573,50.829,random,float32
4,605.286641,8552,52430573,53.710,random,float32
4,605.821912,9316,52430573,53.288,random,float32
4,606.348747,9610,52430573,50.600,random,float32
4,606.868889,2624,52430573,49.103,random,float32
4,607.406911,8486,52430573,48.096,random,float32
4,607.946212,1257,52430573,53.867,random,float32
4,608.473112,3779,52430573,51.649,random,float32
4,608.999302,6196,52430573,52.947,random,float32
4,609.546425,1564,52430573,54.505,random,float32
4,610.076478,1932,52430573,53.096,random,float32
4,610.612633,5223,52430573,51.988,random,float32
4,611.146925,5825,52430573,52.841,random,float32
4,611.674764,9398,52430573,53.223,random,float32
4,612.209865,8098,52430573,54.256,random,float32
4,612.741396,3085,52430573,54.174,random,float32
4,613.279225,724,52430573,54.173,random,float32
4,613.816375,310,52430573,52.893,random,float32
4,614.348602,1100,52430573,55.055,random,float32
4,614.884271,5428,52430573,54.706,random,float32
4,615.408223,529,52430573,50.535,random,float32
4,615.948933,807,52430573,53.670,random,float32
4,616.490261,892,52430573,55.699,random,float32
4,617.025882,7331,52430573,51.856,random,float32
4,617.560197,2268,52430573,54.859,random,float32
4,618.086310,5816,52430573,51.711,random,float32
4,618.617399,17,52430573,52.916,random,float32
4,619.168340,7948,52430573,55.244,random,float32
4,619.709297,8330,52430573,55.439,random,float32
4,620.247729,2628,52430573,53.978,random,float32
4,620.771946,3311,52430573,53.499,random,float32
4,621.309570,4844,52430573,54.709,random,float32
4,621.856451,8069,52430573,54.919,random,float32
4,622.398349,4739,52430573,52.038,random,float32
4,622.925632,3483,52430573,54.771,random,float32
4,623.469419,3428,52430573,54.549,random,float32
4,624.002557,7285,52430573,54.975,random,float32
4,624.548439,7203,52430573,51.086,random,float32
4,625.075860,9086,52430573,51.769,random,float32
4,625.609192,2012,52430573,52.351,random,float32
4,626.150046,9487,52430573,53.390,random,float32
4,626.688297,1680,52430573,54.309,random,float32
4,627.220746,5756,52430573,53.507,random,float32
4,627.764085,4212,52430573,54.727,random,float32
4,628.319322,9999,52430573,55.103,random,float32
4,628.853252,9087,52430573,55.855,random,float32
4,629.403196,5595,52430573,62.943,random,float32
4,629.951351,5502,52430573,56.131,random,float32
4,630.502819,4781,52430573,55.106,random,float32
4,631.057322,830,52430573,53.105,random,float32
4,631.610452,7978,52430573,55.358,random,float32
4,632.146126,5220,52430573,51.785,random,float32
4,632.680791,4615,52430573,52.145,random,float32
4,633.216701,8819,52430573,52.709,random,float32
4,633.770144,1740,52430573,57.103,random,float32
4,634.330089,1416,52430573,57.173,random,float32
4,634.868478,5716,52430573,53.181,random,float32
4,635.411158,2937,52430573,55.643,random,float32
4,635.955750,8526,52430573,52.718,random,float32
4,636.484583,1597,52430573,53.270,random,float32
4,637.014798,5361,52430573,52.587,random,float32
4,637.533688,4532,52430573,50.512,random,float32
4,638.055602,1490,52430573,53.923,random,float32
4,638.580322,9588,52430573,52.892,random,float32
4,639.111089,7218,52430573,54.014,random,float32
4,639.647879,4268,52430573,53.288,random,float32
4,640.197740,3451,52430573,54.057,random,float32
4,640.738562,8699,52430573,54.001,random,float32
4,641.279560,3684,52430573,54.116,random,float32
4,641.826633,7047,52430573,55.653,random,float32
4,642.373729,6130,52430573,53.164,random,float32
4,642.912682,7933,52430573,53.195,random,float32
4,643.461218,9750,52430573,56.314,random,float32
4,644.018341,7174,52430573,56.458,random,float32
4,644.550340,808,52430573,53.846,random,float32
4,645.083274,5076,52430573,54.069,random,float32
4,645.615616,6867,52430573,52.101,random,float32
4,646.141459,8579,52430573,51.983,random,float32
4,646.668073,14,52430573,56.640,random,float32
4,647.197568,9832,52430573,52.068,random,float32
4,647.725776,4945,52430573,54.522,random,float32
4,648.252045,2935,52430573,52.406,random,float32
4,648.775761,2355,52430573,54.107,random,float32
4,649.302005,8141,52430573,52.573,random,float32
4,649.834971,4812,52430573,52.617,random,float32
4,650.375185,4113,52430573,52.320,random,float32
4,650.913504,9891,52430573,53.053,random,float32
4,651.465145,8808,52430573,53.165,random,float32
4,651.998228,5269,52430573,55.592,random,float32
4,652.548087,1828,52430573,53.581,random,float32
4,653.083613,6910,52430573,54.574,random,float32
4,653.630880,5387,52430573,54.513,random,float32
4,654.176829,4852,52430573,56.354,random,float32
4,654.719567,428,52430573,55.560,random,float32
4,655.254658,9712,52430573,53.962,random,float32
4,655.799780,6670,52430573,55.266,random,float32
4,656.343489,3261,52430573,53.675,random,float32
4,656.885459,6728,52430573,52.139,random,float32
4,657.425031,5875,52430573,54.747,random,float32
4,657.958685,9224,52430573,53.552,random,float32
4,658.495507,611,52430573,54.166,random,float32
4,659.036905,7649,52430573,55.405,random,float32
4,659.576123,8948,52430573,55.374,random,float32
4,660.125037,4110,52430573,56.397,random,float32
4,660.673353,3100,52430573,53.043,random,float32
4,661.219779,8781,52430573,55.832,random,float32
4,661.770204,1924,52430573,51.914,random,float32
4,662.303902,2196,52430573,52.246,random,float32
4,662.830554,6370,52430573,50.620,random,float32
4,663.358070,4746,52430573,54.063,random,float32
4,663.891948,5343,52430573,53.567,random,float32
4,664.437404,1868,52430573,54.825,random,float32
4,664.977805,3944,52430573,54.683,random,float32
4,665.516783,3914,52430573,55.086,random,float32
4,666.051628,3940,52430573,53.699,random,float32
4,666.602224,5493,52430573,57.217,random,float32
4,667.147873,2196,52430573,55.948,random,float32
4,667.699724,4874,52430573,55.132,random,float32
4,668.246496,6198,52430573,54.817,random,float32
4,668.770273,8936,52430573,50.016,random,float32
4,669.297565,398,52430573,53.439,random,float32
4,669.836455,5397,52430573,54.501,random,float32
4,670.380824,8971,52430573,53.863,random,float32
4,670.916877,5921,52430573,54.191,random,float32
4,671.450874,1190,52430573,52.420,random,float32
4,671.977661,6698,52430573,50.936,random,float32
4,672.513421,2029,52430573,52.170,random,float32
4,673.041950,3683,52430573,50.802,random,float32
4,673.579730,9591,52430573,52.848,random,float32
4,674.115077,3199,52430573,54.445,random,float32
4,674.664323,8041,52430573,55.014,random,float32
4,675.220751,2386,52430573,58.355,random,float32
4,675.762410,5540,52430573,52.285,random,float32
4,676.293752,2315,52430573,52.595,random,float32
4,676.828050,2372,52430573,53.410,random,float32
4,677.367327,5839,52430573,52.517,random,float32
4,677.900784,285,52430573,52.359,random,float32
4,678.427908,7789,52430573,51.351,random,float32
4,678.968334,9447,52430573,54.587,random,float32
4,679.493212,1876,52430573,53.965,random,float32
4,680.026426,4457,52430573,53.246,random,float32
4,680.554917,312,52430573,53.156,random,float32
4,681.089505,3908,52430573,53.002,random,float32
4,681.625028,3725,52430573,53.013,random,float32
4,682.155390,6587,52430573,52.825,random,float32
4,682.675799,8070,52430573,52.334,random,float32
4,683.204632,2523,52430573,52.641,random,float32
4,683.748433,4103,52430573,54.508,random,float32
4,684.280311,7298,52430573,52.873,random,float32
4,684.809643,6865,52430573,54.334,random,float32
4,685.350257,6523,52430573,56.856,random,float32
4,685.897802,9534,52430573,54.284,random,float32
4,686.437570,5312,52430573,55.649,random,float32
4,686.986489,5338,52430573,54.251,random,float32
4,687.537649,716,52430573,52.539,random,float32
4,688.075191,8950,52430573,53.468,random,float32
4,688.611796,5346,52430573,53.390,random,float32
4,689.155378,3134,52430573,54.789,random,float32
4,689.703512,7230,52430573,54.099,random,float32
4,690.238962,9852,52430573,52.849,random,float32
4,690.768647,2691,52430573,54.332,random,float32
4,691.306877,4439,52430573,53.775,random,float32
4,691.838712,1163,52430573,52.707,random,float32
4,692.370429,2783,52430573,53.279,random,float32
4,692.896472,2341,52430573,54.052,random,float32
4,693.426655,4014,52430573,50.836,random,float32
4,693.961920,1840,52430573,54.672,random,float32
4,694.485648,4646,52430573,50.650,random,float32
4,695.019697,7559,52430573,54.514,random,float32
4,695.549107,1688,52430573,54.261,random,float32
4,696.078395,7135,52430573,54.706,random,float32
4,696.613948,7826,52430573,51.076,random,float32
4,697.148972,600,52430573,53.291,random,float32
4,697.666616,2393,52430573,49.414,random,float32
4,698.192595,8573,52430573,50.661,random,float32
4,698.718536,8371,52430573,51.594,random,float32
4,699.257634,2982,52430573,52.598,random,float32
4,699.788923,2429,52430573,55.610,random,float32
4,700.343119,8057,52430573,55.986,random,float32
4,700.893586,7792,52430573,52.798,random,float32
4,701.424600,5369,52430573,54.697,random,float32
4,701.939674,2960,52430573,54.564,random,float32
4,702.482604,2696,52430573,52.933,random,float32
4,703.005746,8276,52430573,54.739,random,float32
4,703.524126,951,52430573,54.040,random,float32
4,704.056230,5308,52430573,52.272,random,float32
4,704.588733,7336,52430573,51.539,random,float32
4,705.123706,1215,52430573,52.570,random,float32
4,705.661455,2076,52430573,50.209,random,float32
4,706.180428,409,52430573,48.173,random,float32
4,706.703453,3849,52430573,52.601,random,float32
4,707.239734,1638,52430573,54.640,random,float32
4,707.766343,266,52430573,52.822,random,float32
4,708.317387,5390,52430573,56.440,random,float32
4,708.855458,46,52430573,53.001,random,float32
4,709.396620,2875,52430573,54.925,random,float32
4,709.936405,4210,52430573,53.081,random,float32
4,710.469549,1526,52430573,53.412,random,float32
4,710.998924,221,52430573,51.347,random,float32
4,711.531943,1298,52430573,55.797,random,float32
4,712.064932,3981,52430573,51.564,random,float32
4,712.596321,9121,52430573,52.715,random,float32
4,713.119070,9079,52430573,53.229,random,float32
4,713.648661,9037,52430573,54.301,random,float32
4,714.181874,7903,52430573,53.974,random,float32
4,714.699402,4333,52430573,54.392,random,float32
4,715.231930,7077,52430573,53.476,random,float32
4,715.767867,1111,52430573,51.726,random,float32
4,716.296482,6289,52430573,53.106,random,float32
4,716.834577,239,52430573,51.821,random,float32
4,717.376640,4983,52430573,54.842,random,float32
4,717.927182,6321,52430573,54.327,random,float32
4,718.460240,4517,52430573,55.940,random,float32
4,719.009454,7201,52430573,56.797,random,float32
4,719.541094,678,52430573,50.922,random,float32
4,720.070240,5078,52430573,53.344,random,float32
4,720.604570,1227,52430573,57.518,random,float32
4,721.143243,622,52430573,53.968,random,float32
4,721.669558,7749,52430573,51.714,random,float32
4,722.207414,6575,52430573,53.860,random,float32
4,722.739501,7066,52430573,51.828,random,float32
4,723.269113,8594,52430573,52.463,random,float32
4,723.798875,201,52430573,54.060,random,float32
4,724.325851,2473,52430573,57.242,random,float32
4,724.851200,7672,52430573,53.431,random,float32
4,725.392959,1248,52430573,53.802,random,float32
4,725.925852,7312,52430573,51.624,random,float32
4,726.452643,2870,52430573,54.223,random,float32
4,726.975889,4376,52430573,48.487,random,float32
4,727.511287,1104,52430573,54.322,random,float32
4,728.033484,4717,52430573,51.342,random,float32
4,728.558020,974,52430573,53.448,random,float32
4,729.085494,5080,52430573,51.260,random,float32
4,729.612182,536,52430573,51.816,random,float32
4,730.140276,2330,52430573,53.188,random,float32
4,730.667761,4984,52430573,55.148,random,float32
4,731.203733,6612,52430573,54.404,random,float32
4,731.744352,6932,52430573,53.361,random,float32
4,732.281437,2964,52430573,53.512,random,float32
4,732.814142,9340,52430573,52.222,random,float32
4,733.365526,9358,52430573,56.076,random,float32
4,733.928216,1301,52430573,52.893,random,float32
4,734.458132,9376,52430573,54.041,random,float32
4,734.979002,2712,52430573,52.850,random,float32
4,735.518121,5879,52430573,54.327,random,float32
4,736.040076,4528,52430573,51.313,random,float32
4,736.571860,935,52430573,52.406,random,float32
4,737.109261,6527,52430573,53.310,random,float32
4,737.636183,6388,52430573,52.998,random,float32
4,738.185252,9543,52430573,54.479,random,float32
4,738.729320,9267,52430573,53.686,random,float32
4,739.263554,6522,52430573,55.530,random,float32
4,739.806946,6925,52430573,53.652,random,float32
4,740.351214,6066,52430573,54.614,random,float32
4,740.887343,9981,52430573,52.371,random,float32
4,741.419506,5171,52430573,53.344,random,float32
4,741.946128,9467,52430573,52.867,random,float32
4,742.475519,1344,52430573,53.604,random,float32
4,743.010100,3820,52430573,53.352,random,float32
4,743.539797,9527,52430573,51.092,random,float32
4,744.069751,8414,52430573,52.173,random,float32
4,744.605207,7150,52430573,54.015,random,float32
4,745.141307,2689,52430573,53.711,random,float32
4,745.695112,9506,52430573,54.187,random,float32
4,746.228626,6853,52430573,52.325,random,float32
4,746.761437,2047,52430573,50.835,random,float32
4,747.298554,4804,52430573,54.564,random,float32
4,747.846785,5074,52430573,54.194,random,float32
4,748.405882,7147,52430573,56.165,random,float32
4,748.943231,1066,52430573,53.008,random,float32
4,749.497305,3356,52430573,53.864,random,float32
4,750.023798,4087,52430573,53.043,random,float32
4,750.557768,7377,52430573,52.892,random,float32
4,751.085334,7049,52430573,50.729,random,float32
4,751.613166,6443,52430573,51.827,random,float32
4,752.141664,699,52430573,50.765,random,float32
4,752.679569,5600,52430573,53.473,random,float32
4,753.213685,9393,52430573,54.260,random,float32
4,753.746808,2374,52430573,54.634,random,float32
4,754.270327,9162,52430573,51.593,random,float32
4,754.790976,6698,52430573,49.815,random,float32
4,755.317919,9290,52430573,55.635,random,float32
4,755.845645,5671,52430573,52.022,random,float32
4,756.373653,376,52430573,49.595,random,float32
4,756.908686,8668,52430573,53.650,random,float32
4,757.437314,1885,52430573,55.886,random,float32
4,757.972357,3560,52430573,52.660,random,float32
4,758.504578,9549,52430573,51.814,random,float32
4,759.037129,7031,52430573,53.516,random,float32
4,759.554118,3304,52430573,51.422,random,float32
4,760.081850,6811,52430573,54.510,random,float32
4,760.606893,7041,52430573,53.873,random,float32
4,761.134218,1692,52430573,50.879,random,float32
4,761.661340,7862,52430573,54.700,random,float32
4,762.207261,1984,52430573,53.266,random,float32
4,762.727681,3011,52430573,50.376,random,float32
4,763.248718,5549,52430573,51.057,random,float32
4,763.771491,9529,52430573,48.410,random,float32
4,764.287955,9560,52430573,50.672,random,float32
4,764.819402,4352,52430573,49.788,random,float32
4,765.355355,7830,52430573,54.346,random,float32
4,765.889375,3953,52430573,52.283,random,float32
4,766.419075,7621,52430573,55.061,random,float32
4,766.982343,4280,52430573,55.363,random,float32
4,767.519370,8294,52430573,53.181,random,float32
4,768.054405,940,52430573,54.736,random,float32
4,768.587686,3423,52430573,54.163,random,float32
4,769.122136,5022,52430573,54.507,random,float32
4,769.650071,2533,52430573,54.748,random,float32
4,770.184443,6172,52430573,55.960,random,float32
4,770.718084,1098,52430573,51.509,random,float32
4,771.263946,5881,52430573,54.861,random,float32
4,771.810853,2896,52430573,55.996,random,float32
4,772.356666,614,52430573,53.507,random,float32
4,772.894567,3116,52430573,54.011,random,float32
4,773.431647,5214,52430573,51.604,random,float32
4,773.971772,2729,52430573,50.645,random,float32
4,774.492333,4639,52430573,51.294,random,float32
4,775.024309,2494,52430573,50.707,random,float32
4,775.544636,5242,52430573,53.469,random,float32
4,776.086086,8047,52430573,55.361,random,float32
4,776.633433,3042,52430573,54.614,random,float32
4,777.180713,2319,52430573,53.173,random,float32
4,777.710817,6710,52430573,54.377,random,float32
4,778.264345,2968,52430573,55.669,random,float32
4,778.802780,9453,52430573,51.701,random,float32
4,779.346096,5138,52430573,56.585,random,float32
4,779.871999,5628,52430573,50.901,random,float32
4,780.404312,1506,52430573,53.865,random,float32
4,780.937776,5,52430573,53.315,random,float32
4,781.463773,3832,52430573,51.911,random,float32
4,781.991577,1848,52430573,54.042,random,float32
4,782.530367,3274,52430573,53.789,random,float32
4,783.073706,7918,52430573,52.728,random,float32
4,783.637992,4167,52430573,54.197,random,float32
4,784.168753,2708,52430573,53.684,random,float32
4,784.710211,8782,52430573,54.555,random,float32
4,785.250576,696,52430573,53.719,random,float32
4,785.793860,6811,52430573,55.188,random,float32
4,786.328923,3687,52430573,52.497,random,float32
4,786.877471,7963,52430573,54.310,random,float32
4,787.428364,421,52430573,51.352,random,float32
4,787.977322,8788,52430573,54.322,random,float32
4,788.513709,8463,52430573,52.012,random,float32
4,789.054682,6381,52430573,55.404,random,float32
4,789.601081,3733,52430573,52.869,random,float32
4,790.160176,1986,52430573,64.614,random,float32
4,790.702260,8758,52430573,53.544,random,float32
4,791.238892,2753,52430573,55.167,random,float32
4,791.769586,3474,52430573,51.623,random,float32
4,792.299134,6157,52430573,52.835,random,float32
4,792.831129,6987,52430573,51.493,random,float32
4,793.362367,8598,52430573,53.024,random,float32
4,793.912269,6805,52430573,55.998,random,float32
4,794.453985,1813,52430573,54.032,random,float32
4,794.982466,4741,52430573,51.058,random,float32
4,795.531892,2597,52430573,57.234,random,float32
4,796.074572,1662,52430573,57.688,random,float32
4,796.607089,7836,52430573,52.941,random,float32
4,797.153907,2608,52430573,55.665,random,float32
4,797.698640,6705,52430573,54.798,random,float32
4,798.246467,5286,52430573,51.859,random,float32
4,798.776678,4343,52430573,53.721,random,float32
4,799.320107,8295,52430573,53.377,random,float32
4,799.873736,4978,52430573,56.438,random,float32
4,800.438980,3089,52430573,51.910,random,float32
4,800.969840,7732,52430573,53.893,random,float32
4,801.511927,5953,52430573,55.655,random,float32
4,802.067271,8543,52430573,57.178,random,float32
4,802.616182,0,52430573,58.005,random,float32
4,803.165645,5398,52430573,55.355,random,float32
4,803.719546,7194,52430573,55.522,random,float32
4,804.262387,3056,52430573,52.092,random,float32
4,804.807135,2485,52430573,53.697,random,float32
4,805.361297,3401,52430573,52.430,random,float32
4,805.896357,8667,52430573,53.072,random,float32
4,806.422740,9359,52430573,52.024,random,float32
4,806.967272,7928,52430573,53.992,random,float32
4,807.516646,1179,52430573,55.342,random,float32
4,808.060087,3530,52430573,52.827,random,float32
4,808.586502,3308,52430573,52.445,random,float32
4,809.117553,1746,52430573,51.268,random,float32
4,809.647820,6658,52430573,54.259,random,float32
4,810.198590,7458,52430573,52.643,random,float32
4,810.738481,8999,52430573,54.406,random,float32
4,811.276833,153,52430573,53.114,random,float32
4,811.833001,7398,52430573,54.848,random,float32
4,812.369058,7715,52430573,55.152,random,float32
4,812.923583,2724,52430573,55.335,random,float32
4,813.460650,9952,52430573,54.797,random,float32
4,813.999988,4840,52430573,54.374,random,float32
4,814.547968,5419,52430573,56.281,random,float32
4,815.090962,7774,52430573,54.208,random,float32
4,815.645651,9531,52430573,53.420,random,float32
4,816.187689,8019,52430573,52.691,random,float32
4,816.727335,7528,52430573,53.446,random,float32
4,817.267594,3432,52430573,51.400,random,float32
4,817.801048,5168,52430573,51.566,random,float32
4,818.335993,8701,52430573,51.342,random,float32
4,818.876623,511,52430573,58.213,random,float32
4,819.404624,1030,52430573,51.377,random,float32
4,819.939932,7641,52430573,53.767,random,float32
4,820.457996,7612,52430573,51.997,random,float32
4,820.986752,8073,52430573,53.508,random,float32
4,821.510423,9542,52430573,49.281,random,float32
4,822.042172,9812,52430573,53.206,random,float32
4,822.580489,4322,52430573,53.094,random,float32
4,823.104983,7595,52430573,54.212,random,float32
4,823.630013,3114,52430573,53.593,random,float32
4,824.165159,7677,52430573,54.789,random,float32
4,824.718242,5415,52430573,54.277,random,float32
4,825.265717,2547,52430573,54.408,random,float32
4,825.796787,202,52430573,52.916,random,float32
4,826.342050,4215,52430573,55.625,random,float32
4,826.902647,5951,52430573,55.674,random,float32
4,827.448154,4639,52430573,50.971,random,float32
4,827.991092,8831,52430573,52.394,random,float32
4,828.526954,7031,52430573,53.297,random,float32
4,829.075487,1513,52430573,55.408,random,float32
4,829.621078,5690,52430573,56.341,random,float32
4,830.168974,4185,52430573,54.624,random,float32
4,830.726808,204,52430573,53.805,random,float32
4,831.257654,9446,52430573,54.415,random,float32
4,831.794925,3176,52430573,57.097,random,float32
4,832.353332,2109,52430573,54.191,random,float32
4,832.903987,1197,52430573,54.039,random,float32
4,833.470564,938,52430573,57.529,random,float32
4,834.033531,3452,52430573,58.233,random,float32
4,834.578403,6844,52430573,52.631,random,float32
4,835.116859,4589,52430573,55.790,random,float32
4,835.646811,6228,52430573,51.275,random,float32
4,836.176436,7141,52430573,53.839,random,float32
4,836.704694,6624,52430573,55.157,random,float32
4,837.239885,1124,52430573,55.305,random,float32
4,837.767799,3442,52430573,53.375,random,float32
4,838.289580,7760,52430573,54.200,random,float32
4,838.818572,8561,52430573,54.386,random,float32
4,839.347038,3141,52430573,50.566,random,float32
4,839.870494,154,52430573,52.054,random,float32
4,840.413532,8948,52430573,52.909,random,float32
4,840.940580,8165,52430573,53.596,random,float32
4,841.466805,2161,52430573,52.855,random,float32
4,841.995071,9737,52430573,52.499,random,float32
4,842.543118,5449,52430573,54.815,random,float32
4,843.075872,8031,52430573,52.075,random,float32
4,843.610373,8445,52430573,56.029,random,float32
4,844.141325,790,52430573,54.327,random,float32
4,844.667031,8016,52430573,51.927,random,float32
4,845.199656,2829,52430573,54.535,random,float32
4,845.732624,8839,52430573,53.240,random,float32
4,846.269144,4695,52430573,52.493,random,float32
4,846.802163,5493,52430573,55.476,random,float32
4,847.337199,9775,52430573,52.302,random,float32
4,847.865786,8505,52430573,52.332,random,float32
4,848.395056,3541,52430573,49.177,random,float32
4,848.930348,1853,52430573,53.844,random,float32
4,849.463601,5051,52430573,55.144,random,float32
4,850.011198,8443,52430573,55.903,random,float32
4,850.567711,342,52430573,56.656,random,float32
4,851.112442,9923,52430573,51.503,random,float32
4,851.641121,7267,52430573,52.568,random,float32
4,852.185983,5408,52430573,56.007,random,float32
4,852.728081,4336,52430573,53.550,random,float32
4,853.268937,3391,52430573,56.524,random,float32
4,853.822937,4005,52430573,55.516,random,float32
4,854.366044,3227,52430573,54.318,random,float32
4,854.901002,6101,52430573,52.025,random,float32
4,855.441253,2242,52430573,54.143,random,float32
4,855.980186,7983,52430573,54.167,random,float32
4,856.523946,9751,52430573,54.685,random,float32
4,857.065726,3180,52430573,54.366,random,float32
4,857.611459,600,52430573,54.131,random,float32
4,858.149039,4288,52430573,53.548,random,float32
4,858.675743,834,52430573,50.233,random,float32
4,859.207516,8323,52430573,53.808,random,float32
4,859.743707,9354,52430573,54.044,random,float32
4,860.289881,8036,52430573,53.743,random,float32
4,860.823025,5444,52430573,54.233,random,float32
4,861.353613,7085,52430573,51.763,random,float32
4,861.876621,8352,52430573,51.767,random,float32
4,862.403640,3431,52430573,53.390,random,float32
4,862.939493,331,52430573,51.785,random,float32
4,863.473611,3832,52430573,54.674,random,float32
4,864.003865,9586,52430573,53.539,random,float32
4,864.523942,9671,52430573,49.910,random,float32
4,865.059202,483,52430573,53.450,random,float32
4,865.596398,7422,52430573,56.401,random,float32
4,866.134536,2491,52430573,55.567,random,float32
4,866.680515,6721,52430573,56.792,random,float32
4,867.239080,6836,52430573,52.951,random,float32
4,867.783540,7158,52430573,55.091,random,float32
4,868.318719,3439,52430573,53.608,random,float32
4,868.851130,6303,52430573,50.744,random,float32
4,869.380977,7558,52430573,56.403,random,float32
4,869.918595,3799,52430573,53.795,random,float32
4,870.450780,744,52430573,53.344,random,float32
4,870.978452,2670,52430573,52.999,random,float32
4,871.507594,2663,52430573,52.083,random,float32
4,872.036793,4620,52430573,52.499,random,float32
4,872.564453,6662,52430573,52.076,random,float32
4,873.097804,596,52430573,49.876,random,float32
4,873.637034,7430,52430573,52.638,random,float32
4,874.169661,1652,52430573,56.602,random,float32
4,874.699891,5436,52430573,53.833,random,float32
4,875.230125,9949,52430573,50.487,random,float32
4,875.764925,3238,52430573,53.925,random,float32
4,876.302120,9546,52430573,54.328,random,float32
4,876.833720,6600,52430573,53.560,random,float32
4,877.365964,4490,52430573,55.080,random,float32
4,877.902982,8249,52430573,55.162,random,float32
4,878.425481,8051,52430573,51.657,random,float32
4,878.965332,4802,52430573,54.158,random,float32
4,879.498704,2945,52430573,53.696,random,float32
4,880.042251,8147,52430573,54.932,random,float32
4,880.593952,521,52430573,55.787,random,float32
4,881.128240,2666,52430573,51.281,random,float32
4,881.664923,1843,52430573,53.945,random,float32
4,882.190277,7375,52430573,51.702,random,float32
4,882.736839,1350,52430573,52.287,random,float32
4,883.270169,7477,52430573,53.149,random,float32
4,883.810631,8317,52430573,51.964,random,float32
4,884.350731,995,52430573,54.157,random,float32
4,884.890303,2942,52430573,53.312,random,float32
4,885.430144,4728,52430573,54.795,random,float32
4,885.965342,5865,52430573,55.742,random,float32
4,886.498536,6113,52430573,51.537,random,float32
4,887.026865,6074,52430573,52.872,random,float32
4,887.557980,5823,52430573,53.461,random,float32
4,888.090006,6883,52430573,53.691,random,float32
4,888.600246,1479,52430573,53.477,random,float32
4,889.122295,4702,52430573,50.198,random,float32
4,889.653332,377,52430573,55.087,random,float32
4,890.193858,5004,52430573,53.434,random,float32
4,890.722755,2304,52430573,52.214,random,float32
4,891.259300,4047,52430573,52.892,random,float32
4,891.797916,2947,52430573,54.934,random,float32
4,892.334483,278,52430573,53.464,random,float32
4,892.866363,8435,52430573,53.598,random,float32
4,893.394711,6350,52430573,52.815,random,float32
4,893.930527,4375,52430573,53.257,random,float32
4,894.473065,5440,52430573,55.705,random,float32
4,895.012387,8476,52430573,53.843,random,float32
4,895.533684,7641,52430573,52.698,random,float32
4,896.059983,6947,52430573,54.606,random,float32
4,896.586224,7686,52430573,47.161,random,float32
4,897.110007,7935,52430573,53.962,random,float32
4,897.635275,71,52430573,47.894,random,float32
4,898.158955,547,52430573,48.450,random,float32
4,898.692708,7796,52430573,56.008,random,float32
4,899.220342,2276,52430573,53.393,random,float32
4,899.756474,9547,52430573,53.372,random,float32
5,300.479984,4477,52430573,53.127,random,float32
5,301.014685,6345,52430573,52.258,random,float32
5,301.548508,2870,52430573,53.024,random,float32
5,302.088313,4444,52430573,53.279,random,float32
5,302.612887,6524,52430573,53.606,random,float32
5,303.160398,7918,52430573,51.892,random,float32
5,303.702296,7636,52430573,54.124,random,float32
5,304.234301,3046,52430573,53.161,random,float32
5,304.765630,850,52430573,52.327,random,float32
5,305.308823,5203,52430573,55.152,random,float32
5,305.864752,4760,52430573,54.666,random,float32
5,306.404251,3619,52430573,52.995,random,float32
5,306.936626,5963,52430573,50.867,random,float32
5,307.478165,243,52430573,53.635,random,float32
5,308.028478,214,52430573,55.075,random,float32
5,308.566763,2066,52430573,52.803,random,float32
5,309.102853,7526,52430573,53.687,random,float32
5,309.658784,2007,52430573,54.640,random,float32
5,310.206106,7568,52430573,55.153,random,float32
5,310.742454,147,52430573,52.707,random,float32
5,311.285568,1626,52430573,54.406,random,float32
5,311.829548,4277,52430573,53.841,random,float32
5,312.374127,4711,52430573,54.380,random,float32
5,312.908995,882,52430573,53.960,random,float32
5,313.441773,703,52430573,53.587,random,float32
5,313.978126,2087,52430573,49.198,random,float32
5,314.513867,739,52430573,54.188,random,float32
5,315.038775,6859,52430573,50.523,random,float32
5,315.565808,4238,52430573,50.278,random,float32
5,316.107179,8908,52430573,54.466,random,float32
5,316.651488,2259,52430573,54.873,random,float32
5,317.185478,2942,52430573,53.339,random,float32
5,317.720411,888,52430573,53.782,random,float32
5,318.253691,2983,52430573,51.947,random,float32
5,318.790745,3894,52430573,53.421,random,float32
5,319.338821,3005,52430573,54.469,random,float32
5,319.890087,8558,52430573,55.267,random,float32
5,320.431442,6215,52430573,52.462,random,float32
5,320.956901,1389,52430573,52.991,random,float32
5,321.490342,6982,52430573,53.656,random,float32
5,322.013464,4816,52430573,57.406,random,float32
5,322.558510,5775,52430573,52.971,random,float32
5,323.092623,3651,52430573,55.160,random,float32
5,323.624006,5358,52430573,53.540,random,float32
5,324.163645,30,52430573,48.929,random,float32
5,324.709240,1286,52430573,52.805,random,float32
5,325.260884,9467,52430573,55.772,random,float32
5,325.796348,9884,52430573,52.963,random,float32
5,326.342078,7139,52430573,53.027,random,float32
5,326.889304,5976,52430573,53.194,random,float32
5,327.423245,1748,52430573,51.975,random,float32
5,327.962917,8923,52430573,54.196,random,float32
5,328.506487,3316,52430573,51.579,random,float32
5,329.028549,1900,52430573,51.443,random,float32
5,329.564780,7952,52430573,55.572,random,float32
5,330.096185,6282,52430573,54.270,random,float32
5,330.632121,2753,52430573,54.001,random,float32
5,331.167792,7143,52430573,52.387,random,float32
5,331.694197,6116,52430573,52.062,random,float32
5,332.243158,8670,52430573,54.015,random,float32
5,332.807046,6581,52430573,59.468,random,float32
5,333.344503,3137,52430573,52.996,random,float32
5,333.888214,2059,52430573,56.256,random,float32
5,334.422096,7172,52430573,50.843,random,float32
5,334.957204,8936,52430573,50.541,random,float32
5,335.494528,8807,52430573,54.401,random,float32
5,336.026728,7022,52430573,51.244,random,float32
5,336.582017,5298,52430573,55.731,random,float32
5,337.143890,9128,52430573,55.673,random,float32
5,337.690063,2553,52430573,53.811,random,float32
5,338.224262,7775,52430573,53.561,random,float32
5,338.768360,8014,52430573,54.722,random,float32
5,339.328637,7667,52430573,56.063,random,float32
5,339.869038,8420,52430573,49.963,random,float32
5,340.393358,6747,52430573,54.157,random,float32
5,340.937707,3329,52430573,54.335,random,float32
5,341.476093,1250,52430573,56.431,random,float32
5,342.031481,6567,52430573,51.783,random,float32
5,342.583438,2903,52430573,55.116,random,float32
5,343.130236,5463,52430573,53.579,random,float32
5,343.663923,8467,52430573,52.661,random,float32
5,344.195628,1711,52430573,52.283,random,float32
5,344.736850,566,52430573,55.815,random,float32
5,345.281983,578,52430573,53.489,random,float32
5,345.822297,6131,52430573,51.872,random,float32
5,346.363250,4442,52430573,52.984,random,float32
5,346.910005,1072,52430573,52.241,random,float32
5,347.444952,8098,52430573,54.048,random,float32
5,347.977349,4936,52430573,54.714,random,float32
5,348.512166,9133,52430573,53.160,random,float32
5,349.054147,6254,52430573,54.645,random,float32
5,349.591732,3416,52430573,53.551,random,float32
5,350.133990,7626,52430573,53.792,random,float32
5,350.672385,9789,52430573,54.248,random,float32
5,351.216935,9913,52430573,55.078,random,float32
5,351.748354,8574,52430573,52.922,random,float32
5,352.279650,9444,52430573,52.345,random,float32
5,352.811021,3522,52430573,53.251,random,float32
5,353.344666,6483,52430573,51.945,random,float32
5,353.885020,7872,52430573,53.999,random,float32
5,354.430580,1809,52430573,56.126,random,float32
5,354.969194,6760,52430573,52.529,random,float32
5,355.507119,8165,52430573,54.624,random,float32
5,356.046266,4760,52430573,55.571,random,float32
5,356.582494,3107,52430573,54.119,random,float32
5,357.112996,6032,52430573,54.086,random,float32
5,357.643115,754,52430573,52.201,random,float32
5,358.187819,8844,52430573,56.285,random,float32
5,358.740657,6656,52430573,55.886,random,float32
5,359.293269,1669,52430573,53.836,random,float32
5,359.852227,6349,52430573,55.827,random,float32
5,360.403454,9150,52430573,54.599,random,float32
5,360.933388,2405,52430573,53.698,random,float32
5,361.477383,1219,52430573,53.198,random,float32
5,362.016157,4441,52430573,51.577,random,float32
5,362.548488,3105,52430573,55.875,random,float32
5,363.082652,8719,52430573,54.013,random,float32
5,363.628713,1346,52430573,53.119,random,float32
5,364.174204,357,52430573,54.758,random,float32
5,364.717991,8452,52430573,50.492,random,float32
5,365.232838,3851,52430573,51.458,random,float32
5,365.778404,4121,52430573,54.057,random,float32
5,366.325779,3721,52430573,55.173,random,float32
5,366.865736,1051,52430573,54.131,random,float32
5,367.403919,4842,52430573,54.451,random,float32
5,367.954057,4924,52430573,54.492,random,float32
5,368.516255,9275,52430573,59.490,random,float32
5,369.069160,3610,52430573,53.946,random,float32
5,369.602920,8452,52430573,53.247,random,float32
5,370.139738,3001,52430573,52.852,random,float32
5,370.672783,6684,52430573,54.440,random,float32
5,371.205588,4724,52430573,53.680,random,float32
5,371.732174,9739,52430573,54.322,random,float32
5,372.272792,8130,52430573,52.485,random,float32
5,372.813812,8488,52430573,53.863,random,float32
5,373.356190,6450,52430573,57.399,random,float32
5,373.897154,1290,52430573,53.951,random,float32
5,374.433426,5005,52430573,55.897,random,float32
5,374.957319,987,52430573,48.624,random,float32
5,375.489433,8960,52430573,53.608,random,float32
5,376.019393,7037,52430573,50.797,random,float32
5,376.558355,540,52430573,54.883,random,float32
5,377.101786,2793,52430573,53.846,random,float32
5,377.633477,8545,52430573,53.366,random,float32
5,378.165150,5472,52430573,52.503,random,float32
5,378.698760,2839,52430573,54.584,random,float32
5,379.231419,6360,52430573,55.823,random,float32
5,379.770054,8633,52430573,55.551,random,float32
5,380.304302,526,52430573,53.539,random,float32
5,380.836635,2179,52430573,55.676,random,float32
5,381.368034,1324,52430573,53.637,random,float32
5,381.896898,3961,52430573,50.493,random,float32
5,382.446743,9848,52430573,55.639,random,float32
5,382.987097,6353,52430573,53.619,random,float32
5,383.524489,8531,52430573,53.979,random,float32
5,384.059130,7243,52430573,54.185,random,float32
5,384.591058,5244,52430573,54.588,random,float32
5,385.128480,8482,52430573,53.183,random,float32
5,385.662583,2049,52430573,54.191,random,float32
5,386.192286,5954,52430573,51.644,random,float32
5,386.728385,7552,52430573,53.779,random,float32
5,387.268618,7558,52430573,54.462,random,float32
5,387.806133,5878,52430573,55.317,random,float32
5,388.333431,332,52430573,52.338,random,float32
5,388.863181,3540,52430573,51.515,random,float32
5,389.402454,6483,52430573,51.254,random,float32
5,389.944617,4568,52430573,57.740,random,float32
5,390.511701,4994,52430573,61.964,random,float32
5,391.061234,3069,52430573,56.426,random,float32
5,391.604788,9994,52430573,54.865,random,float32
5,392.155643,1057,52430573,57.211,random,float32
5,392.706975,8849,52430573,58.380,random,float32
5,393.272143,2682,52430573,57.999,random,float32
5,393.831255,4455,52430573,55.811,random,float32
5,394.397122,7218,52430573,54.624,random,float32
5,394.952682,9975,52430573,53.282,random,float32
5,395.507311,4868,52430573,56.503,random,float32
5,396.049765,4573,52430573,53.499,random,float32
5,396.584987,1223,52430573,53.399,random,float32
5,397.120443,5337,52430573,52.600,random,float32
5,397.670498,1849,52430573,56.714,random,float32
5,398.220434,4869,52430573,55.103,random,float32
5,398.765677,8278,52430573,53.280,random,float32
5,399.318727,1349,52430573,57.074,random,float32
5,399.873247,9027,52430573,57.677,random,float32
5,400.418421,2250,52430573,55.063,random,float32
5,400.975173,6564,52430573,53.011,random,float32
5,401.532642,1366,52430573,55.318,random,float32
5,402.083066,2065,52430573,57.007,random,float32
5,402.629030,8384,52430573,53.573,random,float32
5,403.178080,1597,52430573,54.694,random,float32
5,403.719968,604,52430573,54.851,random,float32
5,404.246822,4756,52430573,55.685,random,float32
5,404.777276,5617,52430573,52.708,random,float32
5,405.305506,8396,52430573,52.947,random,float32
5,405.831947,1974,52430573,53.515,random,float32
5,406.364017,3344,52430573,54.054,random,float32
5,406.905413,6311,52430573,52.561,random,float32
5,407.443681,8417,52430573,50.253,random,float32
5,407.973896,7506,52430573,53.768,random,float32
5,408.510811,9522,52430573,52.985,random,float32
5,409.050788,4535,52430573,53.483,random,float32
5,409.580438,5471,52430573,51.151,random,float32
5,410.122609,1756,52430573,57.569,random,float32
5,410.646421,3859,52430573,55.322,random,float32
5,411.180176,7483,52430573,51.534,random,float32
5,411.703090,7569,52430573,49.768,random,float32
5,412.225587,4079,52430573,51.430,random,float32
5,412.776444,7795,52430573,53.681,random,float32
5,413.313058,9550,52430573,53.948,random,float32
5,413.853649,1028,52430573,52.235,random,float32
5,414.387145,3073,52430573,54.656,random,float32
5,414.914956,6644,52430573,49.082,random,float32
5,415.446113,3727,52430573,55.316,random,float32
5,415.986374,6594,52430573,54.959,random,float32
5,416.518286,301,52430573,53.851,random,float32
5,417.058238,334,52430573,53.538,random,float32
5,417.586932,8677,52430573,54.509,random,float32
5,418.125073,8251,52430573,54.060,random,float32
5,418.646467,2623,52430573,49.268,random,float32
5,419.186751,1596,52430573,52.040,random,float32
5,419.711090,8260,52430573,51.923,random,float32
5,420.242675,3172,52430573,55.345,random,float32
5,420.762956,3157,52430573,55.466,random,float32
5,421.296291,3916,52430573,49.918,random,float32
5,421.825508,5728,52430573,51.580,random,float32
5,422.346511,444,52430573,49.116,random,float32
5,422.873684,1974,52430573,51.144,random,float32
5,423.405265,8869,52430573,52.272,random,float32
5,423.934501,5196,52430573,51.822,random,float32
5,424.471796,2475,52430573,50.963,random,float32
5,425.013551,5264,52430573,55.415,random,float32
5,425.550839,735,52430573,55.254,random,float32
5,426.080266,1476,52430573,49.235,random,float32
5,426.615370,1452,52430573,56.611,random,float32
5,427.160690,9254,52430573,55.639,random,float32
5,427.719093,2180,52430573,52.204,random,float32
5,428.258820,9271,52430573,54.189,random,float32
5,428.804270,594,52430573,55.076,random,float32
5,429.347483,5709,52430573,51.296,random,float32
5,429.891755,3331,52430573,55.032,random,float32
5,430.443126,7678,52430573,50.619,random,float32
5,430.982214,6617,52430573,54.842,random,float32
5,431.514154,357,52430573,50.960,random,float32
5,432.054798,2781,52430573,54.754,random,float32
5,432.597297,1609,52430573,55.580,random,float32
5,433.145373,8915,52430573,55.360,random,float32
5,433.695517,4322,52430573,55.526,random,float32
5,434.228856,4477,52430573,53.491,random,float32
5,434.760740,6157,52430573,51.537,random,float32
5,435.294193,5011,52430573,53.932,random,float32
5,435.827207,2040,52430573,51.863,random,float32
5,436.353080,221,52430573,52.922,random,float32
5,436.892179,2697,52430573,54.956,random,float32
5,437.434788,7856,52430573,53.050,random,float32
5,437.971353,9722,52430573,53.576,random,float32
5,438.503148,2702,52430573,50.090,random,float32
5,439.046805,465,52430573,53.999,random,float32
5,439.584148,2936,52430573,52.704,random,float32
5,440.119754,510,52430573,52.677,random,float32
5,440.643642,76,52430573,51.265,random,float32
5,441.181896,4446,52430573,52.905,random,float32
5,441.719058,916,52430573,55.367,random,float32
5,442.249534,9905,52430573,55.568,random,float32
5,442.779945,5482,52430573,54.119,random,float32
5,443.310551,8539,52430573,55.296,random,float32
5,443.849287,7742,52430573,55.501,random,float32
5,444.378531,4139,52430573,52.020,random,float32
5,444.912706,2567,52430573,54.741,random,float32
5,445.448004,8276,52430573,56.745,random,float32
5,445.976007,5450,52430573,50.839,random,float32
5,446.515620,3459,52430573,53.046,random,float32
5,447.050048,522,52430573,50.976,random,float32
5,447.595055,3295,52430573,54.450,random,float32
5,448.148888,5309,52430573,54.229,random,float32
5,448.677506,6908,52430573,53.849,random,float32
5,449.216173,7516,52430573,54.276,random,float32
5,449.765140,4555,52430573,55.075,random,float32
5,450.311309,6150,52430573,51.490,random,float32
5,450.860880,6707,52430573,54.918,random,float32
5,451.403729,9592,52430573,53.717,random,float32
5,451.948975,9587,52430573,56.332,random,float32
5,452.485651,7489,52430573,53.917,random,float32
5,453.014978,4307,52430573,53.255,random,float32
5,453.551964,1548,52430573,52.848,random,float32
5,454.081279,3617,52430573,53.260,random,float32
5,454.612156,1718,52430573,51.504,random,float32
5,455.136591,1386,52430573,53.310,random,float32
5,455.668938,10,52430573,53.305,random,float32
5,456.198436,8404,52430573,54.118,random,float32
5,456.719191,8482,52430573,54.611,random,float32
5,457.250209,6744,52430573,53.803,random,float32
5,457.778500,7213,52430573,50.749,random,float32
5,458.306283,4483,52430573,52.688,random,float32
5,458.830362,5513,52430573,53.010,random,float32
5,459.365792,1191,52430573,52.954,random,float32
5,459.895958,2879,52430573,56.219,random,float32
5,460.454556,5059,52430573,56.716,random,float32
5,460.989819,7596,52430573,52.506,random,float32
5,461.528564,6191,52430573,53.461,random,float32
5,462.065852,8084,52430573,54.982,random,float32
5,462.611371,1658,52430573,52.825,random,float32
5,463.141809,1098,52430573,50.939,random,float32
5,463.697863,4071,52430573,54.304,random,float32
5,464.242808,2565,52430573,52.594,random,float32
5,464.787988,28,52430573,52.471,random,float32
5,465.323086,4105,52430573,52.105,random,float32
5,465.855383,3951,52430573,50.512,random,float32
5,466.379498,2070,52430573,52.245,random,float32
5,466.901047,7253,52430573,51.633,random,float32
5,467.432095,4988,52430573,54.314,random,float32
5,467.965658,403,52430573,51.095,random,float32
5,468.487228,2722,52430573,50.249,random,float32
5,469.036541,651,52430573,51.537,random,float32
5,469.587492,967,52430573,52.556,random,float32
5,470.122491,1762,52430573,54.188,random,float32
5,470.647438,6243,52430573,51.599,random,float32
5,471.167185,1712,52430573,50.215,random,float32
5,471.703031,7505,52430573,54.873,random,float32
5,472.234862,7566,52430573,52.913,random,float32
5,472.766256,9397,52430573,52.251,random,float32
5,473.296134,7083,52430573,50.726,random,float32
5,473.837894,8465,52430573,53.387,random,float32
5,474.364996,1324,52430573,49.045,random,float32
5,474.896716,8266,52430573,48.100,random,float32
5,475.439991,8558,52430573,53.528,random,float32
5,475.969387,4066,52430573,56.783,random,float32
5,476.504461,4140,52430573,54.459,random,float32
5,477.044593,2944,52430573,55.081,random,float32
5,477.568835,2630,52430573,55.507,random,float32
5,478.098117,6911,52430573,53.140,random,float32
5,478.629423,6059,52430573,52.657,random,float32
5,479.160112,7028,52430573,57.260,random,float32
5,479.697450,4898,52430573,55.004,random,float32
5,480.221085,7032,52430573,50.712,random,float32
5,480.747109,7467,52430573,53.233,random,float32
5,481.274556,6447,52430573,51.467,random,float32
5,481.807855,2173,52430573,53.223,random,float32
5,482.340234,2433,52430573,49.765,random,float32
5,482.875330,81,52430573,54.356,random,float32
5,483.415254,5858,52430573,55.015,random,float32
5,483.946102,3269,52430573,52.980,random,float32
5,484.479276,1295,52430573,52.929,random,float32
5,485.012004,9237,52430573,51.861,random,float32
5,485.533996,5723,52430573,53.523,random,float32
5,486.057022,6388,52430573,52.686,random,float32
5,486.583584,1975,52430573,53.767,random,float32
5,487.123301,3242,52430573,54.533,random,float32
5,487.645870,3929,52430573,51.618,random,float32
5,488.192662,1226,52430573,53.571,random,float32
5,488.722061,2564,52430573,56.361,random,float32
5,489.277934,284,52430573,58.101,random,float32
5,489.828594,6219,52430573,51.800,random,float32
5,490.371929,210,52430573,55.597,random,float32
5,490.931979,3424,52430573,55.293,random,float32
5,491.474468,1735,52430573,54.897,random,float32
5,492.032161,2320,52430573,54.775,random,float32
5,492.575396,5754,52430573,53.840,random,float32
5,493.130197,3678,52430573,55.166,random,float32
5,493.697079,3123,52430573,56.025,random,float32
5,494.265645,4668,52430573,57.887,random,float32
5,494.837146,4772,52430573,56.629,random,float32
5,495.393698,6675,52430573,52.182,random,float32
5,495.942379,5065,52430573,55.246,random,float32
5,496.484638,2816,52430573,54.686,random,float32
5,497.039941,9402,52430573,55.755,random,float32
5,497.586777,9819,52430573,55.875,random,float32
5,498.134873,4120,52430573,56.099,random,float32
5,498.691125,1255,52430573,54.009,random,float32
5,499.232640,4492,52430573,54.424,random,float32
5,499.778799,3614,52430573,54.584,random,float32
5,500.319162,4396,52430573,51.016,random,float32
5,500.858841,7585,52430573,54.341,random,float32
5,501.401068,1644,52430573,53.038,random,float32
5,501.941541,8532,52430573,54.286,random,float32
5,502.487624,4218,52430573,54.394,random,float32
5,503.044126,684,52430573,52.800,random,float32
5,503.582216,8286,52430573,55.896,random,float32
5,504.130313,9462,52430573,56.100,random,float32
5,504.676626,8936,52430573,53.128,random,float32
5,505.212370,6289,52430573,52.924,random,float32
5,505.745954,4777,52430573,52.147,random,float32
5,506.272721,9588,52430573,54.711,random,float32
5,506.802662,7559,52430573,52.551,random,float32
5,507.333930,5851,52430573,52.973,random,float32
5,507.869016,2853,52430573,54.830,random,float32
5,508.389944,4896,52430573,51.209,random,float32
5,508.917575,196,52430573,54.201,random,float32
5,509.454448,2429,52430573,53.421,random,float32
5,509.990076,9882,52430573,54.245,random,float32
5,510.529409,1730,52430573,54.102,random,float32
5,511.054670,921,52430573,51.685,random,float32
5,511.584225,2846,52430573,51.861,random,float32
5,512.109515,8611,52430573,51.452,random,float32
5,512.633939,4129,52430573,52.034,random,float32
5,513.168354,7622,52430573,53.510,random,float32
5,513.700835,9886,52430573,54.396,random,float32
5,514.230702,9667,52430573,51.418,random,float32
5,514.766158,1091,52430573,54.075,random,float32
5,515.300168,2270,52430573,53.186,random,float32
5,515.842913,8254,52430573,52.914,random,float32
5,516.377896,5016,52430573,53.040,random,float32
5,516.902019,5964,52430573,52.448,random,float32
5,517.434565,2650,52430573,53.827,random,float32
5,517.961730,5540,52430573,53.368,random,float32
5,518.492029,6194,52430573,53.793,random,float32
5,519.019225,6698,52430573,50.901,random,float32
5,519.532116,7349,52430573,49.353,random,float32
5,520.062804,2250,52430573,56.521,random,float32
5,520.585883,5505,52430573,52.288,random,float32
5,521.134789,7,52430573,56.716,random,float32
5,521.682800,4330,52430573,52.567,random,float32
5,522.225759,7978,52430573,55.689,random,float32
5,522.759362,306,52430573,53.382,random,float32
5,523.279511,3829,52430573,51.879,random,float32
5,523.817491,2047,52430573,50.298,random,float32
5,524.357042,3060,52430573,54.039,random,float32
5,524.893162,7028,52430573,52.786,random,float32
5,525.415043,335,52430573,53.506,random,float32
5,525.940604,3264,52430573,50.168,random,float32
5,526.465882,9510,52430573,53.624,random,float32
5,527.000160,4233,52430573,55.506,random,float32
5,527.530236,4,52430573,53.890,random,float32
5,528.075472,7916,52430573,56.550,random,float32
5,528.618200,5156,52430573,53.481,random,float32
5,529.146235,2375,52430573,52.328,random,float32
5,529.674247,3958,52430573,52.570,random,float32
5,530.198716,1455,52430573,51.253,random,float32
5,530.717568,9829,52430573,52.456,random,float32
5,531.241961,8386,52430573,53.621,random,float32
5,531.766268,1530,52430573,53.497,random,float32
5,532.287281,243,52430573,52.709,random,float32
5,532.805514,7620,52430573,51.518,random,float32
5,533.333371,9685,52430573,54.568,random,float32
5,533.869020,778,52430573,53.853,random,float32
5,534.402394,2618,52430573,51.724,random,float32
5,534.943880,2768,52430573,55.398,random,float32
5,535.485656,9378,52430573,53.267,random,float32
5,536.020720,1423,52430573,54.627,random,float32
5,536.553681,6411,52430573,54.752,random,float32
5,537.098519,9429,52430573,53.453,random,float32
5,537.632822,8427,52430573,54.489,random,float32
5,538.174634,5520,52430573,53.675,random,float32
5,538.709610,6518,52430573,54.266,random,float32
5,539.262450,1191,52430573,55.311,random,float32
5,539.795297,406,52430573,53.148,random,float32
5,540.342330,1891,52430573,56.690,random,float32
5,540.898849,3405,52430573,55.855,random,float32
5,541.435131,1734,52430573,52.252,random,float32
5,541.986768,3207,52430573,57.326,random,float32
5,542.533599,2905,52430573,55.330,random,float32
5,543.077430,8898,52430573,52.853,random,float32
5,543.615930,4461,52430573,54.456,random,float32
5,544.147714,4237,52430573,53.942,random,float32
5,544.681237,9752,52430573,54.305,random,float32
5,545.210798,4723,52430573,50.596,random,float32
5,545.732849,9177,52430573,50.530,random,float32
5,546.257116,6589,52430573,53.777,random,float32
5,546.786372,8720,52430573,54.121,random,float32
5,547.311492,811,52430573,51.640,random,float32
5,547.837517,675,52430573,52.996,random,float32
5,548.361731,5281,52430573,52.937,random,float32
5,548.898694,1471,52430573,54.023,random,float32
5,549.428738,4656,52430573,51.762,random,float32
5,549.951205,4378,52430573,51.681,random,float32
5,550.498453,7707,52430573,56.526,random,float32
5,551.044680,5334,52430573,54.619,random,float32
5,551.583651,7207,52430573,53.317,random,float32
5,552.131478,9028,52430573,54.279,random,float32
5,552.687371,6064,52430573,56.179,random,float32
5,553.231716,4950,52430573,56.206,random,float32
5,553.781970,324,52430573,54.146,random,float32
5,554.324160,6104,52430573,53.487,random,float32
5,554.869421,9842,52430573,54.372,random,float32
5,555.412892,4894,52430573,57.422,random,float32
5,555.956011,7614,52430573,52.967,random,float32
5,556.496240,662,52430573,56.033,random,float32
5,557.046262,6828,52430573,53.568,random,float32
5,557.597455,8700,52430573,55.169,random,float32
5,558.148628,2782,52430573,53.047,random,float32
5,558.699118,5235,52430573,54.311,random,float32
5,559.246196,3436,52430573,54.797,random,float32
5,559.822308,6102,52430573,56.339,random,float32
5,560.380533,4708,52430573,52.778,random,float32
5,560.930495,714,52430573,56.652,random,float32
5,561.488652,8726,52430573,56.841,random,float32
5,562.051192,6779,52430573,56.538,random,float32
5,562.614865,8686,52430573,54.682,random,float32
5,563.161623,1362,52430573,54.695,random,float32
5,563.714202,4377,52430573,53.090,random,float32
5,564.259799,3085,52430573,53.784,random,float32
5,564.805283,7087,52430573,54.774,random,float32
5,565.357672,1394,52430573,58.703,random,float32
5,565.901780,7255,52430573,56.327,random,float32
5,566.459725,986,52430573,52.320,random,float32
5,567.021031,4878,52430573,57.178,random,float32
5,567.575369,2343,52430573,55.717,random,float32
5,568.135453,8440,52430573,54.304,random,float32
5,568.685879,4932,52430573,54.861,random,float32
5,569.254883,3303,52430573,57.492,random,float32
5,569.822770,1299,52430573,54.746,random,float32
5,570.362684,7224,52430573,53.542,random,float32
5,570.917882,5282,52430573,55.291,random,float32
5,571.461872,2113,52430573,55.699,random,float32
5,572.008034,3883,52430573,53.295,random,float32
5,572.547698,3158,52430573,55.317,random,float32
5,573.086390,6517,52430573,52.439,random,float32
5,573.615345,3352,52430573,53.360,random,float32
5,574.156248,6875,52430573,54.576,random,float32
5,574.709279,324,52430573,52.560,random,float32
5,575.249171,2556,52430573,54.343,random,float32
5,575.788422,710,52430573,55.487,random,float32
5,576.347067,7817,52430573,60.245,random,float32
5,576.887237,180,52430573,54.157,random,float32
5,577.414147,3713,52430573,53.085,random,float32
5,577.930146,2876,52430573,53.375,random,float32
5,578.458869,147,52430573,53.106,random,float32
5,578.991463,2870,52430573,51.415,random,float32
5,579.528075,9568,52430573,53.503,random,float32
5,580.067365,4388,52430573,52.837,random,float32
5,580.607848,4413,52430573,52.442,random,float32
5,581.148980,8199,52430573,52.207,random,float32
5,581.693084,3294,52430573,54.428,random,float32
5,582.232791,9454,52430573,57.348,random,float32
5,582.777468,2802,52430573,54.510,random,float32
5,583.318866,8411,52430573,55.127,random,float32
5,583.862886,6875,52430573,54.353,random,float32
5,584.414670,6033,52430573,56.720,random,float32
5,584.951013,4508,52430573,56.528,random,float32
5,585.480006,5473,52430573,54.005,random,float32
5,586.016940,5761,52430573,52.846,random,float32
5,586.546546,8272,52430573,52.861,random,float32
5,587.100013,3793,52430573,54.894,random,float32
5,587.639302,8601,52430573,53.272,random,float32
5,588.187167,9621,52430573,55.224,random,float32
5,588.742033,2978,52430573,56.396,random,float32
5,589.281191,5170,52430573,53.424,random,float32
5,589.829788,5146,52430573,54.778,random,float32
5,590.388866,569,52430573,54.352,random,float32
5,590.927705,406,52430573,54.201,random,float32
5,591.466159,1477,52430573,53.446,random,float32
5,591.998796,6680,52430573,52.916,random,float32
5,592.534279,1325,52430573,49.540,random,float32
5,593.067726,1086,52430573,53.242,random,float32
5,593.601473,4421,52430573,55.285,random,float32
5,594.122375,1417,52430573,52.751,random,float32
5,594.655360,565,52430573,52.954,random,float32
5,595.191709,5433,52430573,53.324,random,float32
5,595.729852,6303,52430573,54.403,random,float32
5,596.282267,2668,52430573,57.706,random,float32
5,596.825921,6639,52430573,53.551,random,float32
5,597.359839,547,52430573,52.305,random,float32
5,597.912220,8090,52430573,53.619,random,float32
5,598.464487,7978,52430573,55.220,random,float32
5,599.002708,4599,52430573,53.917,random,float32
5,599.571033,2539,52430573,54.447,random,float32
5,600.126858,3540,52430573,55.489,random,float32
5,600.687481,8908,52430573,56.158,random,float32
5,601.248387,5555,52430573,53.651,random,float32
5,601.785479,3701,52430573,54.077,random,float32
5,602.339335,7573,52430573,55.070,random,float32
5,602.877942,6303,52430573,53.777,random,float32
5,603.423957,6096,52430573,56.399,random,float32
5,603.972091,8911,52430573,54.773,random,float32
5,604.530010,3856,52430573,55.608,random,float32
5,605.075747,7433,52430573,54.091,random,float32
5,605.620909,1893,52430573,56.547,random,float32
5,606.171757,4045,52430573,53.973,random,float32
5,606.713614,955,52430573,56.682,random,float32
5,607.249623,7990,52430573,52.892,random,float32
5,607.785874,5579,52430573,55.358,random,float32
5,608.316754,8903,52430573,53.081,random,float32
5,608.836524,7142,52430573,52.606,random,float32
5,609.383033,9934,52430573,54.231,random,float32
5,609.913982,4142,52430573,54.601,random,float32
5,610.451990,9889,52430573,53.307,random,float32
5,610.989495,7840,52430573,53.739,random,float32
5,611.529231,9591,52430573,52.389,random,float32
5,612.072528,4773,52430573,55.588,random,float32
5,612.628914,6390,52430573,52.526,random,float32
5,613.166574,324,52430573,54.910,random,float32
5,613.701857,2855,52430573,53.719,random,float32
5,614.234037,6486,52430573,53.315,random,float32
5,614.771204,7019,52430573,52.866,random,float32
5,615.301231,8679,52430573,53.078,random,float32
5,615.849984,2672,52430573,56.264,random,float32
5,616.396090,7131,52430573,53.053,random,float32
5,616.939242,6119,52430573,54.192,random,float32
5,617.476494,3133,52430573,53.944,random,float32
5,618.013505,9481,52430573,54.485,random,float32
5,618.565758,7265,52430573,54.005,random,float32
5,619.120511,9260,52430573,55.792,random,float32
5,619.673867,4092,52430573,56.761,random,float32
5,620.243981,2572,52430573,59.713,random,float32
5,620.800148,2053,52430573,55.007,random,float32
5,621.347726,3256,52430573,52.760,random,float32
5,621.896844,4589,52430573,57.641,random,float32
5,622.448649,5685,52430573,53.851,random,float32
5,623.001988,9521,52430573,52.991,random,float32
5,623.543168,1034,52430573,53.447,random,float32
5,624.074438,3382,52430573,52.229,random,float32
5,624.633765,6296,52430573,64.700,random,float32
5,625.190307,5183,52430573,54.169,random,float32
5,625.747688,8407,52430573,53.215,random,float32
5,626.283109,7166,52430573,54.987,random,float32
5,626.811438,2485,52430573,51.976,random,float32
5,627.356926,7640,52430573,54.176,random,float32
5,627.894406,5819,52430573,50.746,random,float32
5,628.422781,7994,52430573,51.730,random,float32
5,628.958391,2634,52430573,52.815,random,float32
5,629.485312,5126,52430573,53.497,random,float32
5,630.034368,6589,52430573,58.559,random,float32
5,630.600226,6330,52430573,56.581,random,float32
5,631.166507,6056,52430573,55.752,random,float32
5,631.709387,9173,52430573,52.693,random,float32
5,632.254342,2133,52430573,55.399,random,float32
5,632.791366,9415,52430573,54.873,random,float32
5,633.350251,3152,52430573,56.412,random,float32
5,633.908384,6627,52430573,57.629,random,float32
5,634.470389,3043,52430573,55.337,random,float32
5,635.010564,8739,52430573,53.644,random,float32
5,635.559710,7976,52430573,55.835,random,float32
5,636.103124,5091,52430573,52.727,random,float32
5,636.647594,7272,52430573,57.222,random,float32
5,637.195556,5350,52430573,53.068,random,float32
5,637.736547,2583,52430573,56.583,random,float32
5,638.273576,1758,52430573,54.055,random,float32
5,638.802292,9334,52430573,55.333,random,float32
5,639.341831,3826,52430573,52.742,random,float32
5,639.884514,1643,52430573,56.073,random,float32
5,640.429572,5386,52430573,54.254,random,float32
5,640.975754,6276,52430573,54.537,random,float32
5,641.511826,4703,52430573,53.820,random,float32
5,642.046672,4506,52430573,51.437,random,float32
5,642.588957,2434,52430573,54.811,random,float32
5,643.125070,3009,52430573,54.614,random,float32
5,643.666895,8761,52430573,55.911,random,float32
5,644.220270,9847,52430573,55.232,random,float32
5,644.763369,7077,52430573,53.527,random,float32
5,645.313986,7092,52430573,55.953,random,float32
5,645.857126,7945,52430573,51.810,random,float32
5,646.380266,9263,52430573,53.634,random,float32
5,646.925843,656,52430573,55.073,random,float32
5,647.455820,428,52430573,54.131,random,float32
5,647.983315,7140,52430573,51.549,random,float32
5,648.510546,5061,52430573,53.336,random,float32
5,649.039028,892,52430573,54.648,random,float32
5,649.568705,1251,52430573,53.183,random,float32
5,650.104631,4905,52430573,51.270,random,float32
5,650.638999,1357,52430573,50.213,random,float32
5,651.177360,2409,52430573,53.484,random,float32
5,651.712047,3885,52430573,54.754,random,float32
5,652.256341,4731,52430573,55.285,random,float32
5,652.793743,8647,52430573,53.081,random,float32
5,653.323558,3207,52430573,55.898,random,float32
5,653.858792,1462,52430573,55.105,random,float32
5,654.398206,1286,52430573,54.136,random,float32
5,654.951791,3839,52430573,55.518,random,float32
5,655.491820,6353,52430573,55.018,random,float32
5,656.029991,6689,52430573,54.032,random,float32
5,656.574708,2114,52430573,55.074,random,float32
5,657.111389,1731,52430573,53.100,random,float32
5,657.653032,9581,52430573,54.170,random,float32
5,658.205013,6810,52430573,55.122,random,float32
5,658.747358,2117,52430573,53.357,random,float32
5,659.297532,2627,52430573,54.738,random,float32
5,659.846966,6121,52430573,57.083,random,float32
5,660.401785,2301,52430573,55.390,random,float32
5,660.954469,7154,52430573,55.297,random,float32
5,661.497473,8646,52430573,54.220,random,float32
5,662.028889,2083,52430573,54.426,random,float32
5,662.561530,8806,52430573,51.181,random,float32
5,663.090110,8683,52430573,51.771,random,float32
5,663.617663,5365,52430573,52.969,random,float32
5,664.152740,4428,52430573,51.850,random,float32
5,664.698983,321,52430573,55.333,random,float32
5,665.240771,9982,52430573,55.085,random,float32
5,665.778626,3609,52430573,55.193,random,float32
5,666.316284,1386,52430573,53.525,random,float32
5,666.853455,2249,52430573,53.195,random,float32
5,667.399497,6627,52430573,55.494,random,float32
5,667.935919,7276,52430573,52.182,random,float32
5,668.468243,8786,52430573,53.667,random,float32
5,668.999260,6735,52430573,52.130,random,float32
5,669.528691,7905,52430573,51.549,random,float32
5,670.068020,7197,52430573,52.724,random,float32
5,670.596421,8335,52430573,50.250,random,float32
5,671.131687,2992,52430573,55.491,random,float32
5,671.664714,7031,52430573,52.280,random,float32
5,672.192781,1587,52430573,55.830,random,float32
5,672.724331,1278,52430573,52.489,random,float32
5,673.253636,5337,52430573,52.624,random,float32
5,673.783959,3578,52430573,49.151,random,float32
5,674.306517,1489,52430573,54.018,random,float32
5,674.854623,8724,52430573,54.262,random,float32
5,675.367519,3650,52430573,51.214,random,float32
5,675.897580,1088,52430573,53.945,random,float32
5,676.424352,8541,52430573,53.326,random,float32
5,676.969321,6049,52430573,54.591,random,float32
5,677.502668,458,52430573,54.443,random,float32
5,678.041198,1133,52430573,55.168,random,float32
5,678.590647,8731,52430573,54.734,random,float32
5,679.126538,4547,52430573,52.573,random,float32
5,679.648827,896,52430573,53.238,random,float32
5,680.180981,1103,52430573,54.156,random,float32
5,680.706433,2974,52430573,54.835,random,float32
5,681.245810,9930,52430573,52.135,random,float32
5,681.780552,3373,52430573,53.665,random,float32
5,682.306498,7819,52430573,50.172,random,float32
5,682.839472,2556,52430573,52.719,random,float32
5,683.378327,2234,52430573,55.270,random,float32
5,683.908968,7687,52430573,52.850,random,float32
5,684.458155,989,52430573,55.771,random,float32
5,684.990142,37,52430573,51.675,random,float32
5,685.521441,5916,52430573,54.050,random,float32
5,686.055772,7996,52430573,53.727,random,float32
5,686.593269,8501,52430573,52.814,random,float32
5,687.141897,6289,52430573,53.004,random,float32
5,687.684936,7740,52430573,55.698,random,float32
5,688.224576,3757,52430573,53.409,random,float32
5,688.763893,5676,52430573,53.206,random,float32
5,689.307452,1266,52430573,55.152,random,float32
5,689.859696,7403,52430573,52.762,random,float32
5,690.402859,9976,52430573,54.160,random,float32
5,690.952708,2480,52430573,54.445,random,float32
5,691.499389,2863,52430573,56.774,random,float32
5,692.049953,758,52430573,53.379,random,float32
5,692.598046,1278,52430573,55.303,random,float32
5,693.132448,359,52430573,51.925,random,float32
5,693.661218,6354,52430573,52.550,random,float32
5,694.191527,6818,52430573,53.035,random,float32
5,694.722223,5921,52430573,52.893,random,float32
5,695.248309,5178,52430573,52.391,random,float32
5,695.773936,7079,52430573,53.562,random,float32
5,696.294449,2380,52430573,53.050,random,float32
5,696.824136,9401,52430573,56.334,random,float32
5,697.352872,5771,52430573,54.290,random,float32
5,697.880967,5522,52430573,53.161,random,float32
5,698.412127,7067,52430573,55.638,random,float32
5,698.951911,4294,52430573,55.590,random,float32
5,699.494796,322,52430573,53.668,random,float32
5,700.026346,2564,52430573,54.482,random,float32
5,700.581474,1448,52430573,55.258,random,float32
5,701.130493,6857,52430573,55.059,random,float32
5,701.675087,1145,52430573,53.910,random,float32
5,702.204268,2279,52430573,51.959,random,float32
5,702.743684,1308,52430573,56.258,random,float32
5,703.272681,6613,52430573,52.425,random,float32
5,703.801621,912,52430573,52.192,random,float32
5,704.338251,9484,52430573,53.212,random,float32
5,704.879242,368,52430573,54.511,random,float32
5,705.425885,2031,52430573,54.564,random,float32
5,705.960331,5327,52430573,55.804,random,float32
5,706.495919,7565,52430573,55.178,random,float32
5,707.033387,1698,52430573,54.556,random,float32
5,707.573615,7467,52430573,52.482,random,float32
5,708.114610,4939,52430573,52.155,random,float32
5,708.663808,2344,52430573,54.579,random,float32
5,709.204605,7771,52430573,55.243,random,float32
5,709.758364,6805,52430573,57.458,random,float32
5,710.301989,7895,52430573,53.971,random,float32
5,710.837472,4431,52430573,52.245,random,float32
5,711.373120,9857,52430573,54.503,random,float32
5,711.911680,4174,52430573,53.435,random,float32
5,712.466298,4755,52430573,54.678,random,float32
5,713.002646,8506,52430573,56.827,random,float32
5,713.538555,2458,52430573,55.548,random,float32
5,714.071278,1978,52430573,54.890,random,float32
5,714.615227,559,52430573,55.986,random,float32
5,715.163208,6566,52430573,55.178,random,float32
5,715.711230,27,52430573,52.447,random,float32
5,716.262431,869,52430573,56.215,random,float32
5,716.806636,7071,52430573,56.079,random,float32
5,717.358339,649,52430573,54.943,random,float32
5,717.911341,4737,52430573,56.645,random,float32
5,718.451294,1666,52430573,53.576,random,float32
5,719.008571,164,52430573,58.084,random,float32
5,719.543830,1672,52430573,55.314,random,float32
5,720.090418,9692,52430573,56.007,random,float32
5,720.637628,9950,52430573,54.374,random,float32
5,721.192196,8898,52430573,57.171,random,float32
5,721.723728,1703,52430573,51.347,random,float32
5,722.260587,8639,52430573,54.350,random,float32
5,722.796473,3094,52430573,53.754,random,float32
5,723.324400,6174,52430573,53.752,random,float32
5,723.872676,3667,52430573,53.711,random,float32
5,724.416784,1260,52430573,54.981,random,float32
5,724.957073,9467,52430573,53.883,random,float32
5,725.501677,3044,52430573,54.730,random,float32
5,726.036488,2521,52430573,53.640,random,float32
5,726.584505,3612,52430573,53.398,random,float32
5,727.125004,7193,52430573,52.461,random,float32
5,727.676573,8272,52430573,52.797,random,float32
5,728.208543,5637,52430573,53.594,random,float32
5,728.745841,3586,52430573,54.576,random,float32
5,729.285119,6463,52430573,55.174,random,float32
5,729.820253,9019,52430573,52.312,random,float32
5,730.359886,8639,52430573,54.743,random,float32
5,730.901879,7073,52430573,52.422,random,float32
5,731.445082,4741,52430573,54.233,random,float32
5,731.988553,2548,52430573,55.268,random,float32
5,732.530036,9721,52430573,52.732,random,float32
5,733.085134,470,52430573,54.684,random,float32
5,733.657039,4066,52430573,56.348,random,float32
5,734.199893,7503,52430573,53.551,random,float32
5,734.752233,1820,52430573,52.552,random,float32
5,735.295003,4811,52430573,52.456,random,float32
5,735.831951,9049,52430573,53.570,random,float32
5,736.375147,8001,52430573,54.312,random,float32
5,736.908850,1662,52430573,54.673,random,float32
5,737.455756,5757,52430573,55.265,random,float32
5,738.003308,6953,52430573,54.690,random,float32
5,738.555778,2549,52430573,55.271,random,float32
5,739.102351,7530,52430573,53.447,random,float32
5,739.645304,9054,52430573,53.279,random,float32
5,740.187230,5949,52430573,53.762,random,float32
5,740.723043,8454,52430573,54.401,random,float32
5,741.254355,4574,52430573,54.462,random,float32
5,741.789616,9993,52430573,53.442,random,float32
5,742.316428,6917,52430573,50.789,random,float32
5,742.846389,2027,52430573,51.544,random,float32
5,743.380125,8464,52430573,53.734,random,float32
5,743.909037,112,52430573,52.631,random,float32
5,744.442307,1055,52430573,52.726,random,float32
5,744.975561,2466,52430573,53.454,random,float32
5,745.516051,6169,52430573,55.811,random,float32
5,746.062186,3316,52430573,54.864,random,float32
5,746.602496,9668,52430573,55.765,random,float32
5,747.151718,1038,52430573,55.550,random,float32
5,747.698477,2413,52430573,54.262,random,float32
5,748.243281,7563,52430573,55.612,random,float32
5,748.784837,5479,52430573,54.266,random,float32
5,749.324615,9119,52430573,55.246,random,float32
5,749.857091,7881,52430573,52.778,random,float32
5,750.396481,8433,52430573,52.599,random,float32
5,750.935092,8558,52430573,54.151,random,float32
5,751.474840,2424,52430573,54.121,random,float32
5,752.013546,9433,52430573,51.983,random,float32
5,752.558646,9398,52430573,53.462,random,float32
5,753.095395,2495,52430573,52.947,random,float32
5,753.634472,4032,52430573,54.947,random,float32
5,754.165926,1005,52430573,54.055,random,float32
5,754.697435,1517,52430573,53.208,random,float32
5,755.232080,8113,52430573,54.654,random,float32
5,755.772942,107,52430573,55.006,random,float32
5,756.315208,8078,52430573,55.126,random,float32
5,756.845079,1428,52430573,47.969,random,float32
5,757.383293,6014,52430573,50.185,random,float32
5,757.921018,8519,52430573,55.054,random,float32
5,758.451055,3339,52430573,52.773,random,float32
5,758.981095,1764,52430573,53.106,random,float32
5,759.507480,4333,52430573,54.000,random,float32
5,760.035125,9288,52430573,54.897,random,float32
5,760.568229,2492,52430573,54.431,random,float32
5,761.091937,7535,52430573,51.949,random,float32
5,761.621332,7293,52430573,52.312,random,float32
5,762.148426,5817,52430573,54.295,random,float32
5,762.686286,9112,52430573,51.759,random,float32
5,763.205538,1132,52430573,52.204,random,float32
5,763.728657,2466,52430573,54.510,random,float32
5,764.257232,1047,52430573,51.545,random,float32
5,764.784161,7445,52430573,52.054,random,float32
5,765.319435,9289,52430573,53.018,random,float32
5,765.840341,4521,52430573,53.161,random,float32
5,766.359798,7950,52430573,53.171,random,float32
5,766.917319,2492,52430573,59.479,random,float32
5,767.456614,6026,52430573,51.779,random,float32
5,767.988523,9493,52430573,51.098,random,float32
5,768.528149,4400,52430573,54.316,random,float32
5,769.042734,4840,52430573,52.789,random,float32
5,769.569663,6741,52430573,54.375,random,float32
5,770.105253,9651,52430573,55.476,random,float32
5,770.629795,6748,52430573,54.605,random,float32
5,771.162952,2866,52430573,53.890,random,float32
5,771.690039,4520,52430573,55.311,random,float32
5,772.222692,9756,52430573,55.207,random,float32
5,772.747697,8169,52430573,52.047,random,float32
5,773.281755,213,52430573,51.638,random,float32
5,773.814315,8037,52430573,53.906,random,float32
5,774.372374,64,52430573,56.889,random,float32
5,774.918398,5395,52430573,54.757,random,float32
5,775.438740,9888,52430573,52.928,random,float32
5,775.955461,6263,52430573,53.014,random,float32
5,776.483884,8554,52430573,51.880,random,float32
5,777.011375,7812,52430573,52.313,random,float32
5,777.544478,2039,52430573,52.488,random,float32
5,778.068841,5994,52430573,49.324,random,float32
5,778.602806,9689,52430573,51.230,random,float32
5,779.133482,2282,52430573,54.581,random,float32
5,779.663204,7880,52430573,51.159,random,float32
5,780.191812,9870,52430573,54.670,random,float32
5,780.706508,2001,52430573,48.643,random,float32
5,781.231269,2736,52430573,53.329,random,float32
5,781.756248,5629,52430573,53.430,random,float32
5,782.288942,6226,52430573,53.791,random,float32
5,782.824278,5776,52430573,55.961,random,float32
5,783.360405,9743,52430573,49.992,random,float32
5,783.881417,8600,52430573,53.596,random,float32
5,784.405283,6650,52430573,53.777,random,float32
5,784.938977,4955,52430573,50.690,random,float32
5,785.471711,5187,52430573,51.273,random,float32
5,786.004527,6793,52430573,51.239,random,float32
5,786.544354,4430,52430573,54.707,random,float32
5,787.077013,1912,52430573,54.191,random,float32
5,787.607153,898,52430573,53.920,random,float32
5,788.139433,9551,52430573,54.665,random,float32
5,788.671027,3660,52430573,54.804,random,float32
5,789.200552,4459,52430573,51.788,random,float32
5,789.731708,6934,52430573,51.757,random,float32
5,790.253452,5183,52430573,47.904,random,float32
5,790.779193,2019,52430573,52.494,random,float32
5,791.311497,4673,52430573,52.950,random,float32
5,791.840319,3739,52430573,51.943,random,float32
5,792.382232,3889,52430573,54.961,random,float32
5,792.918491,5884,52430573,54.280,random,float32
5,793.453623,2676,52430573,56.132,random,float32
5,793.987758,8282,52430573,54.832,random,float32
5,794.527608,4966,52430573,51.302,random,float32
5,795.054467,1415,52430573,52.607,random,float32
5,795.583578,2739,52430573,51.360,random,float32
5,796.103897,7571,52430573,52.586,random,float32
5,796.629645,3276,52430573,52.619,random,float32
5,797.167831,6717,52430573,51.833,random,float32
5,797.701500,436,52430573,53.818,random,float32
5,798.244522,9302,52430573,53.397,random,float32
5,798.775365,2931,52430573,54.279,random,float32
5,799.301687,8577,52430573,51.485,random,float32
5,799.833816,8499,52430573,56.581,random,float32
5,800.386161,825,52430573,57.831,random,float32
5,800.919196,2577,52430573,52.351,random,float32
5,801.448005,1134,52430573,51.782,random,float32
5,801.992716,8593,52430573,54.829,random,float32
5,802.545665,2056,52430573,53.615,random,float32
5,803.082893,6134,52430573,53.334,random,float32
5,803.616749,1954,52430573,51.991,random,float32
5,804.148837,7933,52430573,52.305,random,float32
5,804.673346,2355,52430573,51.709,random,float32
5,805.201878,7220,52430573,52.614,random,float32
5,805.734287,8249,52430573,56.720,random,float32
5,806.260300,4136,52430573,52.970,random,float32
5,806.780770,8025,52430573,49.741,random,float32
5,807.311623,3698,52430573,51.801,random,float32
5,807.845801,1644,52430573,52.799,random,float32
5,808.365231,9858,52430573,50.514,random,float32
5,808.903055,2301,52430573,54.818,random,float32
5,809.425832,966,52430573,53.025,random,float32
5,809.961187,2690,52430573,52.676,random,float32
5,810.497102,8091,52430573,51.277,random,float32
5,811.038049,2251,52430573,54.827,random,float32
5,811.586946,7976,52430573,56.395,random,float32
5,812.127677,3182,52430573,53.557,random,float32
5,812.683612,9287,52430573,55.933,random,float32
5,813.242784,1772,52430573,55.340,random,float32
5,813.793692,700,52430573,54.221,random,float32
5,814.336759,796,52430573,56.387,random,float32
5,814.892683,3942,52430573,53.605,random,float32
5,815.429859,733,52430573,52.884,random,float32
5,815.966577,937,52430573,51.902,random,float32
5,816.510407,4903,52430573,54.873,random,float32
5,817.052443,4666,52430573,53.476,random,float32
5,817.584005,4438,52430573,51.571,random,float32
5,818.121470,8196,52430573,52.505,random,float32
5,818.648089,5606,52430573,51.864,random,float32
5,819.184511,3800,52430573,55.105,random,float32
5,819.721766,6391,52430573,54.168,random,float32
5,820.254312,9066,52430573,50.941,random,float32
5,820.777555,3511,52430573,53.572,random,float32
5,821.296590,6604,52430573,52.591,random,float32
5,821.827002,1291,52430573,52.389,random,float32
5,822.357252,269,52430573,54.712,random,float32
5,822.890544,2225,52430573,53.458,random,float32
5,823.427619,6470,52430573,54.953,random,float32
5,823.976262,1680,52430573,54.715,random,float32
5,824.515890,28,52430573,53.515,random,float32
5,825.055892,3977,52430573,53.536,random,float32
5,825.606380,5639,52430573,55.849,random,float32
5,826.160281,9824,52430573,55.270,random,float32
5,826.712726,4273,52430573,57.073,random,float32
5,827.262553,2016,52430573,55.451,random,float32
5,827.821279,3973,52430573,58.106,random,float32
5,828.371524,364,52430573,54.193,random,float32
5,828.922050,5274,52430573,55.623,random,float32
5,829.465499,9295,52430573,51.929,random,float32
5,830.019589,933,52430573,55.325,random,float32
5,830.563215,6219,52430573,53.045,random,float32
5,831.109189,6903,52430573,55.327,random,float32
5,831.657930,5999,52430573,54.346,random,float32
5,832.210145,2390,52430573,57.836,random,float32
5,832.764442,9070,52430573,55.517,random,float32
5,833.316399,4821,52430573,53.546,random,float32
5,833.874591,2860,52430573,54.669,random,float32
5,834.415063,1152,52430573,53.568,random,float32
5,834.952681,6535,52430573,54.667,random,float32
5,835.494755,4945,52430573,55.327,random,float32
5,836.049237,5023,52430573,55.466,random,float32
5,836.585491,7298,52430573,52.770,random,float32
5,837.133679,9827,52430573,54.161,random,float32
5,837.690126,4259,52430573,54.840,random,float32
5,838.231102,3588,52430573,56.049,random,float32
5,838.780959,1686,52430573,55.518,random,float32
5,839.332418,806,52430573,54.665,random,float32
5,839.869867,8073,52430573,55.839,random,float32
5,840.415336,4,52430573,53.931,random,float32
5,840.964017,7933,52430573,55.200,random,float32
5,841.513180,473,52430573,55.555,random,float32
5,842.050570,2872,52430573,54.708,random,float32
5,842.593840,7728,52430573,54.289,random,float32
5,843.136339,8314,52430573,55.000,random,float32
5,843.660914,2977,52430573,50.727,random,float32
5,844.192947,8570,52430573,54.348,random,float32
5,844.719980,7493,52430573,52.464,random,float32
5,845.249252,4520,52430573,54.496,random,float32
5,845.783587,9590,52430573,52.526,random,float32
5,846.321587,9873,52430573,53.956,random,float32
5,846.856557,1736,52430573,55.153,random,float32
5,847.395771,7718,52430573,56.118,random,float32
5,847.939836,8151,52430573,49.291,random,float32
5,848.483985,8554,52430573,53.685,random,float32
5,849.032595,8970,52430573,51.959,random,float32
5,849.561386,6406,52430573,50.371,random,float32
5,850.110271,9167,52430573,55.416,random,float32
5,850.655707,8062,52430573,55.163,random,float32
5,851.181588,1351,52430573,52.418,random,float32
5,851.715847,6645,52430573,52.879,random,float32
5,852.268069,3784,52430573,57.277,random,float32
5,852.804401,7563,52430573,54.800,random,float32
5,853.341873,8402,52430573,53.743,random,float32
5,853.893108,65,52430573,54.495,random,float32
5,854.447746,2273,52430573,55.485,random,float32
5,854.988532,5638,52430573,54.927,random,float32
5,855.544286,8121,52430573,53.325,random,float32
5,856.097851,6863,52430573,55.775,random,float32
5,856.653415,4768,52430573,55.016,random,float32
5,857.199470,5917,52430573,53.322,random,float32
5,857.740078,4639,52430573,51.644,random,float32
5,858.288116,5927,52430573,54.083,random,float32
5,858.836653,1470,52430573,54.558,random,float32
5,859.379796,3301,52430573,54.262,random,float32
5,859.914501,3905,52430573,52.924,random,float32
5,860.468108,7265,52430573,55.818,random,float32
5,861.010450,4260,52430573,53.157,random,float32
5,861.536347,8046,52430573,51.609,random,float32
5,862.065704,4143,52430573,49.853,random,float32
5,862.607454,493,52430573,52.363,random,float32
5,863.136998,6010,52430573,52.028,random,float32
5,863.673993,9575,52430573,50.997,random,float32
5,864.194934,8260,52430573,50.608,random,float32
5,864.726033,8716,52430573,52.621,random,float32
5,865.256773,5259,52430573,50.833,random,float32
5,865.786758,5853,52430573,54.560,random,float32
5,866.326960,4759,52430573,53.770,random,float32
5,866.884703,846,52430573,57.143,random,float32
5,867.435565,8546,52430573,54.708,random,float32
5,867.966276,4495,52430573,50.774,random,float32
5,868.494355,9339,52430573,52.389,random,float32
5,869.010742,5693,52430573,52.789,random,float32
5,869.542248,1403,52430573,55.007,random,float32
5,870.076492,5460,52430573,52.266,random,float32
5,870.592443,1742,52430573,52.577,random,float32
5,871.124358,4497,52430573,49.843,random,float32
5,871.652232,2866,52430573,51.731,random,float32
5,872.180870,3572,52430573,55.388,random,float32
5,872.724363,6002,52430573,53.689,random,float32
5,873.251130,7844,52430573,55.710,random,float32
5,873.793712,2924,52430573,53.778,random,float32
5,874.327034,8741,52430573,51.595,random,float32
5,874.861537,8002,52430573,52.402,random,float32
5,875.389828,7928,52430573,53.543,random,float32
5,875.927725,4642,52430573,54.632,random,float32
5,876.474388,7528,52430573,54.834,random,float32
5,877.004269,6555,52430573,54.445,random,float32
5,877.535716,2242,52430573,53.207,random,float32
5,878.081645,6759,52430573,55.121,random,float32
5,878.616824,4277,52430573,54.641,random,float32
5,879.152450,3244,52430573,53.679,random,float32
5,879.686462,1154,52430573,53.884,random,float32
5,880.219556,3729,52430573,53.987,random,float32
5,880.767530,951,52430573,54.991,random,float32
5,881.310475,7724,52430573,55.544,random,float32
5,881.847218,5099,52430573,54.345,random,float32
5,882.386669,4056,52430573,52.597,random,float32
5,882.921619,8020,52430573,51.775,random,float32
5,883.458022,3182,52430573,54.657,random,float32
5,883.995621,1225,52430573,55.966,random,float32
5,884.543567,3722,52430573,57.533,random,float32
5,885.082575,564,52430573,50.419,random,float32
5,885.618217,1585,52430573,53.953,random,float32
5,886.155194,2004,52430573,54.544,random,float32
5,886.687352,588,52430573,52.076,random,float32
5,887.225511,9772,52430573,55.294,random,float32
5,887.765882,2487,52430573,57.428,random,float32
5,888.294270,259,52430573,53.160,random,float32
5,888.822080,9309,52430573,56.061,random,float32
5,889.368690,7679,52430573,54.402,random,float32
5,889.916947,7230,52430573,53.827,random,float32
5,890.455553,1594,52430573,53.243,random,float32
5,890.987247,7475,52430573,53.924,random,float32
5,891.519046,5307,52430573,53.377,random,float32
5,892.060153,660,52430573,55.291,random,float32
5,892.596305,1867,52430573,53.959,random,float32
5,893.129207,1368,52430573,54.886,random,float32
5,893.681107,3150,52430573,55.066,random,float32
5,894.225186,3439,52430573,54.483,random,float32
5,894.770605,9252,52430573,52.987,random,float32
5,895.303825,1851,52430573,50.283,random,float32
5,895.839237,5032,52430573,56.247,random,float32
5,896.367813,8937,52430573,50.596,random,float32
5,896.896303,8028,52430573,52.210,random,float32
5,897.424530,8073,52430573,54.931,random,float32
5,897.946104,7699,52430573,53.030,random,float32
5,898.479339,4067,52430573,53.307,random,float32
5,899.018861,4974,52430573,55.990,random,float32
5,899.568280,8516,52430573,57.822,random,float32
6,300.532253,9883,52430573,53.546,random,float32
6,301.064644,477,52430573,54.518,random,float32
6,301.597933,5536,52430573,49.356,random,float32
6,302.131731,9449,52430573,54.743,random,float32
6,302.658586,7500,52430573,56.342,random,float32
6,303.192624,4259,52430573,54.888,random,float32
6,303.722864,921,52430573,52.775,random,float32
6,304.262204,5840,52430573,52.952,random,float32
6,304.795690,8018,52430573,52.208,random,float32
6,305.336012,103,52430573,53.410,random,float32
6,305.870473,2549,52430573,53.307,random,float32
6,306.418619,2437,52430573,54.024,random,float32
6,306.961687,8003,52430573,51.890,random,float32
6,307.514028,6159,52430573,55.935,random,float32
6,308.064937,1494,52430573,55.059,random,float32
6,308.621317,7096,52430573,55.216,random,float32
6,309.154431,9112,52430573,53.451,random,float32
6,309.691749,2349,52430573,52.404,random,float32
6,310.226849,5761,52430573,51.149,random,float32
6,310.760085,456,52430573,54.488,random,float32
6,311.295648,3205,52430573,52.690,random,float32
6,311.830481,3788,52430573,55.063,random,float32
6,312.368742,5157,52430573,52.502,random,float32
6,312.881918,8698,52430573,53.707,random,float32
6,313.421755,4074,52430573,54.019,random,float32
6,313.956045,1937,52430573,55.318,random,float32
6,314.487768,9904,52430573,53.595,random,float32
6,315.012851,4635,52430573,51.395,random,float32
6,315.546296,1379,52430573,54.484,random,float32
6,316.076617,2938,52430573,51.608,random,float32
6,316.616026,1927,52430573,51.913,random,float32
6,317.152195,8571,52430573,54.735,random,float32
6,317.699393,7490,52430573,55.117,random,float32
6,318.225390,7148,52430573,50.983,random,float32
6,318.757261,5862,52430573,51.056,random,float32
6,319.292344,2543,52430573,52.601,random,float32
6,319.834060,6765,52430573,54.134,random,float32
6,320.374138,5878,52430573,55.334,random,float32
6,320.909847,8891,52430573,52.479,random,float32
6,321.448277,5431,52430573,53.157,random,float32
6,321.984162,9937,52430573,51.823,random,float32
6,322.517554,6219,52430573,51.686,random,float32
6,323.043962,9027,52430573,54.532,random,float32
6,323.567424,6897,52430573,54.704,random,float32
6,324.110003,4778,52430573,56.875,random,float32
6,324.658417,3982,52430573,53.752,random,float32
6,325.218762,676,52430573,52.523,random,float32
6,325.779839,816,52430573,54.031,random,float32
6,326.310626,1837,52430573,52.234,random,float32
6,326.856772,459,52430573,53.456,random,float32
6,327.374696,8519,52430573,53.079,random,float32
6,327.902419,7973,52430573,54.057,random,float32
6,328.433833,9452,52430573,53.347,random,float32
6,328.974295,3305,52430573,55.260,random,float32
6,329.507292,6489,52430573,54.855,random,float32
6,330.038838,9574,52430573,53.332,random,float32
6,330.570307,9026,52430573,52.736,random,float32
6,331.108156,7147,52430573,54.596,random,float32
6,331.634474,7505,52430573,53.874,random,float32
6,332.176361,4621,52430573,55.480,random,float32
6,332.734801,996,52430573,58.932,random,float32
6,333.281190,3652,52430573,55.743,random,float32
6,333.824357,1203,52430573,55.445,random,float32
6,334.363858,7986,52430573,56.244,random,float32
6,334.896232,237,52430573,53.678,random,float32
6,335.432068,4796,52430573,55.286,random,float32
6,335.962864,7351,52430573,50.853,random,float32
6,336.494889,9915,52430573,56.717,random,float32
6,337.030235,7753,52430573,55.229,random,float32
6,337.564995,2890,52430573,54.188,random,float32
6,338.101184,4187,52430573,54.488,random,float32
6,338.639820,1004,52430573,52.624,random,float32
6,339.166006,8760,52430573,53.703,random,float32
6,339.700946,5976,52430573,53.501,random,float32
6,340.228213,5767,52430573,53.894,random,float32
6,340.768241,2961,52430573,56.765,random,float32
6,341.295980,2722,52430573,47.701,random,float32
6,341.827009,2797,52430573,54.232,random,float32
6,342.369691,4959,52430573,54.169,random,float32
6,342.909717,1965,52430573,52.178,random,float32
6,343.444655,7574,52430573,50.712,random,float32
6,343.976832,6704,52430573,49.787,random,float32
6,344.515986,4957,52430573,51.067,random,float32
6,345.047849,4382,52430573,53.565,random,float32
6,345.586536,4825,52430573,57.631,random,float32
6,346.128121,3599,52430573,54.316,random,float32
6,346.661151,3174,52430573,53.414,random,float32
6,347.196366,7745,52430573,52.167,random,float32
6,347.734435,4736,52430573,56.149,random,float32
6,348.291762,1915,52430573,56.373,random,float32
6,348.846105,1858,52430573,55.929,random,float32
6,349.398049,1912,52430573,55.407,random,float32
6,349.938378,4232,52430573,54.924,random,float32
6,350.470261,7700,52430573,49.212,random,float32
6,351.014985,4575,52430573,57.407,random,float32
6,351.546297,434,52430573,55.734,random,float32
6,352.084752,6852,52430573,56.237,random,float32
6,352.619706,7998,52430573,54.758,random,float32
6,353.147483,9554,52430573,54.344,random,float32
6,353.672575,6567,52430573,52.261,random,float32
6,354.211653,4679,52430573,54.331,random,float32
6,354.746794,486,52430573,52.380,random,float32
6,355.285938,8924,52430573,52.432,random,float32
6,355.824513,1585,52430573,52.035,random,float32
6,356.358219,2924,52430573,53.980,random,float32
6,356.894616,1338,52430573,52.373,random,float32
6,357.424310,3386,52430573,55.420,random,float32
6,357.964442,326,52430573,54.254,random,float32
6,358.509093,6541,52430573,55.406,random,float32
6,359.062114,7505,52430573,55.173,random,float32
6,359.622064,5696,52430573,56.791,random,float32
6,360.179256,1044,52430573,52.482,random,float32
6,360.713340,2493,52430573,53.357,random,float32
6,361.250960,9054,52430573,52.431,random,float32
6,361.775266,8656,52430573,53.892,random,float32
6,362.317009,5907,52430573,56.438,random,float32
6,362.845159,4703,52430573,51.414,random,float32
6,363.381570,4633,52430573,51.361,random,float32
6,363.915465,1613,52430573,53.149,random,float32
6,364.448710,2129,52430573,51.554,random,float32
6,364.963515,7456,52430573,54.064,random,float32
6,365.487605,9381,52430573,54.667,random,float32
6,366.016262,2210,52430573,51.865,random,float32
6,366.551701,6077,52430573,54.806,random,float32
6,367.098074,8214,52430573,53.716,random,float32
6,367.640922,6540,52430573,54.561,random,float32
6,368.181057,4657,52430573,54.109,random,float32
6,368.744316,9261,52430573,52.029,random,float32
6,369.267600,1716,52430573,53.902,random,float32
6,369.807386,4799,52430573,54.335,random,float32
6,370.339139,5819,52430573,51.512,random,float32
6,370.875713,2579,52430573,53.901,random,float32
6,371.401578,7902,52430573,52.238,random,float32
6,371.930735,9466,52430573,49.849,random,float32
6,372.460474,3200,52430573,53.313,random,float32
6,372.991198,8703,52430573,52.054,random,float32
6,373.526199,9611,52430573,52.420,random,float32
6,374.067404,7087,52430573,55.060,random,float32
6,374.612410,2819,52430573,54.107,random,float32
6,375.146432,6536,52430573,51.927,random,float32
6,375.681000,9925,52430573,53.861,random,float32
6,376.210846,4699,52430573,54.274,random,float32
6,376.744307,60,52430573,50.411,random,float32
6,377.272506,9840,52430573,50.535,random,float32
6,377.812146,9548,52430573,56.073,random,float32
6,378.342498,7918,52430573,49.266,random,float32
6,378.876678,1374,52430573,53.867,random,float32
6,379.411945,6952,52430573,55.771,random,float32
6,379.942535,6160,52430573,52.204,random,float32
6,380.475174,820,52430573,52.396,random,float32
6,381.007021,5134,52430573,55.097,random,float32
6,381.549647,1916,52430573,52.648,random,float32
6,382.082567,4539,52430573,55.182,random,float32
6,382.611588,8609,52430573,53.122,random,float32
6,383.142788,3402,52430573,51.921,random,float32
6,383.682039,1027,52430573,54.401,random,float32
6,384.208048,7039,52430573,52.561,random,float32
6,384.741956,515,52430573,52.376,random,float32
6,385.281343,4552,52430573,53.670,random,float32
6,385.820194,9547,52430573,51.888,random,float32
6,386.349992,6547,52430573,53.968,random,float32
6,386.886425,6049,52430573,53.661,random,float32
6,387.424196,1391,52430573,53.273,random,float32
6,387.948938,7370,52430573,53.727,random,float32
6,388.487895,451,52430573,56.594,random,float32
6,389.025167,2140,52430573,52.102,random,float32
6,389.551734,6506,52430573,51.430,random,float32
6,390.090540,8203,52430573,55.377,random,float32
6,390.629079,7975,52430573,51.337,random,float32
6,391.164237,1272,52430573,51.699,random,float32
6,391.694979,9192,52430573,53.958,random,float32
6,392.226795,2546,52430573,52.513,random,float32
6,392.760799,2592,52430573,53.123,random,float32
6,393.312689,3125,52430573,56.252,random,float32
6,393.864436,7738,52430573,54.986,random,float32
6,394.395626,3267,52430573,54.064,random,float32
6,394.920290,6499,52430573,51.696,random,float32
6,395.450238,5089,52430573,49.058,random,float32
6,395.976296,1249,52430573,53.037,random,float32
6,396.503026,4686,52430573,52.327,random,float32
6,397.034932,7113,52430573,54.272,random,float32
6,397.555525,1131,52430573,51.542,random,float32
6,398.078443,4916,52430573,52.966,random,float32
6,398.601990,2410,52430573,49.960,random,float32
6,399.136130,8814,52430573,54.785,random,float32
6,399.664035,248,52430573,53.743,random,float32
6,400.200420,2483,52430573,53.723,random,float32
6,400.729308,2116,52430573,53.899,random,float32
6,401.264933,7812,52430573,52.790,random,float32
6,401.791779,8264,52430573,51.055,random,float32
6,402.323430,2737,52430573,51.448,random,float32
6,402.863243,2744,52430573,55.018,random,float32
6,403.398806,3521,52430573,51.441,random,float32
6,403.936286,1777,52430573,54.079,random,float32
6,404.478482,6589,52430573,54.440,random,float32
6,405.016844,7102,52430573,54.293,random,float32
6,405.572605,2128,52430573,56.435,random,float32
6,406.118803,4957,52430573,53.917,random,float32
6,406.670316,1651,52430573,55.618,random,float32
6,407.228428,6400,52430573,53.648,random,float32
6,407.769766,9843,52430573,54.954,random,float32
6,408.306636,8289,52430573,53.822,random,float32
6,408.848878,4140,52430573,55.474,random,float32
6,409.387882,3249,52430573,51.879,random,float32
6,409.922743,5312,52430573,53.407,random,float32
6,410.461911,378,52430573,53.121,random,float32
6,411.003138,2062,52430573,53.687,random,float32
6,411.542311,4370,52430573,52.587,random,float32
6,412.069958,4385,52430573,55.579,random,float32
6,412.613524,1031,52430573,55.287,random,float32
6,413.148097,854,52430573,54.512,random,float32
6,413.684628,2986,52430573,54.437,random,float32
6,414.217886,2968,52430573,54.607,random,float32
6,414.755009,7664,52430573,51.307,random,float32
6,415.291978,5876,52430573,52.268,random,float32
6,415.823724,6617,52430573,53.066,random,float32
6,416.360198,6288,52430573,53.456,random,float32
6,416.893139,3973,52430573,53.345,random,float32
6,417.423164,8793,52430573,53.142,random,float32
6,417.961366,3595,52430573,54.253,random,float32
6,418.483960,9469,52430573,54.442,random,float32
6,419.026941,2808,52430573,52.268,random,float32
6,419.561301,8009,52430573,52.833,random,float32
6,420.088335,8171,52430573,52.595,random,float32
6,420.613353,1405,52430573,50.890,random,float32
6,421.143003,6818,52430573,53.795,random,float32
6,421.666615,657,52430573,51.631,random,float32
6,422.194383,1198,52430573,54.898,random,float32
6,422.723414,7722,52430573,55.003,random,float32
6,423.239182,7080,52430573,54.432,random,float32
6,423.774020,3120,52430573,51.296,random,float32
6,424.301100,5168,52430573,48.668,random,float32
6,424.850107,1713,52430573,52.588,random,float32
6,425.386429,7991,52430573,53.274,random,float32
6,425.919396,5500,52430573,50.577,random,float32
6,426.455865,7058,52430573,51.479,random,float32
6,427.011602,3616,52430573,56.424,random,float32
6,427.572667,7589,52430573,56.074,random,float32
6,428.118271,6321,52430573,54.410,random,float32
6,428.655231,8992,52430573,52.617,random,float32
6,429.181320,6700,52430573,54.176,random,float32
6,429.732974,6173,52430573,57.762,random,float32
6,430.278928,9561,52430573,53.713,random,float32
6,430.818014,5495,52430573,53.026,random,float32
6,431.355817,5161,52430573,53.199,random,float32
6,431.880350,3697,52430573,52.599,random,float32
6,432.410202,4512,52430573,53.240,random,float32
6,432.946303,5485,52430573,54.380,random,float32
6,433.487312,2025,52430573,54.279,random,float32
6,434.023071,2059,52430573,55.259,random,float32
6,434.569735,5005,52430573,55.562,random,float32
6,435.105450,450,52430573,51.858,random,float32
6,435.637569,7464,52430573,51.923,random,float32
6,436.164713,2168,52430573,53.157,random,float32
6,436.711741,2328,52430573,55.685,random,float32
6,437.253528,9656,52430573,55.690,random,float32
6,437.789269,9079,52430573,54.005,random,float32
6,438.313257,8824,52430573,50.367,random,float32
6,438.841433,586,52430573,54.830,random,float32
6,439.373777,5965,52430573,52.215,random,float32
6,439.901175,159,52430573,54.731,random,float32
6,440.428521,2076,52430573,51.583,random,float32
6,440.965052,4229,52430573,54.934,random,float32
6,441.499881,4295,52430573,54.597,random,float32
6,442.031053,7228,52430573,55.428,random,float32
6,442.558154,5220,52430573,51.381,random,float32
6,443.097395,9628,52430573,53.251,random,float32
6,443.630839,3518,52430573,51.742,random,float32
6,444.165640,8780,52430573,53.094,random,float32
6,444.694997,1410,52430573,53.006,random,float32
6,445.228066,2376,52430573,55.945,random,float32
6,445.769656,6800,52430573,53.625,random,float32
6,446.295520,9436,52430573,50.665,random,float32
6,446.846655,9155,52430573,54.545,random,float32
6,447.394565,4425,52430573,51.719,random,float32
6,447.947833,7036,52430573,55.499,random,float32
6,448.491514,6104,52430573,52.375,random,float32
6,449.037394,6814,52430573,53.674,random,float32
6,449.592556,384,52430573,52.891,random,float32
6,450.144844,1936,52430573,55.325,random,float32
6,450.673319,4026,52430573,55.279,random,float32
6,451.206535,739,52430573,53.445,random,float32
6,451.759492,3158,52430573,57.563,random,float32
6,452.311222,9953,52430573,54.459,random,float32
6,452.855675,1551,52430573,53.961,random,float32
6,453.416129,3038,52430573,53.183,random,float32
6,453.968503,1285,52430573,59.660,random,float32
6,454.509594,3035,52430573,56.841,random,float32
6,455.064817,6715,52430573,53.647,random,float32
6,455.622212,3191,52430573,54.610,random,float32
6,456.183056,5129,52430573,57.177,random,float32
6,456.741216,9235,52430573,55.294,random,float32
6,457.275844,3120,52430573,52.306,random,float32
6,457.805745,3040,52430573,53.663,random,float32
6,458.335625,7364,52430573,52.968,random,float32
6,458.863481,8586,52430573,50.358,random,float32
6,459.397956,924,52430573,53.325,random,float32
6,459.956060,8356,52430573,57.134,random,float32
6,460.521911,8839,52430573,56.736,random,float32
6,461.073877,3460,52430573,52.890,random,float32
6,461.612537,1835,52430573,51.455,random,float32
6,462.152872,6982,52430573,53.374,random,float32
6,462.692616,4466,52430573,54.654,random,float32
6,463.237693,329,52430573,55.204,random,float32
6,463.776345,6275,52430573,53.614,random,float32
6,464.310902,1325,52430573,52.085,random,float32
6,464.847498,7049,52430573,52.445,random,float32
6,465.405184,5751,52430573,53.978,random,float32
6,465.951414,1917,52430573,55.157,random,float32
6,466.482642,3001,52430573,51.500,random,float32
6,467.012035,7810,52430573,53.682,random,float32
6,467.554822,7860,52430573,54.166,random,float32
6,468.101025,8788,52430573,50.521,random,float32
6,468.649109,30,52430573,57.414,random,float32
6,469.228294,580,52430573,60.111,random,float32
6,469.788604,7971,52430573,52.357,random,float32
6,470.321464,1566,52430573,55.476,random,float32
6,470.855166,7928,52430573,50.373,random,float32
6,471.390538,3077,52430573,53.739,random,float32
6,471.928756,4559,52430573,53.644,random,float32
6,472.468133,1703,52430573,52.345,random,float32
6,473.002838,7931,52430573,54.240,random,float32
6,473.537660,2658,52430573,52.515,random,float32
6,474.072630,5433,52430573,53.794,random,float32
6,474.603136,5840,52430573,52.816,random,float32
6,475.135922,832,52430573,55.123,random,float32
6,475.675694,7324,52430573,54.439,random,float32
6,476.213079,5656,52430573,51.977,random,float32
6,476.749811,5443,52430573,54.500,random,float32
6,477.283373,5631,52430573,52.982,random,float32
6,477.819994,4595,52430573,53.932,random,float32
6,478.352793,7385,52430573,52.379,random,float32
6,478.891656,2390,52430573,54.781,random,float32
6,479.426431,6188,52430573,54.030,random,float32
6,479.964466,7968,52430573,54.515,random,float32
6,480.487915,6173,52430573,53.417,random,float32
6,481.011757,1728,52430573,51.414,random,float32
6,481.536558,9924,52430573,53.213,random,float32
6,482.070949,9075,52430573,52.565,random,float32
6,482.604828,8559,52430573,51.289,random,float32
6,483.133980,9538,52430573,54.742,random,float32
6,483.671574,3441,52430573,56.758,random,float32
6,484.204171,414,52430573,52.501,random,float32
6,484.737302,8066,52430573,54.630,random,float32
6,485.270532,213,52430573,52.462,random,float32
6,485.803336,1907,52430573,54.400,random,float32
6,486.328417,2307,52430573,51.393,random,float32
6,486.853456,7153,52430573,51.340,random,float32
6,487.373167,1799,52430573,54.237,random,float32
6,487.916383,7718,52430573,56.170,random,float32
6,488.445285,9327,52430573,54.094,random,float32
6,488.971477,2187,52430573,54.216,random,float32
6,489.502479,8824,52430573,52.231,random,float32
6,490.032584,1325,52430573,51.540,random,float32
6,490.557098,2634,52430573,53.383,random,float32
6,491.088929,5719,52430573,53.014,random,float32
6,491.616697,3798,52430573,54.282,random,float32
6,492.136002,2664,52430573,51.537,random,float32
6,492.673392,255,52430573,54.640,random,float32
6,493.217066,4860,52430573,55.452,random,float32
6,493.785293,7797,52430573,56.136,random,float32
6,494.351398,2694,52430573,53.449,random,float32
6,494.916579,4219,52430573,57.417,random,float32
6,495.462460,7861,52430573,53.449,random,float32
6,495.987676,8354,52430573,53.129,random,float32
6,496.504957,727,52430573,51.555,random,float32
6,497.037930,7676,52430573,53.945,random,float32
6,497.569458,9362,52430573,51.340,random,float32
6,498.110684,8404,52430573,54.049,random,float32
6,498.652731,4520,52430573,54.141,random,float32
6,499.193055,8506,52430573,54.389,random,float32
6,499.723075,6395,52430573,50.116,random,float32
6,500.250493,4971,52430573,52.768,random,float32
6,500.789044,3133,52430573,53.739,random,float32
6,501.329175,4032,52430573,53.307,random,float32
6,501.868392,2305,52430573,57.031,random,float32
6,502.400589,1464,52430573,52.854,random,float32
6,502.931495,1506,52430573,53.518,random,float32
6,503.466085,8458,52430573,54.205,random,float32
6,504.003389,3650,52430573,49.870,random,float32
6,504.536692,3336,52430573,53.552,random,float32
6,505.066297,7455,52430573,53.415,random,float32
6,505.599742,4419,52430573,52.592,random,float32
6,506.129384,3134,52430573,53.360,random,float32
6,506.661850,1453,52430573,55.949,random,float32
6,507.197811,5671,52430573,52.234,random,float32
6,507.720445,7,52430573,54.687,random,float32
6,508.265421,462,52430573,52.928,random,float32
6,508.803067,9252,52430573,54.666,random,float32
6,509.344880,9373,52430573,52.813,random,float32
6,509.883765,5700,52430573,55.246,random,float32
6,510.420412,4204,52430573,53.938,random,float32
6,510.956313,796,52430573,55.004,random,float32
6,511.500439,4317,52430573,55.189,random,float32
6,512.036236,8513,52430573,53.736,random,float32
6,512.572683,1525,52430573,56.252,random,float32
6,513.094951,1522,52430573,50.912,random,float32
6,513.625428,9763,52430573,51.370,random,float32
6,514.152469,118,52430573,52.262,random,float32
6,514.690639,9340,52430573,51.573,random,float32
6,515.233165,7469,52430573,54.415,random,float32
6,515.768345,9925,52430573,54.879,random,float32
6,516.294926,518,52430573,52.990,random,float32
6,516.823062,8361,52430573,54.767,random,float32
6,517.356727,132,52430573,54.838,random,float32
6,517.878077,8593,52430573,51.150,random,float32
6,518.418217,8783,52430573,54.686,random,float32
6,518.950009,865,52430573,55.476,random,float32
6,519.481686,8823,52430573,52.865,random,float32
6,519.999470,6718,52430573,52.610,random,float32
6,520.518695,1447,52430573,52.177,random,float32
6,521.052874,3565,52430573,52.648,random,float32
6,521.588255,8081,52430573,56.238,random,float32
6,522.112739,6052,52430573,52.171,random,float32
6,522.644941,3717,52430573,53.145,random,float32
6,523.168597,9281,52430573,53.116,random,float32
6,523.708539,8953,52430573,52.569,random,float32
6,524.246175,5600,52430573,53.417,random,float32
6,524.781421,1404,52430573,52.316,random,float32
6,525.305660,6865,52430573,54.318,random,float32
6,525.830634,2714,52430573,51.455,random,float32
6,526.355780,9086,52430573,51.187,random,float32
6,526.894172,1395,52430573,54.614,random,float32
6,527.432493,4495,52430573,52.907,random,float32
6,527.993753,9956,52430573,56.957,random,float32
6,528.553302,1447,52430573,54.697,random,float32
6,529.096650,4305,52430573,52.849,random,float32
6,529.636708,6732,52430573,49.529,random,float32
6,530.181340,9938,52430573,53.730,random,float32
6,530.712894,3554,52430573,54.150,random,float32
6,531.235281,1636,52430573,54.606,random,float32
6,531.765882,8397,52430573,54.813,random,float32
6,532.301385,8535,52430573,53.644,random,float32
6,532.831038,8532,52430573,53.343,random,float32
6,533.357961,4781,52430573,55.329,random,float32
6,533.894823,5253,52430573,52.456,random,float32
6,534.429271,4,52430573,53.088,random,float32
6,534.975493,6737,52430573,55.179,random,float32
6,535.523035,2015,52430573,55.207,random,float32
6,536.060195,3606,52430573,54.541,random,float32
6,536.606625,3841,52430573,56.365,random,float32
6,537.154789,9133,52430573,52.961,random,float32
6,537.701351,5529,52430573,53.122,random,float32
6,538.253335,6409,52430573,53.982,random,float32
6,538.796412,7022,52430573,52.671,random,float32
6,539.344637,4652,52430573,53.327,random,float32
6,539.875728,1135,52430573,53.606,random,float32
6,540.421353,6934,52430573,63.745,random,float32
6,540.951123,9069,52430573,53.569,random,float32
6,541.505315,8422,52430573,56.322,random,float32
6,542.053147,9595,52430573,54.743,random,float32
6,542.605000,3678,52430573,51.592,random,float32
6,543.140090,4882,52430573,55.798,random,float32
6,543.683201,7430,52430573,54.541,random,float32
6,544.216418,2564,52430573,52.895,random,float32
6,544.746310,8577,52430573,52.121,random,float32
6,545.268700,7247,52430573,55.212,random,float32
6,545.803166,5817,52430573,52.992,random,float32
6,546.334111,3846,52430573,51.160,random,float32
6,546.862426,309,52430573,51.186,random,float32
6,547.390102,2965,52430573,52.956,random,float32
6,547.923257,6043,52430573,51.910,random,float32
6,548.452796,9531,52430573,53.537,random,float32
6,548.984578,8099,52430573,54.143,random,float32
6,549.510810,8455,52430573,48.729,random,float32
6,550.051191,4722,52430573,53.419,random,float32
6,550.580566,3916,52430573,51.351,random,float32
6,551.121426,6051,52430573,54.948,random,float32
6,551.676937,9094,52430573,56.056,random,float32
6,552.207960,1396,52430573,56.183,random,float32
6,552.750888,7680,52430573,52.132,random,float32
6,553.290723,8091,52430573,52.108,random,float32
6,553.821365,1119,52430573,53.916,random,float32
6,554.350727,9679,52430573,53.437,random,float32
6,554.888278,3968,52430573,53.977,random,float32
6,555.425094,4723,52430573,51.687,random,float32
6,555.971459,1623,52430573,53.029,random,float32
6,556.514919,5464,52430573,53.323,random,float32
6,557.053751,9227,52430573,54.577,random,float32
6,557.592356,2879,52430573,54.281,random,float32
6,558.135882,2813,52430573,53.927,random,float32
6,558.675362,1947,52430573,52.128,random,float32
6,559.216403,4512,52430573,55.243,random,float32
6,559.749685,5471,52430573,51.862,random,float32
6,560.290751,7092,52430573,54.253,random,float32
6,560.823483,8923,52430573,54.035,random,float32
6,561.363838,1049,52430573,54.129,random,float32
6,561.916749,1759,52430573,55.358,random,float32
6,562.478303,7501,52430573,54.648,random,float32
6,563.019254,3956,52430573,54.522,random,float32
6,563.559344,7769,52430573,53.336,random,float32
6,564.092245,9828,52430573,54.505,random,float32
6,564.624036,9282,52430573,54.121,random,float32
6,565.153176,7255,52430573,52.958,random,float32
6,565.692156,1429,52430573,54.948,random,float32
6,566.239289,8121,52430573,53.292,random,float32
6,566.781944,9568,52430573,54.530,random,float32
6,567.329614,4761,52430573,54.783,random,float32
6,567.858761,6258,52430573,50.558,random,float32
6,568.405286,4577,52430573,53.675,random,float32
6,568.953837,5982,52430573,55.840,random,float32
6,569.504414,151,52430573,53.863,random,float32
6,570.056207,5631,52430573,53.760,random,float32
6,570.594125,6090,52430573,53.767,random,float32
6,571.130391,5607,52430573,53.017,random,float32
6,571.670350,9201,52430573,55.188,random,float32
6,572.213423,733,52430573,54.788,random,float32
6,572.751772,9337,52430573,52.886,random,float32
6,573.277909,6273,52430573,52.693,random,float32
6,573.811867,8552,52430573,54.374,random,float32
6,574.338012,3726,52430573,53.053,random,float32
6,574.866413,5142,52430573,52.415,random,float32
6,575.390476,7716,52430573,52.017,random,float32
6,575.915248,6023,52430573,49.700,random,float32
6,576.449857,5036,52430573,50.274,random,float32
6,576.981388,6087,52430573,50.465,random,float32
6,577.511936,7522,52430573,52.032,random,float32
6,578.040459,1552,52430573,53.081,random,float32
6,578.564508,6880,52430573,54.077,random,float32
6,579.079814,7365,52430573,49.780,random,float32
6,579.616284,6008,52430573,53.559,random,float32
6,580.135510,7783,52430573,52.377,random,float32
6,580.665899,8375,52430573,47.720,random,float32
6,581.188170,78,52430573,52.366,random,float32
6,581.712523,5071,52430573,54.473,random,float32
6,582.244543,6645,52430573,51.909,random,float32
6,582.776222,5018,52430573,54.276,random,float32
6,583.314136,6910,52430573,55.780,random,float32
6,583.842003,3130,52430573,53.285,random,float32
6,584.368686,810,52430573,52.541,random,float32
6,584.890148,7750,52430573,55.214,random,float32
6,585.427696,7241,52430573,55.635,random,float32
6,585.950697,8043,52430573,54.169,random,float32
6,586.479417,8377,52430573,52.546,random,float32
6,587.004798,4740,52430573,56.076,random,float32
6,587.520877,3378,52430573,50.322,random,float32
6,588.050865,5904,52430573,50.927,random,float32
6,588.580777,9377,52430573,52.936,random,float32
6,589.109904,8236,52430573,53.887,random,float32
6,589.635991,9707,52430573,53.525,random,float32
6,590.168253,2610,52430573,48.778,random,float32
6,590.695185,9973,52430573,50.747,random,float32
6,591.227087,1444,52430573,54.024,random,float32
6,591.748386,3573,52430573,52.491,random,float32
6,592.268530,8177,52430573,51.952,random,float32
6,592.793952,7372,52430573,51.485,random,float32
6,593.331146,4697,52430573,53.070,random,float32
6,593.845179,2883,52430573,49.177,random,float32
6,594.373846,6463,52430573,52.036,random,float32
6,594.916240,8001,52430573,54.568,random,float32
6,595.453656,5159,52430573,54.777,random,float32
6,596.019262,2608,52430573,54.869,random,float32
6,596.577184,830,52430573,55.366,random,float32
6,597.114244,1568,52430573,54.023,random,float32
6,597.653210,7520,52430573,54.025,random,float32
6,598.187171,1702,52430573,47.097,random,float32
6,598.720638,7936,52430573,55.401,random,float32
6,599.267168,8301,52430573,57.377,random,float32
6,599.815097,3958,52430573,55.614,random,float32
6,600.368454,4225,52430573,55.496,random,float32
6,600.922273,4372,52430573,53.232,random,float32
6,601.455019,2467,52430573,52.457,random,float32
6,601.987456,4499,52430573,51.199,random,float32
6,602.524963,5250,52430573,53.715,random,float32
6,603.079437,6889,52430573,56.115,random,float32
6,603.622894,3807,52430573,54.140,random,float32
6,604.162160,3496,52430573,53.748,random,float32
6,604.706649,9299,52430573,53.154,random,float32
6,605.257766,2405,52430573,55.995,random,float32
6,605.809856,9252,52430573,54.868,random,float32
6,606.336930,1394,52430573,53.696,random,float32
6,606.874977,215,52430573,52.998,random,float32
6,607.404915,4325,52430573,51.052,random,float32
6,607.942585,6592,52430573,52.724,random,float32
6,608.476643,865,52430573,52.931,random,float32
6,609.003258,3591,52430573,53.858,random,float32
6,609.539353,5606,52430573,53.132,random,float32
6,610.074833,4220,52430573,54.112,random,float32
6,610.605202,9270,52430573,53.633,random,float32
6,611.144873,8693,52430573,55.794,random,float32
6,611.675671,4766,52430573,52.943,random,float32
6,612.201586,4387,52430573,53.331,random,float32
6,612.732521,2265,52430573,51.505,random,float32
6,613.262909,8864,52430573,50.888,random,float32
6,613.800474,8081,52430573,53.780,random,float32
6,614.338242,7222,52430573,55.725,random,float32
6,614.874897,2834,52430573,53.407,random,float32
6,615.405204,3719,52430573,52.764,random,float32
6,615.938738,1626,52430573,51.900,random,float32
6,616.481174,9201,52430573,54.918,random,float32
6,617.016506,8487,52430573,54.632,random,float32
6,617.554296,14,52430573,54.582,random,float32
6,618.079157,1614,52430573,53.463,random,float32
6,618.608581,744,52430573,52.587,random,float32
6,619.140402,9210,52430573,54.317,random,float32
6,619.666942,6949,52430573,51.795,random,float32
6,620.219972,6147,52430573,56.826,random,float32
6,620.782877,2704,52430573,53.664,random,float32
6,621.327646,8634,52430573,55.564,random,float32
6,621.870405,9665,52430573,54.815,random,float32
6,622.417531,5624,52430573,53.035,random,float32
6,622.971900,4997,52430573,56.698,random,float32
6,623.536744,5232,52430573,56.166,random,float32
6,624.098117,8454,52430573,56.721,random,float32
6,624.651745,9764,52430573,52.695,random,float32
6,625.203410,5411,52430573,55.774,random,float32
6,625.753392,5018,52430573,56.140,random,float32
6,626.306163,1761,52430573,56.074,random,float32
6,626.842324,2807,52430573,53.482,random,float32
6,627.369742,2897,52430573,53.690,random,float32
6,627.909862,6735,52430573,54.159,random,float32
6,628.456735,5438,52430573,56.066,random,float32
6,629.002467,921,52430573,51.357,random,float32
6,629.541708,2516,52430573,55.547,random,float32
6,630.091129,6562,52430573,53.909,random,float32
6,630.638253,898,52430573,55.868,random,float32
6,631.173811,51,52430573,52.866,random,float32
6,631.714906,3451,52430573,54.584,random,float32
6,632.275746,2429,52430573,54.933,random,float32
6,632.807372,1819,52430573,53.940,random,float32
6,633.344764,8622,52430573,55.972,random,float32
6,633.895112,4788,52430573,52.297,random,float32
6,634.442391,7581,52430573,53.089,random,float32
6,634.992777,368,52430573,56.495,random,float32
6,635.537721,5183,52430573,53.094,random,float32
6,636.076895,9156,52430573,54.067,random,float32
6,636.613200,7619,52430573,54.141,random,float32
6,637.152398,6498,52430573,53.959,random,float32
6,637.689625,61,52430573,52.662,random,float32
6,638.214724,1092,52430573,51.684,random,float32
6,638.751396,8779,52430573,54.333,random,float32
6,639.295665,9783,52430573,55.368,random,float32
6,639.836161,8580,52430573,56.942,random,float32
6,640.382614,8878,52430573,51.525,random,float32
6,640.932053,411,52430573,55.762,random,float32
6,641.470530,7524,52430573,53.721,random,float32
6,642.012439,9740,52430573,50.924,random,float32
6,642.547695,3914,52430573,55.404,random,float32
6,643.095783,1929,52430573,53.168,random,float32
6,643.633971,9937,52430573,52.195,random,float32
6,644.183236,473,52430573,55.266,random,float32
6,644.727533,5205,52430573,54.342,random,float32
6,645.262834,6955,52430573,53.385,random,float32
6,645.799691,8125,52430573,54.044,random,float32
6,646.339883,4498,52430573,53.704,random,float32
6,646.866664,7782,52430573,50.481,random,float32
6,647.398292,2606,52430573,53.264,random,float32
6,647.926277,5245,52430573,50.560,random,float32
6,648.454175,2091,52430573,54.475,random,float32
6,648.990045,7486,52430573,53.507,random,float32
6,649.525977,6412,52430573,54.192,random,float32
6,650.069288,6798,52430573,55.170,random,float32
6,650.604252,9560,52430573,51.142,random,float32
6,651.136829,9487,52430573,54.221,random,float32
6,651.670028,560,52430573,53.971,random,float32
6,652.210653,3090,52430573,56.926,random,float32
6,652.754975,3591,52430573,54.270,random,float32
6,653.291221,3056,52430573,53.636,random,float32
6,653.839064,7378,52430573,53.485,random,float32
6,654.387355,2019,52430573,57.373,random,float32
6,654.932149,2757,52430573,55.008,random,float32
6,655.474074,7933,52430573,55.171,random,float32
6,656.017301,7044,52430573,51.341,random,float32
6,656.571656,3520,52430573,55.517,random,float32
6,657.114447,7933,52430573,54.529,random,float32
6,657.667829,392,52430573,55.478,random,float32
6,658.206236,1460,52430573,52.110,random,float32
6,658.743936,3870,52430573,52.614,random,float32
6,659.291252,1789,52430573,52.711,random,float32
6,659.832933,8410,52430573,55.363,random,float32
6,660.383928,6875,52430573,55.024,random,float32
6,660.928213,9599,52430573,55.021,random,float32
6,661.468523,8230,52430573,54.354,random,float32
6,661.999760,307,52430573,51.466,random,float32
6,662.533540,3796,52430573,52.235,random,float32
6,663.060577,7961,52430573,50.890,random,float32
6,663.588195,9404,52430573,50.759,random,float32
6,664.115930,4232,52430573,53.140,random,float32
6,664.666835,1018,52430573,55.852,random,float32
6,665.204696,600,52430573,54.239,random,float32
6,665.756316,6252,52430573,53.319,random,float32
6,666.292440,2143,52430573,54.481,random,float32
6,666.837246,9773,52430573,53.882,random,float32
6,667.394045,9845,52430573,54.498,random,float32
6,667.933242,2781,52430573,54.554,random,float32
6,668.461810,7527,52430573,55.790,random,float32
6,669.003542,6900,52430573,54.162,random,float32
6,669.530793,966,52430573,50.895,random,float32
6,670.063292,4754,52430573,53.719,random,float32
6,670.593810,9191,52430573,51.078,random,float32
6,671.134810,2852,52430573,55.223,random,float32
6,671.679870,9983,52430573,52.915,random,float32
6,672.216615,4566,52430573,55.753,random,float32
6,672.764679,5382,52430573,52.239,random,float32
6,673.308564,1648,52430573,53.410,random,float32
6,673.839528,6601,52430573,52.557,random,float32
6,674.374442,8401,52430573,55.571,random,float32
6,674.910299,7369,52430573,54.207,random,float32
6,675.436295,705,52430573,52.635,random,float32
6,675.963096,3126,52430573,55.737,random,float32
6,676.499366,5771,52430573,54.050,random,float32
6,677.031527,79,52430573,51.585,random,float32
6,677.573356,5181,52430573,54.669,random,float32
6,678.113903,3922,52430573,53.807,random,float32
6,678.641656,5820,52430573,54.445,random,float32
6,679.180690,8761,52430573,54.262,random,float32
6,679.710304,3697,52430573,51.744,random,float32
6,680.236584,7063,52430573,52.598,random,float32
6,680.773467,8719,52430573,54.507,random,float32
6,681.320766,5755,52430573,53.964,random,float32
6,681.862165,2663,52430573,51.217,random,float32
6,682.395600,5101,52430573,52.360,random,float32
6,682.932467,9101,52430573,53.513,random,float32
6,683.475456,6366,52430573,54.308,random,float32
6,684.009673,6588,52430573,52.438,random,float32
6,684.534929,1511,52430573,52.504,random,float32
6,685.065212,4891,52430573,52.718,random,float32
6,685.597462,3160,52430573,53.814,random,float32
6,686.139803,3233,52430573,51.757,random,float32
6,686.679790,3235,52430573,54.546,random,float32
6,687.217355,5995,52430573,57.407,random,float32
6,687.753754,9904,52430573,55.881,random,float32
6,688.286253,905,52430573,53.101,random,float32
6,688.838599,9092,52430573,56.567,random,float32
6,689.385378,4541,52430573,53.844,random,float32
6,689.944528,7962,52430573,57.246,random,float32
6,690.494174,7741,52430573,54.951,random,float32
6,691.041420,6181,52430573,54.215,random,float32
6,691.589383,2876,52430573,55.429,random,float32
6,692.130122,882,52430573,55.146,random,float32
6,692.666081,7728,52430573,53.823,random,float32
6,693.210321,4892,52430573,55.567,random,float32
6,693.737242,1029,52430573,53.630,random,float32
6,694.272940,530,52430573,51.186,random,float32
6,694.807381,3142,52430573,54.688,random,float32
6,695.350595,3956,52430573,54.084,random,float32
6,695.884168,7140,52430573,54.454,random,float32
6,696.432586,7257,52430573,52.893,random,float32
6,696.982532,6211,52430573,53.987,random,float32
6,697.514082,5264,52430573,53.967,random,float32
6,698.051541,5800,52430573,55.727,random,float32
6,698.604068,9647,52430573,55.156,random,float32
6,699.143663,7888,52430573,52.616,random,float32
6,699.672546,6647,52430573,52.684,random,float32
6,700.228755,3594,52430573,57.203,random,float32
6,700.784243,1780,52430573,54.236,random,float32
6,701.313933,6045,52430573,52.057,random,float32
6,701.842532,3095,52430573,53.016,random,float32
6,702.372885,9429,52430573,51.960,random,float32
6,702.902884,6201,52430573,53.049,random,float32
6,703.431850,6741,52430573,52.545,random,float32
6,703.977801,135,52430573,54.601,random,float32
6,704.525906,4903,52430573,57.479,random,float32
6,705.068547,3876,52430573,53.634,random,float32
6,705.608728,5609,52430573,55.425,random,float32
6,706.136846,8839,52430573,50.155,random,float32
6,706.675246,255,52430573,55.541,random,float32
6,707.226340,6723,52430573,53.647,random,float32
6,707.761053,9873,52430573,52.343,random,float32
6,708.301236,8469,52430573,54.649,random,float32
6,708.846344,5974,52430573,53.078,random,float32
6,709.388311,5464,52430573,54.433,random,float32
6,709.927452,8057,52430573,55.559,random,float32
6,710.480719,2103,52430573,56.145,random,float32
6,711.014605,7334,52430573,55.672,random,float32
6,711.558986,5073,52430573,54.425,random,float32
6,712.096706,7827,52430573,54.086,random,float32
6,712.640221,8557,52430573,55.510,random,float32
6,713.165125,9678,52430573,54.628,random,float32
6,713.695187,4989,52430573,53.630,random,float32
6,714.227427,6588,52430573,52.881,random,float32
6,714.763082,1561,52430573,54.680,random,float32
6,715.312228,6256,52430573,57.967,random,float32
6,715.859487,8831,52430573,53.789,random,float32
6,716.395232,5729,52430573,52.632,random,float32
6,716.920974,6034,52430573,54.093,random,float32
6,717.453480,3687,52430573,51.173,random,float32
6,717.988333,9281,52430573,49.483,random,float32
6,718.518156,247,52430573,52.612,random,float32
6,719.055988,8607,52430573,52.712,random,float32
6,719.583975,7195,52430573,54.009,random,float32
6,720.115424,1198,52430573,55.410,random,float32
6,720.653002,5277,52430573,54.142,random,float32
6,721.186331,7085,52430573,50.523,random,float32
6,721.717670,2603,52430573,56.558,random,float32
6,722.253299,5790,52430573,52.491,random,float32
6,722.776153,3815,52430573,47.569,random,float32
6,723.291265,2413,52430573,53.448,random,float32
6,723.820132,3660,52430573,53.726,random,float32
6,724.341912,7739,52430573,52.475,random,float32
6,724.865867,7364,52430573,52.666,random,float32
6,725.387129,4762,52430573,51.699,random,float32
6,725.917013,9076,52430573,52.265,random,float32
6,726.447117,1122,52430573,52.044,random,float32
6,726.979650,125,52430573,55.008,random,float32
6,727.506887,5845,52430573,54.229,random,float32
6,728.029796,3226,52430573,53.916,random,float32
6,728.544104,7810,52430573,52.942,random,float32
6,729.080177,5137,52430573,53.486,random,float32
6,729.598045,5268,52430573,52.238,random,float32
6,730.130923,5282,52430573,53.098,random,float32
6,730.658777,4557,52430573,52.651,random,float32
6,731.177959,2196,52430573,53.828,random,float32
6,731.715819,6568,52430573,54.722,random,float32
6,732.243011,9103,52430573,52.618,random,float32
6,732.775791,9491,52430573,52.618,random,float32
6,733.318383,7006,52430573,55.991,random,float32
6,733.867414,5968,52430573,53.700,random,float32
6,734.397714,8904,52430573,55.467,random,float32
6,734.916235,9794,52430573,50.210,random,float32
6,735.443152,7213,52430573,47.900,random,float32
6,735.971655,6530,52430573,51.479,random,float32
6,736.496833,8924,52430573,50.878,random,float32
6,737.025322,3801,52430573,52.510,random,float32
6,737.557556,7375,52430573,51.911,random,float32
6,738.092108,4080,52430573,54.542,random,float32
6,738.636354,8032,52430573,53.062,random,float32
6,739.176782,1348,52430573,54.419,random,float32
6,739.703443,4445,52430573,51.049,random,float32
6,740.238136,6507,52430573,52.705,random,float32
6,740.769570,9634,52430573,55.142,random,float32
6,741.301281,2558,52430573,52.956,random,float32
6,741.828029,9575,52430573,50.132,random,float32
6,742.357875,7115,52430573,55.077,random,float32
6,742.890668,3638,52430573,52.360,random,float32
6,743.421345,7736,52430573,52.307,random,float32
6,743.951623,1092,52430573,52.714,random,float32
6,744.473298,888,52430573,51.758,random,float32
6,745.000690,7720,52430573,51.609,random,float32
6,745.532563,957,52430573,55.821,random,float32
6,746.058949,6031,52430573,50.083,random,float32
6,746.591646,3476,52430573,53.267,random,float32
6,747.121108,2279,52430573,50.394,random,float32
6,747.645998,2209,52430573,53.338,random,float32
6,748.186560,2909,52430573,54.581,random,float32
6,748.710843,7831,52430573,51.153,random,float32
6,749.242056,4602,52430573,50.762,random,float32
6,749.777603,4777,52430573,52.578,random,float32
6,750.302447,8154,52430573,53.700,random,float32
6,750.831636,4280,52430573,51.927,random,float32
6,751.375306,5947,52430573,55.391,random,float32
6,751.920839,5348,52430573,51.419,random,float32
6,752.456453,4350,52430573,53.820,random,float32
6,752.983431,2068,52430573,55.292,random,float32
6,753.520714,5145,52430573,54.028,random,float32
6,754.043160,860,52430573,45.535,random,float32
6,754.570816,2116,52430573,55.079,random,float32
6,755.093717,1567,52430573,51.915,random,float32
6,755.617077,3681,52430573,56.433,random,float32
6,756.162979,8270,52430573,53.037,random,float32
6,756.689695,3718,52430573,54.698,random,float32
6,757.217294,8073,52430573,53.374,random,float32
6,757.732430,6106,52430573,53.671,random,float32
6,758.256672,1074,52430573,52.042,random,float32
6,758.779673,5708,52430573,53.504,random,float32
6,759.305191,9886,52430573,54.084,random,float32
6,759.824268,8863,52430573,53.592,random,float32
6,760.352742,9392,52430573,53.184,random,float32
6,760.875136,296,52430573,52.969,random,float32
6,761.404522,7865,52430573,53.219,random,float32
6,761.927616,3800,52430573,53.910,random,float32
6,762.466377,2172,52430573,59.177,random,float32
6,762.988436,6370,52430573,49.056,random,float32
6,763.512212,2807,52430573,50.549,random,float32
6,764.034099,1683,52430573,53.168,random,float32
6,764.562750,383,52430573,52.982,random,float32
6,765.099963,8949,52430573,55.546,random,float32
6,765.628290,2157,52430573,52.629,random,float32
6,766.151793,884,52430573,54.655,random,float32
6,766.695567,2615,52430573,54.133,random,float32
6,767.243511,8473,52430573,49.405,random,float32
6,767.779497,5449,52430573,54.313,random,float32
6,768.309916,3710,52430573,54.855,random,float32
6,768.827734,729,52430573,53.275,random,float32
6,769.351605,2409,52430573,53.363,random,float32
6,769.886262,1307,52430573,52.264,random,float32
6,770.416971,5738,52430573,52.372,random,float32
6,770.946820,4223,52430573,54.951,random,float32
6,771.471186,5612,52430573,53.950,random,float32
6,772.004562,642,52430573,51.089,random,float32
6,772.535557,3449,52430573,53.994,random,float32
6,773.068750,297,52430573,54.011,random,float32
6,773.594217,247,52430573,53.052,random,float32
6,774.113736,4353,52430573,51.963,random,float32
6,774.639197,387,52430573,54.088,random,float32
6,775.159953,1034,52430573,52.206,random,float32
6,775.685998,5221,52430573,55.119,random,float32
6,776.215067,7636,52430573,55.316,random,float32
6,776.742803,7033,52430573,53.347,random,float32
6,777.277130,4495,52430573,53.410,random,float32
6,777.803015,4257,52430573,51.265,random,float32
6,778.336744,4179,52430573,56.134,random,float32
6,778.872185,7703,52430573,54.682,random,float32
6,779.395366,8681,52430573,54.394,random,float32
6,779.915487,7219,52430573,53.052,random,float32
6,780.445815,4405,52430573,52.294,random,float32
6,780.982207,640,52430573,53.152,random,float32
6,781.509885,3090,52430573,52.486,random,float32
6,782.031412,2725,52430573,52.964,random,float32
6,782.562427,4433,52430573,52.909,random,float32
6,783.091534,1612,52430573,54.863,random,float32
6,783.625248,8890,52430573,53.720,random,float32
6,784.135092,2787,52430573,48.994,random,float32
6,784.671005,9759,52430573,54.076,random,float32
6,785.203204,9460,52430573,53.228,random,float32
6,785.732414,5800,52430573,52.526,random,float32
6,786.270667,6307,52430573,54.463,random,float32
6,786.808793,4355,52430573,54.314,random,float32
6,787.338402,8137,52430573,55.182,random,float32
6,787.873230,2448,52430573,55.068,random,float32
6,788.400320,3695,52430573,54.661,random,float32
6,788.927889,2550,52430573,51.755,random,float32
6,789.461699,5219,52430573,53.787,random,float32
6,789.992548,7575,52430573,55.723,random,float32
6,790.533520,9749,52430573,52.590,random,float32
6,791.056831,4888,52430573,48.695,random,float32
6,791.600508,5447,52430573,52.598,random,float32
6,792.123851,8555,52430573,53.086,random,float32
6,792.653275,7794,52430573,53.231,random,float32
6,793.187870,5797,52430573,55.306,random,float32
6,793.718388,2429,52430573,51.814,random,float32
6,794.254040,9042,52430573,55.478,random,float32
6,794.767924,7457,52430573,52.011,random,float32
6,795.289227,8852,52430573,53.116,random,float32
6,795.808689,6904,52430573,52.494,random,float32
6,796.327199,5215,52430573,47.427,random,float32
6,796.850860,588,52430573,49.876,random,float32
6,797.387401,1113,52430573,53.778,random,float32
6,797.930418,5738,52430573,54.728,random,float32
6,798.470601,6805,52430573,55.298,random,float32
6,799.007310,3482,52430573,56.769,random,float32
6,799.551092,6219,52430573,53.504,random,float32
6,800.110843,7358,52430573,56.893,random,float32
6,800.646772,5607,52430573,52.244,random,float32
6,801.174579,8684,52430573,52.868,random,float32
6,801.706732,424,52430573,54.188,random,float32
6,802.244774,4218,52430573,54.056,random,float32
6,802.792203,2763,52430573,55.668,random,float32
6,803.335557,4547,52430573,54.570,random,float32
6,803.871848,7981,52430573,52.268,random,float32
6,804.401303,5669,52430573,53.695,random,float32
6,804.935260,3446,52430573,54.346,random,float32
6,805.463647,3163,52430573,53.267,random,float32
6,805.991845,9260,52430573,50.772,random,float32
6,806.515742,7746,52430573,51.739,random,float32
6,807.045134,5748,52430573,51.030,random,float32
6,807.588766,5344,52430573,54.297,random,float32
6,808.129743,4985,52430573,55.961,random,float32
6,808.660169,7321,52430573,53.729,random,float32
6,809.198471,3598,52430573,52.781,random,float32
6,809.724078,2953,52430573,55.424,random,float32
6,810.257567,8136,52430573,52.171,random,float32
6,810.778233,7125,52430573,54.970,random,float32
6,811.314126,570,52430573,53.724,random,float32
6,811.850595,2535,52430573,53.188,random,float32
6,812.376486,4067,52430573,55.276,random,float32
6,812.910091,9484,52430573,52.108,random,float32
6,813.451349,6280,52430573,55.941,random,float32
6,813.981595,5581,52430573,52.208,random,float32
6,814.507013,5666,52430573,53.558,random,float32
6,815.049470,9058,52430573,54.286,random,float32
6,815.585066,5562,52430573,54.114,random,float32
6,816.113154,4000,52430573,55.626,random,float32
6,816.646399,134,52430573,54.576,random,float32
6,817.180000,3785,52430573,52.408,random,float32
6,817.711308,347,52430573,55.151,random,float32
6,818.243771,9642,52430573,50.695,random,float32
6,818.768662,465,52430573,51.897,random,float32
6,819.291556,2564,52430573,52.037,random,float32
6,819.819469,8876,52430573,51.819,random,float32
6,820.336913,5049,52430573,51.956,random,float32
6,820.867075,5190,52430573,51.988,random,float32
6,821.391559,2696,52430573,54.180,random,float32
6,821.922435,4392,52430573,52.085,random,float32
6,822.461488,9369,52430573,54.986,random,float32
6,822.980681,2813,52430573,50.237,random,float32
6,823.500232,8466,52430573,50.334,random,float32
6,824.029936,3904,52430573,55.309,random,float32
6,824.565913,3347,52430573,52.485,random,float32
6,825.109905,9023,52430573,53.470,random,float32
6,825.647696,8645,52430573,54.490,random,float32
6,826.176369,7157,52430573,52.390,random,float32
6,826.717323,7272,52430573,56.737,random,float32
6,827.252935,9277,52430573,52.359,random,float32
6,827.784409,1125,52430573,53.168,random,float32
6,828.320590,7934,52430573,53.949,random,float32
6,828.855921,8240,52430573,52.192,random,float32
6,829.395011,870,52430573,51.722,random,float32
6,829.931118,2914,52430573,54.247,random,float32
6,830.471543,2956,52430573,55.265,random,float32
6,831.006228,4405,52430573,54.865,random,float32
6,831.555306,8479,52430573,55.910,random,float32
6,832.108128,1396,52430573,55.939,random,float32
6,832.653852,4769,52430573,55.415,random,float32
6,833.198959,3412,52430573,57.876,random,float32
6,833.760913,4495,52430573,54.567,random,float32
6,834.308915,125,52430573,55.886,random,float32
6,834.849199,8861,52430573,55.035,random,float32
6,835.377880,6107,52430573,53.660,random,float32
6,835.914146,4383,52430573,59.463,random,float32
6,836.457304,6689,52430573,53.727,random,float32
6,836.995782,6639,52430573,54.004,random,float32
6,837.531175,3614,52430573,56.120,random,float32
6,838.063737,4897,52430573,52.064,random,float32
6,838.601846,5091,52430573,51.628,random,float32
6,839.137033,7252,52430573,53.631,random,float32
6,839.679563,7939,52430573,54.042,random,float32
6,840.231694,6759,52430573,55.172,random,float32
6,840.777444,873,52430573,57.242,random,float32
6,841.308809,5184,52430573,54.650,random,float32
6,841.841361,7489,52430573,54.101,random,float32
6,842.385607,4843,52430573,55.917,random,float32
6,842.911245,21,52430573,52.842,random,float32
6,843.447952,9840,52430573,51.262,random,float32
6,843.978989,7282,52430573,52.801,random,float32
6,844.507086,9869,52430573,53.983,random,float32
6,845.036870,5225,52430573,53.759,random,float32
6,845.568175,9383,52430573,52.870,random,float32
6,846.098109,6836,52430573,52.211,random,float32
6,846.626320,2793,52430573,53.692,random,float32
6,847.153047,985,52430573,50.566,random,float32
6,847.701260,3509,52430573,56.709,random,float32
6,848.230229,5728,52430573,54.426,random,float32
6,848.756957,1538,52430573,50.372,random,float32
6,849.294113,5853,52430573,53.168,random,float32
6,849.830608,7186,52430573,56.317,random,float32
6,850.374109,9264,52430573,54.270,random,float32
6,850.912342,8336,52430573,53.887,random,float32
6,851.449709,2397,52430573,54.743,random,float32
6,851.997766,7715,52430573,53.446,random,float32
6,852.558258,2057,52430573,53.433,random,float32
6,853.102789,4751,52430573,55.827,random,float32
6,853.649242,1893,52430573,57.084,random,float32
6,854.191846,3724,52430573,52.242,random,float32
6,854.745696,8761,52430573,61.219,random,float32
6,855.293647,843,52430573,55.234,random,float32
6,855.843880,2392,52430573,54.647,random,float32
6,856.388996,6759,52430573,54.232,random,float32
6,856.929115,8924,52430573,54.061,random,float32
6,857.485501,7412,52430573,56.360,random,float32
6,858.039911,4619,52430573,52.796,random,float32
6,858.576281,8774,52430573,53.775,random,float32
6,859.125883,5831,52430573,54.589,random,float32
6,859.676243,6366,52430573,56.226,random,float32
6,860.233275,8917,52430573,54.833,random,float32
6,860.792866,9534,52430573,59.454,random,float32
6,861.330720,3483,52430573,52.915,random,float32
6,861.858547,5838,52430573,53.819,random,float32
6,862.392973,7500,52430573,57.392,random,float32
6,862.929233,3383,52430573,51.456,random,float32
6,863.460705,2660,52430573,52.148,random,float32
6,863.990253,8902,52430573,50.297,random,float32
6,864.516623,8841,52430573,50.915,random,float32
6,865.042922,1516,52430573,51.988,random,float32
6,865.577624,8294,52430573,54.331,random,float32
6,866.106462,9920,52430573,53.451,random,float32
6,866.655885,6587,52430573,57.343,random,float32
6,867.213773,9691,52430573,51.228,random,float32
6,867.753770,514,52430573,54.579,random,float32
6,868.277860,8018,52430573,52.182,random,float32
6,868.803244,543,52430573,49.512,random,float32
6,869.328597,7474,52430573,51.789,random,float32
6,869.856758,544,52430573,53.153,random,float32
6,870.386314,3642,52430573,52.818,random,float32
6,870.912126,5047,52430573,51.313,random,float32
6,871.447745,838,52430573,53.301,random,float32
6,871.976051,7234,52430573,53.817,random,float32
6,872.508751,1829,52430573,52.449,random,float32
6,873.036822,3998,52430573,52.128,random,float32
6,873.568038,1826,52430573,53.213,random,float32
6,874.113452,4975,52430573,54.217,random,float32
6,874.640777,4482,52430573,48.962,random,float32
6,875.176851,1803,52430573,56.494,random,float32
6,875.725444,667,52430573,54.936,random,float32
6,876.262251,8862,52430573,54.441,random,float32
6,876.788815,6591,52430573,52.756,random,float32
6,877.319735,454,52430573,53.371,random,float32
6,877.844761,5380,52430573,53.939,random,float32
6,878.375788,6821,52430573,55.616,random,float32
6,878.912662,3354,52430573,55.084,random,float32
6,879.460229,2165,52430573,53.375,random,float32
6,879.989574,8331,52430573,52.330,random,float32
6,880.531760,8825,52430573,55.768,random,float32
6,881.067110,8042,52430573,50.301,random,float32
6,881.606193,4342,52430573,54.223,random,float32
6,882.144491,3614,52430573,53.798,random,float32
6,882.675792,9323,52430573,54.065,random,float32
6,883.207316,5766,52430573,56.009,random,float32
6,883.738536,4152,52430573,53.692,random,float32
6,884.271459,2177,52430573,54.171,random,float32
6,884.812101,9771,52430573,53.908,random,float32
6,885.348527,2635,52430573,54.069,random,float32
6,885.876081,859,52430573,52.313,random,float32
6,886.412912,7253,52430573,49.016,random,float32
6,886.950350,8916,52430573,54.298,random,float32
6,887.488367,8535,52430573,55.395,random,float32
6,888.030758,2796,52430573,52.799,random,float32
6,888.551161,6677,52430573,52.033,random,float32
6,889.074742,580,52430573,52.745,random,float32
6,889.606284,3187,52430573,54.318,random,float32
6,890.151508,3241,52430573,55.514,random,float32
6,890.686587,5964,52430573,52.994,random,float32
6,891.228806,8606,52430573,56.167,random,float32
6,891.757335,8636,52430573,57.897,random,float32
6,892.299107,9343,52430573,58.616,random,float32
6,892.829781,2612,52430573,52.709,random,float32
6,893.363275,7863,52430573,56.208,random,float32
6,893.902904,3659,52430573,51.142,random,float32
6,894.437548,9361,52430573,52.566,random,float32
6,894.972802,3513,52430573,53.306,random,float32
6,895.508742,6899,52430573,49.329,random,float32
6,896.053397,6640,52430573,55.616,random,float32
6,896.586333,4650,52430573,54.901,random,float32
6,897.115453,9071,52430573,52.316,random,float32
6,897.627122,3260,52430573,51.515,random,float32
6,898.155879,8554,52430573,51.489,random,float32
6,898.680908,7249,52430573,51.243,random,float32
6,899.216633,4265,52430573,55.292,random,float32
6,899.759673,3924,52430573,56.007,random,float32
7,300.487575,718,52430573,54.094,random,float32
7,301.023571,1770,52430573,52.535,random,float32
7,301.548548,617,52430573,52.726,random,float32
7,302.071006,5882,52430573,53.329,random,float32
7,302.603324,8098,52430573,52.556,random,float32
7,303.145833,9415,52430573,56.808,random,float32
7,303.688408,9930,52430573,51.865,random,float32
7,304.224913,7663,52430573,52.410,random,float32
7,304.792719,678,52430573,53.479,random,float32
7,305.319712,9911,52430573,51.396,random,float32
7,305.856124,2659,52430573,54.623,random,float32
7,306.390832,2315,52430573,52.988,random,float32
7,306.920116,5945,52430573,50.757,random,float32
7,307.448368,7725,52430573,53.410,random,float32
7,307.992546,6734,52430573,54.157,random,float32
7,308.531212,5418,52430573,57.614,random,float32
7,309.064581,3551,52430573,52.377,random,float32
7,309.599977,9922,52430573,53.804,random,float32
7,310.139066,6471,52430573,54.648,random,float32
7,310.665982,3460,52430573,51.382,random,float32
7,311.205806,5078,52430573,55.787,random,float32
7,311.748354,7396,52430573,55.198,random,float32
7,312.309046,4249,52430573,57.329,random,float32
7,312.843376,2726,52430573,52.013,random,float32
7,313.382139,7698,52430573,55.034,random,float32
7,313.924187,9744,52430573,55.116,random,float32
7,314.459011,8323,52430573,53.518,random,float32
7,315.023761,8986,52430573,81.236,random,float32
7,315.565363,1740,52430573,54.010,random,float32
7,316.115173,8120,52430573,55.357,random,float32
7,316.668774,7660,52430573,54.357,random,float32
7,317.207456,1030,52430573,53.466,random,float32
7,317.760735,4237,52430573,56.458,random,float32
7,318.307746,461,52430573,54.819,random,float32
7,318.861242,5266,52430573,57.578,random,float32
7,319.408654,9997,52430573,55.350,random,float32
7,319.955838,7105,52430573,56.375,random,float32
7,320.503272,3989,52430573,48.714,random,float32
7,321.044368,2407,52430573,54.279,random,float32
7,321.594830,4729,52430573,54.777,random,float32
7,322.131916,1537,52430573,55.353,random,float32
7,322.669322,7138,52430573,55.011,random,float32
7,323.208979,5258,52430573,52.103,random,float32
7,323.736461,2386,52430573,54.114,random,float32
7,324.281611,9180,52430573,54.311,random,float32
7,324.838092,6574,52430573,56.185,random,float32
7,325.391426,4854,52430573,55.321,random,float32
7,325.941996,3242,52430573,53.552,random,float32
7,326.473064,3942,52430573,55.346,random,float32
7,327.016249,6708,52430573,54.595,random,float32
7,327.549915,3252,52430573,54.750,random,float32
7,328.090372,5755,52430573,52.509,random,float32
7,328.623983,4944,52430573,55.773,random,float32
7,329.165558,8100,52430573,53.046,random,float32
7,329.710927,1996,52430573,55.544,random,float32
7,330.249504,3831,52430573,52.512,random,float32
7,330.782641,3325,52430573,53.170,random,float32
7,331.320325,1991,52430573,54.029,random,float32
7,331.861986,9172,52430573,54.151,random,float32
7,332.445772,9372,52430573,57.850,random,float32
7,333.011991,6092,52430573,53.082,random,float32
7,333.569976,636,52430573,55.209,random,float32
7,334.118810,9953,52430573,53.814,random,float32
7,334.654261,1812,52430573,53.302,random,float32
7,335.188839,2508,52430573,53.353,random,float32
7,335.727319,3000,52430573,55.922,random,float32
7,336.269526,5536,52430573,53.459,random,float32
7,336.849176,3617,52430573,54.948,random,float32
7,337.385870,9896,52430573,54.248,random,float32
7,337.923182,4434,52430573,54.733,random,float32
7,338.457584,6806,52430573,50.873,random,float32
7,338.998349,395,52430573,50.756,random,float32
7,339.537371,7553,52430573,52.487,random,float32
7,340.078007,4010,52430573,55.674,random,float32
7,340.605125,6922,52430573,52.738,random,float32
7,341.146591,4478,52430573,52.561,random,float32
7,341.675843,8390,52430573,52.471,random,float32
7,342.218100,2939,52430573,53.384,random,float32
7,342.752385,3484,52430573,52.737,random,float32
7,343.284580,5420,52430573,52.970,random,float32
7,343.813867,6510,52430573,56.638,random,float32
7,344.355373,2054,52430573,55.551,random,float32
7,344.907692,3554,52430573,56.223,random,float32
7,345.457200,4999,52430573,56.341,random,float32
7,345.997563,3826,52430573,53.477,random,float32
7,346.531911,2765,52430573,55.217,random,float32
7,347.077844,8856,52430573,54.202,random,float32
7,347.623637,8862,52430573,55.598,random,float32
7,348.164182,4015,52430573,52.726,random,float32
7,348.698537,1189,52430573,53.056,random,float32
7,349.234960,4880,52430573,54.678,random,float32
7,349.772955,2985,52430573,52.127,random,float32
7,350.311097,7923,52430573,51.944,random,float32
7,350.862965,1452,52430573,53.467,random,float32
7,351.412884,1442,52430573,52.961,random,float32
7,351.956296,8876,52430573,53.216,random,float32
7,352.494848,1160,52430573,55.050,random,float32
7,353.042710,54,52430573,54.363,random,float32
7,353.574140,3,52430573,51.847,random,float32
7,354.113156,3343,52430573,54.445,random,float32
7,354.665829,2537,52430573,57.024,random,float32
7,355.210702,4065,52430573,54.189,random,float32
7,355.763806,6988,52430573,54.746,random,float32
7,356.306576,213,52430573,53.311,random,float32
7,356.838928,6497,52430573,52.008,random,float32
7,357.371608,9331,52430573,54.829,random,float32
7,357.911223,8911,52430573,53.010,random,float32
7,358.478352,3633,52430573,56.132,random,float32
7,359.054403,5420,52430573,58.086,random,float32
7,359.619605,7131,52430573,54.618,random,float32
7,360.179323,9925,52430573,54.606,random,float32
7,360.712939,9454,52430573,54.121,random,float32
7,361.249792,4967,52430573,53.995,random,float32
7,361.790940,8630,52430573,53.478,random,float32
7,362.322119,2823,52430573,53.268,random,float32
7,362.848821,273,52430573,54.487,random,float32
7,363.385169,4345,52430573,53.154,random,float32
7,363.916330,7414,52430573,54.781,random,float32
7,364.451917,2926,52430573,55.847,random,float32
7,364.976368,8266,52430573,50.570,random,float32
7,365.505227,6691,52430573,54.156,random,float32
7,366.042950,7747,52430573,53.716,random,float32
7,366.598855,7056,52430573,58.597,random,float32
7,367.151322,1153,52430573,55.763,random,float32
7,367.692591,6807,52430573,56.384,random,float32
7,368.236966,227,52430573,55.421,random,float32
7,368.787403,2968,52430573,53.732,random,float32
7,369.326765,8246,52430573,53.240,random,float32
7,369.861481,1231,52430573,54.836,random,float32
7,370.397255,5969,52430573,50.834,random,float32
7,370.926596,1633,52430573,50.218,random,float32
7,371.464835,637,52430573,52.282,random,float32
7,371.997181,7518,52430573,53.237,random,float32
7,372.527507,1323,52430573,52.467,random,float32
7,373.062666,7109,52430573,55.557,random,float32
7,373.602079,636,52430573,53.406,random,float32
7,374.135752,1187,52430573,54.297,random,float32
7,374.696464,2651,52430573,63.225,random,float32
7,375.247454,135,52430573,52.534,random,float32
7,375.784519,9166,52430573,54.553,random,float32
7,376.311627,7810,52430573,53.080,random,float32
7,376.849303,1686,52430573,51.147,random,float32
7,377.389642,5506,52430573,51.954,random,float32
7,377.923391,2874,52430573,52.087,random,float32
7,378.463215,1812,52430573,54.405,random,float32
7,379.012969,2636,52430573,54.040,random,float32
7,379.553575,2198,52430573,55.106,random,float32
7,380.087012,7222,52430573,54.634,random,float32
7,380.622944,7872,52430573,52.625,random,float32
7,381.167976,7834,52430573,53.859,random,float32
7,381.708169,1631,52430573,53.887,random,float32
7,382.246833,8978,52430573,56.093,random,float32
7,382.780450,6543,52430573,51.335,random,float32
7,383.317060,9716,52430573,53.855,random,float32
7,383.843446,7939,52430573,53.594,random,float32
7,384.379231,2998,52430573,52.074,random,float32
7,384.919759,6058,52430573,56.921,random,float32
7,385.459869,8448,52430573,53.511,random,float32
7,385.992596,4669,52430573,53.213,random,float32
7,386.543409,7324,52430573,55.941,random,float32
7,387.091531,4799,52430573,57.023,random,float32
7,387.640913,1408,52430573,53.890,random,float32
7,388.186789,1450,52430573,54.695,random,float32
7,388.725396,8492,52430573,55.286,random,float32
7,389.260925,9071,52430573,54.130,random,float32
7,389.797071,2188,52430573,54.098,random,float32
7,390.329471,9132,52430573,50.153,random,float32
7,390.870793,4293,52430573,53.808,random,float32
7,391.428902,1801,52430573,53.493,random,float32
7,391.964554,5766,52430573,55.108,random,float32
7,392.503299,6973,52430573,52.695,random,float32
7,393.060972,5746,52430573,55.353,random,float32
7,393.618433,3929,52430573,54.565,random,float32
7,394.165294,8638,52430573,51.484,random,float32
7,394.703240,3562,52430573,53.918,random,float32
7,395.234903,939,52430573,52.541,random,float32
7,395.776522,7081,52430573,54.668,random,float32
7,396.311437,431,52430573,53.249,random,float32
7,396.843341,4944,52430573,56.323,random,float32
7,397.371028,4512,52430573,54.775,random,float32
7,397.899692,925,52430573,53.666,random,float32
7,398.434443,8214,52430573,53.408,random,float32
7,398.963166,2597,52430573,54.304,random,float32
7,399.497453,2213,52430573,55.268,random,float32
7,400.035548,3430,52430573,57.835,random,float32
7,400.566001,7816,52430573,52.474,random,float32
7,401.104772,9819,52430573,55.060,random,float32
7,401.634574,2101,52430573,53.401,random,float32
7,402.168857,662,52430573,55.906,random,float32
7,402.704634,4502,52430573,52.717,random,float32
7,403.253733,2942,52430573,56.099,random,float32
7,403.803664,7678,52430573,54.119,random,float32
7,404.346806,9432,52430573,53.073,random,float32
7,404.886114,4591,52430573,54.201,random,float32
7,405.442963,4663,52430573,54.936,random,float32
7,405.986920,5500,52430573,55.055,random,float32
7,406.545048,1138,52430573,55.262,random,float32
7,407.097746,4734,52430573,55.664,random,float32
7,407.653524,5620,52430573,52.732,random,float32
7,408.196722,6821,52430573,55.811,random,float32
7,408.735445,2624,52430573,54.542,random,float32
7,409.295457,3325,52430573,55.105,random,float32
7,409.847827,8969,52430573,58.115,random,float32
7,410.386149,5589,52430573,55.106,random,float32
7,410.917068,8081,52430573,54.013,random,float32
7,411.445033,3397,52430573,51.537,random,float32
7,411.970901,4096,52430573,51.956,random,float32
7,412.523669,7284,52430573,54.159,random,float32
7,413.067797,6627,52430573,55.228,random,float32
7,413.606506,6514,52430573,52.378,random,float32
7,414.159176,5879,52430573,57.585,random,float32
7,414.703886,4450,52430573,55.583,random,float32
7,415.260469,449,52430573,56.231,random,float32
7,415.807268,8954,52430573,55.570,random,float32
7,416.359336,6049,52430573,54.987,random,float32
7,416.918150,4983,52430573,53.793,random,float32
7,417.473106,9335,52430573,55.813,random,float32
7,418.015854,1429,52430573,55.424,random,float32
7,418.544607,2009,52430573,55.596,random,float32
7,419.078576,7661,52430573,52.531,random,float32
7,419.610280,8801,52430573,53.399,random,float32
7,420.128556,9241,52430573,52.868,random,float32
7,420.661215,3647,52430573,54.991,random,float32
7,421.189622,5338,52430573,51.743,random,float32
7,421.719079,2352,52430573,50.537,random,float32
7,422.250102,4721,52430573,55.534,random,float32
7,422.774535,670,52430573,55.450,random,float32
7,423.284768,2620,52430573,52.623,random,float32
7,423.823224,6122,52430573,54.764,random,float32
7,424.356165,1611,52430573,54.869,random,float32
7,424.900271,9917,52430573,54.669,random,float32
7,425.426259,3131,52430573,52.058,random,float32
7,425.956668,4830,52430573,51.722,random,float32
7,426.491754,9043,52430573,52.573,random,float32
7,427.050613,1592,52430573,55.510,random,float32
7,427.606658,8708,52430573,55.256,random,float32
7,428.160738,2128,52430573,58.396,random,float32
7,428.705085,3753,52430573,54.251,random,float32
7,429.249228,31,52430573,51.737,random,float32
7,429.790474,367,52430573,53.264,random,float32
7,430.326409,5550,52430573,56.570,random,float32
7,430.866495,270,52430573,53.097,random,float32
7,431.396960,9749,52430573,51.395,random,float32
7,431.929162,1394,52430573,56.754,random,float32
7,432.453255,815,52430573,53.739,random,float32
7,432.993086,4662,52430573,54.072,random,float32
7,433.523805,7956,52430573,53.120,random,float32
7,434.056295,1053,52430573,50.349,random,float32
7,434.594646,1534,52430573,55.159,random,float32
7,435.119793,6230,52430573,53.784,random,float32
7,435.652879,979,52430573,49.592,random,float32
7,436.178781,8212,52430573,53.023,random,float32
7,436.706402,1333,52430573,55.082,random,float32
7,437.244335,9367,52430573,54.093,random,float32
7,437.779430,1606,52430573,53.788,random,float32
7,438.300507,4144,52430573,49.125,random,float32
7,438.829450,4383,52430573,53.732,random,float32
7,439.351419,4084,52430573,52.853,random,float32
7,439.889943,7624,52430573,55.717,random,float32
7,440.412839,2900,52430573,50.434,random,float32
7,440.934041,142,52430573,49.950,random,float32
7,441.464838,9602,52430573,52.957,random,float32
7,442.001512,5643,52430573,51.527,random,float32
7,442.535458,276,52430573,54.924,random,float32
7,443.065901,4730,52430573,54.061,random,float32
7,443.607025,7221,52430573,54.680,random,float32
7,444.136096,5394,52430573,51.131,random,float32
7,444.661278,2701,52430573,52.829,random,float32
7,445.175933,7879,52430573,53.819,random,float32
7,445.701233,1985,52430573,55.581,random,float32
7,446.220721,6595,52430573,53.611,random,float32
7,446.754336,8856,52430573,52.493,random,float32
7,447.284923,740,52430573,51.763,random,float32
7,447.821800,804,52430573,55.099,random,float32
7,448.356691,1213,52430573,52.454,random,float32
7,448.888673,2282,52430573,53.415,random,float32
7,449.422487,2945,52430573,54.360,random,float32
7,449.952871,5405,52430573,52.842,random,float32
7,450.483175,5688,52430573,53.438,random,float32
7,451.010141,5805,52430573,53.606,random,float32
7,451.544480,2161,52430573,53.118,random,float32
7,452.075123,8322,52430573,53.111,random,float32
7,452.621277,662,52430573,57.185,random,float32
7,453.168583,281,52430573,54.533,random,float32
7,453.700883,4180,52430573,54.761,random,float32
7,454.229161,819,52430573,52.494,random,float32
7,454.763854,325,52430573,55.819,random,float32
7,455.294879,4961,52430573,53.323,random,float32
7,455.832195,585,52430573,53.170,random,float32
7,456.366559,9678,52430573,52.738,random,float32
7,456.891731,2522,52430573,55.603,random,float32
7,457.426667,935,52430573,52.055,random,float32
7,457.957757,278,52430573,53.986,random,float32
7,458.488288,2154,52430573,54.006,random,float32
7,459.013402,4208,52430573,50.182,random,float32
7,459.547717,4493,52430573,55.331,random,float32
7,460.103850,1353,52430573,55.177,random,float32
7,460.658396,2724,52430573,54.650,random,float32
7,461.197277,5185,52430573,51.530,random,float32
7,461.719313,2362,52430573,51.503,random,float32
7,462.252258,9175,52430573,52.765,random,float32
7,462.793899,4065,52430573,53.900,random,float32
7,463.333394,211,52430573,57.166,random,float32
7,463.887692,2655,52430573,54.790,random,float32
7,464.419230,6930,52430573,54.815,random,float32
7,464.965664,5127,52430573,49.799,random,float32
7,465.508102,4512,52430573,55.059,random,float32
7,466.038696,9322,52430573,52.554,random,float32
7,466.564040,6691,52430573,52.287,random,float32
7,467.093541,1136,52430573,52.468,random,float32
7,467.626040,1223,52430573,54.130,random,float32
7,468.158336,8601,52430573,54.443,random,float32
7,468.704591,1959,52430573,57.809,random,float32
7,469.281312,5240,52430573,58.847,random,float32
7,469.834891,4863,52430573,56.975,random,float32
7,470.372304,8302,52430573,52.068,random,float32
7,470.916954,684,52430573,53.332,random,float32
7,471.459058,4496,52430573,53.554,random,float32
7,471.998175,562,52430573,53.837,random,float32
7,472.547596,3491,52430573,56.795,random,float32
7,473.085908,335,52430573,53.744,random,float32
7,473.620561,7448,52430573,53.792,random,float32
7,474.154963,237,52430573,54.460,random,float32
7,474.684921,8037,52430573,52.313,random,float32
7,475.218032,2211,52430573,53.724,random,float32
7,475.757979,52,52430573,53.788,random,float32
7,476.290956,1734,52430573,51.111,random,float32
7,476.828494,7898,52430573,55.614,random,float32
7,477.362779,1050,52430573,54.372,random,float32
7,477.913856,4876,52430573,55.265,random,float32
7,478.460040,4476,52430573,56.817,random,float32
7,478.995133,1968,52430573,52.850,random,float32
7,479.528340,9528,52430573,53.494,random,float32
7,480.072997,7752,52430573,55.054,random,float32
7,480.597963,1647,52430573,52.663,random,float32
7,481.124313,4837,52430573,53.718,random,float32
7,481.659265,3267,52430573,54.946,random,float32
7,482.184301,3916,52430573,52.729,random,float32
7,482.728030,6244,52430573,52.979,random,float32
7,483.270185,6418,52430573,53.852,random,float32
7,483.809808,3125,52430573,53.299,random,float32
7,484.343296,5006,52430573,50.991,random,float32
7,484.886075,7789,52430573,52.485,random,float32
7,485.432138,4846,52430573,54.539,random,float32
7,485.961711,897,52430573,51.847,random,float32
7,486.494040,7419,52430573,55.346,random,float32
7,487.044554,2386,52430573,54.589,random,float32
7,487.581644,8240,52430573,52.440,random,float32
7,488.123069,9909,52430573,48.988,random,float32
7,488.653774,8556,52430573,55.313,random,float32
7,489.184032,6278,52430573,54.963,random,float32
7,489.719634,7640,52430573,52.296,random,float32
7,490.255255,7626,52430573,53.739,random,float32
7,490.792606,6802,52430573,53.041,random,float32
7,491.334920,2656,52430573,53.670,random,float32
7,491.868960,1274,52430573,52.859,random,float32
7,492.407461,1177,52430573,56.582,random,float32
7,492.943036,4626,52430573,52.913,random,float32
7,493.518752,3663,52430573,55.600,random,float32
7,494.084002,4565,52430573,55.055,random,float32
7,494.646631,3452,52430573,56.929,random,float32
7,495.226335,9503,52430573,56.216,random,float32
7,495.759219,7910,52430573,52.080,random,float32
7,496.284547,3063,52430573,51.410,random,float32
7,496.820121,8507,52430573,55.310,random,float32
7,497.356847,9603,52430573,55.146,random,float32
7,497.900692,9021,52430573,56.200,random,float32
7,498.459309,7976,52430573,58.683,random,float32
7,499.004030,2521,52430573,55.157,random,float32
7,499.538251,6706,52430573,55.018,random,float32
7,500.070844,6445,52430573,54.723,random,float32
7,500.600216,535,52430573,52.819,random,float32
7,501.144267,6431,52430573,54.584,random,float32
7,501.678551,2849,52430573,51.594,random,float32
7,502.232602,4010,52430573,58.188,random,float32
7,502.767630,4635,52430573,53.430,random,float32
7,503.314613,597,52430573,54.288,random,float32
7,503.868043,8221,52430573,54.661,random,float32
7,504.401399,9875,52430573,51.899,random,float32
7,504.937802,4058,52430573,56.016,random,float32
7,505.471170,2973,52430573,53.491,random,float32
7,506.015570,254,52430573,57.154,random,float32
7,506.549320,6201,52430573,52.598,random,float32
7,507.087699,9951,52430573,52.883,random,float32
7,507.622523,7998,52430573,55.700,random,float32
7,508.153601,3292,52430573,50.748,random,float32
7,508.685986,2520,52430573,55.366,random,float32
7,509.230508,9099,52430573,48.975,random,float32
7,509.762359,4312,52430573,53.119,random,float32
7,510.303577,1075,52430573,53.484,random,float32
7,510.835211,2914,52430573,51.712,random,float32
7,511.363352,9065,52430573,52.826,random,float32
7,511.884487,9077,52430573,53.207,random,float32
7,512.400800,1070,52430573,52.898,random,float32
7,512.943123,7378,52430573,53.141,random,float32
7,513.480256,9286,52430573,51.342,random,float32
7,514.014235,8784,52430573,53.105,random,float32
7,514.556156,8965,52430573,53.156,random,float32
7,515.100453,9138,52430573,52.661,random,float32
7,515.633647,5164,52430573,52.891,random,float32
7,516.161719,9272,52430573,52.104,random,float32
7,516.686625,6767,52430573,51.444,random,float32
7,517.211480,8048,52430573,53.659,random,float32
7,517.736839,9371,52430573,51.461,random,float32
7,518.262714,9399,52430573,52.803,random,float32
7,518.796601,7462,52430573,51.962,random,float32
7,519.332355,5393,52430573,53.321,random,float32
7,519.869168,2250,52430573,55.594,random,float32
7,520.413581,9391,52430573,55.205,random,float32
7,520.950046,7894,52430573,53.013,random,float32
7,521.485255,3338,52430573,53.763,random,float32
7,522.015040,8044,52430573,52.942,random,float32
7,522.553217,2549,52430573,54.269,random,float32
7,523.090527,7471,52430573,54.233,random,float32
7,523.635800,4627,52430573,54.900,random,float32
7,524.179840,5738,52430573,55.944,random,float32
7,524.725356,8710,52430573,53.307,random,float32
7,525.239125,6286,52430573,53.435,random,float32
7,525.771786,2500,52430573,53.637,random,float32
7,526.298808,9655,52430573,52.407,random,float32
7,526.838561,6379,52430573,54.539,random,float32
7,527.371771,3958,52430573,54.261,random,float32
7,527.915820,6260,52430573,55.862,random,float32
7,528.477905,4427,52430573,56.980,random,float32
7,529.037448,3254,52430573,54.593,random,float32
7,529.563030,2104,52430573,52.775,random,float32
7,530.086017,7298,52430573,53.153,random,float32
7,530.604017,9984,52430573,54.806,random,float32
7,531.124427,1442,52430573,50.142,random,float32
7,531.649383,523,52430573,55.231,random,float32
7,532.172427,6248,52430573,54.930,random,float32
7,532.712728,5498,52430573,53.387,random,float32
7,533.243911,7795,52430573,51.580,random,float32
7,533.772415,1044,52430573,52.913,random,float32
7,534.304353,4742,52430573,54.310,random,float32
7,534.847592,6497,52430573,52.692,random,float32
7,535.382298,9822,52430573,53.971,random,float32
7,535.921143,6481,52430573,52.369,random,float32
7,536.463036,8148,52430573,55.016,random,float32
7,537.015800,2427,52430573,55.506,random,float32
7,537.558731,1808,52430573,53.476,random,float32
7,538.095618,653,52430573,54.860,random,float32
7,538.635628,1123,52430573,54.893,random,float32
7,539.183673,1879,52430573,53.412,random,float32
7,539.719928,8624,52430573,54.883,random,float32
7,540.264559,2940,52430573,56.900,random,float32
7,540.800771,370,52430573,54.905,random,float32
7,541.337134,6134,52430573,55.701,random,float32
7,541.889658,5837,52430573,55.831,random,float32
7,542.444092,6194,52430573,54.459,random,float32
7,542.980295,8641,52430573,52.979,random,float32
7,543.529961,6719,52430573,54.899,random,float32
7,544.083484,6521,52430573,52.449,random,float32
7,544.620856,5120,52430573,54.722,random,float32
7,545.160205,8637,52430573,51.677,random,float32
7,545.691011,5289,52430573,52.405,random,float32
7,546.226954,9270,52430573,53.276,random,float32
7,546.765242,906,52430573,55.551,random,float32
7,547.300800,2064,52430573,50.600,random,float32
7,547.830285,6981,52430573,52.768,random,float32
7,548.350446,1533,52430573,50.661,random,float32
7,548.875603,3199,52430573,54.394,random,float32
7,549.410111,3427,52430573,53.601,random,float32
7,549.943854,3015,52430573,52.299,random,float32
7,550.477007,3321,52430573,51.590,random,float32
7,551.021622,3359,52430573,56.911,random,float32
7,551.579155,3850,52430573,57.357,random,float32
7,552.108219,8426,52430573,53.163,random,float32
7,552.654729,6491,52430573,55.226,random,float32
7,553.186238,2058,52430573,53.007,random,float32
7,553.734504,1360,52430573,55.434,random,float32
7,554.295303,4668,52430573,54.075,random,float32
7,554.823644,4164,52430573,52.294,random,float32
7,555.348518,3131,52430573,53.239,random,float32
7,555.888269,6046,52430573,53.524,random,float32
7,556.408964,1108,52430573,52.939,random,float32
7,556.947634,8118,52430573,54.819,random,float32
7,557.488335,9870,52430573,55.535,random,float32
7,558.033782,1612,52430573,55.945,random,float32
7,558.568844,3454,52430573,52.672,random,float32
7,559.105764,3372,52430573,51.537,random,float32
7,559.653499,6514,52430573,54.694,random,float32
7,560.193673,651,52430573,51.940,random,float32
7,560.735806,3005,52430573,54.627,random,float32
7,561.286615,5625,52430573,52.070,random,float32
7,561.853947,548,52430573,57.141,random,float32
7,562.421937,5547,52430573,56.337,random,float32
7,562.963848,2211,52430573,53.950,random,float32
7,563.518927,9053,52430573,53.575,random,float32
7,564.054759,1034,52430573,53.458,random,float32
7,564.602953,5367,52430573,53.754,random,float32
7,565.151730,549,52430573,53.628,random,float32
7,565.690447,7456,52430573,54.936,random,float32
7,566.249113,9049,52430573,54.735,random,float32
7,566.801699,4528,52430573,54.757,random,float32
7,567.347330,8013,52430573,53.466,random,float32
7,567.898228,4525,52430573,54.975,random,float32
7,568.445516,5775,52430573,54.568,random,float32
7,569.007085,5111,52430573,55.920,random,float32
7,569.563815,663,52430573,55.646,random,float32
7,570.110130,6968,52430573,55.233,random,float32
7,570.653349,2309,52430573,53.016,random,float32
7,571.200256,3084,52430573,53.910,random,float32
7,571.725987,1615,52430573,51.703,random,float32
7,572.260567,826,52430573,57.329,random,float32
7,572.800340,3054,52430573,53.228,random,float32
7,573.328427,7747,52430573,56.371,random,float32
7,573.850206,1669,52430573,52.030,random,float32
7,574.379199,3473,52430573,57.972,random,float32
7,574.910127,9784,52430573,48.585,random,float32
7,575.437653,1800,52430573,57.047,random,float32
7,575.972340,3646,52430573,53.078,random,float32
7,576.499304,5087,52430573,57.103,random,float32
7,577.037296,6547,52430573,52.619,random,float32
7,577.551392,4819,52430573,51.033,random,float32
7,578.091404,6708,52430573,54.098,random,float32
7,578.613913,5689,52430573,50.100,random,float32
7,579.134408,8229,52430573,52.523,random,float32
7,579.666852,2773,52430573,54.026,random,float32
7,580.185959,8206,52430573,50.923,random,float32
7,580.705383,5952,52430573,52.865,random,float32
7,581.234584,968,52430573,51.073,random,float32
7,581.766128,681,52430573,51.221,random,float32
7,582.305167,8123,52430573,55.161,random,float32
7,582.839014,2647,52430573,55.000,random,float32
7,583.390382,9750,52430573,57.014,random,float32
7,583.932733,4576,52430573,55.273,random,float32
7,584.485096,265,52430573,54.509,random,float32
7,585.025043,7302,52430573,54.322,random,float32
7,585.570831,4198,52430573,55.680,random,float32
7,586.106302,2504,52430573,53.196,random,float32
7,586.642023,2114,52430573,53.317,random,float32
7,587.176275,5388,52430573,52.803,random,float32
7,587.720693,1832,52430573,54.061,random,float32
7,588.262541,3599,52430573,54.738,random,float32
7,588.792690,8829,52430573,52.843,random,float32
7,589.324980,4886,52430573,51.492,random,float32
7,589.857140,3895,52430573,51.991,random,float32
7,590.386626,5603,52430573,53.749,random,float32
7,590.929267,6582,52430573,54.179,random,float32
7,591.462106,1540,52430573,52.516,random,float32
7,591.994128,8690,52430573,54.535,random,float32
7,592.535779,5590,52430573,54.195,random,float32
7,593.066108,1788,52430573,54.049,random,float32
7,593.610099,3516,52430573,54.017,random,float32
7,594.162439,9687,52430573,57.520,random,float32
7,594.699919,7619,52430573,55.405,random,float32
7,595.239534,7969,52430573,55.923,random,float32
7,595.781495,8885,52430573,54.953,random,float32
7,596.337012,1289,52430573,55.207,random,float32
7,596.881502,802,52430573,52.620,random,float32
7,597.430718,3436,52430573,55.020,random,float32
7,597.972499,4272,52430573,53.441,random,float32
7,598.523536,6509,52430573,52.986,random,float32
7,599.070856,2881,52430573,55.486,random,float32
7,599.633035,4710,52430573,54.935,random,float32
7,600.182380,202,52430573,53.663,random,float32
7,600.729032,306,52430573,55.163,random,float32
7,601.264700,1936,52430573,54.066,random,float32
7,601.793523,453,52430573,51.580,random,float32
7,602.333508,3709,52430573,54.451,random,float32
7,602.869287,5174,52430573,52.445,random,float32
7,603.393133,3371,52430573,51.790,random,float32
7,603.928043,3849,52430573,52.182,random,float32
7,604.464172,2437,52430573,55.412,random,float32
7,604.997729,6342,52430573,53.474,random,float32
7,605.536028,16,52430573,57.308,random,float32
7,606.070655,7345,52430573,54.052,random,float32
7,606.597957,8906,52430573,56.941,random,float32
7,607.127986,6699,52430573,53.144,random,float32
7,607.659914,2512,52430573,49.149,random,float32
7,608.197797,9245,52430573,57.875,random,float32
7,608.720665,2916,52430573,53.003,random,float32
7,609.243269,1314,52430573,52.173,random,float32
7,609.769360,9061,52430573,54.104,random,float32
7,610.306846,5286,52430573,52.265,random,float32
7,610.844451,5499,52430573,53.802,random,float32
7,611.368645,7793,52430573,50.433,random,float32
7,611.901530,6763,52430573,53.907,random,float32
7,612.439727,7900,52430573,55.258,random,float32
7,612.982283,5537,52430573,53.666,random,float32
7,613.534996,1991,52430573,54.881,random,float32
7,614.068025,3885,52430573,57.036,random,float32
7,614.603537,1531,52430573,55.110,random,float32
7,615.138846,3341,52430573,51.226,random,float32
7,615.689777,6055,52430573,55.579,random,float32
7,616.232509,3949,52430573,54.461,random,float32
7,616.775225,2769,52430573,53.962,random,float32
7,617.308627,3629,52430573,51.654,random,float32
7,617.838583,8016,52430573,52.230,random,float32
7,618.369091,9753,52430573,52.336,random,float32
7,618.903989,4440,52430573,52.488,random,float32
7,619.443982,5626,52430573,54.317,random,float32
7,619.976640,7133,52430573,52.839,random,float32
7,620.500133,3483,52430573,53.884,random,float32
7,621.031012,7170,52430573,54.875,random,float32
7,621.577934,7378,52430573,54.362,random,float32
7,622.117071,6186,52430573,53.054,random,float32
7,622.652986,9323,52430573,52.388,random,float32
7,623.201156,388,52430573,54.828,random,float32
7,623.741220,2106,52430573,50.558,random,float32
7,624.284381,3783,52430573,55.537,random,float32
7,624.822393,3202,52430573,55.012,random,float32
7,625.365305,547,52430573,53.094,random,float32
7,625.904150,4222,52430573,55.593,random,float32
7,626.435837,8065,52430573,53.209,random,float32
7,626.984150,2397,52430573,55.279,random,float32
7,627.524726,4298,52430573,55.379,random,float32
7,628.068309,7708,52430573,54.118,random,float32
7,628.620866,5291,52430573,54.395,random,float32
7,629.163041,8068,52430573,54.070,random,float32
7,629.697816,3912,52430573,53.275,random,float32
7,630.241691,7700,52430573,49.998,random,float32
7,630.781962,6453,52430573,53.249,random,float32
7,631.315288,5865,52430573,54.206,random,float32
7,631.863461,2049,52430573,55.844,random,float32
7,632.403851,4496,52430573,51.662,random,float32
7,632.932755,9020,52430573,49.784,random,float32
7,633.477616,3651,52430573,54.664,random,float32
7,634.027178,2617,52430573,54.113,random,float32
7,634.565413,3885,52430573,54.758,random,float32
7,635.095841,6270,52430573,52.410,random,float32
7,635.638978,6232,52430573,57.284,random,float32
7,636.181794,9983,52430573,53.320,random,float32
7,636.716009,4410,52430573,56.012,random,float32
7,637.243023,4727,52430573,49.571,random,float32
7,637.777110,5459,52430573,54.443,random,float32
7,638.318115,4394,52430573,53.910,random,float32
7,638.846740,5417,52430573,55.742,random,float32
7,639.375384,4050,52430573,52.955,random,float32
7,639.933268,5319,52430573,54.391,random,float32
7,640.473509,1712,52430573,53.323,random,float32
7,641.024560,259,52430573,54.877,random,float32
7,641.561655,7442,52430573,53.654,random,float32
7,642.117171,5401,52430573,55.494,random,float32
7,642.653260,5654,52430573,56.380,random,float32
7,643.203244,6926,52430573,56.123,random,float32
7,643.751687,9056,52430573,54.840,random,float32
7,644.298032,453,52430573,50.829,random,float32
7,644.845621,4625,52430573,55.125,random,float32
7,645.392771,173,52430573,52.612,random,float32
7,645.923861,4091,52430573,53.341,random,float32
7,646.448871,4096,52430573,52.986,random,float32
7,646.989305,4742,52430573,56.382,random,float32
7,647.536955,8444,52430573,51.447,random,float32
7,648.073388,5497,52430573,51.553,random,float32
7,648.593520,7753,52430573,53.742,random,float32
7,649.132061,8404,52430573,53.306,random,float32
7,649.659683,9137,52430573,53.636,random,float32
7,650.201509,7108,52430573,51.338,random,float32
7,650.741064,2597,52430573,53.905,random,float32
7,651.277080,9735,52430573,53.920,random,float32
7,651.799726,8051,52430573,50.640,random,float32
7,652.320309,1831,52430573,51.846,random,float32
7,652.858224,4383,52430573,52.940,random,float32
7,653.391076,3804,52430573,54.610,random,float32
7,653.923991,2959,52430573,52.928,random,float32
7,654.471607,9345,52430573,56.955,random,float32
7,655.016378,5875,52430573,53.271,random,float32
7,655.546305,9975,52430573,51.332,random,float32
7,656.090776,1528,52430573,54.128,random,float32
7,656.637147,8212,52430573,57.424,random,float32
7,657.188418,3231,52430573,54.117,random,float32
7,657.728331,4017,52430573,54.549,random,float32
7,658.258232,8365,52430573,53.714,random,float32
7,658.804527,9517,52430573,57.228,random,float32
7,659.359289,4515,52430573,55.579,random,float32
7,659.910398,5585,52430573,52.257,random,float32
7,660.464861,7427,52430573,55.525,random,float32
7,661.010940,827,52430573,53.637,random,float32
7,661.544899,9871,52430573,52.557,random,float32
7,662.067430,5068,52430573,49.836,random,float32
7,662.600740,4379,52430573,51.979,random,float32
7,663.135198,1179,52430573,53.532,random,float32
7,663.661336,9100,52430573,50.832,random,float32
7,664.195021,2095,52430573,53.675,random,float32
7,664.724588,2337,52430573,54.044,random,float32
7,665.252095,7574,52430573,52.173,random,float32
7,665.783227,4643,52430573,55.004,random,float32
7,666.318208,6401,52430573,54.848,random,float32
7,666.866829,215,52430573,53.895,random,float32
7,667.409541,1912,52430573,54.437,random,float32
7,667.936480,5314,52430573,53.999,random,float32
7,668.455675,8091,52430573,49.016,random,float32
7,668.979440,1322,52430573,53.641,random,float32
7,669.514219,5490,52430573,54.793,random,float32
7,670.046987,7265,52430573,54.141,random,float32
7,670.584629,7689,52430573,54.602,random,float32
7,671.119954,2816,52430573,52.479,random,float32
7,671.647449,6406,52430573,51.837,random,float32
7,672.178260,3102,52430573,53.816,random,float32
7,672.712948,2492,52430573,52.208,random,float32
7,673.242752,3409,52430573,50.411,random,float32
7,673.767651,3931,52430573,51.396,random,float32
7,674.297713,4481,52430573,55.084,random,float32
7,674.848633,7231,52430573,53.760,random,float32
7,675.377637,3448,52430573,53.684,random,float32
7,675.892719,589,52430573,52.242,random,float32
7,676.412552,53,52430573,52.843,random,float32
7,676.953462,8038,52430573,54.125,random,float32
7,677.489564,9691,52430573,52.958,random,float32
7,678.027994,4205,52430573,53.846,random,float32
7,678.555446,4418,52430573,52.314,random,float32
7,679.081347,1386,52430573,53.047,random,float32
7,679.604570,9465,52430573,52.803,random,float32
7,680.134643,518,52430573,52.813,random,float32
7,680.669411,2417,52430573,54.101,random,float32
7,681.203908,2243,52430573,51.888,random,float32
7,681.737848,2291,52430573,52.573,random,float32
7,682.277727,6738,52430573,54.468,random,float32
7,682.807631,1452,52430573,52.747,random,float32
7,683.347399,3722,52430573,56.589,random,float32
7,683.871040,3051,52430573,52.260,random,float32
7,684.407868,7925,52430573,56.579,random,float32
7,684.932227,9172,52430573,50.308,random,float32
7,685.458080,1355,52430573,50.965,random,float32
7,685.994289,2242,52430573,54.684,random,float32
7,686.525087,8629,52430573,54.881,random,float32
7,687.067021,6338,52430573,51.661,random,float32
7,687.600817,1441,52430573,52.229,random,float32
7,688.143054,167,52430573,55.791,random,float32
7,688.682567,2985,52430573,50.866,random,float32
7,689.232807,5524,52430573,55.894,random,float32
7,689.782760,4741,52430573,53.778,random,float32
7,690.332341,2190,52430573,52.713,random,float32
7,690.872702,6700,52430573,54.362,random,float32
7,691.411233,3728,52430573,54.479,random,float32
7,691.961948,144,52430573,55.138,random,float32
7,692.496446,5205,52430573,53.175,random,float32
7,693.022337,7308,52430573,53.070,random,float32
7,693.555772,6865,52430573,54.504,random,float32
7,694.090737,2520,52430573,53.791,random,float32
7,694.627423,7366,52430573,53.281,random,float32
7,695.166829,3723,52430573,55.059,random,float32
7,695.690603,7693,52430573,49.367,random,float32
7,696.230900,5496,52430573,55.597,random,float32
7,696.756627,6098,52430573,54.141,random,float32
7,697.280832,95,52430573,49.413,random,float32
7,697.808409,3567,52430573,53.620,random,float32
7,698.335974,6248,52430573,55.824,random,float32
7,698.868729,9010,52430573,53.899,random,float32
7,699.412210,8313,52430573,54.040,random,float32
7,699.955146,203,52430573,55.816,random,float32
7,700.499246,5928,52430573,54.241,random,float32
7,701.043841,4916,52430573,52.750,random,float32
7,701.569991,221,52430573,50.976,random,float32
7,702.095266,9317,52430573,56.078,random,float32
7,702.631638,773,52430573,50.461,random,float32
7,703.142391,879,52430573,49.969,random,float32
7,703.671101,8949,52430573,54.175,random,float32
7,704.199706,1622,52430573,55.847,random,float32
7,704.743340,6858,52430573,53.413,random,float32
7,705.285371,9590,52430573,52.117,random,float32
7,705.814211,715,52430573,53.698,random,float32
7,706.345639,9392,52430573,54.331,random,float32
7,706.882468,229,52430573,52.782,random,float32
7,707.425053,1646,52430573,55.074,random,float32
7,707.974183,8806,52430573,54.254,random,float32
7,708.503393,6575,52430573,54.053,random,float32
7,709.045982,8286,52430573,55.445,random,float32
7,709.596410,8917,52430573,55.568,random,float32
7,710.127955,2995,52430573,53.872,random,float32
7,710.668783,5567,52430573,52.122,random,float32
7,711.193997,9282,52430573,55.637,random,float32
7,711.725847,1812,52430573,50.750,random,float32
7,712.257028,5141,52430573,54.492,random,float32
7,712.780754,3490,52430573,52.394,random,float32
7,713.308258,1796,52430573,50.045,random,float32
7,713.829122,3706,52430573,53.602,random,float32
7,714.352172,8302,52430573,50.346,random,float32
7,714.886082,2534,52430573,52.320,random,float32
7,715.421108,477,52430573,54.842,random,float32
7,715.954807,5743,52430573,52.424,random,float32
7,716.496555,672,52430573,54.238,random,float32
7,717.030543,3917,52430573,54.168,random,float32
7,717.562286,5960,52430573,53.582,random,float32
7,718.098864,5128,52430573,54.500,random,float32
7,718.630768,3435,52430573,52.735,random,float32
7,719.161904,37,52430573,53.646,random,float32
7,719.696787,2217,52430573,54.656,random,float32
7,720.248791,3424,52430573,55.204,random,float32
7,720.799938,6952,52430573,57.836,random,float32
7,721.354273,9367,52430573,53.900,random,float32
7,721.899368,3329,52430573,54.041,random,float32
7,722.456542,1081,52430573,56.783,random,float32
7,722.982972,8508,52430573,52.704,random,float32
7,723.526330,1863,52430573,53.041,random,float32
7,724.054674,9913,52430573,54.283,random,float32
7,724.586945,2506,52430573,52.700,random,float32
7,725.113614,8811,52430573,53.322,random,float32
7,725.661063,7515,52430573,53.758,random,float32
7,726.211684,2935,52430573,55.357,random,float32
7,726.765727,3825,52430573,56.421,random,float32
7,727.304078,2205,52430573,55.091,random,float32
7,727.837608,8162,52430573,56.123,random,float32
7,728.371789,4449,52430573,54.518,random,float32
7,728.920395,5978,52430573,54.416,random,float32
7,729.467062,3890,52430573,53.879,random,float32
7,730.021485,2837,52430573,58.120,random,float32
7,730.570136,3087,52430573,55.243,random,float32
7,731.108274,3003,52430573,54.323,random,float32
7,731.662218,2058,52430573,54.327,random,float32
7,732.220115,4255,52430573,55.942,random,float32
7,732.770615,3160,52430573,56.488,random,float32
7,733.329244,658,52430573,59.003,random,float32
7,733.894234,7152,52430573,54.951,random,float32
7,734.431100,2338,52430573,54.857,random,float32
7,734.977171,2789,52430573,55.775,random,float32
7,735.514017,575,52430573,53.258,random,float32
7,736.064779,3153,52430573,55.344,random,float32
7,736.607516,986,52430573,52.498,random,float32
7,737.147112,2817,52430573,56.273,random,float32
7,737.707061,6788,52430573,56.874,random,float32
7,738.272859,9717,52430573,55.146,random,float32
7,738.830586,3441,52430573,57.958,random,float32
7,739.380190,4692,52430573,56.967,random,float32
7,739.924848,4940,52430573,53.589,random,float32
7,740.469093,3615,52430573,54.842,random,float32
7,741.014031,7454,52430573,53.681,random,float32
7,741.545205,8364,52430573,53.347,random,float32
7,742.088065,7938,52430573,55.626,random,float32
7,742.628224,3338,52430573,52.817,random,float32
7,743.162538,3453,52430573,53.590,random,float32
7,743.701242,9746,52430573,53.084,random,float32
7,744.252587,1507,52430573,55.078,random,float32
7,744.790850,5679,52430573,53.068,random,float32
7,745.332273,6703,52430573,54.002,random,float32
7,745.879552,7299,52430573,53.752,random,float32
7,746.434511,5303,52430573,52.536,random,float32
7,746.984466,8978,52430573,56.476,random,float32
7,747.541304,8914,52430573,54.531,random,float32
7,748.088710,9396,52430573,53.963,random,float32
7,748.628474,1999,52430573,55.325,random,float32
7,749.167874,2522,52430573,55.840,random,float32
7,749.718215,5936,52430573,56.113,random,float32
7,750.246950,8022,52430573,52.621,random,float32
7,750.800686,8180,52430573,56.875,random,float32
7,751.348826,6966,52430573,52.968,random,float32
7,751.890550,3418,52430573,53.867,random,float32
7,752.432951,4238,52430573,52.082,random,float32
7,752.984025,5269,52430573,56.717,random,float32
7,753.525742,7432,52430573,53.195,random,float32
7,754.060704,1436,52430573,55.203,random,float32
7,754.606111,8441,52430573,56.438,random,float32
7,755.148276,3856,52430573,55.536,random,float32
7,755.680447,4150,52430573,55.474,random,float32
7,756.216152,3371,52430573,51.814,random,float32
7,756.744275,278,52430573,54.766,random,float32
7,757.277963,5517,52430573,53.375,random,float32
7,757.810330,4508,52430573,54.066,random,float32
7,758.344191,2473,52430573,53.530,random,float32
7,758.872153,6332,52430573,53.447,random,float32
7,759.404448,358,52430573,51.942,random,float32
7,759.945293,5633,52430573,56.190,random,float32
7,760.486663,6913,52430573,53.105,random,float32
7,761.023248,2624,52430573,52.529,random,float32
7,761.558141,7018,52430573,51.870,random,float32
7,762.088723,8654,52430573,55.116,random,float32
7,762.615860,4032,52430573,54.717,random,float32
7,763.130316,2434,52430573,53.316,random,float32
7,763.659071,6588,52430573,53.083,random,float32
7,764.192883,1974,52430573,53.749,random,float32
7,764.718909,5418,52430573,53.337,random,float32
7,765.260241,4026,52430573,53.394,random,float32
7,765.791087,7334,52430573,54.787,random,float32
7,766.313050,7342,52430573,52.943,random,float32
7,766.859470,527,52430573,56.187,random,float32
7,767.398268,3411,52430573,52.214,random,float32
7,767.933938,9804,52430573,52.816,random,float32
7,768.460496,8995,52430573,54.451,random,float32
7,768.985237,3316,52430573,54.333,random,float32
7,769.507721,118,52430573,54.123,random,float32
7,770.041333,8250,52430573,53.116,random,float32
7,770.571519,3536,52430573,53.584,random,float32
7,771.104572,9559,52430573,53.566,random,float32
7,771.630708,2250,52430573,53.341,random,float32
7,772.160553,2520,52430573,55.596,random,float32
7,772.708770,4204,52430573,55.777,random,float32
7,773.251270,9446,52430573,53.692,random,float32
7,773.781630,6537,52430573,54.603,random,float32
7,774.307874,7961,52430573,50.872,random,float32
7,774.852924,4023,52430573,51.336,random,float32
7,775.365273,4996,52430573,49.637,random,float32
7,775.897578,6340,52430573,53.067,random,float32
7,776.419139,5319,52430573,53.636,random,float32
7,776.955646,7719,52430573,51.572,random,float32
7,777.481163,8093,52430573,50.608,random,float32
7,778.014942,1866,52430573,53.443,random,float32
7,778.549054,7605,52430573,55.469,random,float32
7,779.079509,8599,52430573,52.019,random,float32
7,779.604337,2145,52430573,53.118,random,float32
7,780.125237,9057,52430573,54.818,random,float32
7,780.659734,1807,52430573,52.313,random,float32
7,781.188176,6706,52430573,56.689,random,float32
7,781.710349,2127,52430573,51.153,random,float32
7,782.239997,2079,52430573,51.994,random,float32
7,782.771139,7075,52430573,54.773,random,float32
7,783.299422,6890,52430573,53.943,random,float32
7,783.823035,3836,52430573,53.095,random,float32
7,784.348321,616,52430573,53.390,random,float32
7,784.879593,2019,52430573,53.804,random,float32
7,785.411539,2087,52430573,51.764,random,float32
7,785.944952,435,52430573,54.912,random,float32
7,786.481977,5636,52430573,53.569,random,float32
7,787.019275,1899,52430573,54.961,random,float32
7,787.552263,6482,52430573,52.122,random,float32
7,788.082089,6596,52430573,53.358,random,float32
7,788.609690,2260,52430573,52.063,random,float32
7,789.143429,4881,52430573,54.103,random,float32
7,789.672922,7396,52430573,53.091,random,float32
7,790.208258,5256,52430573,54.820,random,float32
7,790.737758,2890,52430573,53.120,random,float32
7,791.275160,8710,52430573,53.821,random,float32
7,791.807199,1420,52430573,52.268,random,float32
7,792.335803,8779,52430573,53.296,random,float32
7,792.866484,3331,52430573,54.049,random,float32
7,793.392307,9791,52430573,51.697,random,float32
7,793.925876,7598,52430573,55.837,random,float32
7,794.466905,5083,52430573,54.382,random,float32
7,794.991405,733,52430573,53.185,random,float32
7,795.526493,4128,52430573,53.931,random,float32
7,796.044921,3800,52430573,52.481,random,float32
7,796.576433,6948,52430573,53.617,random,float32
7,797.108005,101,52430573,50.081,random,float32
7,797.641399,7425,52430573,55.893,random,float32
7,798.186509,2367,52430573,55.292,random,float32
7,798.717560,8884,52430573,51.930,random,float32
7,799.251869,909,52430573,52.558,random,float32
7,799.802429,7419,52430573,55.854,random,float32
7,800.360831,903,52430573,55.862,random,float32
7,800.894490,953,52430573,50.841,random,float32
7,801.422579,5149,52430573,50.981,random,float32
7,801.953216,3428,52430573,51.739,random,float32
7,802.506315,8203,52430573,54.824,random,float32
7,803.043188,4733,52430573,52.206,random,float32
7,803.577963,745,52430573,52.502,random,float32
7,804.110362,9070,52430573,53.120,random,float32
7,804.634913,996,52430573,52.058,random,float32
7,805.165684,1751,52430573,55.643,random,float32
7,805.697485,2759,52430573,55.675,random,float32
7,806.227024,6567,52430573,50.377,random,float32
7,806.759036,2784,52430573,54.943,random,float32
7,807.287111,1632,52430573,53.382,random,float32
7,807.818996,5238,52430573,51.426,random,float32
7,808.340934,7844,52430573,53.580,random,float32
7,808.875582,5379,52430573,52.885,random,float32
7,809.397228,9796,52430573,52.558,random,float32
7,809.931968,4409,52430573,51.664,random,float32
7,810.466856,6531,52430573,53.167,random,float32
7,810.991583,7406,52430573,53.428,random,float32
7,811.526954,9692,52430573,53.549,random,float32
7,812.055944,2955,52430573,54.481,random,float32
7,812.591392,7201,52430573,56.425,random,float32
7,813.128427,9844,52430573,52.289,random,float32
7,813.657646,5928,52430573,51.858,random,float32
7,814.186383,1854,52430573,50.973,random,float32
7,814.723727,734,52430573,56.057,random,float32
7,815.259921,8464,52430573,53.749,random,float32
7,815.791866,3615,52430573,52.447,random,float32
7,816.323506,501,52430573,55.363,random,float32
7,816.862942,3285,52430573,52.719,random,float32
7,817.391384,3593,52430573,51.456,random,float32
7,817.926387,3418,52430573,51.823,random,float32
7,818.454718,9805,52430573,51.909,random,float32
7,818.979694,1669,52430573,52.540,random,float32
7,819.501349,6655,52430573,53.807,random,float32
7,820.027185,1055,52430573,50.105,random,float32
7,820.551608,6663,52430573,53.112,random,float32
7,821.068897,4597,52430573,51.518,random,float32
7,821.603223,6422,52430573,51.670,random,float32
7,822.137081,1758,52430573,54.125,random,float32
7,822.669124,8750,52430573,54.082,random,float32
7,823.189937,2170,52430573,51.764,random,float32
7,823.724626,9199,52430573,53.630,random,float32
7,824.254473,4588,52430573,53.161,random,float32
7,824.801374,8485,52430573,55.048,random,float32
7,825.346573,2939,52430573,54.259,random,float32
7,825.890505,2075,52430573,54.837,random,float32
7,826.426890,6166,52430573,52.607,random,float32
7,826.962798,474,52430573,53.046,random,float32
7,827.497370,5913,52430573,54.273,random,float32
7,828.032438,262,52430573,54.240,random,float32
7,828.572088,5222,52430573,54.556,random,float32
7,829.107807,8389,52430573,54.803,random,float32
7,829.641778,4604,52430573,53.274,random,float32
7,830.182997,951,52430573,53.673,random,float32
7,830.717147,6792,52430573,52.959,random,float32
7,831.259691,2688,52430573,53.558,random,float32
7,831.797279,7713,52430573,55.030,random,float32
7,832.345926,2250,52430573,55.546,random,float32
7,832.889533,1804,52430573,55.209,random,float32
7,833.441912,8843,52430573,56.479,random,float32
7,833.991250,6728,52430573,53.860,random,float32
7,834.531976,3529,52430573,55.567,random,float32
7,835.071307,3641,52430573,54.532,random,float32
7,835.610455,793,52430573,53.086,random,float32
7,836.149533,2063,52430573,53.401,random,float32
7,836.680711,6819,52430573,53.530,random,float32
7,837.212185,6056,52430573,52.609,random,float32
7,837.740647,197,52430573,54.407,random,float32
7,838.270308,8057,52430573,54.855,random,float32
7,838.800770,6542,52430573,51.948,random,float32
7,839.341827,6572,52430573,53.874,random,float32
7,839.887211,6780,52430573,54.281,random,float32
7,840.432674,7794,52430573,54.314,random,float32
7,840.962848,7084,52430573,54.052,random,float32
7,841.495610,6719,52430573,53.669,random,float32
7,842.029770,6487,52430573,54.990,random,float32
7,842.570265,467,52430573,53.469,random,float32
7,843.096306,8254,52430573,50.658,random,float32
7,843.635487,8808,52430573,55.406,random,float32
7,844.164407,9833,52430573,52.775,random,float32
7,844.686867,3227,52430573,51.629,random,float32
7,845.217072,2732,52430573,53.676,random,float32
7,845.742429,2629,52430573,50.134,random,float32
7,846.271739,4472,52430573,51.948,random,float32
7,846.797254,6252,52430573,53.795,random,float32
7,847.324776,9250,52430573,53.165,random,float32
7,847.861333,2594,52430573,54.894,random,float32
7,848.378332,3636,52430573,55.708,random,float32
7,848.903418,7285,52430573,54.582,random,float32
7,849.422239,5497,52430573,52.669,random,float32
7,849.957732,2880,52430573,52.198,random,float32
7,850.489641,2222,52430573,53.300,random,float32
7,851.015160,3507,52430573,51.517,random,float32
7,851.549783,8951,52430573,52.833,random,float32
7,852.075439,4541,52430573,53.271,random,float32
7,852.609079,5002,52430573,54.309,random,float32
7,853.143093,4734,52430573,55.702,random,float32
7,853.671662,2232,52430573,52.667,random,float32
7,854.207418,9551,52430573,55.773,random,float32
7,854.749661,2977,52430573,52.493,random,float32
7,855.285182,7328,52430573,55.125,random,float32
7,855.834945,4467,52430573,53.522,random,float32
7,856.384060,1112,52430573,55.113,random,float32
7,856.927320,7476,52430573,53.227,random,float32
7,857.470337,602,52430573,54.992,random,float32
7,858.006494,4562,52430573,52.511,random,float32
7,858.535751,3852,52430573,53.675,random,float32
7,859.069700,2634,52430573,53.685,random,float32
7,859.605225,2691,52430573,55.071,random,float32
7,860.161397,4621,52430573,51.859,random,float32
7,860.689876,1450,52430573,52.697,random,float32
7,861.217403,9227,52430573,56.411,random,float32
7,861.749651,595,52430573,53.541,random,float32
7,862.281958,7221,52430573,57.447,random,float32
7,862.823487,4343,52430573,53.764,random,float32
7,863.356438,4012,52430573,54.184,random,float32
7,863.889726,431,52430573,53.350,random,float32
7,864.408212,8912,52430573,53.333,random,float32
7,864.932556,6007,52430573,53.032,random,float32
7,865.468266,311,52430573,51.702,random,float32
7,865.996107,9301,52430573,53.214,random,float32
7,866.546910,7271,52430573,53.589,random,float32
7,867.099509,9947,52430573,51.190,random,float32
7,867.642371,24,52430573,52.440,random,float32
7,868.173970,9401,52430573,53.630,random,float32
7,868.694844,3002,52430573,53.814,random,float32
7,869.219943,1181,52430573,50.012,random,float32
7,869.750524,1911,52430573,54.086,random,float32
7,870.277798,4780,52430573,49.235,random,float32
7,870.806727,1701,52430573,52.965,random,float32
7,871.335360,7398,52430573,53.340,random,float32
7,871.851451,5732,52430573,49.334,random,float32
7,872.393611,8631,52430573,52.201,random,float32
7,872.930531,8865,52430573,53.418,random,float32
7,873.462829,9204,52430573,55.153,random,float32
7,873.994168,9032,52430573,53.048,random,float32
7,874.520394,9972,52430573,53.716,random,float32
7,875.044162,4824,52430573,53.445,random,float32
7,875.570042,389,52430573,52.565,random,float32
7,876.101338,7762,52430573,51.918,random,float32
7,876.628836,831,52430573,54.259,random,float32
7,877.180422,8788,52430573,52.772,random,float32
7,877.714127,405,52430573,52.773,random,float32
7,878.260219,303,52430573,55.466,random,float32
7,878.801346,1475,52430573,54.911,random,float32
7,879.357670,9744,52430573,52.780,random,float32
7,879.898445,4457,52430573,53.788,random,float32
7,880.460324,1618,52430573,53.685,random,float32
7,881.011778,6588,52430573,54.669,random,float32
7,881.553366,542,52430573,54.546,random,float32
7,882.110211,796,52430573,54.664,random,float32
7,882.644449,2911,52430573,51.650,random,float32
7,883.179944,3643,52430573,54.203,random,float32
7,883.718178,250,52430573,55.111,random,float32
7,884.255947,7660,52430573,53.788,random,float32
7,884.793163,4167,52430573,55.160,random,float32
7,885.334683,567,52430573,52.713,random,float32
7,885.879096,159,52430573,54.062,random,float32
7,886.412153,2950,52430573,51.866,random,float32
7,886.944345,1546,52430573,51.907,random,float32
7,887.490125,5761,52430573,54.657,random,float32
7,888.028586,7949,52430573,56.595,random,float32
7,888.559732,3668,52430573,53.928,random,float32
7,889.090039,7446,52430573,52.415,random,float32
7,889.622961,3501,52430573,52.666,random,float32
7,890.160517,6559,52430573,53.197,random,float32
7,890.688132,1991,52430573,53.225,random,float32
7,891.224135,1298,52430573,54.718,random,float32
7,891.754777,4960,52430573,51.277,random,float32
7,892.295158,6705,52430573,54.996,random,float32
7,892.835328,2432,52430573,53.920,random,float32
7,893.364488,1383,52430573,54.037,random,float32
7,893.897456,7891,52430573,51.097,random,float32
7,894.438179,8505,52430573,52.758,random,float32
7,894.980912,3768,52430573,54.733,random,float32
7,895.512901,6598,52430573,51.549,random,float32
7,896.036799,2748,52430573,46.996,random,float32
7,896.580012,551,52430573,52.919,random,float32
7,897.097601,7285,52430573,54.062,random,float32
7,897.619457,707,52430573,50.320,random,float32
7,898.145969,9908,52430573,52.209,random,float32
7,898.684608,281,52430573,54.720,random,float32
7,899.221256,7353,52430573,55.227,random,float32
7,899.773225,7405,52430573,54.521,random,float32
8,300.505994,7212,52430573,55.575,random,float32
8,301.066246,225,52430573,56.182,random,float32
8,301.621640,360,52430573,54.671,random,float32
8,302.185030,3424,52430573,53.918,random,float32
8,302.726339,9475,52430573,56.244,random,float32
8,303.266237,575,52430573,54.734,random,float32
8,303.826780,901,52430573,54.990,random,float32
8,304.378675,8172,52430573,56.031,random,float32
8,304.930238,4653,52430573,57.050,random,float32
8,305.496152,3725,52430573,54.544,random,float32
8,306.058342,2815,52430573,57.939,random,float32
8,306.603712,4275,52430573,54.697,random,float32
8,307.142273,2445,52430573,53.286,random,float32
8,307.690533,6669,52430573,55.082,random,float32
8,308.232924,6909,52430573,52.034,random,float32
8,308.774248,9917,52430573,56.439,random,float32
8,309.318551,3356,52430573,54.409,random,float32
8,309.869139,1405,52430573,55.662,random,float32
8,310.407252,9908,52430573,54.123,random,float32
8,310.952229,6143,52430573,55.553,random,float32
8,311.490679,1522,52430573,53.818,random,float32
8,312.033921,6106,52430573,55.642,random,float32
8,312.576828,7137,52430573,51.706,random,float32
8,313.110380,6951,52430573,51.590,random,float32
8,313.646653,9499,52430573,54.951,random,float32
8,314.185423,1799,52430573,56.459,random,float32
8,314.722730,4740,52430573,54.544,random,float32
8,315.258145,1636,52430573,56.923,random,float32
8,315.809214,7372,52430573,53.894,random,float32
8,316.349431,2048,52430573,57.418,random,float32
8,316.904368,826,52430573,57.917,random,float32
8,317.453449,9980,52430573,57.299,random,float32
8,318.008914,2922,52430573,53.127,random,float32
8,318.543753,839,52430573,54.051,random,float32
8,319.096369,3381,52430573,55.376,random,float32
8,319.644750,1636,52430573,55.877,random,float32
8,320.193685,3371,52430573,52.482,random,float32
8,320.736732,2463,52430573,54.584,random,float32
8,321.277568,3456,52430573,55.675,random,float32
8,321.818251,4224,52430573,55.043,random,float32
8,322.361418,5168,52430573,52.343,random,float32
8,322.907376,8312,52430573,54.616,random,float32
8,323.459352,8109,52430573,54.241,random,float32
8,323.999350,6683,52430573,53.514,random,float32
8,324.595596,5975,52430573,87.527,random,float32
8,325.160329,5948,52430573,55.078,random,float32
8,325.718558,4161,52430573,54.871,random,float32
8,326.244191,2874,52430573,51.720,random,float32
8,326.795305,2624,52430573,54.521,random,float32
8,327.336192,9792,52430573,53.393,random,float32
8,327.884211,6039,52430573,55.035,random,float32
8,328.428612,8923,52430573,55.103,random,float32
8,328.975381,3603,52430573,56.844,random,float32
8,329.526210,990,52430573,53.557,random,float32
8,330.064717,2147,52430573,53.458,random,float32
8,330.600532,8038,52430573,52.599,random,float32
8,331.144239,8461,52430573,54.070,random,float32
8,331.691466,2922,52430573,54.711,random,float32
8,332.257291,4486,52430573,52.457,random,float32
8,332.825000,6629,52430573,56.995,random,float32
8,333.365256,9627,52430573,55.818,random,float32
8,333.902311,1195,52430573,56.019,random,float32
8,334.439630,5246,52430573,52.910,random,float32
8,334.970032,8753,52430573,53.367,random,float32
8,335.499214,4,52430573,54.633,random,float32
8,336.039177,377,52430573,54.318,random,float32
8,336.590907,1568,52430573,54.029,random,float32
8,337.148964,386,52430573,54.560,random,float32
8,337.696241,2445,52430573,51.596,random,float32
8,338.241455,8097,52430573,52.797,random,float32
8,338.787960,2857,52430573,55.727,random,float32
8,339.350823,8390,52430573,54.090,random,float32
8,339.896064,885,52430573,54.204,random,float32
8,340.431149,7345,52430573,53.930,random,float32
8,340.983138,6022,52430573,55.966,random,float32
8,341.512750,9684,52430573,51.548,random,float32
8,342.047704,3689,52430573,52.235,random,float32
8,342.585830,9513,52430573,54.359,random,float32
8,343.119168,7087,52430573,53.625,random,float32
8,343.682723,850,52430573,53.529,random,float32
8,344.219104,1441,52430573,53.670,random,float32
8,344.770194,8062,52430573,54.973,random,float32
8,345.306433,6367,52430573,53.201,random,float32
8,345.850174,8190,52430573,55.862,random,float32
8,346.376769,1333,52430573,53.181,random,float32
8,346.926689,9399,52430573,55.655,random,float32
8,347.455766,3706,52430573,54.570,random,float32
8,347.989463,5836,52430573,49.098,random,float32
8,348.527935,438,52430573,52.592,random,float32
8,349.068438,8708,52430573,53.316,random,float32
8,349.612594,9832,52430573,52.649,random,float32
8,350.153617,3514,52430573,54.733,random,float32
8,350.691003,4178,52430573,52.499,random,float32
8,351.223844,9823,52430573,54.228,random,float32
8,351.752019,9624,52430573,54.241,random,float32
8,352.288348,8809,52430573,48.145,random,float32
8,352.814826,5779,52430573,51.908,random,float32
8,353.346826,1824,52430573,47.897,random,float32
8,353.879898,4786,52430573,54.840,random,float32
8,354.424205,860,52430573,50.242,random,float32
8,354.958360,9808,52430573,54.229,random,float32
8,355.499887,905,52430573,55.498,random,float32
8,356.055991,8658,52430573,55.712,random,float32
8,356.599466,6864,52430573,53.427,random,float32
8,357.131775,8141,52430573,52.537,random,float32
8,357.678968,1637,52430573,55.617,random,float32
8,358.246696,500,52430573,57.341,random,float32
8,358.814061,6255,52430573,56.291,random,float32
8,359.371158,8350,52430573,55.746,random,float32
8,359.932103,5442,52430573,56.903,random,float32
8,360.465775,7945,52430573,52.001,random,float32
8,360.990317,8247,52430573,50.277,random,float32
8,361.523234,2993,52430573,55.349,random,float32
8,362.043298,2720,52430573,52.534,random,float32
8,362.577233,6998,52430573,55.286,random,float32
8,363.107486,5889,52430573,53.384,random,float32
8,363.639920,5156,52430573,52.938,random,float32
8,364.178550,1553,52430573,52.445,random,float32
8,364.704733,3652,52430573,53.673,random,float32
8,365.228603,5074,52430573,50.459,random,float32
8,365.763196,5101,52430573,54.355,random,float32
8,366.298813,5843,52430573,55.002,random,float32
8,366.845718,9171,52430573,51.183,random,float32
8,367.388365,1138,52430573,54.576,random,float32
8,367.922995,3974,52430573,55.349,random,float32
8,368.457675,2906,52430573,52.640,random,float32
8,368.998705,5890,52430573,52.674,random,float32
8,369.530647,2968,52430573,56.308,random,float32
8,370.073255,42,52430573,53.127,random,float32
8,370.595750,6138,52430573,50.951,random,float32
8,371.128752,4636,52430573,54.271,random,float32
8,371.664102,716,52430573,51.718,random,float32
8,372.203726,1595,52430573,56.642,random,float32
8,372.737340,9113,52430573,54.937,random,float32
8,373.277449,7802,52430573,54.206,random,float32
8,373.807940,9598,52430573,50.124,random,float32
8,374.338365,1918,52430573,54.302,random,float32
8,374.870961,7547,52430573,53.840,random,float32
8,375.402841,1974,52430573,54.093,random,float32
8,375.934680,4191,52430573,53.908,random,float32
8,376.466107,4540,52430573,56.019,random,float32
8,377.002783,4469,52430573,55.646,random,float32
8,377.533783,7567,52430573,53.814,random,float32
8,378.069889,1417,52430573,53.032,random,float32
8,378.604787,1818,52430573,51.349,random,float32
8,379.135918,3488,52430573,54.289,random,float32
8,379.667849,4341,52430573,53.319,random,float32
8,380.203800,4329,52430573,54.017,random,float32
8,380.740033,1857,52430573,54.296,random,float32
8,381.289849,4022,52430573,55.216,random,float32
8,381.828073,2224,52430573,51.685,random,float32
8,382.363948,1021,52430573,54.827,random,float32
8,382.893873,8207,52430573,52.059,random,float32
8,383.439699,3475,52430573,53.917,random,float32
8,383.966237,667,52430573,54.271,random,float32
8,384.498968,9466,52430573,52.232,random,float32
8,385.035607,4291,52430573,52.962,random,float32
8,385.581138,5823,52430573,54.949,random,float32
8,386.124272,1658,52430573,53.266,random,float32
8,386.665959,9904,52430573,56.100,random,float32
8,387.202966,4868,52430573,54.006,random,float32
8,387.741450,1540,52430573,52.851,random,float32
8,388.277806,43,52430573,51.882,random,float32
8,388.805837,1988,52430573,55.025,random,float32
8,389.339330,8254,52430573,51.076,random,float32
8,389.867258,4678,52430573,53.342,random,float32
8,390.402128,2358,52430573,50.688,random,float32
8,390.933116,5574,52430573,53.879,random,float32
8,391.481962,2762,52430573,56.583,random,float32
8,392.042144,9482,52430573,56.639,random,float32
8,392.583799,331,52430573,51.749,random,float32
8,393.142755,7443,52430573,55.438,random,float32
8,393.698939,3692,52430573,53.911,random,float32
8,394.246647,2049,52430573,55.006,random,float32
8,394.794651,1958,52430573,54.380,random,float32
8,395.349719,9434,52430573,56.321,random,float32
8,395.884785,5966,52430573,54.737,random,float32
8,396.425458,4324,52430573,55.156,random,float32
8,396.969005,5784,52430573,53.286,random,float32
8,397.504692,3858,52430573,54.907,random,float32
8,398.053282,4472,52430573,53.307,random,float32
8,398.585475,9054,52430573,53.333,random,float32
8,399.109142,3949,52430573,52.945,random,float32
8,399.647574,1160,52430573,52.961,random,float32
8,400.195944,809,52430573,54.593,random,float32
8,400.734190,3423,52430573,54.871,random,float32
8,401.283195,4194,52430573,52.646,random,float32
8,401.819714,8926,52430573,53.504,random,float32
8,402.367086,8874,52430573,54.081,random,float32
8,402.909733,3667,52430573,53.256,random,float32
8,403.441563,8356,52430573,53.282,random,float32
8,403.979049,1227,52430573,52.846,random,float32
8,404.507902,3704,52430573,53.747,random,float32
8,405.039997,6679,52430573,56.728,random,float32
8,405.588404,8959,52430573,55.031,random,float32
8,406.142208,2698,52430573,57.867,random,float32
8,406.695123,9901,52430573,55.927,random,float32
8,407.241978,8064,52430573,55.261,random,float32
8,407.806772,6316,52430573,54.650,random,float32
8,408.341530,1707,52430573,54.763,random,float32
8,408.880952,1914,52430573,54.245,random,float32
8,409.420851,8226,52430573,52.892,random,float32
8,409.953906,2313,52430573,52.099,random,float32
8,410.482428,995,52430573,53.477,random,float32
8,411.021229,2605,52430573,53.115,random,float32
8,411.551730,4274,52430573,50.946,random,float32
8,412.089980,6960,52430573,53.737,random,float32
8,412.631688,8603,52430573,53.110,random,float32
8,413.173899,378,52430573,54.725,random,float32
8,413.733722,3229,52430573,54.156,random,float32
8,414.261323,5532,52430573,52.739,random,float32
8,414.800655,6954,52430573,55.065,random,float32
8,415.339365,9895,52430573,54.148,random,float32
8,415.867992,1445,52430573,53.843,random,float32
8,416.401902,5922,52430573,54.745,random,float32
8,416.934127,7805,52430573,50.733,random,float32
8,417.465456,7421,52430573,52.044,random,float32
8,418.006901,6925,52430573,52.988,random,float32
8,418.529761,7161,52430573,58.123,random,float32
8,419.077897,4537,52430573,54.441,random,float32
8,419.613258,5308,52430573,52.081,random,float32
8,420.156655,8056,52430573,55.705,random,float32
8,420.706100,4094,52430573,53.286,random,float32
8,421.249680,7432,52430573,54.387,random,float32
8,421.796867,1789,52430573,52.397,random,float32
8,422.343365,6745,52430573,52.777,random,float32
8,422.879413,6839,52430573,53.249,random,float32
8,423.412694,413,52430573,54.535,random,float32
8,423.953025,4765,52430573,52.251,random,float32
8,424.486086,6718,52430573,52.911,random,float32
8,425.018986,2094,52430573,54.338,random,float32
8,425.557439,9682,52430573,56.248,random,float32
8,426.089324,8509,52430573,54.155,random,float32
8,426.631158,3634,52430573,59.492,random,float32
8,427.202851,65,52430573,57.245,random,float32
8,427.779975,6060,52430573,54.817,random,float32
8,428.327934,8368,52430573,55.636,random,float32
8,428.867052,7700,52430573,52.549,random,float32
8,429.407237,2424,52430573,54.817,random,float32
8,429.944255,2612,52430573,52.057,random,float32
8,430.488030,2373,52430573,55.248,random,float32
8,431.022084,4340,52430573,57.322,random,float32
8,431.554562,3894,52430573,50.428,random,float32
8,432.087478,9120,52430573,55.319,random,float32
8,432.628402,2521,52430573,54.283,random,float32
8,433.176213,7982,52430573,55.781,random,float32
8,433.713615,5733,52430573,53.106,random,float32
8,434.250252,8818,52430573,54.767,random,float32
8,434.800008,979,52430573,53.607,random,float32
8,435.331873,5893,52430573,52.344,random,float32
8,435.867819,7939,52430573,53.817,random,float32
8,436.403714,1763,52430573,52.498,random,float32
8,436.945710,1220,52430573,54.382,random,float32
8,437.487918,9820,52430573,50.469,random,float32
8,438.018312,8418,52430573,52.634,random,float32
8,438.546980,7886,52430573,53.817,random,float32
8,439.091454,9473,52430573,56.001,random,float32
8,439.629723,1669,52430573,53.209,random,float32
8,440.164894,7883,52430573,52.908,random,float32
8,440.692052,604,52430573,51.164,random,float32
8,441.225845,8018,52430573,52.924,random,float32
8,441.760886,6535,52430573,52.982,random,float32
8,442.292612,9459,52430573,55.835,random,float32
8,442.821938,9346,52430573,55.530,random,float32
8,443.355962,586,52430573,57.114,random,float32
8,443.891249,5155,52430573,51.573,random,float32
8,444.419567,676,52430573,50.318,random,float32
8,444.955031,7871,52430573,52.202,random,float32
8,445.491105,1770,52430573,54.114,random,float32
8,446.027858,5622,52430573,53.266,random,float32
8,446.557085,1736,52430573,55.131,random,float32
8,447.088230,4799,52430573,55.061,random,float32
8,447.631954,8241,52430573,53.768,random,float32
8,448.178666,7661,52430573,53.721,random,float32
8,448.719449,6764,52430573,52.890,random,float32
8,449.269363,5877,52430573,58.451,random,float32
8,449.817476,2389,52430573,52.073,random,float32
8,450.355465,984,52430573,53.981,random,float32
8,450.895076,2767,52430573,58.112,random,float32
8,451.442608,9845,52430573,57.228,random,float32
8,451.992278,43,52430573,53.659,random,float32
8,452.550920,4180,52430573,56.147,random,float32
8,453.095161,5266,52430573,56.193,random,float32
8,453.643143,3644,52430573,56.118,random,float32
8,454.176299,1254,52430573,50.697,random,float32
8,454.718638,5065,52430573,56.883,random,float32
8,455.263877,3732,52430573,52.844,random,float32
8,455.810428,7321,52430573,53.815,random,float32
8,456.352853,9482,52430573,54.567,random,float32
8,456.895777,5877,52430573,53.568,random,float32
8,457.441136,3567,52430573,53.077,random,float32
8,457.979091,7520,52430573,53.242,random,float32
8,458.504142,1685,52430573,53.864,random,float32
8,459.034614,4892,52430573,54.929,random,float32
8,459.564160,1128,52430573,53.656,random,float32
8,460.118121,8481,52430573,56.667,random,float32
8,460.665832,3535,52430573,53.778,random,float32
8,461.243742,4090,52430573,54.808,random,float32
8,461.763211,3137,52430573,50.174,random,float32
8,462.300664,6542,52430573,52.699,random,float32
8,462.835834,509,52430573,52.027,random,float32
8,463.366869,8468,52430573,52.084,random,float32
8,463.898362,500,52430573,53.040,random,float32
8,464.435265,707,52430573,52.695,random,float32
8,464.967531,2191,52430573,52.969,random,float32
8,465.499089,9388,52430573,51.811,random,float32
8,466.026683,1624,52430573,54.079,random,float32
8,466.552805,8190,52430573,55.624,random,float32
8,467.083227,1197,52430573,51.357,random,float32
8,467.615155,2564,52430573,52.662,random,float32
8,468.135892,4149,52430573,51.522,random,float32
8,468.680680,1960,52430573,55.553,random,float32
8,469.242385,4519,52430573,60.313,random,float32
8,469.782663,6363,52430573,53.586,random,float32
8,470.316400,7043,52430573,52.386,random,float32
8,470.843263,7838,52430573,52.035,random,float32
8,471.369359,9121,52430573,56.099,random,float32
8,471.905866,7088,52430573,54.202,random,float32
8,472.440191,8057,52430573,52.783,random,float32
8,472.964097,4473,52430573,53.232,random,float32
8,473.492210,7805,52430573,52.351,random,float32
8,474.028165,9690,52430573,54.199,random,float32
8,474.564106,5356,52430573,56.821,random,float32
8,475.098729,5393,52430573,51.150,random,float32
8,475.638344,7018,52430573,52.703,random,float32
8,476.173566,5359,52430573,54.692,random,float32
8,476.706254,4202,52430573,49.129,random,float32
8,477.229128,497,52430573,54.573,random,float32
8,477.759516,2092,52430573,52.162,random,float32
8,478.315367,5438,52430573,55.095,random,float32
8,478.852418,7213,52430573,51.986,random,float32
8,479.385755,4613,52430573,54.191,random,float32
8,479.922424,845,52430573,55.091,random,float32
8,480.467412,7153,52430573,54.545,random,float32
8,481.008269,6376,52430573,54.092,random,float32
8,481.534456,2423,52430573,52.606,random,float32
8,482.067160,7307,52430573,53.650,random,float32
8,482.598517,2585,52430573,51.592,random,float32
8,483.137804,6139,52430573,54.294,random,float32
8,483.676116,8504,52430573,53.708,random,float32
8,484.211756,6728,52430573,53.803,random,float32
8,484.740110,1671,52430573,51.856,random,float32
8,485.289598,393,52430573,52.552,random,float32
8,485.830642,7288,52430573,56.060,random,float32
8,486.375989,2593,52430573,55.388,random,float32
8,486.910595,3355,52430573,53.501,random,float32
8,487.439366,1108,52430573,53.516,random,float32
8,487.988236,451,52430573,57.372,random,float32
8,488.541279,1333,52430573,53.352,random,float32
8,489.077662,8785,52430573,54.670,random,float32
8,489.623614,3779,52430573,53.813,random,float32
8,490.161010,3120,52430573,52.474,random,float32
8,490.698840,9181,52430573,54.279,random,float32
8,491.236931,2569,52430573,52.230,random,float32
8,491.774381,2545,52430573,55.781,random,float32
8,492.327692,2080,52430573,55.753,random,float32
8,492.868448,6957,52430573,53.701,random,float32
8,493.433009,1959,52430573,59.062,random,float32
8,493.986880,5354,52430573,55.007,random,float32
8,494.545424,8884,52430573,55.791,random,float32
8,495.114045,4056,52430573,56.544,random,float32
8,495.646108,2989,52430573,55.076,random,float32
8,496.175282,2543,52430573,51.572,random,float32
8,496.715989,1318,52430573,55.716,random,float32
8,497.267240,5038,52430573,56.975,random,float32
8,497.816749,4322,52430573,56.830,random,float32
8,498.360001,8629,52430573,55.202,random,float32
8,498.903444,9373,52430573,54.499,random,float32
8,499.442085,3780,52430573,55.122,random,float32
8,499.980167,8098,52430573,53.905,random,float32
8,500.518029,5267,52430573,54.118,random,float32
8,501.060017,3694,52430573,53.468,random,float32
8,501.602375,1321,52430573,55.919,random,float32
8,502.137873,3516,52430573,52.653,random,float32
8,502.676223,3839,52430573,53.551,random,float32
8,503.213206,7806,52430573,55.048,random,float32
8,503.764229,3696,52430573,52.592,random,float32
8,504.310098,359,52430573,52.859,random,float32
8,504.842641,6750,52430573,52.706,random,float32
8,505.371547,2175,52430573,52.286,random,float32
8,505.915514,7219,52430573,55.306,random,float32
8,506.472533,3644,52430573,54.763,random,float32
8,507.002936,4226,52430573,54.426,random,float32
8,507.531730,3377,52430573,51.305,random,float32
8,508.059897,4624,52430573,49.372,random,float32
8,508.581747,8362,52430573,52.032,random,float32
8,509.123374,7187,52430573,52.895,random,float32
8,509.663031,182,52430573,53.103,random,float32
8,510.195535,8183,52430573,55.435,random,float32
8,510.718857,9294,52430573,51.761,random,float32
8,511.257163,6710,52430573,54.587,random,float32
8,511.777728,7467,52430573,52.696,random,float32
8,512.298806,4721,52430573,55.315,random,float32
8,512.834888,9535,52430573,56.178,random,float32
8,513.368100,8498,52430573,55.197,random,float32
8,513.902631,8047,52430573,53.579,random,float32
8,514.430011,4113,52430573,57.222,random,float32
8,514.972658,2532,52430573,56.188,random,float32
8,515.522724,6409,52430573,54.812,random,float32
8,516.068108,294,52430573,56.508,random,float32
8,516.612678,5680,52430573,54.750,random,float32
8,517.145752,38,52430573,53.079,random,float32
8,517.673979,1492,52430573,52.994,random,float32
8,518.202495,2189,52430573,51.842,random,float32
8,518.722441,60,52430573,51.187,random,float32
8,519.265728,6581,52430573,54.852,random,float32
8,519.798361,5896,52430573,54.992,random,float32
8,520.347289,9063,52430573,52.461,random,float32
8,520.894461,214,52430573,55.017,random,float32
8,521.448248,2471,52430573,55.092,random,float32
8,521.992386,7392,52430573,52.066,random,float32
8,522.530975,3806,52430573,51.589,random,float32
8,523.066494,1680,52430573,52.765,random,float32
8,523.610619,811,52430573,54.745,random,float32
8,524.156609,7592,52430573,55.969,random,float32
8,524.704037,3746,52430573,53.154,random,float32
8,525.227361,1062,52430573,50.269,random,float32
8,525.751573,9424,52430573,54.315,random,float32
8,526.278741,7906,52430573,52.712,random,float32
8,526.812943,9556,52430573,53.204,random,float32
8,527.348834,8974,52430573,52.027,random,float32
8,527.894121,2520,52430573,55.899,random,float32
8,528.453002,2319,52430573,55.687,random,float32
8,529.001878,3234,52430573,53.555,random,float32
8,529.553026,1816,52430573,63.265,random,float32
8,530.124970,3235,52430573,54.799,random,float32
8,530.663235,2662,52430573,53.707,random,float32
8,531.195453,1064,52430573,51.963,random,float32
8,531.739810,961,52430573,54.390,random,float32
8,532.273762,9910,52430573,53.252,random,float32
8,532.814994,430,52430573,58.699,random,float32
8,533.356101,3300,52430573,54.789,random,float32
8,533.896765,1924,52430573,53.129,random,float32
8,534.448050,3018,52430573,55.790,random,float32
8,535.001495,5089,52430573,54.656,random,float32
8,535.547745,7989,52430573,54.194,random,float32
8,536.106829,3580,52430573,56.009,random,float32
8,536.667181,7705,52430573,54.746,random,float32
8,537.221595,6134,52430573,58.908,random,float32
8,537.770040,6921,52430573,55.975,random,float32
8,538.310056,9168,52430573,53.149,random,float32
8,538.850514,7059,52430573,52.241,random,float32
8,539.386641,7510,52430573,53.300,random,float32
8,539.916003,4871,52430573,53.362,random,float32
8,540.475305,7187,52430573,53.878,random,float32
8,541.004995,491,52430573,53.011,random,float32
8,541.548310,7752,52430573,56.361,random,float32
8,542.103351,3391,52430573,59.004,random,float32
8,542.645759,1823,52430573,53.040,random,float32
8,543.186256,6415,52430573,53.376,random,float32
8,543.732933,5657,52430573,56.379,random,float32
8,544.261879,8592,52430573,52.469,random,float32
8,544.789118,2673,52430573,52.826,random,float32
8,545.314538,3123,52430573,53.789,random,float32
8,545.844657,8702,52430573,51.578,random,float32
8,546.379688,8025,52430573,50.864,random,float32
8,546.906040,5312,52430573,52.946,random,float32
8,547.432475,8311,52430573,51.672,random,float32
8,547.962532,5617,52430573,54.261,random,float32
8,548.496061,3159,52430573,56.685,random,float32
8,549.033297,2016,52430573,54.749,random,float32
8,549.569783,1018,52430573,54.253,random,float32
8,550.100271,3905,52430573,51.578,random,float32
8,550.638627,7553,52430573,53.501,random,float32
8,551.193547,6184,52430573,55.982,random,float32
8,551.734390,9578,52430573,53.716,random,float32
8,552.271167,3005,52430573,55.117,random,float32
8,552.805272,8502,52430573,54.531,random,float32
8,553.346784,7496,52430573,54.746,random,float32
8,553.881789,9114,52430573,52.069,random,float32
8,554.416927,2315,52430573,54.417,random,float32
8,554.961636,4269,52430573,54.885,random,float32
8,555.510273,7071,52430573,55.375,random,float32
8,556.044522,9324,52430573,52.573,random,float32
8,556.572651,8082,52430573,53.647,random,float32
8,557.113810,5466,52430573,55.206,random,float32
8,557.651731,4752,52430573,53.871,random,float32
8,558.195071,2900,52430573,51.904,random,float32
8,558.727335,6018,52430573,52.083,random,float32
8,559.262413,1448,52430573,52.094,random,float32
8,559.795700,412,52430573,53.992,random,float32
8,560.335484,8001,52430573,53.987,random,float32
8,560.871222,7229,52430573,54.440,random,float32
8,561.409247,3816,52430573,54.542,random,float32
8,561.963136,9284,52430573,56.069,random,float32
8,562.519866,5149,52430573,53.845,random,float32
8,563.063924,8991,52430573,55.454,random,float32
8,563.605278,4179,52430573,54.380,random,float32
8,564.130398,4396,52430573,46.290,random,float32
8,564.671452,1741,52430573,52.847,random,float32
8,565.209680,6075,52430573,55.201,random,float32
8,565.759072,9630,52430573,52.727,random,float32
8,566.301452,7324,52430573,55.778,random,float32
8,566.845537,1363,52430573,54.514,random,float32
8,567.380191,4989,52430573,53.419,random,float32
8,567.921476,6905,52430573,52.898,random,float32
8,568.466429,5719,52430573,53.956,random,float32
8,569.012471,593,52430573,53.310,random,float32
8,569.542966,3498,52430573,55.758,random,float32
8,570.091903,8533,52430573,55.263,random,float32
8,570.636331,3235,52430573,55.073,random,float32
8,571.177571,2461,52430573,53.433,random,float32
8,571.703103,6042,52430573,53.192,random,float32
8,572.245110,4885,52430573,57.422,random,float32
8,572.799207,9739,52430573,54.703,random,float32
8,573.339316,3167,52430573,55.401,random,float32
8,573.873040,373,52430573,53.274,random,float32
8,574.410030,291,52430573,56.288,random,float32
8,574.963340,9891,52430573,52.811,random,float32
8,575.485148,7894,52430573,53.282,random,float32
8,576.020650,7315,52430573,53.042,random,float32
8,576.548681,7431,52430573,51.703,random,float32
8,577.086959,2122,52430573,53.906,random,float32
8,577.611738,7280,52430573,52.962,random,float32
8,578.143934,1684,52430573,54.843,random,float32
8,578.671272,8837,52430573,53.028,random,float32
8,579.202104,968,52430573,54.005,random,float32
8,579.749690,4330,52430573,52.265,random,float32
8,580.288459,1624,52430573,55.739,random,float32
8,580.826605,1134,52430573,52.941,random,float32
8,581.360061,9000,52430573,55.022,random,float32
8,581.891348,9387,52430573,52.734,random,float32
8,582.408070,2085,52430573,53.348,random,float32
8,582.941697,7633,52430573,54.571,random,float32
8,583.469095,6858,52430573,51.100,random,float32
8,584.012550,9009,52430573,53.221,random,float32
8,584.560036,8344,52430573,55.069,random,float32
8,585.105733,2781,52430573,54.275,random,float32
8,585.642244,7198,52430573,52.480,random,float32
8,586.190918,8369,52430573,54.132,random,float32
8,586.736634,5448,52430573,54.790,random,float32
8,587.270299,3801,52430573,51.329,random,float32
8,587.794844,3581,52430573,52.461,random,float32
8,588.327428,4414,52430573,54.933,random,float32
8,588.863949,8085,52430573,54.874,random,float32
8,589.402853,9037,52430573,54.378,random,float32
8,589.949523,3691,52430573,54.354,random,float32
8,590.487709,8967,52430573,52.705,random,float32
8,591.023690,7962,52430573,55.694,random,float32
8,591.560865,1824,52430573,51.167,random,float32
8,592.100259,8681,52430573,53.103,random,float32
8,592.636088,2652,52430573,53.062,random,float32
8,593.175835,7526,52430573,54.104,random,float32
8,593.727328,2623,52430573,51.530,random,float32
8,594.263044,6962,52430573,51.067,random,float32
8,594.804588,8816,52430573,56.977,random,float32
8,595.338812,7755,52430573,54.297,random,float32
8,595.890917,2605,52430573,56.390,random,float32
8,596.456170,4891,52430573,56.164,random,float32
8,597.009843,1859,52430573,54.734,random,float32
8,597.549479,2697,52430573,54.433,random,float32
8,598.080589,4577,52430573,52.196,random,float32
8,598.629043,9772,52430573,55.265,random,float32
8,599.177514,4447,52430573,55.165,random,float32
8,599.737769,7011,52430573,53.328,random,float32
8,600.301151,2321,52430573,58.171,random,float32
8,600.854630,6755,52430573,51.867,random,float32
8,601.396522,9948,52430573,54.213,random,float32
8,601.922425,8538,52430573,51.762,random,float32
8,602.454267,9642,52430573,51.576,random,float32
8,602.987043,7073,52430573,53.280,random,float32
8,603.522635,6365,52430573,53.340,random,float32
8,604.057273,7770,52430573,52.695,random,float32
8,604.587446,6449,52430573,53.865,random,float32
8,605.113247,1760,52430573,53.011,random,float32
8,605.640914,3123,52430573,53.412,random,float32
8,606.176857,1960,52430573,52.122,random,float32
8,606.703200,3462,52430573,55.042,random,float32
8,607.234214,4678,52430573,56.134,random,float32
8,607.760846,8157,52430573,54.862,random,float32
8,608.301361,3835,52430573,54.466,random,float32
8,608.830792,3912,52430573,51.244,random,float32
8,609.369200,3856,52430573,54.561,random,float32
8,609.899903,3522,52430573,56.176,random,float32
8,610.436343,7776,52430573,52.750,random,float32
8,610.974554,3017,52430573,55.403,random,float32
8,611.507240,32,52430573,55.327,random,float32
8,612.042605,7528,52430573,53.861,random,float32
8,612.585605,6404,52430573,54.153,random,float32
8,613.122283,3420,52430573,56.353,random,float32
8,613.677005,895,52430573,55.297,random,float32
8,614.223587,9869,52430573,53.917,random,float32
8,614.760619,9118,52430573,55.433,random,float32
8,615.286814,1398,52430573,54.161,random,float32
8,615.827068,6980,52430573,53.210,random,float32
8,616.364382,1995,52430573,51.797,random,float32
8,616.908193,1992,52430573,54.096,random,float32
8,617.456417,1613,52430573,53.814,random,float32
8,617.993714,332,52430573,52.187,random,float32
8,618.530414,8231,52430573,51.389,random,float32
8,619.062104,7776,52430573,52.867,random,float32
8,619.600971,1895,52430573,55.001,random,float32
8,620.138337,5798,52430573,53.303,random,float32
8,620.688952,9094,52430573,57.230,random,float32
8,621.224832,1052,52430573,53.811,random,float32
8,621.758964,7371,52430573,52.918,random,float32
8,622.297031,2657,52430573,53.052,random,float32
8,622.828436,1355,52430573,53.328,random,float32
8,623.379795,8561,52430573,54.990,random,float32
8,623.925061,9893,52430573,54.620,random,float32
8,624.465696,4430,52430573,55.637,random,float32
8,625.006274,1231,52430573,59.337,random,float32
8,625.545620,6074,52430573,53.911,random,float32
8,626.081785,669,52430573,51.819,random,float32
8,626.618316,8014,52430573,56.025,random,float32
8,627.154669,4088,52430573,52.555,random,float32
8,627.713378,4666,52430573,56.850,random,float32
8,628.249750,4389,52430573,52.223,random,float32
8,628.799440,473,52430573,56.785,random,float32
8,629.341387,5498,52430573,54.746,random,float32
8,629.887027,8207,52430573,51.226,random,float32
8,630.448432,9847,52430573,56.730,random,float32
8,631.008555,3086,52430573,55.570,random,float32
8,631.564233,7224,52430573,56.112,random,float32
8,632.117826,1003,52430573,55.100,random,float32
8,632.667085,9578,52430573,53.221,random,float32
8,633.205540,1840,52430573,56.300,random,float32
8,633.775934,6475,52430573,57.803,random,float32
8,634.333584,3041,52430573,54.846,random,float32
8,634.892737,388,52430573,54.361,random,float32
8,635.448706,1703,52430573,53.144,random,float32
8,635.992166,1163,52430573,52.576,random,float32
8,636.540263,6990,52430573,56.508,random,float32
8,637.087998,4735,52430573,53.672,random,float32
8,637.609940,393,52430573,50.447,random,float32
8,638.152691,6920,52430573,51.814,random,float32
8,638.679885,5184,52430573,56.391,random,float32
8,639.204812,9934,52430573,54.998,random,float32
8,639.732599,3164,52430573,51.974,random,float32
8,640.272518,8233,52430573,53.540,random,float32
8,640.815626,8767,52430573,54.044,random,float32
8,641.354307,2625,52430573,56.332,random,float32
8,641.898580,2535,52430573,54.482,random,float32
8,642.429826,2309,52430573,52.517,random,float32
8,642.965374,7623,52430573,56.013,random,float32
8,643.515348,8835,52430573,52.922,random,float32
8,644.059805,7850,52430573,54.814,random,float32
8,644.589902,5382,52430573,51.981,random,float32
8,645.115147,7577,52430573,49.298,random,float32
8,645.652006,8906,52430573,55.499,random,float32
8,646.184014,346,52430573,52.788,random,float32
8,646.733805,6782,52430573,53.810,random,float32
8,647.272634,2339,52430573,52.455,random,float32
8,647.812185,1782,52430573,52.273,random,float32
8,648.334738,8044,52430573,50.918,random,float32
8,648.867089,1284,52430573,56.001,random,float32
8,649.405806,1340,52430573,54.993,random,float32
8,649.948114,1116,52430573,55.553,random,float32
8,650.488017,9764,52430573,52.308,random,float32
8,651.023429,2250,52430573,55.187,random,float32
8,651.558016,9102,52430573,52.574,random,float32
8,652.102444,2314,52430573,52.478,random,float32
8,652.652793,8869,52430573,54.254,random,float32
8,653.189869,5018,52430573,55.680,random,float32
8,653.730853,3747,52430573,52.138,random,float32
8,654.279487,7614,52430573,53.736,random,float32
8,654.834253,9695,52430573,55.854,random,float32
8,655.382044,984,52430573,55.331,random,float32
8,655.921383,8348,52430573,53.954,random,float32
8,656.472769,1266,52430573,55.748,random,float32
8,657.031065,6356,52430573,56.176,random,float32
8,657.574727,1783,52430573,55.350,random,float32
8,658.124280,7022,52430573,53.315,random,float32
8,658.660690,4538,52430573,53.051,random,float32
8,659.199529,7428,52430573,52.711,random,float32
8,659.743951,8776,52430573,54.454,random,float32
8,660.291933,9615,52430573,56.413,random,float32
8,660.841838,8766,52430573,54.505,random,float32
8,661.377192,2363,52430573,52.328,random,float32
8,661.905575,3233,52430573,51.576,random,float32
8,662.438231,8241,52430573,47.149,random,float32
8,662.966669,9832,52430573,50.500,random,float32
8,663.500010,7824,52430573,52.682,random,float32
8,664.031742,2125,52430573,54.498,random,float32
8,664.558637,9913,52430573,54.036,random,float32
8,665.088896,6639,52430573,51.952,random,float32
8,665.623666,8708,52430573,54.546,random,float32
8,666.153070,7238,52430573,51.454,random,float32
8,666.697470,2710,52430573,54.005,random,float32
8,667.241077,7936,52430573,54.138,random,float32
8,667.769790,84,52430573,54.293,random,float32
8,668.294207,2781,52430573,53.224,random,float32
8,668.812980,2800,52430573,51.157,random,float32
8,669.334459,503,52430573,52.343,random,float32
8,669.865344,8679,52430573,52.872,random,float32
8,670.397446,9513,52430573,54.723,random,float32
8,670.922402,2936,52430573,52.256,random,float32
8,671.449680,8310,52430573,52.726,random,float32
8,671.985084,6421,52430573,51.776,random,float32
8,672.515585,8124,52430573,54.306,random,float32
8,673.044893,9566,52430573,52.733,random,float32
8,673.579346,9841,52430573,53.540,random,float32
8,674.108234,2882,52430573,50.816,random,float32
8,674.636579,9893,52430573,53.318,random,float32
8,675.163789,8430,52430573,52.422,random,float32
8,675.675483,1591,52430573,50.779,random,float32
8,676.192777,5393,52430573,51.257,random,float32
8,676.721384,9210,52430573,53.724,random,float32
8,677.248867,4964,52430573,53.393,random,float32
8,677.778724,1597,52430573,53.271,random,float32
8,678.310285,9344,52430573,51.772,random,float32
8,678.847507,5067,52430573,55.107,random,float32
8,679.371933,3623,52430573,53.222,random,float32
8,679.900407,4971,52430573,51.050,random,float32
8,680.428890,8790,52430573,52.908,random,float32
8,680.964021,5797,52430573,54.348,random,float32
8,681.494600,8871,52430573,52.495,random,float32
8,682.017733,4837,52430573,52.218,random,float32
8,682.546420,6953,52430573,52.764,random,float32
8,683.064661,5003,52430573,51.263,random,float32
8,683.609268,9326,52430573,52.570,random,float32
8,684.135037,4832,52430573,56.013,random,float32
8,684.667916,2688,52430573,53.468,random,float32
8,685.191480,9504,52430573,54.408,random,float32
8,685.721178,1293,52430573,53.250,random,float32
8,686.251295,3982,52430573,52.969,random,float32
8,686.779581,3844,52430573,56.105,random,float32
8,687.312386,4304,52430573,52.013,random,float32
8,687.840130,5156,52430573,53.743,random,float32
8,688.369025,8710,52430573,53.392,random,float32
8,688.893376,3242,52430573,54.233,random,float32
8,689.431018,1715,52430573,54.379,random,float32
8,689.968092,8073,52430573,55.385,random,float32
8,690.513855,233,52430573,54.728,random,float32
8,691.064294,5621,52430573,56.441,random,float32
8,691.607733,9795,52430573,56.193,random,float32
8,692.139066,9896,52430573,53.201,random,float32
8,692.671102,1130,52430573,52.325,random,float32
8,693.199106,2829,52430573,51.654,random,float32
8,693.732247,6429,52430573,54.693,random,float32
8,694.258846,5878,52430573,55.764,random,float32
8,694.784245,1340,52430573,53.917,random,float32
8,695.317439,9301,52430573,53.154,random,float32
8,695.851810,1529,52430573,54.592,random,float32
8,696.370177,549,52430573,51.506,random,float32
8,696.891914,4294,52430573,52.895,random,float32
8,697.419823,9226,52430573,52.334,random,float32
8,697.947893,2937,52430573,53.558,random,float32
8,698.476768,6734,52430573,53.534,random,float32
8,699.011152,4197,52430573,52.447,random,float32
8,699.531034,7826,52430573,49.526,random,float32
8,700.057405,3724,52430573,53.559,random,float32
8,700.597161,9589,52430573,51.525,random,float32
8,701.143322,6323,52430573,55.369,random,float32
8,701.677019,4640,52430573,50.439,random,float32
8,702.191490,9867,52430573,54.891,random,float32
8,702.713753,3399,52430573,50.232,random,float32
8,703.238927,2763,52430573,54.494,random,float32
8,703.768594,6630,52430573,51.609,random,float32
8,704.302960,2248,52430573,53.049,random,float32
8,704.843340,7908,52430573,55.540,random,float32
8,705.379559,5160,52430573,55.850,random,float32
8,705.898335,3476,52430573,52.099,random,float32
8,706.422897,5730,52430573,51.117,random,float32
8,706.954182,9165,52430573,54.087,random,float32
8,707.493324,6456,52430573,54.462,random,float32
8,708.038132,4637,52430573,52.541,random,float32
8,708.581530,5224,52430573,54.325,random,float32
8,709.122361,1099,52430573,54.194,random,float32
8,709.658822,6896,52430573,53.278,random,float32
8,710.205634,9763,52430573,54.563,random,float32
8,710.739298,1558,52430573,53.100,random,float32
8,711.274397,4853,52430573,54.656,random,float32
8,711.820862,2814,52430573,57.095,random,float32
8,712.372786,2532,52430573,53.376,random,float32
8,712.897386,1732,52430573,51.943,random,float32
8,713.424691,2506,52430573,53.477,random,float32
8,713.953318,2670,52430573,53.155,random,float32
8,714.482233,8128,52430573,53.381,random,float32
8,715.021143,8783,52430573,55.374,random,float32
8,715.565862,2515,52430573,55.067,random,float32
8,716.118884,806,52430573,55.191,random,float32
8,716.659007,5927,52430573,53.886,random,float32
8,717.201374,355,52430573,55.848,random,float32
8,717.739485,3657,52430573,56.292,random,float32
8,718.302049,5243,52430573,58.060,random,float32
8,718.859614,9093,52430573,56.086,random,float32
8,719.422816,1195,52430573,57.101,random,float32
8,719.968759,3179,52430573,57.954,random,float32
8,720.535964,9362,52430573,54.421,random,float32
8,721.083384,774,52430573,56.188,random,float32
8,721.633630,2515,52430573,55.999,random,float32
8,722.178632,5165,52430573,57.832,random,float32
8,722.727680,7952,52430573,54.601,random,float32
8,723.250789,722,52430573,50.353,random,float32
8,723.784545,5763,52430573,54.443,random,float32
8,724.312363,3774,52430573,52.673,random,float32
8,724.849874,7842,52430573,55.236,random,float32
8,725.399652,6518,52430573,55.959,random,float32
8,725.949543,1306,52430573,54.627,random,float32
8,726.492257,2562,52430573,53.709,random,float32
8,727.035343,9275,52430573,55.120,random,float32
8,727.588239,40,52430573,54.216,random,float32
8,728.130865,6737,52430573,55.161,random,float32
8,728.678822,3677,52430573,58.006,random,float32
8,729.219618,6206,52430573,54.256,random,float32
8,729.757734,2801,52430573,53.159,random,float32
8,730.304980,9165,52430573,56.752,random,float32
8,730.858487,5413,52430573,56.075,random,float32
8,731.405082,4851,52430573,56.158,random,float32
8,731.961801,7482,52430573,56.053,random,float32
8,732.510414,3444,52430573,54.689,random,float32
8,733.059280,8073,52430573,57.147,random,float32
8,733.640967,7166,52430573,59.930,random,float32
8,734.189094,3992,52430573,55.869,random,float32
8,734.741110,1879,52430573,54.420,random,float32
8,735.288452,9379,52430573,53.479,random,float32
8,735.829159,3380,52430573,54.879,random,float32
8,736.378124,8394,52430573,52.919,random,float32
8,736.918650,5667,52430573,52.605,random,float32
8,737.462389,6427,52430573,55.821,random,float32
8,738.017657,7045,52430573,55.502,random,float32
8,738.571002,4823,52430573,56.156,random,float32
8,739.121329,2769,52430573,53.514,random,float32
8,739.667545,4002,52430573,53.317,random,float32
8,740.214306,9408,52430573,53.817,random,float32
8,740.764261,7622,52430573,53.786,random,float32
8,741.300158,5867,52430573,53.311,random,float32
8,741.821809,7762,52430573,49.281,random,float32
8,742.350723,814,52430573,49.483,random,float32
8,742.890989,9873,52430573,52.599,random,float32
8,743.427241,923,52430573,54.991,random,float32
8,743.977953,3394,52430573,58.377,random,float32
8,744.516515,6576,52430573,51.871,random,float32
8,745.059982,5822,52430573,55.504,random,float32
8,745.608907,4633,52430573,54.311,random,float32
8,746.163476,7834,52430573,54.521,random,float32
8,746.695179,4054,52430573,53.139,random,float32
8,747.245300,4517,52430573,58.156,random,float32
8,747.793089,2149,52430573,55.727,random,float32
8,748.337010,1439,52430573,53.901,random,float32
8,748.880251,1308,52430573,54.465,random,float32
8,749.424547,3756,52430573,54.195,random,float32
8,749.970264,411,52430573,55.274,random,float32
8,750.507296,305,52430573,55.296,random,float32
8,751.052722,9379,52430573,53.580,random,float32
8,751.597639,5088,52430573,53.415,random,float32
8,752.132675,4484,52430573,53.592,random,float32
8,752.668362,3205,52430573,53.116,random,float32
8,753.197884,7480,52430573,52.199,random,float32
8,753.736933,7492,52430573,54.365,random,float32
8,754.289650,6154,52430573,55.831,random,float32
8,754.830318,4792,52430573,53.962,random,float32
8,755.361188,1263,52430573,51.698,random,float32
8,755.900650,6727,52430573,55.796,random,float32
8,756.442142,6768,52430573,53.389,random,float32
8,757.000868,8368,52430573,59.803,random,float32
8,757.537126,3068,52430573,53.721,random,float32
8,758.066973,2252,52430573,49.138,random,float32
8,758.604390,5019,52430573,54.247,random,float32
8,759.139627,1164,52430573,52.959,random,float32
8,759.672426,4401,52430573,54.763,random,float32
8,760.219441,3345,52430573,53.352,random,float32
8,760.754965,8417,52430573,54.225,random,float32
8,761.290898,5219,52430573,54.639,random,float32
8,761.820066,930,52430573,54.791,random,float32
8,762.375281,4117,52430573,54.822,random,float32
8,762.912515,5968,52430573,51.272,random,float32
8,763.443510,5309,52430573,53.420,random,float32
8,763.981262,5951,52430573,54.368,random,float32
8,764.512001,2599,52430573,52.888,random,float32
8,765.045429,9031,52430573,52.401,random,float32
8,765.596757,7259,52430573,55.214,random,float32
8,766.130739,9285,52430573,52.912,random,float32
8,766.680858,3163,52430573,56.911,random,float32
8,767.234637,4075,52430573,53.370,random,float32
8,767.771626,7644,52430573,53.531,random,float32
8,768.303949,7719,52430573,53.634,random,float32
8,768.836506,5351,52430573,53.797,random,float32
8,769.378436,525,52430573,53.429,random,float32
8,769.928333,9004,52430573,55.043,random,float32
8,770.467710,6396,52430573,53.664,random,float32
8,771.014073,308,52430573,52.702,random,float32
8,771.554068,4367,52430573,53.987,random,float32
8,772.084869,3504,52430573,53.483,random,float32
8,772.634439,2418,52430573,55.219,random,float32
8,773.190013,8918,52430573,54.811,random,float32
8,773.725374,3065,52430573,54.688,random,float32
8,774.259697,7489,52430573,53.756,random,float32
8,774.798081,7760,52430573,53.779,random,float32
8,775.332019,51,52430573,51.315,random,float32
8,775.863930,5339,52430573,52.836,random,float32
8,776.406790,5197,52430573,55.295,random,float32
8,776.941744,9468,52430573,51.916,random,float32
8,777.479867,5088,52430573,54.439,random,float32
8,778.011311,3720,52430573,52.099,random,float32
8,778.544958,5118,52430573,55.273,random,float32
8,779.073324,2049,52430573,52.131,random,float32
8,779.602350,2125,52430573,53.149,random,float32
8,780.125067,847,52430573,56.782,random,float32
8,780.657506,1799,52430573,54.295,random,float32
8,781.167760,3701,52430573,52.866,random,float32
8,781.696429,9674,52430573,55.700,random,float32
8,782.226590,8323,52430573,56.066,random,float32
8,782.757077,5393,52430573,54.516,random,float32
8,783.296983,9622,52430573,53.797,random,float32
8,783.817985,8079,52430573,51.542,random,float32
8,784.341054,7049,52430573,52.443,random,float32
8,784.879467,3974,52430573,54.572,random,float32
8,785.414445,913,52430573,54.196,random,float32
8,785.964947,1886,52430573,56.055,random,float32
8,786.501175,4265,52430573,55.633,random,float32
8,787.046736,3381,52430573,54.094,random,float32
8,787.578403,647,52430573,54.129,random,float32
8,788.126490,4277,52430573,55.069,random,float32
8,788.660377,3761,52430573,54.416,random,float32
8,789.185322,2571,52430573,53.726,random,float32
8,789.720216,2388,52430573,55.177,random,float32
8,790.253327,9694,52430573,54.650,random,float32
8,790.789004,5700,52430573,55.931,random,float32
8,791.321707,35,52430573,57.500,random,float32
8,791.850993,2318,52430573,52.427,random,float32
8,792.380251,5339,52430573,51.491,random,float32
8,792.914440,3195,52430573,54.220,random,float32
8,793.448260,3842,52430573,54.562,random,float32
8,793.974790,8851,52430573,56.128,random,float32
8,794.498834,4204,52430573,53.516,random,float32
8,795.021781,6924,52430573,50.140,random,float32
8,795.542808,9937,52430573,50.361,random,float32
8,796.065907,3451,52430573,52.897,random,float32
8,796.596667,1630,52430573,52.817,random,float32
8,797.145532,5432,52430573,53.932,random,float32
8,797.688721,5638,52430573,56.328,random,float32
8,798.219324,2854,52430573,52.110,random,float32
8,798.752880,4138,52430573,53.537,random,float32
8,799.282961,8638,52430573,51.520,random,float32
8,799.820813,5326,52430573,52.599,random,float32
8,800.386475,2482,52430573,56.006,random,float32
8,800.933671,3500,52430573,52.029,random,float32
8,801.469208,3236,52430573,53.738,random,float32
8,802.006262,1923,52430573,52.580,random,float32
8,802.549932,7664,52430573,52.787,random,float32
8,803.090453,5980,52430573,54.561,random,float32
8,803.623618,4065,52430573,53.910,random,float32
8,804.157085,9972,52430573,52.438,random,float32
8,804.680440,438,52430573,51.258,random,float32
8,805.211493,6889,52430573,51.572,random,float32
8,805.745367,8767,52430573,54.142,random,float32
8,806.273617,1867,52430573,52.627,random,float32
8,806.804340,8867,52430573,55.164,random,float32
8,807.333281,2625,52430573,56.272,random,float32
8,807.864114,212,52430573,51.270,random,float32
8,808.390573,3117,52430573,53.950,random,float32
8,808.921608,7031,52430573,53.263,random,float32
8,809.447073,2322,52430573,50.958,random,float32
8,809.980816,8811,52430573,51.805,random,float32
8,810.511213,8150,52430573,52.838,random,float32
8,811.048856,9745,52430573,51.182,random,float32
8,811.576264,7546,52430573,51.808,random,float32
8,812.106349,4183,52430573,53.100,random,float32
8,812.651571,4672,52430573,55.229,random,float32
8,813.188336,3389,52430573,53.700,random,float32
8,813.720551,7623,52430573,53.297,random,float32
8,814.241563,7463,52430573,51.338,random,float32
8,814.773900,7590,52430573,53.206,random,float32
8,815.308383,5118,52430573,54.094,random,float32
8,815.836464,4726,52430573,54.422,random,float32
8,816.364227,8893,52430573,48.725,random,float32
8,816.909498,498,52430573,55.332,random,float32
8,817.439426,2380,52430573,52.615,random,float32
8,817.967659,1447,52430573,52.108,random,float32
8,818.501527,7252,52430573,53.033,random,float32
8,819.013132,1478,52430573,51.655,random,float32
8,819.544995,159,52430573,55.386,random,float32
8,820.069687,1847,52430573,52.428,random,float32
8,820.598166,1279,52430573,50.023,random,float32
8,821.115321,1483,52430573,48.761,random,float32
8,821.640555,1617,52430573,52.785,random,float32
8,822.182565,6106,52430573,54.815,random,float32
8,822.715307,4815,52430573,53.202,random,float32
8,823.238988,784,52430573,50.507,random,float32
8,823.766460,6910,52430573,55.747,random,float32
8,824.295732,9250,52430573,53.370,random,float32
8,824.837633,1952,52430573,53.147,random,float32
8,825.375075,270,52430573,53.230,random,float32
8,825.904762,8540,52430573,53.554,random,float32
8,826.444449,5123,52430573,53.288,random,float32
8,826.984876,8260,52430573,53.346,random,float32
8,827.520237,8661,52430573,53.262,random,float32
8,828.054246,3741,52430573,54.399,random,float32
8,828.601106,980,52430573,55.257,random,float32
8,829.142684,9518,52430573,53.188,random,float32
8,829.673365,8348,52430573,52.176,random,float32
8,830.196811,2852,52430573,52.459,random,float32
8,830.727487,34,52430573,50.998,random,float32
8,831.271660,7363,52430573,55.676,random,float32
8,831.809476,7171,52430573,52.556,random,float32
8,832.352298,2489,52430573,53.726,random,float32
8,832.897698,2550,52430573,53.556,random,float32
8,833.471387,6354,52430573,54.248,random,float32
8,834.019535,8105,52430573,51.364,random,float32
8,834.560892,8350,52430573,53.518,random,float32
8,835.097604,1775,52430573,54.220,random,float32
8,835.623315,9795,52430573,53.613,random,float32
8,836.158845,2005,52430573,55.400,random,float32
8,836.685888,7414,52430573,54.213,random,float32
8,837.224149,8762,52430573,54.853,random,float32
8,837.765883,3206,52430573,53.317,random,float32
8,838.304215,8064,52430573,53.156,random,float32
8,838.840924,7149,52430573,54.162,random,float32
8,839.378559,6884,52430573,53.131,random,float32
8,839.903388,5162,52430573,54.445,random,float32
8,840.448534,2942,52430573,51.623,random,float32
8,840.976617,9288,52430573,56.067,random,float32
8,841.517022,7510,52430573,54.970,random,float32
8,842.062794,6821,52430573,56.984,random,float32
8,842.612757,5106,52430573,55.618,random,float32
8,843.146736,6251,52430573,52.008,random,float32
8,843.680111,8317,52430573,51.014,random,float32
8,844.212675,9856,52430573,53.068,random,float32
8,844.751341,7471,52430573,53.302,random,float32
8,845.286700,9757,52430573,52.103,random,float32
8,845.825071,8305,52430573,54.850,random,float32
8,846.355430,3575,52430573,52.943,random,float32
8,846.895220,8601,52430573,53.162,random,float32
8,847.404725,666,52430573,53.588,random,float32
8,847.932323,6723,52430573,51.948,random,float32
8,848.465312,4132,52430573,54.390,random,float32
8,849.002376,1701,52430573,53.644,random,float32
8,849.540432,7845,52430573,56.596,random,float32
8,850.079282,7135,52430573,55.975,random,float32
8,850.616926,23,52430573,50.260,random,float32
8,851.146910,5156,52430573,54.202,random,float32
8,851.696673,5309,52430573,53.978,random,float32
8,852.241997,3199,52430573,56.764,random,float32
8,852.796461,5449,52430573,54.481,random,float32
8,853.343946,7843,52430573,55.026,random,float32
8,853.883512,6259,52430573,55.984,random,float32
8,854.427891,6752,52430573,56.781,random,float32
8,854.969693,9157,52430573,54.694,random,float32
8,855.507702,7663,52430573,51.652,random,float32
8,856.046778,4597,52430573,53.289,random,float32
8,856.594402,7953,52430573,55.217,random,float32
8,857.138941,2156,52430573,54.539,random,float32
8,857.698078,3660,52430573,58.904,random,float32
8,858.245975,3532,52430573,53.714,random,float32
8,858.783310,9739,52430573,53.721,random,float32
8,859.328820,4174,52430573,55.351,random,float32
8,859.872519,8875,52430573,54.598,random,float32
8,860.421294,7830,52430573,54.709,random,float32
8,860.958706,6976,52430573,54.355,random,float32
8,861.494810,3927,52430573,50.461,random,float32
8,862.014473,2675,52430573,52.512,random,float32
8,862.540610,8601,52430573,54.281,random,float32
8,863.073092,3446,52430573,54.733,random,float32
8,863.613025,8672,52430573,50.405,random,float32
8,864.136643,9962,52430573,51.180,random,float32
8,864.661995,7031,52430573,52.917,random,float32
8,865.192379,1204,52430573,51.156,random,float32
8,865.726818,3207,52430573,53.817,random,float32
8,866.255485,2808,52430573,52.070,random,float32
8,866.820218,2144,52430573,57.710,random,float32
8,867.369296,957,52430573,56.185,random,float32
8,867.895938,6231,52430573,52.008,random,float32
8,868.420908,6437,52430573,53.371,random,float32
8,868.940830,8856,52430573,53.595,random,float32
8,869.475430,4082,52430573,53.906,random,float32
8,870.005388,2546,52430573,51.043,random,float32
8,870.539704,5432,52430573,52.899,random,float32
8,871.066762,3641,52430573,52.409,random,float32
8,871.592307,2701,52430573,54.985,random,float32
8,872.123016,1289,52430573,54.301,random,float32
8,872.660645,4648,52430573,53.428,random,float32
8,873.192750,35,52430573,53.370,random,float32
8,873.726118,6675,52430573,50.311,random,float32
8,874.261401,2893,52430573,52.084,random,float32
8,874.799832,5369,52430573,53.140,random,float32
8,875.323905,9022,52430573,51.394,random,float32
8,875.855748,8515,52430573,50.361,random,float32
8,876.381770,4454,52430573,47.427,random,float32
8,876.924596,9543,52430573,52.616,random,float32
8,877.456777,9048,52430573,50.706,random,float32
8,877.989401,2071,52430573,56.079,random,float32
8,878.519433,7217,52430573,52.699,random,float32
8,879.057952,9365,52430573,52.696,random,float32
8,879.600317,1738,52430573,54.320,random,float32
8,880.147565,9421,52430573,54.183,random,float32
8,880.689899,5100,52430573,55.167,random,float32
8,881.228774,3162,52430573,56.200,random,float32
8,881.779638,1171,52430573,55.646,random,float32
8,882.320433,7158,52430573,54.979,random,float32
8,882.855587,507,52430573,56.279,random,float32
8,883.384702,4295,52430573,52.569,random,float32
8,883.925480,8316,52430573,55.480,random,float32
8,884.455843,3347,52430573,51.981,random,float32
8,884.989391,1095,52430573,49.344,random,float32
8,885.529836,2043,52430573,54.216,random,float32
8,886.057790,34,52430573,50.158,random,float32
8,886.590895,9492,52430573,53.246,random,float32
8,887.126939,9635,52430573,55.018,random,float32
8,887.669004,6881,52430573,53.719,random,float32
8,888.212427,3789,52430573,54.183,random,float32
8,888.746743,1077,52430573,54.153,random,float32
8,889.271496,9521,52430573,50.012,random,float32
8,889.806418,3139,52430573,55.781,random,float32
8,890.353942,1513,52430573,56.209,random,float32
8,890.895027,4112,52430573,51.608,random,float32
8,891.433226,2194,52430573,53.192,random,float32
8,891.968187,3109,52430573,53.927,random,float32
8,892.514362,467,52430573,54.644,random,float32
8,893.045875,8805,52430573,53.975,random,float32
8,893.579932,4932,52430573,53.804,random,float32
8,894.118011,5684,52430573,53.771,random,float32
8,894.654051,6005,52430573,53.333,random,float32
8,895.191347,471,52430573,52.596,random,float32
8,895.724024,9059,52430573,51.888,random,float32
8,896.262301,2317,52430573,53.091,random,float32
8,896.794319,3046,52430573,51.225,random,float32
8,897.316758,2020,52430573,51.138,random,float32
8,897.836199,2704,52430573,49.190,random,float32
8,898.375602,3993,52430573,52.897,random,float32
8,898.909296,4037,52430573,52.177,random,float32
8,899.441576,3210,52430573,52.461,random,float32
8,899.993230,4868,52430573,59.051,random,float32
9,300.524280,6857,52430573,55.217,random,float32
9,301.073053,4577,52430573,53.261,random,float32
9,301.628476,5923,52430573,54.974,random,float32
9,302.174622,727,52430573,54.076,random,float32
9,302.718268,6386,52430573,53.706,random,float32
9,303.262513,7265,52430573,55.414,random,float32
9,303.796482,6473,52430573,52.762,random,float32
9,304.325201,2223,52430573,53.279,random,float32
9,304.849301,21,52430573,53.869,random,float32
9,305.395644,8245,52430573,56.243,random,float32
9,305.940976,9424,52430573,55.988,random,float32
9,306.493171,9036,52430573,54.288,random,float32
9,307.044197,6841,52430573,53.820,random,float32
9,307.596570,3769,52430573,53.491,random,float32
9,308.148306,7748,52430573,62.388,random,float32
9,308.706118,3743,52430573,54.347,random,float32
9,309.250302,755,52430573,55.485,random,float32
9,309.805327,3813,52430573,54.933,random,float32
9,310.350990,5542,52430573,53.734,random,float32
9,310.888170,3678,52430573,53.491,random,float32
9,311.434343,5916,52430573,55.036,random,float32
9,311.975181,4868,52430573,54.885,random,float32
9,312.520515,4247,52430573,53.424,random,float32
9,313.048084,7531,52430573,51.749,random,float32
9,313.596974,5271,52430573,55.613,random,float32
9,314.151655,3942,52430573,54.730,random,float32
9,314.688828,9690,52430573,52.250,random,float32
9,315.219983,9846,52430573,55.023,random,float32
9,315.766416,5805,52430573,55.934,random,float32
9,316.313623,8555,52430573,54.337,random,float32
9,316.869490,9026,52430573,56.281,random,float32
9,317.409327,3590,52430573,55.317,random,float32
9,317.953612,2879,52430573,52.862,random,float32
9,318.483352,5042,52430573,52.238,random,float32
9,319.028300,9911,52430573,52.931,random,float32
9,319.581986,7374,52430573,55.155,random,float32
9,320.131774,4271,52430573,53.513,random,float32
9,320.661414,6464,52430573,53.010,random,float32
9,321.199335,6469,52430573,55.667,random,float32
9,321.739281,125,52430573,53.574,random,float32
9,322.282017,5797,52430573,55.050,random,float32
9,322.820028,13,52430573,54.473,random,float32
9,323.350879,5164,52430573,53.188,random,float32
9,323.886672,6249,52430573,55.081,random,float32
9,324.451875,7629,52430573,53.606,random,float32
9,325.024017,6294,52430573,57.252,random,float32
9,325.581620,3903,52430573,56.327,random,float32
9,326.136531,5468,52430573,58.874,random,float32
9,326.680935,246,52430573,54.885,random,float32
9,327.214633,6018,52430573,52.001,random,float32
9,327.751259,9973,52430573,51.044,random,float32
9,328.286910,9936,52430573,52.889,random,float32
9,328.828337,4990,52430573,52.968,random,float32
9,329.364427,1474,52430573,53.198,random,float32
9,329.899655,6950,52430573,52.249,random,float32
9,330.427375,5764,52430573,46.066,random,float32
9,330.963827,9213,52430573,53.971,random,float32
9,331.517690,7875,52430573,55.088,random,float32
9,332.089427,9920,52430573,58.197,random,float32
9,332.652996,7952,52430573,57.754,random,float32
9,333.218370,1447,52430573,56.143,random,float32
9,333.757847,2783,52430573,54.652,random,float32
9,334.298515,5962,52430573,52.139,random,float32
9,334.838029,6535,52430573,53.472,random,float32
9,335.370792,7714,52430573,55.364,random,float32
9,335.903503,8483,52430573,50.627,random,float32
9,336.439581,9337,52430573,54.244,random,float32
9,336.983922,3590,52430573,54.337,random,float32
9,337.537712,9638,52430573,54.388,random,float32
9,338.073778,2983,52430573,53.094,random,float32
9,338.607393,2985,52430573,52.388,random,float32
9,339.144078,3170,52430573,56.573,random,float32
9,339.692929,4026,52430573,58.901,random,float32
9,340.228595,4593,52430573,50.756,random,float32
9,340.764112,5981,52430573,54.352,random,float32
9,341.292439,9467,52430573,54.876,random,float32
9,341.823354,684,52430573,51.405,random,float32
9,342.366489,2219,52430573,54.140,random,float32
9,342.899078,4172,52430573,55.352,random,float32
9,343.436908,3768,52430573,54.837,random,float32
9,343.970752,9858,52430573,51.699,random,float32
9,344.519197,7389,52430573,56.171,random,float32
9,345.090292,356,52430573,53.238,random,float32
9,345.630169,6056,52430573,53.945,random,float32
9,346.165733,7498,52430573,54.165,random,float32
9,346.704907,5030,52430573,54.319,random,float32
9,347.247866,1259,52430573,54.513,random,float32
9,347.801605,7785,52430573,55.517,random,float32
9,348.343315,3106,52430573,54.285,random,float32
9,348.892660,2231,52430573,52.956,random,float32
9,349.464719,83,52430573,52.002,random,float32
9,350.000978,2915,52430573,54.519,random,float32
9,350.546993,9420,52430573,53.002,random,float32
9,351.093360,5315,52430573,52.067,random,float32
9,351.641393,222,52430573,57.288,random,float32
9,352.184582,4180,52430573,53.924,random,float32
9,352.718830,5174,52430573,52.457,random,float32
9,353.269397,5322,52430573,53.839,random,float32
9,353.812024,8263,52430573,55.560,random,float32
9,354.360281,4123,52430573,53.687,random,float32
9,354.903491,5253,52430573,52.984,random,float32
9,355.444094,567,52430573,52.812,random,float32
9,355.995066,7947,52430573,55.139,random,float32
9,356.537199,5394,52430573,52.559,random,float32
9,357.075165,682,52430573,51.997,random,float32
9,357.610830,1511,52430573,54.882,random,float32
9,358.164172,5577,52430573,55.561,random,float32
9,358.725390,4244,52430573,55.864,random,float32
9,359.284523,7243,52430573,56.405,random,float32
9,359.844219,5650,52430573,58.147,random,float32
9,360.403186,7091,52430573,55.131,random,float32
9,360.937452,4491,52430573,56.567,random,float32
9,361.472510,8091,52430573,51.653,random,float32
9,362.002497,3749,52430573,51.173,random,float32
9,362.543205,3689,52430573,52.913,random,float32
9,363.079506,3630,52430573,54.144,random,float32
9,363.624041,1566,52430573,54.433,random,float32
9,364.172468,3661,52430573,51.567,random,float32
9,364.706392,1200,52430573,54.662,random,float32
9,365.234138,3772,52430573,53.078,random,float32
9,365.776208,5780,52430573,56.209,random,float32
9,366.326189,4809,52430573,54.466,random,float32
9,366.877086,298,52430573,54.494,random,float32
9,367.425792,5206,52430573,53.578,random,float32
9,367.972479,2248,52430573,53.138,random,float32
9,368.507054,9385,52430573,54.261,random,float32
9,369.047172,8523,52430573,52.092,random,float32
9,369.580408,4252,52430573,53.149,random,float32
9,370.124744,4858,52430573,53.677,random,float32
9,370.654690,3943,52430573,53.017,random,float32
9,371.186778,2816,52430573,51.566,random,float32
9,371.717578,9559,52430573,52.959,random,float32
9,372.251715,5223,52430573,51.260,random,float32
9,372.778954,2581,52430573,51.445,random,float32
9,373.326998,8983,52430573,55.974,random,float32
9,373.865770,9809,52430573,54.702,random,float32
9,374.390562,9207,52430573,53.528,random,float32
9,374.943625,8821,52430573,54.930,random,float32
9,375.482245,8403,52430573,54.390,random,float32
9,376.033636,5421,52430573,53.458,random,float32
9,376.577633,7571,52430573,53.392,random,float32
9,377.126037,5024,52430573,54.089,random,float32
9,377.671413,9278,52430573,53.879,random,float32
9,378.214931,5729,52430573,56.538,random,float32
9,378.762446,1954,52430573,52.313,random,float32
9,379.305599,9328,52430573,54.940,random,float32
9,379.855212,685,52430573,53.336,random,float32
9,380.396582,2774,52430573,53.843,random,float32
9,380.937730,579,52430573,54.882,random,float32
9,381.481357,2865,52430573,51.812,random,float32
9,382.018754,539,52430573,54.633,random,float32
9,382.554608,6248,52430573,53.930,random,float32
9,383.078070,544,52430573,50.679,random,float32
9,383.619568,4655,52430573,55.626,random,float32
9,384.152347,4076,52430573,55.441,random,float32
9,384.704109,3424,52430573,56.159,random,float32
9,385.249110,4515,52430573,57.183,random,float32
9,385.806571,7310,52430573,55.938,random,float32
9,386.360318,2000,52430573,54.777,random,float32
9,386.915832,6223,52430573,55.490,random,float32
9,387.465680,3718,52430573,54.203,random,float32
9,388.003469,171,52430573,56.418,random,float32
9,388.539238,8746,52430573,52.662,random,float32
9,389.070570,5254,52430573,53.253,random,float32
9,389.601652,9660,52430573,52.839,random,float32
9,390.132025,8169,52430573,53.031,random,float32
9,390.674695,5296,52430573,52.440,random,float32
9,391.234552,863,52430573,53.062,random,float32
9,391.772554,2538,52430573,53.964,random,float32
9,392.302637,7701,52430573,51.260,random,float32
9,392.853109,6809,52430573,57.306,random,float32
9,393.414002,440,52430573,54.961,random,float32
9,393.953801,4156,52430573,51.627,random,float32
9,394.496625,9770,52430573,53.393,random,float32
9,395.030760,8264,52430573,52.357,random,float32
9,395.556727,9576,52430573,52.445,random,float32
9,396.069362,2959,52430573,51.010,random,float32
9,396.599214,6371,52430573,55.546,random,float32
9,397.128004,3943,52430573,51.930,random,float32
9,397.647973,7366,52430573,50.826,random,float32
9,398.177406,1116,52430573,52.568,random,float32
9,398.705188,1620,52430573,52.084,random,float32
9,399.231053,6514,52430573,53.380,random,float32
9,399.762373,2059,52430573,54.224,random,float32
9,400.294135,9242,52430573,52.291,random,float32
9,400.821462,3323,52430573,53.077,random,float32
9,401.356604,7784,52430573,53.607,random,float32
9,401.888193,9285,52430573,53.311,random,float32
9,402.416666,5595,52430573,56.192,random,float32
9,402.951406,5377,52430573,53.216,random,float32
9,403.489251,4315,52430573,55.309,random,float32
9,404.024422,9502,52430573,52.536,random,float32
9,404.542490,5674,52430573,54.748,random,float32
9,405.072861,1190,52430573,53.276,random,float32
9,405.615675,5387,52430573,54.325,random,float32
9,406.151934,5327,52430573,54.488,random,float32
9,406.692979,8940,52430573,55.514,random,float32
9,407.244332,1836,52430573,56.039,random,float32
9,407.792960,4870,52430573,55.486,random,float32
9,408.338238,9938,52430573,53.942,random,float32
9,408.873307,3975,52430573,52.675,random,float32
9,409.409192,7353,52430573,55.213,random,float32
9,409.952022,7589,52430573,54.774,random,float32
9,410.479534,775,52430573,56.728,random,float32
9,411.001417,62,52430573,50.908,random,float32
9,411.529589,5643,52430573,51.342,random,float32
9,412.053809,6464,52430573,51.010,random,float32
9,412.596613,3335,52430573,54.022,random,float32
9,413.131355,2794,52430573,53.616,random,float32
9,413.676967,7754,52430573,54.149,random,float32
9,414.207303,5801,52430573,52.610,random,float32
9,414.737091,9442,52430573,52.051,random,float32
9,415.277933,6911,52430573,54.564,random,float32
9,415.798578,2926,52430573,52.809,random,float32
9,416.332644,8578,52430573,53.468,random,float32
9,416.869080,9681,52430573,52.350,random,float32
9,417.408685,1196,52430573,56.158,random,float32
9,417.948289,6493,52430573,56.128,random,float32
9,418.481864,3747,52430573,51.988,random,float32
9,419.012969,5353,52430573,52.464,random,float32
9,419.545614,2578,52430573,52.569,random,float32
9,420.062434,6447,52430573,51.809,random,float32
9,420.598534,1444,52430573,53.517,random,float32
9,421.129770,6986,52430573,53.668,random,float32
9,421.661774,7242,52430573,54.091,random,float32
9,422.191714,7718,52430573,52.788,random,float32
9,422.712398,6112,52430573,51.736,random,float32
9,423.243457,1979,52430573,52.357,random,float32
9,423.785167,1661,52430573,54.358,random,float32
9,424.320355,6608,52430573,53.266,random,float32
9,424.855534,3825,52430573,52.140,random,float32
9,425.388054,2620,52430573,52.432,random,float32
9,425.927305,7471,52430573,52.897,random,float32
9,426.474231,2635,52430573,57.510,random,float32
9,427.041280,1500,52430573,54.857,random,float32
9,427.596511,8535,52430573,52.927,random,float32
9,428.132145,5211,52430573,51.873,random,float32
9,428.662345,3760,52430573,53.209,random,float32
9,429.192132,3227,52430573,50.170,random,float32
9,429.739031,9633,52430573,57.406,random,float32
9,430.291297,3322,52430573,55.288,random,float32
9,430.825545,925,52430573,55.254,random,float32
9,431.360334,6097,52430573,51.929,random,float32
9,431.895080,6819,52430573,54.184,random,float32
9,432.431117,3395,52430573,54.862,random,float32
9,432.971626,8078,52430573,54.948,random,float32
9,433.516963,1053,52430573,52.954,random,float32
9,434.048638,5386,52430573,52.864,random,float32
9,434.587333,8434,52430573,53.508,random,float32
9,435.118964,5711,52430573,51.190,random,float32
9,435.647919,9687,52430573,53.701,random,float32
9,436.166463,8055,52430573,51.325,random,float32
9,436.696397,1532,52430573,53.929,random,float32
9,437.237900,2350,52430573,51.526,random,float32
9,437.771664,2795,52430573,54.680,random,float32
9,438.297602,4944,52430573,54.723,random,float32
9,438.819111,2430,52430573,50.602,random,float32
9,439.356868,5472,52430573,53.306,random,float32
9,439.877948,2266,52430573,49.592,random,float32
9,440.400163,6575,52430573,54.665,random,float32
9,440.929601,519,52430573,50.639,random,float32
9,441.458200,1781,52430573,52.435,random,float32
9,441.993024,4312,52430573,51.164,random,float32
9,442.525364,2653,52430573,53.803,random,float32
9,443.055960,8791,52430573,52.618,random,float32
9,443.600813,1239,52430573,55.306,random,float32
9,444.150557,4081,52430573,56.811,random,float32
9,444.680353,2492,52430573,54.295,random,float32
9,445.211982,330,52430573,53.366,random,float32
9,445.752479,6452,52430573,55.945,random,float32
9,446.279433,4919,52430573,57.541,random,float32
9,446.820936,4789,52430573,53.680,random,float32
9,447.370840,3706,52430573,56.065,random,float32
9,447.920594,8989,52430573,54.914,random,float32
9,448.460984,9307,52430573,55.808,random,float32
9,448.999831,8803,52430573,52.493,random,float32
9,449.542918,3564,52430573,54.469,random,float32
9,450.075854,525,52430573,53.585,random,float32
9,450.602373,1001,52430573,55.232,random,float32
9,451.147937,5729,52430573,55.413,random,float32
9,451.693367,8219,52430573,54.949,random,float32
9,452.239020,8579,52430573,55.263,random,float32
9,452.783969,2058,52430573,53.077,random,float32
9,453.322243,9577,52430573,53.024,random,float32
9,453.852794,8918,52430573,55.501,random,float32
9,454.380020,2457,52430573,53.773,random,float32
9,454.913999,2811,52430573,54.958,random,float32
9,455.440850,3555,52430573,54.522,random,float32
9,455.979845,2118,52430573,54.060,random,float32
9,456.527170,9380,52430573,57.058,random,float32
9,457.074782,4506,52430573,51.196,random,float32
9,457.633877,8219,52430573,56.089,random,float32
9,458.179621,8804,52430573,53.055,random,float32
9,458.713394,7618,52430573,53.013,random,float32
9,459.244101,487,52430573,51.576,random,float32
9,459.792787,5743,52430573,57.789,random,float32
9,460.355436,137,52430573,57.363,random,float32
9,460.903336,6465,52430573,53.059,random,float32
9,461.445292,6976,52430573,54.768,random,float32
9,461.984245,8975,52430573,52.846,random,float32
9,462.554099,7966,52430573,55.085,random,float32
9,463.099489,731,52430573,56.313,random,float32
9,463.650689,4499,52430573,53.925,random,float32
9,464.198878,3463,52430573,55.371,random,float32
9,464.752887,3509,52430573,53.994,random,float32
9,465.296639,6762,52430573,55.793,random,float32
9,465.840876,2818,52430573,54.022,random,float32
9,466.394417,5559,52430573,53.232,random,float32
9,466.923456,4782,52430573,53.409,random,float32
9,467.457639,2104,52430573,53.076,random,float32
9,467.994050,9088,52430573,54.096,random,float32
9,468.523534,3680,52430573,54.347,random,float32
9,469.095658,3961,52430573,54.435,random,float32
9,469.658122,8446,52430573,54.961,random,float32
9,470.205105,9122,52430573,54.600,random,float32
9,470.750970,6351,52430573,55.987,random,float32
9,471.309552,6996,52430573,53.873,random,float32
9,471.850720,7630,52430573,54.532,random,float32
9,472.399847,539,52430573,54.789,random,float32
9,472.943246,7841,52430573,52.432,random,float32
9,473.493286,8766,52430573,55.569,random,float32
9,474.029907,9059,52430573,53.127,random,float32
9,474.568812,7901,52430573,54.198,random,float32
9,475.111137,8226,52430573,53.828,random,float32
9,475.667447,5574,52430573,55.755,random,float32
9,476.213277,7653,52430573,54.660,random,float32
9,476.765507,1033,52430573,55.895,random,float32
9,477.297260,933,52430573,52.785,random,float32
9,477.834124,1510,52430573,54.938,random,float32
9,478.381815,2758,52430573,55.751,random,float32
9,478.933485,5295,52430573,55.920,random,float32
9,479.461158,1030,52430573,51.975,random,float32
9,480.005590,2641,52430573,53.284,random,float32
9,480.541031,7729,52430573,53.820,random,float32
9,481.087735,6870,52430573,57.267,random,float32
9,481.637314,9045,52430573,55.744,random,float32
9,482.167340,5710,52430573,53.193,random,float32
9,482.702640,801,52430573,52.513,random,float32
9,483.240924,106,52430573,54.279,random,float32
9,483.777210,3682,52430573,52.067,random,float32
9,484.333533,7962,52430573,56.774,random,float32
9,484.873725,136,52430573,51.965,random,float32
9,485.421167,100,52430573,52.890,random,float32
9,485.947601,4170,52430573,50.843,random,float32
9,486.478391,1738,52430573,52.131,random,float32
9,487.005591,1700,52430573,51.423,random,float32
9,487.532750,9493,52430573,52.294,random,float32
9,488.070145,5020,52430573,53.317,random,float32
9,488.596846,1405,52430573,51.989,random,float32
9,489.140058,9442,52430573,52.887,random,float32
9,489.691957,5964,52430573,55.440,random,float32
9,490.237241,2487,52430573,53.352,random,float32
9,490.776803,8714,52430573,54.872,random,float32
9,491.323678,7486,52430573,54.929,random,float32
9,491.856038,9244,52430573,52.882,random,float32
9,492.397196,1488,52430573,56.426,random,float32
9,492.954114,4414,52430573,54.789,random,float32
9,493.526568,2737,52430573,55.307,random,float32
9,494.094427,6519,52430573,56.973,random,float32
9,494.658105,6885,52430573,57.446,random,float32
9,495.236941,1795,52430573,54.638,random,float32
9,495.776555,8162,52430573,55.343,random,float32
9,496.329679,928,52430573,54.463,random,float32
9,496.878547,1430,52430573,54.026,random,float32
9,497.432798,4172,52430573,56.421,random,float32
9,497.982960,8856,52430573,53.586,random,float32
9,498.516728,475,52430573,53.900,random,float32
9,499.056098,5633,52430573,54.570,random,float32
9,499.599652,1073,52430573,54.274,random,float32
9,500.143463,6591,52430573,53.617,random,float32
9,500.681543,4755,52430573,53.738,random,float32
9,501.227665,8914,52430573,56.666,random,float32
9,501.770448,3171,52430573,54.122,random,float32
9,502.320558,7929,52430573,56.753,random,float32
9,502.867680,2335,52430573,54.514,random,float32
9,503.408625,6660,52430573,56.465,random,float32
9,503.945407,9059,52430573,53.194,random,float32
9,504.498159,6616,52430573,55.329,random,float32
9,505.030864,5733,52430573,52.953,random,float32
9,505.575696,2984,52430573,55.030,random,float32
9,506.126384,2816,52430573,55.829,random,float32
9,506.683807,2345,52430573,53.098,random,float32
9,507.226068,7507,52430573,55.355,random,float32
9,507.776403,3290,52430573,55.567,random,float32
9,508.311508,6727,52430573,52.860,random,float32
9,508.847080,646,52430573,54.536,random,float32
9,509.389296,257,52430573,54.620,random,float32
9,509.921924,524,52430573,52.467,random,float32
9,510.460714,7744,52430573,53.032,random,float32
9,510.984568,8226,52430573,50.392,random,float32
9,511.505024,2137,52430573,50.907,random,float32
9,512.039937,4876,52430573,53.180,random,float32
9,512.562040,8388,52430573,49.772,random,float32
9,513.093985,214,52430573,55.330,random,float32
9,513.616723,2744,52430573,51.640,random,float32
9,514.140227,1171,52430573,53.100,random,float32
9,514.675961,6937,52430573,50.370,random,float32
9,515.202872,9465,52430573,52.496,random,float32
9,515.730566,3869,52430573,51.450,random,float32
9,516.261102,4753,52430573,53.253,random,float32
9,516.780777,9128,52430573,50.630,random,float32
9,517.297215,9756,52430573,54.581,random,float32
9,517.823185,3668,52430573,53.650,random,float32
9,518.352830,3736,52430573,52.720,random,float32
9,518.882317,9239,52430573,55.290,random,float32
9,519.401857,8517,52430573,53.698,random,float32
9,519.922391,1879,52430573,52.693,random,float32
9,520.455870,8261,52430573,54.422,random,float32
9,520.990167,5798,52430573,51.791,random,float32
9,521.513563,7787,52430573,53.289,random,float32
9,522.043118,5453,52430573,56.136,random,float32
9,522.574948,2344,52430573,53.812,random,float32
9,523.099364,271,52430573,50.920,random,float32
9,523.643023,4160,52430573,55.717,random,float32
9,524.181623,3964,52430573,53.483,random,float32
9,524.698103,3996,52430573,50.975,random,float32
9,525.214096,601,52430573,51.508,random,float32
9,525.748520,293,52430573,53.637,random,float32
9,526.276016,2392,52430573,52.966,random,float32
9,526.812826,8068,52430573,54.663,random,float32
9,527.343135,9724,52430573,52.394,random,float32
9,527.885420,6848,52430573,55.319,random,float32
9,528.433091,7590,52430573,47.370,random,float32
9,528.973948,4496,52430573,52.198,random,float32
9,529.505871,2088,52430573,53.583,random,float32
9,530.046213,3446,52430573,55.980,random,float32
9,530.580084,3326,52430573,51.978,random,float32
9,531.110698,5747,52430573,54.504,random,float32
9,531.643381,946,52430573,56.008,random,float32
9,532.181251,8494,52430573,57.039,random,float32
9,532.717774,6652,52430573,54.365,random,float32
9,533.257806,6031,52430573,52.649,random,float32
9,533.801095,1118,52430573,54.984,random,float32
9,534.332219,6408,52430573,52.426,random,float32
9,534.867073,7294,52430573,54.005,random,float32
9,535.400401,5845,52430573,54.960,random,float32
9,535.934164,9953,52430573,53.206,random,float32
9,536.469971,1579,52430573,56.896,random,float32
9,537.011005,2740,52430573,54.884,random,float32
9,537.540932,3434,52430573,55.416,random,float32
9,538.080103,4641,52430573,52.419,random,float32
9,538.605499,1446,52430573,52.080,random,float32
9,539.143308,5180,52430573,54.208,random,float32
9,539.674387,6897,52430573,53.317,random,float32
9,540.198470,3179,52430573,51.809,random,float32
9,540.734857,1930,52430573,51.039,random,float32
9,541.259184,7950,52430573,51.818,random,float32
9,541.794049,6006,52430573,52.774,random,float32
9,542.338172,6269,52430573,51.720,random,float32
9,542.882324,8959,52430573,53.452,random,float32
9,543.425459,9479,52430573,53.541,random,float32
9,543.966208,6646,52430573,51.949,random,float32
9,544.507624,1244,52430573,53.830,random,float32
9,545.039541,9663,52430573,54.481,random,float32
9,545.576907,5763,52430573,55.916,random,float32
9,546.108555,3842,52430573,53.887,random,float32
9,546.636640,5374,52430573,54.309,random,float32
9,547.164715,2049,52430573,53.513,random,float32
9,547.688940,1589,52430573,51.772,random,float32
9,548.225726,5598,52430573,55.937,random,float32
9,548.753970,5644,52430573,48.275,random,float32
9,549.288756,7913,52430573,53.423,random,float32
9,549.819996,930,52430573,55.205,random,float32
9,550.355565,655,52430573,52.580,random,float32
9,550.882250,5276,52430573,54.847,random,float32
9,551.418631,1909,52430573,52.859,random,float32
9,551.959489,4074,52430573,53.789,random,float32
9,552.495440,9297,52430573,54.445,random,float32
9,553.048138,4524,52430573,53.391,random,float32
9,553.590237,3472,52430573,51.845,random,float32
9,554.124816,8024,52430573,54.461,random,float32
9,554.657409,8510,52430573,54.645,random,float32
9,555.187258,4894,52430573,53.705,random,float32
9,555.721258,1409,52430573,52.855,random,float32
9,556.250322,3413,52430573,55.345,random,float32
9,556.773854,8210,52430573,54.016,random,float32
9,557.299741,341,52430573,51.728,random,float32
9,557.835899,24,52430573,56.373,random,float32
9,558.374221,7396,52430573,54.101,random,float32
9,558.925260,3859,52430573,57.279,random,float32
9,559.462745,630,52430573,54.324,random,float32
9,560.030351,8909,52430573,56.356,random,float32
9,560.585170,8002,52430573,54.316,random,float32
9,561.143507,1720,52430573,56.660,random,float32
9,561.693066,8249,52430573,59.618,random,float32
9,562.255412,3897,52430573,56.173,random,float32
9,562.817788,20,52430573,54.194,random,float32
9,563.362625,9609,52430573,57.122,random,float32
9,563.915634,6913,52430573,54.261,random,float32
9,564.463997,9502,52430573,56.895,random,float32
9,565.007698,2325,52430573,53.160,random,float32
9,565.558643,2002,52430573,57.129,random,float32
9,566.102639,5174,52430573,53.413,random,float32
9,566.659041,3389,52430573,55.367,random,float32
9,567.206433,9780,52430573,57.495,random,float32
9,567.741247,1088,52430573,57.397,random,float32
9,568.276379,1885,52430573,52.770,random,float32
9,568.812352,2722,52430573,51.995,random,float32
9,569.349444,8408,52430573,54.586,random,float32
9,569.903023,207,52430573,56.792,random,float32
9,570.443529,1013,52430573,51.460,random,float32
9,570.976865,2672,52430573,54.270,random,float32
9,571.507976,2104,52430573,53.627,random,float32
9,572.040709,3876,52430573,52.930,random,float32
9,572.576462,4655,52430573,53.193,random,float32
9,573.106932,2319,52430573,49.474,random,float32
9,573.636374,5838,52430573,52.333,random,float32
9,574.163075,2939,52430573,51.898,random,float32
9,574.691579,5324,52430573,51.649,random,float32
9,575.221919,5515,52430573,51.414,random,float32
9,575.750457,171,52430573,54.257,random,float32
9,576.282110,8078,52430573,54.944,random,float32
9,576.808057,4717,52430573,53.556,random,float32
9,577.330056,6172,52430573,53.706,random,float32
9,577.856422,433,52430573,54.701,random,float32
9,578.379614,5155,52430573,50.892,random,float32
9,578.910574,3350,52430573,50.652,random,float32
9,579.439219,5166,52430573,54.577,random,float32
9,579.962717,5712,52430573,52.607,random,float32
9,580.501765,7038,52430573,53.391,random,float32
9,581.035213,3053,52430573,54.277,random,float32
9,581.567703,6915,52430573,51.917,random,float32
9,582.096919,7811,52430573,56.407,random,float32
9,582.618813,888,52430573,52.017,random,float32
9,583.163480,3172,52430573,55.744,random,float32
9,583.708511,3081,52430573,55.077,random,float32
9,584.247906,5157,52430573,53.595,random,float32
9,584.782268,3892,52430573,50.139,random,float32
9,585.308883,7818,52430573,49.047,random,float32
9,585.829817,2585,52430573,47.741,random,float32
9,586.363094,5359,52430573,55.085,random,float32
9,586.888677,6352,52430573,52.960,random,float32
9,587.416777,4231,52430573,52.088,random,float32
9,587.935328,7924,52430573,50.888,random,float32
9,588.465316,4417,52430573,51.996,random,float32
9,588.991041,7594,52430573,55.206,random,float32
9,589.528010,2819,52430573,52.523,random,float32
9,590.061885,2200,52430573,51.917,random,float32
9,590.604603,3755,52430573,55.664,random,float32
9,591.154617,6944,52430573,53.817,random,float32
9,591.683747,1170,52430573,52.453,random,float32
9,592.214005,8192,52430573,53.108,random,float32
9,592.754251,1908,52430573,55.357,random,float32
9,593.297309,8995,52430573,55.084,random,float32
9,593.840396,4266,52430573,54.536,random,float32
9,594.366618,9401,52430573,55.323,random,float32
9,594.907232,6411,52430573,54.772,random,float32
9,595.428488,6277,52430573,54.259,random,float32
9,595.983441,6468,52430573,55.955,random,float32
9,596.543527,9405,52430573,56.032,random,float32
9,597.075369,6131,52430573,50.329,random,float32
9,597.603560,9964,52430573,54.444,random,float32
9,598.134265,9769,52430573,53.496,random,float32
9,598.663260,5008,52430573,52.189,random,float32
9,599.224920,7732,52430573,63.508,random,float32
9,599.776623,446,52430573,55.997,random,float32
9,600.326423,5489,52430573,53.423,random,float32
9,600.882143,474,52430573,54.741,random,float32
9,601.412531,380,52430573,54.263,random,float32
9,601.951622,5485,52430573,53.373,random,float32
9,602.501478,1854,52430573,52.671,random,float32
9,603.032139,2686,52430573,52.425,random,float32
9,603.578256,9806,52430573,54.341,random,float32
9,604.126016,3060,52430573,55.032,random,float32
9,604.665137,8463,52430573,52.815,random,float32
9,605.205480,5488,52430573,54.308,random,float32
9,605.746366,4794,52430573,52.773,random,float32
9,606.266160,3392,52430573,54.555,random,float32
9,606.801107,7873,52430573,52.091,random,float32
9,607.338373,4399,52430573,53.077,random,float32
9,607.875524,5822,52430573,57.935,random,float32
9,608.400301,3977,52430573,51.848,random,float32
9,608.911477,7223,52430573,54.008,random,float32
9,609.447664,5137,52430573,52.882,random,float32
9,609.975674,5613,52430573,55.190,random,float32
9,610.506474,1681,52430573,50.658,random,float32
9,611.037011,6194,52430573,56.083,random,float32
9,611.576097,9331,52430573,53.567,random,float32
9,612.097148,4924,52430573,51.329,random,float32
9,612.639696,9277,52430573,54.674,random,float32
9,613.194358,2801,52430573,54.031,random,float32
9,613.762407,8590,52430573,51.525,random,float32
9,614.299281,3189,52430573,51.257,random,float32
9,614.844440,9733,52430573,56.069,random,float32
9,615.394950,5398,52430573,54.807,random,float32
9,615.950159,2159,52430573,53.063,random,float32
9,616.488802,1762,52430573,52.731,random,float32
9,617.024640,8812,52430573,52.512,random,float32
9,617.556017,8939,52430573,52.735,random,float32
9,618.090388,9324,52430573,49.860,random,float32
9,618.623834,8659,52430573,54.895,random,float32
9,619.166964,8771,52430573,55.621,random,float32
9,619.692640,9535,52430573,54.893,random,float32
9,620.226438,6635,52430573,53.862,random,float32
9,620.748517,4171,52430573,47.717,random,float32
9,621.285498,8991,52430573,54.504,random,float32
9,621.817569,2661,52430573,52.666,random,float32
9,622.345703,2748,52430573,50.427,random,float32
9,622.909298,6809,52430573,58.932,random,float32
9,623.470572,74,52430573,55.079,random,float32
9,624.016333,7041,52430573,57.359,random,float32
9,624.572442,8698,52430573,56.158,random,float32
9,625.112898,9490,52430573,52.710,random,float32
9,625.651853,8474,52430573,53.704,random,float32
9,626.186194,2655,52430573,54.546,random,float32
9,626.713181,6937,52430573,49.825,random,float32
9,627.232422,7146,52430573,52.137,random,float32
9,627.764689,9874,52430573,52.925,random,float32
9,628.296508,8543,52430573,54.504,random,float32
9,628.835261,5018,52430573,55.172,random,float32
9,629.380231,4729,52430573,56.005,random,float32
9,629.922909,1193,52430573,53.995,random,float32
9,630.471879,8373,52430573,54.124,random,float32
9,631.001352,3010,52430573,56.942,random,float32
9,631.536282,3411,52430573,52.491,random,float32
9,632.075851,5240,52430573,54.300,random,float32
9,632.604565,7137,52430573,51.126,random,float32
9,633.145593,3389,52430573,52.725,random,float32
9,633.699244,430,52430573,57.110,random,float32
9,634.253067,6231,52430573,54.079,random,float32
9,634.799888,8132,52430573,54.788,random,float32
9,635.353212,6499,52430573,57.908,random,float32
9,635.897973,6774,52430573,52.498,random,float32
9,636.437432,7763,52430573,52.828,random,float32
9,636.972973,6577,52430573,50.070,random,float32
9,637.499556,9131,52430573,50.591,random,float32
9,638.035966,5174,52430573,51.814,random,float32
9,638.571211,3331,52430573,54.782,random,float32
9,639.102059,9931,52430573,56.468,random,float32
9,639.627973,6103,52430573,53.411,random,float32
9,640.161656,8357,52430573,51.256,random,float32
9,640.699136,7882,52430573,54.181,random,float32
9,641.244256,6733,52430573,54.862,random,float32
9,641.784654,680,52430573,53.578,random,float32
9,642.325819,6451,52430573,52.013,random,float32
9,642.864446,6391,52430573,55.557,random,float32
9,643.414288,6588,52430573,54.515,random,float32
9,643.953313,999,52430573,53.877,random,float32
9,644.501189,8265,52430573,55.059,random,float32
9,645.049936,5307,52430573,54.776,random,float32
9,645.600615,3610,52430573,54.007,random,float32
9,646.123742,6745,52430573,53.012,random,float32
9,646.659118,3934,52430573,56.312,random,float32
9,647.210147,6849,52430573,55.992,random,float32
9,647.744358,2520,52430573,55.706,random,float32
9,648.276020,1258,52430573,56.407,random,float32
9,648.815345,6236,52430573,53.983,random,float32
9,649.349764,1365,52430573,53.564,random,float32
9,649.875512,5203,52430573,53.073,random,float32
9,650.415094,8204,52430573,55.451,random,float32
9,650.962682,1145,52430573,56.923,random,float32
9,651.502409,8422,52430573,54.952,random,float32
9,652.055087,337,52430573,52.918,random,float32
9,652.610935,3809,52430573,54.375,random,float32
9,653.141162,8228,52430573,50.389,random,float32
9,653.685035,3383,52430573,52.045,random,float32
9,654.240759,1392,52430573,55.562,random,float32
9,654.791282,9559,52430573,55.374,random,float32
9,655.331243,5776,52430573,55.775,random,float32
9,655.888712,8906,52430573,55.880,random,float32
9,656.434229,708,52430573,53.794,random,float32
9,656.976463,9546,52430573,54.262,random,float32
9,657.518042,3199,52430573,53.699,random,float32
9,658.064174,8972,52430573,53.234,random,float32
9,658.605926,4849,52430573,55.431,random,float32
9,659.155576,6016,52430573,52.310,random,float32
9,659.707526,6764,52430573,55.176,random,float32
9,660.249866,6824,52430573,53.946,random,float32
9,660.787159,8330,52430573,54.492,random,float32
9,661.330434,1072,52430573,53.698,random,float32
9,661.881337,9078,52430573,53.734,random,float32
9,662.424621,8973,52430573,55.158,random,float32
9,662.973222,2312,52430573,55.266,random,float32
9,663.497356,8227,52430573,50.107,random,float32
9,664.030950,8275,52430573,55.079,random,float32
9,664.567568,6105,52430573,54.511,random,float32
9,665.100325,4245,52430573,52.875,random,float32
9,665.637164,4148,52430573,53.736,random,float32
9,666.170603,3769,52430573,53.196,random,float32
9,666.715200,9071,52430573,55.407,random,float32
9,667.265024,308,52430573,52.280,random,float32
9,667.805945,2863,52430573,55.338,random,float32
9,668.344389,5874,52430573,52.034,random,float32
9,668.870420,2969,52430573,51.272,random,float32
9,669.407358,378,52430573,53.600,random,float32
9,669.939788,8252,52430573,54.810,random,float32
9,670.481404,8292,52430573,52.590,random,float32
9,671.023527,9026,52430573,53.591,random,float32
9,671.562383,97,52430573,54.680,random,float32
9,672.103469,2750,52430573,55.985,random,float32
9,672.654185,8057,52430573,53.724,random,float32
9,673.188683,8769,52430573,53.581,random,float32
9,673.717391,6020,52430573,48.831,random,float32
9,674.242313,5197,52430573,53.393,random,float32
9,674.784894,3990,52430573,54.983,random,float32
9,675.316540,9754,52430573,53.106,random,float32
9,675.844946,5498,52430573,53.745,random,float32
9,676.379584,8890,52430573,54.373,random,float32
9,676.916277,5821,52430573,55.160,random,float32
9,677.449005,8421,52430573,54.231,random,float32
9,677.990733,8653,52430573,52.804,random,float32
9,678.517868,7536,52430573,53.143,random,float32
9,679.059591,2417,52430573,55.324,random,float32
9,679.579627,1738,52430573,50.703,random,float32
9,680.110000,4183,52430573,56.389,random,float32
9,680.634803,1276,52430573,51.222,random,float32
9,681.175042,1767,52430573,53.683,random,float32
9,681.708599,2425,52430573,52.649,random,float32
9,682.247321,4142,52430573,55.439,random,float32
9,682.794782,5429,52430573,57.147,random,float32
9,683.335323,8672,52430573,53.558,random,float32
9,683.873228,9017,52430573,55.102,random,float32
9,684.418093,9792,52430573,53.093,random,float32
9,684.951909,3852,52430573,53.881,random,float32
9,685.509399,8074,52430573,53.210,random,float32
9,686.054582,2938,52430573,52.690,random,float32
9,686.594332,3535,52430573,54.174,random,float32
9,687.142243,7906,52430573,55.604,random,float32
9,687.684955,4160,52430573,55.480,random,float32
9,688.224137,5950,52430573,53.017,random,float32
9,688.779721,5465,52430573,52.762,random,float32
9,689.319382,7955,52430573,54.840,random,float32
9,689.857605,7306,52430573,53.524,random,float32
9,690.402471,3034,52430573,54.444,random,float32
9,690.936996,167,52430573,54.481,random,float32
9,691.474534,5153,52430573,53.040,random,float32
9,692.010457,9588,52430573,52.712,random,float32
9,692.533598,130,52430573,48.986,random,float32
9,693.058675,152,52430573,51.417,random,float32
9,693.590001,9438,52430573,53.346,random,float32
9,694.117138,8141,52430573,51.106,random,float32
9,694.648083,779,52430573,54.004,random,float32
9,695.182115,8862,52430573,53.370,random,float32
9,695.706838,2307,52430573,50.389,random,float32
9,696.226852,7516,52430573,52.698,random,float32
9,696.754588,7459,52430573,51.045,random,float32
9,697.276906,8254,52430573,46.056,random,float32
9,697.806686,7746,52430573,53.226,random,float32
9,698.343609,2330,52430573,53.936,random,float32
9,698.882766,9249,52430573,52.503,random,float32
9,699.421501,361,52430573,51.741,random,float32
9,699.949673,8716,52430573,53.748,random,float32
9,700.499204,6726,52430573,53.927,random,float32
9,701.041523,7701,52430573,52.083,random,float32
9,701.572339,3085,52430573,54.262,random,float32
9,702.113513,3657,52430573,55.102,random,float32
9,702.655727,1210,52430573,50.834,random,float32
9,703.184486,4282,52430573,52.151,random,float32
9,703.716783,6359,52430573,52.571,random,float32
9,704.247396,7708,52430573,53.900,random,float32
9,704.784734,3897,52430573,53.531,random,float32
9,705.325852,8830,52430573,54.105,random,float32
9,705.862847,7116,52430573,51.696,random,float32
9,706.405845,3491,52430573,56.422,random,float32
9,706.949259,6022,52430573,55.279,random,float32
9,707.483859,1127,52430573,53.420,random,float32
9,708.032835,5229,52430573,56.783,random,float32
9,708.575415,6906,52430573,55.356,random,float32
9,709.114715,36,52430573,52.644,random,float32
9,709.655691,8667,52430573,52.109,random,float32
9,710.206206,1543,52430573,53.952,random,float32
9,710.760024,2203,52430573,57.973,random,float32
9,711.299669,5242,52430573,53.734,random,float32
9,711.821688,7247,52430573,55.128,random,float32
9,712.353946,855,52430573,55.021,random,float32
9,712.888702,9318,52430573,52.646,random,float32
9,713.420701,3891,52430573,53.303,random,float32
9,713.951379,4596,52430573,53.716,random,float32
9,714.493061,9337,52430573,54.469,random,float32
9,715.033294,5837,52430573,54.549,random,float32
9,715.581018,2848,52430573,53.302,random,float32
9,716.119860,1636,52430573,55.758,random,float32
9,716.664913,2880,52430573,55.243,random,float32
9,717.208610,5585,52430573,52.297,random,float32
9,717.768001,7865,52430573,59.518,random,float32
9,718.302978,1699,52430573,53.430,random,float32
9,718.836946,5251,52430573,52.416,random,float32
9,719.374197,1707,52430573,52.551,random,float32
9,719.925134,7367,52430573,52.923,random,float32
9,720.473214,5964,52430573,53.656,random,float32
9,721.015889,2184,52430573,53.257,random,float32
9,721.551148,4520,52430573,54.683,random,float32
9,722.092680,4211,52430573,52.902,random,float32
9,722.636786,4742,52430573,55.324,random,float32
9,723.179546,6786,52430573,54.129,random,float32
9,723.717703,3193,52430573,55.074,random,float32
9,724.254700,8698,52430573,54.177,random,float32
9,724.780438,3678,52430573,52.191,random,float32
9,725.320882,8753,52430573,53.565,random,float32
9,725.853392,3730,52430573,51.610,random,float32
9,726.388587,1083,52430573,53.759,random,float32
9,726.918523,585,52430573,52.477,random,float32
9,727.455578,2326,52430573,53.751,random,float32
9,727.984601,5765,52430573,50.076,random,float32
9,728.514600,7029,52430573,55.167,random,float32
9,729.052220,6100,52430573,54.322,random,float32
9,729.587950,2738,52430573,51.634,random,float32
9,730.121837,1298,52430573,55.093,random,float32
9,730.648909,2101,52430573,53.138,random,float32
9,731.187059,2646,52430573,55.382,random,float32
9,731.745730,8550,52430573,56.417,random,float32
9,732.288555,7886,52430573,55.546,random,float32
9,732.821505,5357,52430573,55.477,random,float32
9,733.378345,5964,52430573,56.013,random,float32
9,733.937224,2435,52430573,54.959,random,float32
9,734.480709,6428,52430573,54.744,random,float32
9,735.010218,408,52430573,51.728,random,float32
9,735.549834,1201,52430573,54.587,random,float32
9,736.081886,6537,52430573,54.434,random,float32
9,736.626507,9080,52430573,52.549,random,float32
9,737.176495,7135,52430573,54.548,random,float32
9,737.722787,4878,52430573,54.731,random,float32
9,738.274552,8369,52430573,55.169,random,float32
9,738.821307,5919,52430573,55.335,random,float32
9,739.355872,8924,52430573,53.980,random,float32
9,739.899124,8677,52430573,53.457,random,float32
9,740.444096,4884,52430573,53.816,random,float32
9,740.978663,5275,52430573,51.983,random,float32
9,741.530141,8367,52430573,53.236,random,float32
9,742.060281,3540,52430573,53.034,random,float32
9,742.601384,7609,52430573,54.750,random,float32
9,743.149782,897,52430573,52.932,random,float32
9,743.682004,3188,52430573,52.024,random,float32
9,744.238035,2699,52430573,58.323,random,float32
9,744.775350,9033,52430573,51.884,random,float32
9,745.307668,6761,52430573,53.000,random,float32
9,745.849639,2452,52430573,54.051,random,float32
9,746.397782,7964,52430573,55.089,random,float32
9,746.940005,529,52430573,52.142,random,float32
9,747.492569,3599,52430573,55.816,random,float32
9,748.037310,2816,52430573,54.147,random,float32
9,748.605842,2446,52430573,63.679,random,float32
9,749.138312,9423,52430573,53.725,random,float32
9,749.684539,9116,52430573,54.872,random,float32
9,750.213043,4469,52430573,52.728,random,float32
9,750.745102,4890,52430573,55.987,random,float32
9,751.266208,4535,52430573,53.075,random,float32
9,751.805897,7312,52430573,50.482,random,float32
9,752.343525,4855,52430573,55.198,random,float32
9,752.872711,692,52430573,51.877,random,float32
9,753.402429,1401,52430573,53.560,random,float32
9,753.934945,1159,52430573,50.575,random,float32
9,754.465130,1515,52430573,52.829,random,float32
9,754.985040,5462,52430573,51.314,random,float32
9,755.514374,310,52430573,51.584,random,float32
9,756.043031,1879,52430573,52.087,random,float32
9,756.572550,3887,52430573,53.510,random,float32
9,757.107507,9903,52430573,53.159,random,float32
9,757.636111,6719,52430573,54.697,random,float32
9,758.167644,395,52430573,53.144,random,float32
9,758.694126,8777,52430573,50.551,random,float32
9,759.230643,3233,52430573,52.131,random,float32
9,759.759319,559,52430573,53.267,random,float32
9,760.292496,5767,52430573,53.537,random,float32
9,760.823660,2900,52430573,52.532,random,float32
9,761.375525,1895,52430573,55.156,random,float32
9,761.917717,4809,52430573,55.283,random,float32
9,762.453331,5971,52430573,51.134,random,float32
9,762.979443,1835,52430573,51.636,random,float32
9,763.505161,3498,52430573,53.022,random,float32
9,764.028872,2766,52430573,52.097,random,float32
9,764.556223,6140,52430573,55.539,random,float32
9,765.090098,1143,52430573,53.723,random,float32
9,765.621560,8102,52430573,52.261,random,float32
9,766.141368,8514,52430573,50.361,random,float32
9,766.685005,4386,52430573,57.370,random,float32
9,767.233789,3774,52430573,51.759,random,float32
9,767.765035,8695,52430573,51.774,random,float32
9,768.299635,1764,52430573,52.477,random,float32
9,768.821063,6489,52430573,52.603,random,float32
9,769.359600,610,52430573,52.155,random,float32
9,769.893892,8792,52430573,53.323,random,float32
9,770.434073,2221,52430573,53.878,random,float32
9,770.967924,5967,52430573,53.056,random,float32
9,771.498426,2433,52430573,51.508,random,float32
9,772.022571,7339,52430573,53.194,random,float32
9,772.553824,8282,52430573,53.233,random,float32
9,773.092472,2030,52430573,51.501,random,float32
9,773.615468,7350,52430573,53.447,random,float32
9,774.142065,2267,52430573,53.773,random,float32
9,774.677488,9743,52430573,51.388,random,float32
9,775.214433,2142,52430573,53.323,random,float32
9,775.742020,8524,52430573,53.298,random,float32
9,776.281163,6824,52430573,53.810,random,float32
9,776.818706,1030,52430573,51.228,random,float32
9,777.351671,332,52430573,52.491,random,float32
9,777.877328,7573,52430573,54.745,random,float32
9,778.410519,1828,52430573,53.715,random,float32
9,778.942183,777,52430573,52.581,random,float32
9,779.469865,9923,52430573,53.551,random,float32
9,780.004396,5681,52430573,53.698,random,float32
9,780.546285,5054,52430573,55.210,random,float32
9,781.074967,472,52430573,53.013,random,float32
9,781.607586,1586,52430573,52.939,random,float32
9,782.140047,1483,52430573,53.465,random,float32
9,782.679610,5860,52430573,53.681,random,float32
9,783.215097,5350,52430573,52.244,random,float32
9,783.754730,8783,52430573,54.065,random,float32
9,784.293235,8593,52430573,53.102,random,float32
9,784.835531,2753,52430573,54.998,random,float32
9,785.383276,4323,52430573,53.158,random,float32
9,785.930083,7325,52430573,55.512,random,float32
9,786.472567,9455,52430573,51.461,random,float32
9,787.001754,2639,52430573,50.464,random,float32
9,787.536580,1030,52430573,52.733,random,float32
9,788.074652,1151,52430573,52.866,random,float32
9,788.602331,7156,52430573,52.348,random,float32
9,789.144980,7391,52430573,53.752,random,float32
9,789.687384,8220,52430573,53.101,random,float32
9,790.221826,5056,52430573,53.992,random,float32
9,790.765592,8854,52430573,54.750,random,float32
9,791.297849,2628,52430573,52.963,random,float32
9,791.839498,3981,52430573,53.667,random,float32
9,792.372182,251,52430573,51.039,random,float32
9,792.908424,392,52430573,53.357,random,float32
9,793.441197,4133,52430573,54.626,random,float32
9,793.979135,7756,52430573,52.082,random,float32
9,794.512942,2537,52430573,53.810,random,float32
9,795.040287,2979,52430573,53.052,random,float32
9,795.571282,6607,52430573,54.204,random,float32
9,796.108019,5169,52430573,56.242,random,float32
9,796.635711,2617,52430573,51.514,random,float32
9,797.167541,6202,52430573,53.535,random,float32
9,797.710166,5691,52430573,54.743,random,float32
9,798.257541,8488,52430573,53.024,random,float32
9,798.795576,9345,52430573,54.063,random,float32
9,799.343064,2060,52430573,54.352,random,float32
9,799.904209,6300,52430573,56.735,random,float32
9,800.458551,5973,52430573,54.022,random,float32
9,800.995528,6938,52430573,51.981,random,float32
9,801.534001,3082,52430573,54.168,random,float32
9,802.081336,6067,52430573,56.031,random,float32
9,802.628418,8929,52430573,55.688,random,float32
9,803.168967,2638,52430573,53.399,random,float32
9,803.704502,3150,52430573,53.900,random,float32
9,804.239451,4631,52430573,53.270,random,float32
9,804.764098,4215,52430573,53.618,random,float32
9,805.290868,1180,52430573,51.239,random,float32
9,805.821525,5060,52430573,53.318,random,float32
9,806.349599,679,52430573,51.474,random,float32
9,806.873332,5461,52430573,51.994,random,float32
9,807.397925,6054,52430573,53.531,random,float32
9,807.936188,9570,52430573,52.445,random,float32
9,808.474091,2613,52430573,54.994,random,float32
9,809.026550,1452,52430573,54.004,random,float32
9,809.567896,382,52430573,53.360,random,float32
9,810.108346,5258,52430573,54.795,random,float32
9,810.637631,7706,52430573,52.785,random,float32
9,811.179497,2026,52430573,52.840,random,float32
9,811.707129,5799,52430573,53.753,random,float32
9,812.237484,4263,52430573,54.859,random,float32
9,812.781977,2831,52430573,56.406,random,float32
9,813.324897,7440,52430573,52.005,random,float32
9,813.865949,5288,52430573,53.591,random,float32
9,814.396084,7550,52430573,50.598,random,float32
9,814.930891,6106,52430573,54.609,random,float32
9,815.462997,3597,52430573,53.307,random,float32
9,815.995732,3367,52430573,51.427,random,float32
9,816.523790,6255,52430573,52.936,random,float32
9,817.061364,1353,52430573,51.217,random,float32
9,817.592722,7041,52430573,55.153,random,float32
9,818.117791,8582,52430573,50.251,random,float32
9,818.647753,11,52430573,50.663,random,float32
9,819.167812,9870,52430573,56.396,random,float32
9,819.700756,928,52430573,51.726,random,float32
9,820.234102,5373,52430573,49.874,random,float32
9,820.759014,794,52430573,50.089,random,float32
9,821.276217,1836,52430573,54.242,random,float32
9,821.807749,6581,52430573,52.653,random,float32
9,822.344411,901,52430573,55.815,random,float32
9,822.873346,2036,52430573,52.157,random,float32
9,823.403878,8451,52430573,53.745,random,float32
9,823.944283,8796,52430573,54.378,random,float32
9,824.493631,5042,52430573,54.325,random,float32
9,825.034084,2099,52430573,52.835,random,float32
9,825.561339,9433,52430573,50.646,random,float32
9,826.101502,8754,52430573,53.410,random,float32
9,826.630319,1147,52430573,51.291,random,float32
9,827.162197,6988,52430573,52.013,random,float32
9,827.705456,3248,52430573,55.290,random,float32
9,828.240196,6032,52430573,53.670,random,float32
9,828.770558,6463,52430573,51.836,random,float32
9,829.311713,5881,52430573,54.077,random,float32
9,829.864954,435,52430573,57.690,random,float32
9,830.425865,1695,52430573,54.671,random,float32
9,830.966570,8161,52430573,52.086,random,float32
9,831.505805,9217,52430573,53.084,random,float32
9,832.042988,6030,52430573,52.258,random,float32
9,832.585415,8301,52430573,56.159,random,float32
9,833.134164,8835,52430573,53.052,random,float32
9,833.692296,7604,52430573,58.163,random,float32
9,834.239339,7771,52430573,54.709,random,float32
9,834.774570,9281,52430573,53.252,random,float32
9,835.320359,9865,52430573,54.438,random,float32
9,835.874048,2528,52430573,59.984,random,float32
9,836.417554,1468,52430573,52.907,random,float32
9,836.954596,7696,52430573,52.746,random,float32
9,837.492918,445,52430573,52.613,random,float32
9,838.034752,1527,52430573,54.172,random,float32
9,838.583858,8731,52430573,54.118,random,float32
9,839.126419,6541,52430573,53.755,random,float32
9,839.663803,6924,52430573,51.704,random,float32
9,840.207850,5673,52430573,55.640,random,float32
9,840.744885,5429,52430573,55.732,random,float32
9,841.287160,9156,52430573,53.230,random,float32
9,841.813141,9719,52430573,51.843,random,float32
9,842.346438,2715,52430573,55.105,random,float32
9,842.879124,2339,52430573,52.445,random,float32
9,843.410512,1285,52430573,54.219,random,float32
9,843.941291,1157,52430573,53.165,random,float32
9,844.460471,1584,52430573,52.299,random,float32
9,844.992010,1466,52430573,50.527,random,float32
9,845.523928,7085,52430573,51.382,random,float32
9,846.051269,5672,52430573,52.168,random,float32
9,846.576172,1291,52430573,51.949,random,float32
9,847.103425,7030,52430573,54.472,random,float32
9,847.635512,9152,52430573,54.608,random,float32
9,848.169767,5475,52430573,54.124,random,float32
9,848.698149,690,52430573,51.739,random,float32
9,849.232429,7935,52430573,52.962,random,float32
9,849.752808,578,52430573,51.753,random,float32
9,850.293175,2031,52430573,53.906,random,float32
9,850.826388,7284,52430573,53.990,random,float32
9,851.357107,4370,52430573,52.816,random,float32
9,851.880740,2829,52430573,53.673,random,float32
9,852.416592,2290,52430573,52.997,random,float32
9,852.951307,294,52430573,53.649,random,float32
9,853.479283,4158,52430573,52.420,random,float32
9,854.009190,8608,52430573,52.746,random,float32
9,854.541713,2988,52430573,52.183,random,float32
9,855.067312,1632,52430573,51.439,random,float32
9,855.600298,7932,52430573,55.140,random,float32
9,856.142084,6203,52430573,54.050,random,float32
9,856.685967,7975,52430573,51.596,random,float32
9,857.222952,4998,52430573,51.915,random,float32
9,857.753399,7520,52430573,56.458,random,float32
9,858.281865,8651,52430573,50.055,random,float32
9,858.815455,6948,52430573,52.574,random,float32
9,859.346822,8682,52430573,50.895,random,float32
9,859.880636,341,52430573,52.461,random,float32
9,860.427923,99,52430573,53.299,random,float32
9,860.965111,5831,52430573,52.709,random,float32
9,861.493456,9650,52430573,53.133,random,float32
9,862.013007,5457,52430573,50.310,random,float32
9,862.542697,823,52430573,50.973,random,float32
9,863.079557,766,52430573,54.748,random,float32
9,863.611270,9226,52430573,52.349,random,float32
9,864.130693,2450,52430573,49.703,random,float32
9,864.658870,1363,52430573,54.718,random,float32
9,865.185040,4514,52430573,52.903,random,float32
9,865.719383,500,52430573,52.921,random,float32
9,866.252907,3360,52430573,56.537,random,float32
9,866.810338,3454,52430573,56.276,random,float32
9,867.364185,9287,52430573,56.401,random,float32
9,867.901600,1829,52430573,55.616,random,float32
9,868.427629,9373,52430573,50.226,random,float32
9,868.948903,4276,52430573,52.777,random,float32
9,869.476848,9919,52430573,54.145,random,float32
9,870.012474,9709,52430573,53.125,random,float32
9,870.545072,2388,52430573,54.181,random,float32
9,871.079763,1140,52430573,51.850,random,float32
9,871.615036,52,52430573,54.745,random,float32
9,872.149023,8009,52430573,53.419,random,float32
9,872.681776,7039,52430573,52.120,random,float32
9,873.214653,57,52430573,52.482,random,float32
9,873.749660,6698,52430573,51.428,random,float32
9,874.276219,3682,52430573,50.654,random,float32
9,874.816620,7602,52430573,54.053,random,float32
9,875.352156,2947,52430573,53.257,random,float32
9,875.884834,8971,52430573,53.375,random,float32
9,876.433549,7204,52430573,55.454,random,float32
9,876.969351,899,52430573,53.056,random,float32
9,877.490304,7992,52430573,53.678,random,float32
9,878.018168,1541,52430573,54.010,random,float32
9,878.564360,9515,52430573,52.565,random,float32
9,879.104868,1882,52430573,54.323,random,float32
9,879.635800,494,52430573,51.588,random,float32
9,880.175205,1045,52430573,53.509,random,float32
9,880.707411,8002,52430573,52.835,random,float32
9,881.238378,1923,52430573,53.480,random,float32
9,881.774809,7351,52430573,51.942,random,float32
9,882.309517,2331,52430573,51.479,random,float32
9,882.844269,4004,52430573,53.905,random,float32
9,883.380300,1536,52430573,55.781,random,float32
9,883.918060,6638,52430573,52.480,random,float32
9,884.456032,9100,52430573,54.400,random,float32
9,885.003178,1754,52430573,55.202,random,float32
9,885.544848,2348,52430573,55.367,random,float32
9,886.083959,7089,52430573,53.213,random,float32
9,886.615562,4554,52430573,52.880,random,float32
9,887.152899,885,52430573,54.662,random,float32
9,887.694856,2321,52430573,53.382,random,float32
9,888.232065,6337,52430573,53.960,random,float32
9,888.755110,9730,52430573,50.384,random,float32
9,889.292590,1528,52430573,52.484,random,float32
9,889.826014,6853,52430573,51.534,random,float32
9,890.355882,6137,52430573,52.270,random,float32
9,890.886901,1071,52430573,54.089,random,float32
9,891.425367,4189,52430573,55.025,random,float32
9,891.962905,894,52430573,50.655,random,float32
9,892.499414,3888,52430573,51.066,random,float32
9,893.026654,2747,52430573,54.766,random,float32
9,893.572465,8140,52430573,56.281,random,float32
9,894.099889,3178,52430573,52.041,random,float32
9,894.642915,4244,52430573,53.523,random,float32
9,895.174553,3507,52430573,47.590,random,float32
9,895.704577,6168,52430573,55.368,random,float32
9,896.251875,425,52430573,52.088,random,float32
9,896.787181,9322,52430573,50.956,random,float32
9,897.309032,8088,52430573,54.636,random,float32
9,897.841151,1355,52430573,52.466,random,float32
9,898.382299,8273,52430573,54.580,random,float32
9,898.928694,5664,52430573,53.262,random,float32
9,899.481061,4595,52430573,56.384,random,float32
9,900.050691,7563,52430573,57.501,random,float32
10,300.543224,1857,52430573,56.320,random,float32
10,301.101580,6820,52430573,55.350,random,float32
10,301.639614,4191,52430573,51.489,random,float32
10,302.171050,7350,52430573,53.544,random,float32
10,302.698114,5610,52430573,56.399,random,float32
10,303.247168,9524,52430573,57.125,random,float32
10,303.784027,3824,52430573,53.679,random,float32
10,304.310416,6074,52430573,54.496,random,float32
10,304.832941,9480,52430573,53.518,random,float32
10,305.361364,2231,52430573,51.725,random,float32
10,305.897230,6628,52430573,51.988,random,float32
10,306.434948,9252,52430573,54.102,random,float32
10,306.975621,1186,52430573,54.317,random,float32
10,307.513010,1937,52430573,56.411,random,float32
10,308.059615,7275,52430573,53.722,random,float32
10,308.604989,8954,52430573,55.219,random,float32
10,309.144047,3760,52430573,53.995,random,float32
10,309.691014,5102,52430573,55.038,random,float32
10,310.234120,610,52430573,53.107,random,float32
10,310.776228,9433,52430573,53.167,random,float32
10,311.317118,1393,52430573,55.926,random,float32
10,311.853182,9071,52430573,54.192,random,float32
10,312.405416,1670,52430573,53.920,random,float32
10,312.932679,9513,52430573,53.479,random,float32
10,313.463465,9891,52430573,54.695,random,float32
10,314.013558,9197,52430573,53.602,random,float32
10,314.549827,5015,52430573,53.237,random,float32
10,315.077740,7631,52430573,52.962,random,float32
10,315.611055,7169,52430573,53.537,random,float32
10,316.153652,6092,52430573,54.673,random,float32
10,316.705990,6418,52430573,52.577,random,float32
10,317.244364,4734,52430573,54.351,random,float32
10,317.782047,8228,52430573,49.732,random,float32
10,318.320387,9160,52430573,54.142,random,float32
10,318.854704,7209,52430573,55.171,random,float32
10,319.415211,1349,52430573,57.573,random,float32
10,319.959964,2636,52430573,54.860,random,float32
10,320.498970,7747,52430573,53.227,random,float32
10,321.032823,8220,52430573,51.903,random,float32
10,321.573381,1945,52430573,54.998,random,float32
10,322.108482,9111,52430573,57.009,random,float32
10,322.646189,7066,52430573,54.500,random,float32
10,323.186108,7305,52430573,55.681,random,float32
10,323.714924,8126,52430573,52.450,random,float32
10,324.262227,4806,52430573,54.946,random,float32
10,324.805683,8504,52430573,58.866,random,float32
10,325.374308,470,52430573,54.531,random,float32
10,325.923843,5801,52430573,52.413,random,float32
10,326.465071,307,52430573,55.676,random,float32
10,327.003746,2951,52430573,52.677,random,float32
10,327.537716,2377,52430573,52.503,random,float32
10,328.074882,854,52430573,53.187,random,float32
10,328.629095,4700,52430573,57.212,random,float32
10,329.165714,1582,52430573,54.216,random,float32
10,329.707111,2842,52430573,54.244,random,float32
10,330.252517,1155,52430573,52.866,random,float32
10,330.791504,7894,52430573,56.075,random,float32
10,331.336336,8419,52430573,54.104,random,float32
10,331.866900,5033,52430573,54.346,random,float32
10,332.429400,9002,52430573,54.402,random,float32
10,332.978828,6218,52430573,54.238,random,float32
10,333.518577,2617,52430573,52.732,random,float32
10,334.051303,7950,52430573,52.376,random,float32
10,334.597663,7868,52430573,64.510,random,float32
10,335.146077,2324,52430573,55.188,random,float32
10,335.686467,3128,52430573,54.982,random,float32
10,336.228636,419,52430573,56.570,random,float32
10,336.778136,3001,52430573,53.826,random,float32
10,337.310979,2026,52430573,53.135,random,float32
10,337.852593,6267,52430573,54.672,random,float32
10,338.382312,7715,52430573,52.981,random,float32
10,338.928607,4587,52430573,53.168,random,float32
10,339.473759,3091,52430573,53.959,random,float32
10,340.011417,3950,52430573,52.811,random,float32
10,340.535542,2408,52430573,54.411,random,float32
10,341.078620,8110,52430573,53.362,random,float32
10,341.620216,5371,52430573,53.791,random,float32
10,342.170356,6724,52430573,54.410,random,float32
10,342.709226,1544,52430573,53.911,random,float32
10,343.236460,3465,52430573,52.494,random,float32
10,343.772965,6245,52430573,54.851,random,float32
10,344.311164,8451,52430573,54.351,random,float32
10,344.863368,4699,52430573,55.266,random,float32
10,345.410748,2786,52430573,53.089,random,float32
10,345.964586,2363,52430573,52.917,random,float32
10,346.505546,3627,52430573,54.984,random,float32
10,347.042908,8186,52430573,52.310,random,float32
10,347.584437,7326,52430573,54.965,random,float32
10,348.120204,5216,52430573,52.428,random,float32
10,348.657568,2676,52430573,55.147,random,float32
10,349.190951,2433,52430573,49.830,random,float32
10,349.725129,9750,52430573,54.664,random,float32
10,350.254214,2123,52430573,51.803,random,float32
10,350.791552,4859,52430573,51.985,random,float32
10,351.322671,8907,52430573,52.674,random,float32
10,351.855149,666,52430573,55.310,random,float32
10,352.393231,9588,52430573,53.211,random,float32
10,352.917120,8626,52430573,52.304,random,float32
10,353.447516,6709,52430573,53.112,random,float32
10,353.986523,3511,52430573,55.383,random,float32
10,354.521569,1725,52430573,54.059,random,float32
10,355.055834,3132,52430573,53.210,random,float32
10,355.592473,118,52430573,54.429,random,float32
10,356.130415,5160,52430573,52.694,random,float32
10,356.663940,9443,52430573,50.586,random,float32
10,357.197652,2483,52430573,53.820,random,float32
10,357.734347,6026,52430573,52.211,random,float32
10,358.294637,487,52430573,54.742,random,float32
10,358.860735,7,52430573,56.567,random,float32
10,359.413567,1164,52430573,55.706,random,float32
10,359.978630,7235,52430573,57.411,random,float32
10,360.508747,9033,52430573,53.051,random,float32
10,361.037493,2481,52430573,54.208,random,float32
10,361.566877,6922,52430573,51.123,random,float32
10,362.093695,5963,52430573,50.979,random,float32
10,362.623173,1283,52430573,51.532,random,float32
10,363.145782,2543,52430573,53.444,random,float32
10,363.691682,8194,52430573,54.545,random,float32
10,364.224115,760,52430573,52.139,random,float32
10,364.755162,6004,52430573,52.322,random,float32
10,365.283793,5741,52430573,50.961,random,float32
10,365.813547,4025,52430573,54.249,random,float32
10,366.359203,163,52430573,53.274,random,float32
10,366.903661,2386,52430573,54.867,random,float32
10,367.444117,9739,52430573,54.539,random,float32
10,367.998984,4019,52430573,56.848,random,float32
10,368.568665,1841,52430573,55.510,random,float32
10,369.109383,4564,52430573,52.130,random,float32
10,369.644126,8927,52430573,52.058,random,float32
10,370.159303,8645,52430573,51.050,random,float32
10,370.698125,3771,52430573,52.239,random,float32
10,371.220496,9844,52430573,50.044,random,float32
10,371.759471,1552,52430573,55.763,random,float32
10,372.283254,8398,52430573,52.056,random,float32
10,372.811941,6859,52430573,52.491,random,float32
10,373.345461,1523,52430573,53.964,random,float32
10,373.876313,7124,52430573,53.355,random,float32
10,374.409275,2910,52430573,51.075,random,float32
10,374.938324,3723,52430573,54.108,random,float32
10,375.468282,4969,52430573,56.272,random,float32
10,375.999414,9329,52430573,54.739,random,float32
10,376.534321,8798,52430573,52.666,random,float32
10,377.080856,9869,52430573,53.778,random,float32
10,377.615947,2829,52430573,52.955,random,float32
10,378.147589,1494,52430573,54.035,random,float32
10,378.675691,8206,52430573,50.377,random,float32
10,379.212105,2874,52430573,51.163,random,float32
10,379.743876,8168,52430573,53.573,random,float32
10,380.281027,2839,52430573,56.802,random,float32
10,380.815956,4161,52430573,54.588,random,float32
10,381.344947,2245,52430573,51.809,random,float32
10,381.875274,1970,52430573,54.316,random,float32
10,382.400415,6641,52430573,50.015,random,float32
10,382.930063,3688,52430573,51.459,random,float32
10,383.462919,7339,52430573,52.544,random,float32
10,383.995023,8686,52430573,52.744,random,float32
10,384.529779,4671,52430573,53.736,random,float32
10,385.072473,7430,52430573,53.804,random,float32
10,385.617574,3871,52430573,56.062,random,float32
10,386.173094,5399,52430573,55.556,random,float32
10,386.729096,8127,52430573,53.885,random,float32
10,387.278957,9505,52430573,56.087,random,float32
10,387.828622,1298,52430573,53.993,random,float32
10,388.362710,4492,52430573,50.492,random,float32
10,388.905347,3936,52430573,52.908,random,float32
10,389.433386,6644,52430573,50.466,random,float32
10,389.967053,5678,52430573,52.699,random,float32
10,390.508171,5434,52430573,56.898,random,float32
10,391.042306,9947,52430573,52.311,random,float32
10,391.575782,5973,52430573,52.888,random,float32
10,392.111327,1407,52430573,52.892,random,float32
10,392.659095,4458,52430573,56.385,random,float32
10,393.212529,9581,52430573,54.859,random,float32
10,393.769798,5564,52430573,56.042,random,float32
10,394.309212,404,52430573,52.196,random,float32
10,394.847901,6652,52430573,53.599,random,float32
10,395.377942,8525,52430573,51.589,random,float32
10,395.920027,711,52430573,51.973,random,float32
10,396.442798,5489,52430573,51.555,random,float32
10,396.985278,3443,52430573,49.935,random,float32
10,397.513614,3039,52430573,52.777,random,float32
10,398.045114,673,52430573,53.027,random,float32
10,398.580019,4583,52430573,52.385,random,float32
10,399.120946,7243,52430573,54.371,random,float32
10,399.670907,6227,52430573,56.661,random,float32
10,400.225335,8079,52430573,55.154,random,float32
10,400.761632,1683,52430573,58.171,random,float32
10,401.305686,5941,52430573,55.258,random,float32
10,401.860114,8239,52430573,52.919,random,float32
10,402.414068,2823,52430573,53.930,random,float32
10,402.954662,2971,52430573,55.048,random,float32
10,403.502318,1461,52430573,55.862,random,float32
10,404.042317,9084,52430573,54.766,random,float32
10,404.592201,7388,52430573,57.077,random,float32
10,405.129226,8267,52430573,55.802,random,float32
10,405.679439,7903,52430573,55.512,random,float32
10,406.226194,6832,52430573,55.395,random,float32
10,406.777677,7522,52430573,54.976,random,float32
10,407.321130,1558,52430573,53.524,random,float32
10,407.872695,1020,52430573,54.668,random,float32
10,408.422009,4874,52430573,56.342,random,float32
10,408.980715,6840,52430573,54.386,random,float32
10,409.519054,2133,52430573,54.286,random,float32
10,410.050624,3184,52430573,53.771,random,float32
10,410.585999,4373,52430573,55.153,random,float32
10,411.116722,1078,52430573,54.833,random,float32
10,411.637707,3469,52430573,50.038,random,float32
10,412.165497,86,52430573,53.720,random,float32
10,412.709455,5045,52430573,56.153,random,float32
10,413.260636,6713,52430573,55.079,random,float32
10,413.801659,7041,52430573,54.825,random,float32
10,414.334630,3541,52430573,53.257,random,float32
10,414.871382,3114,52430573,52.086,random,float32
10,415.414560,5772,52430573,52.283,random,float32
10,415.943751,9034,52430573,51.527,random,float32
10,416.474698,1077,52430573,52.481,random,float32
10,417.003839,3624,52430573,54.544,random,float32
10,417.538425,1056,52430573,53.073,random,float32
10,418.077725,514,52430573,54.713,random,float32
10,418.614445,239,52430573,51.729,random,float32
10,419.145875,5344,52430573,51.876,random,float32
10,419.678734,3662,52430573,54.715,random,float32
10,420.223117,6665,52430573,57.218,random,float32
10,420.743129,6135,52430573,51.310,random,float32
10,421.271860,6422,52430573,50.077,random,float32
10,421.808376,5421,52430573,51.367,random,float32
10,422.328809,4000,52430573,54.047,random,float32
10,422.849340,4952,52430573,52.048,random,float32
10,423.377944,6501,52430573,52.048,random,float32
10,423.910656,7589,52430573,55.616,random,float32
10,424.452446,8140,52430573,56.750,random,float32
10,424.987772,3431,52430573,51.391,random,float32
10,425.523964,614,52430573,52.580,random,float32
10,426.060743,8439,52430573,53.951,random,float32
10,426.593242,6740,52430573,55.950,random,float32
10,427.148136,9477,52430573,53.816,random,float32
10,427.699901,3823,52430573,55.590,random,float32
10,428.223571,6300,52430573,53.597,random,float32
10,428.763405,757,52430573,53.901,random,float32
10,429.289360,2325,52430573,54.378,random,float32
10,429.827353,9701,52430573,52.714,random,float32
10,430.361887,4240,52430573,51.333,random,float32
10,430.907178,7445,52430573,52.789,random,float32
10,431.439630,3172,52430573,52.488,random,float32
10,431.965859,8423,52430573,53.690,random,float32
10,432.498668,7378,52430573,51.851,random,float32
10,433.031327,2069,52430573,52.208,random,float32
10,433.563869,2329,52430573,53.660,random,float32
10,434.096675,1457,52430573,51.990,random,float32
10,434.631831,8448,52430573,50.328,random,float32
10,435.153114,8384,52430573,53.575,random,float32
10,435.693300,7861,52430573,52.142,random,float32
10,436.217723,4490,52430573,53.939,random,float32
10,436.747421,1534,52430573,55.988,random,float32
10,437.268126,7861,52430573,52.989,random,float32
10,437.793789,5576,52430573,53.609,random,float32
10,438.321673,4080,52430573,55.599,random,float32
10,438.856152,5405,52430573,53.722,random,float32
10,439.405801,3205,52430573,51.194,random,float32
10,439.938179,9694,52430573,55.454,random,float32
10,440.464046,69,52430573,55.576,random,float32
10,440.995729,7622,52430573,52.596,random,float32
10,441.535556,1594,52430573,53.789,random,float32
10,442.065462,8103,52430573,54.169,random,float32
10,442.597076,2304,52430573,52.518,random,float32
10,443.125216,9892,52430573,52.362,random,float32
10,443.663176,679,52430573,51.991,random,float32
10,444.189418,6997,52430573,50.425,random,float32
10,444.725678,3426,52430573,54.781,random,float32
10,445.257720,664,52430573,53.954,random,float32
10,445.796935,4576,52430573,57.650,random,float32
10,446.329248,8363,52430573,52.850,random,float32
10,446.858962,848,52430573,53.295,random,float32
10,447.393309,9006,52430573,52.721,random,float32
10,447.931144,9095,52430573,54.495,random,float32
10,448.461861,2917,52430573,53.611,random,float32
10,448.996088,4813,52430573,52.919,random,float32
10,449.539844,782,52430573,54.083,random,float32
10,450.068282,7607,52430573,52.286,random,float32
10,450.600071,8028,52430573,49.144,random,float32
10,451.134772,2890,52430573,54.949,random,float32
10,451.671359,6153,52430573,53.948,random,float32
10,452.218238,5992,52430573,54.435,random,float32
10,452.759148,29,52430573,53.226,random,float32
10,453.289048,4705,52430573,53.389,random,float32
10,453.823892,9050,52430573,54.751,random,float32
10,454.360016,2248,52430573,54.169,random,float32
10,454.910075,2982,52430573,53.917,random,float32
10,455.437823,7437,52430573,54.095,random,float32
10,455.985546,2150,52430573,56.151,random,float32
10,456.548938,2509,52430573,57.395,random,float32
10,457.093169,1866,52430573,51.234,random,float32
10,457.624362,5246,52430573,53.507,random,float32
10,458.161571,1811,52430573,54.037,random,float32
10,458.684844,8819,52430573,52.207,random,float32
10,459.221799,9534,52430573,55.388,random,float32
10,459.770585,1435,52430573,56.923,random,float32
10,460.320688,403,52430573,53.332,random,float32
10,460.868259,4213,52430573,55.559,random,float32
10,461.420007,3194,52430573,55.796,random,float32
10,461.955190,8794,52430573,52.260,random,float32
10,462.492847,2132,52430573,52.803,random,float32
10,463.027545,1550,52430573,53.868,random,float32
10,463.568943,2920,52430573,52.291,random,float32
10,464.100443,9099,52430573,51.171,random,float32
10,464.636983,6014,52430573,51.797,random,float32
10,465.171424,3767,52430573,53.868,random,float32
10,465.700610,2303,52430573,51.975,random,float32
10,466.227074,9072,52430573,50.996,random,float32
10,466.754882,9141,52430573,55.426,random,float32
10,467.287253,8362,52430573,53.275,random,float32
10,467.822865,838,52430573,54.419,random,float32
10,468.346506,4225,52430573,51.970,random,float32
10,468.900255,2491,52430573,56.597,random,float32
10,469.449176,2546,52430573,52.155,random,float32
10,469.992187,9461,52430573,56.555,random,float32
10,470.542305,5476,52430573,53.495,random,float32
10,471.093154,4813,52430573,54.044,random,float32
10,471.628138,4032,52430573,53.861,random,float32
10,472.161141,9942,52430573,54.742,random,float32
10,472.691078,5282,52430573,55.154,random,float32
10,473.227888,4056,52430573,54.542,random,float32
10,473.762887,4995,52430573,54.271,random,float32
10,474.284866,2690,52430573,49.384,random,float32
10,474.828457,7482,52430573,54.964,random,float32
10,475.365314,431,52430573,54.033,random,float32
10,475.900737,3780,52430573,54.215,random,float32
10,476.423640,4173,52430573,52.573,random,float32
10,476.959763,8694,52430573,49.801,random,float32
10,477.500387,8680,52430573,51.129,random,float32
10,478.014090,5695,52430573,49.622,random,float32
10,478.554501,809,52430573,54.952,random,float32
10,479.088095,1829,52430573,52.064,random,float32
10,479.625375,88,52430573,54.181,random,float32
10,480.151578,6958,52430573,53.872,random,float32
10,480.680668,3096,52430573,53.676,random,float32
10,481.207178,7651,52430573,53.283,random,float32
10,481.734595,762,52430573,52.333,random,float32
10,482.270702,5212,52430573,55.261,random,float32
10,482.797874,6025,52430573,49.338,random,float32
10,483.343348,1366,52430573,54.249,random,float32
10,483.877730,9413,52430573,53.614,random,float32
10,484.414622,5660,52430573,54.792,random,float32
10,484.955747,7524,52430573,54.268,random,float32
10,485.495023,2679,52430573,54.553,random,float32
10,486.045143,2505,52430573,56.789,random,float32
10,486.597624,545,52430573,54.528,random,float32
10,487.138680,4060,52430573,52.940,random,float32
10,487.676201,5530,52430573,55.030,random,float32
10,488.223877,4976,52430573,55.287,random,float32
10,488.764945,6295,52430573,55.132,random,float32
10,489.314459,671,52430573,53.671,random,float32
10,489.856770,6520,52430573,53.302,random,float32
10,490.396081,9568,52430573,55.177,random,float32
10,490.950187,9100,52430573,54.351,random,float32
10,491.500242,5935,52430573,54.402,random,float32
10,492.044774,4506,52430573,53.494,random,float32
10,492.592615,2001,52430573,52.934,random,float32
10,493.149523,2392,52430573,59.239,random,float32
10,493.730148,7455,52430573,56.909,random,float32
10,494.292315,5108,52430573,56.235,random,float32
10,494.852277,5984,52430573,56.706,random,float32
10,495.421880,390,52430573,55.073,random,float32
10,495.961880,886,52430573,53.062,random,float32
10,496.504545,998,52430573,55.453,random,float32
10,497.060736,7365,52430573,53.748,random,float32
10,497.617760,8209,52430573,55.496,random,float32
10,498.175662,255,52430573,56.018,random,float32
10,498.729295,1127,52430573,56.331,random,float32
10,499.281548,46,52430573,54.362,random,float32
10,499.834173,2040,52430573,55.706,random,float32
10,500.377891,2247,52430573,54.532,random,float32
10,500.917279,6167,52430573,53.770,random,float32
10,501.473961,3059,52430573,54.069,random,float32
10,502.017265,8575,52430573,53.033,random,float32
10,502.561356,4178,52430573,54.121,random,float32
10,503.127078,5064,52430573,54.607,random,float32
10,503.673709,5546,52430573,55.437,random,float32
10,504.229502,1479,52430573,53.621,random,float32
10,504.780387,6857,52430573,54.804,random,float32
10,505.308018,712,52430573,54.513,random,float32
10,505.841092,7617,52430573,52.084,random,float32
10,506.388385,8959,52430573,55.496,random,float32
10,506.937805,4716,52430573,54.536,random,float32
10,507.462246,4462,52430573,53.736,random,float32
10,507.984996,9839,52430573,50.603,random,float32
10,508.510036,420,52430573,54.018,random,float32
10,509.061557,4930,52430573,54.322,random,float32
10,509.597383,8113,52430573,54.255,random,float32
10,510.126544,907,52430573,55.647,random,float32
10,510.660472,9008,52430573,51.278,random,float32
10,511.191121,1377,52430573,56.217,random,float32
10,511.711440,2386,52430573,54.770,random,float32
10,512.240197,5513,52430573,52.417,random,float32
10,512.770914,691,52430573,53.120,random,float32
10,513.298557,2346,52430573,54.712,random,float32
10,513.824554,84,52430573,53.372,random,float32
10,514.354540,8632,52430573,54.995,random,float32
10,514.888866,1041,52430573,53.068,random,float32
10,515.426611,8977,52430573,52.435,random,float32
10,515.962093,8012,52430573,52.873,random,float32
10,516.495869,5244,52430573,54.689,random,float32
10,517.018762,3299,52430573,52.212,random,float32
10,517.547728,9907,52430573,56.290,random,float32
10,518.074009,5523,52430573,47.993,random,float32
10,518.607187,8271,52430573,56.599,random,float32
10,519.144595,9493,52430573,51.331,random,float32
10,519.667614,2116,52430573,51.904,random,float32
10,520.199841,6375,52430573,53.762,random,float32
10,520.727686,7082,52430573,54.087,random,float32
10,521.258345,3057,52430573,53.437,random,float32
10,521.789716,5547,52430573,51.693,random,float32
10,522.322112,5131,52430573,54.657,random,float32
10,522.851471,8681,52430573,54.008,random,float32
10,523.392253,125,52430573,56.594,random,float32
10,523.928730,3582,52430573,55.907,random,float32
10,524.466417,8224,52430573,52.391,random,float32
10,525.017044,4623,52430573,50.270,random,float32
10,525.548573,3311,52430573,55.064,random,float32
10,526.085130,9416,52430573,54.435,random,float32
10,526.624477,1125,52430573,55.238,random,float32
10,527.170259,2619,52430573,54.429,random,float32
10,527.705585,9793,52430573,56.459,random,float32
10,528.268034,1983,52430573,55.206,random,float32
10,528.823618,1556,52430573,57.669,random,float32
10,529.367356,2212,52430573,54.880,random,float32
10,529.894654,2261,52430573,51.655,random,float32
10,530.424015,2234,52430573,52.771,random,float32
10,530.943011,3409,52430573,50.006,random,float32
10,531.472235,3177,52430573,52.875,random,float32
10,532.010575,3276,52430573,51.411,random,float32
10,532.545831,1397,52430573,54.671,random,float32
10,533.082422,456,52430573,52.972,random,float32
10,533.614747,8270,52430573,53.128,random,float32
10,534.140493,9453,52430573,51.632,random,float32
10,534.674703,3676,52430573,53.531,random,float32
10,535.214139,2376,52430573,55.242,random,float32
10,535.750798,740,52430573,53.790,random,float32
10,536.297286,4555,52430573,53.511,random,float32
10,536.840856,2393,52430573,51.302,random,float32
10,537.379547,390,52430573,54.599,random,float32
10,537.914699,13,52430573,53.473,random,float32
10,538.440129,7011,52430573,52.084,random,float32
10,538.979202,7263,52430573,51.118,random,float32
10,539.514278,4709,52430573,53.704,random,float32
10,540.047925,9929,52430573,54.063,random,float32
10,540.596838,9190,52430573,54.249,random,float32
10,541.132882,1858,52430573,55.889,random,float32
10,541.668637,2944,52430573,56.308,random,float32
10,542.212737,6164,52430573,53.055,random,float32
10,542.739246,1185,52430573,53.938,random,float32
10,543.269350,2995,52430573,55.915,random,float32
10,543.797455,4953,52430573,51.965,random,float32
10,544.336837,6951,52430573,50.878,random,float32
10,544.874196,4740,52430573,54.834,random,float32
10,545.410250,1505,52430573,52.403,random,float32
10,545.946322,8517,52430573,55.100,random,float32
10,546.473170,1171,52430573,53.291,random,float32
10,547.001468,4172,52430573,52.922,random,float32
10,547.530091,6177,52430573,51.907,random,float32
10,548.059087,1718,52430573,51.870,random,float32
10,548.596638,7416,52430573,55.703,random,float32
10,549.124129,9237,52430573,48.475,random,float32
10,549.656367,7200,52430573,55.993,random,float32
10,550.188895,4352,52430573,48.344,random,float32
10,550.717798,7863,52430573,53.719,random,float32
10,551.255356,9661,52430573,55.589,random,float32
10,551.791523,7624,52430573,55.433,random,float32
10,552.321761,161,52430573,52.408,random,float32
10,552.855772,9860,52430573,53.388,random,float32
10,553.379180,6967,52430573,52.587,random,float32
10,553.912909,1364,52430573,53.601,random,float32
10,554.438464,789,52430573,51.102,random,float32
10,554.968413,1169,52430573,52.964,random,float32
10,555.496407,379,52430573,52.913,random,float32
10,556.030781,4704,52430573,52.937,random,float32
10,556.549160,6004,52430573,54.453,random,float32
10,557.088339,9924,52430573,53.343,random,float32
10,557.617748,7706,52430573,52.449,random,float32
10,558.155759,7985,52430573,54.094,random,float32
10,558.708355,6201,52430573,52.967,random,float32
10,559.253933,8992,52430573,55.878,random,float32
10,559.804458,3986,52430573,55.191,random,float32
10,560.341881,1041,52430573,54.340,random,float32
10,560.881539,1968,52430573,51.287,random,float32
10,561.418579,1785,52430573,57.643,random,float32
10,561.967245,7942,52430573,54.837,random,float32
10,562.521272,4864,52430573,56.495,random,float32
10,563.057670,5038,52430573,53.464,random,float32
10,563.593797,2176,52430573,52.061,random,float32
10,564.122939,8445,52430573,57.688,random,float32
10,564.657157,6495,52430573,53.125,random,float32
10,565.192301,2959,52430573,51.956,random,float32
10,565.748758,7994,52430573,52.804,random,float32
10,566.286683,151,52430573,53.568,random,float32
10,566.837564,8947,52430573,54.047,random,float32
10,567.360239,6318,52430573,52.423,random,float32
10,567.897749,8478,52430573,55.417,random,float32
10,568.429602,4570,52430573,52.820,random,float32
10,568.978809,9451,52430573,56.405,random,float32
10,569.523466,7299,52430573,53.180,random,float32
10,570.069935,683,52430573,54.476,random,float32
10,570.602678,5958,52430573,54.185,random,float32
10,571.136899,5057,52430573,53.675,random,float32
10,571.663865,5038,52430573,54.851,random,float32
10,572.197432,6592,52430573,54.389,random,float32
10,572.733210,3346,52430573,54.006,random,float32
10,573.264434,9223,52430573,54.163,random,float32
10,573.783327,2207,52430573,49.957,random,float32
10,574.315996,422,52430573,54.372,random,float32
10,574.840055,3472,52430573,50.691,random,float32
10,575.368330,796,52430573,54.280,random,float32
10,575.894928,6123,52430573,55.571,random,float32
10,576.420549,8874,52430573,55.467,random,float32
10,576.965923,7552,52430573,52.178,random,float32
10,577.496979,7587,52430573,51.821,random,float32
10,578.027063,868,52430573,52.783,random,float32
10,578.544401,6917,52430573,50.728,random,float32
10,579.067466,5514,52430573,51.130,random,float32
10,579.597061,8793,52430573,54.253,random,float32
10,580.124696,2268,52430573,52.769,random,float32
10,580.658610,2395,52430573,53.820,random,float32
10,581.186851,8884,52430573,52.351,random,float32
10,581.720022,5284,52430573,55.165,random,float32
10,582.250124,1895,52430573,54.387,random,float32
10,582.771686,7145,52430573,51.657,random,float32
10,583.304186,8337,52430573,55.834,random,float32
10,583.847564,461,52430573,54.611,random,float32
10,584.399884,4310,52430573,56.026,random,float32
10,584.933861,8874,52430573,53.254,random,float32
10,585.452824,1751,52430573,53.355,random,float32
10,585.991733,3621,52430573,54.635,random,float32
10,586.522750,8791,52430573,52.010,random,float32
10,587.048000,1800,52430573,53.998,random,float32
10,587.553559,1435,52430573,54.117,random,float32
10,588.085898,9257,52430573,53.792,random,float32
10,588.615433,7497,52430573,52.459,random,float32
10,589.147154,7649,52430573,52.875,random,float32
10,589.679416,844,52430573,52.031,random,float32
10,590.221730,1682,52430573,53.344,random,float32
10,590.756395,2376,52430573,53.988,random,float32
10,591.298697,2195,52430573,54.019,random,float32
10,591.822822,3963,52430573,51.620,random,float32
10,592.359576,1717,52430573,52.730,random,float32
10,592.881624,6329,52430573,56.448,random,float32
10,593.410042,4087,52430573,50.317,random,float32
10,593.928908,2659,52430573,54.842,random,float32
10,594.472343,621,52430573,55.917,random,float32
10,595.009899,5572,52430573,53.273,random,float32
10,595.535901,3993,52430573,54.133,random,float32
10,596.091925,5869,52430573,56.884,random,float32
10,596.647842,3484,52430573,53.719,random,float32
10,597.178460,4251,52430573,52.916,random,float32
10,597.709448,965,52430573,54.542,random,float32
10,598.254048,4264,52430573,55.643,random,float32
10,598.797835,2399,52430573,54.578,random,float32
10,599.355695,768,52430573,57.035,random,float32
10,599.908493,6779,52430573,54.513,random,float32
10,600.464545,9721,52430573,54.719,random,float32
10,601.009396,6146,52430573,53.738,random,float32
10,601.546103,6567,52430573,51.818,random,float32
10,602.077225,1542,52430573,54.869,random,float32
10,602.631464,8718,52430573,56.436,random,float32
10,603.172891,262,52430573,54.212,random,float32
10,603.712805,9992,52430573,55.828,random,float32
10,604.256317,4851,52430573,55.039,random,float32
10,604.790227,8503,52430573,55.775,random,float32
10,605.334998,4372,52430573,54.952,random,float32
10,605.880456,5942,52430573,54.660,random,float32
10,606.414528,9190,52430573,52.429,random,float32
10,606.962201,9300,52430573,52.956,random,float32
10,607.492050,4279,52430573,51.750,random,float32
10,608.030755,3130,52430573,53.336,random,float32
10,608.554694,626,52430573,54.197,random,float32
10,609.087873,4708,52430573,53.028,random,float32
10,609.627929,2198,52430573,53.980,random,float32
10,610.162486,3142,52430573,53.406,random,float32
10,610.696596,3767,52430573,54.634,random,float32
10,611.230896,6098,52430573,53.372,random,float32
10,611.767825,5680,52430573,54.372,random,float32
10,612.295134,839,52430573,53.977,random,float32
10,612.825822,433,52430573,55.254,random,float32
10,613.360758,8568,52430573,51.264,random,float32
10,613.895812,274,52430573,53.205,random,float32
10,614.432919,1799,52430573,53.919,random,float32
10,614.959510,5279,52430573,53.435,random,float32
10,615.493849,9736,52430573,53.895,random,float32
10,616.031228,8321,52430573,53.454,random,float32
10,616.573557,7377,52430573,52.556,random,float32
10,617.105751,9122,52430573,51.620,random,float32
10,617.639070,1693,52430573,51.282,random,float32
10,618.182752,3199,52430573,56.118,random,float32
10,618.732192,764,52430573,55.510,random,float32
10,619.279643,8088,52430573,54.723,random,float32
10,619.826184,8584,52430573,56.832,random,float32
10,620.385031,2865,52430573,51.744,random,float32
10,620.925001,9260,52430573,54.437,random,float32
10,621.477855,493,52430573,54.199,random,float32
10,622.024442,9170,52430573,56.416,random,float32
10,622.587569,1379,52430573,64.979,random,float32
10,623.137123,2920,52430573,53.426,random,float32
10,623.677115,6515,52430573,51.801,random,float32
10,624.227805,6947,52430573,56.433,random,float32
10,624.782416,3597,52430573,53.964,random,float32
10,625.327686,9698,52430573,53.675,random,float32
10,625.880955,9778,52430573,54.356,random,float32
10,626.415277,1427,52430573,52.526,random,float32
10,626.951715,7,52430573,55.153,random,float32
10,627.502910,950,52430573,55.323,random,float32
10,628.041290,6638,52430573,53.602,random,float32
10,628.568594,8509,52430573,53.696,random,float32
10,629.113772,1260,52430573,53.280,random,float32
10,629.649511,3412,52430573,55.766,random,float32
10,630.207045,3154,52430573,56.714,random,float32
10,630.776274,6491,52430573,55.694,random,float32
10,631.315851,2318,52430573,53.019,random,float32
10,631.855905,3434,52430573,54.645,random,float32
10,632.394695,9095,52430573,54.064,random,float32
10,632.924623,5002,52430573,53.399,random,float32
10,633.470348,4767,52430573,55.625,random,float32
10,634.014698,3941,52430573,55.022,random,float32
10,634.548351,3988,52430573,53.922,random,float32
10,635.083001,8388,52430573,51.651,random,float32
10,635.625456,7728,52430573,53.152,random,float32
10,636.164805,4330,52430573,53.149,random,float32
10,636.698157,6053,52430573,51.295,random,float32
10,637.236930,6956,52430573,52.212,random,float32
10,637.768342,4151,52430573,54.381,random,float32
10,638.302134,2401,52430573,53.265,random,float32
10,638.832419,8526,52430573,52.679,random,float32
10,639.355892,5370,52430573,51.581,random,float32
10,639.884839,6895,52430573,52.036,random,float32
10,640.417887,4360,52430573,49.438,random,float32
10,640.956333,159,52430573,54.519,random,float32
10,641.490311,8654,52430573,54.620,random,float32
10,642.034650,8602,52430573,55.463,random,float32
10,642.584506,3105,52430573,55.616,random,float32
10,643.121273,2617,52430573,53.755,random,float32
10,643.671461,4171,52430573,53.298,random,float32
10,644.211941,9515,52430573,53.490,random,float32
10,644.761896,6049,52430573,53.681,random,float32
10,645.306049,1170,52430573,54.911,random,float32
10,645.841147,1618,52430573,51.249,random,float32
10,646.367720,4931,52430573,54.358,random,float32
10,646.894700,6815,52430573,48.048,random,float32
10,647.430480,7800,52430573,53.647,random,float32
10,647.961059,6109,52430573,53.325,random,float32
10,648.490178,9510,52430573,52.581,random,float32
10,649.011048,6450,52430573,55.638,random,float32
10,649.543343,8456,52430573,53.312,random,float32
10,650.081747,3998,52430573,53.710,random,float32
10,650.620657,1523,52430573,52.930,random,float32
10,651.154096,8063,52430573,52.779,random,float32
10,651.687815,4251,52430573,52.778,random,float32
10,652.233542,1644,52430573,55.810,random,float32
10,652.761731,4639,52430573,49.989,random,float32
10,653.299618,4128,52430573,54.207,random,float32
10,653.839523,6099,52430573,53.595,random,float32
10,654.389887,4106,52430573,57.588,random,float32
10,654.942571,2757,52430573,57.193,random,float32
10,655.482577,8214,52430573,54.707,random,float32
10,656.027264,8455,52430573,52.075,random,float32
10,656.579354,7051,52430573,55.261,random,float32
10,657.129531,6600,52430573,53.421,random,float32
10,657.666849,5767,52430573,55.528,random,float32
10,658.213789,2330,52430573,54.853,random,float32
10,658.758699,8472,52430573,54.225,random,float32
10,659.299638,6566,52430573,54.708,random,float32
10,659.842510,9655,52430573,55.918,random,float32
10,660.399554,1205,52430573,54.173,random,float32
10,660.943271,7197,52430573,53.236,random,float32
10,661.479466,7970,52430573,52.676,random,float32
10,662.013220,234,52430573,53.550,random,float32
10,662.543420,5799,52430573,53.190,random,float32
10,663.069227,3492,52430573,55.238,random,float32
10,663.596826,779,52430573,53.499,random,float32
10,664.131265,9548,52430573,54.370,random,float32
10,664.664334,8094,52430573,53.249,random,float32
10,665.199225,8933,52430573,54.323,random,float32
10,665.740896,2040,52430573,53.657,random,float32
10,666.275579,5734,52430573,53.504,random,float32
10,666.827292,7808,52430573,56.190,random,float32
10,667.382222,2074,52430573,54.974,random,float32
10,667.915814,9684,52430573,53.342,random,float32
10,668.445802,5644,52430573,51.099,random,float32
10,668.976668,1688,52430573,53.981,random,float32
10,669.509832,4732,52430573,54.935,random,float32
10,670.045905,1223,52430573,55.158,random,float32
10,670.571708,8293,52430573,52.622,random,float32
10,671.106125,6082,52430573,56.699,random,float32
10,671.644030,4667,52430573,53.034,random,float32
10,672.171145,9671,52430573,53.210,random,float32
10,672.702091,8049,52430573,50.373,random,float32
10,673.235149,9125,52430573,56.825,random,float32
10,673.767346,3124,52430573,51.810,random,float32
10,674.286989,7045,52430573,50.725,random,float32
10,674.830569,1720,52430573,56.167,random,float32
10,675.363915,182,52430573,54.578,random,float32
10,675.894025,4745,52430573,49.709,random,float32
10,676.429878,1771,52430573,54.957,random,float32
10,676.960393,3067,52430573,51.091,random,float32
10,677.498961,6212,52430573,53.978,random,float32
10,678.039396,8160,52430573,54.528,random,float32
10,678.564490,6298,52430573,52.493,random,float32
10,679.105261,9418,52430573,53.261,random,float32
10,679.637475,729,52430573,53.134,random,float32
10,680.162775,9529,52430573,52.952,random,float32
10,680.688928,6291,52430573,53.469,random,float32
10,681.225288,9612,52430573,55.296,random,float32
10,681.756088,9352,52430573,55.089,random,float32
10,682.278411,8535,52430573,53.312,random,float32
10,682.803352,3846,52430573,51.826,random,float32
10,683.330376,2010,52430573,55.789,random,float32
10,683.857075,3902,52430573,51.678,random,float32
10,684.390035,8081,52430573,57.018,random,float32
10,684.916001,7244,52430573,54.729,random,float32
10,685.444817,8832,52430573,52.496,random,float32
10,685.979661,3541,52430573,52.794,random,float32
10,686.510351,8066,52430573,55.566,random,float32
10,687.043030,6830,52430573,53.591,random,float32
10,687.567898,5063,52430573,53.694,random,float32
10,688.105352,963,52430573,54.291,random,float32
10,688.630531,760,52430573,53.318,random,float32
10,689.165209,1240,52430573,53.572,random,float32
10,689.705446,7032,52430573,54.948,random,float32
10,690.250134,5706,52430573,55.078,random,float32
10,690.787726,1271,52430573,50.820,random,float32
10,691.331994,4590,52430573,53.481,random,float32
10,691.867592,3807,52430573,54.371,random,float32
10,692.395370,3014,52430573,52.144,random,float32
10,692.922775,2404,52430573,50.966,random,float32
10,693.460004,5502,52430573,51.794,random,float32
10,693.993740,2963,52430573,53.932,random,float32
10,694.519299,4546,52430573,52.994,random,float32
10,695.049883,1986,52430573,54.722,random,float32
10,695.577537,7240,52430573,54.786,random,float32
10,696.110950,1548,52430573,53.616,random,float32
10,696.645936,3773,52430573,51.846,random,float32
10,697.175962,2698,52430573,53.010,random,float32
10,697.698522,98,52430573,54.248,random,float32
10,698.226586,4419,52430573,51.269,random,float32
10,698.752332,3454,52430573,52.585,random,float32
10,699.288202,449,52430573,53.046,random,float32
10,699.814899,6023,52430573,52.344,random,float32
10,700.378980,3616,52430573,54.893,random,float32
10,700.920663,541,52430573,51.345,random,float32
10,701.450571,8312,52430573,52.460,random,float32
10,701.977350,3602,52430573,51.539,random,float32
10,702.503405,707,52430573,49.419,random,float32
10,703.019929,2211,52430573,53.027,random,float32
10,703.549647,9392,52430573,54.871,random,float32
10,704.079540,3378,52430573,50.541,random,float32
10,704.617948,7970,52430573,54.914,random,float32
10,705.151448,8262,52430573,57.489,random,float32
10,705.697821,9511,52430573,53.623,random,float32
10,706.219883,5203,52430573,52.593,random,float32
10,706.755704,5907,52430573,55.407,random,float32
10,707.290171,2000,52430573,51.926,random,float32
10,707.824477,4145,52430573,54.385,random,float32
10,708.356396,3365,52430573,52.405,random,float32
10,708.909958,2220,52430573,54.279,random,float32
10,709.464593,1910,52430573,54.449,random,float32
10,710.014034,6149,52430573,52.722,random,float32
10,710.549004,7864,52430573,53.187,random,float32
10,711.075651,5993,52430573,52.014,random,float32
10,711.608686,3472,52430573,52.179,random,float32
10,712.135444,8973,52430573,53.697,random,float32
10,712.669353,7955,52430573,50.254,random,float32
10,713.190008,4269,52430573,53.048,random,float32
10,713.711092,3771,52430573,52.148,random,float32
10,714.236916,2263,52430573,53.492,random,float32
10,714.778908,6457,52430573,52.295,random,float32
10,715.312429,4797,52430573,51.652,random,float32
10,715.852380,6049,52430573,53.823,random,float32
10,716.394841,7428,52430573,55.210,random,float32
10,716.939702,2851,52430573,54.013,random,float32
10,717.460923,1294,52430573,53.506,random,float32
10,717.994580,5596,52430573,51.308,random,float32
10,718.534703,6943,52430573,52.856,random,float32
10,719.072779,1058,52430573,53.531,random,float32
10,719.600040,7219,52430573,53.299,random,float32
10,720.128263,4285,52430573,50.191,random,float32
10,720.655398,1171,52430573,53.685,random,float32
10,721.184869,5787,52430573,52.916,random,float32
10,721.698357,1262,52430573,51.277,random,float32
10,722.230710,312,52430573,55.140,random,float32
10,722.768977,2666,52430573,49.511,random,float32
10,723.293659,4656,52430573,51.473,random,float32
10,723.827189,6934,52430573,51.782,random,float32
10,724.358887,8122,52430573,53.839,random,float32
10,724.889863,7167,52430573,51.781,random,float32
10,725.417038,6075,52430573,55.122,random,float32
10,725.957183,2749,52430573,55.522,random,float32
10,726.484063,8916,52430573,54.329,random,float32
10,727.006544,7285,52430573,53.769,random,float32
10,727.545138,5407,52430573,54.537,random,float32
10,728.075474,7237,52430573,53.400,random,float32
10,728.593829,565,52430573,52.581,random,float32
10,729.128716,5212,52430573,54.797,random,float32
10,729.661321,3336,52430573,53.211,random,float32
10,730.191860,9237,52430573,50.655,random,float32
10,730.719627,3378,52430573,51.608,random,float32
10,731.247659,2998,52430573,53.231,random,float32
10,731.787078,1323,52430573,55.355,random,float32
10,732.331949,870,52430573,52.755,random,float32
10,732.866424,6801,52430573,52.214,random,float32
10,733.411721,5037,52430573,57.809,random,float32
10,733.957545,3241,52430573,57.347,random,float32
10,734.487188,8004,52430573,52.887,random,float32
10,735.022042,9345,52430573,54.974,random,float32
10,735.564442,4995,52430573,54.743,random,float32
10,736.090446,6426,52430573,52.376,random,float32
10,736.614262,4755,52430573,53.720,random,float32
10,737.152155,9909,52430573,53.008,random,float32
10,737.689841,4636,52430573,54.743,random,float32
10,738.226348,2039,52430573,52.703,random,float32
10,738.764900,1485,52430573,54.715,random,float32
10,739.303147,9157,52430573,54.803,random,float32
10,739.841174,7161,52430573,54.118,random,float32
10,740.381790,8745,52430573,53.683,random,float32
10,740.912296,6186,52430573,52.451,random,float32
10,741.441658,5733,52430573,53.727,random,float32
10,741.970149,3107,52430573,51.667,random,float32
10,742.502018,4247,52430573,54.614,random,float32
10,743.033171,3759,52430573,53.282,random,float32
10,743.567659,4346,52430573,55.368,random,float32
10,744.097851,3775,52430573,52.158,random,float32
10,744.625011,8137,52430573,54.402,random,float32
10,745.155000,1124,52430573,53.525,random,float32
10,745.692524,8873,52430573,55.023,random,float32
10,746.234952,6529,52430573,52.177,random,float32
10,746.775408,6911,52430573,55.179,random,float32
10,747.309297,6740,52430573,53.305,random,float32
10,747.842676,4218,52430573,54.584,random,float32
10,748.380454,5628,52430573,52.824,random,float32
10,748.921475,3300,52430573,54.013,random,float32
10,749.467787,1821,52430573,52.637,random,float32
10,749.998194,1820,52430573,53.324,random,float32
10,750.532915,8454,52430573,55.289,random,float32
10,751.061070,8878,52430573,52.166,random,float32
10,751.588756,4881,52430573,54.040,random,float32
10,752.122237,6604,52430573,53.401,random,float32
10,752.651591,6686,52430573,52.190,random,float32
10,753.178649,584,52430573,56.222,random,float32
10,753.708261,192,52430573,54.666,random,float32
10,754.236689,3064,52430573,51.686,random,float32
10,754.760554,6126,52430573,56.547,random,float32
10,755.285796,3556,52430573,54.052,random,float32
10,755.819390,1942,52430573,51.901,random,float32
10,756.352117,9166,52430573,52.844,random,float32
10,756.886287,998,52430573,53.979,random,float32
10,757.416139,8332,52430573,50.168,random,float32
10,757.948740,8073,52430573,53.351,random,float32
10,758.480843,978,52430573,56.065,random,float32
10,759.014561,2682,52430573,55.518,random,float32
10,759.538799,5125,52430573,52.132,random,float32
10,760.068878,66,52430573,53.098,random,float32
10,760.596848,1751,52430573,53.475,random,float32
10,761.132211,473,52430573,56.287,random,float32
10,761.670806,5389,52430573,53.531,random,float32
10,762.228785,147,52430573,62.456,random,float32
10,762.769111,6363,52430573,52.674,random,float32
10,763.292264,6822,52430573,53.299,random,float32
10,763.825923,1637,52430573,54.572,random,float32
10,764.386510,4406,52430573,59.502,random,float32
10,764.920835,2184,52430573,53.222,random,float32
10,765.456057,1999,52430573,53.708,random,float32
10,765.986726,7715,52430573,52.432,random,float32
10,766.538661,1089,52430573,57.230,random,float32
10,767.105810,3371,52430573,56.862,random,float32
10,767.653099,8016,52430573,53.973,random,float32
10,768.188371,9551,52430573,52.913,random,float32
10,768.714508,4334,52430573,50.587,random,float32
10,769.255545,3669,52430573,54.471,random,float32
10,769.799259,1964,52430573,54.628,random,float32
10,770.339219,1378,52430573,51.859,random,float32
10,770.874792,2580,52430573,52.980,random,float32
10,771.413553,6696,52430573,55.012,random,float32
10,771.953314,2264,52430573,52.396,random,float32
10,772.487062,8016,52430573,54.947,random,float32
10,773.021740,3790,52430573,52.693,random,float32
10,773.551604,383,52430573,53.837,random,float32
10,774.084865,3427,52430573,52.631,random,float32
10,774.623584,4595,52430573,56.287,random,float32
10,775.139012,2828,52430573,52.057,random,float32
10,775.665884,7601,52430573,56.534,random,float32
10,776.203926,4004,52430573,53.006,random,float32
10,776.745376,3195,52430573,55.198,random,float32
10,777.292816,5242,52430573,55.084,random,float32
10,777.825682,6024,52430573,53.320,random,float32
10,778.376568,8280,52430573,54.674,random,float32
10,778.911862,7674,52430573,52.923,random,float32
10,779.443159,7103,52430573,52.385,random,float32
10,779.960825,6988,52430573,49.793,random,float32
10,780.491237,6834,52430573,53.498,random,float32
10,781.022428,5467,52430573,53.351,random,float32
10,781.564941,3647,52430573,55.326,random,float32
10,782.109702,3110,52430573,55.943,random,float32
10,782.645594,8161,52430573,50.119,random,float32
10,783.178393,101,52430573,51.424,random,float32
10,783.713891,675,52430573,51.571,random,float32
10,784.240234,4061,52430573,55.968,random,float32
10,784.776614,2019,52430573,53.620,random,float32
10,785.319057,2570,52430573,52.898,random,float32
10,785.864419,8930,52430573,57.112,random,float32
10,786.416561,2373,52430573,55.296,random,float32
10,786.961520,2856,52430573,55.404,random,float32
10,787.505651,5675,52430573,54.477,random,float32
10,788.047164,3657,52430573,55.499,random,float32
10,788.592144,8841,52430573,53.196,random,float32
10,789.128628,1806,52430573,52.731,random,float32
10,789.656224,6803,52430573,50.814,random,float32
10,790.191468,4798,52430573,54.856,random,float32
10,790.725817,5269,52430573,53.717,random,float32
10,791.260395,7477,52430573,51.922,random,float32
10,791.805098,8380,52430573,54.562,random,float32
10,792.340091,6645,52430573,52.900,random,float32
10,792.879587,2462,52430573,52.764,random,float32
10,793.421196,4494,52430573,52.130,random,float32
10,793.962699,9960,52430573,56.697,random,float32
10,794.507485,4006,52430573,53.570,random,float32
10,795.037544,9696,52430573,53.137,random,float32
10,795.570651,7615,52430573,53.394,random,float32
10,796.105103,1311,52430573,53.717,random,float32
10,796.631141,9594,52430573,51.662,random,float32
10,797.163574,3567,52430573,53.392,random,float32
10,797.705498,3157,52430573,55.408,random,float32
10,798.250101,2749,52430573,55.320,random,float32
10,798.787267,7655,52430573,53.140,random,float32
10,799.326777,6872,52430573,54.165,random,float32
10,799.879632,8937,52430573,53.728,random,float32
10,800.442244,7318,52430573,55.499,random,float32
10,800.981216,630,52430573,53.419,random,float32
10,801.511384,4579,52430573,54.241,random,float32
10,802.051498,4641,52430573,53.218,random,float32
10,802.595431,8399,52430573,54.144,random,float32
10,803.130137,1415,52430573,53.313,random,float32
10,803.664895,9071,52430573,51.507,random,float32
10,804.189297,7577,52430573,50.737,random,float32
10,804.725702,833,52430573,54.460,random,float32
10,805.258254,719,52430573,53.094,random,float32
10,805.786620,9573,52430573,51.260,random,float32
10,806.317082,9750,52430573,54.762,random,float32
10,806.848258,5557,52430573,51.245,random,float32
10,807.374747,2852,52430573,53.008,random,float32
10,807.900671,7761,52430573,55.043,random,float32
10,808.434148,7784,52430573,54.526,random,float32
10,808.972128,8106,52430573,54.283,random,float32
10,809.512655,8627,52430573,52.383,random,float32
10,810.051535,7289,52430573,54.192,random,float32
10,810.583214,590,52430573,53.169,random,float32
10,811.112645,2316,52430573,53.644,random,float32
10,811.646076,8938,52430573,55.605,random,float32
10,812.168823,4047,52430573,51.948,random,float32
10,812.704198,5372,52430573,56.089,random,float32
10,813.239059,2113,52430573,53.493,random,float32
10,813.758466,3098,52430573,49.884,random,float32
10,814.286815,1886,52430573,52.512,random,float32
10,814.817763,593,52430573,52.884,random,float32
10,815.359595,3530,52430573,54.062,random,float32
10,815.908229,5659,52430573,55.220,random,float32
10,816.446238,7141,52430573,55.095,random,float32
10,816.990905,8571,52430573,55.750,random,float32
10,817.533665,594,52430573,53.459,random,float32
10,818.068858,9608,52430573,49.586,random,float32
10,818.597998,6998,52430573,51.842,random,float32
10,819.105187,6182,52430573,53.238,random,float32
10,819.644682,8985,52430573,53.628,random,float32
10,820.168646,5638,52430573,52.384,random,float32
10,820.689128,7877,52430573,51.831,random,float32
10,821.213366,5296,52430573,53.420,random,float32
10,821.743717,2684,52430573,52.099,random,float32
10,822.266593,629,52430573,52.305,random,float32
10,822.795010,6012,52430573,52.711,random,float32
10,823.319510,6656,52430573,52.473,random,float32
10,823.847451,7879,52430573,53.865,random,float32
10,824.382912,9049,52430573,52.789,random,float32
10,824.919116,8481,52430573,56.192,random,float32
10,825.444209,8711,52430573,50.793,random,float32
10,825.979986,6943,52430573,50.788,random,float32
10,826.511206,9518,52430573,53.064,random,float32
10,827.045296,1605,52430573,51.085,random,float32
10,827.589110,9906,52430573,53.803,random,float32
10,828.129457,6717,52430573,53.425,random,float32
10,828.678840,867,52430573,56.373,random,float32
10,829.215627,7767,52430573,51.377,random,float32
10,829.759881,3766,52430573,55.253,random,float32
10,830.311239,7505,52430573,54.774,random,float32
10,830.854663,1646,52430573,54.106,random,float32
10,831.389445,9848,52430573,53.923,random,float32
10,831.924213,5339,52430573,52.712,random,float32
10,832.471908,7357,52430573,53.521,random,float32
10,833.020588,5590,52430573,57.334,random,float32
10,833.590753,3081,52430573,59.314,random,float32
10,834.161695,5847,52430573,71.593,random,float32
10,834.710337,5107,52430573,56.402,random,float32
10,835.251245,9354,52430573,55.834,random,float32
10,835.784605,919,52430573,53.144,random,float32
10,836.328605,3974,52430573,55.791,random,float32
10,836.871109,6924,52430573,50.951,random,float32
10,837.414221,8487,52430573,56.570,random,float32
10,837.956135,8917,52430573,55.182,random,float32
10,838.505224,9431,52430573,53.241,random,float32
10,839.038387,2281,52430573,51.631,random,float32
10,839.575522,250,52430573,52.477,random,float32
10,840.118361,4547,52430573,55.260,random,float32
10,840.653866,2185,52430573,52.032,random,float32
10,841.191831,662,52430573,54.522,random,float32
10,841.727547,6380,52430573,54.811,random,float32
10,842.260158,500,52430573,54.133,random,float32
10,842.794124,5673,52430573,54.356,random,float32
10,843.331517,3622,52430573,53.638,random,float32
10,843.879472,6932,52430573,50.499,random,float32
10,844.418632,4704,52430573,54.078,random,float32
10,844.961504,7491,52430573,53.386,random,float32
10,845.491806,3633,52430573,52.910,random,float32
10,846.028274,2938,52430573,51.590,random,float32
10,846.556754,8934,52430573,51.284,random,float32
10,847.098598,495,52430573,55.034,random,float32
10,847.630881,3841,52430573,55.857,random,float32
10,848.162398,1925,52430573,54.014,random,float32
10,848.689743,1897,52430573,52.117,random,float32
10,849.228174,8857,52430573,53.798,random,float32
10,849.771736,5288,52430573,56.482,random,float32
10,850.317352,1439,52430573,54.176,random,float32
10,850.850636,7348,52430573,53.548,random,float32
10,851.398145,8603,52430573,54.701,random,float32
10,851.927744,5366,52430573,53.282,random,float32
10,852.463011,5998,52430573,53.531,random,float32
10,852.997691,6783,52430573,53.316,random,float32
10,853.531939,4884,52430573,53.325,random,float32
10,854.061498,3008,52430573,51.581,random,float32
10,854.597229,4561,52430573,52.871,random,float32
10,855.144527,3474,52430573,50.237,random,float32
10,855.687095,5806,52430573,55.850,random,float32
10,856.213777,2353,52430573,52.622,random,float32
10,856.746573,9480,52430573,55.101,random,float32
10,857.279335,4720,52430573,53.538,random,float32
10,857.822004,4973,52430573,52.392,random,float32
10,858.359502,910,52430573,52.948,random,float32
10,858.878984,8098,52430573,52.599,random,float32
10,859.402487,3198,52430573,53.749,random,float32
10,859.947043,2425,52430573,53.913,random,float32
10,860.480521,936,52430573,54.895,random,float32
10,861.011155,5395,52430573,54.564,random,float32
10,861.540811,6701,52430573,53.347,random,float32
10,862.059089,3942,52430573,52.131,random,float32
10,862.582414,1674,52430573,56.693,random,float32
10,863.127738,3500,52430573,53.223,random,float32
10,863.656577,668,52430573,52.288,random,float32
10,864.184557,654,52430573,54.481,random,float32
10,864.701335,4435,52430573,51.983,random,float32
10,865.231207,7148,52430573,51.226,random,float32
10,865.768389,8683,52430573,51.652,random,float32
10,866.304301,4649,52430573,55.193,random,float32
10,866.860179,4112,52430573,51.816,random,float32
10,867.408419,1966,52430573,54.380,random,float32
10,867.939876,7824,52430573,53.331,random,float32
10,868.473646,6940,52430573,52.617,random,float32
10,868.987829,5142,52430573,49.912,random,float32
10,869.512115,2862,52430573,53.301,random,float32
10,870.051102,7172,52430573,50.634,random,float32
10,870.576459,4268,52430573,49.665,random,float32
10,871.103361,3787,52430573,52.303,random,float32
10,871.634106,3058,52430573,53.144,random,float32
10,872.166348,692,52430573,51.579,random,float32
10,872.706423,5718,52430573,54.944,random,float32
10,873.229177,4850,52430573,51.686,random,float32
10,873.772164,5718,52430573,53.852,random,float32
10,874.306540,6190,52430573,54.129,random,float32
10,874.830521,6553,52430573,47.456,random,float32
10,875.365304,6043,52430573,51.628,random,float32
10,875.898180,2943,52430573,54.489,random,float32
10,876.433341,2392,52430573,53.072,random,float32
10,876.964211,5750,52430573,53.068,random,float32
10,877.485105,1257,52430573,54.168,random,float32
10,878.008025,3640,52430573,52.744,random,float32
10,878.539533,8398,52430573,52.975,random,float32
10,879.075492,1745,52430573,52.383,random,float32
10,879.601681,6340,52430573,51.390,random,float32
10,880.138917,121,52430573,52.869,random,float32
10,880.678117,9530,52430573,52.830,random,float32
10,881.215707,498,52430573,54.765,random,float32
10,881.752371,2236,52430573,52.448,random,float32
10,882.284897,2749,52430573,53.616,random,float32
10,882.815795,933,52430573,51.932,random,float32
10,883.351294,9417,52430573,51.854,random,float32
10,883.881950,9209,52430573,53.702,random,float32
10,884.420809,9303,52430573,54.769,random,float32
10,884.954883,6403,52430573,51.398,random,float32
10,885.493322,1068,52430573,53.961,random,float32
10,886.026882,2741,52430573,53.031,random,float32
10,886.552724,3540,52430573,50.696,random,float32
10,887.091679,2683,52430573,53.582,random,float32
10,887.638536,6385,52430573,55.131,random,float32
10,888.175050,4372,52430573,54.457,random,float32
10,888.700608,3461,52430573,53.098,random,float32
10,889.221872,7592,52430573,55.491,random,float32
10,889.760036,9498,52430573,54.923,random,float32
10,890.292260,1229,52430573,52.120,random,float32
10,890.830173,1329,52430573,53.920,random,float32
10,891.362021,238,52430573,53.322,random,float32
10,891.902191,4942,52430573,53.683,random,float32
10,892.445587,1064,52430573,52.032,random,float32
10,892.968988,6877,52430573,51.054,random,float32
10,893.514088,676,52430573,55.026,random,float32
10,894.052382,433,52430573,54.323,random,float32
10,894.585005,1981,52430573,54.688,random,float32
10,895.121687,4072,52430573,55.330,random,float32
10,895.653481,4576,52430573,56.222,random,float32
10,896.187973,6196,52430573,53.778,random,float32
10,896.726417,5327,52430573,54.367,random,float32
10,897.252934,2644,52430573,53.437,random,float32
10,897.786289,1409,52430573,53.404,random,float32
10,898.315817,9575,52430573,50.479,random,float32
10,898.848833,3497,52430573,52.089,random,float32
10,899.390185,1292,52430573,54.601,random,float32
10,899.957849,3620,52430573,54.595,random,float32
11,300.542081,9667,52430573,56.195,random,float32
11,301.089940,3773,52430573,51.590,random,float32
11,301.637331,126,52430573,54.591,random,float32
11,302.180359,4069,52430573,55.778,random,float32
11,302.709651,2475,52430573,53.194,random,float32
11,303.267265,522,52430573,64.004,random,float32
11,303.811521,925,52430573,52.424,random,float32
11,304.354423,3519,52430573,52.093,random,float32
11,304.896984,8846,52430573,52.164,random,float32
11,305.438122,1484,52430573,54.598,random,float32
11,305.996392,7454,52430573,54.074,random,float32
11,306.540165,2016,52430573,56.938,random,float32
11,307.101578,3225,52430573,56.615,random,float32
11,307.658212,8073,52430573,56.675,random,float32
11,308.219690,3118,52430573,53.982,random,float32
11,308.770232,1769,52430573,53.019,random,float32
11,309.306716,8908,52430573,53.567,random,float32
11,309.850879,1226,52430573,55.387,random,float32
11,310.389929,1450,52430573,54.378,random,float32
11,310.931119,1182,52430573,53.263,random,float32
11,311.469031,4509,52430573,52.722,random,float32
11,312.010907,388,52430573,54.697,random,float32
11,312.553217,7854,52430573,52.130,random,float32
11,313.116839,3260,52430573,54.686,random,float32
11,313.661227,8975,52430573,52.670,random,float32
11,314.195847,4267,52430573,53.943,random,float32
11,314.744942,3374,52430573,58.395,random,float32
11,315.283152,1102,52430573,54.480,random,float32
11,315.829490,7279,52430573,53.236,random,float32
11,316.376580,1525,52430573,54.837,random,float32
11,316.919436,2603,52430573,56.031,random,float32
11,317.471430,5343,52430573,56.283,random,float32
11,318.015649,8640,52430573,52.608,random,float32
11,318.552933,7943,52430573,54.210,random,float32
11,319.087384,875,52430573,52.865,random,float32
11,319.626687,9164,52430573,53.888,random,float32
11,320.171001,2621,52430573,55.113,random,float32
11,320.705987,2524,52430573,54.541,random,float32
11,321.244839,7009,52430573,57.633,random,float32
11,321.782632,6399,52430573,52.654,random,float32
11,322.319564,1987,52430573,54.481,random,float32
11,322.852171,1824,52430573,47.392,random,float32
11,323.382617,9741,52430573,53.505,random,float32
11,323.920037,2701,52430573,56.208,random,float32
11,324.470320,1291,52430573,52.914,random,float32
11,325.027357,8609,52430573,56.911,random,float32
11,325.563926,3454,52430573,55.423,random,float32
11,326.083673,3155,52430573,51.524,random,float32
11,326.614945,1548,52430573,54.370,random,float32
11,327.136418,6435,52430573,51.543,random,float32
11,327.679538,595,52430573,53.457,random,float32
11,328.213432,919,52430573,53.616,random,float32
11,328.740301,5151,52430573,52.273,random,float32
11,329.289264,2223,52430573,49.827,random,float32
11,329.828640,4472,52430573,54.874,random,float32
11,330.365650,8800,52430573,60.181,random,float32
11,330.895878,9783,52430573,54.612,random,float32
11,331.426284,7095,52430573,53.021,random,float32
11,331.948417,5454,52430573,50.862,random,float32
11,332.504804,6939,52430573,54.104,random,float32
11,333.060994,8974,52430573,53.185,random,float32
11,333.605647,6038,52430573,53.976,random,float32
11,334.150391,9755,52430573,55.433,random,float32
11,334.687612,3907,52430573,52.028,random,float32
11,335.223073,6068,52430573,53.101,random,float32
11,335.766508,3748,52430573,53.127,random,float32
11,336.310700,6105,52430573,54.653,random,float32
11,336.852856,7585,52430573,53.424,random,float32
11,337.378386,7155,52430573,53.323,random,float32
11,337.917216,2257,52430573,55.032,random,float32
11,338.449941,4557,52430573,52.093,random,float32
11,338.981774,595,52430573,53.038,random,float32
11,339.521285,9139,52430573,53.578,random,float32
11,340.056198,8271,52430573,53.095,random,float32
11,340.584718,5225,52430573,55.843,random,float32
11,341.118205,4179,52430573,55.036,random,float32
11,341.651230,976,52430573,56.025,random,float32
11,342.190349,3454,52430573,52.739,random,float32
11,342.728539,7085,52430573,51.318,random,float32
11,343.265759,8013,52430573,52.051,random,float32
11,343.802103,1752,52430573,53.302,random,float32
11,344.351556,4019,52430573,56.494,random,float32
11,344.893381,9937,52430573,53.489,random,float32
11,345.447332,8268,52430573,55.240,random,float32
11,345.995624,3197,52430573,51.440,random,float32
11,346.530789,9004,52430573,54.504,random,float32
11,347.069256,8202,52430573,51.800,random,float32
11,347.596201,8618,52430573,54.318,random,float32
11,348.138903,3647,52430573,54.278,random,float32
11,348.672452,2988,52430573,52.432,random,float32
11,349.202932,6895,52430573,51.294,random,float32
11,349.744341,2231,52430573,51.476,random,float32
11,350.285721,4464,52430573,52.649,random,float32
11,350.824797,1640,52430573,54.850,random,float32
11,351.389681,162,52430573,52.916,random,float32
11,351.931888,9581,52430573,52.730,random,float32
11,352.462731,6376,52430573,56.440,random,float32
11,352.993437,6270,52430573,52.607,random,float32
11,353.522063,6112,52430573,51.638,random,float32
11,354.061669,5650,52430573,54.817,random,float32
11,354.599056,4754,52430573,54.182,random,float32
11,355.130385,4921,52430573,53.038,random,float32
11,355.673105,2547,52430573,53.480,random,float32
11,356.205719,21,52430573,53.369,random,float32
11,356.743280,4976,52430573,54.118,random,float32
11,357.271687,8898,52430573,54.633,random,float32
11,357.809327,8043,52430573,54.507,random,float32
11,358.357761,3139,52430573,57.308,random,float32
11,358.913071,1731,52430573,55.976,random,float32
11,359.462862,6369,52430573,55.484,random,float32
11,360.024986,8111,52430573,55.084,random,float32
11,360.552160,5859,52430573,54.003,random,float32
11,361.082993,8777,52430573,51.543,random,float32
11,361.613077,8077,52430573,56.863,random,float32
11,362.136701,5213,52430573,55.452,random,float32
11,362.667265,7089,52430573,52.632,random,float32
11,363.198468,3532,52430573,53.827,random,float32
11,363.727167,3527,52430573,52.896,random,float32
11,364.266372,4406,52430573,55.452,random,float32
11,364.790140,8485,52430573,48.525,random,float32
11,365.315453,2916,52430573,53.602,random,float32
11,365.843132,460,52430573,51.001,random,float32
11,366.383565,9933,52430573,53.642,random,float32
11,366.918458,3319,52430573,52.849,random,float32
11,367.450213,5371,52430573,53.563,random,float32
11,367.992723,1076,52430573,54.311,random,float32
11,368.528319,3279,52430573,55.571,random,float32
11,369.064358,9181,52430573,53.332,random,float32
11,369.601451,1727,52430573,53.699,random,float32
11,370.145760,4910,52430573,54.747,random,float32
11,370.685192,6181,52430573,51.497,random,float32
11,371.217085,801,52430573,48.871,random,float32
11,371.754101,3771,52430573,54.825,random,float32
11,372.293241,5270,52430573,57.903,random,float32
11,372.819078,3635,52430573,55.556,random,float32
11,373.362459,6224,52430573,49.462,random,float32
11,373.890863,1663,52430573,53.496,random,float32
11,374.427841,1948,52430573,55.081,random,float32
11,374.956328,4578,52430573,52.759,random,float32
11,375.492976,2056,52430573,52.215,random,float32
11,376.028630,45,52430573,53.704,random,float32
11,376.563104,8606,52430573,55.065,random,float32
11,377.101845,3463,52430573,55.471,random,float32
11,377.634113,4857,52430573,50.185,random,float32
11,378.162735,5658,52430573,53.511,random,float32
11,378.692246,6529,52430573,52.042,random,float32
11,379.216313,6584,52430573,52.704,random,float32
11,379.749675,8156,52430573,52.149,random,float32
11,380.291682,9567,52430573,52.477,random,float32
11,380.823021,8329,52430573,51.966,random,float32
11,381.362747,1946,52430573,55.682,random,float32
11,381.897735,7988,52430573,54.438,random,float32
11,382.427801,5523,52430573,49.592,random,float32
11,382.959208,913,52430573,52.836,random,float32
11,383.493390,2126,52430573,52.511,random,float32
11,384.031035,9654,52430573,54.752,random,float32
11,384.565888,5281,52430573,54.825,random,float32
11,385.096694,4939,52430573,52.384,random,float32
11,385.638800,2112,52430573,53.461,random,float32
11,386.180077,7183,52430573,54.149,random,float32
11,386.719350,97,52430573,55.876,random,float32
11,387.254431,8358,52430573,53.163,random,float32
11,387.797175,773,52430573,53.437,random,float32
11,388.350359,9445,52430573,56.783,random,float32
11,388.892318,3891,52430573,49.255,random,float32
11,389.423772,7900,52430573,55.477,random,float32
11,389.957365,3260,52430573,56.566,random,float32
11,390.498377,2768,52430573,55.764,random,float32
11,391.049241,1705,52430573,57.406,random,float32
11,391.587785,7655,52430573,55.739,random,float32
11,392.137163,6350,52430573,54.130,random,float32
11,392.673519,810,52430573,55.951,random,float32
11,393.230731,7464,52430573,54.094,random,float32
11,393.785449,6829,52430573,58.008,random,float32
11,394.326964,8969,52430573,53.994,random,float32
11,394.858613,7924,52430573,52.597,random,float32
11,395.383623,2067,52430573,53.682,random,float32
11,395.913769,896,52430573,52.202,random,float32
11,396.444591,3586,52430573,52.872,random,float32
11,396.975442,8967,52430573,50.654,random,float32
11,397.503222,2126,52430573,54.003,random,float32
11,398.036348,2132,52430573,53.291,random,float32
11,398.569266,9005,52430573,52.028,random,float32
11,399.095155,4311,52430573,50.633,random,float32
11,399.623138,8473,52430573,52.241,random,float32
11,400.152179,3777,52430573,55.141,random,float32
11,400.682594,3950,52430573,54.121,random,float32
11,401.216196,7306,52430573,51.883,random,float32
11,401.747591,2527,52430573,49.683,random,float32
11,402.290602,704,52430573,55.441,random,float32
11,402.835296,8392,52430573,52.480,random,float32
11,403.368760,1307,52430573,50.621,random,float32
11,403.903626,8628,52430573,53.723,random,float32
11,404.438388,4943,52430573,53.518,random,float32
11,404.986543,2960,52430573,56.726,random,float32
11,405.549100,1787,52430573,56.630,random,float32
11,406.091074,8084,52430573,53.880,random,float32
11,406.641778,3056,52430573,54.670,random,float32
11,407.190821,9163,52430573,53.690,random,float32
11,407.740880,8842,52430573,51.491,random,float32
11,408.283332,8512,52430573,53.279,random,float32
11,408.825375,6576,52430573,52.787,random,float32
11,409.360700,2779,52430573,52.910,random,float32
11,409.887339,3107,52430573,52.519,random,float32
11,410.415516,4527,52430573,52.261,random,float32
11,410.944262,9270,52430573,54.578,random,float32
11,411.476721,5519,52430573,49.752,random,float32
11,411.998222,2212,52430573,52.955,random,float32
11,412.532641,8945,52430573,54.720,random,float32
11,413.067426,388,52430573,52.609,random,float32
11,413.606649,673,52430573,52.550,random,float32
11,414.143469,7278,52430573,52.341,random,float32
11,414.692003,9382,52430573,55.154,random,float32
11,415.237589,4898,52430573,56.843,random,float32
11,415.775339,7612,52430573,51.681,random,float32
11,416.312046,7830,52430573,54.217,random,float32
11,416.848166,146,52430573,50.809,random,float32
11,417.390134,269,52430573,53.220,random,float32
11,417.932460,4567,52430573,57.837,random,float32
11,418.468485,2441,52430573,54.269,random,float32
11,418.999095,3785,52430573,52.999,random,float32
11,419.532011,320,52430573,50.089,random,float32
11,420.054049,4380,52430573,50.346,random,float32
11,420.587720,2285,52430573,53.762,random,float32
11,421.125999,745,52430573,53.286,random,float32
11,421.667744,3308,52430573,52.920,random,float32
11,422.218252,1134,52430573,54.920,random,float32
11,422.748841,8939,52430573,53.131,random,float32
11,423.275083,5527,52430573,54.890,random,float32
11,423.808623,5597,52430573,54.230,random,float32
11,424.341124,178,52430573,52.404,random,float32
11,424.879984,6857,52430573,53.259,random,float32
11,425.414439,2696,52430573,54.183,random,float32
11,425.954205,6332,52430573,53.946,random,float32
11,426.504360,2289,52430573,58.020,random,float32
11,427.082073,7619,52430573,57.438,random,float32
11,427.636473,3465,52430573,53.048,random,float32
11,428.176004,4149,52430573,53.528,random,float32
11,428.726989,8369,52430573,55.009,random,float32
11,429.270400,9327,52430573,54.921,random,float32
11,429.827105,4863,52430573,54.386,random,float32
11,430.367320,7872,52430573,53.397,random,float32
11,430.919283,2977,52430573,53.101,random,float32
11,431.457766,9169,52430573,54.529,random,float32
11,431.993876,4024,52430573,52.881,random,float32
11,432.541816,4156,52430573,52.661,random,float32
11,433.089801,1771,52430573,55.852,random,float32
11,433.638507,7471,52430573,54.494,random,float32
11,434.173842,261,52430573,53.905,random,float32
11,434.706992,7068,52430573,52.650,random,float32
11,435.234777,4668,52430573,52.120,random,float32
11,435.767842,7794,52430573,53.078,random,float32
11,436.305844,4206,52430573,54.759,random,float32
11,436.853505,2396,52430573,53.343,random,float32
11,437.404811,4308,52430573,54.474,random,float32
11,437.945709,5396,52430573,53.009,random,float32
11,438.479085,6299,52430573,52.267,random,float32
11,439.020443,7273,52430573,53.834,random,float32
11,439.555909,8104,52430573,54.230,random,float32
11,440.094180,5295,52430573,53.566,random,float32
11,440.628885,4033,52430573,53.618,random,float32
11,441.180884,4460,52430573,52.964,random,float32
11,441.728691,1094,52430573,56.689,random,float32
11,442.274514,508,52430573,54.397,random,float32
11,442.807842,3866,52430573,53.619,random,float32
11,443.343565,8605,52430573,55.274,random,float32
11,443.884182,5054,52430573,55.533,random,float32
11,444.431370,8820,52430573,55.297,random,float32
11,444.961582,7410,52430573,53.007,random,float32
11,445.511123,2166,52430573,54.817,random,float32
11,446.064046,3147,52430573,54.162,random,float32
11,446.578704,9298,52430573,52.707,random,float32
11,447.107628,5595,52430573,53.881,random,float32
11,447.640969,3589,52430573,52.516,random,float32
11,448.171236,3444,52430573,53.900,random,float32
11,448.705562,5090,52430573,53.638,random,float32
11,449.259325,6325,52430573,54.120,random,float32
11,449.803865,523,52430573,54.119,random,float32
11,450.350692,6716,52430573,56.899,random,float32
11,450.888821,853,52430573,54.993,random,float32
11,451.443846,5196,52430573,55.494,random,float32
11,451.980045,1580,52430573,53.068,random,float32
11,452.521877,8703,52430573,54.396,random,float32
11,453.067974,4318,52430573,53.825,random,float32
11,453.602143,3988,52430573,56.410,random,float32
11,454.131395,3803,52430573,51.511,random,float32
11,454.663264,8133,52430573,54.257,random,float32
11,455.193339,1005,52430573,54.619,random,float32
11,455.724651,73,52430573,53.398,random,float32
11,456.264578,9306,52430573,51.477,random,float32
11,456.798494,8310,52430573,52.057,random,float32
11,457.326524,2597,52430573,53.919,random,float32
11,457.854397,1143,52430573,54.711,random,float32
11,458.381471,2130,52430573,51.897,random,float32
11,458.912096,1207,52430573,55.127,random,float32
11,459.448146,7897,52430573,53.577,random,float32
11,460.002281,4472,52430573,55.191,random,float32
11,460.563974,3387,52430573,58.749,random,float32
11,461.098453,801,52430573,51.363,random,float32
11,461.629922,9994,52430573,53.167,random,float32
11,462.159395,7943,52430573,55.734,random,float32
11,462.692853,8553,52430573,54.091,random,float32
11,463.218927,8968,52430573,49.728,random,float32
11,463.751534,8511,52430573,52.456,random,float32
11,464.281716,9738,52430573,51.321,random,float32
11,464.818094,9273,52430573,54.521,random,float32
11,465.354362,9714,52430573,55.706,random,float32
11,465.896499,6853,52430573,50.577,random,float32
11,466.429402,2059,52430573,52.444,random,float32
11,466.961376,828,52430573,51.532,random,float32
11,467.494200,433,52430573,54.314,random,float32
11,468.021416,2991,52430573,51.273,random,float32
11,468.552133,893,52430573,51.324,random,float32
11,469.105613,2176,52430573,57.086,random,float32
11,469.659173,1718,52430573,52.757,random,float32
11,470.203287,848,52430573,54.749,random,float32
11,470.749815,424,52430573,55.525,random,float32
11,471.294895,9630,52430573,52.447,random,float32
11,471.829930,4451,52430573,53.887,random,float32
11,472.373554,8945,52430573,53.327,random,float32
11,472.903335,3362,52430573,55.505,random,float32
11,473.429349,7022,52430573,49.584,random,float32
11,473.965667,8057,52430573,54.655,random,float32
11,474.493974,8375,52430573,49.550,random,float32
11,475.030461,2776,52430573,55.214,random,float32
11,475.564719,6325,52430573,54.879,random,float32
11,476.094613,194,52430573,52.049,random,float32
11,476.639957,327,52430573,53.690,random,float32
11,477.171535,7860,52430573,56.468,random,float32
11,477.705127,6285,52430573,53.672,random,float32
11,478.240580,6906,52430573,54.778,random,float32
11,478.778037,1666,52430573,52.404,random,float32
11,479.306863,3315,52430573,54.911,random,float32
11,479.842121,7051,52430573,52.048,random,float32
11,480.367943,9668,52430573,52.963,random,float32
11,480.897913,5496,52430573,54.794,random,float32
11,481.433658,1513,52430573,54.904,random,float32
11,481.968607,5648,52430573,53.238,random,float32
11,482.509143,9,52430573,54.064,random,float32
11,483.043914,2481,52430573,55.298,random,float32
11,483.581810,3323,52430573,53.370,random,float32
11,484.113658,7516,52430573,53.479,random,float32
11,484.651263,727,52430573,51.030,random,float32
11,485.186226,363,52430573,54.499,random,float32
11,485.722437,7857,52430573,52.550,random,float32
11,486.244131,6634,52430573,50.883,random,float32
11,486.789736,467,52430573,53.604,random,float32
11,487.322015,1514,52430573,53.317,random,float32
11,487.852761,6793,52430573,51.756,random,float32
11,488.386600,9332,52430573,53.813,random,float32
11,488.919125,1174,52430573,53.830,random,float32
11,489.452586,2102,52430573,51.993,random,float32
11,489.995894,9143,52430573,56.090,random,float32
11,490.537160,9996,52430573,53.704,random,float32
11,491.086103,5278,52430573,55.842,random,float32
11,491.628410,9659,52430573,53.129,random,float32
11,492.155616,6951,52430573,51.189,random,float32
11,492.687845,8838,52430573,52.625,random,float32
11,493.237066,4433,52430573,55.624,random,float32
11,493.798676,3900,52430573,54.579,random,float32
11,494.357550,7212,52430573,57.726,random,float32
11,494.925508,526,52430573,56.261,random,float32
11,495.468416,924,52430573,51.088,random,float32
11,495.998159,1815,52430573,53.002,random,float32
11,496.521183,3875,52430573,52.153,random,float32
11,497.058999,7824,52430573,53.535,random,float32
11,497.584526,7149,52430573,53.612,random,float32
11,498.121349,8914,52430573,55.198,random,float32
11,498.656008,8927,52430573,52.104,random,float32
11,499.195839,3935,52430573,54.266,random,float32
11,499.728416,2457,52430573,52.890,random,float32
11,500.264946,5396,52430573,54.184,random,float32
11,500.798240,8751,52430573,54.096,random,float32
11,501.336671,2206,52430573,54.457,random,float32
11,501.869716,3990,52430573,53.811,random,float32
11,502.403334,5896,52430573,54.520,random,float32
11,502.937574,1511,52430573,54.208,random,float32
11,503.477686,1083,52430573,54.591,random,float32
11,504.009085,5434,52430573,54.282,random,float32
11,504.537453,1914,52430573,51.734,random,float32
11,505.067613,1831,52430573,52.332,random,float32
11,505.605698,3010,52430573,57.940,random,float32
11,506.131375,25,52430573,52.709,random,float32
11,506.663972,995,52430573,52.412,random,float32
11,507.198581,7986,52430573,55.720,random,float32
11,507.732906,551,52430573,53.412,random,float32
11,508.260522,232,52430573,52.307,random,float32
11,508.788022,2758,52430573,52.706,random,float32
11,509.316969,6899,52430573,54.040,random,float32
11,509.841745,7104,52430573,52.136,random,float32
11,510.393936,910,52430573,52.365,random,float32
11,510.927122,3492,52430573,53.505,random,float32
11,511.456399,9960,52430573,52.598,random,float32
11,511.983153,3036,52430573,54.102,random,float32
11,512.525818,5144,52430573,53.656,random,float32
11,513.064189,232,52430573,53.691,random,float32
11,513.596398,9318,52430573,55.056,random,float32
11,514.128048,3326,52430573,52.512,random,float32
11,514.662195,1437,52430573,53.113,random,float32
11,515.206551,2031,52430573,54.536,random,float32
11,515.744751,2069,52430573,52.467,random,float32
11,516.269315,8295,52430573,50.295,random,float32
11,516.805676,246,52430573,51.854,random,float32
11,517.337371,6220,52430573,54.775,random,float32
11,517.869192,3891,52430573,50.549,random,float32
11,518.395512,2848,52430573,54.719,random,float32
11,518.925975,6283,52430573,56.343,random,float32
11,519.452449,7463,52430573,55.074,random,float32
11,519.980055,5447,52430573,54.782,random,float32
11,520.531372,7677,52430573,56.221,random,float32
11,521.070856,3694,52430573,52.839,random,float32
11,521.608855,4690,52430573,52.878,random,float32
11,522.143075,347,52430573,52.869,random,float32
11,522.677831,3066,52430573,54.179,random,float32
11,523.204440,9084,52430573,57.489,random,float32
11,523.745656,2557,52430573,53.910,random,float32
11,524.279225,7708,52430573,53.287,random,float32
11,524.808634,4722,52430573,50.801,random,float32
11,525.318012,2323,52430573,51.433,random,float32
11,525.853446,6203,52430573,51.983,random,float32
11,526.374999,838,52430573,52.855,random,float32
11,526.904298,3904,52430573,52.653,random,float32
11,527.433688,1128,52430573,52.932,random,float32
11,527.985602,6255,52430573,55.419,random,float32
11,528.543993,8210,52430573,54.677,random,float32
11,529.089290,8596,52430573,53.695,random,float32
11,529.623687,276,52430573,52.750,random,float32
11,530.153562,7566,52430573,52.576,random,float32
11,530.687226,1870,52430573,53.321,random,float32
11,531.219249,3298,52430573,53.162,random,float32
11,531.760572,7381,52430573,53.762,random,float32
11,532.299561,3632,52430573,52.623,random,float32
11,532.829909,1695,52430573,51.418,random,float32
11,533.372903,2934,52430573,55.397,random,float32
11,533.920378,7050,52430573,51.402,random,float32
11,534.456393,1443,52430573,55.244,random,float32
11,534.984154,7692,52430573,55.002,random,float32
11,535.517300,2266,52430573,54.001,random,float32
11,536.058570,6733,52430573,54.659,random,float32
11,536.600736,3978,52430573,53.415,random,float32
11,537.138883,9533,52430573,54.858,random,float32
11,537.672968,1951,52430573,53.232,random,float32
11,538.216580,1105,52430573,55.392,random,float32
11,538.762328,2226,52430573,54.384,random,float32
11,539.291557,3895,52430573,52.538,random,float32
11,539.818661,4042,52430573,51.386,random,float32
11,540.350488,2524,52430573,54.691,random,float32
11,540.872841,2480,52430573,51.949,random,float32
11,541.399325,3687,52430573,51.852,random,float32
11,541.934725,1111,52430573,51.272,random,float32
11,542.477172,6153,52430573,54.161,random,float32
11,543.010741,1701,52430573,53.458,random,float32
11,543.548780,6470,52430573,54.629,random,float32
11,544.089556,1945,52430573,54.160,random,float32
11,544.623002,7623,52430573,53.751,random,float32
11,545.157919,1570,52430573,53.130,random,float32
11,545.699954,6212,52430573,55.261,random,float32
11,546.230182,5907,52430573,53.913,random,float32
11,546.760351,5944,52430573,53.867,random,float32
11,547.283904,2511,52430573,53.195,random,float32
11,547.812044,1347,52430573,54.702,random,float32
11,548.343686,5142,52430573,52.423,random,float32
11,548.887311,2065,52430573,54.467,random,float32
11,549.417084,2456,52430573,52.801,random,float32
11,549.952323,4302,52430573,53.532,random,float32
11,550.482889,7057,52430573,52.462,random,float32
11,551.013069,798,52430573,51.502,random,float32
11,551.546253,7769,52430573,52.687,random,float32
11,552.077838,4201,52430573,53.032,random,float32
11,552.617533,1491,52430573,53.402,random,float32
11,553.147038,2222,52430573,54.353,random,float32
11,553.679049,6812,52430573,48.848,random,float32
11,554.219691,6933,52430573,53.463,random,float32
11,554.748792,9187,52430573,54.697,random,float32
11,555.273804,4666,52430573,54.674,random,float32
11,555.816519,4730,52430573,54.710,random,float32
11,556.335655,9391,52430573,52.685,random,float32
11,556.863470,7999,52430573,53.030,random,float32
11,557.405229,6939,52430573,53.491,random,float32
11,557.941294,8428,52430573,53.649,random,float32
11,558.485704,3282,52430573,52.330,random,float32
11,559.023121,8624,52430573,55.450,random,float32
11,559.555630,7205,52430573,53.661,random,float32
11,560.087237,5835,52430573,53.385,random,float32
11,560.621294,7304,52430573,53.436,random,float32
11,561.150175,748,52430573,51.143,random,float32
11,561.680253,3628,52430573,52.868,random,float32
11,562.233134,339,52430573,58.052,random,float32
11,562.768324,8520,52430573,45.804,random,float32
11,563.316115,3500,52430573,53.401,random,float32
11,563.832751,5681,52430573,52.553,random,float32
11,564.365538,6944,52430573,54.624,random,float32
11,564.901577,4486,52430573,52.458,random,float32
11,565.435010,7069,52430573,54.329,random,float32
11,565.961905,6434,52430573,52.753,random,float32
11,566.506837,3997,52430573,56.273,random,float32
11,567.042849,5150,52430573,51.686,random,float32
11,567.584849,9872,52430573,56.347,random,float32
11,568.132754,5230,52430573,53.683,random,float32
11,568.676450,8561,52430573,55.231,random,float32
11,569.214797,9229,52430573,55.041,random,float32
11,569.747377,6216,52430573,53.947,random,float32
11,570.274939,4499,52430573,52.364,random,float32
11,570.809072,8664,52430573,52.410,random,float32
11,571.340388,7284,52430573,52.039,random,float32
11,571.862609,6083,52430573,53.151,random,float32
11,572.399334,2997,52430573,48.700,random,float32
11,572.932801,214,52430573,56.384,random,float32
11,573.464569,4355,52430573,53.326,random,float32
11,573.983896,2212,52430573,54.198,random,float32
11,574.521046,276,52430573,57.603,random,float32
11,575.049954,8599,52430573,51.264,random,float32
11,575.576576,4144,52430573,50.491,random,float32
11,576.111470,4216,52430573,53.800,random,float32
11,576.639018,3274,52430573,54.739,random,float32
11,577.176193,2479,52430573,54.343,random,float32
11,577.711246,5252,52430573,53.507,random,float32
11,578.256606,8704,52430573,54.997,random,float32
11,578.790841,8850,52430573,52.681,random,float32
11,579.318026,3895,52430573,52.890,random,float32
11,579.846332,5829,52430573,50.645,random,float32
11,580.383571,7309,52430573,56.292,random,float32
11,580.910014,7649,52430573,53.484,random,float32
11,581.444715,6770,52430573,50.764,random,float32
11,581.980818,4261,52430573,52.850,random,float32
11,582.509573,1372,52430573,54.224,random,float32
11,583.048821,7836,52430573,53.951,random,float32
11,583.591187,2607,52430573,55.249,random,float32
11,584.124597,7783,52430573,53.218,random,float32
11,584.664738,981,52430573,52.331,random,float32
11,585.193998,8552,52430573,53.749,random,float32
11,585.723287,5304,52430573,50.614,random,float32
11,586.248289,1445,52430573,53.659,random,float32
11,586.778024,6076,52430573,51.417,random,float32
11,587.302113,8858,52430573,49.977,random,float32
11,587.816741,5522,52430573,53.955,random,float32
11,588.349489,6866,52430573,53.791,random,float32
11,588.878953,4177,52430573,53.521,random,float32
11,589.406007,5703,52430573,52.161,random,float32
11,589.935736,4852,52430573,52.196,random,float32
11,590.460403,7420,52430573,50.067,random,float32
11,590.988632,5019,52430573,54.449,random,float32
11,591.529684,2582,52430573,55.354,random,float32
11,592.070805,2956,52430573,55.250,random,float32
11,592.616939,4510,52430573,52.660,random,float32
11,593.148878,3651,52430573,53.611,random,float32
11,593.681221,6108,52430573,53.499,random,float32
11,594.208038,8756,52430573,52.622,random,float32
11,594.741297,8482,52430573,52.549,random,float32
11,595.260955,2033,52430573,51.810,random,float32
11,595.802832,5620,52430573,54.491,random,float32
11,596.362899,6383,52430573,54.513,random,float32
11,596.891744,6849,52430573,52.581,random,float32
11,597.424662,5743,52430573,54.193,random,float32
11,597.963895,33,52430573,52.123,random,float32
11,598.514264,2476,52430573,54.809,random,float32
11,599.060373,3410,52430573,54.710,random,float32
11,599.624891,174,52430573,52.358,random,float32
11,600.175776,8231,52430573,52.964,random,float32
11,600.730387,1094,52430573,56.995,random,float32
11,601.263118,617,52430573,53.610,random,float32
11,601.796203,3343,52430573,54.427,random,float32
11,602.332530,7155,52430573,52.599,random,float32
11,602.864784,9019,52430573,53.578,random,float32
11,603.397218,8658,52430573,52.363,random,float32
11,603.932126,8154,52430573,54.579,random,float32
11,604.463013,5279,52430573,53.160,random,float32
11,604.983195,8256,52430573,50.292,random,float32
11,605.512444,5545,52430573,56.059,random,float32
11,606.049126,9394,52430573,53.153,random,float32
11,606.574168,1988,52430573,57.369,random,float32
11,607.111741,7828,52430573,52.716,random,float32
11,607.636416,7762,52430573,47.953,random,float32
11,608.177016,7892,52430573,57.792,random,float32
11,608.689384,3351,52430573,50.594,random,float32
11,609.220772,3197,52430573,53.235,random,float32
11,609.749324,74,52430573,53.398,random,float32
11,610.284043,7667,52430573,53.491,random,float32
11,610.822654,1857,52430573,52.987,random,float32
11,611.379870,7494,52430573,56.233,random,float32
11,611.913854,8909,52430573,56.428,random,float32
11,612.447939,4160,52430573,54.953,random,float32
11,612.987148,7122,52430573,52.772,random,float32
11,613.538639,6497,52430573,53.886,random,float32
11,614.078142,1292,52430573,51.244,random,float32
11,614.618046,1963,52430573,53.992,random,float32
11,615.158776,3545,52430573,51.737,random,float32
11,615.699396,1737,52430573,54.211,random,float32
11,616.245081,8309,52430573,53.432,random,float32
11,616.806459,3854,52430573,54.427,random,float32
11,617.345352,2731,52430573,53.813,random,float32
11,617.897499,5320,52430573,54.375,random,float32
11,618.430394,3855,52430573,54.326,random,float32
11,618.980046,8015,52430573,55.922,random,float32
11,619.524701,5584,52430573,53.306,random,float32
11,620.063035,5031,52430573,53.881,random,float32
11,620.595248,9623,52430573,53.412,random,float32
11,621.139375,7690,52430573,54.700,random,float32
11,621.684948,4045,52430573,52.779,random,float32
11,622.243333,9050,52430573,56.210,random,float32
11,622.800939,4984,52430573,58.284,random,float32
11,623.345014,7781,52430573,55.262,random,float32
11,623.886329,6122,52430573,55.043,random,float32
11,624.419148,7896,52430573,51.532,random,float32
11,624.940950,2456,52430573,52.839,random,float32
11,625.475608,2305,52430573,56.442,random,float32
11,626.013194,425,52430573,54.062,random,float32
11,626.546752,5166,52430573,53.616,random,float32
11,627.072818,2297,52430573,54.132,random,float32
11,627.614050,2052,52430573,54.193,random,float32
11,628.150498,6396,52430573,54.165,random,float32
11,628.695321,6997,52430573,53.277,random,float32
11,629.232082,3575,52430573,53.153,random,float32
11,629.769583,442,52430573,53.565,random,float32
11,630.305579,288,52430573,55.121,random,float32
11,630.846878,8334,52430573,55.656,random,float32
11,631.396049,5519,52430573,53.202,random,float32
11,631.935033,1094,52430573,54.717,random,float32
11,632.462856,446,52430573,53.613,random,float32
11,632.996790,7115,52430573,55.910,random,float32
11,633.543598,6609,52430573,55.224,random,float32
11,634.095219,4328,52430573,55.424,random,float32
11,634.635002,7176,52430573,53.898,random,float32
11,635.179904,8037,52430573,54.514,random,float32
11,635.722421,1170,52430573,56.151,random,float32
11,636.267603,993,52430573,55.010,random,float32
11,636.802181,4400,52430573,54.850,random,float32
11,637.337997,4769,52430573,51.159,random,float32
11,637.872759,6398,52430573,52.685,random,float32
11,638.403606,9778,52430573,52.034,random,float32
11,638.928062,7302,52430573,52.481,random,float32
11,639.459306,3005,52430573,53.392,random,float32
11,640.000426,3454,52430573,54.549,random,float32
11,640.544994,4121,52430573,53.842,random,float32
11,641.084343,4156,52430573,52.806,random,float32
11,641.621210,9956,52430573,53.728,random,float32
11,642.159361,8680,52430573,53.073,random,float32
11,642.697636,3535,52430573,53.249,random,float32
11,643.235789,91,52430573,56.592,random,float32
11,643.774954,214,52430573,56.349,random,float32
11,644.310663,2398,52430573,52.510,random,float32
11,644.859585,388,52430573,54.244,random,float32
11,645.398280,8899,52430573,55.509,random,float32
11,645.933946,8295,52430573,50.824,random,float32
11,646.465094,4301,52430573,54.493,random,float32
11,647.006196,9017,52430573,56.375,random,float32
11,647.528998,7686,52430573,48.883,random,float32
11,648.057499,9199,52430573,52.750,random,float32
11,648.573748,1693,52430573,49.624,random,float32
11,649.109318,7730,52430573,51.746,random,float32
11,649.647992,4876,52430573,53.825,random,float32
11,650.183970,9512,52430573,52.938,random,float32
11,650.721090,5926,52430573,53.873,random,float32
11,651.256704,1034,52430573,53.700,random,float32
11,651.792096,8158,52430573,53.310,random,float32
11,652.331254,5756,52430573,55.622,random,float32
11,652.861326,6301,52430573,51.932,random,float32
11,653.396969,3525,52430573,54.382,random,float32
11,653.934830,3656,52430573,55.293,random,float32
11,654.474708,1174,52430573,53.127,random,float32
11,655.013001,7969,52430573,55.206,random,float32
11,655.566712,351,52430573,55.651,random,float32
11,656.108702,6277,52430573,55.425,random,float32
11,656.635328,9930,52430573,54.424,random,float32
11,657.175770,1627,52430573,51.550,random,float32
11,657.709375,5723,52430573,52.049,random,float32
11,658.243850,3993,52430573,53.336,random,float32
11,658.785928,4910,52430573,56.310,random,float32
11,659.331734,1785,52430573,56.000,random,float32
11,659.877547,3031,52430573,55.846,random,float32
11,660.427686,4413,52430573,54.195,random,float32
11,660.976665,8904,52430573,54.904,random,float32
11,661.523367,682,52430573,54.088,random,float32
11,662.054154,4421,52430573,53.412,random,float32
11,662.579908,7767,52430573,52.531,random,float32
11,663.109141,4262,52430573,52.297,random,float32
11,663.643332,3772,52430573,53.749,random,float32
11,664.172488,4960,52430573,50.125,random,float32
11,664.710580,1465,52430573,54.188,random,float32
11,665.251271,8918,52430573,54.029,random,float32
11,665.785462,4438,52430573,52.201,random,float32
11,666.325159,8679,52430573,54.187,random,float32
11,666.870944,4940,52430573,54.707,random,float32
11,667.419286,3293,52430573,55.458,random,float32
11,667.961295,2962,52430573,55.709,random,float32
11,668.483036,9919,52430573,55.065,random,float32
11,669.010707,9405,52430573,53.182,random,float32
11,669.545426,8923,52430573,53.782,random,float32
11,670.087827,7923,52430573,53.179,random,float32
11,670.612085,1866,52430573,54.622,random,float32
11,671.152676,216,52430573,55.016,random,float32
11,671.684141,9551,52430573,53.775,random,float32
11,672.219153,7965,52430573,55.726,random,float32
11,672.736731,2342,52430573,52.696,random,float32
11,673.281824,3004,52430573,57.365,random,float32
11,673.799463,6543,52430573,49.618,random,float32
11,674.333413,6496,52430573,54.639,random,float32
11,674.877275,3154,52430573,55.085,random,float32
11,675.402168,6730,52430573,48.405,random,float32
11,675.938339,1823,52430573,50.932,random,float32
11,676.472650,9301,52430573,53.602,random,float32
11,676.996402,3594,52430573,53.236,random,float32
11,677.525432,7972,52430573,53.423,random,float32
11,678.055371,6147,52430573,52.202,random,float32
11,678.583299,4271,52430573,51.665,random,float32
11,679.110236,5850,52430573,51.250,random,float32
11,679.650001,5253,52430573,53.902,random,float32
11,680.192905,2610,52430573,49.879,random,float32
11,680.728700,6909,52430573,51.479,random,float32
11,681.263226,9313,52430573,54.568,random,float32
11,681.795024,6066,52430573,55.340,random,float32
11,682.316062,6417,52430573,53.896,random,float32
11,682.850927,1617,52430573,54.353,random,float32
11,683.379113,7188,52430573,53.294,random,float32
11,683.904524,5502,52430573,51.581,random,float32
11,684.438792,8768,52430573,51.287,random,float32
11,684.962643,4422,52430573,53.290,random,float32
11,685.489064,1839,52430573,50.958,random,float32
11,686.025203,9870,52430573,54.017,random,float32
11,686.559847,7173,52430573,55.124,random,float32
11,687.100457,4285,52430573,52.919,random,float32
11,687.634421,6395,52430573,51.826,random,float32
11,688.172419,5776,52430573,56.094,random,float32
11,688.713777,4630,52430573,54.800,random,float32
11,689.244544,5214,52430573,52.245,random,float32
11,689.785204,5561,52430573,54.471,random,float32
11,690.320987,1357,52430573,51.642,random,float32
11,690.866607,9481,52430573,55.149,random,float32
11,691.405675,3883,52430573,52.721,random,float32
11,691.941247,9586,52430573,52.560,random,float32
11,692.473717,8414,52430573,53.791,random,float32
11,693.002080,8015,52430573,53.225,random,float32
11,693.529402,9670,52430573,51.984,random,float32
11,694.056153,4426,52430573,53.273,random,float32
11,694.589681,6740,52430573,52.428,random,float32
11,695.132876,5750,52430573,54.057,random,float32
11,695.679383,164,52430573,54.073,random,float32
11,696.210398,1103,52430573,56.504,random,float32
11,696.741191,21,52430573,52.842,random,float32
11,697.270885,171,52430573,54.525,random,float32
11,697.800369,1284,52430573,54.241,random,float32
11,698.343726,714,52430573,52.836,random,float32
11,698.912501,9833,52430573,58.889,random,float32
11,699.440654,9333,52430573,53.293,random,float32
11,699.978715,6337,52430573,56.077,random,float32
11,700.535736,9137,52430573,54.422,random,float32
11,701.076439,6290,52430573,53.700,random,float32
11,701.607790,8906,52430573,53.243,random,float32
11,702.135251,7763,52430573,52.479,random,float32
11,702.663365,9052,52430573,51.358,random,float32
11,703.190416,3701,52430573,52.035,random,float32
11,703.720108,9023,52430573,52.222,random,float32
11,704.255075,4408,52430573,53.814,random,float32
11,704.791491,202,52430573,52.102,random,float32
11,705.314904,2177,52430573,53.790,random,float32
11,705.832932,9180,52430573,50.708,random,float32
11,706.351390,2303,52430573,51.266,random,float32
11,706.881990,6311,52430573,51.131,random,float32
11,707.413142,4286,52430573,52.560,random,float32
11,707.946722,5003,52430573,54.568,random,float32
11,708.481374,8541,52430573,53.635,random,float32
11,709.015114,8907,52430573,53.697,random,float32
11,709.560683,7899,52430573,53.226,random,float32
11,710.102217,4114,52430573,53.987,random,float32
11,710.645785,6729,52430573,53.728,random,float32
11,711.174756,595,52430573,54.226,random,float32
11,711.700753,2166,52430573,51.126,random,float32
11,712.230357,120,52430573,54.706,random,float32
11,712.759700,9309,52430573,52.247,random,float32
11,713.296961,5219,52430573,52.991,random,float32
11,713.830208,1298,52430573,52.690,random,float32
11,714.356019,2884,52430573,50.950,random,float32
11,714.886364,1813,52430573,53.555,random,float32
11,715.424129,799,52430573,54.723,random,float32
11,715.970364,9744,52430573,52.846,random,float32
11,716.509922,1579,52430573,54.578,random,float32
11,717.064049,5277,52430573,53.905,random,float32
11,717.597666,8030,52430573,53.864,random,float32
11,718.132323,6578,52430573,54.885,random,float32
11,718.656526,5527,52430573,55.340,random,float32
11,719.192716,2598,52430573,54.521,random,float32
11,719.715954,6879,52430573,54.550,random,float32
11,720.252482,6387,52430573,53.639,random,float32
11,720.787440,5353,52430573,51.855,random,float32
11,721.326844,6291,52430573,53.980,random,float32
11,721.851724,6298,52430573,53.811,random,float32
11,722.380859,3294,52430573,52.126,random,float32
11,722.901466,9971,52430573,52.412,random,float32
11,723.426632,519,52430573,51.890,random,float32
11,723.946867,546,52430573,51.501,random,float32
11,724.476996,9364,52430573,54.427,random,float32
11,724.999710,2196,52430573,52.317,random,float32
11,725.541916,5595,52430573,56.031,random,float32
11,726.081105,7529,52430573,50.533,random,float32
11,726.610394,6023,52430573,52.214,random,float32
11,727.146075,1812,52430573,53.538,random,float32
11,727.676095,9751,52430573,53.183,random,float32
11,728.207321,5231,52430573,52.174,random,float32
11,728.735620,4618,52430573,52.404,random,float32
11,729.268379,3399,52430573,51.901,random,float32
11,729.792420,6105,52430573,53.634,random,float32
11,730.321821,4332,52430573,52.132,random,float32
11,730.846329,1779,52430573,52.688,random,float32
11,731.373056,3539,52430573,48.969,random,float32
11,731.909688,3121,52430573,54.443,random,float32
11,732.448167,2761,52430573,53.804,random,float32
11,732.981666,2840,52430573,53.780,random,float32
11,733.544802,8047,52430573,54.296,random,float32
11,734.085310,6850,52430573,54.479,random,float32
11,734.616408,7570,52430573,53.270,random,float32
11,735.159487,6221,52430573,55.884,random,float32
11,735.686681,8576,52430573,50.486,random,float32
11,736.225812,5360,52430573,54.687,random,float32
11,736.769032,4828,52430573,52.671,random,float32
11,737.306789,6898,52430573,53.009,random,float32
11,737.855395,7433,52430573,55.753,random,float32
11,738.400434,5441,52430573,53.522,random,float32
11,738.940831,1346,52430573,53.157,random,float32
11,739.473141,803,52430573,53.567,random,float32
11,740.008547,4432,52430573,53.475,random,float32
11,740.554453,8156,52430573,52.622,random,float32
11,741.096061,6295,52430573,52.956,random,float32
11,741.622836,7017,52430573,50.930,random,float32
11,742.154963,8936,52430573,51.691,random,float32
11,742.689530,4581,52430573,52.999,random,float32
11,743.223022,1176,52430573,54.344,random,float32
11,743.752826,6770,52430573,52.183,random,float32
11,744.286277,6987,52430573,51.045,random,float32
11,744.817018,7447,52430573,53.844,random,float32
11,745.352089,3045,52430573,53.972,random,float32
11,745.887682,3635,52430573,54.946,random,float32
11,746.426073,7476,52430573,54.292,random,float32
11,746.967456,5454,52430573,54.127,random,float32
11,747.505784,4002,52430573,53.972,random,float32
11,748.056403,82,52430573,56.221,random,float32
11,748.604278,9115,52430573,55.099,random,float32
11,749.155572,214,52430573,57.602,random,float32
11,749.699607,746,52430573,54.827,random,float32
11,750.231763,4697,52430573,54.541,random,float32
11,750.780578,709,52430573,51.508,random,float32
11,751.309939,7738,52430573,56.834,random,float32
11,751.848284,7888,52430573,53.810,random,float32
11,752.380715,6734,52430573,55.401,random,float32
11,752.911673,7175,52430573,54.596,random,float32
11,753.450885,6289,52430573,52.801,random,float32
11,753.975821,5048,52430573,51.346,random,float32
11,754.501123,5963,52430573,51.732,random,float32
11,755.024017,9838,52430573,52.514,random,float32
11,755.540081,1962,52430573,51.932,random,float32
11,756.065979,6064,52430573,54.153,random,float32
11,756.608547,9390,52430573,57.326,random,float32
11,757.141672,3445,52430573,49.571,random,float32
11,757.673704,2918,52430573,51.498,random,float32
11,758.208859,2338,52430573,54.174,random,float32
11,758.738889,7988,52430573,52.772,random,float32
11,759.274655,9478,52430573,52.433,random,float32
11,759.796326,3113,52430573,50.409,random,float32
11,760.328094,8632,52430573,53.417,random,float32
11,760.848988,3176,52430573,53.860,random,float32
11,761.369151,1487,52430573,50.422,random,float32
11,761.901713,4043,52430573,53.785,random,float32
11,762.431069,9901,52430573,55.960,random,float32
11,762.957104,7479,52430573,46.067,random,float32
11,763.469560,9647,52430573,52.022,random,float32
11,763.996484,181,52430573,54.240,random,float32
11,764.523635,1184,52430573,54.490,random,float32
11,765.059618,7451,52430573,55.863,random,float32
11,765.605821,8021,52430573,53.733,random,float32
11,766.133012,8505,52430573,51.390,random,float32
11,766.684045,9334,52430573,58.263,random,float32
11,767.242504,2724,52430573,53.198,random,float32
11,767.774048,1391,52430573,53.104,random,float32
11,768.302779,342,52430573,54.119,random,float32
11,768.833546,138,52430573,53.640,random,float32
11,769.375513,4683,52430573,55.452,random,float32
11,769.914468,8129,52430573,51.647,random,float32
11,770.448243,4176,52430573,52.671,random,float32
11,770.988301,3607,52430573,56.259,random,float32
11,771.532779,3857,52430573,50.423,random,float32
11,772.088251,2802,52430573,55.660,random,float32
11,772.647381,2941,52430573,53.960,random,float32
11,773.187989,7658,52430573,52.801,random,float32
11,773.729681,5715,52430573,53.500,random,float32
11,774.263155,2356,52430573,53.169,random,float32
11,774.813754,5713,52430573,52.730,random,float32
11,775.344868,2323,52430573,50.530,random,float32
11,775.873358,8271,52430573,54.605,random,float32
11,776.407112,877,52430573,52.709,random,float32
11,776.936157,1605,52430573,52.493,random,float32
11,777.463685,4192,52430573,52.273,random,float32
11,777.998950,5649,52430573,54.530,random,float32
11,778.533019,5565,52430573,53.256,random,float32
11,779.063992,7544,52430573,51.731,random,float32
11,779.584607,9995,52430573,50.607,random,float32
11,780.114086,5670,52430573,55.051,random,float32
11,780.642621,9265,52430573,53.104,random,float32
11,781.167203,7973,52430573,54.026,random,float32
11,781.694626,7686,52430573,49.739,random,float32
11,782.229831,6609,52430573,55.321,random,float32
11,782.770936,7944,52430573,54.309,random,float32
11,783.310128,8250,52430573,54.489,random,float32
11,783.851324,4962,52430573,53.872,random,float32
11,784.389362,98,52430573,56.850,random,float32
11,784.929711,9113,52430573,55.220,random,float32
11,785.468234,840,52430573,52.547,random,float32
11,786.006406,2091,52430573,54.378,random,float32
11,786.534943,2708,52430573,53.777,random,float32
11,787.077862,6072,52430573,52.489,random,float32
11,787.608625,3351,52430573,51.385,random,float32
11,788.143175,9907,52430573,54.350,random,float32
11,788.667510,3522,52430573,53.359,random,float32
11,789.202563,3666,52430573,54.899,random,float32
11,789.731613,6388,52430573,53.345,random,float32
11,790.260825,8263,52430573,52.725,random,float32
11,790.787843,8129,52430573,51.398,random,float32
11,791.314757,2201,52430573,53.377,random,float32
11,791.841496,6665,52430573,53.807,random,float32
11,792.362187,3322,52430573,51.874,random,float32
11,792.888186,5736,52430573,53.521,random,float32
11,793.421829,4258,52430573,56.103,random,float32
11,793.959104,7764,52430573,53.275,random,float32
11,794.490347,3657,52430573,52.781,random,float32
11,795.001364,7175,52430573,52.892,random,float32
11,795.518908,6527,52430573,51.450,random,float32
11,796.043728,4622,52430573,55.748,random,float32
11,796.563409,8363,52430573,53.039,random,float32
11,797.087600,8370,52430573,53.516,random,float32
11,797.619318,1515,52430573,54.285,random,float32
11,798.156701,429,52430573,52.397,random,float32
11,798.689569,8723,52430573,49.716,random,float32
11,799.217310,1545,52430573,54.999,random,float32
11,799.749171,2251,52430573,55.406,random,float32
11,800.300932,7635,52430573,51.839,random,float32
11,800.837300,2964,52430573,53.539,random,float32
11,801.363228,6949,52430573,51.284,random,float32
11,801.893521,6540,52430573,54.700,random,float32
11,802.436438,8684,52430573,53.881,random,float32
11,802.969017,8182,52430573,54.099,random,float32
11,803.499035,1608,52430573,56.225,random,float32
11,804.033250,5519,52430573,52.493,random,float32
11,804.560403,6082,52430573,55.763,random,float32
11,805.093594,4636,52430573,53.623,random,float32
11,805.622087,645,52430573,52.025,random,float32
11,806.148912,7538,52430573,54.629,random,float32
11,806.676532,2035,52430573,53.674,random,float32
11,807.209740,3750,52430573,53.340,random,float32
11,807.733522,494,52430573,51.217,random,float32
11,808.260082,9286,52430573,51.829,random,float32
11,808.795424,6764,52430573,53.829,random,float32
11,809.333118,2398,52430573,51.181,random,float32
11,809.864773,7478,52430573,53.451,random,float32
11,810.400587,308,52430573,53.925,random,float32
11,810.954896,739,52430573,55.549,random,float32
11,811.501404,9544,52430573,54.029,random,float32
11,812.039579,9310,52430573,52.665,random,float32
11,812.594475,7493,52430573,56.951,random,float32
11,813.140338,4257,52430573,54.669,random,float32
11,813.695625,6938,52430573,51.469,random,float32
11,814.235046,790,52430573,55.342,random,float32
11,814.785253,35,52430573,54.567,random,float32
11,815.314974,2132,52430573,52.475,random,float32
11,815.854490,8456,52430573,54.351,random,float32
11,816.385327,8630,52430573,52.886,random,float32
11,816.923723,1634,52430573,52.770,random,float32
11,817.475147,8822,52430573,54.558,random,float32
11,818.007061,6487,52430573,54.194,random,float32
11,818.528136,3803,52430573,51.541,random,float32
11,819.054938,4160,52430573,53.472,random,float32
11,819.581624,7320,52430573,53.845,random,float32
11,820.104892,8021,52430573,52.992,random,float32
11,820.641320,6379,52430573,52.400,random,float32
11,821.157454,7430,52430573,52.852,random,float32
11,821.682726,5769,52430573,56.952,random,float32
11,822.212375,581,52430573,53.193,random,float32
11,822.735547,6830,52430573,52.159,random,float32
11,823.258032,4723,52430573,51.173,random,float32
11,823.793324,39,52430573,52.014,random,float32
11,824.333222,5235,52430573,52.293,random,float32
11,824.882908,7891,52430573,55.360,random,float32
11,825.431443,135,52430573,53.022,random,float32
11,825.980304,7814,52430573,55.065,random,float32
11,826.503846,4054,52430573,50.576,random,float32
11,827.046838,4753,52430573,54.113,random,float32
11,827.579986,9029,52430573,54.317,random,float32
11,828.117040,4528,52430573,52.701,random,float32
11,828.649728,4151,52430573,51.609,random,float32
11,829.179485,6796,52430573,54.639,random,float32
11,829.711583,5957,52430573,53.150,random,float32
11,830.238570,6651,52430573,50.980,random,float32
11,830.767496,8066,52430573,54.821,random,float32
11,831.309265,6315,52430573,54.213,random,float32
11,831.848911,7524,52430573,53.489,random,float32
11,832.393103,8263,52430573,54.094,random,float32
11,832.939617,6270,52430573,54.375,random,float32
11,833.495612,3599,52430573,56.071,random,float32
11,834.043034,9248,52430573,55.561,random,float32
11,834.594857,227,52430573,58.840,random,float32
11,835.137477,8378,52430573,52.742,random,float32
11,835.663599,967,52430573,54.515,random,float32
11,836.194801,8374,52430573,52.248,random,float32
11,836.735616,7971,52430573,54.753,random,float32
11,837.283732,6960,52430573,55.337,random,float32
11,837.820779,5031,52430573,50.298,random,float32
11,838.359955,5074,52430573,53.104,random,float32
11,838.891328,4552,52430573,54.072,random,float32
11,839.424180,8343,52430573,54.087,random,float32
11,839.949241,6124,52430573,53.922,random,float32
11,840.481504,3056,52430573,49.387,random,float32
11,841.020688,1395,52430573,55.039,random,float32
11,841.543308,175,52430573,54.232,random,float32
11,842.083881,469,52430573,54.764,random,float32
11,842.625332,5483,52430573,53.653,random,float32
11,843.157225,5517,52430573,52.191,random,float32
11,843.688108,8920,52430573,51.717,random,float32
11,844.217023,6391,52430573,53.653,random,float32
11,844.747303,8917,52430573,53.229,random,float32
11,845.271775,925,52430573,53.299,random,float32
11,845.808781,633,52430573,53.343,random,float32
11,846.328901,5461,52430573,52.033,random,float32
11,846.878781,7765,52430573,54.394,random,float32
11,847.411940,8148,52430573,53.681,random,float32
11,847.935402,8651,52430573,51.019,random,float32
11,848.461786,3292,52430573,49.953,random,float32
11,849.000040,7985,52430573,57.530,random,float32
11,849.528373,2834,52430573,52.457,random,float32
11,850.063814,5186,52430573,53.451,random,float32
11,850.602633,232,52430573,52.330,random,float32
11,851.132102,8039,52430573,52.840,random,float32
11,851.660220,3400,52430573,52.811,random,float32
11,852.213254,9598,52430573,53.485,random,float32
11,852.753851,6302,52430573,52.623,random,float32
11,853.306549,315,52430573,54.892,random,float32
11,853.845141,9963,52430573,53.731,random,float32
11,854.382467,2489,52430573,54.355,random,float32
11,854.922263,8657,52430573,54.699,random,float32
11,855.465337,8812,52430573,51.228,random,float32
11,855.996258,6132,52430573,52.024,random,float32
11,856.525332,2465,52430573,53.763,random,float32
11,857.056723,2161,52430573,53.977,random,float32
11,857.593456,1489,52430573,54.033,random,float32
11,858.119863,4114,52430573,50.638,random,float32
11,858.645325,9065,52430573,52.597,random,float32
11,859.173595,3760,52430573,53.737,random,float32
11,859.705451,4854,52430573,50.995,random,float32
11,860.236297,8415,52430573,50.064,random,float32
11,860.774099,2870,52430573,51.834,random,float32
11,861.297649,7572,52430573,50.063,random,float32
11,861.829533,9400,52430573,51.490,random,float32
11,862.354156,2069,52430573,50.232,random,float32
11,862.880644,5834,52430573,52.624,random,float32
11,863.416178,2713,52430573,54.458,random,float32
11,863.941975,2628,52430573,52.416,random,float32
11,864.459734,3599,52430573,54.557,random,float32
11,864.987513,6569,52430573,53.723,random,float32
11,865.515781,3207,52430573,53.534,random,float32
11,866.040532,3686,52430573,51.646,random,float32
11,866.581161,5027,52430573,53.942,random,float32
11,867.131614,6225,52430573,55.783,random,float32
11,867.670408,7608,52430573,55.461,random,float32
11,868.198531,2752,52430573,55.995,random,float32
11,868.729280,4923,52430573,55.064,random,float32
11,869.248853,585,52430573,52.228,random,float32
11,869.777250,34,52430573,51.126,random,float32
11,870.306262,6335,52430573,55.202,random,float32
11,870.823224,2330,52430573,52.490,random,float32
11,871.353463,9743,52430573,49.651,random,float32
11,871.894722,4467,52430573,52.524,random,float32
11,872.423770,5272,52430573,52.051,random,float32
11,872.961222,687,52430573,54.246,random,float32
11,873.494008,1895,52430573,54.617,random,float32
11,874.013770,3825,52430573,52.893,random,float32
11,874.552754,2119,52430573,54.176,random,float32
11,875.067485,7480,52430573,50.211,random,float32
11,875.596595,860,52430573,50.731,random,float32
11,876.132074,1826,52430573,52.706,random,float32
11,876.659249,2084,52430573,53.694,random,float32
11,877.191608,8800,52430573,54.047,random,float32
11,877.707941,7024,52430573,53.233,random,float32
11,878.234789,6211,52430573,53.922,random,float32
11,878.768249,450,52430573,52.752,random,float32
11,879.302381,684,52430573,52.091,random,float32
11,879.844956,4913,52430573,54.836,random,float32
11,880.384816,4987,52430573,53.059,random,float32
11,880.914067,1379,52430573,56.509,random,float32
11,881.451093,5777,52430573,53.125,random,float32
11,881.994360,8810,52430573,54.557,random,float32
11,882.540011,4005,52430573,56.707,random,float32
11,883.077691,9179,52430573,54.181,random,float32
11,883.608243,4932,52430573,52.456,random,float32
11,884.141353,8439,52430573,53.612,random,float32
11,884.682978,5002,52430573,54.756,random,float32
11,885.221656,394,52430573,54.505,random,float32
11,885.767238,1418,52430573,55.235,random,float32
11,886.305831,313,52430573,52.894,random,float32
11,886.836469,3940,52430573,52.511,random,float32
11,887.364736,4787,52430573,53.744,random,float32
11,887.901239,7398,52430573,55.474,random,float32
11,888.423817,3488,52430573,54.287,random,float32
11,888.944058,6342,52430573,51.022,random,float32
11,889.474536,1444,52430573,54.559,random,float32
11,890.017152,6087,52430573,52.785,random,float32
11,890.557872,9416,52430573,57.914,random,float32
11,891.094298,3354,52430573,53.816,random,float32
11,891.630224,2707,52430573,55.618,random,float32
11,892.168239,3830,52430573,54.322,random,float32
11,892.711613,4854,52430573,52.876,random,float32
11,893.233273,5061,52430573,52.814,random,float32
11,893.776970,3886,52430573,53.396,random,float32
11,894.310666,8150,52430573,54.057,random,float32
11,894.854221,988,52430573,54.716,random,float32
11,895.382582,1482,52430573,52.868,random,float32
11,895.918354,7424,52430573,53.152,random,float32
11,896.456136,2080,52430573,54.260,random,float32
11,896.987471,7023,52430573,51.085,random,float32
11,897.506029,7000,52430573,49.523,random,float32
11,898.030348,101,52430573,51.596,random,float32
11,898.565804,4219,52430573,56.438,random,float32
11,899.107379,4590,52430573,54.650,random,float32
11,899.669893,4322,52430573,59.938,random,float32
12,300.496712,7042,52430573,51.858,random,float32
12,301.031033,1883,52430573,55.719,random,float32
12,301.571091,6074,52430573,51.848,random,float32
12,302.094637,6880,52430573,54.813,random,float32
12,302.622520,2329,52430573,53.885,random,float32
12,303.158854,173,52430573,54.666,random,float32
12,303.694180,9637,52430573,52.760,random,float32
12,304.223833,5372,52430573,54.784,random,float32
12,304.754161,6905,52430573,51.117,random,float32
12,305.289145,9825,52430573,50.324,random,float32
12,305.822368,7205,52430573,53.132,random,float32
12,306.358965,8157,52430573,56.500,random,float32
12,306.893415,7272,52430573,54.605,random,float32
12,307.425349,6060,52430573,52.344,random,float32
12,307.961309,2363,52430573,51.888,random,float32
12,308.500687,9084,52430573,57.600,random,float32
12,309.029663,820,52430573,52.909,random,float32
12,309.568042,1077,52430573,53.858,random,float32
12,310.114902,4601,52430573,54.867,random,float32
12,310.649652,7502,52430573,56.679,random,float32
12,311.198979,6976,52430573,54.191,random,float32
12,311.736167,2411,52430573,52.804,random,float32
12,312.280319,3402,52430573,54.002,random,float32
12,312.813962,1587,52430573,56.336,random,float32
12,313.349974,510,52430573,54.242,random,float32
12,313.892926,6804,52430573,54.992,random,float32
12,314.427549,2494,52430573,52.476,random,float32
12,314.954855,9102,52430573,54.186,random,float32
12,315.490403,6107,52430573,55.305,random,float32
12,316.040263,4282,52430573,54.724,random,float32
12,316.581727,7267,52430573,51.928,random,float32
12,317.122540,7948,52430573,53.845,random,float32
12,317.665635,6785,52430573,56.650,random,float32
12,318.213369,9675,52430573,63.808,random,float32
12,318.761877,56,52430573,55.633,random,float32
12,319.313491,2823,52430573,55.896,random,float32
12,319.864367,3444,52430573,56.492,random,float32
12,320.416263,5264,52430573,57.076,random,float32
12,320.956573,7398,52430573,55.237,random,float32
12,321.506374,6316,52430573,52.424,random,float32
12,322.032956,7059,52430573,52.645,random,float32
12,322.583617,7412,52430573,54.048,random,float32
12,323.124439,5783,52430573,53.527,random,float32
12,323.649017,1866,52430573,53.167,random,float32
12,324.193209,5540,52430573,55.131,random,float32
12,324.744000,2604,52430573,51.361,random,float32
12,325.298038,6557,52430573,52.534,random,float32
12,325.847191,8572,52430573,51.061,random,float32
12,326.385871,6388,52430573,55.334,random,float32
12,326.928253,1819,52430573,54.729,random,float32
12,327.466467,3073,52430573,52.941,random,float32
12,328.001967,9280,52430573,52.440,random,float32
12,328.536057,2029,52430573,53.830,random,float32
12,329.077216,5842,52430573,53.614,random,float32
12,329.608283,3883,52430573,51.529,random,float32
12,330.143524,478,52430573,51.979,random,float32
12,330.674564,9705,52430573,55.058,random,float32
12,331.205470,3442,52430573,53.725,random,float32
12,331.740094,5790,52430573,53.386,random,float32
12,332.297247,1609,52430573,60.098,random,float32
12,332.872731,4003,52430573,56.223,random,float32
12,333.417394,4444,52430573,56.067,random,float32
12,333.957676,4967,52430573,54.942,random,float32
12,334.492040,8427,52430573,54.659,random,float32
12,335.030830,5951,52430573,53.155,random,float32
12,335.566138,978,52430573,54.533,random,float32
12,336.099259,4731,52430573,54.769,random,float32
12,336.653317,9739,52430573,54.690,random,float32
12,337.189912,1204,52430573,51.565,random,float32
12,337.730839,2940,52430573,54.462,random,float32
12,338.266397,4782,52430573,52.783,random,float32
12,338.800830,8536,52430573,51.747,random,float32
12,339.344892,3975,52430573,53.744,random,float32
12,339.891677,2847,52430573,52.547,random,float32
12,340.415465,3155,52430573,52.874,random,float32
12,340.952237,9263,52430573,54.189,random,float32
12,341.485501,5976,52430573,54.995,random,float32
12,342.020406,5511,52430573,54.771,random,float32
12,342.556200,9945,52430573,51.464,random,float32
12,343.092605,1983,52430573,53.267,random,float32
12,343.625688,9034,52430573,53.290,random,float32
12,344.162152,4515,52430573,54.674,random,float32
12,344.700476,1571,52430573,53.616,random,float32
12,345.247841,7990,52430573,54.991,random,float32
12,345.803244,734,52430573,55.761,random,float32
12,346.340047,5335,52430573,53.233,random,float32
12,346.882620,8851,52430573,54.207,random,float32
12,347.433781,1368,52430573,55.194,random,float32
12,347.969282,1692,52430573,52.562,random,float32
12,348.512389,7224,52430573,53.073,random,float32
12,349.059100,9873,52430573,53.859,random,float32
12,349.602569,4905,52430573,51.796,random,float32
12,350.136745,3007,52430573,54.308,random,float32
12,350.687741,9275,52430573,57.328,random,float32
12,351.236208,378,52430573,54.147,random,float32
12,351.783996,1105,52430573,53.901,random,float32
12,352.323275,6256,52430573,53.685,random,float32
12,352.875457,1238,52430573,53.934,random,float32
12,353.433707,8401,52430573,55.460,random,float32
12,353.979062,2665,52430573,53.019,random,float32
12,354.532259,8865,52430573,54.419,random,float32
12,355.072746,7942,52430573,53.382,random,float32
12,355.612120,9602,52430573,54.775,random,float32
12,356.164917,7388,52430573,57.166,random,float32
12,356.706328,202,52430573,52.038,random,float32
12,357.249388,4212,52430573,55.001,random,float32
12,357.802134,8464,52430573,54.715,random,float32
12,358.365714,4964,52430573,58.982,random,float32
12,358.922867,3966,52430573,54.390,random,float32
12,359.478558,2665,52430573,54.298,random,float32
12,360.070269,2036,52430573,51.911,random,float32
12,360.601764,4574,52430573,51.772,random,float32
12,361.136513,8169,52430573,52.934,random,float32
12,361.667666,8336,52430573,54.254,random,float32
12,362.208359,9252,52430573,54.059,random,float32
12,362.765182,7175,52430573,55.979,random,float32
12,363.299712,9427,52430573,52.923,random,float32
12,363.832647,6374,52430573,53.014,random,float32
12,364.370362,2386,52430573,54.139,random,float32
12,364.897175,1685,52430573,53.024,random,float32
12,365.429703,9149,52430573,54.650,random,float32
12,365.984325,3352,52430573,53.864,random,float32
12,366.530463,4802,52430573,56.750,random,float32
12,367.080440,4779,52430573,55.904,random,float32
12,367.630016,1502,52430573,53.342,random,float32
12,368.161025,733,52430573,53.376,random,float32
12,368.705961,1882,52430573,54.179,random,float32
12,369.243463,1477,52430573,51.537,random,float32
12,369.779555,3010,52430573,54.961,random,float32
12,370.308531,5216,52430573,53.310,random,float32
12,370.840596,5380,52430573,56.441,random,float32
12,371.379120,1886,52430573,53.779,random,float32
12,371.911969,9295,52430573,51.052,random,float32
12,372.447584,5260,52430573,55.279,random,float32
12,372.982052,5397,52430573,53.272,random,float32
12,373.528245,1165,52430573,54.361,random,float32
12,374.076080,6392,52430573,52.587,random,float32
12,374.624915,9462,52430573,56.779,random,float32
12,375.157830,9690,52430573,53.637,random,float32
12,375.697525,5373,52430573,52.778,random,float32
12,376.231990,9998,52430573,53.782,random,float32
12,376.770353,3396,52430573,54.059,random,float32
12,377.297987,1105,52430573,52.896,random,float32
12,377.832772,5190,52430573,52.604,random,float32
12,378.368053,1267,52430573,50.481,random,float32
12,378.916540,286,52430573,55.712,random,float32
12,379.466184,2310,52430573,54.574,random,float32
12,380.002617,7707,52430573,55.709,random,float32
12,380.541948,2536,52430573,55.684,random,float32
12,381.084839,8665,52430573,53.647,random,float32
12,381.625326,1712,52430573,52.912,random,float32
12,382.166361,4579,52430573,55.627,random,float32
12,382.696292,470,52430573,51.152,random,float32
12,383.234988,4666,52430573,55.289,random,float32
12,383.772529,9091,52430573,56.406,random,float32
12,384.300218,8747,52430573,54.888,random,float32
12,384.842212,7656,52430573,53.927,random,float32
12,385.379054,8302,52430573,51.348,random,float32
12,385.917544,3274,52430573,55.047,random,float32
12,386.464725,1565,52430573,55.392,random,float32
12,387.015555,3583,52430573,51.776,random,float32
12,387.555803,6647,52430573,53.729,random,float32
12,388.095118,20,52430573,53.961,random,float32
12,388.631402,1845,52430573,55.199,random,float32
12,389.173754,5684,52430573,53.141,random,float32
12,389.710686,5863,52430573,53.250,random,float32
12,390.252106,1709,52430573,53.052,random,float32
12,390.783685,6266,52430573,54.398,random,float32
12,391.323776,8497,52430573,53.779,random,float32
12,391.861723,1318,52430573,55.025,random,float32
12,392.393533,9584,52430573,53.726,random,float32
12,392.947759,7206,52430573,58.691,random,float32
12,393.497638,1870,52430573,52.943,random,float32
12,394.043734,6223,52430573,54.835,random,float32
12,394.584169,1796,52430573,52.386,random,float32
12,395.116948,758,52430573,52.955,random,float32
12,395.643486,3246,52430573,53.000,random,float32
12,396.175097,452,52430573,52.502,random,float32
12,396.711039,2750,52430573,53.758,random,float32
12,397.233799,8175,52430573,52.220,random,float32
12,397.759895,7686,52430573,51.919,random,float32
12,398.291904,6299,52430573,53.661,random,float32
12,398.833692,7995,52430573,52.373,random,float32
12,399.368677,5170,52430573,52.563,random,float32
12,399.899979,5064,52430573,54.818,random,float32
12,400.430291,4567,52430573,53.676,random,float32
12,400.963819,550,52430573,54.678,random,float32
12,401.496052,3789,52430573,53.395,random,float32
12,402.031792,9081,52430573,53.569,random,float32
12,402.563382,3987,52430573,52.958,random,float32
12,403.094452,7764,52430573,51.428,random,float32
12,403.633612,2299,52430573,52.279,random,float32
12,404.171855,4641,52430573,54.672,random,float32
12,404.714858,2560,52430573,53.054,random,float32
12,405.272322,9553,52430573,55.499,random,float32
12,405.823877,8112,52430573,55.464,random,float32
12,406.377798,5855,52430573,53.627,random,float32
12,406.926673,8761,52430573,55.401,random,float32
12,407.465701,3010,52430573,54.350,random,float32
12,408.007396,4261,52430573,53.671,random,float32
12,408.549398,315,52430573,53.980,random,float32
12,409.106947,2207,52430573,54.035,random,float32
12,409.650819,5256,52430573,54.271,random,float32
12,410.199635,2091,52430573,56.305,random,float32
12,410.733139,2987,52430573,53.358,random,float32
12,411.262330,9583,52430573,52.546,random,float32
12,411.795274,8339,52430573,53.437,random,float32
12,412.334999,2500,52430573,55.785,random,float32
12,412.874331,4921,52430573,53.228,random,float32
12,413.419818,7456,52430573,55.199,random,float32
12,413.963424,3064,52430573,54.057,random,float32
12,414.502332,6299,52430573,51.492,random,float32
12,415.045984,6335,52430573,55.098,random,float32
12,415.581939,7783,52430573,50.605,random,float32
12,416.125357,4925,52430573,53.680,random,float32
12,416.672691,5199,52430573,55.510,random,float32
12,417.207944,1115,52430573,54.308,random,float32
12,417.750931,2248,52430573,55.396,random,float32
12,418.292546,8900,52430573,57.824,random,float32
12,418.834944,7800,52430573,53.855,random,float32
12,419.371027,2678,52430573,51.580,random,float32
12,419.904878,5686,52430573,54.330,random,float32
12,420.422201,1934,52430573,50.990,random,float32
12,420.955119,3493,52430573,51.824,random,float32
12,421.480716,4903,52430573,54.206,random,float32
12,422.002884,6698,52430573,47.495,random,float32
12,422.533423,8648,52430573,51.321,random,float32
12,423.050717,2978,52430573,53.394,random,float32
12,423.583483,9589,52430573,51.875,random,float32
12,424.116566,5215,52430573,51.961,random,float32
12,424.656995,3976,52430573,54.797,random,float32
12,425.198171,1980,52430573,53.369,random,float32
12,425.748394,1492,52430573,55.732,random,float32
12,426.299711,2901,52430573,56.650,random,float32
12,426.851701,7782,52430573,53.118,random,float32
12,427.418448,5484,52430573,56.715,random,float32
12,427.978063,782,52430573,55.511,random,float32
12,428.519492,337,52430573,52.817,random,float32
12,429.065217,9633,52430573,56.451,random,float32
12,429.603074,2695,52430573,56.308,random,float32
12,430.138452,7851,52430573,53.760,random,float32
12,430.677388,8164,52430573,53.438,random,float32
12,431.216581,1862,52430573,53.935,random,float32
12,431.743077,8220,52430573,52.329,random,float32
12,432.288015,1926,52430573,53.003,random,float32
12,432.827054,4211,52430573,52.871,random,float32
12,433.366707,8714,52430573,55.243,random,float32
12,433.900388,2870,52430573,52.279,random,float32
12,434.433593,2591,52430573,55.773,random,float32
12,434.968295,6109,52430573,53.447,random,float32
12,435.498412,1953,52430573,51.276,random,float32
12,436.037048,4611,52430573,56.340,random,float32
12,436.579333,2677,52430573,55.334,random,float32
12,437.114721,8516,52430573,55.962,random,float32
12,437.642531,4970,52430573,52.081,random,float32
12,438.178375,2721,52430573,53.457,random,float32
12,438.722683,4152,52430573,56.475,random,float32
12,439.259544,9588,52430573,54.347,random,float32
12,439.800865,6106,52430573,54.821,random,float32
12,440.340227,3614,52430573,55.876,random,float32
12,440.877667,8311,52430573,52.634,random,float32
12,441.411084,8223,52430573,56.501,random,float32
12,441.950501,6453,52430573,53.743,random,float32
12,442.483974,4501,52430573,53.832,random,float32
12,443.015855,3321,52430573,52.894,random,float32
12,443.548451,5691,52430573,53.192,random,float32
12,444.085394,8283,52430573,52.412,random,float32
12,444.629324,1767,52430573,54.666,random,float32
12,445.158589,2423,52430573,54.443,random,float32
12,445.712351,3260,52430573,54.914,random,float32
12,446.247111,6309,52430573,53.940,random,float32
12,446.778714,2092,52430573,50.565,random,float32
12,447.312821,961,52430573,54.069,random,float32
12,447.862303,4800,52430573,56.185,random,float32
12,448.406373,9897,52430573,55.260,random,float32
12,448.947384,3747,52430573,53.088,random,float32
12,449.489850,5782,52430573,53.994,random,float32
12,450.029585,9591,52430573,54.818,random,float32
12,450.564224,890,52430573,54.577,random,float32
12,451.119772,7297,52430573,57.218,random,float32
12,451.664823,7452,52430573,56.810,random,float32
12,452.202609,8982,52430573,54.002,random,float32
12,452.742543,8179,52430573,51.965,random,float32
12,453.272131,9895,52430573,53.239,random,float32
12,453.801275,1671,52430573,51.151,random,float32
12,454.335708,1507,52430573,53.856,random,float32
12,454.865493,3437,52430573,54.892,random,float32
12,455.396641,4259,52430573,54.213,random,float32
12,455.934678,5987,52430573,54.643,random,float32
12,456.467474,5377,52430573,52.606,random,float32
12,457.003420,2154,52430573,55.845,random,float32
12,457.529964,5171,52430573,54.202,random,float32
12,458.063440,8142,52430573,54.805,random,float32
12,458.588005,8775,52430573,51.387,random,float32
12,459.117016,6292,52430573,52.660,random,float32
12,459.652919,7057,52430573,56.524,random,float32
12,460.222374,5038,52430573,56.513,random,float32
12,460.777447,4846,52430573,54.699,random,float32
12,461.317137,5491,52430573,52.174,random,float32
12,461.848934,7730,52430573,51.442,random,float32
12,462.389464,5573,52430573,54.228,random,float32
12,462.917375,2259,52430573,54.854,random,float32
12,463.451559,8778,52430573,52.031,random,float32
12,463.981551,4006,52430573,54.586,random,float32
12,464.518747,4038,52430573,52.753,random,float32
12,465.051817,683,52430573,54.495,random,float32
12,465.585033,6491,52430573,55.915,random,float32
12,466.108722,6776,52430573,53.187,random,float32
12,466.633656,5916,52430573,52.845,random,float32
12,467.166352,2196,52430573,52.997,random,float32
12,467.695714,9506,52430573,52.796,random,float32
12,468.224973,8148,52430573,55.899,random,float32
12,468.787808,3755,52430573,60.300,random,float32
12,469.348597,9493,52430573,54.203,random,float32
12,469.897631,5662,52430573,54.789,random,float32
12,470.449604,7586,52430573,58.433,random,float32
12,470.983099,3213,52430573,52.425,random,float32
12,471.523168,6056,52430573,53.820,random,float32
12,472.062139,9878,52430573,55.602,random,float32
12,472.603359,9422,52430573,50.641,random,float32
12,473.134314,9669,52430573,53.387,random,float32
12,473.669299,7742,52430573,53.558,random,float32
12,474.202763,3007,52430573,54.385,random,float32
12,474.742839,6840,52430573,55.092,random,float32
12,475.294779,7183,52430573,55.228,random,float32
12,475.830667,3488,52430573,55.517,random,float32
12,476.364644,4671,52430573,55.155,random,float32
12,476.898591,5124,52430573,52.348,random,float32
12,477.431730,8982,52430573,52.494,random,float32
12,477.953009,7479,52430573,47.138,random,float32
12,478.484255,441,52430573,52.874,random,float32
12,479.020240,9149,52430573,53.500,random,float32
12,479.554339,2184,52430573,52.965,random,float32
12,480.090528,8491,52430573,53.603,random,float32
12,480.623455,2343,52430573,54.912,random,float32
12,481.156681,173,52430573,53.303,random,float32
12,481.692546,2772,52430573,53.547,random,float32
12,482.234101,6568,52430573,54.995,random,float32
12,482.765478,4344,52430573,55.181,random,float32
12,483.306153,8617,52430573,53.106,random,float32
12,483.833593,283,52430573,52.676,random,float32
12,484.370156,8772,52430573,53.192,random,float32
12,484.910713,4494,52430573,52.114,random,float32
12,485.452650,70,52430573,54.865,random,float32
12,485.995339,4879,52430573,56.375,random,float32
12,486.547381,762,52430573,55.769,random,float32
12,487.091091,9245,52430573,56.213,random,float32
12,487.612253,2779,52430573,51.574,random,float32
12,488.158606,1607,52430573,54.562,random,float32
12,488.693610,1717,52430573,55.794,random,float32
12,489.224641,9249,52430573,51.612,random,float32
12,489.761542,8231,52430573,53.508,random,float32
12,490.298442,4108,52430573,53.319,random,float32
12,490.839167,5559,52430573,54.757,random,float32
12,491.374726,5139,52430573,51.555,random,float32
12,491.902503,9618,52430573,49.902,random,float32
12,492.434024,5051,52430573,54.925,random,float32
12,492.961701,1550,52430573,51.450,random,float32
12,493.516525,369,52430573,51.046,random,float32
12,494.078501,6700,52430573,57.568,random,float32
12,494.634316,3675,52430573,55.100,random,float32
12,495.194915,4150,52430573,54.861,random,float32
12,495.726797,6635,52430573,54.702,random,float32
12,496.255958,1740,52430573,52.689,random,float32
12,496.785608,182,52430573,53.032,random,float32
12,497.327858,7234,52430573,54.374,random,float32
12,497.863968,5418,52430573,54.633,random,float32
12,498.414977,6729,52430573,55.451,random,float32
12,498.972645,2936,52430573,55.005,random,float32
12,499.506618,2667,52430573,55.479,random,float32
12,500.036404,1547,52430573,52.663,random,float32
12,500.576811,7231,52430573,54.150,random,float32
12,501.111742,1929,52430573,53.225,random,float32
12,501.630624,9253,52430573,53.484,random,float32
12,502.155560,1108,52430573,54.154,random,float32
12,502.695942,8237,52430573,55.507,random,float32
12,503.236887,5135,52430573,53.598,random,float32
12,503.784554,3133,52430573,54.178,random,float32
12,504.317753,5358,52430573,52.058,random,float32
12,504.848173,3731,52430573,52.934,random,float32
12,505.382245,9680,52430573,55.604,random,float32
12,505.926481,6543,52430573,53.300,random,float32
12,506.471469,1409,52430573,54.336,random,float32
12,507.017711,8719,52430573,56.514,random,float32
12,507.562334,9568,52430573,52.870,random,float32
12,508.096454,9808,52430573,52.372,random,float32
12,508.617381,6427,52430573,53.106,random,float32
12,509.149232,7368,52430573,51.727,random,float32
12,509.690546,3955,52430573,53.284,random,float32
12,510.223380,135,52430573,52.236,random,float32
12,510.757302,8836,52430573,51.328,random,float32
12,511.289548,4249,52430573,53.143,random,float32
12,511.811242,5409,52430573,53.401,random,float32
12,512.339544,9728,52430573,51.206,random,float32
12,512.882420,5520,52430573,55.291,random,float32
12,513.431162,422,52430573,55.238,random,float32
12,513.962658,4806,52430573,53.747,random,float32
12,514.500506,6590,52430573,54.577,random,float32
12,515.035046,3786,52430573,53.355,random,float32
12,515.576067,4946,52430573,54.634,random,float32
12,516.109903,7436,52430573,53.179,random,float32
12,516.639476,2618,52430573,52.646,random,float32
12,517.167046,3601,52430573,53.990,random,float32
12,517.698569,5990,52430573,50.996,random,float32
12,518.230533,1761,52430573,54.801,random,float32
12,518.756552,4033,52430573,51.940,random,float32
12,519.284361,966,52430573,52.129,random,float32
12,519.820666,5597,52430573,55.193,random,float32
12,520.367705,9861,52430573,53.946,random,float32
12,520.918415,6054,52430573,54.787,random,float32
12,521.457322,9683,52430573,54.635,random,float32
12,521.985397,4199,52430573,54.757,random,float32
12,522.538439,5257,52430573,53.783,random,float32
12,523.081481,6918,52430573,52.558,random,float32
12,523.615951,2216,52430573,49.978,random,float32
12,524.160857,4035,52430573,57.088,random,float32
12,524.704308,7332,52430573,54.185,random,float32
12,525.220030,4035,52430573,53.062,random,float32
12,525.749305,2538,52430573,53.616,random,float32
12,526.273007,643,52430573,52.510,random,float32
12,526.797195,7323,52430573,49.866,random,float32
12,527.337737,2204,52430573,55.214,random,float32
12,527.883069,8085,52430573,55.670,random,float32
12,528.430354,5354,52430573,54.477,random,float32
12,528.971110,2309,52430573,54.375,random,float32
12,529.502288,4497,52430573,51.365,random,float32
12,530.038743,4708,52430573,53.946,random,float32
12,530.579301,4103,52430573,52.477,random,float32
12,531.102336,9123,52430573,52.999,random,float32
12,531.628996,335,52430573,54.688,random,float32
12,532.158342,7283,52430573,55.444,random,float32
12,532.687647,732,52430573,50.943,random,float32
12,533.220202,4890,52430573,53.901,random,float32
12,533.757301,6213,52430573,55.190,random,float32
12,534.289259,7278,52430573,55.182,random,float32
12,534.821458,6173,52430573,54.589,random,float32
12,535.364165,2340,52430573,53.060,random,float32
12,535.912851,3479,52430573,56.962,random,float32
12,536.451550,2410,52430573,52.700,random,float32
12,536.989936,5894,52430573,55.576,random,float32
12,537.523212,4797,52430573,51.185,random,float32
12,538.063292,8598,52430573,53.183,random,float32
12,538.597410,7005,52430573,51.083,random,float32
12,539.149519,928,52430573,54.837,random,float32
12,539.684811,9281,52430573,51.606,random,float32
12,540.230528,2982,52430573,57.418,random,float32
12,540.769860,2900,52430573,50.496,random,float32
12,541.319153,3199,52430573,56.170,random,float32
12,541.861634,9373,52430573,51.938,random,float32
12,542.409065,778,52430573,54.398,random,float32
12,542.952327,7777,52430573,53.804,random,float32
12,543.510930,2495,52430573,52.543,random,float32
12,544.058432,167,52430573,54.981,random,float32
12,544.601362,7305,52430573,56.000,random,float32
12,545.132667,3115,52430573,53.929,random,float32
12,545.672084,6194,52430573,54.923,random,float32
12,546.204094,3019,52430573,53.993,random,float32
12,546.751409,7630,52430573,55.323,random,float32
12,547.292435,2394,52430573,55.402,random,float32
12,547.831682,1528,52430573,52.624,random,float32
12,548.357287,680,52430573,49.230,random,float32
12,548.895142,5550,52430573,55.626,random,float32
12,549.432825,6313,52430573,51.218,random,float32
12,549.953985,3551,52430573,53.143,random,float32
12,550.484412,3627,52430573,52.666,random,float32
12,551.013513,2104,52430573,53.428,random,float32
12,551.545288,927,52430573,51.956,random,float32
12,552.080332,5281,52430573,54.355,random,float32
12,552.614821,3725,52430573,51.731,random,float32
12,553.145037,5976,52430573,53.852,random,float32
12,553.682380,2217,52430573,55.887,random,float32
12,554.210846,8685,52430573,52.616,random,float32
12,554.733298,9726,52430573,50.290,random,float32
12,555.250088,2108,52430573,50.630,random,float32
12,555.780213,7932,52430573,53.569,random,float32
12,556.304702,7216,52430573,51.791,random,float32
12,556.838469,1038,52430573,53.126,random,float32
12,557.385528,5025,52430573,56.390,random,float32
12,557.926560,3116,52430573,52.690,random,float32
12,558.459401,6914,52430573,54.287,random,float32
12,559.005188,8281,52430573,56.661,random,float32
12,559.546285,3320,52430573,54.720,random,float32
12,560.076978,842,52430573,53.441,random,float32
12,560.610919,8217,52430573,50.153,random,float32
12,561.146142,9340,52430573,52.443,random,float32
12,561.686383,3319,52430573,54.310,random,float32
12,562.240721,8365,52430573,56.758,random,float32
12,562.774804,4632,52430573,52.048,random,float32
12,563.311957,7295,52430573,55.296,random,float32
12,563.832645,9793,52430573,53.547,random,float32
12,564.367773,8472,52430573,54.839,random,float32
12,564.907038,2067,52430573,54.761,random,float32
12,565.433271,5619,52430573,53.862,random,float32
12,565.969358,9554,52430573,55.038,random,float32
12,566.520029,3161,52430573,57.507,random,float32
12,567.061067,548,52430573,53.278,random,float32
12,567.606872,3813,52430573,51.561,random,float32
12,568.141134,3579,52430573,53.401,random,float32
12,568.673694,9448,52430573,54.762,random,float32
12,569.217814,3855,52430573,53.879,random,float32
12,569.754556,3447,52430573,52.672,random,float32
12,570.304848,5704,52430573,55.261,random,float32
12,570.850284,7767,52430573,52.314,random,float32
12,571.390579,736,52430573,53.993,random,float32
12,571.914852,7506,52430573,52.743,random,float32
12,572.452927,4582,52430573,53.797,random,float32
12,572.992191,8190,52430573,55.300,random,float32
12,573.515437,8255,52430573,51.464,random,float32
12,574.039598,3566,52430573,54.875,random,float32
12,574.559818,4639,52430573,51.994,random,float32
12,575.091631,9763,52430573,52.530,random,float32
12,575.623450,4462,52430573,52.655,random,float32
12,576.157158,6889,52430573,51.790,random,float32
12,576.682662,2623,52430573,48.929,random,float32
12,577.218350,1640,52430573,54.368,random,float32
12,577.743550,2951,52430573,53.794,random,float32
12,578.276095,1534,52430573,54.718,random,float32
12,578.797549,5518,52430573,51.780,random,float32
12,579.320542,9999,52430573,52.606,random,float32
12,579.853854,6696,52430573,54.562,random,float32
12,580.377443,228,52430573,54.594,random,float32
12,580.911156,6485,52430573,53.719,random,float32
12,581.438948,1326,52430573,54.647,random,float32
12,581.967273,8662,52430573,54.989,random,float32
12,582.512151,3582,52430573,55.906,random,float32
12,583.061574,1742,52430573,54.013,random,float32
12,583.598018,2574,52430573,52.680,random,float32
12,584.125754,8872,52430573,54.134,random,float32
12,584.653203,3440,52430573,48.386,random,float32
12,585.187963,19,52430573,50.769,random,float32
12,585.717570,7174,52430573,54.113,random,float32
12,586.267770,5945,52430573,54.849,random,float32
12,586.813391,9103,52430573,53.419,random,float32
12,587.347824,2720,52430573,52.775,random,float32
12,587.882188,8825,52430573,54.750,random,float32
12,588.433970,3223,52430573,56.926,random,float32
12,588.976991,282,52430573,53.792,random,float32
12,589.511107,9332,52430573,53.248,random,float32
12,590.064916,1152,52430573,55.959,random,float32
12,590.621422,1034,52430573,53.204,random,float32
12,591.163617,2579,52430573,53.654,random,float32
12,591.697873,3223,52430573,54.649,random,float32
12,592.237234,4086,52430573,56.753,random,float32
12,592.767131,5626,52430573,53.440,random,float32
12,593.305108,2499,52430573,54.267,random,float32
12,593.833372,5288,52430573,54.015,random,float32
12,594.366414,8119,52430573,54.780,random,float32
12,594.902355,5868,52430573,53.182,random,float32
12,595.447127,6187,52430573,55.133,random,float32
12,596.015383,7586,52430573,59.240,random,float32
12,596.564177,2363,52430573,51.456,random,float32
12,597.094568,5322,52430573,53.405,random,float32
12,597.633674,5465,52430573,51.493,random,float32
12,598.167628,5283,52430573,52.244,random,float32
12,598.713563,2072,52430573,55.030,random,float32
12,599.322261,3836,52430573,55.323,random,float32
12,599.872912,4594,52430573,55.293,random,float32
12,600.423902,3996,52430573,52.875,random,float32
12,600.967404,2435,52430573,52.196,random,float32
12,601.498620,438,52430573,52.687,random,float32
12,602.034231,8481,52430573,55.029,random,float32
12,602.569773,5870,52430573,53.864,random,float32
12,603.101569,2485,52430573,55.488,random,float32
12,603.632621,366,52430573,53.118,random,float32
12,604.163019,8980,52430573,54.786,random,float32
12,604.706028,9858,52430573,51.771,random,float32
12,605.241210,360,52430573,52.064,random,float32
12,605.778370,9316,52430573,53.682,random,float32
12,606.302388,362,52430573,54.024,random,float32
12,606.825093,9313,52430573,53.483,random,float32
12,607.375255,5877,52430573,55.385,random,float32
12,607.908250,3158,52430573,53.203,random,float32
12,608.440444,2753,52430573,54.333,random,float32
12,608.980516,6589,52430573,55.871,random,float32
12,609.529664,6960,52430573,53.688,random,float32
12,610.063846,344,52430573,53.518,random,float32
12,610.596669,9378,52430573,53.018,random,float32
12,611.133986,680,52430573,51.830,random,float32
12,611.655544,5817,52430573,51.711,random,float32
12,612.181895,2999,52430573,54.591,random,float32
12,612.715963,3151,52430573,52.898,random,float32
12,613.255770,7865,52430573,55.430,random,float32
12,613.804168,5553,52430573,55.127,random,float32
12,614.335075,6363,52430573,53.206,random,float32
12,614.870355,2537,52430573,54.712,random,float32
12,615.407247,6639,52430573,55.612,random,float32
12,615.945346,6856,52430573,52.396,random,float32
12,616.490045,8349,52430573,54.834,random,float32
12,617.038115,2457,52430573,53.550,random,float32
12,617.572242,9204,52430573,52.233,random,float32
12,618.098119,3022,52430573,55.914,random,float32
12,618.627554,383,52430573,52.191,random,float32
12,619.160802,7541,52430573,53.778,random,float32
12,619.691726,2947,52430573,54.313,random,float32
12,620.263216,4208,52430573,52.702,random,float32
12,620.794376,5366,52430573,52.773,random,float32
12,621.339425,3758,52430573,54.735,random,float32
12,621.876645,6207,52430573,52.005,random,float32
12,622.411160,6206,52430573,53.067,random,float32
12,622.942491,1656,52430573,52.083,random,float32
12,623.484861,7618,52430573,53.477,random,float32
12,624.010001,5848,52430573,50.131,random,float32
12,624.545489,72,52430573,51.583,random,float32
12,625.075599,9199,52430573,53.019,random,float32
12,625.620216,6533,52430573,55.833,random,float32
12,626.166777,9638,52430573,54.893,random,float32
12,626.698809,6903,52430573,52.813,random,float32
12,627.228065,3283,52430573,55.275,random,float32
12,627.760351,3132,52430573,51.823,random,float32
12,628.291554,470,52430573,52.422,random,float32
12,628.830358,3264,52430573,54.158,random,float32
12,629.366100,4526,52430573,52.944,random,float32
12,629.901649,4847,52430573,54.724,random,float32
12,630.433091,2213,52430573,53.492,random,float32
12,630.960838,1289,52430573,53.477,random,float32
12,631.496033,3102,52430573,53.229,random,float32
12,632.029103,2398,52430573,52.779,random,float32
12,632.564685,1182,52430573,52.949,random,float32
12,633.100574,2659,52430573,54.700,random,float32
12,633.661522,4447,52430573,55.445,random,float32
12,634.209970,2738,52430573,52.655,random,float32
12,634.748444,255,52430573,52.902,random,float32
12,635.295714,5823,52430573,55.596,random,float32
12,635.847654,6574,52430573,53.388,random,float32
12,636.389689,6515,52430573,52.322,random,float32
12,636.924430,6005,52430573,52.944,random,float32
12,637.449546,9353,52430573,50.720,random,float32
12,637.985083,7486,52430573,54.339,random,float32
12,638.512317,453,52430573,51.126,random,float32
12,639.038301,3225,52430573,52.790,random,float32
12,639.576060,8133,52430573,53.785,random,float32
12,640.117430,1214,52430573,53.186,random,float32
12,640.656217,9560,52430573,53.326,random,float32
12,641.203772,7924,52430573,51.369,random,float32
12,641.743126,627,52430573,56.527,random,float32
12,642.284419,3669,52430573,55.614,random,float32
12,642.817524,8605,52430573,54.040,random,float32
12,643.358559,4886,52430573,52.660,random,float32
12,643.912928,5699,52430573,56.762,random,float32
12,644.454455,1093,52430573,51.160,random,float32
12,644.989636,7614,52430573,53.042,random,float32
12,645.522571,6890,52430573,54.638,random,float32
12,646.047918,6883,52430573,55.907,random,float32
12,646.576543,6592,52430573,53.017,random,float32
12,647.107444,5066,52430573,54.284,random,float32
12,647.633791,856,52430573,54.271,random,float32
12,648.163135,907,52430573,52.422,random,float32
12,648.693255,107,52430573,53.826,random,float32
12,649.239599,802,52430573,54.292,random,float32
12,649.777796,8156,52430573,52.161,random,float32
12,650.319839,3592,52430573,54.263,random,float32
12,650.856416,1013,52430573,53.074,random,float32
12,651.400661,3105,52430573,57.262,random,float32
12,651.945211,2445,52430573,52.829,random,float32
12,652.487171,6024,52430573,55.237,random,float32
12,653.022525,4167,52430573,54.620,random,float32
12,653.577195,2133,52430573,54.742,random,float32
12,654.122398,8,52430573,54.371,random,float32
12,654.670609,9145,52430573,55.077,random,float32
12,655.214166,2751,52430573,52.759,random,float32
12,655.763369,5581,52430573,54.092,random,float32
12,656.315209,5687,52430573,54.298,random,float32
12,656.861839,4898,52430573,57.250,random,float32
12,657.391423,6780,52430573,53.832,random,float32
12,657.935174,5204,52430573,54.389,random,float32
12,658.474853,4817,52430573,54.522,random,float32
12,659.017117,4811,52430573,53.487,random,float32
12,659.563717,3235,52430573,55.736,random,float32
12,660.111148,1737,52430573,54.254,random,float32
12,660.661386,2059,52430573,55.259,random,float32
12,661.212460,8257,52430573,56.587,random,float32
12,661.759358,8344,52430573,53.533,random,float32
12,662.290935,7231,52430573,54.036,random,float32
12,662.837707,177,52430573,60.221,random,float32
12,663.370871,9230,52430573,50.193,random,float32
12,663.903699,9094,52430573,54.846,random,float32
12,664.438151,2140,52430573,56.102,random,float32
12,664.989628,4168,52430573,53.350,random,float32
12,665.536327,7422,52430573,56.533,random,float32
12,666.081303,3062,52430573,54.768,random,float32
12,666.642826,4288,52430573,57.959,random,float32
12,667.197880,7052,52430573,55.395,random,float32
12,667.731494,6338,52430573,53.066,random,float32
12,668.273747,2601,52430573,52.975,random,float32
12,668.806007,4121,52430573,54.296,random,float32
12,669.334798,4459,52430573,52.845,random,float32
12,669.870673,5422,52430573,51.085,random,float32
12,670.405048,8764,52430573,53.070,random,float32
12,670.948865,5386,52430573,52.637,random,float32
12,671.492378,5409,52430573,55.447,random,float32
12,672.045591,872,52430573,55.836,random,float32
12,672.581690,735,52430573,55.209,random,float32
12,673.112314,2244,52430573,53.363,random,float32
12,673.654705,7086,52430573,53.492,random,float32
12,674.193461,4877,52430573,53.927,random,float32
12,674.756928,1018,52430573,60.752,random,float32
12,675.297643,680,52430573,52.673,random,float32
12,675.830654,2866,52430573,53.394,random,float32
12,676.359710,2297,52430573,55.135,random,float32
12,676.893309,7059,52430573,52.088,random,float32
12,677.431465,6473,52430573,55.474,random,float32
12,677.970240,4399,52430573,53.268,random,float32
12,678.499061,8141,52430573,52.978,random,float32
12,679.034381,1521,52430573,55.187,random,float32
12,679.557213,1331,52430573,51.870,random,float32
12,680.093201,2800,52430573,51.851,random,float32
12,680.623919,5791,52430573,52.974,random,float32
12,681.175173,1889,52430573,55.407,random,float32
12,681.713828,2643,52430573,54.055,random,float32
12,682.259120,841,52430573,53.309,random,float32
12,682.787890,5818,52430573,55.344,random,float32
12,683.319298,8510,52430573,55.817,random,float32
12,683.860328,9424,52430573,54.793,random,float32
12,684.397404,3553,52430573,54.424,random,float32
12,684.927122,4294,52430573,52.354,random,float32
12,685.459942,2762,52430573,54.940,random,float32
12,685.997592,5265,52430573,54.366,random,float32
12,686.537150,7544,52430573,53.883,random,float32
12,687.084231,5667,52430573,53.892,random,float32
12,687.636207,8857,52430573,56.403,random,float32
12,688.181925,496,52430573,57.188,random,float32
12,688.716176,4009,52430573,51.455,random,float32
12,689.243363,9269,52430573,52.036,random,float32
12,689.783388,1027,52430573,54.836,random,float32
12,690.325295,7220,52430573,53.861,random,float32
12,690.864191,1198,52430573,54.755,random,float32
12,691.416624,6908,52430573,56.238,random,float32
12,691.958210,5126,52430573,54.984,random,float32
12,692.488719,5153,52430573,51.820,random,float32
12,693.014868,4822,52430573,51.871,random,float32
12,693.547534,5069,52430573,53.922,random,float32
12,694.081519,5797,52430573,53.295,random,float32
12,694.605992,8637,52430573,51.539,random,float32
12,695.136604,4837,52430573,54.012,random,float32
12,695.659634,2610,52430573,48.152,random,float32
12,696.199454,2662,52430573,56.303,random,float32
12,696.713978,5498,52430573,53.560,random,float32
12,697.252149,5846,52430573,53.232,random,float32
12,697.784142,7962,52430573,56.678,random,float32
12,698.311545,8418,52430573,52.106,random,float32
12,698.844419,7109,52430573,55.214,random,float32
12,699.374652,6313,52430573,51.440,random,float32
12,699.909635,9249,52430573,52.480,random,float32
12,700.472634,2587,52430573,54.818,random,float32
12,701.006262,147,52430573,49.874,random,float32
12,701.537805,7958,52430573,50.556,random,float32
12,702.064030,974,52430573,56.176,random,float32
12,702.593131,9151,52430573,50.209,random,float32
12,703.128538,6085,52430573,53.982,random,float32
12,703.656057,6759,52430573,52.904,random,float32
12,704.182507,9516,52430573,54.077,random,float32
12,704.713606,6601,52430573,52.218,random,float32
12,705.250530,5610,52430573,57.291,random,float32
12,705.773826,6404,52430573,52.958,random,float32
12,706.300516,3191,52430573,50.811,random,float32
12,706.835063,4817,52430573,54.361,random,float32
12,707.377060,3660,52430573,54.837,random,float32
12,707.926098,7851,52430573,60.305,random,float32
12,708.462548,720,52430573,52.407,random,float32
12,708.992228,123,52430573,50.761,random,float32
12,709.529483,5129,52430573,54.467,random,float32
12,710.072713,5123,52430573,52.608,random,float32
12,710.608219,8807,52430573,54.213,random,float32
12,711.135471,3486,52430573,51.455,random,float32
12,711.661762,8366,52430573,52.547,random,float32
12,712.183239,9414,52430573,54.360,random,float32
12,712.695620,4309,52430573,49.002,random,float32
12,713.231250,783,52430573,52.246,random,float32
12,713.760976,1912,52430573,51.797,random,float32
12,714.286866,8595,52430573,54.236,random,float32
12,714.841548,5012,52430573,54.546,random,float32
12,715.371672,4780,52430573,52.584,random,float32
12,715.908234,1171,52430573,54.763,random,float32
12,716.444101,3154,52430573,53.217,random,float32
12,716.978254,6818,52430573,52.212,random,float32
12,717.515375,4044,52430573,54.101,random,float32
12,718.063987,729,52430573,58.161,random,float32
12,718.596690,1954,52430573,51.290,random,float32
12,719.131466,3412,52430573,54.515,random,float32
12,719.662803,4186,52430573,53.028,random,float32
12,720.193436,6766,52430573,55.056,random,float32
12,720.730086,1274,52430573,53.339,random,float32
12,721.259710,8500,52430573,50.543,random,float32
12,721.787598,7499,52430573,55.252,random,float32
12,722.326644,1327,52430573,54.254,random,float32
12,722.863194,6059,52430573,53.083,random,float32
12,723.391424,9394,52430573,53.814,random,float32
12,723.923077,6919,52430573,52.024,random,float32
12,724.474721,9284,52430573,53.468,random,float32
12,724.985367,2127,52430573,51.229,random,float32
12,725.511416,4664,52430573,50.710,random,float32
12,726.047156,8224,52430573,50.042,random,float32
12,726.576663,510,52430573,51.928,random,float32
12,727.104307,8540,52430573,54.099,random,float32
12,727.637366,2135,52430573,52.854,random,float32
12,728.160556,9276,52430573,51.926,random,float32
12,728.693014,2930,52430573,54.288,random,float32
12,729.229553,3761,52430573,53.859,random,float32
12,729.755016,8958,52430573,53.947,random,float32
12,730.287822,9800,52430573,53.021,random,float32
12,730.818427,7390,52430573,53.019,random,float32
12,731.361126,9680,52430573,54.814,random,float32
12,731.893874,722,52430573,51.546,random,float32
12,732.425132,3648,52430573,55.432,random,float32
12,732.956402,2777,52430573,54.328,random,float32
12,733.510074,6976,52430573,55.544,random,float32
12,734.048344,68,52430573,50.149,random,float32
12,734.573293,2270,52430573,48.824,random,float32
12,735.101459,6822,52430573,52.317,random,float32
12,735.631219,7189,52430573,52.865,random,float32
12,736.162203,6643,52430573,54.479,random,float32
12,736.693968,3736,52430573,55.377,random,float32
12,737.228870,4976,52430573,54.554,random,float32
12,737.769788,5579,52430573,57.406,random,float32
12,738.321275,1750,52430573,54.462,random,float32
12,738.870678,1590,52430573,56.864,random,float32
12,739.413607,3141,52430573,52.196,random,float32
12,739.967210,7213,52430573,53.080,random,float32
12,740.504014,417,52430573,51.604,random,float32
12,741.032659,4877,52430573,51.335,random,float32
12,741.563621,7317,52430573,51.612,random,float32
12,742.090508,437,52430573,54.555,random,float32
12,742.625727,7981,52430573,53.369,random,float32
12,743.160850,7095,52430573,53.524,random,float32
12,743.690674,9875,52430573,51.443,random,float32
12,744.223721,8846,52430573,50.064,random,float32
12,744.753709,3074,52430573,53.377,random,float32
12,745.285677,362,52430573,54.712,random,float32
12,745.822387,5394,52430573,51.472,random,float32
12,746.366617,9528,52430573,54.813,random,float32
12,746.913048,1195,52430573,55.492,random,float32
12,747.458288,5199,52430573,54.881,random,float32
12,748.004967,9257,52430573,55.394,random,float32
12,748.548141,8339,52430573,54.672,random,float32
12,749.078328,3893,52430573,54.353,random,float32
12,749.608859,4924,52430573,52.768,random,float32
12,750.140217,1971,52430573,53.109,random,float32
12,750.671593,939,52430573,51.273,random,float32
12,751.207353,7044,52430573,52.167,random,float32
12,751.737424,1490,52430573,53.530,random,float32
12,752.259765,1913,52430573,49.307,random,float32
12,752.793202,9474,52430573,49.822,random,float32
12,753.332194,5708,52430573,55.902,random,float32
12,753.861902,3005,52430573,55.360,random,float32
12,754.395806,1535,52430573,53.291,random,float32
12,754.920516,729,52430573,51.695,random,float32
12,755.435957,2207,52430573,51.606,random,float32
12,755.970250,5446,52430573,52.573,random,float32
12,756.486967,7871,52430573,52.846,random,float32
12,757.028293,1753,52430573,53.695,random,float32
12,757.564869,5596,52430573,50.965,random,float32
12,758.096999,6961,52430573,54.054,random,float32
12,758.625175,1755,52430573,51.485,random,float32
12,759.145901,152,52430573,48.555,random,float32
12,759.683518,6261,52430573,55.074,random,float32
12,760.201616,6415,52430573,50.891,random,float32
12,760.725485,6976,52430573,53.847,random,float32
12,761.250110,1071,52430573,52.615,random,float32
12,761.778836,9333,52430573,55.411,random,float32
12,762.320292,6928,52430573,50.976,random,float32
12,762.856930,4789,52430573,53.360,random,float32
12,763.377246,6264,52430573,53.133,random,float32
12,763.895401,3067,52430573,48.612,random,float32
12,764.430521,5815,52430573,53.683,random,float32
12,764.959986,9619,52430573,54.806,random,float32
12,765.494374,8917,52430573,54.858,random,float32
12,766.029603,3778,52430573,54.204,random,float32
12,766.580514,6486,52430573,57.105,random,float32
12,767.130309,9567,52430573,53.435,random,float32
12,767.677937,8981,52430573,54.576,random,float32
12,768.224080,9357,52430573,55.364,random,float32
12,768.760163,4169,52430573,53.471,random,float32
12,769.291935,8296,52430573,53.100,random,float32
12,769.826966,4463,52430573,54.249,random,float32
12,770.376876,1439,52430573,53.980,random,float32
12,770.915310,4951,52430573,54.744,random,float32
12,771.450290,8025,52430573,52.586,random,float32
12,772.001934,3124,52430573,61.609,random,float32
12,772.566773,9253,52430573,55.031,random,float32
12,773.110975,3592,52430573,53.407,random,float32
12,773.652729,583,52430573,54.212,random,float32
12,774.180980,3650,52430573,50.736,random,float32
12,774.715400,7568,52430573,53.830,random,float32
12,775.247191,6261,52430573,53.756,random,float32
12,775.776794,3920,52430573,51.808,random,float32
12,776.314436,2400,52430573,52.524,random,float32
12,776.850052,9164,52430573,52.505,random,float32
12,777.387552,1793,52430573,52.295,random,float32
12,777.926817,1575,52430573,51.541,random,float32
12,778.468563,1536,52430573,55.248,random,float32
12,779.002973,6387,52430573,54.037,random,float32
12,779.532127,3128,52430573,54.679,random,float32
12,780.060348,1578,52430573,53.438,random,float32
12,780.601168,8855,52430573,51.707,random,float32
12,781.139435,4476,52430573,54.744,random,float32
12,781.676112,5110,52430573,55.180,random,float32
12,782.203779,9442,52430573,53.110,random,float32
12,782.741429,2947,52430573,54.106,random,float32
12,783.276237,6731,52430573,53.626,random,float32
12,783.818674,9141,52430573,54.396,random,float32
12,784.352012,4027,52430573,53.890,random,float32
12,784.895186,5468,52430573,57.006,random,float32
12,785.440924,3580,52430573,55.085,random,float32
12,785.991383,108,52430573,56.627,random,float32
12,786.536668,5949,52430573,53.148,random,float32
12,787.094579,1322,52430573,57.453,random,float32
12,787.636907,2651,52430573,53.410,random,float32
12,788.181424,163,52430573,52.128,random,float32
12,788.713745,6390,52430573,52.244,random,float32
12,789.251685,4372,52430573,55.175,random,float32
12,789.796514,6602,52430573,58.598,random,float32
12,790.341409,4150,52430573,53.813,random,float32
12,790.876763,3792,52430573,54.925,random,float32
12,791.406669,6704,52430573,50.637,random,float32
12,791.940323,4303,52430573,52.225,random,float32
12,792.474340,8676,52430573,54.097,random,float32
12,792.997687,2610,52430573,50.886,random,float32
12,793.530072,9386,52430573,53.890,random,float32
12,794.065119,1824,52430573,49.845,random,float32
12,794.599277,2222,52430573,53.457,random,float32
12,795.129198,8236,52430573,54.198,random,float32
12,795.660695,4903,52430573,54.714,random,float32
12,796.202231,549,52430573,54.056,random,float32
12,796.750076,7055,52430573,55.458,random,float32
12,797.293727,3939,52430573,55.712,random,float32
12,797.839510,4872,52430573,54.314,random,float32
12,798.382157,684,52430573,53.130,random,float32
12,798.932325,9422,52430573,53.583,random,float32
12,799.487325,7978,52430573,56.362,random,float32
12,800.051947,5356,52430573,57.261,random,float32
12,800.606585,4330,52430573,51.731,random,float32
12,801.146489,4205,52430573,55.624,random,float32
12,801.688972,2449,52430573,54.388,random,float32
12,802.239573,933,52430573,55.267,random,float32
12,802.795845,9307,52430573,56.906,random,float32
12,803.339041,5854,52430573,53.685,random,float32
12,803.881195,4633,52430573,54.346,random,float32
12,804.432309,8761,52430573,53.801,random,float32
12,804.981259,2374,52430573,55.071,random,float32
12,805.528633,8381,52430573,50.888,random,float32
12,806.067912,4949,52430573,53.291,random,float32
12,806.592580,770,52430573,52.348,random,float32
12,807.123761,9823,52430573,54.763,random,float32
12,807.667941,8281,52430573,54.749,random,float32
12,808.210578,9872,52430573,54.677,random,float32
12,808.749636,2502,52430573,55.953,random,float32
12,809.296545,1422,52430573,55.114,random,float32
12,809.839920,46,52430573,53.292,random,float32
12,810.377610,6549,52430573,55.291,random,float32
12,810.916388,4996,52430573,52.381,random,float32
12,811.472134,1812,52430573,52.444,random,float32
12,812.006446,5068,52430573,51.975,random,float32
12,812.566104,1785,52430573,57.907,random,float32
12,813.111515,604,52430573,53.604,random,float32
12,813.655850,5245,52430573,54.867,random,float32
12,814.209409,5372,52430573,53.249,random,float32
12,814.747737,2880,52430573,52.643,random,float32
12,815.282971,7418,52430573,52.761,random,float32
12,815.816118,2386,52430573,53.325,random,float32
12,816.351235,9507,52430573,53.876,random,float32
12,816.884773,4630,52430573,53.616,random,float32
12,817.418909,8730,52430573,54.140,random,float32
12,817.953860,4897,52430573,53.352,random,float32
12,818.479610,1559,52430573,53.076,random,float32
12,819.012881,6623,52430573,52.208,random,float32
12,819.537565,6770,52430573,50.139,random,float32
12,820.060611,2725,52430573,54.605,random,float32
12,820.581670,4517,52430573,54.831,random,float32
12,821.109507,5428,52430573,54.132,random,float32
12,821.635712,5393,52430573,52.052,random,float32
12,822.182866,1506,52430573,54.319,random,float32
12,822.725010,8513,52430573,53.125,random,float32
12,823.257123,8334,52430573,54.394,random,float32
12,823.800473,229,52430573,53.166,random,float32
12,824.354990,751,52430573,56.054,random,float32
12,824.905176,9915,52430573,57.599,random,float32
12,825.446687,6394,52430573,53.970,random,float32
12,825.996350,2512,52430573,53.682,random,float32
12,826.548705,6229,52430573,54.172,random,float32
12,827.104985,5430,52430573,55.540,random,float32
12,827.651388,5200,52430573,55.287,random,float32
12,828.197872,8321,52430573,56.921,random,float32
12,828.754245,8805,52430573,55.265,random,float32
12,829.309147,1696,52430573,53.538,random,float32
12,829.854105,9507,52430573,55.669,random,float32
12,830.390505,4620,52430573,53.744,random,float32
12,830.941087,378,52430573,55.634,random,float32
12,831.483059,7850,52430573,55.297,random,float32
12,832.023777,6705,52430573,54.675,random,float32
12,832.582603,8722,52430573,54.615,random,float32
12,833.140356,9466,52430573,54.039,random,float32
12,833.711278,7568,52430573,56.111,random,float32
12,834.269911,1796,52430573,53.660,random,float32
12,834.808440,5222,52430573,54.985,random,float32
12,835.341913,1156,52430573,52.488,random,float32
12,835.869380,9866,52430573,52.818,random,float32
12,836.411703,5117,52430573,54.274,random,float32
12,836.962428,7182,52430573,54.577,random,float32
12,837.497156,108,52430573,55.390,random,float32
12,838.036052,3578,52430573,52.507,random,float32
12,838.570727,7594,52430573,55.388,random,float32
12,839.121824,6070,52430573,56.087,random,float32
12,839.666777,1885,52430573,55.546,random,float32
12,840.214779,4357,52430573,55.187,random,float32
12,840.748387,2857,52430573,53.304,random,float32
12,841.287918,9961,52430573,54.697,random,float32
12,841.837284,8486,52430573,52.784,random,float32
12,842.378620,6732,52430573,51.831,random,float32
12,842.913579,8985,52430573,53.032,random,float32
12,843.465342,2658,52430573,53.644,random,float32
12,843.997270,8002,52430573,52.317,random,float32
12,844.530961,484,52430573,53.550,random,float32
12,845.078189,9781,52430573,55.342,random,float32
12,845.622429,1346,52430573,55.247,random,float32
12,846.175486,9272,52430573,52.628,random,float32
12,846.700624,2711,52430573,54.612,random,float32
12,847.243308,3513,52430573,53.031,random,float32
12,847.779062,8921,52430573,55.888,random,float32
12,848.308376,8931,52430573,52.842,random,float32
12,848.836880,280,52430573,55.310,random,float32
12,849.362965,823,52430573,52.114,random,float32
12,849.894248,9427,52430573,51.971,random,float32
12,850.435484,2566,52430573,54.111,random,float32
12,850.985656,8916,52430573,57.448,random,float32
12,851.520066,7524,52430573,53.335,random,float32
12,852.065383,309,52430573,55.022,random,float32
12,852.613716,864,52430573,55.588,random,float32
12,853.167785,2326,52430573,54.972,random,float32
12,853.712016,7236,52430573,55.645,random,float32
12,854.269044,3129,52430573,56.550,random,float32
12,854.811606,2839,52430573,56.110,random,float32
12,855.354522,1515,52430573,55.061,random,float32
12,855.914000,4479,52430573,55.236,random,float32
12,856.460797,7616,52430573,54.265,random,float32
12,857.000104,9572,52430573,53.943,random,float32
12,857.545593,2074,52430573,54.660,random,float32
12,858.086087,7986,52430573,55.792,random,float32
12,858.628854,6187,52430573,53.392,random,float32
12,859.179823,6334,52430573,56.720,random,float32
12,859.721284,1634,52430573,54.747,random,float32
12,860.274374,1675,52430573,57.813,random,float32
12,860.817340,9209,52430573,52.888,random,float32
12,861.361375,2923,52430573,52.579,random,float32
12,861.902617,76,52430573,53.872,random,float32
12,862.445379,5413,52430573,53.955,random,float32
12,862.986675,3750,52430573,55.768,random,float32
12,863.542310,7957,52430573,55.094,random,float32
12,864.075277,9256,52430573,54.844,random,float32
12,864.613621,9125,52430573,53.702,random,float32
12,865.141095,9128,52430573,53.179,random,float32
12,865.701081,6747,52430573,58.039,random,float32
12,866.240337,6155,52430573,57.128,random,float32
12,866.798392,8550,52430573,55.945,random,float32
12,867.345045,5505,52430573,53.707,random,float32
12,867.881865,6131,52430573,52.929,random,float32
12,868.413495,3467,52430573,54.866,random,float32
12,868.967445,1609,52430573,57.395,random,float32
12,869.504678,1869,52430573,51.725,random,float32
12,870.044473,9265,52430573,54.354,random,float32
12,870.593204,6599,52430573,55.167,random,float32
12,871.148236,7411,52430573,54.754,random,float32
12,871.679767,2823,52430573,53.762,random,float32
12,872.208737,8695,52430573,53.542,random,float32
12,872.748299,7498,52430573,52.935,random,float32
12,873.286162,823,52430573,54.225,random,float32
12,873.838524,6048,52430573,54.606,random,float32
12,874.367825,6080,52430573,51.969,random,float32
12,874.909430,8726,52430573,53.917,random,float32
12,875.449219,4512,52430573,55.758,random,float32
12,875.991393,4413,52430573,53.149,random,float32
12,876.526902,854,52430573,53.119,random,float32
12,877.071387,5409,52430573,55.824,random,float32
12,877.595900,5902,52430573,55.268,random,float32
12,878.132275,5260,52430573,53.305,random,float32
12,878.681935,4986,52430573,55.253,random,float32
12,879.237621,3512,52430573,55.158,random,float32
12,879.795195,3263,52430573,55.642,random,float32
12,880.349507,6350,52430573,54.732,random,float32
12,880.891925,9937,52430573,54.314,random,float32
12,881.436354,80,52430573,53.306,random,float32
12,881.997295,7865,52430573,57.033,random,float32
12,882.547592,804,52430573,56.378,random,float32
12,883.093673,3852,52430573,54.125,random,float32
12,883.648559,9871,52430573,54.716,random,float32
12,884.202738,1236,52430573,54.267,random,float32
12,884.746342,316,52430573,53.252,random,float32
12,885.285283,4038,52430573,53.712,random,float32
12,885.821852,7338,52430573,51.961,random,float32
12,886.357986,7735,52430573,52.728,random,float32
12,886.913732,2863,52430573,56.301,random,float32
12,887.457950,4893,52430573,54.601,random,float32
12,888.005202,2476,52430573,52.723,random,float32
12,888.537086,6744,52430573,52.599,random,float32
12,889.082305,2151,52430573,53.788,random,float32
12,889.628098,9717,52430573,55.644,random,float32
12,890.171221,6034,52430573,54.897,random,float32
12,890.714055,9218,52430573,54.298,random,float32
12,891.253882,2223,52430573,57.414,random,float32
12,891.788793,4325,52430573,53.259,random,float32
12,892.332505,3105,52430573,54.293,random,float32
12,892.860374,9574,52430573,51.961,random,float32
12,893.393436,8365,52430573,54.647,random,float32
12,893.932598,1432,52430573,53.724,random,float32
12,894.470118,5195,52430573,53.859,random,float32
12,895.010561,4432,52430573,53.082,random,float32
12,895.551943,3810,52430573,53.747,random,float32
12,896.096611,8364,52430573,54.116,random,float32
12,896.641651,7056,52430573,55.378,random,float32
12,897.181841,938,52430573,53.125,random,float32
12,897.712392,7152,52430573,52.541,random,float32
12,898.252046,9919,52430573,55.321,random,float32
12,898.797876,7432,52430573,54.304,random,float32
12,899.342764,4918,52430573,54.358,random,float32
12,899.903917,6163,52430573,58.019,random,float32
13,300.510205,9255,52430573,54.236,random,float32
13,301.041521,5067,52430573,52.469,random,float32
13,301.577162,5569,52430573,54.070,random,float32
13,302.116583,470,52430573,53.510,random,float32
13,302.648925,675,52430573,53.187,random,float32
13,303.201890,5062,52430573,62.265,random,float32
13,303.744373,3756,52430573,52.413,random,float32
13,304.287754,5873,52430573,54.513,random,float32
13,304.832022,1936,52430573,56.644,random,float32
13,305.393230,7644,52430573,56.340,random,float32
13,305.943779,8694,52430573,53.852,random,float32
13,306.492162,9152,52430573,57.030,random,float32
13,307.049273,4645,52430573,56.505,random,float32
13,307.602333,1567,52430573,54.371,random,float32
13,308.149346,4795,52430573,56.778,random,float32
13,308.685235,3921,52430573,55.965,random,float32
13,309.224677,1649,52430573,51.934,random,float32
13,309.775574,4872,52430573,54.959,random,float32
13,310.322304,788,52430573,54.171,random,float32
13,310.877496,5998,52430573,55.588,random,float32
13,311.426485,7707,52430573,57.027,random,float32
13,311.969454,6974,52430573,55.534,random,float32
13,312.519418,4610,52430573,54.731,random,float32
13,313.064267,348,52430573,56.728,random,float32
13,313.612479,5453,52430573,54.571,random,float32
13,314.153394,4436,52430573,54.003,random,float32
13,314.687978,4381,52430573,53.845,random,float32
13,315.232237,1300,52430573,53.541,random,float32
13,315.777423,9770,52430573,54.216,random,float32
13,316.327510,5566,52430573,55.398,random,float32
13,316.878419,162,52430573,54.005,random,float32
13,317.439328,3186,52430573,54.056,random,float32
13,317.980400,3208,52430573,53.489,random,float32
13,318.533765,7965,52430573,55.879,random,float32
13,319.088204,4454,52430573,50.931,random,float32
13,319.637914,5201,52430573,55.209,random,float32
13,320.210533,4064,52430573,52.526,random,float32
13,320.747751,8941,52430573,55.646,random,float32
13,321.284177,4954,52430573,54.657,random,float32
13,321.820016,8097,52430573,51.906,random,float32
13,322.358503,5676,52430573,53.385,random,float32
13,322.901317,5331,52430573,54.608,random,float32
13,323.431728,7287,52430573,53.340,random,float32
13,323.966196,5040,52430573,54.727,random,float32
13,324.511943,8142,52430573,56.158,random,float32
13,325.070440,6156,52430573,56.241,random,float32
13,325.628198,169,52430573,53.487,random,float32
13,326.163904,4042,52430573,49.866,random,float32
13,326.703474,6400,52430573,52.620,random,float32
13,327.227368,86,52430573,50.213,random,float32
13,327.760194,7703,52430573,54.623,random,float32
13,328.292077,970,52430573,53.509,random,float32
13,328.829732,2865,52430573,53.829,random,float32
13,329.369669,1639,52430573,53.841,random,float32
13,329.921748,4810,52430573,56.415,random,float32
13,330.459426,8203,52430573,53.207,random,float32
13,330.985929,3765,52430573,52.533,random,float32
13,331.518047,9186,52430573,52.903,random,float32
13,332.056613,7555,52430573,59.589,random,float32
13,332.604188,6047,52430573,54.559,random,float32
13,333.169884,437,52430573,56.688,random,float32
13,333.714734,5539,52430573,53.263,random,float32
13,334.261746,7859,52430573,56.929,random,float32
13,334.808881,3534,52430573,53.844,random,float32
13,335.332709,2352,52430573,48.076,random,float32
13,335.867216,5684,52430573,52.779,random,float32
13,336.401263,3849,52430573,51.475,random,float32
13,336.935999,518,52430573,53.604,random,float32
13,337.469356,2096,52430573,51.842,random,float32
13,338.003446,3891,52430573,52.184,random,float32
13,338.539919,3296,52430573,54.331,random,float32
13,339.080223,2689,52430573,54.754,random,float32
13,339.616185,1489,52430573,53.643,random,float32
13,340.143096,7180,52430573,53.761,random,float32
13,340.675633,7455,52430573,55.717,random,float32
13,341.199307,5364,52430573,52.824,random,float32
13,341.718614,8893,52430573,49.869,random,float32
13,342.259272,2627,52430573,53.915,random,float32
13,342.791422,3704,52430573,54.354,random,float32
13,343.332186,6393,52430573,53.766,random,float32
13,343.877148,344,52430573,53.368,random,float32
13,344.418782,5494,52430573,49.594,random,float32
13,344.948147,7152,52430573,50.876,random,float32
13,345.484892,3132,52430573,51.517,random,float32
13,346.008675,4830,52430573,51.958,random,float32
13,346.551033,4153,52430573,55.963,random,float32
13,347.092445,476,52430573,55.682,random,float32
13,347.632055,8505,52430573,55.354,random,float32
13,348.174109,4994,52430573,54.363,random,float32
13,348.713412,7645,52430573,55.194,random,float32
13,349.244027,7654,52430573,51.450,random,float32
13,349.783790,3438,52430573,52.905,random,float32
13,350.325423,8987,52430573,53.562,random,float32
13,350.862738,4885,52430573,53.810,random,float32
13,351.399206,6995,52430573,51.788,random,float32
13,351.938577,7861,52430573,52.744,random,float32
13,352.475514,6535,52430573,53.088,random,float32
13,353.002197,1958,52430573,50.857,random,float32
13,353.531257,3980,52430573,52.732,random,float32
13,354.069476,9755,52430573,53.546,random,float32
13,354.612207,2324,52430573,54.708,random,float32
13,355.149943,6614,52430573,54.676,random,float32
13,355.706641,5104,52430573,54.164,random,float32
13,356.242750,1364,52430573,54.285,random,float32
13,356.773987,1397,52430573,55.140,random,float32
13,357.312490,8752,52430573,52.097,random,float32
13,357.847384,4291,52430573,54.301,random,float32
13,358.396368,7780,52430573,55.799,random,float32
13,358.949391,8432,52430573,56.251,random,float32
13,359.502426,9027,52430573,57.337,random,float32
13,360.059885,8898,52430573,53.696,random,float32
13,360.589161,5946,52430573,51.339,random,float32
13,361.118849,7999,52430573,52.730,random,float32
13,361.645655,11,52430573,48.336,random,float32
13,362.166962,7427,52430573,54.752,random,float32
13,362.700587,7819,52430573,50.816,random,float32
13,363.233850,3574,52430573,54.626,random,float32
13,363.763488,9730,52430573,51.346,random,float32
13,364.300725,4069,52430573,56.513,random,float32
13,364.814747,9310,52430573,50.946,random,float32
13,365.343720,4041,52430573,48.624,random,float32
13,365.871768,3806,52430573,52.294,random,float32
13,366.418059,1954,52430573,53.175,random,float32
13,366.967540,8462,52430573,54.441,random,float32
13,367.508684,4805,52430573,56.460,random,float32
13,368.041758,6810,52430573,53.622,random,float32
13,368.585222,4736,52430573,53.308,random,float32
13,369.127289,7272,52430573,55.322,random,float32
13,369.658795,792,52430573,53.777,random,float32
13,370.197157,3767,52430573,56.119,random,float32
13,370.716482,1283,52430573,52.513,random,float32
13,371.257557,1428,52430573,49.424,random,float32
13,371.794596,1296,52430573,53.478,random,float32
13,372.323373,6327,52430573,46.457,random,float32
13,372.857828,5887,52430573,55.135,random,float32
13,373.398845,40,52430573,55.690,random,float32
13,373.927287,4922,52430573,51.375,random,float32
13,374.463710,776,52430573,55.955,random,float32
13,374.991430,9634,52430573,51.798,random,float32
13,375.527662,5086,52430573,53.974,random,float32
13,376.061446,833,52430573,52.583,random,float32
13,376.594722,9617,52430573,52.024,random,float32
13,377.128817,2660,52430573,50.521,random,float32
13,377.661787,917,52430573,55.273,random,float32
13,378.197441,8373,52430573,54.925,random,float32
13,378.731267,3765,52430573,53.718,random,float32
13,379.267444,8049,52430573,52.698,random,float32
13,379.798903,9281,52430573,52.489,random,float32
13,380.330313,1682,52430573,53.350,random,float32
13,380.869073,1583,52430573,54.820,random,float32
13,381.406001,8195,52430573,53.623,random,float32
13,381.955681,3600,52430573,53.675,random,float32
13,382.491793,315,52430573,53.883,random,float32
13,383.024297,1726,52430573,52.719,random,float32
13,383.558029,2584,52430573,51.212,random,float32
13,384.089329,6189,52430573,54.604,random,float32
13,384.629271,3595,52430573,54.794,random,float32
13,385.165023,2978,52430573,54.007,random,float32
13,385.714845,2034,52430573,55.066,random,float32
13,386.257005,5,52430573,55.339,random,float32
13,386.795122,6429,52430573,53.732,random,float32
13,387.325952,585,52430573,52.075,random,float32
13,387.857480,1377,52430573,54.565,random,float32
13,388.392619,1543,52430573,55.667,random,float32
13,388.928350,3864,52430573,50.584,random,float32
13,389.457261,6604,52430573,54.633,random,float32
13,389.995502,5410,52430573,56.825,random,float32
13,390.534642,6133,52430573,52.069,random,float32
13,391.070865,3,52430573,53.215,random,float32
13,391.597038,1697,52430573,51.917,random,float32
13,392.137659,7196,52430573,55.636,random,float32
13,392.676041,4661,52430573,53.932,random,float32
13,393.216480,2344,52430573,53.905,random,float32
13,393.763198,6551,52430573,53.069,random,float32
13,394.299205,5802,52430573,54.936,random,float32
13,394.833387,8760,52430573,53.342,random,float32
13,395.354272,7048,52430573,45.269,random,float32
13,395.882474,4575,52430573,54.566,random,float32
13,396.409180,4166,52430573,53.646,random,float32
13,396.939276,496,52430573,53.460,random,float32
13,397.463537,5285,52430573,51.295,random,float32
13,397.989459,4190,52430573,53.532,random,float32
13,398.514069,1293,52430573,52.807,random,float32
13,399.042241,8095,52430573,52.946,random,float32
13,399.574612,2297,52430573,54.288,random,float32
13,400.093506,8970,52430573,48.456,random,float32
13,400.617124,9223,52430573,54.716,random,float32
13,401.144101,2612,52430573,51.782,random,float32
13,401.670868,3945,52430573,53.361,random,float32
13,402.207719,4978,52430573,52.782,random,float32
13,402.748957,7995,52430573,53.132,random,float32
13,403.291244,6219,52430573,53.782,random,float32
13,403.830100,139,52430573,51.091,random,float32
13,404.357622,8380,52430573,53.195,random,float32
13,404.883509,9926,52430573,54.233,random,float32
13,405.424634,4466,52430573,55.598,random,float32
13,405.948255,5233,52430573,52.378,random,float32
13,406.478158,4987,52430573,53.589,random,float32
13,407.025673,259,52430573,54.245,random,float32
13,407.561900,173,52430573,53.959,random,float32
13,408.095835,6721,52430573,54.893,random,float32
13,408.634239,6617,52430573,54.333,random,float32
13,409.180789,8322,52430573,54.170,random,float32
13,409.701260,9853,52430573,52.488,random,float32
13,410.241231,8591,52430573,50.345,random,float32
13,410.767180,4300,52430573,51.431,random,float32
13,411.298823,3035,52430573,53.466,random,float32
13,411.817269,3242,52430573,54.484,random,float32
13,412.354856,8275,52430573,54.761,random,float32
13,412.889358,7100,52430573,52.195,random,float32
13,413.426739,6986,52430573,51.599,random,float32
13,413.959353,3233,52430573,49.385,random,float32
13,414.487015,5999,52430573,52.751,random,float32
13,415.020187,2719,52430573,52.644,random,float32
13,415.562446,1089,52430573,55.310,random,float32
13,416.085782,2782,52430573,51.355,random,float32
13,416.622583,3199,52430573,55.231,random,float32
13,417.161703,6571,52430573,53.706,random,float32
13,417.695452,1078,52430573,54.802,random,float32
13,418.233059,5082,52430573,49.682,random,float32
13,418.764060,8544,52430573,51.057,random,float32
13,419.298528,5990,52430573,48.388,random,float32
13,419.819254,1912,52430573,52.210,random,float32
13,420.347443,8377,52430573,50.520,random,float32
13,420.874813,7458,52430573,50.285,random,float32
13,421.409006,3850,52430573,58.525,random,float32
13,421.928987,2964,52430573,51.825,random,float32
13,422.470909,2127,52430573,51.999,random,float32
13,422.999664,5554,52430573,53.078,random,float32
13,423.519803,5505,52430573,52.611,random,float32
13,424.058534,8352,52430573,53.379,random,float32
13,424.592734,5603,52430573,54.848,random,float32
13,425.129606,194,52430573,53.442,random,float32
13,425.667086,3200,52430573,53.434,random,float32
13,426.204010,919,52430573,53.876,random,float32
13,426.757331,8306,52430573,54.120,random,float32
13,427.328215,1141,52430573,57.448,random,float32
13,427.888110,8685,52430573,51.586,random,float32
13,428.417349,1803,52430573,52.398,random,float32
13,428.956873,2620,52430573,51.993,random,float32
13,429.504728,367,52430573,56.004,random,float32
13,430.050847,1377,52430573,54.830,random,float32
13,430.582358,2115,52430573,53.605,random,float32
13,431.121522,85,52430573,54.087,random,float32
13,431.657338,5038,52430573,54.833,random,float32
13,432.205628,1687,52430573,53.344,random,float32
13,432.732598,8648,52430573,53.733,random,float32
13,433.264324,4691,52430573,54.674,random,float32
13,433.810888,8941,52430573,55.377,random,float32
13,434.343170,5995,52430573,54.275,random,float32
13,434.876470,1885,52430573,53.484,random,float32
13,435.404008,4809,52430573,52.771,random,float32
13,435.936439,9694,52430573,53.398,random,float32
13,436.464216,3000,52430573,54.793,random,float32
13,436.990475,6876,52430573,51.108,random,float32
13,437.524948,9157,52430573,58.356,random,float32
13,438.053929,3253,52430573,51.221,random,float32
13,438.585922,4547,52430573,52.197,random,float32
13,439.117362,7389,52430573,51.974,random,float32
13,439.649393,3154,52430573,54.593,random,float32
13,440.184793,1320,52430573,53.908,random,float32
13,440.719715,7091,52430573,52.972,random,float32
13,441.263709,4955,52430573,51.063,random,float32
13,441.806583,4165,52430573,54.313,random,float32
13,442.337391,9768,52430573,52.984,random,float32
13,442.879475,7506,52430573,54.963,random,float32
13,443.421294,1434,52430573,50.720,random,float32
13,443.958579,4861,52430573,56.504,random,float32
13,444.496286,9488,52430573,53.432,random,float32
13,445.022932,5597,52430573,52.511,random,float32
13,445.567871,6743,52430573,55.797,random,float32
13,446.100087,6438,52430573,53.591,random,float32
13,446.629614,6896,52430573,53.301,random,float32
13,447.158333,1027,52430573,55.978,random,float32
13,447.697663,9398,52430573,53.914,random,float32
13,448.239030,3354,52430573,54.276,random,float32
13,448.769072,6226,52430573,51.120,random,float32
13,449.316689,38,52430573,55.845,random,float32
13,449.882504,6001,52430573,56.869,random,float32
13,450.420176,7157,52430573,50.236,random,float32
13,450.961255,8400,52430573,56.309,random,float32
13,451.506663,2065,52430573,55.308,random,float32
13,452.043614,8146,52430573,55.635,random,float32
13,452.596066,3581,52430573,54.457,random,float32
13,453.153891,6364,52430573,53.935,random,float32
13,453.693084,6595,52430573,54.269,random,float32
13,454.247477,4738,52430573,53.287,random,float32
13,454.783643,8610,52430573,54.209,random,float32
13,455.335518,426,52430573,55.961,random,float32
13,455.881915,6816,52430573,54.076,random,float32
13,456.425086,6504,52430573,51.648,random,float32
13,456.962234,5596,52430573,50.736,random,float32
13,457.499431,3212,52430573,52.943,random,float32
13,458.029003,2901,52430573,54.334,random,float32
13,458.556393,3234,52430573,50.624,random,float32
13,459.087444,5818,52430573,54.169,random,float32
13,459.627142,6309,52430573,55.820,random,float32
13,460.190496,2364,52430573,56.508,random,float32
13,460.756906,7828,52430573,56.537,random,float32
13,461.304140,6356,52430573,55.467,random,float32
13,461.843648,8688,52430573,53.081,random,float32
13,462.384953,1949,52430573,54.649,random,float32
13,462.935490,5430,52430573,56.170,random,float32
13,463.486954,2969,52430573,53.784,random,float32
13,464.028305,1197,52430573,52.527,random,float32
13,464.562194,5382,52430573,51.962,random,float32
13,465.097182,3962,52430573,55.277,random,float32
13,465.633385,4817,52430573,53.612,random,float32
13,466.179233,3327,52430573,52.727,random,float32
13,466.703893,9361,52430573,50.972,random,float32
13,467.239981,9885,52430573,55.378,random,float32
13,467.784769,6443,52430573,55.373,random,float32
13,468.324203,1283,52430573,51.329,random,float32
13,468.896916,3791,52430573,58.250,random,float32
13,469.466764,8387,52430573,55.188,random,float32
13,470.005446,6562,52430573,54.728,random,float32
13,470.546886,5092,52430573,52.145,random,float32
13,471.093229,5631,52430573,54.855,random,float32
13,471.630242,2464,52430573,50.886,random,float32
13,472.174177,702,52430573,55.002,random,float32
13,472.703008,5030,52430573,53.529,random,float32
13,473.255654,5670,52430573,56.246,random,float32
13,473.790461,4811,52430573,53.157,random,float32
13,474.321989,5596,52430573,51.254,random,float32
13,474.859304,2085,52430573,53.520,random,float32
13,475.394499,626,52430573,54.442,random,float32
13,475.932266,1930,52430573,52.932,random,float32
13,476.458607,338,52430573,51.794,random,float32
13,477.000967,7677,52430573,52.435,random,float32
13,477.532425,155,52430573,54.166,random,float32
13,478.073539,6402,52430573,56.149,random,float32
13,478.613760,6241,52430573,53.398,random,float32
13,479.169709,3270,52430573,54.079,random,float32
13,479.705177,6486,52430573,56.544,random,float32
13,480.251079,7291,52430573,54.030,random,float32
13,480.804785,4421,52430573,57.347,random,float32
13,481.348383,5763,52430573,55.882,random,float32
13,481.890809,6274,52430573,54.845,random,float32
13,482.441014,4263,52430573,55.240,random,float32
13,482.992800,1237,52430573,52.317,random,float32
13,483.531751,9637,52430573,54.031,random,float32
13,484.062852,6490,52430573,50.688,random,float32
13,484.597851,3172,52430573,53.385,random,float32
13,485.134495,812,52430573,54.202,random,float32
13,485.678209,1414,52430573,53.315,random,float32
13,486.229769,7565,52430573,57.796,random,float32
13,486.771336,1731,52430573,53.665,random,float32
13,487.303347,5165,52430573,54.001,random,float32
13,487.857856,5062,52430573,54.856,random,float32
13,488.392282,5287,52430573,54.012,random,float32
13,488.927400,8568,52430573,51.475,random,float32
13,489.461483,4994,52430573,56.578,random,float32
13,489.987295,1652,52430573,49.557,random,float32
13,490.508309,113,52430573,53.694,random,float32
13,491.035152,4712,52430573,52.067,random,float32
13,491.561465,1614,52430573,52.601,random,float32
13,492.087082,72,52430573,51.882,random,float32
13,492.621861,2325,52430573,52.659,random,float32
13,493.160411,25,52430573,53.714,random,float32
13,493.710210,7287,52430573,56.154,random,float32
13,494.262907,4517,52430573,58.103,random,float32
13,494.814414,7703,52430573,59.549,random,float32
13,495.365625,7143,52430573,52.299,random,float32
13,495.891207,7045,52430573,49.373,random,float32
13,496.410821,7614,52430573,50.243,random,float32
13,496.945968,3610,52430573,54.494,random,float32
13,497.476201,7971,52430573,52.189,random,float32
13,498.006156,2263,52430573,53.180,random,float32
13,498.532166,6052,52430573,51.113,random,float32
13,499.064448,9835,52430573,55.599,random,float32
13,499.600986,2804,52430573,52.594,random,float32
13,500.135843,4726,52430573,54.475,random,float32
13,500.664248,6177,52430573,50.898,random,float32
13,501.198894,4415,52430573,52.437,random,float32
13,501.722879,1791,52430573,54.474,random,float32
13,502.254291,5170,52430573,53.974,random,float32
13,502.784331,1979,52430573,53.684,random,float32
13,503.318625,4939,52430573,52.258,random,float32
13,503.853516,3244,52430573,52.181,random,float32
13,504.379271,7048,52430573,49.882,random,float32
13,504.912242,5384,52430573,54.208,random,float32
13,505.428302,2116,52430573,53.326,random,float32
13,505.954510,8210,52430573,53.714,random,float32
13,506.484004,4450,52430573,53.119,random,float32
13,507.013509,4943,52430573,51.587,random,float32
13,507.547555,8533,52430573,52.010,random,float32
13,508.081283,3306,52430573,49.529,random,float32
13,508.597946,2718,52430573,51.733,random,float32
13,509.139574,3888,52430573,53.535,random,float32
13,509.676258,4658,52430573,50.848,random,float32
13,510.213173,683,52430573,56.170,random,float32
13,510.736738,9811,52430573,53.768,random,float32
13,511.261530,3396,52430573,54.855,random,float32
13,511.783015,471,52430573,50.913,random,float32
13,512.312611,7584,52430573,52.280,random,float32
13,512.849778,9059,52430573,49.490,random,float32
13,513.389187,797,52430573,57.242,random,float32
13,513.920046,5100,52430573,53.365,random,float32
13,514.438010,5841,52430573,52.345,random,float32
13,514.973037,4841,52430573,53.976,random,float32
13,515.514270,1976,52430573,54.987,random,float32
13,516.052487,9725,52430573,53.043,random,float32
13,516.576618,414,52430573,51.464,random,float32
13,517.102267,2249,52430573,51.980,random,float32
13,517.627391,699,52430573,50.102,random,float32
13,518.156575,6269,52430573,51.177,random,float32
13,518.688332,2670,52430573,53.297,random,float32
13,519.222845,3573,52430573,52.528,random,float32
13,519.748289,9787,52430573,53.337,random,float32
13,520.277226,2146,52430573,52.606,random,float32
13,520.807685,3458,52430573,52.771,random,float32
13,521.332067,8241,52430573,52.276,random,float32
13,521.860490,3439,52430573,53.368,random,float32
13,522.396594,5724,52430573,52.831,random,float32
13,522.927109,7472,52430573,50.712,random,float32
13,523.453102,525,52430573,51.941,random,float32
13,523.987755,9228,52430573,52.436,random,float32
13,524.530947,6099,52430573,53.978,random,float32
13,525.037740,9560,52430573,48.033,random,float32
13,525.562729,6642,52430573,53.762,random,float32
13,526.096402,8865,52430573,53.498,random,float32
13,526.621622,7816,52430573,53.020,random,float32
13,527.155233,9502,52430573,55.083,random,float32
13,527.694503,4783,52430573,55.582,random,float32
13,528.254834,8150,52430573,55.125,random,float32
13,528.808462,8635,52430573,54.513,random,float32
13,529.343741,1428,52430573,51.597,random,float32
13,529.870683,2933,52430573,53.771,random,float32
13,530.401715,2678,52430573,51.075,random,float32
13,530.935258,5649,52430573,51.549,random,float32
13,531.459345,1384,52430573,52.283,random,float32
13,531.987282,7682,52430573,53.494,random,float32
13,532.524818,4947,52430573,52.554,random,float32
13,533.053820,3910,52430573,54.989,random,float32
13,533.590824,2395,52430573,54.685,random,float32
13,534.103690,5013,52430573,53.404,random,float32
13,534.637964,9722,52430573,55.072,random,float32
13,535.180221,7202,52430573,54.555,random,float32
13,535.713700,5100,52430573,53.742,random,float32
13,536.252087,5783,52430573,55.675,random,float32
13,536.793772,1919,52430573,52.694,random,float32
13,537.334847,9121,52430573,54.560,random,float32
13,537.867418,8685,52430573,52.847,random,float32
13,538.406915,3188,52430573,53.816,random,float32
13,538.950739,5989,52430573,54.327,random,float32
13,539.486391,988,52430573,55.184,random,float32
13,540.021599,6223,52430573,55.086,random,float32
13,540.568575,3759,52430573,56.029,random,float32
13,541.106494,4294,52430573,54.323,random,float32
13,541.656485,7366,52430573,53.925,random,float32
13,542.195165,6917,52430573,55.026,random,float32
13,542.744484,3495,52430573,55.077,random,float32
13,543.284645,3648,52430573,55.623,random,float32
13,543.829371,2415,52430573,54.079,random,float32
13,544.366689,6703,52430573,51.702,random,float32
13,544.902415,1636,52430573,55.998,random,float32
13,545.426954,8029,52430573,50.298,random,float32
13,545.946978,3652,52430573,52.842,random,float32
13,546.476889,648,52430573,52.771,random,float32
13,547.004715,277,52430573,51.724,random,float32
13,547.536306,1479,52430573,53.346,random,float32
13,548.086350,5094,52430573,53.313,random,float32
13,548.620046,3150,52430573,55.540,random,float32
13,549.158605,8014,52430573,53.343,random,float32
13,549.689008,979,52430573,52.361,random,float32
13,550.218269,5939,52430573,53.557,random,float32
13,550.751994,6532,52430573,52.761,random,float32
13,551.287542,2567,52430573,55.703,random,float32
13,551.820576,9867,52430573,53.289,random,float32
13,552.367095,4752,52430573,55.479,random,float32
13,552.911997,5992,52430573,53.353,random,float32
13,553.459160,9159,52430573,54.855,random,float32
13,553.989562,5028,52430573,53.589,random,float32
13,554.523189,25,52430573,52.816,random,float32
13,555.055775,2002,52430573,54.274,random,float32
13,555.584457,3724,52430573,53.041,random,float32
13,556.116809,1834,52430573,51.938,random,float32
13,556.638253,5938,52430573,54.608,random,float32
13,557.174758,8390,52430573,53.818,random,float32
13,557.702301,778,52430573,54.130,random,float32
13,558.238477,5514,52430573,52.966,random,float32
13,558.778084,9441,52430573,55.078,random,float32
13,559.319954,8021,52430573,53.715,random,float32
13,559.854467,2736,52430573,53.213,random,float32
13,560.392561,4344,52430573,53.835,random,float32
13,560.929110,7754,52430573,54.363,random,float32
13,561.456580,6054,52430573,53.552,random,float32
13,562.013546,1140,52430573,55.375,random,float32
13,562.571934,9413,52430573,55.257,random,float32
13,563.102005,4777,52430573,54.018,random,float32
13,563.641851,3445,52430573,51.960,random,float32
13,564.172952,3765,52430573,54.118,random,float32
13,564.718500,8082,52430573,55.490,random,float32
13,565.259231,9690,52430573,52.627,random,float32
13,565.788657,1322,52430573,54.251,random,float32
13,566.329029,9119,52430573,54.753,random,float32
13,566.873309,9858,52430573,52.560,random,float32
13,567.397603,221,52430573,53.762,random,float32
13,567.931226,667,52430573,54.493,random,float32
13,568.460781,5295,52430573,53.929,random,float32
13,568.999373,1361,52430573,54.341,random,float32
13,569.549731,8374,52430573,52.525,random,float32
13,570.096470,8696,52430573,52.954,random,float32
13,570.633340,7820,52430573,53.543,random,float32
13,571.160417,6096,52430573,53.586,random,float32
13,571.689030,400,52430573,49.578,random,float32
13,572.223201,4701,52430573,52.634,random,float32
13,572.762461,9297,52430573,51.405,random,float32
13,573.288861,9844,52430573,53.053,random,float32
13,573.810767,6599,52430573,52.112,random,float32
13,574.344028,2088,52430573,55.215,random,float32
13,574.868835,8019,52430573,49.245,random,float32
13,575.397567,5919,52430573,56.861,random,float32
13,575.926992,2944,52430573,54.451,random,float32
13,576.453894,241,52430573,54.440,random,float32
13,576.996671,8552,52430573,53.275,random,float32
13,577.505256,7795,52430573,52.457,random,float32
13,578.034845,9525,52430573,54.568,random,float32
13,578.560662,1882,52430573,52.629,random,float32
13,579.087959,4414,52430573,54.686,random,float32
13,579.624412,4744,52430573,54.072,random,float32
13,580.144799,6978,52430573,51.681,random,float32
13,580.664197,4206,52430573,52.424,random,float32
13,581.197557,4017,52430573,52.699,random,float32
13,581.723940,5337,52430573,52.110,random,float32
13,582.256132,5543,52430573,55.102,random,float32
13,582.786220,4290,52430573,52.027,random,float32
13,583.316712,4614,52430573,53.156,random,float32
13,583.855871,906,52430573,53.753,random,float32
13,584.385237,2042,52430573,51.637,random,float32
13,584.913631,1021,52430573,53.822,random,float32
13,585.431401,1565,52430573,52.466,random,float32
13,585.963571,9069,52430573,53.105,random,float32
13,586.496021,3705,52430573,55.495,random,float32
13,587.017504,9620,52430573,54.285,random,float32
13,587.533354,5238,52430573,49.300,random,float32
13,588.063812,3379,52430573,52.938,random,float32
13,588.586459,837,52430573,52.354,random,float32
13,589.112772,4143,52430573,52.373,random,float32
13,589.645302,2359,52430573,56.085,random,float32
13,590.180993,6465,52430573,52.256,random,float32
13,590.707212,3616,52430573,52.594,random,float32
13,591.239058,1937,52430573,54.237,random,float32
13,591.762036,3335,52430573,51.336,random,float32
13,592.302305,4709,52430573,53.860,random,float32
13,592.841272,3263,52430573,52.903,random,float32
13,593.382286,4544,52430573,53.452,random,float32
13,593.904694,9103,52430573,51.168,random,float32
13,594.438781,4863,52430573,57.132,random,float32
13,594.981268,7095,52430573,53.140,random,float32
13,595.511189,4956,52430573,56.135,random,float32
13,596.063063,863,52430573,58.451,random,float32
13,596.623466,8883,52430573,51.357,random,float32
13,597.152816,2125,52430573,54.933,random,float32
13,597.669261,9932,52430573,51.250,random,float32
13,598.207941,8004,52430573,50.483,random,float32
13,598.746468,738,52430573,54.850,random,float32
13,599.288597,7873,52430573,55.073,random,float32
13,599.824538,6647,52430573,53.622,random,float32
13,600.382993,5068,52430573,53.120,random,float32
13,600.930366,4585,52430573,51.680,random,float32
13,601.468934,2529,52430573,52.531,random,float32
13,601.990262,6367,52430573,52.026,random,float32
13,602.527877,1375,52430573,54.671,random,float32
13,603.058507,4438,52430573,51.509,random,float32
13,603.594469,4733,52430573,52.037,random,float32
13,604.129445,6999,52430573,52.365,random,float32
13,604.652320,9283,52430573,48.964,random,float32
13,605.181326,1176,52430573,53.210,random,float32
13,605.710847,5765,52430573,48.167,random,float32
13,606.249966,8630,52430573,53.293,random,float32
13,606.773986,1663,52430573,53.342,random,float32
13,607.311490,5619,52430573,54.985,random,float32
13,607.847343,5045,52430573,56.069,random,float32
13,608.375465,6903,52430573,52.721,random,float32
13,608.907228,6712,52430573,53.967,random,float32
13,609.441088,8776,52430573,57.279,random,float32
13,609.977262,9228,52430573,56.565,random,float32
13,610.519330,2446,52430573,55.082,random,float32
13,611.064930,4778,52430573,57.110,random,float32
13,611.597110,4271,52430573,52.387,random,float32
13,612.128454,1264,52430573,53.145,random,float32
13,612.673645,8505,52430573,54.191,random,float32
13,613.235160,8862,52430573,55.634,random,float32
13,613.792230,557,52430573,54.633,random,float32
13,614.352832,8141,52430573,54.095,random,float32
13,614.891878,5426,52430573,53.856,random,float32
13,615.441569,7320,52430573,56.688,random,float32
13,615.996350,2060,52430573,55.093,random,float32
13,616.552536,4829,52430573,54.584,random,float32
13,617.109967,2302,52430573,53.937,random,float32
13,617.644430,6744,52430573,52.855,random,float32
13,618.177562,7702,52430573,53.205,random,float32
13,618.722047,5963,52430573,54.253,random,float32
13,619.262917,3780,52430573,54.443,random,float32
13,619.811735,7372,52430573,56.259,random,float32
13,620.352574,2882,52430573,49.229,random,float32
13,620.877727,2201,52430573,53.147,random,float32
13,621.402576,5,52430573,54.919,random,float32
13,621.928025,5604,52430573,54.349,random,float32
13,622.454366,2512,52430573,50.962,random,float32
13,622.982093,815,52430573,52.669,random,float32
13,623.521419,2237,52430573,53.608,random,float32
13,624.054895,4760,52430573,54.305,random,float32
13,624.595788,1904,52430573,54.920,random,float32
13,625.134171,6347,52430573,52.624,random,float32
13,625.670788,883,52430573,53.333,random,float32
13,626.211094,7016,52430573,53.610,random,float32
13,626.739909,7218,52430573,51.055,random,float32
13,627.262291,8995,52430573,53.566,random,float32
13,627.790605,4497,52430573,50.842,random,float32
13,628.322149,8678,52430573,53.896,random,float32
13,628.849053,4284,52430573,56.224,random,float32
13,629.378757,7320,52430573,54.349,random,float32
13,629.914578,136,52430573,53.921,random,float32
13,630.448675,2371,52430573,54.683,random,float32
13,630.973341,6683,52430573,51.090,random,float32
13,631.500149,7366,52430573,52.226,random,float32
13,632.041550,8651,52430573,52.446,random,float32
13,632.577765,189,52430573,52.444,random,float32
13,633.110760,5657,52430573,53.743,random,float32
13,633.652993,2736,52430573,55.187,random,float32
13,634.208483,9919,52430573,55.286,random,float32
13,634.749370,43,52430573,52.423,random,float32
13,635.295241,4954,52430573,54.823,random,float32
13,635.843414,9661,52430573,54.700,random,float32
13,636.380885,2398,52430573,53.623,random,float32
13,636.913642,2671,52430573,52.204,random,float32
13,637.440923,9798,52430573,51.639,random,float32
13,637.979358,9759,52430573,53.511,random,float32
13,638.507381,8094,52430573,54.068,random,float32
13,639.039792,4925,52430573,52.477,random,float32
13,639.580376,3705,52430573,55.761,random,float32
13,640.123376,106,52430573,51.518,random,float32
13,640.663668,5720,52430573,53.124,random,float32
13,641.197441,5065,52430573,54.766,random,float32
13,641.734801,1086,52430573,55.137,random,float32
13,642.268751,1523,52430573,52.198,random,float32
13,642.807695,7763,52430573,52.935,random,float32
13,643.339570,5093,52430573,54.199,random,float32
13,643.879579,3722,52430573,55.466,random,float32
13,644.414876,8574,52430573,55.794,random,float32
13,644.953730,9569,52430573,54.463,random,float32
13,645.490348,974,52430573,54.459,random,float32
13,646.014833,444,52430573,50.949,random,float32
13,646.545147,4450,52430573,53.064,random,float32
13,647.077495,7664,52430573,52.374,random,float32
13,647.608459,2046,52430573,51.077,random,float32
13,648.141461,7443,52430573,51.206,random,float32
13,648.677947,4155,52430573,53.732,random,float32
13,649.209450,8319,52430573,57.371,random,float32
13,649.735722,5923,52430573,54.410,random,float32
13,650.274272,3839,52430573,54.740,random,float32
13,650.810501,3176,52430573,54.173,random,float32
13,651.348683,1111,52430573,52.030,random,float32
13,651.883703,4991,52430573,53.489,random,float32
13,652.424974,1069,52430573,54.513,random,float32
13,652.953460,6312,52430573,52.971,random,float32
13,653.497507,2132,52430573,54.662,random,float32
13,654.048665,2237,52430573,54.422,random,float32
13,654.598012,418,52430573,55.685,random,float32
13,655.135366,4886,52430573,53.154,random,float32
13,655.681516,4282,52430573,54.226,random,float32
13,656.241513,3347,52430573,53.930,random,float32
13,656.790352,3924,52430573,54.241,random,float32
13,657.325989,2414,52430573,53.733,random,float32
13,657.861845,9177,52430573,51.447,random,float32
13,658.416518,2640,52430573,55.204,random,float32
13,658.967447,5463,52430573,55.020,random,float32
13,659.515301,9323,52430573,55.819,random,float32
13,660.066018,9852,52430573,54.214,random,float32
13,660.617733,4659,52430573,55.618,random,float32
13,661.162144,6020,52430573,52.344,random,float32
13,661.699199,257,52430573,54.843,random,float32
13,662.252336,4157,52430573,52.411,random,float32
13,662.806403,4136,52430573,57.737,random,float32
13,663.337279,6319,52430573,51.679,random,float32
13,663.868527,3144,52430573,53.564,random,float32
13,664.417159,1562,52430573,54.009,random,float32
13,664.961173,9634,52430573,56.006,random,float32
13,665.504726,6604,52430573,55.219,random,float32
13,666.038380,7339,52430573,53.551,random,float32
13,666.587371,2712,52430573,56.766,random,float32
13,667.135975,8655,52430573,54.532,random,float32
13,667.680234,7080,52430573,54.330,random,float32
13,668.213261,136,52430573,51.165,random,float32
13,668.748255,9393,52430573,54.961,random,float32
13,669.274784,6215,52430573,52.476,random,float32
13,669.813323,5765,52430573,52.031,random,float32
13,670.365050,1211,52430573,55.457,random,float32
13,670.911333,8601,52430573,57.269,random,float32
13,671.460283,9597,52430573,53.390,random,float32
13,672.003163,3533,52430573,53.377,random,float32
13,672.554846,855,52430573,56.175,random,float32
13,673.110768,4444,52430573,56.520,random,float32
13,673.638419,2047,52430573,50.380,random,float32
13,674.164240,4824,52430573,53.471,random,float32
13,674.700748,7177,52430573,54.837,random,float32
13,675.237776,3149,52430573,52.573,random,float32
13,675.772812,6579,52430573,51.835,random,float32
13,676.297987,1048,52430573,51.500,random,float32
13,676.830809,9897,52430573,55.798,random,float32
13,677.367520,8134,52430573,54.221,random,float32
13,677.897390,5467,52430573,55.696,random,float32
13,678.437601,2142,52430573,53.613,random,float32
13,678.974612,1330,52430573,53.542,random,float32
13,679.494720,4017,52430573,52.909,random,float32
13,680.021448,5663,52430573,47.130,random,float32
13,680.553091,2324,52430573,55.159,random,float32
13,681.094408,9859,52430573,55.474,random,float32
13,681.625610,6431,52430573,51.018,random,float32
13,682.143943,3501,52430573,54.011,random,float32
13,682.665181,2852,52430573,51.346,random,float32
13,683.191966,365,52430573,51.315,random,float32
13,683.731759,492,52430573,52.839,random,float32
13,684.261719,473,52430573,53.796,random,float32
13,684.789865,6492,52430573,55.523,random,float32
13,685.323145,6029,52430573,52.323,random,float32
13,685.866070,7354,52430573,52.607,random,float32
13,686.405652,137,52430573,54.836,random,float32
13,686.959444,6341,52430573,52.309,random,float32
13,687.494507,1472,52430573,54.497,random,float32
13,688.026869,6732,52430573,50.297,random,float32
13,688.562676,7541,52430573,54.404,random,float32
13,689.099678,5274,52430573,53.438,random,float32
13,689.634375,3912,52430573,52.917,random,float32
13,690.170034,6712,52430573,55.031,random,float32
13,690.714638,6570,52430573,57.914,random,float32
13,691.251816,526,52430573,52.766,random,float32
13,691.790460,780,52430573,55.131,random,float32
13,692.322057,7362,52430573,54.331,random,float32
13,692.843994,6480,52430573,47.860,random,float32
13,693.387194,7692,52430573,54.017,random,float32
13,693.909440,7284,52430573,54.120,random,float32
13,694.444484,4287,52430573,54.603,random,float32
13,694.972429,347,52430573,53.486,random,float32
13,695.499830,3154,52430573,54.433,random,float32
13,696.031615,5217,52430573,52.634,random,float32
13,696.563349,705,52430573,52.861,random,float32
13,697.092698,8657,52430573,50.913,random,float32
13,697.617964,7796,52430573,54.597,random,float32
13,698.144767,578,52430573,50.020,random,float32
13,698.667784,5502,52430573,51.947,random,float32
13,699.203450,4218,52430573,55.063,random,float32
13,699.739036,1537,52430573,55.102,random,float32
13,700.284929,86,52430573,54.422,random,float32
13,700.841656,633,52430573,52.901,random,float32
13,701.379782,2914,52430573,52.676,random,float32
13,701.898744,4300,52430573,51.862,random,float32
13,702.431404,6830,52430573,53.009,random,float32
13,702.961865,5888,52430573,53.713,random,float32
13,703.485392,1113,52430573,54.072,random,float32
13,704.009441,5737,52430573,50.426,random,float32
13,704.543699,1490,52430573,54.150,random,float32
13,705.079292,1175,52430573,52.765,random,float32
13,705.616953,842,52430573,51.235,random,float32
13,706.134115,1819,52430573,53.663,random,float32
13,706.679030,9955,52430573,54.677,random,float32
13,707.213872,5092,52430573,50.802,random,float32
13,707.751744,4165,52430573,55.514,random,float32
13,708.305082,1157,52430573,55.315,random,float32
13,708.850564,6695,52430573,57.129,random,float32
13,709.398961,2530,52430573,51.617,random,float32
13,709.936489,7419,52430573,53.876,random,float32
13,710.472988,4398,52430573,55.996,random,float32
13,711.002231,9843,52430573,55.245,random,float32
13,711.532634,3763,52430573,53.013,random,float32
13,712.070009,876,52430573,51.836,random,float32
13,712.598626,8800,52430573,54.680,random,float32
13,713.119527,4886,52430573,52.382,random,float32
13,713.651206,7643,52430573,55.314,random,float32
13,714.184454,9476,52430573,52.373,random,float32
13,714.707540,9220,52430573,52.427,random,float32
13,715.233529,5469,52430573,50.791,random,float32
13,715.785704,5175,52430573,54.690,random,float32
13,716.329818,5649,52430573,54.878,random,float32
13,716.878876,6753,52430573,51.437,random,float32
13,717.423350,2981,52430573,53.728,random,float32
13,717.979205,8681,52430573,56.461,random,float32
13,718.540387,352,52430573,56.103,random,float32
13,719.095159,2716,52430573,55.593,random,float32
13,719.647676,1450,52430573,54.490,random,float32
13,720.189828,202,52430573,51.789,random,float32
13,720.738523,6116,52430573,53.835,random,float32
13,721.280721,5610,52430573,54.863,random,float32
13,721.818565,5852,52430573,55.480,random,float32
13,722.368789,7082,52430573,57.608,random,float32
13,722.907941,3912,52430573,52.754,random,float32
13,723.436698,1770,52430573,53.025,random,float32
13,723.986096,595,52430573,55.309,random,float32
13,724.517168,4795,52430573,56.143,random,float32
13,725.065226,7854,52430573,54.220,random,float32
13,725.620067,2502,52430573,55.583,random,float32
13,726.170051,2548,52430573,55.061,random,float32
13,726.722973,9484,52430573,57.493,random,float32
13,727.262931,6893,52430573,52.247,random,float32
13,727.791836,8532,52430573,54.505,random,float32
13,728.324376,7695,52430573,54.250,random,float32
13,728.884286,9713,52430573,54.477,random,float32
13,729.426676,5726,52430573,53.221,random,float32
13,729.969409,6024,52430573,56.437,random,float32
13,730.528825,2122,52430573,55.946,random,float32
13,731.069642,9455,52430573,54.127,random,float32
13,731.623903,6419,52430573,57.978,random,float32
13,732.171921,1837,52430573,55.926,random,float32
13,732.721389,1387,52430573,55.841,random,float32
13,733.290910,9346,52430573,60.166,random,float32
13,733.859594,3933,52430573,54.300,random,float32
13,734.413279,4140,52430573,55.616,random,float32
13,734.976386,1986,52430573,60.960,random,float32
13,735.526437,6785,52430573,55.036,random,float32
13,736.067271,3143,52430573,53.845,random,float32
13,736.617054,9335,52430573,54.358,random,float32
13,737.154729,921,52430573,53.420,random,float32
13,737.709909,5544,52430573,57.410,random,float32
13,738.262272,1218,52430573,55.176,random,float32
13,738.818098,3075,52430573,55.780,random,float32
13,739.379890,149,52430573,56.280,random,float32
13,739.917316,9594,52430573,51.335,random,float32
13,740.463583,1788,52430573,54.404,random,float32
13,740.996116,6343,52430573,53.671,random,float32
13,741.528550,7545,52430573,52.258,random,float32
13,742.062894,174,52430573,53.156,random,float32
13,742.604716,5735,52430573,56.079,random,float32
13,743.141435,6961,52430573,56.920,random,float32
13,743.680855,3890,52430573,54.080,random,float32
13,744.213023,5873,52430573,51.759,random,float32
13,744.740965,497,52430573,54.822,random,float32
13,745.279374,9107,52430573,53.973,random,float32
13,745.812112,1295,52430573,51.410,random,float32
13,746.341862,9267,52430573,53.244,random,float32
13,746.876321,5508,52430573,53.613,random,float32
13,747.422711,4140,52430573,54.567,random,float32
13,747.968452,69,52430573,55.527,random,float32
13,748.520840,7693,52430573,53.187,random,float32
13,749.063367,2219,52430573,56.504,random,float32
13,749.600556,8435,52430573,51.577,random,float32
13,750.136805,9631,52430573,50.634,random,float32
13,750.668345,7938,52430573,52.313,random,float32
13,751.200042,2221,52430573,54.792,random,float32
13,751.749925,6456,52430573,55.212,random,float32
13,752.285811,8822,52430573,54.921,random,float32
13,752.815298,263,52430573,53.112,random,float32
13,753.353281,3965,52430573,52.931,random,float32
13,753.894365,394,52430573,53.816,random,float32
13,754.437836,1211,52430573,53.137,random,float32
13,754.962615,1245,52430573,53.382,random,float32
13,755.486634,9470,52430573,52.765,random,float32
13,756.017149,5621,52430573,54.058,random,float32
13,756.543801,4545,52430573,54.530,random,float32
13,757.079998,9596,52430573,53.982,random,float32
13,757.608486,2505,52430573,53.120,random,float32
13,758.139515,4940,52430573,54.189,random,float32
13,758.670928,4468,52430573,51.144,random,float32
13,759.204322,2486,52430573,54.075,random,float32
13,759.734111,6105,52430573,53.891,random,float32
13,760.286302,8368,52430573,55.258,random,float32
13,760.822918,9176,52430573,50.142,random,float32
13,761.365293,2016,52430573,53.557,random,float32
13,761.900935,1912,52430573,54.978,random,float32
13,762.457268,216,52430573,53.885,random,float32
13,762.989682,8639,52430573,52.100,random,float32
13,763.507953,4472,52430573,50.524,random,float32
13,764.045072,1833,52430573,57.926,random,float32
13,764.559452,4578,52430573,52.307,random,float32
13,765.086067,2386,52430573,55.676,random,float32
13,765.619208,670,52430573,54.301,random,float32
13,766.148822,4896,52430573,55.542,random,float32
13,766.707398,7081,52430573,57.023,random,float32
13,767.259550,6068,52430573,54.162,random,float32
13,767.793471,8739,52430573,53.845,random,float32
13,768.326433,8365,52430573,53.359,random,float32
13,768.857166,6328,52430573,51.981,random,float32
13,769.393596,7621,52430573,53.265,random,float32
13,769.938610,9563,52430573,54.474,random,float32
13,770.480022,4739,52430573,51.615,random,float32
13,771.012921,9003,52430573,52.927,random,float32
13,771.542916,1736,52430573,54.701,random,float32
13,772.079037,9490,52430573,54.479,random,float32
13,772.641429,4441,52430573,53.105,random,float32
13,773.184050,1256,52430573,53.755,random,float32
13,773.732121,5296,52430573,55.298,random,float32
13,774.286155,571,52430573,52.867,random,float32
13,774.820839,2495,52430573,51.987,random,float32
13,775.348915,1207,52430573,52.163,random,float32
13,775.877722,1117,52430573,52.727,random,float32
13,776.411209,6385,52430573,57.263,random,float32
13,776.949705,3807,52430573,54.923,random,float32
13,777.482559,1646,52430573,51.949,random,float32
13,778.016079,1381,52430573,54.602,random,float32
13,778.562216,4170,52430573,51.601,random,float32
13,779.096292,2125,52430573,53.745,random,float32
13,779.621942,9286,52430573,50.129,random,float32
13,780.148678,9379,52430573,50.734,random,float32
13,780.673163,5406,52430573,50.869,random,float32
13,781.196285,8743,52430573,52.103,random,float32
13,781.712395,3028,52430573,48.815,random,float32
13,782.250348,9712,52430573,55.781,random,float32
13,782.780143,9353,52430573,50.145,random,float32
13,783.318865,2819,52430573,54.559,random,float32
13,783.849698,8696,52430573,52.389,random,float32
13,784.377211,6441,52430573,52.177,random,float32
13,784.929846,6212,52430573,55.318,random,float32
13,785.483130,8692,52430573,53.197,random,float32
13,786.015580,8117,52430573,54.091,random,float32
13,786.550854,2562,52430573,54.690,random,float32
13,787.092006,924,52430573,53.509,random,float32
13,787.642530,9992,52430573,56.171,random,float32
13,788.174529,414,52430573,51.463,random,float32
13,788.704080,5069,52430573,54.613,random,float32
13,789.239996,2723,52430573,54.355,random,float32
13,789.778973,2611,52430573,52.871,random,float32
13,790.332239,782,52430573,54.009,random,float32
13,790.864405,1893,52430573,55.205,random,float32
13,791.399060,9139,52430573,53.643,random,float32
13,791.932073,4482,52430573,49.397,random,float32
13,792.463886,4771,52430573,54.047,random,float32
13,793.001710,800,52430573,54.359,random,float32
13,793.551793,3199,52430573,54.949,random,float32
13,794.105679,317,52430573,55.594,random,float32
13,794.636401,7779,52430573,54.631,random,float32
13,795.167226,1951,52430573,54.823,random,float32
13,795.700425,7096,52430573,53.455,random,float32
13,796.243683,2967,52430573,53.015,random,float32
13,796.764805,1873,52430573,50.407,random,float32
13,797.302613,7247,52430573,56.163,random,float32
13,797.853278,618,52430573,58.369,random,float32
13,798.397540,2567,52430573,55.886,random,float32
13,798.932102,8210,52430573,52.189,random,float32
13,799.472312,4808,52430573,56.146,random,float32
13,800.041146,846,52430573,59.971,random,float32
13,800.606267,4511,52430573,57.023,random,float32
13,801.145153,2828,52430573,54.629,random,float32
13,801.699576,9428,52430573,53.975,random,float32
13,802.243644,8070,52430573,53.856,random,float32
13,802.789669,4858,52430573,55.563,random,float32
13,803.316999,133,52430573,55.525,random,float32
13,803.854638,3063,52430573,51.104,random,float32
13,804.388935,5630,52430573,53.953,random,float32
13,804.914582,8202,52430573,52.775,random,float32
13,805.449605,2908,52430573,52.324,random,float32
13,805.978997,4497,52430573,51.523,random,float32
13,806.510667,7886,52430573,53.798,random,float32
13,807.045869,1332,52430573,53.919,random,float32
13,807.587323,9410,52430573,53.738,random,float32
13,808.120703,4441,52430573,52.830,random,float32
13,808.654617,2001,52430573,52.825,random,float32
13,809.195861,688,52430573,51.779,random,float32
13,809.726807,9676,52430573,53.962,random,float32
13,810.253543,8893,52430573,49.078,random,float32
13,810.780711,256,52430573,55.143,random,float32
13,811.310404,6684,52430573,54.678,random,float32
13,811.832042,4863,52430573,51.577,random,float32
13,812.363310,7542,52430573,54.120,random,float32
13,812.901240,5958,52430573,53.468,random,float32
13,813.418588,5641,52430573,49.097,random,float32
13,813.944179,5208,52430573,53.961,random,float32
13,814.469010,5329,52430573,53.872,random,float32
13,815.008151,5881,52430573,51.882,random,float32
13,815.542960,6086,52430573,52.841,random,float32
13,816.069971,7860,52430573,54.762,random,float32
13,816.602175,4451,52430573,52.309,random,float32
13,817.146565,7812,52430573,53.074,random,float32
13,817.679465,4816,52430573,54.405,random,float32
13,818.208674,6496,52430573,51.565,random,float32
13,818.736917,1652,52430573,51.115,random,float32
13,819.267174,4461,52430573,54.812,random,float32
13,819.795204,4238,52430573,50.328,random,float32
13,820.302680,7815,52430573,49.505,random,float32
13,820.813858,3260,52430573,50.436,random,float32
13,821.348991,4152,52430573,52.722,random,float32
13,821.884398,4436,52430573,56.240,random,float32
13,822.418572,74,52430573,52.951,random,float32
13,822.941265,3008,52430573,49.729,random,float32
13,823.459022,4213,52430573,54.213,random,float32
13,823.986059,5803,52430573,53.835,random,float32
13,824.519696,6313,52430573,52.483,random,float32
13,825.049124,5015,52430573,53.991,random,float32
13,825.581638,9413,52430573,56.493,random,float32
13,826.122103,4843,52430573,53.744,random,float32
13,826.657223,8754,52430573,54.476,random,float32
13,827.209900,3528,52430573,53.942,random,float32
13,827.743856,6100,52430573,54.074,random,float32
13,828.284362,6993,52430573,51.666,random,float32
13,828.831549,3406,52430573,52.389,random,float32
13,829.375299,5640,52430573,53.276,random,float32
13,829.908985,9848,52430573,54.369,random,float32
13,830.431826,9641,52430573,51.460,random,float32
13,830.977614,9986,52430573,56.075,random,float32
13,831.522456,4378,52430573,52.534,random,float32
13,832.063216,4616,52430573,56.977,random,float32
13,832.613766,1508,52430573,55.236,random,float32
13,833.166123,1900,52430573,54.381,random,float32
13,833.727226,4835,52430573,52.566,random,float32
13,834.278935,9946,52430573,54.712,random,float32
13,834.828414,101,52430573,53.604,random,float32
13,835.379348,6235,52430573,53.624,random,float32
13,835.912158,3582,52430573,55.812,random,float32
13,836.441826,2076,52430573,53.013,random,float32
13,836.976438,7529,52430573,51.664,random,float32
13,837.513595,120,52430573,55.087,random,float32
13,838.056128,6838,52430573,52.652,random,float32
13,838.588305,5858,52430573,54.137,random,float32
13,839.124621,8662,52430573,54.698,random,float32
13,839.657545,8439,52430573,54.335,random,float32
13,840.200665,6483,52430573,54.089,random,float32
13,840.736274,125,52430573,55.779,random,float32
13,841.274319,8379,52430573,52.439,random,float32
13,841.797347,9378,52430573,53.826,random,float32
13,842.342477,7873,52430573,56.653,random,float32
13,842.872441,9678,52430573,54.497,random,float32
13,843.411509,9451,52430573,55.538,random,float32
13,843.950692,4524,52430573,54.130,random,float32
13,844.492084,825,52430573,55.131,random,float32
13,845.042151,9849,52430573,56.611,random,float32
13,845.572502,7638,52430573,52.596,random,float32
13,846.111986,7440,52430573,50.252,random,float32
13,846.640779,6824,52430573,54.640,random,float32
13,847.160365,4187,52430573,52.619,random,float32
13,847.687111,9569,52430573,52.661,random,float32
13,848.230292,1750,52430573,53.396,random,float32
13,848.770279,6417,52430573,53.999,random,float32
13,849.305759,1380,52430573,53.986,random,float32
13,849.834412,9115,52430573,53.767,random,float32
13,850.368718,3600,52430573,52.546,random,float32
13,850.906675,6156,52430573,54.435,random,float32
13,851.437874,2478,52430573,54.972,random,float32
13,851.980058,6616,52430573,56.633,random,float32
13,852.515300,9724,52430573,54.363,random,float32
13,853.050553,571,52430573,52.945,random,float32
13,853.582685,9327,52430573,53.016,random,float32
13,854.126814,3540,52430573,54.216,random,float32
13,854.665434,18,52430573,56.476,random,float32
13,855.201287,1316,52430573,53.192,random,float32
13,855.749364,2766,52430573,54.569,random,float32
13,856.300081,376,52430573,53.000,random,float32
13,856.849691,6885,52430573,54.927,random,float32
13,857.398657,4196,52430573,54.895,random,float32
13,857.942728,196,52430573,54.242,random,float32
13,858.484974,2227,52430573,54.751,random,float32
13,859.024365,2922,52430573,55.885,random,float32
13,859.569701,4740,52430573,54.775,random,float32
13,860.117258,3753,52430573,53.600,random,float32
13,860.666707,1227,52430573,55.315,random,float32
13,861.197896,3165,52430573,50.776,random,float32
13,861.724862,7470,52430573,51.308,random,float32
13,862.255332,8784,52430573,54.188,random,float32
13,862.797566,5246,52430573,54.799,random,float32
13,863.343165,9077,52430573,55.857,random,float32
13,863.886687,4231,52430573,55.690,random,float32
13,864.427615,4005,52430573,55.258,random,float32
13,864.956731,4729,52430573,54.733,random,float32
13,865.500342,7990,52430573,54.402,random,float32
13,866.030403,6440,52430573,52.566,random,float32
13,866.588737,7033,52430573,56.125,random,float32
13,867.150446,8174,52430573,54.737,random,float32
13,867.693450,5270,52430573,54.827,random,float32
13,868.235393,441,52430573,52.232,random,float32
13,868.768422,7497,52430573,53.559,random,float32
13,869.302326,1729,52430573,52.121,random,float32
13,869.845837,2231,52430573,52.990,random,float32
13,870.390638,1081,52430573,55.120,random,float32
13,870.922114,3838,52430573,52.040,random,float32
13,871.460048,6657,52430573,53.580,random,float32
13,871.981946,943,52430573,51.099,random,float32
13,872.520398,5751,52430573,54.489,random,float32
13,873.037723,4573,52430573,51.397,random,float32
13,873.584927,6385,52430573,53.908,random,float32
13,874.118297,2894,52430573,57.211,random,float32
13,874.645352,4332,52430573,52.070,random,float32
13,875.191154,6515,52430573,56.923,random,float32
13,875.719673,6612,52430573,53.599,random,float32
13,876.252563,7303,52430573,51.273,random,float32
13,876.784136,6602,52430573,55.212,random,float32
13,877.306642,7348,52430573,53.181,random,float32
13,877.829245,5206,52430573,52.932,random,float32
13,878.358985,8333,52430573,56.052,random,float32
13,878.907411,6996,52430573,54.889,random,float32
13,879.448425,4517,52430573,55.601,random,float32
13,879.985887,3140,52430573,55.667,random,float32
13,880.524486,2397,52430573,55.437,random,float32
13,881.059259,8515,52430573,50.274,random,float32
13,881.589003,9736,52430573,53.314,random,float32
13,882.128687,1093,52430573,51.592,random,float32
13,882.663336,9007,52430573,53.514,random,float32
13,883.187436,593,52430573,53.718,random,float32
13,883.732236,7880,52430573,53.361,random,float32
13,884.260014,3902,52430573,51.990,random,float32
13,884.800582,3046,52430573,50.765,random,float32
13,885.332893,2907,52430573,53.458,random,float32
13,885.864788,6758,52430573,55.562,random,float32
13,886.395290,8675,52430573,52.909,random,float32
13,886.927071,6380,52430573,52.246,random,float32
13,887.465168,4485,52430573,55.128,random,float32
13,887.994996,5766,52430573,53.398,random,float32
13,888.517990,4206,52430573,51.400,random,float32
13,889.049404,5119,52430573,56.540,random,float32
13,889.588505,790,52430573,55.284,random,float32
13,890.120561,8516,52430573,55.072,random,float32
13,890.649354,4587,52430573,51.957,random,float32
13,891.184037,3651,52430573,55.314,random,float32
13,891.713619,6794,52430573,51.019,random,float32
13,892.257614,1273,52430573,53.374,random,float32
13,892.785673,4499,52430573,50.154,random,float32
13,893.317522,3512,52430573,53.171,random,float32
13,893.861279,2263,52430573,55.094,random,float32
13,894.399609,1078,52430573,53.490,random,float32
13,894.944101,2305,52430573,53.905,random,float32
13,895.465897,2050,52430573,53.972,random,float32
13,896.005890,5672,52430573,48.981,random,float32
13,896.544658,8473,52430573,51.415,random,float32
13,897.064195,1275,52430573,52.395,random,float32
13,897.583926,2514,52430573,51.260,random,float32
13,898.113470,272,52430573,51.291,random,float32
13,898.648245,1855,52430573,55.904,random,float32
13,899.174523,6275,52430573,52.105,random,float32
13,899.714011,2943,52430573,55.199,random,float32
14,300.480773,2733,52430573,54.049,random,float32
14,301.016234,4679,52430573,55.605,random,float32
14,301.550927,6924,52430573,50.031,random,float32
14,302.090185,1687,52430573,69.457,random,float32
14,302.615271,8103,52430573,54.829,random,float32
14,303.195877,6090,52430573,52.253,random,float32
14,303.747365,641,52430573,54.223,random,float32
14,304.278687,5435,52430573,54.550,random,float32
14,304.802509,8838,52430573,50.895,random,float32
14,305.339513,5870,52430573,53.598,random,float32
14,305.888020,7538,52430573,55.443,random,float32
14,306.438800,8171,52430573,55.249,random,float32
14,306.996899,6173,52430573,53.834,random,float32
14,307.545507,3067,52430573,54.679,random,float32
14,308.100654,1056,52430573,53.328,random,float32
14,308.646435,4108,52430573,53.475,random,float32
14,309.187838,7208,52430573,55.182,random,float32
14,309.745103,2157,52430573,56.784,random,float32
14,310.288377,10,52430573,53.236,random,float32
14,310.831528,2864,52430573,53.781,random,float32
14,311.377039,2915,52430573,54.656,random,float32
14,311.933974,4636,52430573,54.422,random,float32
14,312.477581,4844,52430573,52.348,random,float32
14,313.009829,736,52430573,55.561,random,float32
14,313.550637,8413,52430573,55.828,random,float32
14,314.091752,6330,52430573,53.442,random,float32
14,314.623536,7950,52430573,52.552,random,float32
14,315.146928,6502,52430573,55.085,random,float32
14,315.679121,6027,52430573,54.182,random,float32
14,316.221184,4842,52430573,55.895,random,float32
14,316.758515,4619,52430573,54.410,random,float32
14,317.304928,1299,52430573,53.797,random,float32
14,317.859752,4099,52430573,55.064,random,float32
14,318.391566,8576,52430573,52.013,random,float32
14,318.929779,2882,52430573,50.891,random,float32
14,319.469503,8978,52430573,55.759,random,float32
14,320.023032,1573,52430573,62.983,random,float32
14,320.566713,3671,52430573,56.056,random,float32
14,321.112183,6939,52430573,53.001,random,float32
14,321.650673,7939,52430573,54.061,random,float32
14,322.189632,245,52430573,55.051,random,float32
14,322.731159,2688,52430573,53.462,random,float32
14,323.265274,3775,52430573,50.692,random,float32
14,323.795367,6549,52430573,54.245,random,float32
14,324.343310,3896,52430573,55.691,random,float32
14,324.894846,6102,52430573,54.816,random,float32
14,325.457185,3705,52430573,56.866,random,float32
14,325.993093,1897,52430573,50.165,random,float32
14,326.533073,6161,52430573,52.173,random,float32
14,327.077728,2771,52430573,54.889,random,float32
14,327.607089,5519,52430573,52.921,random,float32
14,328.140344,3526,52430573,51.335,random,float32
14,328.681347,259,52430573,54.101,random,float32
14,329.226379,9462,52430573,54.122,random,float32
14,329.774993,7731,52430573,54.222,random,float32
14,330.312225,4489,52430573,55.374,random,float32
14,330.845776,1755,52430573,53.311,random,float32
14,331.403020,2,52430573,55.272,random,float32
14,331.933730,650,52430573,55.153,random,float32
14,332.511958,8894,52430573,56.819,random,float32
14,333.074842,1059,52430573,53.678,random,float32
14,333.633217,7155,52430573,54.827,random,float32
14,334.184097,3490,52430573,56.907,random,float32
14,334.727731,4695,52430573,55.218,random,float32
14,335.277133,3253,52430573,51.765,random,float32
14,335.817189,184,52430573,53.311,random,float32
14,336.368570,8490,52430573,53.093,random,float32
14,336.908784,3033,52430573,52.912,random,float32
14,337.457248,8553,52430573,58.892,random,float32
14,338.010106,97,52430573,56.673,random,float32
14,338.558015,7669,52430573,56.107,random,float32
14,339.107437,8074,52430573,54.456,random,float32
14,339.657356,781,52430573,53.831,random,float32
14,340.201043,5825,52430573,52.209,random,float32
14,340.755398,3104,52430573,55.362,random,float32
14,341.296636,6332,52430573,53.525,random,float32
14,341.846845,5498,52430573,53.490,random,float32
14,342.401880,2036,52430573,55.045,random,float32
14,342.946125,7506,52430573,54.669,random,float32
14,343.503192,9355,52430573,51.597,random,float32
14,344.039780,1414,52430573,52.161,random,float32
14,344.590311,4179,52430573,56.798,random,float32
14,345.137976,1371,52430573,57.293,random,float32
14,345.700607,873,52430573,56.154,random,float32
14,346.240877,5337,52430573,52.807,random,float32
14,346.797850,1874,52430573,54.180,random,float32
14,347.342672,9671,52430573,53.640,random,float32
14,347.898505,2590,52430573,54.415,random,float32
14,348.437845,6432,52430573,55.238,random,float32
14,348.979399,554,52430573,54.807,random,float32
14,349.535226,4631,52430573,55.971,random,float32
14,350.080834,3363,52430573,53.257,random,float32
14,350.620726,891,52430573,54.718,random,float32
14,351.173272,4022,52430573,55.035,random,float32
14,351.730469,8142,52430573,56.624,random,float32
14,352.281941,1081,52430573,54.591,random,float32
14,352.829336,2988,52430573,54.052,random,float32
14,353.366947,4270,52430573,52.212,random,float32
14,353.913015,9395,52430573,55.854,random,float32
14,354.459764,8615,52430573,56.303,random,float32
14,355.000803,9450,52430573,53.611,random,float32
14,355.558096,9223,52430573,58.808,random,float32
14,356.125910,4422,52430573,59.545,random,float32
14,356.665511,90,52430573,54.848,random,float32
14,357.213612,5504,52430573,56.377,random,float32
14,357.768477,854,52430573,57.630,random,float32
14,358.339358,6481,52430573,55.653,random,float32
14,358.907433,1286,52430573,54.985,random,float32
14,359.464409,4837,52430573,56.071,random,float32
14,360.027334,6589,52430573,55.916,random,float32
14,360.559592,4871,52430573,53.199,random,float32
14,361.107227,6402,52430573,58.351,random,float32
14,361.647237,9369,52430573,55.424,random,float32
14,362.173123,4036,52430573,53.714,random,float32
14,362.718233,2897,52430573,54.094,random,float32
14,363.261116,2937,52430573,55.961,random,float32
14,363.796743,806,52430573,55.352,random,float32
14,364.352225,723,52430573,53.782,random,float32
14,364.881285,5033,52430573,53.707,random,float32
14,365.423745,3567,52430573,57.290,random,float32
14,365.971999,8652,52430573,53.793,random,float32
14,366.522802,2749,52430573,56.828,random,float32
14,367.074324,600,52430573,56.101,random,float32
14,367.611972,5771,52430573,56.292,random,float32
14,368.160162,6012,52430573,55.567,random,float32
14,368.723063,3660,52430573,58.488,random,float32
14,369.279845,6592,52430573,54.970,random,float32
14,369.811384,3894,52430573,51.569,random,float32
14,370.349765,3332,52430573,51.021,random,float32
14,370.879951,8701,52430573,53.241,random,float32
14,371.412039,1538,52430573,51.001,random,float32
14,371.944736,2643,52430573,52.403,random,float32
14,372.484033,4593,52430573,53.023,random,float32
14,373.029998,5205,52430573,55.067,random,float32
14,373.578886,2054,52430573,53.634,random,float32
14,374.114525,756,52430573,54.095,random,float32
14,374.661835,8669,52430573,56.807,random,float32
14,375.202950,508,52430573,54.587,random,float32
14,375.755264,3548,52430573,56.128,random,float32
14,376.299994,9966,52430573,56.535,random,float32
14,376.856428,8001,52430573,59.160,random,float32
14,377.411265,9168,52430573,55.454,random,float32
14,377.953881,8341,52430573,52.489,random,float32
14,378.500148,3137,52430573,55.835,random,float32
14,379.049190,7043,52430573,53.994,random,float32
14,379.607041,8232,52430573,57.143,random,float32
14,380.158451,49,52430573,53.343,random,float32
14,380.706910,1212,52430573,56.762,random,float32
14,381.262801,3679,52430573,55.086,random,float32
14,381.806066,2807,52430573,55.298,random,float32
14,382.357152,304,52430573,52.914,random,float32
14,382.895286,3344,52430573,56.993,random,float32
14,383.432678,8530,52430573,52.585,random,float32
14,383.965091,3607,52430573,54.216,random,float32
14,384.512074,7062,52430573,56.027,random,float32
14,385.066319,5599,52430573,58.144,random,float32
14,385.617156,7619,52430573,55.148,random,float32
14,386.182222,7718,52430573,56.264,random,float32
14,386.737501,2546,52430573,53.672,random,float32
14,387.289602,4550,52430573,53.195,random,float32
14,387.841873,1492,52430573,55.733,random,float32
14,388.388938,5216,52430573,51.031,random,float32
14,388.928231,4595,52430573,53.633,random,float32
14,389.464437,6205,52430573,53.841,random,float32
14,390.014777,4840,52430573,55.674,random,float32
14,390.566862,6355,52430573,58.811,random,float32
14,391.115844,357,52430573,54.115,random,float32
14,391.654087,2898,52430573,54.290,random,float32
14,392.214859,9035,52430573,56.333,random,float32
14,392.765792,1807,52430573,58.026,random,float32
14,393.321871,752,52430573,53.385,random,float32
14,393.878762,1648,52430573,53.678,random,float32
14,394.442497,8952,52430573,55.235,random,float32
14,394.987768,3840,52430573,54.998,random,float32
14,395.531567,8140,52430573,56.196,random,float32
14,396.085524,9327,52430573,54.623,random,float32
14,396.638826,9587,52430573,54.493,random,float32
14,397.171218,8808,52430573,54.846,random,float32
14,397.721329,1562,52430573,54.537,random,float32
14,398.275710,4847,52430573,55.926,random,float32
14,398.820325,9495,52430573,52.605,random,float32
14,399.363366,9932,52430573,54.389,random,float32
14,399.913199,695,52430573,54.097,random,float32
14,400.467435,8632,52430573,56.013,random,float32
14,401.026522,4932,52430573,54.835,random,float32
14,401.563989,6760,52430573,54.312,random,float32
14,402.125565,9421,52430573,54.799,random,float32
14,402.668529,9072,52430573,53.511,random,float32
14,403.210335,2804,52430573,52.330,random,float32
14,403.757070,1364,52430573,54.285,random,float32
14,404.290817,6590,52430573,54.446,random,float32
14,404.829028,5883,52430573,54.888,random,float32
14,405.377019,5033,52430573,57.278,random,float32
14,405.922465,7576,52430573,53.702,random,float32
14,406.468898,9305,52430573,56.508,random,float32
14,407.016092,3337,52430573,55.769,random,float32
14,407.566206,2248,52430573,55.314,random,float32
14,408.096300,4047,52430573,51.733,random,float32
14,408.618990,9859,52430573,54.017,random,float32
14,409.158941,2540,52430573,54.469,random,float32
14,409.692054,9068,52430573,56.304,random,float32
14,410.223797,8693,52430573,55.657,random,float32
14,410.760163,2474,52430573,52.083,random,float32
14,411.277897,6392,52430573,50.716,random,float32
14,411.806513,144,52430573,53.342,random,float32
14,412.329514,3612,52430573,52.427,random,float32
14,412.861103,713,52430573,50.824,random,float32
14,413.392339,3916,52430573,52.992,random,float32
14,413.919301,3028,52430573,52.545,random,float32
14,414.456083,1881,52430573,55.389,random,float32
14,414.998439,997,52430573,53.936,random,float32
14,415.537727,4886,52430573,52.827,random,float32
14,416.072762,1094,52430573,53.733,random,float32
14,416.599135,7929,52430573,56.033,random,float32
14,417.132021,9808,52430573,54.859,random,float32
14,417.671187,4224,52430573,54.410,random,float32
14,418.207181,7674,52430573,52.181,random,float32
14,418.742403,4099,52430573,54.113,random,float32
14,419.298515,9024,52430573,53.519,random,float32
14,419.827443,591,52430573,53.912,random,float32
14,420.359550,8724,52430573,52.664,random,float32
14,420.897139,351,52430573,55.278,random,float32
14,421.455303,1570,52430573,53.545,random,float32
14,421.990172,8482,52430573,54.206,random,float32
14,422.518704,2149,52430573,53.020,random,float32
14,423.043000,3267,52430573,53.366,random,float32
14,423.567940,9031,52430573,50.730,random,float32
14,424.117001,8670,52430573,57.696,random,float32
14,424.667247,4977,52430573,53.204,random,float32
14,425.205280,7123,52430573,53.427,random,float32
14,425.746819,6557,52430573,52.502,random,float32
14,426.286754,7737,52430573,50.973,random,float32
14,426.835479,8598,52430573,55.527,random,float32
14,427.396023,4671,52430573,56.864,random,float32
14,427.931617,6412,52430573,53.448,random,float32
14,428.464577,9088,52430573,54.334,random,float32
14,429.006511,7805,52430573,52.640,random,float32
14,429.554440,9963,52430573,55.855,random,float32
14,430.093433,464,52430573,53.464,random,float32
14,430.630186,4287,52430573,54.442,random,float32
14,431.161532,1014,52430573,54.710,random,float32
14,431.694606,7637,52430573,52.694,random,float32
14,432.233214,390,52430573,55.499,random,float32
14,432.768264,4161,52430573,55.578,random,float32
14,433.311965,1108,52430573,55.995,random,float32
14,433.855970,6910,52430573,53.420,random,float32
14,434.393821,5767,52430573,55.908,random,float32
14,434.932447,9325,52430573,53.314,random,float32
14,435.474181,9033,52430573,54.705,random,float32
14,436.004484,2683,52430573,52.831,random,float32
14,436.550371,5218,52430573,52.715,random,float32
14,437.089748,1748,52430573,50.925,random,float32
14,437.625640,9747,52430573,52.700,random,float32
14,438.155676,1226,52430573,51.272,random,float32
14,438.672885,7003,52430573,52.551,random,float32
14,439.208872,3397,52430573,52.947,random,float32
14,439.739547,9227,52430573,54.222,random,float32
14,440.263677,2665,52430573,50.398,random,float32
14,440.788564,5774,52430573,55.536,random,float32
14,441.321165,9903,52430573,53.349,random,float32
14,441.850502,7121,52430573,51.439,random,float32
14,442.379659,6066,52430573,52.922,random,float32
14,442.901779,3165,52430573,51.354,random,float32
14,443.429285,6162,52430573,54.078,random,float32
14,443.957491,8090,52430573,50.399,random,float32
14,444.493283,8999,52430573,52.329,random,float32
14,445.025331,4887,52430573,52.035,random,float32
14,445.562238,3099,52430573,54.527,random,float32
14,446.102233,2550,52430573,53.335,random,float32
14,446.652639,1630,52430573,53.039,random,float32
14,447.194987,7645,52430573,54.833,random,float32
14,447.743568,8172,52430573,56.028,random,float32
14,448.279389,8471,52430573,54.719,random,float32
14,448.808469,669,52430573,52.284,random,float32
14,449.348810,974,52430573,53.395,random,float32
14,449.878727,9573,52430573,50.987,random,float32
14,450.410299,5142,52430573,52.438,random,float32
14,450.936091,6501,52430573,53.037,random,float32
14,451.485692,482,52430573,54.738,random,float32
14,452.025169,1288,52430573,53.820,random,float32
14,452.559708,9949,52430573,52.936,random,float32
14,453.095607,4887,52430573,51.914,random,float32
14,453.646105,3740,52430573,51.619,random,float32
14,454.185194,5120,52430573,52.563,random,float32
14,454.718049,5271,52430573,52.957,random,float32
14,455.256007,1947,52430573,53.748,random,float32
14,455.814278,4683,52430573,55.206,random,float32
14,456.367317,8790,52430573,57.016,random,float32
14,456.905193,5301,52430573,52.528,random,float32
14,457.455039,2098,52430573,54.713,random,float32
14,457.990778,2986,52430573,53.625,random,float32
14,458.518117,9143,52430573,55.312,random,float32
14,459.048535,3248,52430573,53.357,random,float32
14,459.595081,8001,52430573,53.877,random,float32
14,460.162598,3772,52430573,55.881,random,float32
14,460.712856,1337,52430573,54.625,random,float32
14,461.250594,1585,52430573,50.983,random,float32
14,461.782503,6843,52430573,48.991,random,float32
14,462.315149,2337,52430573,54.033,random,float32
14,462.848082,4627,52430573,53.870,random,float32
14,463.383121,2121,52430573,53.474,random,float32
14,463.934135,7377,52430573,52.720,random,float32
14,464.472511,7820,52430573,54.169,random,float32
14,465.003843,5958,52430573,54.094,random,float32
14,465.534756,1920,52430573,54.053,random,float32
14,466.061509,2059,52430573,53.600,random,float32
14,466.588104,5603,52430573,52.280,random,float32
14,467.112022,2341,52430573,54.463,random,float32
14,467.643851,2526,52430573,52.227,random,float32
14,468.175146,9349,52430573,52.234,random,float32
14,468.713571,1088,52430573,56.045,random,float32
14,469.274069,4455,52430573,53.037,random,float32
14,469.810872,7166,52430573,55.220,random,float32
14,470.370819,4096,52430573,56.097,random,float32
14,470.919257,3328,52430573,53.936,random,float32
14,471.462508,9734,52430573,53.034,random,float32
14,472.002411,4765,52430573,54.030,random,float32
14,472.536884,6179,52430573,52.990,random,float32
14,473.073864,1583,52430573,56.013,random,float32
14,473.614959,8178,52430573,54.544,random,float32
14,474.154863,7450,52430573,53.150,random,float32
14,474.689550,3788,52430573,55.048,random,float32
14,475.219757,2613,52430573,54.916,random,float32
14,475.760129,5657,52430573,54.913,random,float32
14,476.295577,8887,52430573,53.106,random,float32
14,476.833026,6393,52430573,52.494,random,float32
14,477.358932,7317,52430573,47.847,random,float32
14,477.892694,6085,52430573,53.941,random,float32
14,478.431906,8069,52430573,54.197,random,float32
14,478.968531,9367,52430573,54.430,random,float32
14,479.497249,4239,52430573,53.196,random,float32
14,480.025718,4941,52430573,52.919,random,float32
14,480.539246,768,52430573,52.882,random,float32
14,481.058114,916,52430573,54.688,random,float32
14,481.594769,2177,52430573,56.212,random,float32
14,482.126406,414,52430573,52.550,random,float32
14,482.665543,6687,52430573,52.867,random,float32
14,483.201444,3468,52430573,54.999,random,float32
14,483.738802,5118,52430573,55.078,random,float32
14,484.268134,215,52430573,50.567,random,float32
14,484.801821,7294,52430573,53.705,random,float32
14,485.330641,660,52430573,53.189,random,float32
14,485.865061,8694,52430573,51.393,random,float32
14,486.400414,699,52430573,53.306,random,float32
14,486.946154,4810,52430573,54.190,random,float32
14,487.476305,7070,52430573,52.584,random,float32
14,488.031794,6970,52430573,53.344,random,float32
14,488.562143,1927,52430573,50.381,random,float32
14,489.094868,8485,52430573,53.271,random,float32
14,489.637357,8564,52430573,55.545,random,float32
14,490.173384,1466,52430573,52.140,random,float32
14,490.712247,2556,52430573,54.538,random,float32
14,491.247068,7989,52430573,52.415,random,float32
14,491.771270,2497,52430573,54.207,random,float32
14,492.308845,4852,52430573,53.749,random,float32
14,492.839921,9403,52430573,53.096,random,float32
14,493.389339,6308,52430573,55.441,random,float32
14,493.934281,2782,52430573,52.997,random,float32
14,494.485960,1766,52430573,56.620,random,float32
14,495.041759,5070,52430573,55.243,random,float32
14,495.572083,7294,52430573,56.907,random,float32
14,496.089786,8221,52430573,50.776,random,float32
14,496.605695,3399,52430573,53.547,random,float32
14,497.144137,2707,52430573,56.516,random,float32
14,497.670006,2171,52430573,48.098,random,float32
14,498.200899,7934,52430573,54.015,random,float32
14,498.735293,3806,52430573,47.730,random,float32
14,499.273825,9282,52430573,52.984,random,float32
14,499.802016,9597,52430573,50.202,random,float32
14,500.339569,6204,52430573,55.923,random,float32
14,500.876312,5729,52430573,53.885,random,float32
14,501.397383,1744,52430573,54.023,random,float32
14,501.921781,6943,52430573,51.632,random,float32
14,502.454682,6728,52430573,50.837,random,float32
14,502.985791,9689,52430573,52.113,random,float32
14,503.524380,9458,52430573,53.475,random,float32
14,504.055692,2371,52430573,55.086,random,float32
14,504.580901,4996,52430573,49.575,random,float32
14,505.099948,2549,52430573,51.101,random,float32
14,505.622783,3175,52430573,52.503,random,float32
14,506.159542,4340,52430573,55.453,random,float32
14,506.686502,9836,52430573,54.354,random,float32
14,507.222851,6390,52430573,52.599,random,float32
14,507.755771,2533,52430573,56.853,random,float32
14,508.268921,4409,52430573,50.375,random,float32
14,508.795488,441,52430573,52.148,random,float32
14,509.342748,2012,52430573,53.203,random,float32
14,509.880270,6979,52430573,54.566,random,float32
14,510.420911,3321,52430573,53.958,random,float32
14,510.941853,3472,52430573,48.974,random,float32
14,511.468268,1548,52430573,53.097,random,float32
14,511.998681,3414,52430573,50.529,random,float32
14,512.525411,2915,52430573,54.715,random,float32
14,513.058922,7100,52430573,53.096,random,float32
14,513.585727,9636,52430573,52.045,random,float32
14,514.105941,4508,52430573,52.415,random,float32
14,514.643810,9256,52430573,54.888,random,float32
14,515.172519,1262,52430573,49.723,random,float32
14,515.714723,2766,52430573,55.163,random,float32
14,516.252466,4753,52430573,53.429,random,float32
14,516.779189,6629,52430573,49.555,random,float32
14,517.304601,5690,52430573,56.629,random,float32
14,517.833976,3620,52430573,54.159,random,float32
14,518.360368,9447,52430573,53.467,random,float32
14,518.894857,6527,52430573,53.738,random,float32
14,519.412509,8514,52430573,50.088,random,float32
14,519.949519,4158,52430573,54.017,random,float32
14,520.474778,7807,52430573,54.072,random,float32
14,521.005915,7301,52430573,51.499,random,float32
14,521.533435,3996,52430573,49.156,random,float32
14,522.062178,74,52430573,55.968,random,float32
14,522.596229,1827,52430573,55.036,random,float32
14,523.119839,9244,52430573,52.354,random,float32
14,523.655031,7930,52430573,50.215,random,float32
14,524.196538,6046,52430573,55.141,random,float32
14,524.731907,6642,52430573,52.383,random,float32
14,525.254957,3083,52430573,53.568,random,float32
14,525.783702,7437,52430573,51.305,random,float32
14,526.306066,4351,52430573,52.942,random,float32
14,526.844332,8813,52430573,53.567,random,float32
14,527.379462,9643,52430573,53.844,random,float32
14,527.912124,4014,52430573,52.661,random,float32
14,528.463174,5105,52430573,54.168,random,float32
14,529.013416,7086,52430573,54.140,random,float32
14,529.545835,8478,52430573,52.317,random,float32
14,530.079186,7423,52430573,54.061,random,float32
14,530.615780,2894,52430573,54.584,random,float32
14,531.138075,2734,52430573,52.534,random,float32
14,531.669663,3768,52430573,54.473,random,float32
14,532.202540,8479,52430573,54.228,random,float32
14,532.722889,6630,52430573,48.397,random,float32
14,533.254376,8898,52430573,54.913,random,float32
14,533.791196,7443,52430573,52.548,random,float32
14,534.327365,2854,52430573,53.698,random,float32
14,534.874845,6546,52430573,55.321,random,float32
14,535.414884,7970,52430573,56.113,random,float32
14,535.950477,1673,52430573,52.697,random,float32
14,536.487403,8534,52430573,55.931,random,float32
14,537.033090,9194,52430573,53.474,random,float32
14,537.582290,6678,52430573,54.870,random,float32
14,538.118943,2550,52430573,51.278,random,float32
14,538.666619,9219,52430573,55.945,random,float32
14,539.209902,571,52430573,53.649,random,float32
14,539.742476,9230,52430573,53.435,random,float32
14,540.273119,2758,52430573,53.987,random,float32
14,540.789311,1710,52430573,51.302,random,float32
14,541.326134,7098,52430573,54.573,random,float32
14,541.864077,9970,52430573,54.670,random,float32
14,542.417093,8496,52430573,53.817,random,float32
14,542.955946,9235,52430573,54.885,random,float32
14,543.496662,579,52430573,54.594,random,float32
14,544.037692,4413,52430573,53.338,random,float32
14,544.571043,9321,52430573,53.135,random,float32
14,545.107482,3514,52430573,58.491,random,float32
14,545.641739,3669,52430573,56.936,random,float32
14,546.179082,3139,52430573,54.169,random,float32
14,546.703048,2674,52430573,53.405,random,float32
14,547.233290,541,52430573,52.212,random,float32
14,547.766502,6906,52430573,54.115,random,float32
14,548.295570,2201,52430573,53.742,random,float32
14,548.818275,4888,52430573,49.640,random,float32
14,549.365847,6369,52430573,53.263,random,float32
14,549.894177,6214,52430573,52.319,random,float32
14,550.418797,4042,52430573,48.789,random,float32
14,550.946224,2124,52430573,53.854,random,float32
14,551.483543,9703,52430573,53.960,random,float32
14,552.017212,5852,52430573,54.641,random,float32
14,552.553931,4872,52430573,52.464,random,float32
14,553.082559,9185,52430573,53.675,random,float32
14,553.611846,138,52430573,51.576,random,float32
14,554.141386,3962,52430573,55.698,random,float32
14,554.670168,9128,52430573,52.358,random,float32
14,555.194612,9964,52430573,54.562,random,float32
14,555.726515,9319,52430573,52.982,random,float32
14,556.258002,8569,52430573,49.030,random,float32
14,556.790396,2523,52430573,54.276,random,float32
14,557.319566,4350,52430573,53.729,random,float32
14,557.840324,8199,52430573,51.024,random,float32
14,558.383170,9836,52430573,54.616,random,float32
14,558.919633,9005,52430573,54.963,random,float32
14,559.452571,7225,52430573,53.569,random,float32
14,559.988256,9842,52430573,54.643,random,float32
14,560.526540,9115,52430573,54.804,random,float32
14,561.071266,5587,52430573,54.884,random,float32
14,561.597367,7351,52430573,52.927,random,float32
14,562.137512,6275,52430573,53.813,random,float32
14,562.692156,1969,52430573,50.904,random,float32
14,563.232916,9205,52430573,49.993,random,float32
14,563.755561,4857,52430573,52.138,random,float32
14,564.286670,3269,52430573,52.820,random,float32
14,564.822773,7577,52430573,51.641,random,float32
14,565.357194,8292,52430573,51.655,random,float32
14,565.892830,7511,52430573,54.385,random,float32
14,566.440704,4774,52430573,53.926,random,float32
14,566.987393,5818,52430573,54.328,random,float32
14,567.521999,147,52430573,52.030,random,float32
14,568.054968,5501,52430573,53.276,random,float32
14,568.593280,331,52430573,51.543,random,float32
14,569.124645,2610,52430573,51.245,random,float32
14,569.660521,5664,52430573,53.037,random,float32
14,570.204463,2948,52430573,52.939,random,float32
14,570.736076,8881,52430573,53.732,random,float32
14,571.267944,6517,52430573,50.891,random,float32
14,571.791834,2330,52430573,51.493,random,float32
14,572.327300,4750,52430573,54.386,random,float32
14,572.863141,2355,52430573,52.487,random,float32
14,573.388133,3511,52430573,52.845,random,float32
14,573.911404,2743,52430573,50.795,random,float32
14,574.445306,5388,52430573,53.625,random,float32
14,574.972861,3804,52430573,52.502,random,float32
14,575.499637,8739,52430573,54.565,random,float32
14,576.032794,5888,52430573,53.577,random,float32
14,576.554854,1969,52430573,53.035,random,float32
14,577.080381,1288,52430573,49.669,random,float32
14,577.599866,5790,52430573,53.773,random,float32
14,578.135224,6757,52430573,53.060,random,float32
14,578.654790,5287,52430573,50.960,random,float32
14,579.182911,6341,52430573,53.876,random,float32
14,579.717967,4940,52430573,54.176,random,float32
14,580.252122,9426,52430573,55.095,random,float32
14,580.785027,7679,52430573,54.894,random,float32
14,581.315343,9740,52430573,51.215,random,float32
14,581.848082,3029,52430573,53.008,random,float32
14,582.368921,8733,52430573,52.630,random,float32
14,582.893799,2406,52430573,50.811,random,float32
14,583.419264,5899,52430573,50.485,random,float32
14,583.949953,8292,52430573,52.323,random,float32
14,584.483148,2975,52430573,55.382,random,float32
14,585.012288,2145,52430573,54.688,random,float32
14,585.554564,2387,52430573,56.277,random,float32
14,586.095661,5833,52430573,52.238,random,float32
14,586.630715,6026,52430573,48.807,random,float32
14,587.158084,7136,52430573,49.268,random,float32
14,587.683664,1186,52430573,50.996,random,float32
14,588.210790,3740,52430573,49.145,random,float32
14,588.746059,3381,52430573,53.293,random,float32
14,589.278130,9967,52430573,54.313,random,float32
14,589.803794,479,52430573,53.139,random,float32
14,590.335394,2916,52430573,52.812,random,float32
14,590.858434,1957,52430573,52.415,random,float32
14,591.386223,7545,52430573,52.665,random,float32
14,591.908085,6475,52430573,52.214,random,float32
14,592.436788,422,52430573,54.110,random,float32
14,592.962020,7266,52430573,53.098,random,float32
14,593.492273,391,52430573,50.876,random,float32
14,594.017218,5407,52430573,53.491,random,float32
14,594.545966,2184,52430573,52.216,random,float32
14,595.086559,4022,52430573,54.570,random,float32
14,595.623023,9736,52430573,53.590,random,float32
14,596.170873,8001,52430573,57.693,random,float32
14,596.725257,8316,52430573,53.535,random,float32
14,597.263617,2395,52430573,54.510,random,float32
14,597.803808,6299,52430573,53.192,random,float32
14,598.349992,2253,52430573,52.909,random,float32
14,598.888446,5237,52430573,54.585,random,float32
14,599.435484,3213,52430573,53.990,random,float32
14,599.994688,2492,52430573,58.083,random,float32
14,600.573312,6946,52430573,52.599,random,float32
14,601.113836,4132,52430573,54.750,random,float32
14,601.660046,8572,52430573,52.282,random,float32
14,602.202428,5407,52430573,57.204,random,float32
14,602.736165,9827,52430573,54.950,random,float32
14,603.284570,3967,52430573,55.444,random,float32
14,603.828313,3440,52430573,52.901,random,float32
14,604.372101,4668,52430573,55.489,random,float32
14,604.917051,4307,52430573,54.670,random,float32
14,605.445787,486,52430573,53.414,random,float32
14,605.977674,7048,52430573,50.491,random,float32
14,606.498729,7325,52430573,53.569,random,float32
14,607.029559,6288,52430573,54.135,random,float32
14,607.567923,3180,52430573,54.432,random,float32
14,608.101066,2230,52430573,53.797,random,float32
14,608.629142,1219,52430573,51.003,random,float32
14,609.169996,9014,52430573,53.567,random,float32
14,609.700798,7578,52430573,51.915,random,float32
14,610.241090,7205,52430573,52.592,random,float32
14,610.772596,9302,52430573,55.122,random,float32
14,611.301186,5223,52430573,49.851,random,float32
14,611.833643,6766,52430573,54.044,random,float32
14,612.362490,5407,52430573,55.626,random,float32
14,612.900328,2062,52430573,52.686,random,float32
14,613.456583,217,52430573,53.322,random,float32
14,613.996207,3372,52430573,54.934,random,float32
14,614.531809,1618,52430573,52.730,random,float32
14,615.068677,2,52430573,53.740,random,float32
14,615.615604,8160,52430573,55.137,random,float32
14,616.160691,3806,52430573,53.580,random,float32
14,616.719326,4447,52430573,55.010,random,float32
14,617.265761,5143,52430573,54.911,random,float32
14,617.793756,4535,52430573,52.516,random,float32
14,618.323151,521,52430573,54.856,random,float32
14,618.860414,9466,52430573,51.681,random,float32
14,619.397167,7530,52430573,52.331,random,float32
14,619.944195,6751,52430573,57.817,random,float32
14,620.500316,6830,52430573,56.171,random,float32
14,621.049463,5548,52430573,55.584,random,float32
14,621.596919,8695,52430573,52.834,random,float32
14,622.149105,3654,52430573,57.520,random,float32
14,622.684045,380,52430573,54.488,random,float32
14,623.240908,5402,52430573,55.493,random,float32
14,623.788657,7777,52430573,55.688,random,float32
14,624.342942,5878,52430573,56.676,random,float32
14,624.889384,8761,52430573,55.482,random,float32
14,625.444651,8054,52430573,58.688,random,float32
14,625.987284,8585,52430573,55.269,random,float32
14,626.523755,4416,52430573,55.429,random,float32
14,627.067440,2888,52430573,53.485,random,float32
14,627.619394,7829,52430573,56.958,random,float32
14,628.169467,8226,52430573,52.465,random,float32
14,628.719581,975,52430573,55.455,random,float32
14,629.265136,5191,52430573,54.470,random,float32
14,629.823914,619,52430573,53.525,random,float32
14,630.371280,4779,52430573,58.934,random,float32
14,630.912172,9813,52430573,55.592,random,float32
14,631.472257,8784,52430573,55.197,random,float32
14,632.012149,3930,52430573,54.345,random,float32
14,632.563925,947,52430573,56.306,random,float32
14,633.101909,4821,52430573,50.750,random,float32
14,633.663841,898,52430573,57.408,random,float32
14,634.218167,7735,52430573,52.575,random,float32
14,634.760795,751,52430573,53.368,random,float32
14,635.312839,2950,52430573,53.353,random,float32
14,635.861826,3881,52430573,57.395,random,float32
14,636.392132,8329,52430573,50.969,random,float32
14,636.940535,8646,52430573,56.699,random,float32
14,637.463156,7781,52430573,53.626,random,float32
14,637.992987,5757,52430573,50.472,random,float32
14,638.526441,4157,52430573,52.911,random,float32
14,639.053276,2417,52430573,55.370,random,float32
14,639.588083,4846,52430573,53.661,random,float32
14,640.132258,7487,52430573,54.315,random,float32
14,640.678678,4970,52430573,53.168,random,float32
14,641.220582,2757,52430573,54.223,random,float32
14,641.758650,1213,52430573,54.439,random,float32
14,642.298671,1003,52430573,53.135,random,float32
14,642.836298,2159,52430573,52.778,random,float32
14,643.387236,9681,52430573,53.493,random,float32
14,643.927681,9831,52430573,55.017,random,float32
14,644.462536,2014,52430573,54.886,random,float32
14,644.999241,6356,52430573,54.944,random,float32
14,645.530583,6339,52430573,53.086,random,float32
14,646.064038,9776,52430573,51.776,random,float32
14,646.595206,6321,52430573,53.964,random,float32
14,647.130427,7397,52430573,53.016,random,float32
14,647.661470,74,52430573,55.526,random,float32
14,648.185877,9550,52430573,51.116,random,float32
14,648.722409,5822,52430573,54.151,random,float32
14,649.270394,7309,52430573,56.941,random,float32
14,649.816264,9769,52430573,53.103,random,float32
14,650.355283,2609,52430573,54.798,random,float32
14,650.888117,382,52430573,52.641,random,float32
14,651.427944,7277,52430573,54.727,random,float32
14,651.965345,2072,52430573,53.599,random,float32
14,652.511433,1949,52430573,54.956,random,float32
14,653.042414,5634,52430573,54.326,random,float32
14,653.579705,4990,52430573,51.667,random,float32
14,654.117248,7247,52430573,55.385,random,float32
14,654.664402,7471,52430573,54.051,random,float32
14,655.219495,8643,52430573,55.952,random,float32
14,655.760229,5108,52430573,51.615,random,float32
14,656.294703,2495,52430573,51.766,random,float32
14,656.827105,5453,52430573,56.116,random,float32
14,657.359158,9861,52430573,52.779,random,float32
14,657.889240,2255,52430573,53.289,random,float32
14,658.437994,2978,52430573,53.669,random,float32
14,658.984943,1017,52430573,55.252,random,float32
14,659.528756,1667,52430573,55.011,random,float32
14,660.077175,4864,52430573,56.320,random,float32
14,660.625313,6550,52430573,54.895,random,float32
14,661.171827,8748,52430573,57.226,random,float32
14,661.708006,3001,52430573,54.931,random,float32
14,662.237616,5324,52430573,48.936,random,float32
14,662.772275,7231,52430573,53.319,random,float32
14,663.302202,6461,52430573,53.298,random,float32
14,663.827836,5094,52430573,53.025,random,float32
14,664.369023,5141,52430573,55.121,random,float32
14,664.902896,3337,52430573,54.008,random,float32
14,665.451033,2403,52430573,57.787,random,float32
14,665.992727,5719,52430573,53.458,random,float32
14,666.528154,1461,52430573,57.143,random,float32
14,667.079298,4103,52430573,56.579,random,float32
14,667.621483,1352,52430573,52.214,random,float32
14,668.153211,4867,52430573,53.670,random,float32
14,668.677704,6308,52430573,51.348,random,float32
14,669.215340,7595,52430573,54.653,random,float32
14,669.762568,227,52430573,57.293,random,float32
14,670.303724,9170,52430573,54.389,random,float32
14,670.857521,1356,52430573,55.119,random,float32
14,671.398090,9795,52430573,56.106,random,float32
14,671.938642,9432,52430573,54.651,random,float32
14,672.481355,2955,52430573,56.560,random,float32
14,673.038531,1351,52430573,55.307,random,float32
14,673.576941,2870,52430573,51.946,random,float32
14,674.099508,2314,52430573,50.148,random,float32
14,674.635706,1726,52430573,53.013,random,float32
14,675.173903,4404,52430573,54.175,random,float32
14,675.704392,7494,52430573,52.084,random,float32
14,676.228592,5949,52430573,52.142,random,float32
14,676.769769,2789,52430573,54.179,random,float32
14,677.298794,8824,52430573,50.659,random,float32
14,677.841682,9006,52430573,52.294,random,float32
14,678.381296,4073,52430573,53.680,random,float32
14,678.915170,999,52430573,52.390,random,float32
14,679.435131,4702,52430573,49.725,random,float32
14,679.962215,374,52430573,55.273,random,float32
14,680.489088,8156,52430573,52.418,random,float32
14,681.026057,7091,52430573,54.770,random,float32
14,681.566809,159,52430573,54.240,random,float32
14,682.104802,5567,52430573,53.912,random,float32
14,682.654753,2288,52430573,55.194,random,float32
14,683.189081,5715,52430573,51.931,random,float32
14,683.725237,3239,52430573,53.201,random,float32
14,684.254505,5305,52430573,53.391,random,float32
14,684.786588,5915,52430573,53.056,random,float32
14,685.319795,4571,52430573,54.845,random,float32
14,685.875148,4838,52430573,53.313,random,float32
14,686.409395,1059,52430573,56.054,random,float32
14,686.955350,7019,52430573,53.102,random,float32
14,687.489433,6600,52430573,53.138,random,float32
14,688.026364,658,52430573,53.720,random,float32
14,688.583473,8436,52430573,53.727,random,float32
14,689.130047,621,52430573,57.361,random,float32
14,689.675290,1078,52430573,55.617,random,float32
14,690.216941,1692,52430573,53.443,random,float32
14,690.762887,433,52430573,55.716,random,float32
14,691.301119,6341,52430573,52.204,random,float32
14,691.850625,7466,52430573,56.660,random,float32
14,692.391000,4745,52430573,51.332,random,float32
14,692.917841,8201,52430573,53.285,random,float32
14,693.447556,6623,52430573,51.783,random,float32
14,693.979037,5851,52430573,53.403,random,float32
14,694.504548,3621,52430573,52.496,random,float32
14,695.035679,7497,52430573,53.054,random,float32
14,695.564069,6067,52430573,54.198,random,float32
14,696.079159,8038,52430573,51.253,random,float32
14,696.599481,9396,52430573,50.460,random,float32
14,697.131859,1500,52430573,49.412,random,float32
14,697.655060,934,52430573,51.093,random,float32
14,698.196917,6809,52430573,55.197,random,float32
14,698.739406,5273,52430573,53.495,random,float32
14,699.276921,1039,52430573,52.459,random,float32
14,699.809032,7573,52430573,54.758,random,float32
14,700.358014,8931,52430573,55.688,random,float32
14,700.912473,587,52430573,55.070,random,float32
14,701.458682,8227,52430573,53.002,random,float32
14,701.987258,8505,52430573,50.595,random,float32
14,702.529065,5748,52430573,50.338,random,float32
14,703.057604,8928,52430573,53.125,random,float32
14,703.583887,7068,52430573,52.170,random,float32
14,704.112325,8544,52430573,51.037,random,float32
14,704.655823,6631,52430573,55.030,random,float32
14,705.198379,8839,52430573,52.788,random,float32
14,705.741645,8754,52430573,53.832,random,float32
14,706.275320,2074,52430573,56.172,random,float32
14,706.818902,7960,52430573,54.409,random,float32
14,707.361474,3005,52430573,53.122,random,float32
14,707.901592,9156,52430573,52.952,random,float32
14,708.433874,717,52430573,53.656,random,float32
14,708.966874,1894,52430573,50.023,random,float32
14,709.509084,95,52430573,53.442,random,float32
14,710.049838,1749,52430573,55.323,random,float32
14,710.595867,1396,52430573,54.326,random,float32
14,711.121522,852,52430573,53.763,random,float32
14,711.650612,5651,52430573,54.421,random,float32
14,712.200454,6360,52430573,56.511,random,float32
14,712.746778,1461,52430573,52.336,random,float32
14,713.269012,8070,52430573,51.969,random,float32
14,713.788001,1922,52430573,48.211,random,float32
14,714.323376,4838,52430573,52.747,random,float32
14,714.858602,4859,52430573,52.914,random,float32
14,715.388562,9758,52430573,53.964,random,float32
14,715.915426,5985,52430573,52.777,random,float32
14,716.453332,8929,52430573,53.533,random,float32
14,716.985006,6008,52430573,53.113,random,float32
14,717.521073,3192,52430573,53.784,random,float32
14,718.055556,7206,52430573,54.562,random,float32
14,718.599783,2996,52430573,55.085,random,float32
14,719.142932,6022,52430573,54.303,random,float32
14,719.675439,1286,52430573,53.307,random,float32
14,720.229442,5483,52430573,54.267,random,float32
14,720.768730,5081,52430573,54.249,random,float32
14,721.303702,1545,52430573,54.645,random,float32
14,721.831645,7986,52430573,53.992,random,float32
14,722.365091,305,52430573,54.418,random,float32
14,722.899712,5577,52430573,52.767,random,float32
14,723.422662,298,52430573,51.645,random,float32
14,723.952318,5836,52430573,50.918,random,float32
14,724.485635,1265,52430573,53.498,random,float32
14,725.013117,8056,52430573,53.691,random,float32
14,725.552739,2405,52430573,56.057,random,float32
14,726.086999,5909,52430573,55.000,random,float32
14,726.622489,1256,52430573,53.550,random,float32
14,727.168077,197,52430573,56.034,random,float32
14,727.705426,4826,52430573,54.205,random,float32
14,728.242707,8983,52430573,54.738,random,float32
14,728.779333,3848,52430573,52.149,random,float32
14,729.314203,674,52430573,52.240,random,float32
14,729.844315,5827,52430573,53.172,random,float32
14,730.392509,9908,52430573,56.261,random,float32
14,730.928641,3340,52430573,51.401,random,float32
14,731.463482,7811,52430573,55.590,random,float32
14,732.008748,1179,52430573,54.989,random,float32
14,732.545143,5787,52430573,51.507,random,float32
14,733.091757,4185,52430573,58.169,random,float32
14,733.653899,2501,52430573,55.767,random,float32
14,734.186136,6831,52430573,51.184,random,float32
14,734.725295,8929,52430573,55.403,random,float32
14,735.277223,1830,52430573,55.347,random,float32
14,735.818396,8919,52430573,51.964,random,float32
14,736.352161,2334,52430573,53.165,random,float32
14,736.893091,2114,52430573,54.145,random,float32
14,737.438391,7031,52430573,55.704,random,float32
14,737.985458,2429,52430573,54.364,random,float32
14,738.530442,2548,52430573,55.132,random,float32
14,739.076363,2558,52430573,52.574,random,float32
14,739.622165,1817,52430573,52.860,random,float32
14,740.169233,4136,52430573,53.676,random,float32
14,740.700408,3963,52430573,52.207,random,float32
14,741.230064,5676,52430573,52.538,random,float32
14,741.757780,6820,52430573,53.945,random,float32
14,742.287136,1420,52430573,52.552,random,float32
14,742.823813,4627,52430573,54.717,random,float32
14,743.355761,8484,52430573,53.968,random,float32
14,743.885691,7012,52430573,54.323,random,float32
14,744.411691,2548,52430573,54.900,random,float32
14,744.946815,764,52430573,54.056,random,float32
14,745.483890,6967,52430573,52.102,random,float32
14,746.013538,9771,52430573,53.740,random,float32
14,746.545669,4805,52430573,55.707,random,float32
14,747.084255,1598,52430573,54.462,random,float32
14,747.629088,4557,52430573,54.489,random,float32
14,748.169601,2378,52430573,54.338,random,float32
14,748.714651,8078,52430573,54.587,random,float32
14,749.241350,7025,52430573,51.235,random,float32
14,749.773564,6180,52430573,53.313,random,float32
14,750.298681,9960,52430573,53.210,random,float32
14,750.833297,1769,52430573,53.133,random,float32
14,751.370093,3611,52430573,55.426,random,float32
14,751.902031,9146,52430573,52.694,random,float32
14,752.434972,6787,52430573,53.956,random,float32
14,752.968538,8076,52430573,52.553,random,float32
14,753.503630,1825,52430573,52.736,random,float32
14,754.042496,8737,52430573,52.854,random,float32
14,754.570204,1320,52430573,55.677,random,float32
14,755.103230,6507,52430573,55.331,random,float32
14,755.630060,7730,52430573,52.082,random,float32
14,756.162511,388,52430573,51.650,random,float32
14,756.687819,1971,52430573,51.400,random,float32
14,757.229042,5204,52430573,53.847,random,float32
14,757.759943,6789,52430573,54.657,random,float32
14,758.290174,2458,52430573,53.982,random,float32
14,758.820971,2889,52430573,53.784,random,float32
14,759.353025,3941,52430573,51.801,random,float32
14,759.877933,7439,52430573,50.733,random,float32
14,760.404554,7184,52430573,50.705,random,float32
14,760.927394,7192,52430573,51.979,random,float32
14,761.453706,6373,52430573,52.650,random,float32
14,761.987128,7615,52430573,53.422,random,float32
14,762.522300,3253,52430573,50.124,random,float32
14,763.045984,4002,52430573,51.945,random,float32
14,763.566668,1653,52430573,52.641,random,float32
14,764.094950,1766,52430573,53.040,random,float32
14,764.623949,7806,52430573,54.844,random,float32
14,765.152753,7663,52430573,49.129,random,float32
14,765.690309,587,52430573,53.933,random,float32
14,766.218918,5801,52430573,53.158,random,float32
14,766.775155,1435,52430573,56.036,random,float32
14,767.324018,8180,52430573,53.495,random,float32
14,767.858486,9547,52430573,52.243,random,float32
14,768.378290,8251,52430573,53.197,random,float32
14,768.903067,2690,52430573,51.731,random,float32
14,769.427872,8833,52430573,50.493,random,float32
14,769.969467,2508,52430573,55.104,random,float32
14,770.518992,6464,52430573,55.603,random,float32
14,771.057670,4439,52430573,52.828,random,float32
14,771.589890,5936,52430573,56.514,random,float32
14,772.135950,2808,52430573,53.588,random,float32
14,772.702959,2799,52430573,63.129,random,float32
14,773.253254,9045,52430573,55.728,random,float32
14,773.783194,7843,52430573,51.438,random,float32
14,774.318841,2887,52430573,53.242,random,float32
14,774.857377,7855,52430573,55.448,random,float32
14,775.372876,174,52430573,50.853,random,float32
14,775.900279,2025,52430573,57.090,random,float32
14,776.434609,9394,52430573,53.458,random,float32
14,776.975935,8882,52430573,56.301,random,float32
14,777.519235,707,52430573,51.912,random,float32
14,778.054342,7596,52430573,52.657,random,float32
14,778.608809,40,52430573,53.073,random,float32
14,779.138635,9543,52430573,53.286,random,float32
14,779.666587,9619,52430573,52.213,random,float32
14,780.185549,9542,52430573,52.046,random,float32
14,780.712528,384,52430573,46.928,random,float32
14,781.239808,8577,52430573,51.422,random,float32
14,781.766559,115,52430573,54.410,random,float32
14,782.302684,33,52430573,53.870,random,float32
14,782.829718,9746,52430573,50.961,random,float32
14,783.358364,8026,52430573,49.882,random,float32
14,783.888839,2593,52430573,54.395,random,float32
14,784.421537,2288,52430573,54.627,random,float32
14,784.953300,3326,52430573,54.504,random,float32
14,785.495431,5041,52430573,52.289,random,float32
14,786.036634,2829,52430573,53.511,random,float32
14,786.573691,4130,52430573,51.121,random,float32
14,787.115869,3607,52430573,55.587,random,float32
14,787.659544,3080,52430573,53.199,random,float32
14,788.194586,5397,52430573,53.278,random,float32
14,788.723830,6202,52430573,53.021,random,float32
14,789.255346,7731,52430573,53.016,random,float32
14,789.788412,6265,52430573,52.090,random,float32
14,790.321274,805,52430573,53.368,random,float32
14,790.854374,3083,52430573,54.466,random,float32
14,791.390229,3124,52430573,53.233,random,float32
14,791.926407,1135,52430573,52.959,random,float32
14,792.452953,6684,52430573,54.072,random,float32
14,792.982513,9887,52430573,54.673,random,float32
14,793.513905,1183,52430573,54.114,random,float32
14,794.039922,544,52430573,52.688,random,float32
14,794.578741,1109,52430573,53.646,random,float32
14,795.107245,734,52430573,54.311,random,float32
14,795.630263,6311,52430573,50.478,random,float32
14,796.155316,433,52430573,54.439,random,float32
14,796.682274,5972,52430573,51.737,random,float32
14,797.215839,4983,52430573,51.849,random,float32
14,797.755834,4131,52430573,54.766,random,float32
14,798.298096,1716,52430573,52.512,random,float32
14,798.831133,4801,52430573,54.503,random,float32
14,799.376273,4328,52430573,55.160,random,float32
14,799.935218,9621,52430573,57.082,random,float32
14,800.481844,4687,52430573,47.175,random,float32
14,801.005459,1802,52430573,52.956,random,float32
14,801.551300,7497,52430573,53.800,random,float32
14,802.089339,8839,52430573,53.366,random,float32
14,802.640663,9762,52430573,54.329,random,float32
14,803.179159,8453,52430573,52.099,random,float32
14,803.720310,7876,52430573,54.152,random,float32
14,804.248983,6043,52430573,49.845,random,float32
14,804.776158,1430,52430573,51.557,random,float32
14,805.328586,1836,52430573,57.231,random,float32
14,805.864742,6677,52430573,52.926,random,float32
14,806.388776,588,52430573,50.293,random,float32
14,806.923121,5273,52430573,52.727,random,float32
14,807.456656,1983,52430573,53.818,random,float32
14,807.997184,6971,52430573,53.386,random,float32
14,808.527286,4221,52430573,53.362,random,float32
14,809.056707,9048,52430573,50.081,random,float32
14,809.582941,77,52430573,53.247,random,float32
14,810.123319,9612,52430573,54.572,random,float32
14,810.664557,2142,52430573,54.988,random,float32
14,811.212165,7059,52430573,51.570,random,float32
14,811.746123,8035,52430573,51.940,random,float32
14,812.284770,3866,52430573,55.462,random,float32
14,812.834577,2692,52430573,53.788,random,float32
14,813.388807,4629,52430573,56.599,random,float32
14,813.934319,3418,52430573,53.100,random,float32
14,814.470108,5683,52430573,51.778,random,float32
14,815.020101,7129,52430573,55.080,random,float32
14,815.561540,6655,52430573,55.482,random,float32
14,816.095891,8983,52430573,54.378,random,float32
14,816.627825,2108,52430573,51.699,random,float32
14,817.157099,140,52430573,52.128,random,float32
14,817.688620,7808,52430573,54.099,random,float32
14,818.227848,6952,52430573,54.874,random,float32
14,818.755913,2591,52430573,53.398,random,float32
14,819.289767,7304,52430573,52.879,random,float32
14,819.828886,4522,52430573,53.724,random,float32
14,820.352632,7404,52430573,52.184,random,float32
14,820.880467,6463,52430573,53.160,random,float32
14,821.400754,2311,52430573,51.797,random,float32
14,821.933031,3056,52430573,53.892,random,float32
14,822.471138,6678,52430573,54.154,random,float32
14,823.002575,1384,52430573,53.118,random,float32
14,823.552802,4456,52430573,57.707,random,float32
14,824.087407,6851,52430573,53.743,random,float32
14,824.625718,9579,52430573,54.885,random,float32
14,825.172036,3961,52430573,51.665,random,float32
14,825.709584,5,52430573,54.926,random,float32
14,826.257130,7412,52430573,54.068,random,float32
14,826.803243,6599,52430573,53.271,random,float32
14,827.340288,3338,52430573,54.030,random,float32
14,827.882029,912,52430573,51.040,random,float32
14,828.413781,2046,52430573,52.164,random,float32
14,828.948909,6336,52430573,56.175,random,float32
14,829.485514,8324,52430573,52.895,random,float32
14,830.024532,2239,52430573,55.123,random,float32
14,830.568217,8390,52430573,53.720,random,float32
14,831.107614,202,52430573,50.300,random,float32
14,831.645827,8845,52430573,51.892,random,float32
14,832.179945,89,52430573,53.523,random,float32
14,832.734277,419,52430573,55.989,random,float32
14,833.285314,1450,52430573,56.674,random,float32
14,833.850833,8747,52430573,55.296,random,float32
14,834.402094,6225,52430573,55.143,random,float32
14,834.950568,6849,52430573,53.091,random,float32
14,835.484076,1604,52430573,53.199,random,float32
14,836.029275,9628,52430573,55.532,random,float32
14,836.576171,1992,52430573,54.741,random,float32
14,837.109596,5676,52430573,52.338,random,float32
14,837.652285,2937,52430573,54.288,random,float32
14,838.192690,7405,52430573,54.761,random,float32
14,838.741335,5359,52430573,53.988,random,float32
14,839.281205,2672,52430573,55.167,random,float32
14,839.815255,2571,52430573,55.174,random,float32
14,840.353682,3364,52430573,53.118,random,float32
14,840.888075,9404,52430573,52.765,random,float32
14,841.422187,1610,52430573,51.975,random,float32
14,841.958025,660,52430573,52.834,random,float32
14,842.498742,6473,52430573,53.707,random,float32
14,843.048025,8910,52430573,52.867,random,float32
14,843.586177,1408,52430573,54.619,random,float32
14,844.112466,7284,52430573,49.533,random,float32
14,844.635379,8246,52430573,52.410,random,float32
14,845.169206,9936,52430573,52.763,random,float32
14,845.698480,2842,52430573,53.069,random,float32
14,846.244243,5478,52430573,55.804,random,float32
14,846.796557,9495,52430573,52.876,random,float32
14,847.330670,7821,52430573,55.387,random,float32
14,847.869906,2755,52430573,54.481,random,float32
14,848.415777,6554,52430573,54.478,random,float32
14,848.955766,9693,52430573,53.622,random,float32
14,849.489413,104,52430573,56.056,random,float32
14,850.039259,8677,52430573,54.703,random,float32
14,850.577442,7013,52430573,54.274,random,float32
14,851.111552,4705,52430573,52.984,random,float32
14,851.650825,3451,52430573,55.043,random,float32
14,852.189974,4846,52430573,54.989,random,float32
14,852.727413,1241,52430573,53.273,random,float32
14,853.280056,2148,52430573,54.949,random,float32
14,853.824497,549,52430573,54.849,random,float32
14,854.361613,580,52430573,54.048,random,float32
14,854.902715,1002,52430573,52.564,random,float32
14,855.441006,1407,52430573,54.107,random,float32
14,855.977614,3282,52430573,53.618,random,float32
14,856.532609,8568,52430573,54.004,random,float32
14,857.076281,7761,52430573,53.848,random,float32
14,857.623521,244,52430573,55.655,random,float32
14,858.158799,5550,52430573,54.710,random,float32
14,858.702686,8618,52430573,55.673,random,float32
14,859.254775,4413,52430573,53.022,random,float32
14,859.801488,6777,52430573,55.105,random,float32
14,860.339662,3656,52430573,55.876,random,float32
14,860.888831,9639,52430573,55.569,random,float32
14,861.438731,5414,52430573,53.304,random,float32
14,861.970134,5846,52430573,52.130,random,float32
14,862.504019,7376,52430573,51.548,random,float32
14,863.037975,8014,52430573,53.623,random,float32
14,863.575519,221,52430573,52.388,random,float32
14,864.105494,9204,52430573,51.401,random,float32
14,864.634212,2688,52430573,53.170,random,float32
14,865.172074,1575,52430573,52.204,random,float32
14,865.723681,3724,52430573,53.575,random,float32
14,866.271827,6746,52430573,56.025,random,float32
14,866.834887,4839,52430573,59.812,random,float32
14,867.383634,5442,52430573,53.160,random,float32
14,867.919047,5897,52430573,52.503,random,float32
14,868.446144,2828,52430573,50.576,random,float32
14,868.976233,4831,52430573,52.154,random,float32
14,869.521126,5555,52430573,54.539,random,float32
14,870.058557,589,52430573,55.205,random,float32
14,870.606385,3220,52430573,54.046,random,float32
14,871.138991,9795,52430573,55.501,random,float32
14,871.675989,7006,52430573,54.690,random,float32
14,872.216156,7341,52430573,55.124,random,float32
14,872.751310,1134,52430573,52.970,random,float32
14,873.283251,3370,52430573,52.457,random,float32
14,873.815451,3371,52430573,50.807,random,float32
14,874.352889,6192,52430573,54.940,random,float32
14,874.891519,3578,52430573,52.612,random,float32
14,875.422922,5630,52430573,53.659,random,float32
14,875.967650,9140,52430573,52.593,random,float32
14,876.511239,8781,52430573,53.345,random,float32
14,877.048663,3866,52430573,54.983,random,float32
14,877.582999,4101,52430573,52.717,random,float32
14,878.113798,6649,52430573,51.960,random,float32
14,878.652179,3111,52430573,53.212,random,float32
14,879.201062,6646,52430573,55.661,random,float32
14,879.740883,8371,52430573,53.342,random,float32
14,880.284875,9706,52430573,55.267,random,float32
14,880.838900,882,52430573,58.233,random,float32
14,881.375946,8310,52430573,52.324,random,float32
14,881.922205,5037,52430573,55.171,random,float32
14,882.459069,8970,52430573,54.495,random,float32
14,883.001743,7973,52430573,51.789,random,float32
14,883.544692,8012,52430573,53.799,random,float32
14,884.094957,3407,52430573,53.681,random,float32
14,884.632108,9619,52430573,54.716,random,float32
14,885.159677,2156,52430573,51.652,random,float32
14,885.696021,2504,52430573,51.252,random,float32
14,886.225271,369,52430573,51.034,random,float32
14,886.757236,9723,52430573,54.057,random,float32
14,887.290624,1499,52430573,54.108,random,float32
14,887.822283,6369,52430573,53.115,random,float32
14,888.352350,463,52430573,51.650,random,float32
14,888.882594,7364,52430573,54.356,random,float32
14,889.416706,8536,52430573,54.262,random,float32
14,889.952032,7140,52430573,52.506,random,float32
14,890.483760,7681,52430573,53.199,random,float32
14,891.017727,2361,52430573,54.001,random,float32
14,891.550914,9374,52430573,52.619,random,float32
14,892.087637,7481,52430573,52.209,random,float32
14,892.629968,9220,52430573,55.054,random,float32
14,893.154464,7868,52430573,55.070,random,float32
14,893.696559,122,52430573,55.350,random,float32
14,894.228144,1774,52430573,53.842,random,float32
14,894.772119,138,52430573,53.602,random,float32
14,895.303422,1705,52430573,54.924,random,float32
14,895.841969,3979,52430573,55.397,random,float32
14,896.377746,5033,52430573,54.200,random,float32
14,896.913784,2603,52430573,53.235,random,float32
14,897.452408,6543,52430573,53.614,random,float32
14,898.000426,3983,52430573,49.744,random,float32
14,898.530187,295,52430573,54.335,random,float32
14,899.082337,6089,52430573,53.891,random,float32
14,899.662014,6185,52430573,58.806,random,float32
15,300.538817,3224,52430573,86.307,random,float32
15,301.087435,3864,52430573,54.076,random,float32
15,301.640451,7837,52430573,54.408,random,float32
15,302.182303,8166,52430573,56.457,random,float32
15,302.741960,8725,52430573,55.552,random,float32
15,303.312394,9683,52430573,58.279,random,float32
15,303.850577,4826,52430573,54.705,random,float32
15,304.409848,4020,52430573,56.775,random,float32
15,304.965860,8625,52430573,56.520,random,float32
15,305.509136,5655,52430573,55.072,random,float32
15,306.048948,2055,52430573,54.653,random,float32
15,306.591686,5316,52430573,54.211,random,float32
15,307.124250,7752,52430573,56.559,random,float32
15,307.651770,893,52430573,48.558,random,float32
15,308.199379,4919,52430573,55.096,random,float32
15,308.729160,4071,52430573,52.587,random,float32
15,309.263478,9620,52430573,56.025,random,float32
15,309.806035,4378,52430573,48.962,random,float32
15,310.349933,5908,52430573,55.687,random,float32
15,310.879212,7849,52430573,54.909,random,float32
15,311.414084,7589,52430573,54.018,random,float32
15,311.949402,1918,52430573,55.564,random,float32
15,312.485523,3195,52430573,55.040,random,float32
15,313.020518,3584,52430573,54.620,random,float32
15,313.564869,8665,52430573,54.136,random,float32
15,314.104723,5158,52430573,53.998,random,float32
15,314.640860,9103,52430573,53.688,random,float32
15,315.168420,1054,52430573,52.827,random,float32
15,315.700400,6276,52430573,55.040,random,float32
15,316.246783,529,52430573,53.644,random,float32
15,316.791795,5222,52430573,54.834,random,float32
15,317.337787,7653,52430573,55.842,random,float32
15,317.892737,6691,52430573,53.808,random,float32
15,318.442061,9790,52430573,54.277,random,float32
15,318.991977,4836,52430573,55.082,random,float32
15,319.538283,9881,52430573,51.715,random,float32
15,320.084018,6757,52430573,54.962,random,float32
15,320.629470,805,52430573,54.817,random,float32
15,321.165527,6180,52430573,52.393,random,float32
15,321.689625,8463,52430573,50.723,random,float32
15,322.225631,6357,52430573,53.966,random,float32
15,322.771923,1087,52430573,57.593,random,float32
15,323.301959,294,52430573,55.855,random,float32
15,323.836494,8040,52430573,56.219,random,float32
15,324.388392,4269,52430573,57.017,random,float32
15,324.941689,1504,52430573,55.277,random,float32
15,325.499158,4621,52430573,54.896,random,float32
15,326.034976,3316,52430573,52.435,random,float32
15,326.580485,8482,52430573,54.979,random,float32
15,327.112897,6683,52430573,52.104,random,float32
15,327.640463,1859,52430573,49.844,random,float32
15,328.170109,7788,52430573,51.444,random,float32
15,328.698699,3630,52430573,55.383,random,float32
15,329.232333,5887,52430573,55.488,random,float32
15,329.769325,7106,52430573,52.116,random,float32
15,330.307231,7181,52430573,54.982,random,float32
15,330.830765,7612,52430573,53.509,random,float32
15,331.365712,7730,52430573,53.382,random,float32
15,331.898761,943,52430573,52.609,random,float32
15,332.459636,1088,52430573,55.014,random,float32
15,333.027769,7251,52430573,56.837,random,float32
15,333.586375,4648,52430573,54.138,random,float32
15,334.141327,2694,52430573,51.547,random,float32
15,334.684077,1521,52430573,54.256,random,float32
15,335.228634,8621,52430573,56.163,random,float32
15,335.791011,2892,52430573,56.010,random,float32
15,336.338002,9837,52430573,52.427,random,float32
15,336.900623,6230,52430573,55.283,random,float32
15,337.436614,4597,52430573,52.482,random,float32
15,337.974488,3372,52430573,53.475,random,float32
15,338.523863,197,52430573,55.554,random,float32
15,339.069227,7353,52430573,55.561,random,float32
15,339.622063,1604,52430573,55.269,random,float32
15,340.161435,5801,52430573,52.746,random,float32
15,340.706943,8525,52430573,55.764,random,float32
15,341.251026,2621,52430573,53.573,random,float32
15,341.795635,8096,52430573,55.383,random,float32
15,342.343960,3046,52430573,51.579,random,float32
15,342.881489,2338,52430573,53.058,random,float32
15,343.412833,6740,52430573,54.819,random,float32
15,343.942096,1154,52430573,53.881,random,float32
15,344.482562,8340,52430573,56.830,random,float32
15,345.035826,3179,52430573,53.524,random,float32
15,345.582823,3503,52430573,53.889,random,float32
15,346.122619,1617,52430573,53.318,random,float32
15,346.668642,3636,52430573,56.738,random,float32
15,347.215320,8418,52430573,54.222,random,float32
15,347.763240,985,52430573,54.238,random,float32
15,348.315784,8438,52430573,55.602,random,float32
15,348.861547,2379,52430573,54.519,random,float32
15,349.402322,4774,52430573,54.420,random,float32
15,349.947622,7829,52430573,54.790,random,float32
15,350.483036,2626,52430573,56.029,random,float32
15,351.030293,1087,52430573,54.951,random,float32
15,351.571242,5100,52430573,54.587,random,float32
15,352.110087,3782,52430573,52.337,random,float32
15,352.642232,5686,52430573,53.705,random,float32
15,353.172711,780,52430573,53.703,random,float32
15,353.704093,3144,52430573,52.714,random,float32
15,354.242027,882,52430573,55.638,random,float32
15,354.774409,7962,52430573,54.643,random,float32
15,355.311644,3817,52430573,52.311,random,float32
15,355.849862,5407,52430573,54.340,random,float32
15,356.384960,6910,52430573,54.755,random,float32
15,356.922619,506,52430573,54.873,random,float32
15,357.447836,8972,52430573,52.223,random,float32
15,357.989365,9740,52430573,53.294,random,float32
15,358.541808,9844,52430573,53.944,random,float32
15,359.096116,5583,52430573,53.685,random,float32
15,359.650233,9113,52430573,58.239,random,float32
15,360.201948,80,52430573,51.279,random,float32
15,360.739838,1662,52430573,54.737,random,float32
15,361.290288,6703,52430573,51.952,random,float32
15,361.824550,5905,52430573,54.789,random,float32
15,362.369226,4205,52430573,55.118,random,float32
15,362.906535,8077,52430573,55.808,random,float32
15,363.453616,4683,52430573,55.110,random,float32
15,363.993842,4818,52430573,54.095,random,float32
15,364.538702,6304,52430573,55.847,random,float32
15,365.070503,5827,52430573,53.654,random,float32
15,365.604992,1707,52430573,52.525,random,float32
15,366.145440,8960,52430573,54.522,random,float32
15,366.697351,8765,52430573,53.745,random,float32
15,367.254172,9734,52430573,52.944,random,float32
15,367.802755,4057,52430573,55.249,random,float32
15,368.350756,4955,52430573,53.526,random,float32
15,368.893918,7139,52430573,54.179,random,float32
15,369.434817,2649,52430573,53.882,random,float32
15,369.980838,2523,52430573,53.887,random,float32
15,370.511788,4604,52430573,53.168,random,float32
15,371.045097,3367,52430573,52.400,random,float32
15,371.580259,6628,52430573,52.471,random,float32
15,372.125247,3880,52430573,57.310,random,float32
15,372.670968,9394,52430573,54.257,random,float32
15,373.226414,8143,52430573,55.648,random,float32
15,373.760166,3954,52430573,51.188,random,float32
15,374.298175,4085,52430573,55.240,random,float32
15,374.841860,7010,52430573,54.577,random,float32
15,375.378250,6794,52430573,51.053,random,float32
15,375.909213,1208,52430573,54.101,random,float32
15,376.450750,7162,52430573,54.782,random,float32
15,377.009176,7213,52430573,52.984,random,float32
15,377.538817,6564,52430573,50.763,random,float32
15,378.074631,6057,52430573,53.433,random,float32
15,378.613614,9847,52430573,54.654,random,float32
15,379.168166,80,52430573,54.390,random,float32
15,379.707398,6932,52430573,53.519,random,float32
15,380.244210,7597,52430573,53.053,random,float32
15,380.782851,7782,52430573,52.864,random,float32
15,381.326675,9865,52430573,53.523,random,float32
15,381.874182,6759,52430573,55.787,random,float32
15,382.420983,5794,52430573,53.440,random,float32
15,382.970237,5478,52430573,56.625,random,float32
15,383.516114,6386,52430573,52.258,random,float32
15,384.061131,8938,52430573,55.534,random,float32
15,384.609611,8687,52430573,53.401,random,float32
15,385.168441,9887,52430573,56.983,random,float32
15,385.714834,9623,52430573,53.120,random,float32
15,386.266658,2918,52430573,54.217,random,float32
15,386.815462,3886,52430573,55.302,random,float32
15,387.366191,4653,52430573,54.451,random,float32
15,387.893130,2252,52430573,47.925,random,float32
15,388.435291,1392,52430573,53.786,random,float32
15,388.973291,2327,52430573,53.490,random,float32
15,389.512738,3005,52430573,55.863,random,float32
15,390.078198,6533,52430573,56.285,random,float32
15,390.624417,6421,52430573,52.553,random,float32
15,391.173913,2154,52430573,56.502,random,float32
15,391.727593,7430,52430573,54.247,random,float32
15,392.278727,5162,52430573,53.126,random,float32
15,392.837316,5251,52430573,54.722,random,float32
15,393.394910,3746,52430573,55.479,random,float32
15,393.950809,7931,52430573,55.090,random,float32
15,394.501777,2461,52430573,55.786,random,float32
15,395.022313,7267,52430573,50.942,random,float32
15,395.560489,1385,52430573,52.625,random,float32
15,396.092625,1160,52430573,51.479,random,float32
15,396.624018,8081,52430573,54.791,random,float32
15,397.152696,2108,52430573,49.622,random,float32
15,397.684869,1024,52430573,49.746,random,float32
15,398.216391,3223,52430573,53.567,random,float32
15,398.755809,6835,52430573,54.691,random,float32
15,399.290284,7835,52430573,53.809,random,float32
15,399.828514,238,52430573,54.818,random,float32
15,400.382165,66,52430573,54.612,random,float32
15,400.921592,9184,52430573,54.741,random,float32
15,401.467672,6548,52430573,52.343,random,float32
15,402.008731,6056,52430573,53.323,random,float32
15,402.549259,8133,52430573,53.844,random,float32
15,403.096009,4398,52430573,56.317,random,float32
15,403.656235,9620,52430573,59.401,random,float32
15,404.190385,7642,52430573,55.354,random,float32
15,404.741057,4405,52430573,55.152,random,float32
15,405.280127,6125,52430573,53.907,random,float32
15,405.832863,7398,52430573,55.090,random,float32
15,406.374515,8768,52430573,51.854,random,float32
15,406.924031,8076,52430573,54.840,random,float32
15,407.482897,9854,52430573,58.647,random,float32
15,408.033650,1200,52430573,56.803,random,float32
15,408.581257,5024,52430573,52.927,random,float32
15,409.150738,871,52430573,57.086,random,float32
15,409.686476,4736,52430573,53.918,random,float32
15,410.229087,3043,52430573,54.733,random,float32
15,410.762983,9859,52430573,54.401,random,float32
15,411.309471,8347,52430573,56.607,random,float32
15,411.848168,4240,52430573,53.191,random,float32
15,412.392137,9706,52430573,55.211,random,float32
15,412.931593,6089,52430573,52.694,random,float32
15,413.485284,2629,52430573,55.465,random,float32
15,414.026360,5569,52430573,54.281,random,float32
15,414.587776,2633,52430573,54.816,random,float32
15,415.126600,1305,52430573,53.980,random,float32
15,415.667819,3465,52430573,52.651,random,float32
15,416.211920,9776,52430573,55.532,random,float32
15,416.765361,1993,52430573,55.036,random,float32
15,417.314120,6324,52430573,53.522,random,float32
15,417.852846,3705,52430573,54.078,random,float32
15,418.384398,8804,52430573,52.348,random,float32
15,418.932136,9147,52430573,54.993,random,float32
15,419.481979,4867,52430573,54.649,random,float32
15,420.027187,5079,52430573,59.648,random,float32
15,420.565828,4513,52430573,52.239,random,float32
15,421.122758,7617,52430573,55.631,random,float32
15,421.662379,9497,52430573,54.053,random,float32
15,422.192424,274,52430573,54.506,random,float32
15,422.720287,4843,52430573,53.224,random,float32
15,423.253857,2291,52430573,52.725,random,float32
15,423.798751,6156,52430573,54.486,random,float32
15,424.359178,5940,52430573,56.145,random,float32
15,424.896873,6218,52430573,52.932,random,float32
15,425.437569,7557,52430573,56.620,random,float32
15,425.966716,2946,52430573,50.421,random,float32
15,426.510417,7567,52430573,53.694,random,float32
15,427.081986,358,52430573,56.118,random,float32
15,427.653801,1322,52430573,59.034,random,float32
15,428.201510,4083,52430573,55.614,random,float32
15,428.751407,8615,52430573,54.170,random,float32
15,429.286014,9554,52430573,54.184,random,float32
15,429.838432,1264,52430573,48.844,random,float32
15,430.377692,3030,52430573,52.835,random,float32
15,430.916546,5445,52430573,55.375,random,float32
15,431.457615,2582,52430573,54.641,random,float32
15,432.006677,707,52430573,52.273,random,float32
15,432.545774,8704,52430573,53.139,random,float32
15,433.100446,5977,52430573,52.692,random,float32
15,433.646467,6766,52430573,54.697,random,float32
15,434.186509,4311,52430573,53.016,random,float32
15,434.727117,2843,52430573,53.695,random,float32
15,435.258109,5389,52430573,51.091,random,float32
15,435.787799,6729,52430573,51.928,random,float32
15,436.320893,566,52430573,56.459,random,float32
15,436.861658,7839,52430573,53.237,random,float32
15,437.413167,5222,52430573,55.281,random,float32
15,437.962924,708,52430573,53.596,random,float32
15,438.495701,3563,52430573,53.229,random,float32
15,439.041004,3050,52430573,55.008,random,float32
15,439.576072,2265,52430573,52.378,random,float32
15,440.112748,7936,52430573,53.986,random,float32
15,440.634129,2326,52430573,52.957,random,float32
15,441.170901,9560,52430573,51.596,random,float32
15,441.706500,3073,52430573,53.631,random,float32
15,442.239123,9656,52430573,55.325,random,float32
15,442.770803,3921,52430573,54.846,random,float32
15,443.305310,9928,52430573,53.518,random,float32
15,443.839704,8676,52430573,55.585,random,float32
15,444.373822,7909,52430573,54.172,random,float32
15,444.905391,4962,52430573,55.291,random,float32
15,445.435577,3985,52430573,58.100,random,float32
15,445.975712,8725,52430573,53.687,random,float32
15,446.521515,2155,52430573,54.339,random,float32
15,447.072185,3415,52430573,54.542,random,float32
15,447.627013,8757,52430573,54.146,random,float32
15,448.180682,204,52430573,54.150,random,float32
15,448.725214,2373,52430573,55.059,random,float32
15,449.279001,2341,52430573,55.925,random,float32
15,449.841393,9016,52430573,53.126,random,float32
15,450.370696,2958,52430573,52.623,random,float32
15,450.898430,7152,52430573,52.204,random,float32
15,451.431724,1066,52430573,51.962,random,float32
15,451.963302,4811,52430573,53.193,random,float32
15,452.502787,6449,52430573,54.965,random,float32
15,453.031888,9330,52430573,51.699,random,float32
15,453.565229,3764,52430573,53.674,random,float32
15,454.097265,1737,52430573,51.704,random,float32
15,454.630119,4969,52430573,54.808,random,float32
15,455.162067,6179,52430573,51.219,random,float32
15,455.703733,7009,52430573,53.985,random,float32
15,456.232982,4267,52430573,49.844,random,float32
15,456.762360,4213,52430573,53.314,random,float32
15,457.293141,9601,52430573,53.293,random,float32
15,457.826662,2665,52430573,51.947,random,float32
15,458.351421,9609,52430573,53.272,random,float32
15,458.881323,5487,52430573,53.654,random,float32
15,459.423525,2270,52430573,51.981,random,float32
15,459.972549,7586,52430573,57.370,random,float32
15,460.531297,1224,52430573,56.346,random,float32
15,461.066942,6945,52430573,52.778,random,float32
15,461.598876,1946,52430573,54.260,random,float32
15,462.126168,6073,52430573,53.905,random,float32
15,462.660218,3047,52430573,49.243,random,float32
15,463.184955,2331,52430573,50.007,random,float32
15,463.722496,4138,52430573,53.291,random,float32
15,464.250906,488,52430573,54.413,random,float32
15,464.779603,1054,52430573,54.183,random,float32
15,465.309486,7514,52430573,53.939,random,float32
15,465.843336,9516,52430573,53.082,random,float32
15,466.368571,7146,52430573,51.658,random,float32
15,466.885797,1666,52430573,51.553,random,float32
15,467.420837,9275,52430573,53.126,random,float32
15,467.942907,5924,52430573,52.332,random,float32
15,468.461648,2320,52430573,57.217,random,float32
15,469.024500,3025,52430573,52.713,random,float32
15,469.575566,910,52430573,52.481,random,float32
15,470.128598,3058,52430573,54.786,random,float32
15,470.674069,8116,52430573,51.902,random,float32
15,471.211640,4730,52430573,54.848,random,float32
15,471.745627,481,52430573,52.412,random,float32
15,472.281832,8047,52430573,53.294,random,float32
15,472.811366,3084,52430573,54.535,random,float32
15,473.348596,9785,52430573,55.443,random,float32
15,473.878129,53,52430573,55.015,random,float32
15,474.405233,9071,52430573,53.257,random,float32
15,474.941749,7068,52430573,52.440,random,float32
15,475.482776,9455,52430573,52.083,random,float32
15,476.018484,8612,52430573,54.249,random,float32
15,476.550345,5324,52430573,52.271,random,float32
15,477.078882,2664,52430573,49.413,random,float32
15,477.616424,7676,52430573,53.226,random,float32
15,478.136424,8540,52430573,53.224,random,float32
15,478.666667,8226,52430573,50.453,random,float32
15,479.204156,2068,52430573,53.087,random,float32
15,479.737520,6696,52430573,57.106,random,float32
15,480.270975,7084,52430573,54.439,random,float32
15,480.794756,2424,52430573,53.546,random,float32
15,481.323932,2320,52430573,52.936,random,float32
15,481.850796,6327,52430573,49.859,random,float32
15,482.388638,4332,52430573,52.705,random,float32
15,482.926685,9354,52430573,54.133,random,float32
15,483.464165,7643,52430573,54.208,random,float32
15,483.995096,5686,52430573,54.854,random,float32
15,484.535758,9578,52430573,54.597,random,float32
15,485.086821,5334,52430573,55.967,random,float32
15,485.635919,6796,52430573,57.087,random,float32
15,486.164094,4265,52430573,52.683,random,float32
15,486.698323,7247,52430573,56.195,random,float32
15,487.220125,4601,52430573,56.157,random,float32
15,487.747057,9238,52430573,52.698,random,float32
15,488.276950,5319,52430573,52.590,random,float32
15,488.805320,6075,52430573,52.979,random,float32
15,489.338346,8599,52430573,53.936,random,float32
15,489.868648,2091,52430573,55.004,random,float32
15,490.395767,9085,52430573,51.451,random,float32
15,490.921661,970,52430573,53.310,random,float32
15,491.455822,6874,52430573,53.576,random,float32
15,491.985025,3181,52430573,55.481,random,float32
15,492.529376,8410,52430573,53.596,random,float32
15,493.067977,3846,52430573,54.261,random,float32
15,493.630917,2967,52430573,55.911,random,float32
15,494.188861,5391,52430573,52.373,random,float32
15,494.743515,1509,52430573,54.573,random,float32
15,495.295574,4523,52430573,51.630,random,float32
15,495.825252,6203,52430573,52.169,random,float32
15,496.347555,8789,52430573,51.395,random,float32
15,496.874928,4687,52430573,50.460,random,float32
15,497.427558,6894,52430573,54.539,random,float32
15,497.973448,4896,52430573,53.807,random,float32
15,498.515234,4121,52430573,56.864,random,float32
15,499.053329,3385,52430573,52.453,random,float32
15,499.585801,8015,52430573,55.539,random,float32
15,500.121249,379,52430573,52.949,random,float32
15,500.655544,9124,52430573,52.188,random,float32
15,501.182574,2952,52430573,50.115,random,float32
15,501.706597,3583,52430573,49.157,random,float32
15,502.236253,8150,52430573,53.473,random,float32
15,502.764133,3583,52430573,51.932,random,float32
15,503.293773,6275,52430573,53.267,random,float32
15,503.838371,6184,52430573,54.552,random,float32
15,504.365432,9120,52430573,54.499,random,float32
15,504.895717,5542,52430573,51.432,random,float32
15,505.415402,5687,52430573,51.564,random,float32
15,505.935569,1253,52430573,54.967,random,float32
15,506.466655,6432,52430573,51.220,random,float32
15,507.005519,4394,52430573,53.887,random,float32
15,507.532414,8815,52430573,56.405,random,float32
15,508.064126,4145,52430573,53.843,random,float32
15,508.593105,7540,52430573,53.053,random,float32
15,509.125316,6529,52430573,51.184,random,float32
15,509.663975,1020,52430573,53.465,random,float32
15,510.197429,5363,52430573,53.546,random,float32
15,510.725479,5523,52430573,49.133,random,float32
15,511.261504,5653,52430573,54.062,random,float32
15,511.797465,6783,52430573,54.778,random,float32
15,512.344279,7473,52430573,56.119,random,float32
15,512.892563,6706,52430573,53.983,random,float32
15,513.424188,6317,52430573,51.764,random,float32
15,513.953032,8879,52430573,48.122,random,float32
15,514.483353,7750,52430573,55.194,random,float32
15,515.012634,6679,52430573,54.384,random,float32
15,515.546849,7859,52430573,52.277,random,float32
15,516.082363,7979,52430573,51.303,random,float32
15,516.613850,2760,52430573,52.966,random,float32
15,517.142720,1929,52430573,52.134,random,float32
15,517.664989,6971,52430573,52.226,random,float32
15,518.199054,7010,52430573,51.165,random,float32
15,518.730093,502,52430573,52.922,random,float32
15,519.266378,2566,52430573,52.662,random,float32
15,519.796018,4104,52430573,54.147,random,float32
15,520.338679,3607,52430573,55.552,random,float32
15,520.866453,3539,52430573,50.681,random,float32
15,521.403917,7844,52430573,53.737,random,float32
15,521.943989,3479,52430573,52.462,random,float32
15,522.474889,1039,52430573,54.094,random,float32
15,523.004400,9853,52430573,52.048,random,float32
15,523.541800,1884,52430573,54.620,random,float32
15,524.079087,853,52430573,52.813,random,float32
15,524.610365,413,52430573,56.400,random,float32
15,525.135174,6931,52430573,56.253,random,float32
15,525.658218,7106,52430573,50.513,random,float32
15,526.193129,9094,52430573,54.717,random,float32
15,526.728175,104,52430573,54.986,random,float32
15,527.247778,4302,52430573,52.888,random,float32
15,527.781608,2831,52430573,59.718,random,float32
15,528.343487,9155,52430573,57.972,random,float32
15,528.893681,4432,52430573,51.591,random,float32
15,529.425618,2813,52430573,50.541,random,float32
15,529.972975,8456,52430573,52.871,random,float32
15,530.500377,5706,52430573,52.589,random,float32
15,531.010030,2188,52430573,50.854,random,float32
15,531.536730,857,52430573,51.607,random,float32
15,532.059462,3553,52430573,54.782,random,float32
15,532.589900,4481,52430573,51.760,random,float32
15,533.130812,8439,52430573,54.850,random,float32
15,533.659850,5235,52430573,52.176,random,float32
15,534.192655,9391,52430573,54.171,random,float32
15,534.728576,4908,52430573,55.254,random,float32
15,535.265697,9750,52430573,54.500,random,float32
15,535.811146,3613,52430573,54.921,random,float32
15,536.351249,6802,52430573,54.995,random,float32
15,536.886548,8837,52430573,53.516,random,float32
15,537.422466,8240,52430573,53.095,random,float32
15,537.957419,3629,52430573,52.741,random,float32
15,538.481545,7597,52430573,51.946,random,float32
15,539.016635,9851,52430573,52.056,random,float32
15,539.545015,6102,52430573,51.242,random,float32
15,540.076068,9861,52430573,52.943,random,float32
15,540.625172,739,52430573,50.260,random,float32
15,541.168532,4166,52430573,54.460,random,float32
15,541.707963,3583,52430573,53.693,random,float32
15,542.266221,4489,52430573,52.868,random,float32
15,542.801266,9640,52430573,50.841,random,float32
15,543.333351,9466,52430573,51.882,random,float32
15,543.868235,1169,52430573,55.896,random,float32
15,544.403785,9770,52430573,52.672,random,float32
15,544.941036,5620,52430573,51.872,random,float32
15,545.472134,2155,52430573,52.987,random,float32
15,546.008601,3155,52430573,51.323,random,float32
15,546.525304,9749,52430573,52.895,random,float32
15,547.067132,8423,52430573,52.834,random,float32
15,547.594457,8697,52430573,52.048,random,float32
15,548.123740,4447,52430573,53.903,random,float32
15,548.655996,3818,52430573,53.865,random,float32
15,549.196773,7500,52430573,55.430,random,float32
15,549.725484,5717,52430573,53.122,random,float32
15,550.253156,1317,52430573,51.033,random,float32
15,550.790278,3268,52430573,52.484,random,float32
15,551.333081,9279,52430573,55.392,random,float32
15,551.884670,7388,52430573,55.658,random,float32
15,552.420254,3569,52430573,54.586,random,float32
15,552.954309,5760,52430573,54.063,random,float32
15,553.496931,5986,52430573,55.669,random,float32
15,554.025927,3209,52430573,52.769,random,float32
15,554.561356,2836,52430573,53.672,random,float32
15,555.099902,6322,52430573,52.369,random,float32
15,555.630488,8406,52430573,53.275,random,float32
15,556.168875,7310,52430573,53.481,random,float32
15,556.697770,1195,52430573,54.617,random,float32
15,557.236852,2453,52430573,54.328,random,float32
15,557.774674,5596,52430573,53.047,random,float32
15,558.310334,2583,52430573,55.578,random,float32
15,558.856046,3893,52430573,54.777,random,float32
15,559.391268,5914,52430573,53.253,random,float32
15,559.915268,4780,52430573,51.633,random,float32
15,560.461627,4747,52430573,56.427,random,float32
15,560.998183,4170,52430573,53.430,random,float32
15,561.531193,4274,52430573,52.766,random,float32
15,562.090166,8432,52430573,55.559,random,float32
15,562.640593,9359,52430573,55.126,random,float32
15,563.175104,3555,52430573,53.641,random,float32
15,563.705621,192,52430573,54.312,random,float32
15,564.246071,2853,52430573,54.553,random,float32
15,564.773190,4637,52430573,52.667,random,float32
15,565.309937,1336,52430573,51.619,random,float32
15,565.845400,2281,52430573,52.940,random,float32
15,566.390497,4278,52430573,52.978,random,float32
15,566.936624,6752,52430573,56.006,random,float32
15,567.484317,2318,52430573,53.093,random,float32
15,568.032152,9306,52430573,53.571,random,float32
15,568.577500,1342,52430573,55.472,random,float32
15,569.123670,9470,52430573,53.539,random,float32
15,569.668433,5674,52430573,55.263,random,float32
15,570.207031,5143,52430573,54.248,random,float32
15,570.742463,5321,52430573,54.384,random,float32
15,571.279215,846,52430573,55.820,random,float32
15,571.809648,1727,52430573,51.809,random,float32
15,572.341206,8832,52430573,51.533,random,float32
15,572.866083,6386,52430573,52.592,random,float32
15,573.387218,1515,52430573,51.987,random,float32
15,573.911324,5916,52430573,53.581,random,float32
15,574.439346,6300,52430573,53.442,random,float32
15,574.978455,1375,52430573,53.243,random,float32
15,575.505803,2378,52430573,54.713,random,float32
15,576.031762,5875,52430573,53.289,random,float32
15,576.556301,2370,52430573,51.316,random,float32
15,577.077136,4682,52430573,46.968,random,float32
15,577.592650,7333,52430573,53.658,random,float32
15,578.122980,7075,52430573,53.261,random,float32
15,578.648441,2538,52430573,53.204,random,float32
15,579.170671,2875,52430573,54.062,random,float32
15,579.703771,2095,52430573,54.203,random,float32
15,580.241617,5931,52430573,51.236,random,float32
15,580.758844,2347,52430573,51.248,random,float32
15,581.282518,1311,52430573,52.062,random,float32
15,581.811033,9697,52430573,50.650,random,float32
15,582.337529,6918,52430573,50.465,random,float32
15,582.875273,9390,52430573,53.375,random,float32
15,583.398275,2934,52430573,53.261,random,float32
15,583.931000,1731,52430573,53.796,random,float32
15,584.467849,5334,52430573,53.484,random,float32
15,584.986856,1196,52430573,54.405,random,float32
15,585.515941,8431,52430573,53.997,random,float32
15,586.045641,5447,52430573,54.506,random,float32
15,586.570926,9998,52430573,53.375,random,float32
15,587.092006,732,52430573,51.133,random,float32
15,587.623582,7311,52430573,55.229,random,float32
15,588.153006,1899,52430573,51.978,random,float32
15,588.669599,8466,52430573,46.546,random,float32
15,589.197020,4038,52430573,52.244,random,float32
15,589.719346,8744,52430573,52.044,random,float32
15,590.250568,5753,52430573,53.846,random,float32
15,590.786080,5823,52430573,54.156,random,float32
15,591.312734,9606,52430573,51.172,random,float32
15,591.830954,7172,52430573,48.958,random,float32
15,592.368005,8935,52430573,54.938,random,float32
15,592.892124,6108,52430573,56.072,random,float32
15,593.429364,8036,52430573,54.193,random,float32
15,593.948057,362,52430573,54.693,random,float32
15,594.478848,1539,52430573,49.014,random,float32
15,595.004676,5260,52430573,53.650,random,float32
15,595.546455,8540,52430573,56.025,random,float32
15,596.099708,1270,52430573,55.886,random,float32
15,596.660669,7524,52430573,52.406,random,float32
15,597.191341,9063,52430573,50.924,random,float32
15,597.724167,5398,52430573,56.058,random,float32
15,598.263155,9768,52430573,52.154,random,float32
15,598.801774,2658,52430573,51.245,random,float32
15,599.360592,5668,52430573,53.700,random,float32
15,599.921500,2516,52430573,56.779,random,float32
15,600.477598,4411,52430573,54.403,random,float32
15,601.020593,7097,52430573,54.021,random,float32
15,601.558899,6044,52430573,55.180,random,float32
15,602.099246,8370,52430573,56.018,random,float32
15,602.647080,4942,52430573,53.890,random,float32
15,603.183541,2955,52430573,52.346,random,float32
15,603.723672,2095,52430573,56.154,random,float32
15,604.264772,2703,52430573,52.688,random,float32
15,604.794100,7947,52430573,53.633,random,float32
15,605.323668,836,52430573,53.011,random,float32
15,605.860558,5130,52430573,53.021,random,float32
15,606.390103,5856,52430573,50.932,random,float32
15,606.918205,740,52430573,54.128,random,float32
15,607.453690,6261,52430573,54.085,random,float32
15,607.987292,8539,52430573,52.089,random,float32
15,608.509473,6997,52430573,49.993,random,float32
15,609.052448,9787,52430573,53.816,random,float32
15,609.585102,7556,52430573,53.200,random,float32
15,610.117572,9761,52430573,53.677,random,float32
15,610.652825,9155,52430573,56.457,random,float32
15,611.190443,215,52430573,53.591,random,float32
15,611.716804,5773,52430573,50.575,random,float32
15,612.253548,7154,52430573,54.575,random,float32
15,612.803806,3039,52430573,56.445,random,float32
15,613.355885,1324,52430573,53.572,random,float32
15,613.904035,7247,52430573,55.311,random,float32
15,614.441829,6241,52430573,51.705,random,float32
15,614.980650,8309,52430573,53.765,random,float32
15,615.527364,1688,52430573,54.099,random,float32
15,616.073480,6693,52430573,51.048,random,float32
15,616.617852,2901,52430573,57.207,random,float32
15,617.167268,5637,52430573,54.253,random,float32
15,617.708001,432,52430573,54.833,random,float32
15,618.253867,6546,52430573,57.504,random,float32
15,618.799462,5943,52430573,57.063,random,float32
15,619.345860,4019,52430573,56.231,random,float32
15,619.893306,1243,52430573,56.059,random,float32
15,620.453774,6639,52430573,52.905,random,float32
15,621.008295,4069,52430573,58.111,random,float32
15,621.552074,2896,52430573,55.620,random,float32
15,622.089234,6636,52430573,55.151,random,float32
15,622.624791,1896,52430573,54.444,random,float32
15,623.171670,59,52430573,55.380,random,float32
15,623.722086,8299,52430573,54.673,random,float32
15,624.275563,6499,52430573,56.145,random,float32
15,624.827723,7220,52430573,55.872,random,float32
15,625.387333,7359,52430573,54.512,random,float32
15,625.934246,7425,52430573,56.657,random,float32
15,626.481193,4161,52430573,52.884,random,float32
15,627.018840,1036,52430573,53.357,random,float32
15,627.566875,6603,52430573,54.838,random,float32
15,628.107852,4235,52430573,54.284,random,float32
15,628.665679,9336,52430573,56.369,random,float32
15,629.206287,8487,52430573,53.197,random,float32
15,629.735535,4157,52430573,51.987,random,float32
15,630.266966,6492,52430573,52.401,random,float32
15,630.784594,5863,52430573,50.493,random,float32
15,631.320787,3223,52430573,54.919,random,float32
15,631.858426,9763,52430573,54.046,random,float32
15,632.394689,4047,52430573,52.928,random,float32
15,632.934144,1644,52430573,52.503,random,float32
15,633.477647,118,52430573,52.866,random,float32
15,634.021166,4776,52430573,52.231,random,float32
15,634.561039,532,52430573,53.249,random,float32
15,635.094846,8873,52430573,54.969,random,float32
15,635.631987,2916,52430573,55.796,random,float32
15,636.176401,7369,52430573,55.914,random,float32
15,636.711119,7355,52430573,56.479,random,float32
15,637.232855,2331,52430573,49.073,random,float32
15,637.770532,5324,52430573,51.741,random,float32
15,638.302350,2398,52430573,49.670,random,float32
15,638.828021,5658,52430573,52.756,random,float32
15,639.357281,6839,52430573,51.107,random,float32
15,639.891874,2249,52430573,54.968,random,float32
15,640.425205,7481,52430573,51.919,random,float32
15,640.960030,6569,52430573,54.998,random,float32
15,641.499102,9087,52430573,55.363,random,float32
15,642.037338,1333,52430573,53.495,random,float32
15,642.572066,4897,52430573,51.418,random,float32
15,643.103872,1573,52430573,52.630,random,float32
15,643.640317,264,52430573,51.585,random,float32
15,644.164146,5186,52430573,52.252,random,float32
15,644.696930,2820,52430573,53.227,random,float32
15,645.226843,761,52430573,54.308,random,float32
15,645.741852,5214,52430573,49.476,random,float32
15,646.262689,6563,52430573,55.529,random,float32
15,646.791272,5367,52430573,52.544,random,float32
15,647.321513,3652,52430573,53.233,random,float32
15,647.853428,2837,52430573,55.472,random,float32
15,648.370918,8565,52430573,50.226,random,float32
15,648.901641,6974,52430573,52.621,random,float32
15,649.435703,1928,52430573,53.643,random,float32
15,649.966507,2597,52430573,55.100,random,float32
15,650.504177,9683,52430573,54.812,random,float32
15,651.042541,61,52430573,55.278,random,float32
15,651.578921,1841,52430573,53.113,random,float32
15,652.115376,1202,52430573,53.627,random,float32
15,652.640974,2804,52430573,52.210,random,float32
15,653.171012,5906,52430573,53.482,random,float32
15,653.713118,8557,52430573,54.234,random,float32
15,654.261620,1885,52430573,55.461,random,float32
15,654.799336,1479,52430573,54.640,random,float32
15,655.335449,1274,52430573,52.905,random,float32
15,655.865114,8620,52430573,54.965,random,float32
15,656.410760,1613,52430573,54.294,random,float32
15,656.945249,1801,52430573,53.350,random,float32
15,657.484358,4855,52430573,54.731,random,float32
15,658.028955,9873,52430573,55.207,random,float32
15,658.572079,6892,52430573,55.297,random,float32
15,659.112642,9989,52430573,53.506,random,float32
15,659.659549,4323,52430573,54.991,random,float32
15,660.207322,4110,52430573,55.519,random,float32
15,660.755989,7602,52430573,54.896,random,float32
15,661.300636,2433,52430573,51.324,random,float32
15,661.833934,1888,52430573,55.290,random,float32
15,662.367266,2308,52430573,51.505,random,float32
15,662.893453,8196,52430573,52.492,random,float32
15,663.419410,5781,52430573,53.150,random,float32
15,663.947518,2035,52430573,53.290,random,float32
15,664.486962,7692,52430573,54.810,random,float32
15,665.019126,9628,52430573,54.507,random,float32
15,665.550278,9474,52430573,51.045,random,float32
15,666.085495,2572,52430573,53.229,random,float32
15,666.621133,941,52430573,52.796,random,float32
15,667.160966,6676,52430573,51.951,random,float32
15,667.707542,7757,52430573,57.318,random,float32
15,668.236877,4812,52430573,51.031,random,float32
15,668.766571,4696,52430573,51.806,random,float32
15,669.290631,1205,52430573,52.287,random,float32
15,669.825768,8050,52430573,52.791,random,float32
15,670.364609,4266,52430573,55.163,random,float32
15,670.902294,8401,52430573,53.907,random,float32
15,671.441175,724,52430573,55.131,random,float32
15,671.963172,8292,52430573,50.152,random,float32
15,672.501915,2490,52430573,55.596,random,float32
15,673.027837,6211,52430573,53.878,random,float32
15,673.554221,4679,52430573,54.539,random,float32
15,674.082543,6202,52430573,56.016,random,float32
15,674.627410,7894,52430573,53.018,random,float32
15,675.162002,8517,52430573,54.957,random,float32
15,675.697307,594,52430573,51.761,random,float32
15,676.222914,9279,52430573,53.462,random,float32
15,676.758254,7030,52430573,56.047,random,float32
15,677.292351,4235,52430573,52.040,random,float32
15,677.831130,232,52430573,53.514,random,float32
15,678.358134,8038,52430573,51.717,random,float32
15,678.903732,1117,52430573,53.575,random,float32
15,679.425631,7078,52430573,51.078,random,float32
15,679.958780,9862,52430573,55.739,random,float32
15,680.485891,6320,52430573,52.633,random,float32
15,681.017455,5533,52430573,54.266,random,float32
15,681.552420,3203,52430573,49.868,random,float32
15,682.084283,6987,52430573,50.430,random,float32
15,682.617356,5240,52430573,52.805,random,float32
15,683.152286,8020,52430573,52.975,random,float32
15,683.679636,7956,52430573,52.007,random,float32
15,684.213758,5965,52430573,52.487,random,float32
15,684.740486,8288,52430573,54.015,random,float32
15,685.269142,4031,52430573,51.985,random,float32
15,685.797572,5636,52430573,52.675,random,float32
15,686.330866,967,52430573,52.192,random,float32
15,686.866283,9209,52430573,53.224,random,float32
15,687.405133,1085,52430573,53.382,random,float32
15,687.948124,4321,52430573,52.428,random,float32
15,688.480710,7732,52430573,54.821,random,float32
15,689.018140,4706,52430573,51.866,random,float32
15,689.570115,4771,52430573,56.730,random,float32
15,690.122801,396,52430573,52.841,random,float32
15,690.653259,8227,52430573,52.765,random,float32
15,691.203576,5754,52430573,54.553,random,float32
15,691.752136,1523,52430573,53.196,random,float32
15,692.293791,8848,52430573,56.338,random,float32
15,692.834755,6706,52430573,53.530,random,float32
15,693.385487,583,52430573,54.880,random,float32
15,693.923352,1043,52430573,55.112,random,float32
15,694.466917,4268,52430573,55.432,random,float32
15,695.006247,2006,52430573,53.671,random,float32
15,695.549884,6543,52430573,51.580,random,float32
15,696.082018,7641,52430573,55.066,random,float32
15,696.623978,9410,52430573,54.356,random,float32
15,697.162126,2090,52430573,54.493,random,float32
15,697.707350,4409,52430573,53.534,random,float32
15,698.256481,1334,52430573,56.538,random,float32
15,698.819211,5137,52430573,55.701,random,float32
15,699.345061,8473,52430573,51.063,random,float32
15,699.887297,4845,52430573,56.687,random,float32
15,700.433119,4016,52430573,56.542,random,float32
15,700.984019,5943,52430573,56.628,random,float32
15,701.516902,1611,52430573,51.310,random,float32
15,702.035364,1931,52430573,50.576,random,float32
15,702.569409,7073,52430573,52.300,random,float32
15,703.097458,7350,52430573,57.290,random,float32
15,703.632423,8510,52430573,54.570,random,float32
15,704.171560,9984,52430573,54.811,random,float32
15,704.711824,9208,52430573,53.344,random,float32
15,705.252643,6311,52430573,52.594,random,float32
15,705.787922,8520,52430573,49.671,random,float32
15,706.321532,5700,52430573,55.173,random,float32
15,706.854400,6796,52430573,54.375,random,float32
15,707.388811,2534,52430573,53.497,random,float32
15,707.944654,4280,52430573,56.418,random,float32
15,708.474005,8763,52430573,53.085,random,float32
15,709.026857,6264,52430573,54.534,random,float32
15,709.571288,6272,52430573,55.622,random,float32
15,710.126165,6190,52430573,56.830,random,float32
15,710.665773,4012,52430573,55.681,random,float32
15,711.195669,8192,52430573,52.101,random,float32
15,711.730793,4255,52430573,54.591,random,float32
15,712.283277,562,52430573,56.843,random,float32
15,712.827355,1788,52430573,54.503,random,float32
15,713.371207,3416,52430573,55.304,random,float32
15,713.900070,7978,52430573,55.623,random,float32
15,714.422364,4986,52430573,52.430,random,float32
15,714.969599,1658,52430573,54.186,random,float32
15,715.510534,6666,52430573,53.912,random,float32
15,716.063472,2075,52430573,53.594,random,float32
15,716.617725,2794,52430573,55.228,random,float32
15,717.158352,9577,52430573,52.900,random,float32
15,717.708590,5497,52430573,54.286,random,float32
15,718.264112,5638,52430573,56.828,random,float32
15,718.813535,6517,52430573,53.217,random,float32
15,719.367166,3973,52430573,55.284,random,float32
15,719.898586,2791,52430573,55.767,random,float32
15,720.430423,3895,52430573,53.950,random,float32
15,720.957463,260,52430573,49.441,random,float32
15,721.493978,3972,52430573,50.100,random,float32
15,722.024195,58,52430573,52.439,random,float32
15,722.551015,13,52430573,51.979,random,float32
15,723.075538,1708,52430573,54.559,random,float32
15,723.603242,3207,52430573,52.947,random,float32
15,724.127064,9397,52430573,51.716,random,float32
15,724.649107,3215,52430573,49.692,random,float32
15,725.170114,1249,52430573,53.834,random,float32
15,725.699210,6733,52430573,52.684,random,float32
15,726.228126,1465,52430573,54.510,random,float32
15,726.756161,9950,52430573,50.197,random,float32
15,727.295744,2630,52430573,54.560,random,float32
15,727.826557,825,52430573,54.681,random,float32
15,728.332195,361,52430573,49.952,random,float32
15,728.864300,1177,52430573,53.423,random,float32
15,729.389982,4585,52430573,51.746,random,float32
15,729.908271,5386,52430573,51.543,random,float32
15,730.444765,9317,52430573,54.525,random,float32
15,730.972091,9155,52430573,53.541,random,float32
15,731.511830,2397,52430573,54.695,random,float32
15,732.053954,5315,52430573,52.125,random,float32
15,732.591467,373,52430573,53.657,random,float32
15,733.125613,1373,52430573,54.724,random,float32
15,733.674132,6162,52430573,54.699,random,float32
15,734.208170,6265,52430573,53.244,random,float32
15,734.745670,7168,52430573,54.371,random,float32
15,735.289633,2179,52430573,54.857,random,float32
15,735.815519,9529,52430573,51.413,random,float32
15,736.337242,2553,52430573,51.717,random,float32
15,736.869105,9775,52430573,52.372,random,float32
15,737.406516,9391,52430573,53.816,random,float32
15,737.946987,8779,52430573,55.673,random,float32
15,738.484171,160,52430573,54.719,random,float32
15,739.036717,1401,52430573,54.576,random,float32
15,739.594894,8087,52430573,53.592,random,float32
15,740.141603,6607,52430573,55.617,random,float32
15,740.687562,3718,52430573,57.617,random,float32
15,741.225579,8734,52430573,52.209,random,float32
15,741.777327,9559,52430573,54.890,random,float32
15,742.313991,6464,52430573,53.698,random,float32
15,742.854608,1533,52430573,54.395,random,float32
15,743.398141,8695,52430573,54.039,random,float32
15,743.930070,169,52430573,53.888,random,float32
15,744.463887,1897,52430573,52.544,random,float32
15,745.000808,95,52430573,50.348,random,float32
15,745.535983,9353,52430573,52.310,random,float32
15,746.080004,6005,52430573,54.147,random,float32
15,746.628840,4193,52430573,54.372,random,float32
15,747.171321,629,52430573,53.914,random,float32
15,747.716094,406,52430573,53.664,random,float32
15,748.278457,9731,52430573,58.705,random,float32
15,748.823703,8517,52430573,55.678,random,float32
15,749.373731,4985,52430573,56.790,random,float32
15,749.917147,4990,52430573,52.734,random,float32
15,750.453701,9556,52430573,55.319,random,float32
15,751.000454,9644,52430573,55.627,random,float32
15,751.537249,6601,52430573,51.520,random,float32
15,752.079232,4721,52430573,54.864,random,float32
15,752.610154,448,52430573,55.585,random,float32
15,753.141183,1799,52430573,53.719,random,float32
15,753.678703,7902,52430573,52.818,random,float32
15,754.208523,6827,52430573,52.061,random,float32
15,754.730135,3229,52430573,52.787,random,float32
15,755.254457,6708,52430573,52.961,random,float32
15,755.780953,1267,52430573,51.082,random,float32
15,756.306193,945,52430573,53.557,random,float32
15,756.841569,3422,52430573,56.258,random,float32
15,757.371539,1405,52430573,50.532,random,float32
15,757.899611,851,52430573,53.707,random,float32
15,758.434562,2877,52430573,51.088,random,float32
15,758.969986,8158,52430573,53.987,random,float32
15,759.494300,9409,52430573,48.721,random,float32
15,760.012591,8954,52430573,55.183,random,float32
15,760.539262,323,52430573,52.899,random,float32
15,761.068838,7406,52430573,54.357,random,float32
15,761.596729,8806,52430573,53.205,random,float32
15,762.137900,6337,52430573,57.311,random,float32
15,762.659246,938,52430573,49.949,random,float32
15,763.172572,6886,52430573,48.972,random,float32
15,763.712875,8326,52430573,52.534,random,float32
15,764.230186,4132,52430573,54.754,random,float32
15,764.747007,7631,52430573,52.775,random,float32
15,765.281600,1226,52430573,54.014,random,float32
15,765.820760,114,52430573,54.524,random,float32
15,766.356650,5241,52430573,55.095,random,float32
15,766.906548,1336,52430573,53.345,random,float32
15,767.446015,6241,52430573,53.856,random,float32
15,767.982419,5454,52430573,51.069,random,float32
15,768.512565,8075,52430573,51.662,random,float32
15,769.035317,9725,52430573,52.986,random,float32
15,769.564151,5224,52430573,55.653,random,float32
15,770.116802,9915,52430573,56.357,random,float32
15,770.651862,8343,52430573,53.804,random,float32
15,771.184214,8277,52430573,55.947,random,float32
15,771.714894,1187,52430573,54.598,random,float32
15,772.266974,6991,52430573,56.246,random,float32
15,772.811649,1931,52430573,52.850,random,float32
15,773.351531,4206,52430573,53.885,random,float32
15,773.893227,5817,52430573,51.744,random,float32
15,774.422603,2941,52430573,55.062,random,float32
15,774.960029,7889,52430573,53.894,random,float32
15,775.493272,4410,52430573,54.152,random,float32
15,776.043749,4510,52430573,55.953,random,float32
15,776.589552,2984,52430573,55.254,random,float32
15,777.133433,9993,52430573,54.894,random,float32
15,777.675574,4569,52430573,52.675,random,float32
15,778.225134,6614,52430573,54.531,random,float32
15,778.760818,5317,52430573,51.739,random,float32
15,779.291015,2816,52430573,52.344,random,float32
15,779.820729,4507,52430573,52.282,random,float32
15,780.344789,8633,52430573,53.627,random,float32
15,780.870915,9924,52430573,51.898,random,float32
15,781.398987,2374,52430573,52.908,random,float32
15,781.935839,5271,52430573,53.442,random,float32
15,782.476198,2697,52430573,54.338,random,float32
15,783.028029,5103,52430573,57.900,random,float32
15,783.567526,866,52430573,52.233,random,float32
15,784.097332,7929,52430573,54.885,random,float32
15,784.640136,7482,52430573,53.932,random,float32
15,785.189594,9808,52430573,61.562,random,float32
15,785.731576,4249,52430573,52.344,random,float32
15,786.276065,6307,52430573,55.425,random,float32
15,786.818644,3605,52430573,54.189,random,float32
15,787.357765,870,52430573,53.402,random,float32
15,787.890348,2328,52430573,51.397,random,float32
15,788.416176,2756,52430573,53.085,random,float32
15,788.953553,852,52430573,57.478,random,float32
15,789.476217,7476,52430573,53.268,random,float32
15,790.009074,6204,52430573,55.727,random,float32
15,790.542400,6001,52430573,53.002,random,float32
15,791.077364,5907,52430573,55.277,random,float32
15,791.609969,2086,52430573,51.893,random,float32
15,792.141987,727,52430573,52.981,random,float32
15,792.686766,2083,52430573,55.378,random,float32
15,793.226524,9713,52430573,54.146,random,float32
15,793.757659,3070,52430573,55.007,random,float32
15,794.286380,3332,52430573,48.016,random,float32
15,794.807682,4708,52430573,50.257,random,float32
15,795.333694,867,52430573,53.256,random,float32
15,795.851221,6121,52430573,55.081,random,float32
15,796.369048,3796,52430573,49.870,random,float32
15,796.898683,2335,52430573,52.815,random,float32
15,797.425429,6774,52430573,50.803,random,float32
15,797.965361,9789,52430573,55.497,random,float32
15,798.498488,7997,52430573,54.164,random,float32
15,799.019259,8319,52430573,52.458,random,float32
15,799.548686,1770,52430573,54.446,random,float32
15,800.107415,3768,52430573,59.433,random,float32
15,800.656779,4624,52430573,54.252,random,float32
15,801.198188,6138,52430573,53.719,random,float32
15,801.736639,4183,52430573,55.119,random,float32
15,802.270377,8104,52430573,53.044,random,float32
15,802.807653,4030,52430573,55.286,random,float32
15,803.356444,2221,52430573,55.676,random,float32
15,803.890648,7071,52430573,55.124,random,float32
15,804.427396,1676,52430573,54.203,random,float32
15,804.971724,5359,52430573,54.765,random,float32
15,805.505728,6840,52430573,52.676,random,float32
15,806.037785,1258,52430573,52.633,random,float32
15,806.564132,6163,52430573,53.148,random,float32
15,807.090012,9508,52430573,51.375,random,float32
15,807.623095,2147,52430573,53.485,random,float32
15,808.149015,2922,52430573,53.408,random,float32
15,808.689503,1239,52430573,55.652,random,float32
15,809.229153,3085,52430573,54.117,random,float32
15,809.775283,725,52430573,55.047,random,float32
15,810.293516,798,52430573,53.366,random,float32
15,810.830805,2115,52430573,53.983,random,float32
15,811.370048,7497,52430573,53.301,random,float32
15,811.917174,8630,52430573,55.421,random,float32
15,812.455708,5263,52430573,55.019,random,float32
15,812.995040,6462,52430573,52.993,random,float32
15,813.548076,8316,52430573,54.046,random,float32
15,814.090464,1041,52430573,53.520,random,float32
15,814.629821,6653,52430573,53.940,random,float32
15,815.178413,792,52430573,53.436,random,float32
15,815.725960,6623,52430573,54.789,random,float32
15,816.267527,7109,52430573,53.420,random,float32
15,816.800915,290,52430573,53.617,random,float32
15,817.331864,8904,52430573,54.210,random,float32
15,817.871239,2503,52430573,55.723,random,float32
15,818.394433,2111,52430573,54.260,random,float32
15,818.924463,4101,52430573,54.872,random,float32
15,819.456448,2146,52430573,51.576,random,float32
15,819.982657,6248,52430573,55.158,random,float32
15,820.504882,253,52430573,53.050,random,float32
15,821.030560,2781,52430573,52.866,random,float32
15,821.553243,3635,52430573,53.876,random,float32
15,822.085550,7040,52430573,52.310,random,float32
15,822.617957,854,52430573,52.561,random,float32
15,823.143155,5237,52430573,52.252,random,float32
15,823.688208,1985,52430573,53.814,random,float32
15,824.240006,3959,52430573,54.982,random,float32
15,824.810982,6352,52430573,55.401,random,float32
15,825.356361,5758,52430573,54.029,random,float32
15,825.891806,5345,52430573,55.002,random,float32
15,826.435390,6305,52430573,52.885,random,float32
15,826.975319,665,52430573,54.420,random,float32
15,827.509284,5914,52430573,54.044,random,float32
15,828.061154,8791,52430573,57.540,random,float32
15,828.616957,62,52430573,50.707,random,float32
15,829.146356,1314,52430573,51.573,random,float32
15,829.672578,5565,52430573,53.780,random,float32
15,830.196468,1540,52430573,52.275,random,float32
15,830.728862,5536,52430573,50.924,random,float32
15,831.256889,5774,52430573,54.777,random,float32
15,831.795492,4591,52430573,53.848,random,float32
15,832.325241,613,52430573,53.483,random,float32
15,832.858213,5800,52430573,54.298,random,float32
15,833.405480,8451,52430573,55.338,random,float32
15,833.946868,1057,52430573,55.588,random,float32
15,834.487540,9911,52430573,53.337,random,float32
15,835.029700,407,52430573,53.862,random,float32
15,835.569964,1187,52430573,54.237,random,float32
15,836.107860,2892,52430573,54.589,random,float32
15,836.640218,7567,52430573,53.619,random,float32
15,837.177621,2167,52430573,53.780,random,float32
15,837.714472,7056,52430573,53.917,random,float32
15,838.251192,2686,52430573,52.515,random,float32
15,838.785882,7868,52430573,54.514,random,float32
15,839.313031,8085,52430573,54.193,random,float32
15,839.858243,9098,52430573,54.392,random,float32
15,840.399235,8000,52430573,54.929,random,float32
15,840.927769,43,52430573,51.888,random,float32
15,841.464680,222,52430573,55.705,random,float32
15,841.999371,7159,52430573,54.727,random,float32
15,842.535250,392,52430573,54.431,random,float32
15,843.067443,2393,52430573,50.977,random,float32
15,843.598277,7246,52430573,55.490,random,float32
15,844.130943,864,52430573,53.115,random,float32
15,844.659250,9252,52430573,51.641,random,float32
15,845.184395,6353,52430573,52.891,random,float32
15,845.717623,2340,52430573,51.323,random,float32
15,846.254375,2337,52430573,54.328,random,float32
15,846.787638,1113,52430573,53.943,random,float32
15,847.316851,7229,52430573,53.697,random,float32
15,847.852905,6447,52430573,53.014,random,float32
15,848.384767,2942,52430573,51.902,random,float32
15,848.919970,8799,52430573,53.265,random,float32
15,849.451523,3404,52430573,52.687,random,float32
15,849.991164,8923,52430573,55.293,random,float32
15,850.528346,789,52430573,52.559,random,float32
15,851.069481,109,52430573,53.744,random,float32
15,851.620108,3474,52430573,52.239,random,float32
15,852.156925,7045,52430573,52.347,random,float32
15,852.706585,3218,52430573,57.156,random,float32
15,853.248649,7089,52430573,53.852,random,float32
15,853.787685,1232,52430573,53.888,random,float32
15,854.332599,3734,52430573,54.202,random,float32
15,854.868705,6004,52430573,55.220,random,float32
15,855.410851,6553,52430573,51.530,random,float32
15,855.965736,7741,52430573,53.047,random,float32
15,856.508571,3460,52430573,53.294,random,float32
15,857.051772,5293,52430573,53.315,random,float32
15,857.601807,4688,52430573,53.555,random,float32
15,858.142565,5980,52430573,54.339,random,float32
15,858.686098,2598,52430573,53.252,random,float32
15,859.232445,2114,52430573,55.093,random,float32
15,859.780995,2847,52430573,53.171,random,float32
15,860.329240,8264,52430573,53.913,random,float32
15,860.865916,2130,52430573,54.648,random,float32
15,861.402489,8527,52430573,54.698,random,float32
15,861.955035,7386,52430573,53.783,random,float32
15,862.496559,2068,52430573,54.324,random,float32
15,863.029921,2398,52430573,51.661,random,float32
15,863.565328,9930,52430573,52.195,random,float32
15,864.093978,6212,52430573,53.050,random,float32
15,864.632737,2374,52430573,54.522,random,float32
15,865.183214,4828,52430573,52.317,random,float32
15,865.739359,611,52430573,56.020,random,float32
15,866.284754,9852,52430573,54.714,random,float32
15,866.851679,6946,52430573,55.251,random,float32
15,867.404851,9699,52430573,53.626,random,float32
15,867.946540,5049,52430573,53.246,random,float32
15,868.487868,2652,52430573,53.093,random,float32
15,869.010480,2985,52430573,50.759,random,float32
15,869.546142,8976,52430573,55.600,random,float32
15,870.088437,2355,52430573,53.889,random,float32
15,870.637624,3161,52430573,55.566,random,float32
15,871.175157,1583,52430573,54.938,random,float32
15,871.697036,3091,52430573,53.884,random,float32
15,872.233645,8442,52430573,56.624,random,float32
15,872.768211,6235,52430573,52.762,random,float32
15,873.298196,2097,52430573,54.434,random,float32
15,873.836151,6264,52430573,53.608,random,float32
15,874.375291,5437,52430573,54.260,random,float32
15,874.903969,864,52430573,54.791,random,float32
15,875.445612,2180,52430573,54.358,random,float32
15,875.990746,4782,52430573,53.926,random,float32
15,876.525059,7642,52430573,54.416,random,float32
15,877.071275,951,52430573,54.697,random,float32
15,877.616937,9527,52430573,50.859,random,float32
15,878.161222,6084,52430573,54.452,random,float32
15,878.709326,3502,52430573,57.019,random,float32
15,879.248110,5031,52430573,52.437,random,float32
15,879.798470,5996,52430573,55.197,random,float32
15,880.346046,3986,52430573,55.631,random,float32
15,880.885686,8222,52430573,54.705,random,float32
15,881.423896,7488,52430573,55.031,random,float32
15,881.975652,367,52430573,53.833,random,float32
15,882.526225,8550,52430573,55.324,random,float32
15,883.069208,1783,52430573,53.724,random,float32
15,883.617710,3122,52430573,54.823,random,float32
15,884.164185,7793,52430573,52.958,random,float32
15,884.717447,444,52430573,52.512,random,float32
15,885.259108,1491,52430573,52.736,random,float32
15,885.792802,4289,52430573,54.298,random,float32
15,886.327032,8048,52430573,53.248,random,float32
15,886.870901,6636,52430573,56.668,random,float32
15,887.414876,9690,52430573,54.580,random,float32
15,887.962987,8765,52430573,52.115,random,float32
15,888.487198,4630,52430573,53.363,random,float32
15,889.028400,5426,52430573,53.562,random,float32
15,889.572196,6561,52430573,54.581,random,float32
15,890.107802,1919,52430573,53.296,random,float32
15,890.659249,244,52430573,53.466,random,float32
15,891.196954,5683,52430573,52.648,random,float32
15,891.752139,1113,52430573,55.872,random,float32
15,892.293877,7213,52430573,52.565,random,float32
15,892.832494,3367,52430573,51.463,random,float32
15,893.357849,8317,52430573,52.240,random,float32
15,893.901302,9140,52430573,52.595,random,float32
15,894.438477,2249,52430573,53.619,random,float32
15,894.970853,3213,52430573,52.773,random,float32
15,895.505199,1380,52430573,54.548,random,float32
15,896.045331,330,52430573,54.008,random,float32
15,896.582851,6252,52430573,54.567,random,float32
15,897.108174,7257,52430573,51.976,random,float32
15,897.628565,8457,52430573,52.684,random,float32
15,898.152987,8272,52430573,52.078,random,float32
15,898.680826,658,52430573,53.225,random,float32
15,899.213394,3705,52430573,57.247,random,float32
15,899.779553,1415,52430573,57.088,random,float32
