worker_id,time_since_start_s,file_idx_in_corpus,file_size_bytes,load_latency_ms,pattern,dtype_inferred
0,304.771005,36211,52430573,242.466,random,float32
0,309.862971,58743,52430573,223.419,random,float32
0,315.345791,45056,52430573,402.018,random,float32
0,319.959547,25242,52430573,281.496,random,float32
0,324.949281,25443,52430573,920.280,random,float32
0,329.659133,7146,52430573,249.594,random,float32
0,334.850812,44657,52430573,890.149,random,float32
0,339.686151,7026,52430573,374.664,random,float32
0,344.908662,59049,52430573,264.288,random,float32
0,349.921432,10641,52430573,414.284,random,float32
0,354.608006,38175,52430573,256.147,random,float32
0,359.293097,55723,52430573,863.919,random,float32
0,363.754832,37828,52430573,219.099,random,float32
0,369.205416,10543,52430573,408.614,random,float32
0,374.697627,5273,52430573,381.135,random,float32
0,380.847457,45607,52430573,290.250,random,float32
0,385.418878,52488,52430573,429.106,random,float32
0,390.600479,60552,52430573,441.091,random,float32
0,396.211217,17172,52430573,411.398,random,float32
0,402.068156,53476,52430573,422.400,random,float32
0,407.382441,54459,52430573,377.354,random,float32
0,412.711047,36208,52430573,411.672,random,float32
0,418.135701,63483,52430573,391.207,random,float32
0,424.167802,53841,52430573,916.061,random,float32
0,429.693514,65836,52430573,284.142,random,float32
0,435.161349,9807,52430573,413.081,random,float32
0,440.024632,4705,52430573,364.097,random,float32
0,444.739604,21805,52430573,400.299,random,float32
0,449.568575,19080,52430573,279.292,random,float32
0,454.588152,18758,52430573,337.973,random,float32
0,458.910212,9681,52430573,414.138,random,float32
0,465.171186,63335,52430573,417.355,random,float32
0,470.838835,1061,52430573,949.196,random,float32
0,476.675475,12735,52430573,402.161,random,float32
0,483.505460,54460,52430573,412.895,random,float32
0,488.623260,38684,52430573,285.901,random,float32
0,493.669790,51717,52430573,389.273,random,float32
0,499.741067,30647,52430573,908.895,random,float32
0,504.678971,18320,52430573,337.025,random,float32
0,508.351803,59459,52430573,368.247,random,float32
0,512.915582,48566,52430573,405.169,random,float32
0,517.791178,52184,52430573,404.180,random,float32
0,522.782408,31925,52430573,423.287,random,float32
0,528.813491,36342,52430573,408.943,random,float32
0,534.004972,31186,52430573,242.088,random,float32
0,539.142832,62422,52430573,393.154,random,float32
0,544.029980,7972,52430573,408.041,random,float32
0,550.000624,19442,52430573,937.329,random,float32
0,555.535996,14996,52430573,369.805,random,float32
0,560.637444,12463,52430573,870.116,random,float32
0,565.441812,11188,52430573,397.710,random,float32
0,569.813660,46346,52430573,820.084,random,float32
0,574.772713,29392,52430573,894.696,random,float32
0,579.223518,3794,52430573,245.655,random,float32
0,585.295603,9120,52430573,207.484,random,float32
0,590.545678,48503,52430573,305.140,random,float32
0,594.703917,58079,52430573,238.949,random,float32
0,599.067336,14534,52430573,314.347,random,float32
0,603.786410,39507,52430573,230.047,random,float32
0,609.058825,23028,52430573,468.801,random,float32
0,614.586970,2456,52430573,926.578,random,float32
0,619.502049,2733,52430573,865.958,random,float32
0,624.531895,52487,52430573,913.257,random,float32
0,629.266533,25415,52430573,915.382,random,float32
0,634.591117,20036,52430573,896.500,random,float32
0,640.355736,8950,52430573,429.380,random,float32
0,646.362277,59233,52430573,953.034,random,float32
0,650.513848,58947,52430573,298.057,random,float32
0,656.650930,11053,52430573,398.726,random,float32
0,661.389262,50779,52430573,412.911,random,float32
0,666.840726,33029,52430573,405.986,random,float32
0,671.737132,40577,52430573,300.940,random,float32
0,677.597591,23627,52430573,902.707,random,float32
0,682.802177,13256,52430573,408.844,random,float32
0,687.956525,5726,52430573,392.583,random,float32
0,693.272762,61474,52430573,404.780,random,float32
0,696.831797,26174,52430573,311.099,random,float32
0,701.751293,21012,52430573,392.204,random,float32
0,707.132961,54381,52430573,375.676,random,float32
0,711.302607,3694,52430573,383.860,random,float32
0,717.300059,61487,52430573,860.945,random,float32
0,722.681037,37762,52430573,926.738,random,float32
0,726.547935,65513,52430573,406.335,random,float32
0,731.270150,24551,52430573,412.628,random,float32
0,736.673625,33246,52430573,395.862,random,float32
0,740.901665,46176,52430573,212.474,random,float32
0,746.668990,38462,52430573,397.571,random,float32
0,751.649629,4799,52430573,443.383,random,float32
0,756.158306,52431,52430573,356.963,random,float32
0,760.196269,55640,52430573,377.493,random,float32
0,766.375373,40173,52430573,405.095,random,float32
0,770.927978,35986,52430573,370.973,random,float32
0,775.792780,16545,52430573,836.832,random,float32
0,781.030291,48760,52430573,254.496,random,float32
0,786.314386,3396,52430573,432.225,random,float32
0,791.870758,64382,52430573,273.230,random,float32
0,796.862044,45537,52430573,230.537,random,float32
0,801.131395,18202,52430573,206.690,random,float32
0,804.702719,40539,52430573,287.709,random,float32
0,809.223170,61057,52430573,380.939,random,float32
0,813.930753,39862,52430573,401.555,random,float32
0,819.492137,35972,52430573,851.968,random,float32
0,823.542063,3718,52430573,369.154,random,float32
0,828.690909,63300,52430573,375.373,random,float32
0,833.269791,63471,52430573,387.585,random,float32
0,838.203832,48567,52430573,916.950,random,float32
0,842.865546,12689,52430573,246.498,random,float32
0,846.815590,20885,52430573,402.461,random,float32
0,852.825328,31552,52430573,358.634,random,float32
0,858.072590,14089,52430573,202.157,random,float32
0,861.708858,25513,52430573,199.622,random,float32
0,866.685507,51629,52430573,456.184,random,float32
0,871.657083,5100,52430573,325.372,random,float32
0,876.495289,51505,52430573,271.415,random,float32
0,881.317404,54596,52430573,449.388,random,float32
0,887.255924,19369,52430573,871.242,random,float32
0,892.650851,54127,52430573,254.545,random,float32
0,898.112087,49391,52430573,260.771,random,float32
1,304.576358,9466,52430573,392.447,random,float32
1,309.278804,27088,52430573,866.211,random,float32
1,313.597327,36637,52430573,212.850,random,float32
1,318.334781,54452,52430573,251.248,random,float32
1,323.509120,54301,52430573,247.049,random,float32
1,328.376524,27646,52430573,384.902,random,float32
1,333.156653,48401,52430573,851.961,random,float32
1,338.497310,47104,52430573,405.040,random,float32
1,343.707985,15122,52430573,410.082,random,float32
1,349.183613,65667,52430573,833.783,random,float32
1,354.723029,29221,52430573,423.924,random,float32
1,360.042998,64444,52430573,299.983,random,float32
1,365.313879,63768,52430573,409.195,random,float32
1,369.572636,28861,52430573,402.843,random,float32
1,374.418976,45490,52430573,395.753,random,float32
1,379.780297,48072,52430573,370.578,random,float32
1,385.264386,38127,52430573,252.291,random,float32
1,389.442878,15708,52430573,340.450,random,float32
1,393.976715,3544,52430573,207.077,random,float32
1,399.108813,11250,52430573,228.839,random,float32
1,403.902760,36187,52430573,410.368,random,float32
1,409.987732,14189,52430573,913.784,random,float32
1,415.134083,59553,52430573,834.862,random,float32
1,420.121661,37707,52430573,429.618,random,float32
1,424.608363,43968,52430573,393.302,random,float32
1,429.800677,21476,52430573,283.090,random,float32
1,435.108409,41452,52430573,386.242,random,float32
1,441.404118,11127,52430573,403.108,random,float32
1,447.080489,44516,52430573,864.172,random,float32
1,452.218513,31477,52430573,484.066,random,float32
1,456.886060,14629,52430573,256.262,random,float32
1,461.257746,33251,52430573,414.218,random,float32
1,465.850644,57600,52430573,355.047,random,float32
1,471.530455,62853,52430573,407.033,random,float32
1,476.565049,12843,52430573,394.370,random,float32
1,481.944226,41236,52430573,426.502,random,float32
1,487.059259,37580,52430573,396.844,random,float32
1,492.025510,11883,52430573,415.459,random,float32
1,496.484741,29508,52430573,392.788,random,float32
1,501.944288,43194,52430573,250.727,random,float32
1,506.712676,31200,52430573,392.649,random,float32
1,512.334366,41785,52430573,406.169,random,float32
1,517.727328,41742,52430573,300.285,random,float32
1,522.797135,7697,52430573,398.914,random,float32
1,528.058114,37103,52430573,885.503,random,float32
1,532.769868,32088,52430573,384.164,random,float32
1,537.851684,43158,52430573,441.963,random,float32
1,543.949424,60685,52430573,433.124,random,float32
1,549.393222,26904,52430573,456.058,random,float32
1,554.980865,41270,52430573,365.778,random,float32
1,559.176162,50128,52430573,257.643,random,float32
1,564.397115,24515,52430573,459.834,random,float32
1,569.072746,52144,52430573,390.809,random,float32
1,574.967255,6161,52430573,458.562,random,float32
1,580.019163,16664,52430573,219.205,random,float32
1,585.481729,22210,52430573,449.118,random,float32
1,590.971972,57703,52430573,424.258,random,float32
1,596.507744,2027,52430573,410.184,random,float32
1,601.480879,43952,52430573,438.791,random,float32
1,606.852329,53563,52430573,434.709,random,float32
1,612.192657,56727,52430573,967.982,random,float32
1,616.598047,44719,52430573,393.890,random,float32
1,621.928975,21283,52430573,317.943,random,float32
1,626.446269,4356,52430573,419.029,random,float32
1,631.840997,59240,52430573,435.648,random,float32
1,637.360321,38655,52430573,336.244,random,float32
1,642.080544,29060,52430573,342.641,random,float32
1,647.694896,21011,52430573,856.710,random,float32
1,652.999258,49671,52430573,865.498,random,float32
1,657.890340,14757,52430573,396.697,random,float32
1,663.121183,5982,52430573,422.967,random,float32
1,668.273096,25191,52430573,400.035,random,float32
1,673.359247,56458,52430573,426.928,random,float32
1,679.260738,43236,52430573,747.085,random,float32
1,683.131582,27970,52430573,289.803,random,float32
1,688.009058,20154,52430573,367.920,random,float32
1,692.748157,9704,52430573,280.260,random,float32
1,698.002989,48180,52430573,389.960,random,float32
1,703.114310,49584,52430573,424.071,random,float32
1,708.805045,20188,52430573,416.862,random,float32
1,714.196803,51190,52430573,408.570,random,float32
1,719.610486,25073,52430573,476.039,random,float32
1,724.237256,25048,52430573,400.197,random,float32
1,729.552868,29641,52430573,444.366,random,float32
1,734.846650,52554,52430573,371.122,random,float32
1,740.305927,32757,52430573,884.281,random,float32
1,744.739325,56647,52430573,885.135,random,float32
1,749.679032,61208,52430573,365.425,random,float32
1,754.597938,56843,52430573,403.605,random,float32
1,759.409415,57348,52430573,422.336,random,float32
1,764.757984,43599,52430573,884.486,random,float32
1,770.482525,12054,52430573,922.077,random,float32
1,775.781259,51320,52430573,867.811,random,float32
1,781.351967,4850,52430573,417.006,random,float32
1,787.207788,33902,52430573,819.254,random,float32
1,792.219613,11562,52430573,420.804,random,float32
1,797.552401,55214,52430573,396.926,random,float32
1,803.173836,5215,52430573,432.942,random,float32
1,809.272565,6016,52430573,418.612,random,float32
1,813.709759,20575,52430573,393.412,random,float32
1,818.900134,65110,52430573,429.282,random,float32
1,824.215922,10888,52430573,350.376,random,float32
1,828.918904,18755,52430573,406.876,random,float32
1,834.757386,36911,52430573,290.723,random,float32
1,840.487644,7787,52430573,449.385,random,float32
1,845.009707,62342,52430573,414.333,random,float32
1,850.447901,11642,52430573,474.280,random,float32
1,854.869425,62729,52430573,296.994,random,float32
1,859.618597,56762,52430573,932.900,random,float32
1,864.284642,44433,52430573,882.616,random,float32
1,869.153604,14680,52430573,409.156,random,float32
1,874.811741,37434,52430573,401.916,random,float32
1,879.570217,39219,52430573,403.156,random,float32
1,884.441787,10313,52430573,275.416,random,float32
1,889.452805,14540,52430573,210.637,random,float32
1,894.647017,48216,52430573,403.077,random,float32
1,900.117942,29754,52430573,416.358,random,float32
2,305.421597,54301,52430573,911.254,random,float32
2,310.056806,27861,52430573,407.371,random,float32
2,315.345108,20869,52430573,402.617,random,float32
2,320.895446,22706,52430573,366.362,random,float32
2,326.698048,44449,52430573,262.256,random,float32
2,332.082897,47648,52430573,411.064,random,float32
2,336.682319,1664,52430573,218.809,random,float32
2,342.143474,63408,52430573,425.484,random,float32
2,347.794706,64283,52430573,934.202,random,float32
2,352.975636,898,52430573,414.152,random,float32
2,358.432673,22602,52430573,396.135,random,float32
2,364.475805,1212,52430573,940.831,random,float32
2,369.508004,39551,52430573,387.123,random,float32
2,374.627260,16664,52430573,404.196,random,float32
2,379.596558,1083,52430573,386.080,random,float32
2,383.606186,12804,52430573,895.980,random,float32
2,388.373585,51896,52430573,870.975,random,float32
2,393.505691,60776,52430573,778.422,random,float32
2,398.580410,32941,52430573,957.300,random,float32
2,403.458067,65400,52430573,423.420,random,float32
2,409.059906,22546,52430573,253.878,random,float32
2,414.370668,14590,52430573,290.672,random,float32
2,419.596753,31428,52430573,399.135,random,float32
2,424.171512,7436,52430573,353.428,random,float32
2,427.814415,47317,52430573,414.693,random,float32
2,433.059685,52942,52430573,413.000,random,float32
2,438.409915,39569,52430573,392.351,random,float32
2,443.844887,24881,52430573,851.671,random,float32
2,449.267788,39450,52430573,932.180,random,float32
2,453.821231,3684,52430573,406.417,random,float32
2,459.296049,46089,52430573,227.522,random,float32
2,465.521133,34368,52430573,415.691,random,float32
2,471.091382,63843,52430573,467.152,random,float32
2,476.529860,5472,52430573,426.170,random,float32
2,481.903320,13357,52430573,312.902,random,float32
2,487.286622,16900,52430573,386.784,random,float32
2,492.623334,19107,52430573,434.569,random,float32
2,498.020923,51105,52430573,934.003,random,float32
2,503.645463,46238,52430573,443.152,random,float32
2,508.928101,26785,52430573,356.323,random,float32
2,513.594715,37409,52430573,410.604,random,float32
2,518.876155,23309,52430573,414.669,random,float32
2,524.420469,34682,52430573,874.513,random,float32
2,529.141475,42629,52430573,312.706,random,float32
2,535.050006,28434,52430573,870.519,random,float32
2,539.644029,8849,52430573,426.360,random,float32
2,544.381310,785,52430573,407.515,random,float32
2,550.638689,17938,52430573,437.602,random,float32
2,555.610955,61174,52430573,267.348,random,float32
2,560.466099,32930,52430573,888.845,random,float32
2,565.214350,51658,52430573,370.734,random,float32
2,569.933851,57363,52430573,403.838,random,float32
2,575.304359,31232,52430573,408.074,random,float32
2,579.978629,64786,52430573,820.379,random,float32
2,585.642348,32196,52430573,425.949,random,float32
2,590.479208,43196,52430573,463.623,random,float32
2,595.053026,31761,52430573,444.119,random,float32
2,601.102097,55317,52430573,940.581,random,float32
2,606.734801,9516,52430573,446.026,random,float32
2,611.291062,37977,52430573,435.133,random,float32
2,616.843337,15965,52430573,386.543,random,float32
2,622.699548,52432,52430573,935.681,random,float32
2,628.475253,30851,52430573,381.599,random,float32
2,634.285799,7700,52430573,904.096,random,float32
2,639.465281,5712,52430573,924.606,random,float32
2,644.505708,30172,52430573,905.958,random,float32
2,648.402409,55671,52430573,235.371,random,float32
2,653.219129,37949,52430573,407.317,random,float32
2,659.315431,53109,52430573,930.042,random,float32
2,664.567517,6313,52430573,427.443,random,float32
2,669.648906,13427,52430573,411.078,random,float32
2,674.700893,31958,52430573,417.352,random,float32
2,679.806836,53543,52430573,396.044,random,float32
2,684.696233,38745,52430573,410.759,random,float32
2,689.597409,21652,52430573,415.419,random,float32
2,694.734767,65660,52430573,450.046,random,float32
2,699.445946,14376,52430573,406.952,random,float32
2,703.318668,16805,52430573,392.902,random,float32
2,708.705929,43712,52430573,399.660,random,float32
2,714.009741,62103,52430573,948.839,random,float32
2,719.688331,27977,52430573,437.397,random,float32
2,724.688941,63825,52430573,411.127,random,float32
2,730.819817,56508,52430573,940.562,random,float32
2,736.502683,55333,52430573,391.691,random,float32
2,742.051542,36240,52430573,946.196,random,float32
2,747.474680,47694,52430573,346.827,random,float32
2,752.417662,15395,52430573,401.323,random,float32
2,756.592660,31658,52430573,294.787,random,float32
2,762.543669,35712,52430573,855.995,random,float32
2,767.595143,61680,52430573,944.955,random,float32
2,772.647510,2471,52430573,412.988,random,float32
2,778.853122,39480,52430573,903.608,random,float32
2,784.671507,35276,52430573,453.964,random,float32
2,790.396437,28067,52430573,288.338,random,float32
2,796.981876,2977,52430573,885.965,random,float32
2,802.024926,27270,52430573,860.523,random,float32
2,807.737100,3728,52430573,304.839,random,float32
2,813.429893,41768,52430573,439.453,random,float32
2,818.765764,39134,52430573,403.980,random,float32
2,824.178120,8080,52430573,438.632,random,float32
2,828.785659,54138,52430573,412.749,random,float32
2,834.387046,19190,52430573,922.548,random,float32
2,839.926510,55783,52430573,880.052,random,float32
2,844.749167,61993,52430573,259.216,random,float32
2,850.510478,12873,52430573,569.805,random,float32
2,856.160982,62515,52430573,422.649,random,float32
2,861.179475,55175,52430573,221.788,random,float32
2,866.309926,6317,52430573,934.569,random,float32
2,870.870453,4758,52430573,411.325,random,float32
2,875.899036,35205,52430573,940.645,random,float32
2,880.702333,44468,52430573,932.665,random,float32
2,885.543505,63902,52430573,921.676,random,float32
2,890.743463,25648,52430573,395.223,random,float32
2,895.029201,41577,52430573,394.349,random,float32
3,306.003628,52321,52430573,413.243,random,float32
3,310.725269,54921,52430573,739.341,random,float32
3,315.139949,18470,52430573,405.235,random,float32
3,319.108326,34701,52430573,237.683,random,float32
3,323.986481,65960,52430573,221.565,random,float32
3,329.687626,28396,52430573,402.017,random,float32
3,333.860187,17779,52430573,414.526,random,float32
3,339.325418,34945,52430573,423.534,random,float32
3,343.817611,30945,52430573,317.268,random,float32
3,349.444855,57187,52430573,417.027,random,float32
3,355.995982,59128,52430573,454.850,random,float32
3,361.197373,42623,52430573,418.944,random,float32
3,365.919709,12748,52430573,407.309,random,float32
3,370.682547,13041,52430573,435.422,random,float32
3,376.098114,59787,52430573,386.742,random,float32
3,381.789272,56808,52430573,878.562,random,float32
3,387.313391,22844,52430573,395.885,random,float32
3,392.125079,23478,52430573,379.658,random,float32
3,397.293028,35755,52430573,387.508,random,float32
3,403.240304,8122,52430573,393.174,random,float32
3,408.504661,3318,52430573,400.763,random,float32
3,413.240514,7092,52430573,329.829,random,float32
3,417.963431,57797,52430573,382.943,random,float32
3,423.306355,33894,52430573,387.953,random,float32
3,428.038779,62313,52430573,404.260,random,float32
3,433.074541,29689,52430573,394.246,random,float32
3,438.401422,28831,52430573,406.084,random,float32
3,444.149425,24746,52430573,954.599,random,float32
3,449.760612,65370,52430573,436.195,random,float32
3,455.044875,62441,52430573,261.394,random,float32
3,459.108504,4856,52430573,298.787,random,float32
3,464.472484,26407,52430573,720.736,random,float32
3,470.805077,28393,52430573,993.478,random,float32
3,475.015100,12109,52430573,375.048,random,float32
3,480.159777,21641,52430573,366.546,random,float32
3,485.662414,19435,52430573,405.458,random,float32
3,490.288609,2956,52430573,253.108,random,float32
3,495.193780,6300,52430573,408.062,random,float32
3,500.150662,31305,52430573,420.301,random,float32
3,505.017817,6632,52430573,916.621,random,float32
3,510.328105,47713,52430573,399.097,random,float32
3,514.149154,14018,52430573,213.633,random,float32
3,520.153751,43234,52430573,811.137,random,float32
3,526.173704,11506,52430573,904.933,random,float32
3,531.529035,48505,52430573,905.619,random,float32
3,537.089899,22341,52430573,926.738,random,float32
3,541.546535,8827,52430573,295.946,random,float32
3,547.148442,2787,52430573,435.207,random,float32
3,552.283090,63390,52430573,401.998,random,float32
3,557.427333,62557,52430573,396.062,random,float32
3,562.399824,63683,52430573,426.612,random,float32
3,567.169247,34937,52430573,306.502,random,float32
3,572.003544,14799,52430573,415.304,random,float32
3,578.230158,48089,52430573,912.404,random,float32
3,583.432461,53610,52430573,896.889,random,float32
3,588.286889,11088,52430573,893.396,random,float32
3,593.892517,25772,52430573,863.613,random,float32
3,599.304011,5799,52430573,918.435,random,float32
3,604.383805,6483,52430573,461.791,random,float32
3,609.849835,31075,52430573,476.359,random,float32
3,615.069475,52594,52430573,404.523,random,float32
3,620.576250,37255,52430573,924.300,random,float32
3,625.071911,28335,52430573,439.281,random,float32
3,631.192222,20616,52430573,254.107,random,float32
3,636.536274,43647,52430573,402.525,random,float32
3,641.229592,22718,52430573,246.787,random,float32
3,646.459270,52324,52430573,427.047,random,float32
3,652.075293,65776,52430573,394.475,random,float32
3,656.987395,11226,52430573,431.658,random,float32
3,662.873539,19977,52430573,425.784,random,float32
3,667.778230,32312,52430573,322.450,random,float32
3,673.193271,49509,52430573,428.921,random,float32
3,677.544331,31525,52430573,366.252,random,float32
3,681.578265,6459,52430573,426.150,random,float32
3,687.659058,3890,52430573,920.844,random,float32
3,693.144554,11309,52430573,305.147,random,float32
3,697.707749,14511,52430573,909.020,random,float32
3,704.116847,59275,52430573,922.939,random,float32
3,709.015353,25176,52430573,427.046,random,float32
3,713.047971,26961,52430573,312.231,random,float32
3,718.277776,13716,52430573,383.074,random,float32
3,723.886098,31802,52430573,357.346,random,float32
3,729.022659,48380,52430573,925.819,random,float32
3,734.795018,36456,52430573,413.810,random,float32
3,740.949576,30066,52430573,418.059,random,float32
3,745.311435,8029,52430573,409.112,random,float32
3,751.345715,49675,52430573,412.556,random,float32
3,756.096701,56307,52430573,416.966,random,float32
3,761.651342,8321,52430573,432.232,random,float32
3,766.607213,3757,52430573,281.474,random,float32
3,771.779318,28582,52430573,354.381,random,float32
3,777.466895,28492,52430573,807.868,random,float32
3,782.174078,29801,52430573,895.356,random,float32
3,787.723555,55272,52430573,454.492,random,float32
3,792.362339,21688,52430573,453.277,random,float32
3,797.833449,17008,52430573,300.084,random,float32
3,803.780536,443,52430573,863.365,random,float32
3,809.004722,56281,52430573,387.780,random,float32
3,812.860830,43748,52430573,386.757,random,float32
3,817.031106,39363,52430573,386.973,random,float32
3,822.025369,24229,52430573,381.510,random,float32
3,827.223432,9890,52430573,362.275,random,float32
3,832.922635,39041,52430573,867.524,random,float32
3,838.240490,56854,52430573,388.708,random,float32
3,843.269944,18954,52430573,867.483,random,float32
3,848.737185,42238,52430573,406.303,random,float32
3,854.113786,21479,52430573,954.557,random,float32
3,858.169166,24070,52430573,426.405,random,float32
3,863.571740,53197,52430573,435.918,random,float32
3,869.154226,34275,52430573,434.050,random,float32
3,874.407410,30954,52430573,296.829,random,float32
3,879.555061,17362,52430573,414.471,random,float32
3,884.813119,63860,52430573,413.246,random,float32
3,890.058970,49264,52430573,401.104,random,float32
3,894.595032,64493,52430573,441.375,random,float32
3,900.225401,26061,52430573,434.218,random,float32
4,304.504444,19008,52430573,412.639,random,float32
4,309.321188,62859,52430573,204.299,random,float32
4,314.282929,42051,52430573,239.483,random,float32
4,318.691796,40304,52430573,235.979,random,float32
4,324.050870,7567,52430573,374.194,random,float32
4,329.300524,54655,52430573,871.928,random,float32
4,333.825440,59931,52430573,410.295,random,float32
4,339.691307,20200,52430573,883.838,random,float32
4,344.739308,34754,52430573,917.047,random,float32
4,349.888015,10396,52430573,379.541,random,float32
4,355.739732,13910,52430573,877.792,random,float32
4,360.727413,31581,52430573,828.410,random,float32
4,366.499605,63135,52430573,400.955,random,float32
4,371.285515,51115,52430573,403.251,random,float32
4,376.692804,650,52430573,414.301,random,float32
4,381.764166,19475,52430573,821.938,random,float32
4,386.843898,37975,52430573,801.755,random,float32
4,391.860388,63168,52430573,948.048,random,float32
4,397.267249,60583,52430573,230.032,random,float32
4,402.773020,21431,52430573,915.431,random,float32
4,408.422121,33233,52430573,945.356,random,float32
4,414.021257,10478,52430573,445.578,random,float32
4,419.482013,16323,52430573,430.270,random,float32
4,425.054148,65488,52430573,388.455,random,float32
4,429.991883,35542,52430573,408.528,random,float32
4,435.480777,29491,52430573,274.254,random,float32
4,440.665538,60476,52430573,899.570,random,float32
4,445.902635,33877,52430573,433.608,random,float32
4,451.637720,58486,52430573,523.590,random,float32
4,457.525067,53576,52430573,476.436,random,float32
4,463.506164,11140,52430573,400.141,random,float32
4,469.579081,49533,52430573,404.804,random,float32
4,474.557480,34306,52430573,441.168,random,float32
4,479.310202,24536,52430573,395.759,random,float32
4,484.693855,5719,52430573,965.103,random,float32
4,490.234392,49579,52430573,253.728,random,float32
4,496.201614,57461,52430573,897.820,random,float32
4,500.397544,24731,52430573,431.663,random,float32
4,506.491807,62010,52430573,912.664,random,float32
4,511.888193,30278,52430573,917.976,random,float32
4,517.437167,1506,52430573,447.725,random,float32
4,522.600654,38558,52430573,436.760,random,float32
4,527.822126,49924,52430573,909.119,random,float32
4,532.570411,53697,52430573,407.128,random,float32
4,537.756486,44692,52430573,405.995,random,float32
4,542.729517,32710,52430573,404.651,random,float32
4,548.265615,32143,52430573,448.838,random,float32
4,553.561972,2737,52430573,934.169,random,float32
4,559.132246,18055,52430573,436.559,random,float32
4,564.557655,23601,52430573,254.239,random,float32
4,568.593233,20864,52430573,430.643,random,float32
4,573.385824,31349,52430573,430.617,random,float32
4,578.712938,24211,52430573,416.839,random,float32
4,583.587424,36246,52430573,394.077,random,float32
4,588.833564,48083,52430573,402.660,random,float32
4,593.241118,38105,52430573,420.388,random,float32
4,599.119430,3137,52430573,932.501,random,float32
4,603.273261,30484,52430573,429.183,random,float32
4,608.583925,12474,52430573,954.003,random,float32
4,613.206627,30357,52430573,260.341,random,float32
4,618.103641,54631,52430573,244.059,random,float32
4,623.449087,32040,52430573,414.028,random,float32
4,628.557223,33819,52430573,441.421,random,float32
4,634.097669,52451,52430573,376.067,random,float32
4,639.381129,7984,52430573,934.480,random,float32
4,643.017691,65892,52430573,370.480,random,float32
4,648.668805,26468,52430573,427.426,random,float32
4,653.254002,50224,52430573,949.643,random,float32
4,659.273835,60379,52430573,944.156,random,float32
4,664.176945,16114,52430573,920.626,random,float32
4,668.735949,30326,52430573,336.889,random,float32
4,673.577738,27016,52430573,407.515,random,float32
4,678.435389,41970,52430573,411.632,random,float32
4,684.571315,46923,52430573,424.082,random,float32
4,689.638679,20892,52430573,434.671,random,float32
4,696.258810,3468,52430573,1533.002,random,float32
4,701.349830,52073,52430573,397.260,random,float32
4,706.613205,15669,52430573,416.356,random,float32
4,711.085384,18354,52430573,287.093,random,float32
4,716.226482,30407,52430573,229.228,random,float32
4,721.443611,30450,52430573,376.568,random,float32
4,727.451293,21158,52430573,924.976,random,float32
4,731.655410,923,52430573,393.905,random,float32
4,737.524657,41172,52430573,864.061,random,float32
4,742.301658,11924,52430573,248.154,random,float32
4,747.058029,53939,52430573,350.289,random,float32
4,751.587766,41987,52430573,415.658,random,float32
4,757.358311,20799,52430573,925.043,random,float32
4,762.470949,50678,52430573,705.714,random,float32
4,768.108587,9305,52430573,540.368,random,float32
4,772.721288,61924,52430573,236.872,random,float32
4,777.431489,62409,52430573,840.201,random,float32
4,781.957472,60476,52430573,277.355,random,float32
4,787.344362,47261,52430573,271.775,random,float32
4,792.698987,55711,52430573,416.570,random,float32
4,798.679134,2407,52430573,927.809,random,float32
4,804.059464,1930,52430573,905.209,random,float32
4,809.517595,17900,52430573,431.822,random,float32
4,814.497723,37452,52430573,927.409,random,float32
4,818.813772,54803,52430573,442.947,random,float32
4,825.205666,5398,52430573,437.985,random,float32
4,831.118108,3546,52430573,882.629,random,float32
4,836.205035,28446,52430573,402.275,random,float32
4,841.457377,22295,52430573,916.356,random,float32
4,847.547938,41164,52430573,923.894,random,float32
4,853.823457,24949,52430573,914.728,random,float32
4,858.580874,63220,52430573,398.298,random,float32
4,864.318054,51745,52430573,899.058,random,float32
4,869.663576,30771,52430573,877.233,random,float32
4,874.254406,14850,52430573,794.289,random,float32
4,879.380768,36516,52430573,389.169,random,float32
4,884.422261,30385,52430573,380.156,random,float32
4,890.144751,56429,52430573,819.524,random,float32
4,894.915705,2283,52430573,404.741,random,float32
4,899.831122,21455,52430573,401.774,random,float32
5,305.605935,64533,52430573,267.590,random,float32
5,309.869007,54269,52430573,269.119,random,float32
5,315.138065,15564,52430573,381.343,random,float32
5,320.095359,7781,52430573,234.234,random,float32
5,324.856951,37144,52430573,913.839,random,float32
5,329.573521,3851,52430573,366.625,random,float32
5,333.687032,20603,52430573,383.051,random,float32
5,339.838640,35452,52430573,888.876,random,float32
5,345.096972,38264,52430573,414.854,random,float32
5,349.945928,3231,52430573,415.873,random,float32
5,354.743835,10841,52430573,390.294,random,float32
5,359.490849,3472,52430573,390.657,random,float32
5,364.797112,36010,52430573,417.285,random,float32
5,369.420018,32052,52430573,390.797,random,float32
5,374.299446,47296,52430573,451.582,random,float32
5,379.595590,42016,52430573,273.597,random,float32
5,384.192362,17859,52430573,377.917,random,float32
5,389.922239,56462,52430573,880.484,random,float32
5,394.454842,23470,52430573,306.275,random,float32
5,399.481515,39684,52430573,420.410,random,float32
5,403.608403,39683,52430573,401.278,random,float32
5,408.132555,19184,52430573,806.296,random,float32
5,414.352523,43932,52430573,420.870,random,float32
5,420.627842,33689,52430573,915.731,random,float32
5,426.077473,22887,52430573,760.460,random,float32
5,431.065754,34137,52430573,402.927,random,float32
5,436.379383,21029,52430573,416.420,random,float32
5,442.538135,51254,52430573,396.809,random,float32
5,447.875414,13970,52430573,634.381,random,float32
5,453.501509,43963,52430573,350.158,random,float32
5,458.881700,65178,52430573,412.187,random,float32
5,464.380052,64046,52430573,919.637,random,float32
5,468.788331,30386,52430573,330.643,random,float32
5,474.275678,31402,52430573,265.888,random,float32
5,478.706298,28509,52430573,260.094,random,float32
5,482.795788,1694,52430573,410.765,random,float32
5,487.065190,33888,52430573,393.156,random,float32
5,492.237834,6734,52430573,412.678,random,float32
5,498.320576,34428,52430573,431.227,random,float32
5,503.786768,47643,52430573,435.540,random,float32
5,508.874431,48197,52430573,395.575,random,float32
5,513.518220,42553,52430573,430.485,random,float32
5,518.461864,26213,52430573,812.071,random,float32
5,523.639418,52280,52430573,851.730,random,float32
5,528.564087,2165,52430573,274.363,random,float32
5,533.575905,36497,52430573,227.112,random,float32
5,538.579312,4295,52430573,878.349,random,float32
5,543.871592,13980,52430573,371.202,random,float32
5,548.380535,48892,52430573,245.497,random,float32
5,553.103402,49164,52430573,407.481,random,float32
5,557.372439,28568,52430573,391.003,random,float32
5,561.331741,43746,52430573,343.150,random,float32
5,566.538191,3826,52430573,403.597,random,float32
5,571.680508,5796,52430573,357.426,random,float32
5,576.205998,48179,52430573,845.870,random,float32
5,580.732326,62938,52430573,439.144,random,float32
5,586.772868,44828,52430573,288.574,random,float32
5,592.119688,32763,52430573,910.001,random,float32
5,597.249027,8836,52430573,910.227,random,float32
5,601.832228,37178,52430573,457.134,random,float32
5,607.100270,63240,52430573,398.820,random,float32
5,612.481288,32661,52430573,489.425,random,float32
5,617.599723,7392,52430573,929.604,random,float32
5,623.347070,29920,52430573,417.931,random,float32
5,628.468354,23178,52430573,422.634,random,float32
5,634.614795,44154,52430573,435.510,random,float32
5,639.886756,51859,52430573,431.646,random,float32
5,646.481128,27992,52430573,430.397,random,float32
5,652.144582,42354,52430573,434.506,random,float32
5,657.824266,26156,52430573,253.349,random,float32
5,663.117080,25399,52430573,408.008,random,float32
5,668.198829,1558,52430573,402.622,random,float32
5,673.521879,18768,52430573,393.861,random,float32
5,679.336164,16606,52430573,936.819,random,float32
5,684.561658,40105,52430573,246.565,random,float32
5,689.434640,24535,52430573,265.443,random,float32
5,696.080652,5105,52430573,925.581,random,float32
5,701.006712,25666,52430573,963.458,random,float32
5,706.474198,47657,52430573,447.322,random,float32
5,712.127223,48573,52430573,1001.757,random,float32
5,717.730082,61513,52430573,426.297,random,float32
5,723.008367,32580,52430573,427.835,random,float32
5,728.098370,60228,52430573,435.139,random,float32
5,734.259219,12851,52430573,942.250,random,float32
5,739.190398,40561,52430573,432.857,random,float32
5,745.005211,62927,52430573,411.976,random,float32
5,749.554439,64914,52430573,407.689,random,float32
5,754.924891,41411,52430573,421.266,random,float32
5,761.113233,24078,52430573,909.898,random,float32
5,766.696446,8318,52430573,395.636,random,float32
5,772.043915,28218,52430573,904.580,random,float32
5,777.214825,35471,52430573,943.577,random,float32
5,781.900772,39725,52430573,358.824,random,float32
5,786.331716,28879,52430573,283.563,random,float32
5,790.744468,37732,52430573,381.499,random,float32
5,795.816694,15662,52430573,392.044,random,float32
5,800.326465,60828,52430573,859.456,random,float32
5,806.014245,63614,52430573,1278.936,random,float32
5,810.723635,62963,52430573,406.930,random,float32
5,816.392299,921,52430573,936.613,random,float32
5,822.658406,27402,52430573,918.293,random,float32
5,827.981270,20920,52430573,946.705,random,float32
5,832.642005,48577,52430573,769.056,random,float32
5,838.278775,57896,52430573,440.050,random,float32
5,843.457728,53723,52430573,414.848,random,float32
5,848.564355,49398,52430573,410.989,random,float32
5,852.679816,56428,52430573,387.372,random,float32
5,858.105210,5326,52430573,415.517,random,float32
5,863.031700,65638,52430573,449.430,random,float32
5,868.483422,2661,52430573,409.127,random,float32
5,874.268731,42440,52430573,830.666,random,float32
5,879.707843,43896,52430573,401.206,random,float32
5,884.612190,29111,52430573,405.279,random,float32
5,889.553195,26267,52430573,296.466,random,float32
5,894.120813,13050,52430573,426.086,random,float32
5,899.498642,36419,52430573,926.973,random,float32
6,304.412573,60376,52430573,407.124,random,float32
6,308.406163,44311,52430573,425.530,random,float32
6,313.421651,49092,52430573,288.951,random,float32
6,318.971661,52302,52430573,418.592,random,float32
6,324.187678,28564,52430573,431.815,random,float32
6,329.246217,30758,52430573,841.100,random,float32
6,334.657046,52307,52430573,869.193,random,float32
6,339.413168,62112,52430573,353.138,random,float32
6,344.446919,7280,52430573,912.332,random,float32
6,348.937673,34381,52430573,819.595,random,float32
6,353.706532,25247,52430573,918.615,random,float32
6,357.790928,30342,52430573,443.432,random,float32
6,363.298576,56109,52430573,422.337,random,float32
6,368.741065,23366,52430573,924.368,random,float32
6,373.815629,41386,52430573,934.246,random,float32
6,379.323576,46833,52430573,293.539,random,float32
6,384.834147,14590,52430573,930.917,random,float32
6,389.052670,48273,52430573,420.261,random,float32
6,394.306154,63209,52430573,316.174,random,float32
6,400.204877,8700,52430573,387.150,random,float32
6,405.545845,35435,52430573,454.277,random,float32
6,409.794372,28499,52430573,807.933,random,float32
6,414.120437,58736,52430573,405.425,random,float32
6,419.881023,58585,52430573,436.365,random,float32
6,426.043346,40824,52430573,920.827,random,float32
6,430.385816,22036,52430573,373.219,random,float32
6,435.707363,44791,52430573,856.782,random,float32
6,441.237344,10427,52430573,432.660,random,float32
6,447.022159,8646,52430573,887.762,random,float32
6,452.794468,16138,52430573,886.888,random,float32
6,458.142315,14312,52430573,900.789,random,float32
6,463.196186,15846,52430573,421.681,random,float32
6,468.828014,26117,52430573,899.079,random,float32
6,474.498625,54027,52430573,467.081,random,float32
6,480.079938,23678,52430573,386.272,random,float32
6,485.497093,46403,52430573,333.278,random,float32
6,490.750998,47117,52430573,221.980,random,float32
6,495.305534,63535,52430573,401.062,random,float32
6,500.584976,47637,52430573,386.858,random,float32
6,506.885495,22174,52430573,431.922,random,float32
6,512.456928,17569,52430573,417.595,random,float32
6,518.495439,17170,52430573,938.508,random,float32
6,523.317808,37382,52430573,369.595,random,float32
6,528.582498,6043,52430573,395.658,random,float32
6,533.966841,30407,52430573,238.921,random,float32
6,539.269745,59698,52430573,399.467,random,float32
6,544.987354,62648,52430573,365.373,random,float32
6,549.884793,22631,52430573,943.023,random,float32
6,555.063564,58576,52430573,893.255,random,float32
6,559.640373,40450,52430573,385.294,random,float32
6,563.958961,26396,52430573,238.069,random,float32
6,568.517374,3865,52430573,416.187,random,float32
6,573.529884,1025,52430573,368.331,random,float32
6,579.734853,12374,52430573,855.571,random,float32
6,585.197545,63304,52430573,437.281,random,float32
6,590.970098,3559,52430573,403.723,random,float32
6,596.298109,54419,52430573,422.573,random,float32
6,601.778873,47729,52430573,448.986,random,float32
6,607.235995,27699,52430573,407.814,random,float32
6,612.770892,490,52430573,436.192,random,float32
6,617.813443,44098,52430573,922.893,random,float32
6,622.819709,13036,52430573,406.230,random,float32
6,627.998651,38163,52430573,410.864,random,float32
6,633.402940,58316,52430573,384.263,random,float32
6,638.228939,37609,52430573,374.438,random,float32
6,643.583524,16650,52430573,372.604,random,float32
6,649.288174,23074,52430573,879.541,random,float32
6,654.120956,56173,52430573,934.993,random,float32
6,659.352242,53372,52430573,241.514,random,float32
6,664.098214,1832,52430573,398.478,random,float32
6,669.828467,51324,52430573,421.120,random,float32
6,674.567373,24945,52430573,412.119,random,float32
6,679.639779,37028,52430573,279.678,random,float32
6,685.598239,39179,52430573,897.019,random,float32
6,689.474224,58472,52430573,446.236,random,float32
6,694.800195,60855,52430573,391.330,random,float32
6,700.144133,49648,52430573,410.360,random,float32
6,704.399209,57709,52430573,428.902,random,float32
6,709.169452,334,52430573,412.011,random,float32
6,713.433823,9964,52430573,389.425,random,float32
6,718.285256,60390,52430573,429.546,random,float32
6,723.116988,24993,52430573,266.223,random,float32
6,727.993843,16993,52430573,432.668,random,float32
6,732.743483,52538,52430573,415.291,random,float32
6,738.513671,13593,52430573,938.126,random,float32
6,743.306201,59370,52430573,391.653,random,float32
6,749.501358,22559,52430573,407.009,random,float32
6,754.877152,18803,52430573,439.429,random,float32
6,760.717901,44052,52430573,868.593,random,float32
6,766.913627,24260,52430573,467.270,random,float32
6,772.388410,3611,52430573,455.306,random,float32
6,777.262684,56173,52430573,932.476,random,float32
6,782.599136,16783,52430573,455.592,random,float32
6,788.101420,33772,52430573,426.998,random,float32
6,793.024167,59290,52430573,366.371,random,float32
6,798.598416,41449,52430573,911.063,random,float32
6,803.818878,19410,52430573,839.063,random,float32
6,808.873384,34586,52430573,373.409,random,float32
6,813.662392,64424,52430573,303.594,random,float32
6,818.484343,47028,52430573,380.671,random,float32
6,823.185465,3419,52430573,395.995,random,float32
6,827.995648,11564,52430573,904.600,random,float32
6,832.708465,2416,52430573,906.501,random,float32
6,837.772214,23327,52430573,895.283,random,float32
6,842.390939,60750,52430573,294.821,random,float32
6,848.257234,3004,52430573,424.540,random,float32
6,853.095729,33369,52430573,421.863,random,float32
6,857.819772,14067,52430573,430.201,random,float32
6,863.131670,65491,52430573,386.368,random,float32
6,868.217830,14125,52430573,379.578,random,float32
6,873.041355,59021,52430573,408.893,random,float32
6,877.780931,34845,52430573,392.722,random,float32
6,883.012202,20432,52430573,246.961,random,float32
6,887.916629,61871,52430573,303.243,random,float32
6,892.987639,29467,52430573,385.833,random,float32
6,897.589736,42297,52430573,395.433,random,float32
7,305.819644,29366,52430573,420.506,random,float32
7,311.194909,59633,52430573,426.272,random,float32
7,316.218029,30456,52430573,908.480,random,float32
7,320.735842,42032,52430573,371.746,random,float32
7,326.577127,617,52430573,839.681,random,float32
7,332.052808,38464,52430573,446.454,random,float32
7,338.042920,32983,52430573,1015.802,random,float32
7,342.667629,32782,52430573,331.295,random,float32
7,348.027636,24081,52430573,603.084,random,float32
7,354.028400,8946,52430573,377.951,random,float32
7,359.416426,54121,52430573,384.639,random,float32
7,365.171910,2416,52430573,363.469,random,float32
7,370.896030,3486,52430573,390.126,random,float32
7,376.186237,10885,52430573,373.706,random,float32
7,380.541405,64557,52430573,362.111,random,float32
7,385.769781,55619,52430573,365.752,random,float32
7,391.487736,10831,52430573,896.416,random,float32
7,396.242020,23561,52430573,436.947,random,float32
7,401.035901,57162,52430573,800.066,random,float32
7,406.243836,32436,52430573,899.419,random,float32
7,410.629854,16027,52430573,446.223,random,float32
7,415.622376,34584,52430573,427.933,random,float32
7,420.561415,7754,52430573,373.422,random,float32
7,426.240879,26917,52430573,1295.647,random,float32
7,431.486246,19144,52430573,321.767,random,float32
7,437.440521,25010,52430573,854.196,random,float32
7,442.832561,58724,52430573,404.610,random,float32
7,449.500886,16000,52430573,457.426,random,float32
7,455.239358,16692,52430573,452.031,random,float32
7,460.466562,45148,52430573,426.308,random,float32
7,464.565191,7850,52430573,431.709,random,float32
7,469.630725,39196,52430573,402.121,random,float32
7,475.121849,60477,52430573,422.631,random,float32
7,480.963284,10073,52430573,945.420,random,float32
7,486.501206,16768,52430573,435.329,random,float32
7,492.185045,7029,52430573,429.106,random,float32
7,496.924617,61174,52430573,420.049,random,float32
7,503.060060,21896,52430573,892.141,random,float32
7,508.302780,10090,52430573,919.573,random,float32
7,513.576434,40798,52430573,914.046,random,float32
7,519.259672,56616,52430573,455.774,random,float32
7,524.549475,51455,52430573,272.321,random,float32
7,529.934851,25323,52430573,971.354,random,float32
7,535.064150,13627,52430573,909.179,random,float32
7,539.829463,19501,52430573,346.395,random,float32
7,544.536746,11233,52430573,419.429,random,float32
7,548.967974,65008,52430573,296.377,random,float32
7,554.294833,10060,52430573,425.721,random,float32
7,560.490328,23604,52430573,980.908,random,float32
7,566.258561,5722,52430573,417.234,random,float32
7,571.835077,43590,52430573,414.500,random,float32
7,577.252956,55241,52430573,395.337,random,float32
7,582.516756,30057,52430573,725.692,random,float32
7,587.579349,29951,52430573,461.598,random,float32
7,593.202476,14700,52430573,401.509,random,float32
7,598.256028,35498,52430573,383.852,random,float32
7,604.100952,2146,52430573,428.239,random,float32
7,609.254522,59592,52430573,455.603,random,float32
7,614.751054,2731,52430573,1010.861,random,float32
7,619.418338,2498,52430573,897.031,random,float32
7,625.201113,61348,52430573,437.913,random,float32
7,631.258027,35409,52430573,429.376,random,float32
7,636.406198,45082,52430573,242.044,random,float32
7,641.465228,64363,52430573,423.467,random,float32
7,647.446862,31527,52430573,912.409,random,float32
7,652.655678,60951,52430573,393.363,random,float32
7,656.738319,33740,52430573,302.372,random,float32
7,662.285740,6158,52430573,922.471,random,float32
7,667.688053,9167,52430573,889.358,random,float32
7,672.529116,30487,52430573,897.598,random,float32
7,677.118628,11391,52430573,394.095,random,float32
7,681.544864,52998,52430573,351.293,random,float32
7,686.824346,38796,52430573,389.441,random,float32
7,690.605520,43309,52430573,424.150,random,float32
7,695.885128,2460,52430573,928.363,random,float32
7,700.320229,22367,52430573,379.696,random,float32
7,704.827676,44365,52430573,226.832,random,float32
7,710.207240,31293,52430573,231.708,random,float32
7,715.386061,13684,52430573,902.442,random,float32
7,719.142041,45850,52430573,406.213,random,float32
7,724.033040,27991,52430573,851.700,random,float32
7,729.281176,12299,52430573,389.854,random,float32
7,733.392600,59972,52430573,409.761,random,float32
7,738.988088,26208,52430573,454.420,random,float32
7,744.645282,20034,52430573,913.132,random,float32
7,749.553395,22307,52430573,357.273,random,float32
7,754.056985,56180,52430573,908.558,random,float32
7,759.474170,31399,52430573,418.975,random,float32
7,765.082383,55485,52430573,413.045,random,float32
7,770.476331,56328,52430573,293.489,random,float32
7,774.872194,54869,52430573,409.104,random,float32
7,780.714879,9634,52430573,378.928,random,float32
7,785.489313,15086,52430573,830.292,random,float32
7,790.779809,41751,52430573,305.666,random,float32
7,796.078279,32665,52430573,343.364,random,float32
7,801.376510,1130,52430573,464.994,random,float32
7,805.569364,3948,52430573,913.037,random,float32
7,809.879615,40311,52430573,387.156,random,float32
7,814.543538,36871,52430573,914.734,random,float32
7,819.709939,3548,52430573,420.157,random,float32
7,824.866175,9523,52430573,937.995,random,float32
7,829.927052,33814,52430573,396.723,random,float32
7,835.211571,31766,52430573,434.875,random,float32
7,840.552306,44575,52430573,416.042,random,float32
7,844.983247,40657,52430573,410.057,random,float32
7,850.486328,50133,52430573,437.254,random,float32
7,854.481448,17361,52430573,401.893,random,float32
7,860.794024,19733,52430573,865.806,random,float32
7,865.215416,17003,52430573,315.378,random,float32
7,870.611296,48574,52430573,386.987,random,float32
7,876.313398,33901,52430573,226.226,random,float32
7,880.902530,50887,52430573,442.540,random,float32
7,886.318590,35177,52430573,645.770,random,float32
7,892.184100,22104,52430573,888.701,random,float32
7,897.674237,44368,52430573,420.324,random,float32
8,305.219697,52919,52430573,897.349,random,float32
8,310.744819,44159,52430573,924.013,random,float32
8,316.108241,60313,52430573,893.508,random,float32
8,320.502148,31976,52430573,377.737,random,float32
8,326.296211,36894,52430573,739.060,random,float32
8,331.667185,37353,52430573,439.053,random,float32
8,336.879436,5325,52430573,192.379,random,float32
8,342.553870,6490,52430573,415.685,random,float32
8,347.785970,28547,52430573,432.850,random,float32
8,353.998533,4442,52430573,970.704,random,float32
8,359.553035,17948,52430573,432.007,random,float32
8,364.418090,48371,52430573,971.745,random,float32
8,370.237718,9801,52430573,933.215,random,float32
8,374.632877,51084,52430573,401.731,random,float32
8,379.425058,45502,52430573,385.966,random,float32
8,384.768601,15095,52430573,930.613,random,float32
8,389.148691,22693,52430573,400.598,random,float32
8,395.126299,19034,52430573,786.791,random,float32
8,401.149878,54869,52430573,952.133,random,float32
8,407.864204,39190,52430573,957.451,random,float32
8,413.218297,61636,52430573,909.648,random,float32
8,418.745503,26455,52430573,906.776,random,float32
8,424.287781,44705,52430573,432.035,random,float32
8,429.137219,28513,52430573,260.880,random,float32
8,433.675705,21599,52430573,398.345,random,float32
8,438.937478,33627,52430573,717.953,random,float32
8,443.817951,37400,52430573,891.160,random,float32
8,449.132439,54624,52430573,422.556,random,float32
8,455.352587,16118,52430573,391.862,random,float32
8,459.833907,4951,52430573,915.782,random,float32
8,464.595675,25167,52430573,254.599,random,float32
8,469.367000,8249,52430573,388.709,random,float32
8,474.780387,7543,52430573,403.346,random,float32
8,479.855447,16664,52430573,205.299,random,float32
8,484.681383,28378,52430573,411.696,random,float32
8,489.024524,42558,52430573,405.828,random,float32
8,493.257285,38024,52430573,411.101,random,float32
8,499.392466,40042,52430573,1214.817,random,float32
8,503.628466,4233,52430573,426.339,random,float32
8,509.516875,65600,52430573,890.674,random,float32
8,514.316614,24394,52430573,392.633,random,float32
8,519.503216,12321,52430573,261.529,random,float32
8,524.213062,42773,52430573,867.480,random,float32
8,529.878010,10534,52430573,956.840,random,float32
8,535.317185,60087,52430573,439.184,random,float32
8,539.268256,51399,52430573,395.891,random,float32
8,545.024761,36926,52430573,848.814,random,float32
8,550.643484,3658,52430573,416.543,random,float32
8,557.569828,43274,52430573,418.741,random,float32
8,563.433902,2438,52430573,924.279,random,float32
8,568.184971,25322,52430573,256.513,random,float32
8,573.239634,8637,52430573,435.424,random,float32
8,578.694296,38656,52430573,470.728,random,float32
8,584.679188,40316,52430573,893.613,random,float32
8,590.180873,22993,52430573,947.992,random,float32
8,595.751199,52393,52430573,271.843,random,float32
8,601.359404,43355,52430573,434.579,random,float32
8,606.962602,65937,52430573,391.021,random,float32
8,612.439844,62404,52430573,482.936,random,float32
8,617.462016,25165,52430573,924.211,random,float32
8,622.500465,19881,52430573,907.497,random,float32
8,628.315794,38243,52430573,385.639,random,float32
8,634.128248,4348,52430573,902.641,random,float32
8,639.057194,29868,52430573,896.745,random,float32
8,644.483479,16357,52430573,958.307,random,float32
8,649.301269,39332,52430573,881.480,random,float32
8,654.860671,26659,52430573,384.434,random,float32
8,660.077590,36836,52430573,426.579,random,float32
8,664.473227,33720,52430573,405.899,random,float32
8,670.341873,40467,52430573,884.354,random,float32
8,675.789810,50661,52430573,407.446,random,float32
8,679.575379,8025,52430573,395.531,random,float32
8,684.741709,60658,52430573,402.968,random,float32
8,689.429164,36742,52430573,425.773,random,float32
8,694.030935,39845,52430573,260.692,random,float32
8,698.798605,46126,52430573,967.581,random,float32
8,704.397327,5020,52430573,398.466,random,float32
8,709.980549,5928,52430573,257.102,random,float32
8,715.399102,3932,52430573,924.700,random,float32
8,720.755162,53877,52430573,924.247,random,float32
8,725.332801,33161,52430573,328.771,random,float32
8,730.910448,10636,52430573,433.326,random,float32
8,735.711848,37722,52430573,976.130,random,float32
8,740.221662,14189,52430573,275.486,random,float32
8,745.028201,16131,52430573,421.535,random,float32
8,750.609040,40277,52430573,260.749,random,float32
8,754.819190,9098,52430573,385.062,random,float32
8,759.733011,49997,52430573,365.880,random,float32
8,765.084123,46132,52430573,410.943,random,float32
8,770.610880,31810,52430573,383.168,random,float32
8,775.958635,48261,52430573,457.567,random,float32
8,781.180025,16499,52430573,390.156,random,float32
8,786.065223,59394,52430573,430.911,random,float32
8,789.891718,14748,52430573,477.716,random,float32
8,795.649554,30063,52430573,422.268,random,float32
8,801.026828,41855,52430573,382.158,random,float32
8,805.941513,39332,52430573,411.410,random,float32
8,812.023050,65202,52430573,387.331,random,float32
8,817.068462,59101,52430573,449.725,random,float32
8,823.117589,33826,52430573,438.964,random,float32
8,828.176119,16909,52430573,989.950,random,float32
8,832.251901,44716,52430573,243.363,random,float32
8,837.988269,9797,52430573,959.188,random,float32
8,842.895368,52092,52430573,245.130,random,float32
8,848.580118,61977,52430573,398.953,random,float32
8,854.486351,34545,52430573,446.697,random,float32
8,860.725055,51321,52430573,921.794,random,float32
8,866.387149,11573,52430573,462.747,random,float32
8,871.708927,63318,52430573,426.410,random,float32
8,877.612163,33249,52430573,394.235,random,float32
8,882.320549,785,52430573,240.439,random,float32
8,887.166315,9465,52430573,914.703,random,float32
8,892.776941,1665,52430573,480.487,random,float32
8,897.716760,38156,52430573,419.526,random,float32
9,305.164183,6893,52430573,866.177,random,float32
9,310.741116,53683,52430573,941.752,random,float32
9,316.503266,31168,52430573,477.851,random,float32
9,321.600045,11179,52430573,973.915,random,float32
9,327.506178,793,52430573,931.524,random,float32
9,331.437398,45319,52430573,260.177,random,float32
9,335.738072,16872,52430573,216.674,random,float32
9,340.382700,13985,52430573,432.815,random,float32
9,345.287793,45611,52430573,402.878,random,float32
9,349.994260,61640,52430573,436.214,random,float32
9,354.735948,39031,52430573,447.151,random,float32
9,360.844339,10211,52430573,959.270,random,float32
9,366.984492,61619,52430573,898.630,random,float32
9,371.860810,23991,52430573,925.537,random,float32
9,377.501945,60956,52430573,451.594,random,float32
9,382.885819,52514,52430573,322.864,random,float32
9,387.493080,14001,52430573,404.733,random,float32
9,393.901513,57457,52430573,456.781,random,float32
9,399.315255,16878,52430573,361.738,random,float32
9,404.544427,62544,52430573,973.946,random,float32
9,409.543301,32955,52430573,812.616,random,float32
9,415.024651,55355,52430573,957.079,random,float32
9,420.473360,30019,52430573,931.651,random,float32
9,424.591334,1039,52430573,227.624,random,float32
9,430.743745,4920,52430573,939.517,random,float32
9,435.540594,9156,52430573,249.613,random,float32
9,439.712462,33444,52430573,395.355,random,float32
9,444.230784,5092,52430573,393.349,random,float32
9,449.681207,7536,52430573,412.128,random,float32
9,455.193983,49424,52430573,405.574,random,float32
9,460.730155,48717,52430573,444.860,random,float32
9,465.042246,40361,52430573,323.415,random,float32
9,469.447201,64890,52430573,381.693,random,float32
9,474.628613,31998,52430573,395.294,random,float32
9,478.987392,52472,52430573,875.131,random,float32
9,483.611955,994,52430573,236.839,random,float32
9,489.664086,63860,52430573,957.426,random,float32
9,494.783943,56382,52430573,382.335,random,float32
9,499.259096,43263,52430573,880.063,random,float32
9,504.045295,32479,52430573,414.430,random,float32
9,508.065645,42232,52430573,909.369,random,float32
9,513.423588,19945,52430573,881.296,random,float32
9,517.155541,12553,52430573,414.877,random,float32
9,521.764265,12242,52430573,898.249,random,float32
9,526.483365,14797,52430573,421.718,random,float32
9,531.157702,31490,52430573,383.581,random,float32
9,536.702882,30109,52430573,915.090,random,float32
9,542.033780,22097,52430573,449.140,random,float32
9,548.046992,55211,52430573,936.969,random,float32
9,552.982517,22629,52430573,318.152,random,float32
9,557.817294,58539,52430573,426.790,random,float32
9,563.349380,33959,52430573,900.401,random,float32
9,568.326777,62319,52430573,448.509,random,float32
9,574.531648,34077,52430573,975.201,random,float32
9,580.267988,51374,52430573,443.522,random,float32
9,585.049077,50418,52430573,465.768,random,float32
9,589.883296,56538,52430573,851.013,random,float32
9,594.728032,16890,52430573,384.635,random,float32
9,599.527081,27320,52430573,426.099,random,float32
9,604.695268,20790,52430573,410.345,random,float32
9,610.148205,37074,52430573,432.356,random,float32
9,615.195641,46618,52430573,434.357,random,float32
9,619.850175,53771,52430573,437.399,random,float32
9,625.405367,15443,52430573,410.526,random,float32
9,630.797899,437,52430573,924.645,random,float32
9,634.808131,22782,52430573,390.566,random,float32
9,639.848046,1762,52430573,418.131,random,float32
9,645.531511,5731,52430573,371.230,random,float32
9,651.036010,21629,52430573,933.103,random,float32
9,656.529802,20566,52430573,309.222,random,float32
9,662.592644,37419,52430573,434.300,random,float32
9,667.956160,27681,52430573,421.362,random,float32
9,673.328161,46044,52430573,398.196,random,float32
9,679.109163,33259,52430573,922.544,random,float32
9,684.679702,52576,52430573,422.340,random,float32
9,689.527896,324,52430573,458.202,random,float32
9,694.639291,1418,52430573,425.982,random,float32
9,699.844555,37723,52430573,459.381,random,float32
9,704.366710,20711,52430573,413.710,random,float32
9,710.044459,49092,52430573,937.437,random,float32
9,715.368517,5828,52430573,930.951,random,float32
9,719.512418,7308,52430573,412.494,random,float32
9,725.546515,5700,52430573,922.220,random,float32
9,730.922027,41598,52430573,268.372,random,float32
9,736.567590,19581,52430573,437.958,random,float32
9,740.800634,25122,52430573,214.017,random,float32
9,747.365118,64807,52430573,973.730,random,float32
9,752.922251,23446,52430573,313.243,random,float32
9,758.828761,50924,52430573,753.302,random,float32
9,764.543185,20590,52430573,1064.038,random,float32
9,769.465251,9340,52430573,392.300,random,float32
9,774.596958,11807,52430573,380.258,random,float32
9,780.713461,37523,52430573,276.359,random,float32
9,786.017442,62836,52430573,444.808,random,float32
9,791.654038,8962,52430573,968.976,random,float32
9,797.166929,35813,52430573,466.937,random,float32
9,802.505061,64426,52430573,440.243,random,float32
9,808.379660,24602,52430573,811.132,random,float32
9,814.513562,14495,52430573,279.641,random,float32
9,820.011189,26919,52430573,410.714,random,float32
9,825.304693,23269,52430573,296.408,random,float32
9,831.286321,39840,52430573,419.126,random,float32
9,836.701631,34897,52430573,427.221,random,float32
9,842.069618,38048,52430573,418.554,random,float32
9,848.017778,18571,52430573,432.972,random,float32
9,854.565846,65923,52430573,413.162,random,float32
9,859.644838,4787,52430573,426.737,random,float32
9,864.974203,13256,52430573,392.280,random,float32
9,870.652524,14215,52430573,430.431,random,float32
9,877.455311,803,52430573,920.682,random,float32
9,882.310817,21441,52430573,270.678,random,float32
9,887.387859,41172,52430573,408.205,random,float32
9,892.653724,11056,52430573,424.756,random,float32
9,898.176262,43607,52430573,437.806,random,float32
10,306.120414,52760,52430573,368.585,random,float32
10,311.082917,39851,52430573,217.746,random,float32
10,316.354457,64245,52430573,382.830,random,float32
10,320.619462,11856,52430573,368.728,random,float32
10,326.305410,18686,52430573,839.599,random,float32
10,331.626540,33454,52430573,414.036,random,float32
10,335.699213,48152,52430573,234.170,random,float32
10,340.251432,65254,52430573,296.964,random,float32
10,345.527236,4775,52430573,409.954,random,float32
10,350.545436,34481,52430573,700.727,random,float32
10,354.402409,52666,52430573,444.606,random,float32
10,360.838106,50538,52430573,1419.346,random,float32
10,366.051435,48010,52430573,386.349,random,float32
10,370.805449,28363,52430573,406.572,random,float32
10,376.236205,51836,52430573,209.467,random,float32
10,382.111156,21611,52430573,409.909,random,float32
10,386.869919,55362,52430573,425.256,random,float32
10,392.200453,23551,52430573,416.863,random,float32
10,398.284624,48520,52430573,954.126,random,float32
10,403.113231,14203,52430573,433.315,random,float32
10,408.409573,62813,52430573,242.466,random,float32
10,413.504805,13582,52430573,373.396,random,float32
10,418.601095,62107,52430573,901.696,random,float32
10,423.075121,28588,52430573,277.047,random,float32
10,428.895278,6353,52430573,891.893,random,float32
10,433.964454,20184,52430573,384.655,random,float32
10,438.220814,50085,52430573,391.670,random,float32
10,443.447073,3304,52430573,364.749,random,float32
10,448.000328,63184,52430573,391.200,random,float32
10,452.698820,23216,52430573,933.726,random,float32
10,456.884266,2194,52430573,244.324,random,float32
10,462.151441,49076,52430573,919.021,random,float32
10,466.852731,16320,52430573,887.043,random,float32
10,471.872817,2329,52430573,351.809,random,float32
10,476.696633,53678,52430573,441.560,random,float32
10,482.340364,29888,52430573,858.951,random,float32
10,487.085449,24006,52430573,389.842,random,float32
10,492.322030,61219,52430573,449.623,random,float32
10,497.900027,49546,52430573,973.347,random,float32
10,503.597634,1019,52430573,440.833,random,float32
10,509.681638,20272,52430573,947.338,random,float32
10,514.970072,1674,52430573,802.883,random,float32
10,520.634308,27430,52430573,394.887,random,float32
10,526.504699,15145,52430573,414.080,random,float32
10,531.347717,11721,52430573,817.486,random,float32
10,535.746763,8570,52430573,387.301,random,float32
10,540.654565,15924,52430573,304.307,random,float32
10,545.218231,18537,52430573,398.397,random,float32
10,550.744165,62652,52430573,423.761,random,float32
10,556.588324,12668,52430573,933.406,random,float32
10,560.652351,22127,52430573,403.969,random,float32
10,566.013603,43650,52430573,382.534,random,float32
10,571.391442,60972,52430573,431.323,random,float32
10,576.627354,632,52430573,419.180,random,float32
10,581.950323,23511,52430573,272.594,random,float32
10,586.416299,26719,52430573,409.657,random,float32
10,591.184911,39542,52430573,386.720,random,float32
10,596.404536,17520,52430573,414.376,random,float32
10,601.731221,5436,52430573,461.668,random,float32
10,607.151871,7442,52430573,433.886,random,float32
10,612.464268,39996,52430573,255.215,random,float32
10,618.020624,41702,52430573,392.384,random,float32
10,623.998885,16011,52430573,833.663,random,float32
10,628.698523,62602,52430573,327.411,random,float32
10,634.122555,24514,52430573,906.060,random,float32
10,638.973932,58702,52430573,844.752,random,float32
10,644.020347,32758,52430573,785.072,random,float32
10,649.392403,1752,52430573,402.887,random,float32
10,654.232293,64510,52430573,390.620,random,float32
10,659.567336,37202,52430573,390.795,random,float32
10,664.127333,29530,52430573,244.866,random,float32
10,667.642964,29854,52430573,872.306,random,float32
10,672.505137,14540,52430573,410.106,random,float32
10,676.995678,61163,52430573,394.338,random,float32
10,682.487399,46676,52430573,389.749,random,float32
10,687.466712,10883,52430573,303.318,random,float32
10,692.774747,39741,52430573,259.079,random,float32
10,698.730734,31709,52430573,909.130,random,float32
10,703.120241,30532,52430573,409.724,random,float32
10,708.278847,36108,52430573,944.815,random,float32
10,713.465781,56927,52430573,893.851,random,float32
10,718.052273,6083,52430573,397.857,random,float32
10,723.221636,21637,52430573,392.711,random,float32
10,728.062776,18018,52430573,396.803,random,float32
10,733.283644,9579,52430573,432.539,random,float32
10,738.541154,36687,52430573,411.082,random,float32
10,743.122447,2125,52430573,232.830,random,float32
10,747.742870,46423,52430573,399.663,random,float32
10,752.497869,36834,52430573,390.698,random,float32
10,757.684815,44184,52430573,372.426,random,float32
10,761.694291,25341,52430573,226.266,random,float32
10,766.537587,20099,52430573,384.473,random,float32
10,771.170138,13257,52430573,414.981,random,float32
10,775.204321,36872,52430573,374.206,random,float32
10,780.824377,50651,52430573,275.359,random,float32
10,785.977852,55750,52430573,230.586,random,float32
10,791.837441,5048,52430573,388.227,random,float32
10,796.846611,26683,52430573,903.485,random,float32
10,801.820476,29385,52430573,838.045,random,float32
10,806.794022,2052,52430573,827.827,random,float32
10,811.780494,3751,52430573,372.728,random,float32
10,816.689995,25167,52430573,389.277,random,float32
10,821.587753,11213,52430573,389.183,random,float32
10,825.488765,18351,52430573,401.108,random,float32
10,830.153226,65108,52430573,209.094,random,float32
10,834.703932,41423,52430573,443.144,random,float32
10,839.803004,38732,52430573,921.850,random,float32
10,845.829898,56242,52430573,796.996,random,float32
10,851.244437,22976,52430573,518.647,random,float32
10,857.227753,20447,52430573,866.410,random,float32
10,860.863840,22123,52430573,941.779,random,float32
10,864.833900,41164,52430573,292.278,random,float32
10,869.726384,6441,52430573,474.725,random,float32
10,874.077231,45838,52430573,854.229,random,float32
10,879.262948,28028,52430573,424.742,random,float32
10,885.265640,29534,52430573,927.946,random,float32
10,889.736615,26869,52430573,397.335,random,float32
10,894.701306,10023,52430573,228.542,random,float32
10,900.145282,45072,52430573,378.854,random,float32
11,305.569325,18691,52430573,405.689,random,float32
11,309.386820,11545,52430573,254.431,random,float32
11,314.558712,57945,52430573,271.210,random,float32
11,319.888194,51524,52430573,401.742,random,float32
11,324.938450,34003,52430573,411.773,random,float32
11,330.327465,56401,52430573,408.048,random,float32
11,334.910208,53811,52430573,279.474,random,float32
11,339.661872,56616,52430573,403.390,random,float32
11,344.943875,15017,52430573,399.198,random,float32
11,349.769003,10472,52430573,281.595,random,float32
11,355.943995,61452,52430573,436.435,random,float32
11,361.093531,64375,52430573,398.405,random,float32
11,365.218739,10787,52430573,249.568,random,float32
11,370.622097,64209,52430573,265.021,random,float32
11,376.233713,28411,52430573,394.183,random,float32
11,380.976495,8974,52430573,351.759,random,float32
11,385.763046,27380,52430573,436.828,random,float32
11,391.311487,36276,52430573,929.755,random,float32
11,396.521752,38472,52430573,902.384,random,float32
11,401.482165,63712,52430573,248.848,random,float32
11,407.103124,37482,52430573,372.424,random,float32
11,411.482418,9584,52430573,210.834,random,float32
11,417.036016,12193,52430573,883.243,random,float32
11,422.603928,50495,52430573,395.255,random,float32
11,427.144319,47114,52430573,426.282,random,float32
11,432.773612,26812,52430573,437.364,random,float32
11,438.105699,6067,52430573,405.665,random,float32
11,443.206438,49064,52430573,408.192,random,float32
11,448.884229,31563,52430573,967.393,random,float32
11,454.499869,33157,52430573,266.499,random,float32
11,459.611642,25593,52430573,905.731,random,float32
11,463.181905,4379,52430573,407.547,random,float32
11,468.650489,2743,52430573,837.815,random,float32
11,474.068948,54166,52430573,251.517,random,float32
11,479.254293,42309,52430573,439.764,random,float32
11,484.560838,64086,52430573,408.411,random,float32
11,488.741890,40022,52430573,285.248,random,float32
11,494.826506,45799,52430573,456.564,random,float32
11,501.069951,42158,52430573,964.429,random,float32
11,505.078664,10557,52430573,465.700,random,float32
11,510.728936,9073,52430573,443.013,random,float32
11,515.818708,54690,52430573,381.371,random,float32
11,521.577302,50034,52430573,939.303,random,float32
11,526.668305,7353,52430573,429.971,random,float32
11,531.651825,22457,52430573,225.620,random,float32
11,537.256606,49536,52430573,454.233,random,float32
11,541.990347,27807,52430573,419.751,random,float32
11,546.475314,129,52430573,237.749,random,float32
11,551.980672,47716,52430573,393.993,random,float32
11,556.988096,43538,52430573,287.771,random,float32
11,562.394070,45598,52430573,397.146,random,float32
11,567.844925,24441,52430573,944.580,random,float32
11,573.035971,33210,52430573,410.362,random,float32
11,577.903978,51971,52430573,887.498,random,float32
11,582.265940,32012,52430573,234.604,random,float32
11,587.990286,62708,52430573,884.208,random,float32
11,592.829899,23732,52430573,411.497,random,float32
11,598.218716,27013,52430573,385.826,random,float32
11,604.012497,28208,52430573,431.055,random,float32
11,608.318043,64507,52430573,825.483,random,float32
11,613.238094,29387,52430573,345.504,random,float32
11,618.242732,4958,52430573,393.457,random,float32
11,625.094133,16873,52430573,413.042,random,float32
11,631.361842,16743,52430573,424.689,random,float32
11,637.186099,25776,52430573,866.246,random,float32
11,642.580981,23442,52430573,880.151,random,float32
11,647.740151,32517,52430573,267.460,random,float32
11,653.666751,44630,52430573,873.828,random,float32
11,658.795740,60251,52430573,892.965,random,float32
11,664.116170,32900,52430573,965.920,random,float32
11,669.533164,4670,52430573,391.155,random,float32
11,674.480852,52825,52430573,222.279,random,float32
11,680.488519,37795,52430573,897.698,random,float32
11,685.862799,14614,52430573,296.216,random,float32
11,690.926743,51145,52430573,461.634,random,float32
11,696.395660,48132,52430573,421.345,random,float32
11,700.709697,34914,52430573,391.592,random,float32
11,705.377362,23842,52430573,906.832,random,float32
11,710.770535,44341,52430573,394.928,random,float32
11,716.109806,35329,52430573,398.765,random,float32
11,722.001604,39649,52430573,918.585,random,float32
11,726.102605,28272,52430573,378.610,random,float32
11,730.825610,42687,52430573,407.021,random,float32
11,736.334324,1964,52430573,300.657,random,float32
11,742.199146,2304,52430573,407.542,random,float32
11,747.107893,38346,52430573,767.940,random,float32
11,751.608812,27506,52430573,252.487,random,float32
11,757.128073,23861,52430573,951.316,random,float32
11,763.257499,40935,52430573,451.930,random,float32
11,768.201251,65484,52430573,392.741,random,float32
11,773.064121,65867,52430573,430.495,random,float32
11,777.817146,51942,52430573,396.190,random,float32
11,783.661339,11979,52430573,906.541,random,float32
11,788.653833,42946,52430573,340.818,random,float32
11,793.937076,48430,52430573,379.663,random,float32
11,799.921169,62287,52430573,877.120,random,float32
11,804.267237,43983,52430573,402.743,random,float32
11,809.155592,15153,52430573,388.513,random,float32
11,813.878876,47896,52430573,220.657,random,float32
11,818.270910,36836,52430573,437.084,random,float32
11,823.218995,7535,52430573,424.108,random,float32
11,828.763288,62691,52430573,447.070,random,float32
11,833.891990,38087,52430573,317.876,random,float32
11,839.771146,61561,52430573,1454.235,random,float32
11,844.853812,30606,52430573,423.762,random,float32
11,851.111065,27251,52430573,541.071,random,float32
11,856.149110,843,52430573,277.381,random,float32
11,861.160462,24719,52430573,227.366,random,float32
11,866.899244,45263,52430573,403.437,random,float32
11,870.693760,35887,52430573,428.404,random,float32
11,875.888519,65605,52430573,396.685,random,float32
11,881.289721,7823,52430573,440.695,random,float32
11,885.898161,65933,52430573,398.766,random,float32
11,891.217774,5762,52430573,371.463,random,float32
11,896.308468,33213,52430573,388.847,random,float32
12,305.537057,31076,52430573,251.503,random,float32
12,310.833260,28914,52430573,449.280,random,float32
12,316.141416,61593,52430573,253.510,random,float32
12,321.925957,12970,52430573,448.945,random,float32
12,327.668686,59271,52430573,464.533,random,float32
12,332.879236,41462,52430573,418.664,random,float32
12,338.360086,4005,52430573,429.032,random,float32
12,343.205095,12940,52430573,413.184,random,float32
12,348.565437,61363,52430573,393.905,random,float32
12,353.729919,60497,52430573,933.113,random,float32
12,358.845421,22537,52430573,834.317,random,float32
12,364.402221,47320,52430573,392.274,random,float32
12,369.270645,50372,52430573,294.210,random,float32
12,375.153299,63275,52430573,891.096,random,float32
12,380.321131,2716,52430573,854.210,random,float32
12,385.729661,58679,52430573,426.583,random,float32
12,391.923487,28079,52430573,436.713,random,float32
12,396.983640,3719,52430573,408.541,random,float32
12,402.453826,33734,52430573,895.062,random,float32
12,406.686950,533,52430573,400.884,random,float32
12,412.295840,37747,52430573,370.296,random,float32
12,416.938326,60521,52430573,702.357,random,float32
12,421.958986,59525,52430573,913.017,random,float32
12,427.353434,14403,52430573,900.351,random,float32
12,432.453329,22832,52430573,266.978,random,float32
12,438.242160,55498,52430573,369.870,random,float32
12,442.758493,32623,52430573,392.046,random,float32
12,448.650157,20840,52430573,921.882,random,float32
12,454.633086,18475,52430573,390.026,random,float32
12,459.884782,813,52430573,275.501,random,float32
12,464.836887,17292,52430573,388.848,random,float32
12,470.271046,11594,52430573,957.194,random,float32
12,474.634572,29627,52430573,290.837,random,float32
12,480.146728,37307,52430573,540.866,random,float32
12,484.178574,1351,52430573,853.594,random,float32
12,488.811313,59112,52430573,391.729,random,float32
12,494.246558,60562,52430573,919.148,random,float32
12,499.521191,48421,52430573,960.614,random,float32
12,505.034362,3180,52430573,413.737,random,float32
12,510.169435,19801,52430573,256.513,random,float32
12,515.669426,53999,52430573,220.631,random,float32
12,520.750228,47427,52430573,401.187,random,float32
12,524.374987,63277,52430573,310.259,random,float32
12,529.845434,25263,52430573,275.299,random,float32
12,534.733496,42128,52430573,368.538,random,float32
12,540.149288,39519,52430573,940.657,random,float32
12,545.200389,42898,52430573,961.987,random,float32
12,550.322567,11602,52430573,366.914,random,float32
12,555.013537,34615,52430573,257.658,random,float32
12,559.514376,37906,52430573,426.565,random,float32
12,564.292621,64122,52430573,403.788,random,float32
12,569.859863,36170,52430573,367.822,random,float32
12,575.306780,29068,52430573,396.483,random,float32
12,579.928576,17277,52430573,226.160,random,float32
12,585.135931,1091,52430573,272.235,random,float32
12,590.499023,3066,52430573,281.038,random,float32
12,594.547407,47831,52430573,378.117,random,float32
12,599.710062,23745,52430573,424.839,random,float32
12,604.677814,15943,52430573,257.388,random,float32
12,609.701665,34711,52430573,414.921,random,float32
12,614.955476,23293,52430573,405.545,random,float32
12,618.442220,23920,52430573,415.433,random,float32
12,622.531740,32951,52430573,389.554,random,float32
12,627.781057,33657,52430573,267.802,random,float32
12,633.024853,43939,52430573,433.381,random,float32
12,639.222241,55112,52430573,435.125,random,float32
12,644.573666,33319,52430573,445.924,random,float32
12,650.016038,34931,52430573,397.085,random,float32
12,655.640403,30191,52430573,958.992,random,float32
12,660.204682,50719,52430573,366.438,random,float32
12,666.279634,11081,52430573,479.602,random,float32
12,671.037825,40678,52430573,426.664,random,float32
12,676.137359,56324,52430573,440.679,random,float32
12,680.618527,55330,52430573,291.009,random,float32
12,685.767856,23564,52430573,459.842,random,float32
12,691.282292,51922,52430573,400.429,random,float32
12,696.168601,39345,52430573,453.333,random,float32
12,701.084627,56960,52430573,435.861,random,float32
12,706.495477,16376,52430573,443.573,random,float32
12,712.041793,48010,52430573,453.189,random,float32
12,717.629120,63412,52430573,406.883,random,float32
12,723.056615,42000,52430573,444.754,random,float32
12,728.700967,43114,52430573,265.012,random,float32
12,732.910946,19023,52430573,397.488,random,float32
12,738.985295,7153,52430573,416.021,random,float32
12,743.497327,35230,52430573,418.823,random,float32
12,749.085579,33385,52430573,445.270,random,float32
12,754.320771,49963,52430573,471.501,random,float32
12,759.123486,2480,52430573,477.599,random,float32
12,764.345491,57573,52430573,1044.958,random,float32
12,770.189332,47236,52430573,922.990,random,float32
12,775.623582,61734,52430573,233.074,random,float32
12,781.175642,13654,52430573,431.605,random,float32
12,786.846582,25595,52430573,731.178,random,float32
12,791.532417,50281,52430573,279.711,random,float32
12,796.992117,64609,52430573,420.214,random,float32
12,801.475402,58931,52430573,364.478,random,float32
12,806.045249,60771,52430573,422.247,random,float32
12,812.782538,63915,52430573,894.829,random,float32
12,818.205990,27111,52430573,411.938,random,float32
12,823.104877,20298,52430573,393.312,random,float32
12,828.441413,26912,52430573,424.259,random,float32
12,834.205111,43233,52430573,885.989,random,float32
12,838.018004,3484,52430573,257.214,random,float32
12,844.158552,29176,52430573,925.168,random,float32
12,849.819852,36223,52430573,951.764,random,float32
12,856.069539,22057,52430573,421.185,random,float32
12,860.992869,63390,52430573,448.052,random,float32
12,865.839178,14386,52430573,920.042,random,float32
12,871.435571,34802,52430573,910.412,random,float32
12,877.235712,22960,52430573,862.372,random,float32
12,883.412430,9321,52430573,874.014,random,float32
12,888.794563,43673,52430573,861.163,random,float32
12,893.884232,60403,52430573,920.957,random,float32
12,899.436979,53993,52430573,391.247,random,float32
13,305.060840,42666,52430573,838.674,random,float32
13,309.437061,54354,52430573,412.087,random,float32
13,314.461187,61644,52430573,266.682,random,float32
13,319.679380,30917,52430573,881.820,random,float32
13,323.686494,57063,52430573,399.563,random,float32
13,328.912073,36441,52430573,841.014,random,float32
13,333.282540,6338,52430573,384.441,random,float32
13,338.631461,56097,52430573,335.805,random,float32
13,344.772955,65107,52430573,400.994,random,float32
13,349.611158,65663,52430573,291.492,random,float32
13,355.785496,62691,52430573,421.506,random,float32
13,360.706808,37770,52430573,378.109,random,float32
13,365.323443,10817,52430573,435.770,random,float32
13,370.645768,5543,52430573,422.953,random,float32
13,375.623726,61171,52430573,426.110,random,float32
13,381.525386,59840,52430573,947.443,random,float32
13,386.707042,62819,52430573,429.024,random,float32
13,392.023797,58844,52430573,444.671,random,float32
13,398.298780,41756,52430573,429.196,random,float32
13,403.272742,60219,52430573,415.725,random,float32
13,409.352358,46132,52430573,830.683,random,float32
13,414.792107,61242,52430573,965.587,random,float32
13,420.201733,613,52430573,900.836,random,float32
13,425.953339,63026,52430573,410.993,random,float32
13,430.928304,5924,52430573,399.902,random,float32
13,435.651036,52655,52430573,277.588,random,float32
13,440.736179,45120,52430573,435.278,random,float32
13,445.856121,35349,52430573,409.858,random,float32
13,450.782263,50346,52430573,500.904,random,float32
13,458.103526,9948,52430573,936.726,random,float32
13,462.398711,60033,52430573,403.007,random,float32
13,467.757030,47449,52430573,405.719,random,float32
13,472.596805,40354,52430573,393.458,random,float32
13,477.364267,48226,52430573,913.255,random,float32
13,482.362317,7356,52430573,869.131,random,float32
13,487.649492,8417,52430573,914.186,random,float32
13,492.828774,53489,52430573,839.715,random,float32
13,498.129850,23171,52430573,248.099,random,float32
13,502.580388,46640,52430573,350.594,random,float32
13,506.576599,7055,52430573,436.744,random,float32
13,511.967120,10844,52430573,385.190,random,float32
13,517.262283,61028,52430573,427.811,random,float32
13,522.821474,38837,52430573,397.649,random,float32
13,528.455807,37474,52430573,408.938,random,float32
13,533.589233,58570,52430573,449.104,random,float32
13,538.587116,7268,52430573,432.229,random,float32
13,543.774357,47310,52430573,231.415,random,float32
13,548.712193,7089,52430573,395.487,random,float32
13,553.665850,55908,52430573,392.638,random,float32
13,559.022350,28745,52430573,434.067,random,float32
13,563.892764,12975,52430573,402.974,random,float32
13,569.532602,16572,52430573,939.766,random,float32
13,574.800110,26077,52430573,432.080,random,float32
13,580.084136,30009,52430573,294.002,random,float32
13,585.215706,16811,52430573,278.401,random,float32
13,590.447580,6,52430573,417.047,random,float32
13,595.901190,30914,52430573,423.448,random,float32
13,601.489998,53073,52430573,451.288,random,float32
13,608.925536,65582,52430573,2414.852,random,float32
13,614.300360,41888,52430573,811.760,random,float32
13,619.411719,2710,52430573,386.173,random,float32
13,624.011726,45646,52430573,716.522,random,float32
13,629.209333,34710,52430573,240.487,random,float32
13,634.074769,53667,52430573,897.678,random,float32
13,638.869734,12839,52430573,882.674,random,float32
13,644.116895,39142,52430573,895.538,random,float32
13,648.700039,6080,52430573,362.688,random,float32
13,652.917328,16421,52430573,381.019,random,float32
13,658.623003,42604,52430573,886.641,random,float32
13,662.854906,28472,52430573,367.832,random,float32
13,667.436277,22663,52430573,389.359,random,float32
13,672.454587,59859,52430573,395.839,random,float32
13,677.284364,60600,52430573,220.691,random,float32
13,682.537624,28999,52430573,397.975,random,float32
13,687.779192,57469,52430573,228.335,random,float32
13,693.742426,50672,52430573,897.072,random,float32
13,698.804564,37952,52430573,991.239,random,float32
13,703.825610,30215,52430573,960.173,random,float32
13,708.501722,33519,52430573,404.465,random,float32
13,713.049343,3842,52430573,345.356,random,float32
13,716.867895,27999,52430573,444.539,random,float32
13,722.221220,10845,52430573,946.190,random,float32
13,726.891412,36179,52430573,898.624,random,float32
13,732.182288,8604,52430573,915.716,random,float32
13,736.025190,52057,52430573,401.448,random,float32
13,740.761358,13737,52430573,392.274,random,float32
13,745.303283,57902,52430573,378.040,random,float32
13,749.419309,54162,52430573,290.904,random,float32
13,754.271099,35947,52430573,445.526,random,float32
13,759.236284,14075,52430573,420.313,random,float32
13,765.813995,55404,52430573,263.277,random,float32
13,771.413954,5804,52430573,335.194,random,float32
13,776.675700,55442,52430573,373.317,random,float32
13,782.224596,20819,52430573,430.202,random,float32
13,787.500478,24181,52430573,227.778,random,float32
13,792.063828,36473,52430573,244.399,random,float32
13,797.405699,32932,52430573,389.820,random,float32
13,802.822310,47267,52430573,406.925,random,float32
13,808.445447,43779,52430573,975.204,random,float32
13,814.876029,8026,52430573,406.557,random,float32
13,819.975059,57930,52430573,438.825,random,float32
13,824.881582,8327,52430573,421.406,random,float32
13,829.554111,33943,52430573,423.106,random,float32
13,835.900670,51593,52430573,943.704,random,float32
13,840.753050,22493,52430573,342.404,random,float32
13,844.918902,65240,52430573,413.673,random,float32
13,852.128831,10626,52430573,956.138,random,float32
13,857.484080,36715,52430573,436.539,random,float32
13,862.721092,1890,52430573,444.712,random,float32
13,867.603023,31647,52430573,906.574,random,float32
13,871.581677,15993,52430573,420.988,random,float32
13,876.151554,63014,52430573,231.527,random,float32
13,881.159400,11017,52430573,460.723,random,float32
13,885.977461,37313,52430573,406.621,random,float32
13,891.419573,8674,52430573,433.008,random,float32
13,896.979428,15132,52430573,793.341,random,float32
14,304.204481,24937,52430573,405.499,random,float32
14,310.431846,60563,52430573,903.815,random,float32
14,315.449579,19676,52430573,363.019,random,float32
14,321.652363,5994,52430573,272.192,random,float32
14,327.696825,11261,52430573,431.982,random,float32
14,333.071298,10661,52430573,253.096,random,float32
14,339.257418,14471,52430573,834.942,random,float32
14,344.430910,53390,52430573,289.681,random,float32
14,350.532219,36191,52430573,926.702,random,float32
14,356.063742,8479,52430573,357.249,random,float32
14,362.613560,24119,52430573,416.529,random,float32
14,367.677403,11067,52430573,354.854,random,float32
14,372.488967,65408,52430573,421.960,random,float32
14,378.473390,18503,52430573,258.682,random,float32
14,385.296749,57803,52430573,405.769,random,float32
14,390.191852,3860,52430573,426.205,random,float32
14,395.248876,18436,52430573,387.037,random,float32
14,401.458433,37649,52430573,412.997,random,float32
14,406.538440,8680,52430573,299.886,random,float32
14,411.659507,23792,52430573,239.724,random,float32
14,416.872769,44857,52430573,896.416,random,float32
14,422.274201,20058,52430573,419.000,random,float32
14,427.448804,48362,52430573,392.375,random,float32
14,432.749419,27783,52430573,423.720,random,float32
14,437.654957,4866,52430573,401.362,random,float32
14,442.245296,20001,52430573,436.423,random,float32
14,447.629955,21643,52430573,261.608,random,float32
14,453.309906,1400,52430573,397.718,random,float32
14,458.453039,35478,52430573,396.555,random,float32
14,462.922640,54117,52430573,398.493,random,float32
14,468.511327,52,52430573,923.186,random,float32
14,473.801995,64524,52430573,720.447,random,float32
14,479.098839,31509,52430573,384.307,random,float32
14,484.115509,9712,52430573,859.004,random,float32
14,488.588686,17662,52430573,389.925,random,float32
14,494.032648,26708,52430573,905.389,random,float32
14,498.825110,50150,52430573,281.864,random,float32
14,503.219138,42081,52430573,445.955,random,float32
14,508.466597,13373,52430573,376.035,random,float32
14,513.660104,47386,52430573,463.778,random,float32
14,519.047026,7629,52430573,420.956,random,float32
14,524.584030,32349,52430573,420.399,random,float32
14,530.066629,63688,52430573,276.383,random,float32
14,535.571037,15291,52430573,400.971,random,float32
14,541.072193,28512,52430573,310.831,random,float32
14,546.581072,54904,52430573,459.325,random,float32
14,551.015134,45182,52430573,310.490,random,float32
14,556.487088,52087,52430573,925.726,random,float32
14,561.073077,61863,52430573,361.652,random,float32
14,566.558348,57013,52430573,398.482,random,float32
14,572.347638,5567,52430573,913.746,random,float32
14,578.029812,7965,52430573,977.423,random,float32
14,583.219187,36771,52430573,250.717,random,float32
14,589.619739,56187,52430573,959.074,random,float32
14,594.367051,53159,52430573,401.799,random,float32
14,599.899013,59194,52430573,455.642,random,float32
14,604.579979,31577,52430573,386.932,random,float32
14,612.387389,56242,52430573,475.872,random,float32
14,617.733051,42205,52430573,394.423,random,float32
14,622.359350,44340,52430573,380.882,random,float32
14,627.516211,51888,52430573,373.066,random,float32
14,631.529911,12832,52430573,400.759,random,float32
14,635.608769,34631,52430573,419.322,random,float32
14,641.008631,22022,52430573,423.128,random,float32
14,646.350214,27343,52430573,421.381,random,float32
14,651.093980,10941,52430573,265.367,random,float32
14,656.543965,65488,52430573,327.954,random,float32
14,662.021181,22003,52430573,931.613,random,float32
14,666.725196,38897,52430573,434.294,random,float32
14,670.816689,54840,52430573,476.824,random,float32
14,676.708875,33014,52430573,417.546,random,float32
14,681.936686,10453,52430573,891.047,random,float32
14,686.783308,33203,52430573,394.452,random,float32
14,692.111093,52064,52430573,935.028,random,float32
14,697.507693,63885,52430573,444.013,random,float32
14,702.025803,21450,52430573,912.787,random,float32
14,707.186589,10028,52430573,397.555,random,float32
14,712.189212,9070,52430573,433.338,random,float32
14,717.529136,7087,52430573,401.928,random,float32
14,722.424775,15139,52430573,428.166,random,float32
14,727.809313,60217,52430573,398.456,random,float32
14,732.804443,20813,52430573,225.001,random,float32
14,738.612950,57009,52430573,470.453,random,float32
14,744.520643,41945,52430573,936.668,random,float32
14,750.358162,52695,52430573,956.514,random,float32
14,755.732823,56620,52430573,406.585,random,float32
14,760.936816,49938,52430573,282.216,random,float32
14,767.204889,60211,52430573,923.785,random,float32
14,771.777294,10774,52430573,907.941,random,float32
14,775.861801,55229,52430573,431.601,random,float32
14,781.847355,6672,52430573,197.551,random,float32
14,785.940932,39514,52430573,306.306,random,float32
14,791.361076,2168,52430573,278.859,random,float32
14,795.758597,20727,52430573,238.349,random,float32
14,801.548857,60542,52430573,936.621,random,float32
14,805.951322,54881,52430573,261.796,random,float32
14,811.764417,10527,52430573,267.999,random,float32
14,816.571294,29023,52430573,402.562,random,float32
14,822.728456,43157,52430573,430.165,random,float32
14,828.523728,11323,52430573,422.508,random,float32
14,834.490545,51986,52430573,403.016,random,float32
14,840.004371,46571,52430573,386.368,random,float32
14,845.483298,19963,52430573,781.117,random,float32
14,850.483813,52640,52430573,317.391,random,float32
14,856.006344,14618,52430573,432.417,random,float32
14,860.900961,20870,52430573,435.238,random,float32
14,866.219884,44496,52430573,438.511,random,float32
14,871.606941,51820,52430573,391.577,random,float32
14,877.002351,8338,52430573,339.141,random,float32
14,882.182959,9715,52430573,267.687,random,float32
14,887.640665,35200,52430573,401.746,random,float32
14,893.687786,12615,52430573,902.349,random,float32
14,899.381434,50503,52430573,436.563,random,float32
15,303.599415,44384,52430573,389.575,random,float32
15,308.131155,54905,52430573,408.558,random,float32
15,311.986315,32119,52430573,210.857,random,float32
15,316.774847,57377,52430573,385.330,random,float32
15,322.805041,2746,52430573,907.767,random,float32
15,327.392381,41730,52430573,923.924,random,float32
15,332.730320,63050,52430573,916.072,random,float32
15,337.741433,41262,52430573,236.485,random,float32
15,341.682479,20542,52430573,417.662,random,float32
15,346.985721,8296,52430573,897.999,random,float32
15,352.246711,31027,52430573,959.813,random,float32
15,357.660999,47615,52430573,455.864,random,float32
15,362.979831,7185,52430573,382.916,random,float32
15,368.263469,23403,52430573,805.243,random,float32
15,373.638741,21936,52430573,390.607,random,float32
15,378.335535,2198,52430573,899.323,random,float32
15,383.118934,24144,52430573,899.138,random,float32
15,388.364315,14097,52430573,423.714,random,float32
15,393.501547,10626,52430573,410.508,random,float32
15,398.262920,63529,52430573,427.766,random,float32
15,403.415871,54300,52430573,392.830,random,float32
15,409.377774,45333,52430573,900.971,random,float32
15,414.735518,2840,52430573,964.956,random,float32
15,419.846818,31140,52430573,315.411,random,float32
15,424.591050,52953,52430573,398.523,random,float32
15,430.301006,42092,52430573,901.885,random,float32
15,435.773428,6668,52430573,462.062,random,float32
15,440.870924,9983,52430573,410.387,random,float32
15,446.671078,37055,52430573,771.675,random,float32
15,452.670979,3989,52430573,1024.905,random,float32
15,458.337832,23404,52430573,421.139,random,float32
15,463.980541,54168,52430573,919.965,random,float32
15,468.815445,53639,52430573,753.666,random,float32
15,473.723423,35575,52430573,887.481,random,float32
15,479.166845,33949,52430573,428.778,random,float32
15,485.095122,23200,52430573,431.473,random,float32
15,491.283756,1460,52430573,937.077,random,float32
15,496.461395,8641,52430573,412.684,random,float32
15,501.845425,65027,52430573,295.526,random,float32
15,507.880767,10968,52430573,223.377,random,float32
15,513.112496,27823,52430573,816.915,random,float32
15,518.025251,62850,52430573,846.356,random,float32
15,522.847438,5976,52430573,383.604,random,float32
15,528.446087,40177,52430573,417.123,random,float32
15,533.887781,44974,52430573,426.226,random,float32
15,539.143220,62589,52430573,426.265,random,float32
15,543.729570,16867,52430573,222.041,random,float32
15,548.372336,42263,52430573,373.014,random,float32
15,553.019244,38896,52430573,758.231,random,float32
15,557.091546,842,52430573,418.796,random,float32
15,560.726836,60086,52430573,414.149,random,float32
15,566.454739,56570,52430573,289.027,random,float32
15,572.378758,64972,52430573,877.746,random,float32
15,578.052705,14124,52430573,428.484,random,float32
15,582.937229,5558,52430573,421.799,random,float32
15,586.638568,62396,52430573,401.414,random,float32
15,592.688327,5973,52430573,457.447,random,float32
15,598.666593,41292,52430573,893.295,random,float32
15,604.122821,28096,52430573,500.413,random,float32
15,609.407013,33976,52430573,484.854,random,float32
15,614.555019,18470,52430573,276.433,random,float32
15,620.702328,8913,52430573,421.924,random,float32
15,626.196992,48932,52430573,385.967,random,float32
15,631.411992,58987,52430573,393.803,random,float32
15,636.825320,19468,52430573,332.666,random,float32
15,641.512673,20269,52430573,421.353,random,float32
15,647.254654,28451,52430573,894.601,random,float32
15,651.914313,64599,52430573,396.332,random,float32
15,656.554846,53161,52430573,335.426,random,float32
15,661.946480,39890,52430573,920.454,random,float32
15,666.342939,50623,52430573,389.018,random,float32
15,672.136698,48977,52430573,966.759,random,float32
15,677.700084,25122,52430573,440.531,random,float32
15,683.722661,25202,52430573,913.796,random,float32
15,689.104041,18102,52430573,409.873,random,float32
15,694.290740,42828,52430573,406.591,random,float32
15,699.568297,36818,52430573,370.646,random,float32
15,704.140024,32211,52430573,393.091,random,float32
15,709.522893,9726,52430573,734.984,random,float32
15,714.033569,62563,52430573,384.037,random,float32
15,718.419315,44551,52430573,838.788,random,float32
15,723.540961,40695,52430573,880.339,random,float32
15,729.201799,45115,52430573,451.788,random,float32
15,734.185321,65401,52430573,489.890,random,float32
15,740.194749,1038,52430573,445.419,random,float32
15,745.339003,58492,52430573,368.477,random,float32
15,750.412332,45208,52430573,252.600,random,float32
15,754.882911,34547,52430573,400.648,random,float32
15,760.370273,26451,52430573,796.526,random,float32
15,765.737702,13017,52430573,968.683,random,float32
15,770.791545,7299,52430573,423.472,random,float32
15,776.219720,51141,52430573,432.992,random,float32
15,780.935920,35369,52430573,406.059,random,float32
15,787.162901,23438,52430573,403.768,random,float32
15,791.526251,23024,52430573,215.760,random,float32
15,796.636876,32346,52430573,913.358,random,float32
15,801.940201,56748,52430573,984.600,random,float32
15,807.366770,53614,52430573,390.490,random,float32
15,812.545663,25149,52430573,410.308,random,float32
15,817.436820,59941,52430573,870.596,random,float32
15,823.105925,32305,52430573,445.367,random,float32
15,828.418104,49401,52430573,446.814,random,float32
15,834.445683,51437,52430573,407.337,random,float32
15,839.487995,7883,52430573,221.904,random,float32
15,844.511912,60636,52430573,239.021,random,float32
15,849.698318,25026,52430573,1098.818,random,float32
15,854.062277,42157,52430573,415.549,random,float32
15,859.108729,371,52430573,268.866,random,float32
15,863.824945,56194,52430573,858.564,random,float32
15,868.427199,43241,52430573,313.636,random,float32
15,874.506654,19755,52430573,421.320,random,float32
15,879.338991,32775,52430573,435.031,random,float32
15,883.903993,30006,52430573,396.234,random,float32
15,888.760130,53675,52430573,916.763,random,float32
15,894.063123,42876,52430573,261.313,random,float32
15,899.347172,29744,52430573,432.978,random,float32
16,304.913242,50321,52430573,937.261,random,float32
16,310.246849,2849,52430573,901.430,random,float32
16,315.378783,54744,52430573,380.219,random,float32
16,319.979015,30861,52430573,301.329,random,float32
16,324.646759,12518,52430573,979.994,random,float32
16,329.948171,32981,52430573,413.217,random,float32
16,335.827194,18795,52430573,928.465,random,float32
16,341.103239,36639,52430573,414.616,random,float32
16,345.705004,18430,52430573,394.421,random,float32
16,351.229968,24057,52430573,398.332,random,float32
16,355.664310,44529,52430573,272.552,random,float32
16,360.988409,53850,52430573,393.626,random,float32
16,365.672896,27645,52430573,233.807,random,float32
16,370.532662,61508,52430573,203.839,random,float32
16,375.927279,51921,52430573,402.968,random,float32
16,380.968124,48996,52430573,234.127,random,float32
16,385.635422,62961,52430573,369.266,random,float32
16,389.593594,4820,52430573,264.048,random,float32
16,394.760907,48776,52430573,773.927,random,float32
16,400.505947,62199,52430573,806.163,random,float32
16,404.789329,21694,52430573,421.530,random,float32
16,409.602557,20115,52430573,224.643,random,float32
16,414.532535,49541,52430573,838.962,random,float32
16,418.919929,49742,52430573,245.051,random,float32
16,423.859689,55981,52430573,380.109,random,float32
16,427.480799,62111,52430573,244.198,random,float32
16,432.169468,8323,52430573,375.820,random,float32
16,437.042950,2328,52430573,906.588,random,float32
16,441.783019,57835,52430573,902.847,random,float32
16,446.854788,38563,52430573,298.845,random,float32
16,452.466693,14726,52430573,890.011,random,float32
16,456.896310,53767,52430573,347.634,random,float32
16,460.864244,32396,52430573,397.110,random,float32
16,465.821879,60849,52430573,358.746,random,float32
16,471.262228,48415,52430573,355.246,random,float32
16,475.850284,15753,52430573,256.176,random,float32
16,480.830061,7393,52430573,403.440,random,float32
16,484.681561,23705,52430573,259.807,random,float32
16,489.435896,61009,52430573,342.141,random,float32
16,494.126449,16922,52430573,937.213,random,float32
16,499.624795,37575,52430573,413.823,random,float32
16,504.809841,55214,52430573,392.432,random,float32
16,509.413272,19172,52430573,900.062,random,float32
16,513.956824,52402,52430573,227.273,random,float32
16,519.711251,39172,52430573,899.721,random,float32
16,524.907881,7676,52430573,426.448,random,float32
16,530.244787,50361,52430573,397.712,random,float32
16,535.672509,43880,52430573,303.521,random,float32
16,540.491198,64638,52430573,407.164,random,float32
16,546.186682,45807,52430573,1311.206,random,float32
16,550.477357,32028,52430573,431.488,random,float32
16,556.382369,55034,52430573,903.972,random,float32
16,561.503828,24372,52430573,834.472,random,float32
16,566.468084,9077,52430573,387.221,random,float32
16,571.394391,39724,52430573,412.611,random,float32
16,576.463277,10038,52430573,401.427,random,float32
16,581.055592,41114,52430573,884.587,random,float32
16,585.392929,18310,52430573,420.526,random,float32
16,590.427291,44457,52430573,397.011,random,float32
16,595.448039,2752,52430573,383.564,random,float32
16,600.438942,35048,52430573,921.190,random,float32
16,605.167660,25341,52430573,999.956,random,float32
16,609.664854,29490,52430573,281.805,random,float32
16,614.614181,9606,52430573,206.918,random,float32
16,619.412558,23160,52430573,385.096,random,float32
16,624.901313,50083,52430573,417.106,random,float32
16,628.468282,55190,52430573,333.856,random,float32
16,632.793230,15157,52430573,207.101,random,float32
16,637.414537,39158,52430573,394.804,random,float32
16,641.603653,34072,52430573,393.170,random,float32
16,647.281172,25444,52430573,915.808,random,float32
16,652.650527,42856,52430573,946.186,random,float32
16,657.884666,55073,52430573,402.019,random,float32
16,663.634425,12075,52430573,910.826,random,float32
16,667.646215,38882,52430573,283.031,random,float32
16,672.991238,58449,52430573,408.634,random,float32
16,679.096713,45264,52430573,419.274,random,float32
16,684.015110,62243,52430573,406.753,random,float32
16,689.429971,45852,52430573,430.357,random,float32
16,694.705544,35815,52430573,387.976,random,float32
16,700.884726,55445,52430573,432.738,random,float32
16,706.901933,33944,52430573,882.442,random,float32
16,712.545946,25704,52430573,410.829,random,float32
16,717.546083,59652,52430573,401.812,random,float32
16,722.855848,42584,52430573,406.710,random,float32
16,727.595337,1306,52430573,406.320,random,float32
16,732.042429,49031,52430573,257.703,random,float32
16,737.232287,64160,52430573,400.778,random,float32
16,742.062758,29660,52430573,420.749,random,float32
16,746.178440,20046,52430573,404.230,random,float32
16,752.007310,37041,52430573,935.953,random,float32
16,757.375021,62164,52430573,386.312,random,float32
16,762.649302,45772,52430573,500.254,random,float32
16,767.958563,20702,52430573,398.578,random,float32
16,772.707873,9656,52430573,408.091,random,float32
16,778.149041,4277,52430573,214.750,random,float32
16,782.699322,49813,52430573,217.427,random,float32
16,787.674954,22274,52430573,435.776,random,float32
16,793.642870,29732,52430573,405.477,random,float32
16,798.243098,10083,52430573,946.042,random,float32
16,803.358796,27206,52430573,864.415,random,float32
16,808.738673,39402,52430573,444.889,random,float32
16,814.502659,40239,52430573,432.526,random,float32
16,819.761266,18972,52430573,280.593,random,float32
16,824.878552,26465,52430573,436.492,random,float32
16,828.809877,28801,52430573,198.633,random,float32
16,833.840134,56788,52430573,910.820,random,float32
16,838.528700,12606,52430573,357.915,random,float32
16,844.103752,65990,52430573,346.794,random,float32
16,848.384461,56116,52430573,396.129,random,float32
16,854.390584,26228,52430573,390.845,random,float32
16,860.391262,56762,52430573,801.415,random,float32
16,864.270575,30713,52430573,377.903,random,float32
16,869.322856,50641,52430573,763.243,random,float32
16,874.094962,2646,52430573,927.028,random,float32
16,878.985671,17447,52430573,290.898,random,float32
16,885.170145,36170,52430573,955.076,random,float32
16,890.842913,52857,52430573,390.735,random,float32
16,895.941844,40896,52430573,402.153,random,float32
16,899.444138,43940,52430573,263.060,random,float32
17,305.264302,11483,52430573,438.116,random,float32
17,310.253612,31023,52430573,868.982,random,float32
17,314.968651,32758,52430573,345.191,random,float32
17,319.439680,28848,52430573,404.182,random,float32
17,324.719676,3923,52430573,238.306,random,float32
17,330.622790,32493,52430573,942.875,random,float32
17,334.849749,4437,52430573,366.622,random,float32
17,341.114469,38211,52430573,1287.107,random,float32
17,346.181528,8206,52430573,297.740,random,float32
17,350.992609,63032,52430573,431.049,random,float32
17,355.766058,46704,52430573,415.183,random,float32
17,362.388775,23017,52430573,420.668,random,float32
17,367.508322,29868,52430573,451.831,random,float32
17,371.882594,21793,52430573,235.129,random,float32
17,376.662315,53602,52430573,854.838,random,float32
17,381.864174,24713,52430573,419.034,random,float32
17,388.013942,34125,52430573,924.190,random,float32
17,393.504937,36747,52430573,430.491,random,float32
17,399.499032,37508,52430573,863.828,random,float32
17,404.520666,44887,52430573,428.056,random,float32
17,409.395065,62869,52430573,271.140,random,float32
17,414.848043,29693,52430573,281.191,random,float32
17,419.310033,21706,52430573,379.135,random,float32
17,424.590993,14159,52430573,371.703,random,float32
17,430.661136,56767,52430573,430.830,random,float32
17,435.302699,1040,52430573,925.717,random,float32
17,439.520300,64662,52430573,413.324,random,float32
17,444.052985,5546,52430573,397.906,random,float32
17,449.260808,61625,52430573,402.777,random,float32
17,454.711840,8962,52430573,408.140,random,float32
17,460.268028,61440,52430573,422.010,random,float32
17,465.993219,30922,52430573,1182.965,random,float32
17,472.233047,45642,52430573,434.103,random,float32
17,476.968010,29881,52430573,939.537,random,float32
17,481.840480,35764,52430573,399.457,random,float32
17,486.776090,31144,52430573,213.712,random,float32
17,492.000873,8431,52430573,422.606,random,float32
17,496.254381,28325,52430573,289.490,random,float32
17,500.978700,38776,52430573,856.267,random,float32
17,506.332961,16846,52430573,251.213,random,float32
17,511.691946,3932,52430573,410.368,random,float32
17,516.245205,13792,52430573,289.250,random,float32
17,521.412499,1888,52430573,913.123,random,float32
17,526.728007,36970,52430573,424.860,random,float32
17,532.011411,48735,52430573,391.766,random,float32
17,537.091699,35577,52430573,409.230,random,float32
17,541.636994,2779,52430573,470.980,random,float32
17,546.614482,4946,52430573,448.225,random,float32
17,552.088833,4581,52430573,302.640,random,float32
17,558.292682,64586,52430573,949.834,random,float32
17,563.784387,8123,52430573,447.442,random,float32
17,569.084131,8161,52430573,782.045,random,float32
17,574.191133,15504,52430573,959.509,random,float32
17,579.350568,44790,52430573,901.481,random,float32
17,584.193162,32756,52430573,934.937,random,float32
17,588.664473,61771,52430573,453.905,random,float32
17,594.213477,51637,52430573,404.383,random,float32
17,600.411265,45776,52430573,756.948,random,float32
17,605.703099,25000,52430573,432.454,random,float32
17,610.582547,57992,52430573,435.995,random,float32
17,615.457319,40751,52430573,391.305,random,float32
17,620.830132,47299,52430573,461.323,random,float32
17,625.667628,8903,52430573,446.164,random,float32
17,631.877877,28992,52430573,844.080,random,float32
17,637.056882,24172,52430573,935.566,random,float32
17,642.356473,37771,52430573,895.215,random,float32
17,647.292208,23654,52430573,902.868,random,float32
17,651.822209,35145,52430573,395.653,random,float32
17,655.589074,34482,52430573,261.031,random,float32
17,660.187740,43228,52430573,354.190,random,float32
17,664.376251,18272,52430573,302.237,random,float32
17,669.978337,22537,52430573,901.141,random,float32
17,675.379050,56000,52430573,1025.686,random,float32
17,680.889889,42319,52430573,386.983,random,float32
17,686.171657,11924,52430573,441.188,random,float32
17,691.140589,27078,52430573,388.449,random,float32
17,696.801077,59233,52430573,374.559,random,float32
17,702.224022,30697,52430573,412.780,random,float32
17,707.795951,52314,52430573,884.069,random,float32
17,713.393766,41396,52430573,938.360,random,float32
17,718.487383,30743,52430573,873.368,random,float32
17,724.141117,34183,52430573,412.068,random,float32
17,728.920908,31790,52430573,433.248,random,float32
17,733.730624,49941,52430573,432.175,random,float32
17,738.422479,59168,52430573,238.452,random,float32
17,743.214185,14363,52430573,367.172,random,float32
17,748.336688,61723,52430573,801.061,random,float32
17,753.320672,22655,52430573,905.651,random,float32
17,757.552998,6953,52430573,413.456,random,float32
17,761.969598,57016,52430573,228.141,random,float32
17,767.839044,41352,52430573,407.491,random,float32
17,773.340094,3731,52430573,923.331,random,float32
17,778.397017,58357,52430573,931.472,random,float32
17,782.182202,44175,52430573,250.184,random,float32
17,787.523568,61218,52430573,416.086,random,float32
17,793.271931,55901,52430573,477.725,random,float32
17,799.010439,59954,52430573,427.999,random,float32
17,803.151469,11747,52430573,392.008,random,float32
17,808.417975,39367,52430573,459.536,random,float32
17,814.366202,45619,52430573,388.721,random,float32
17,819.103306,30774,52430573,423.839,random,float32
17,824.113447,18709,52430573,908.443,random,float32
17,829.385517,19508,52430573,954.392,random,float32
17,834.368687,16310,52430573,367.615,random,float32
17,839.542189,40520,52430573,266.941,random,float32
17,844.050153,4950,52430573,342.890,random,float32
17,849.633960,14964,52430573,1063.488,random,float32
17,854.204409,7481,52430573,412.317,random,float32
17,859.112706,53698,52430573,410.740,random,float32
17,863.466474,57765,52430573,331.873,random,float32
17,868.561959,17972,52430573,417.188,random,float32
17,873.228217,7117,52430573,415.328,random,float32
17,877.299451,21192,52430573,382.316,random,float32
17,883.291254,55466,52430573,863.880,random,float32
17,888.812705,28315,52430573,958.282,random,float32
17,894.103667,46039,52430573,411.180,random,float32
17,898.881498,13501,52430573,909.604,random,float32
18,304.797108,28567,52430573,915.728,random,float32
18,309.371842,6437,52430573,397.072,random,float32
18,314.694805,21402,52430573,408.014,random,float32
18,319.857474,62349,52430573,410.081,random,float32
18,325.233256,36560,52430573,436.767,random,float32
18,329.666682,6064,52430573,322.136,random,float32
18,334.806326,1823,52430573,302.497,random,float32
18,340.519759,20697,52430573,945.733,random,float32
18,344.877305,6307,52430573,261.235,random,float32
18,350.139661,24402,52430573,873.536,random,float32
18,354.880967,19927,52430573,454.996,random,float32
18,360.076014,62527,52430573,906.442,random,float32
18,365.178072,3840,52430573,412.832,random,float32
18,370.451861,26938,52430573,405.204,random,float32
18,375.764566,7967,52430573,392.071,random,float32
18,380.445620,17952,52430573,388.230,random,float32
18,386.054262,19776,52430573,835.446,random,float32
18,391.173450,35271,52430573,962.868,random,float32
18,395.779544,62829,52430573,367.753,random,float32
18,400.411004,54914,52430573,884.771,random,float32
18,405.934659,5162,52430573,232.630,random,float32
18,410.490225,52198,52430573,446.555,random,float32
18,415.177431,43230,52430573,414.567,random,float32
18,420.747381,48064,52430573,415.455,random,float32
18,425.828506,36268,52430573,445.673,random,float32
18,432.414286,15725,52430573,413.461,random,float32
18,437.187131,65408,52430573,266.516,random,float32
18,441.381016,11669,52430573,323.078,random,float32
18,446.391692,4976,52430573,886.354,random,float32
18,451.478170,29678,52430573,472.739,random,float32
18,456.955973,4245,52430573,417.004,random,float32
18,462.384276,17543,52430573,415.592,random,float32
18,466.886260,5166,52430573,389.530,random,float32
18,472.050647,24007,52430573,353.350,random,float32
18,477.191613,38395,52430573,382.091,random,float32
18,482.358878,56272,52430573,394.177,random,float32
18,487.384283,62,52430573,896.922,random,float32
18,492.569768,6899,52430573,842.120,random,float32
18,497.718055,7605,52430573,363.045,random,float32
18,502.202809,21502,52430573,229.785,random,float32
18,506.576825,43255,52430573,354.055,random,float32
18,511.159177,13013,52430573,846.022,random,float32
18,516.333602,7033,52430573,906.655,random,float32
18,520.479997,24386,52430573,218.440,random,float32
18,525.795230,41034,52430573,914.056,random,float32
18,530.834310,15587,52430573,842.242,random,float32
18,535.361216,57561,52430573,385.862,random,float32
18,540.187003,12384,52430573,409.645,random,float32
18,544.494365,52914,52430573,367.877,random,float32
18,549.921562,51634,52430573,413.131,random,float32
18,554.829629,20766,52430573,378.366,random,float32
18,560.007306,1522,52430573,922.993,random,float32
18,565.734005,65688,52430573,393.420,random,float32
18,571.137843,21937,52430573,420.657,random,float32
18,576.313468,39527,52430573,410.751,random,float32
18,581.221603,62009,52430573,288.498,random,float32
18,586.864455,9227,52430573,388.613,random,float32
18,593.470371,46591,52430573,252.043,random,float32
18,598.504199,15607,52430573,889.765,random,float32
18,603.953134,37044,52430573,495.242,random,float32
18,609.369846,40987,52430573,470.064,random,float32
18,614.657817,65744,52430573,400.002,random,float32
18,619.257764,35030,52430573,386.068,random,float32
18,624.652631,3845,52430573,421.512,random,float32
18,629.143623,42614,52430573,395.558,random,float32
18,634.051152,5333,52430573,382.311,random,float32
18,637.862653,53126,52430573,397.479,random,float32
18,642.430945,41767,52430573,373.484,random,float32
18,647.113484,32911,52430573,790.637,random,float32
18,652.622447,58645,52430573,903.876,random,float32
18,657.653176,32379,52430573,383.119,random,float32
18,662.601754,24744,52430573,265.174,random,float32
18,667.618906,51776,52430573,381.718,random,float32
18,672.779236,39500,52430573,395.959,random,float32
18,677.812564,64128,52430573,412.267,random,float32
18,683.470050,7435,52430573,892.843,random,float32
18,688.543178,9235,52430573,398.683,random,float32
18,692.851847,63050,52430573,241.411,random,float32
18,698.558046,56529,52430573,973.550,random,float32
18,702.756604,5613,52430573,377.310,random,float32
18,706.800716,3460,52430573,384.691,random,float32
18,711.666832,7988,52430573,243.111,random,float32
18,715.834373,44775,52430573,404.698,random,float32
18,721.690202,45379,52430573,906.859,random,float32
18,726.018614,26679,52430573,408.376,random,float32
18,731.829953,60403,52430573,881.667,random,float32
18,736.679954,31520,52430573,349.798,random,float32
18,742.170977,6961,52430573,354.849,random,float32
18,747.507142,50290,52430573,236.553,random,float32
18,753.559395,1770,52430573,393.621,random,float32
18,758.546941,12163,52430573,229.579,random,float32
18,763.044907,35858,52430573,466.543,random,float32
18,768.523587,17836,52430573,369.302,random,float32
18,773.724412,259,52430573,391.646,random,float32
18,778.645833,63033,52430573,417.180,random,float32
18,784.103601,61435,52430573,407.303,random,float32
18,787.649970,36271,52430573,337.403,random,float32
18,793.466970,43389,52430573,391.011,random,float32
18,798.918823,25164,52430573,454.604,random,float32
18,804.847545,54312,52430573,907.504,random,float32
18,809.705145,50934,52430573,314.694,random,float32
18,815.631628,59429,52430573,736.863,random,float32
18,821.057203,17580,52430573,419.010,random,float32
18,824.891381,49735,52430573,421.523,random,float32
18,830.925426,57574,52430573,425.066,random,float32
18,836.336647,30304,52430573,425.911,random,float32
18,842.012223,27199,52430573,426.249,random,float32
18,845.976817,56154,52430573,389.651,random,float32
18,851.888686,61411,52430573,922.430,random,float32
18,857.234458,22738,52430573,429.359,random,float32
18,862.564892,23702,52430573,444.528,random,float32
18,868.043137,11840,52430573,433.431,random,float32
18,873.455076,58969,52430573,361.105,random,float32
18,878.460206,13575,52430573,403.506,random,float32
18,883.295051,48840,52430573,888.141,random,float32
18,887.304733,37910,52430573,395.861,random,float32
18,892.468362,41445,52430573,397.126,random,float32
18,897.470039,45554,52430573,421.621,random,float32
19,305.712612,39562,52430573,396.522,random,float32
19,311.777301,33936,52430573,939.436,random,float32
19,317.361984,35599,52430573,946.776,random,float32
19,322.845107,9591,52430573,961.078,random,float32
19,328.627582,23087,52430573,921.237,random,float32
19,333.329227,56532,52430573,398.111,random,float32
19,339.300238,45701,52430573,299.387,random,float32
19,344.790941,10172,52430573,419.093,random,float32
19,350.660993,35829,52430573,272.169,random,float32
19,356.062644,11162,52430573,376.530,random,float32
19,361.886372,48452,52430573,927.337,random,float32
19,366.635266,21570,52430573,903.012,random,float32
19,372.126915,30587,52430573,434.973,random,float32
19,377.330132,5161,52430573,295.750,random,float32
19,382.650580,20850,52430573,875.313,random,float32
19,388.242360,38858,52430573,562.413,random,float32
19,393.710191,36254,52430573,392.433,random,float32
19,398.830057,15185,52430573,425.408,random,float32
19,404.210197,36583,52430573,912.924,random,float32
19,408.320821,42207,52430573,236.041,random,float32
19,413.264154,65276,52430573,420.602,random,float32
19,418.882373,47413,52430573,283.156,random,float32
19,424.385418,11771,52430573,407.327,random,float32
19,430.019201,13850,52430573,855.320,random,float32
19,435.259388,57959,52430573,933.021,random,float32
19,440.241592,11922,52430573,931.450,random,float32
19,445.162897,5448,52430573,383.894,random,float32
19,450.354995,40129,52430573,481.113,random,float32
19,455.119916,19229,52430573,297.867,random,float32
19,460.638197,23357,52430573,409.194,random,float32
19,466.403210,29679,52430573,897.999,random,float32
19,471.715856,38151,52430573,750.316,random,float32
19,476.146460,17108,52430573,220.450,random,float32
19,481.325044,53054,52430573,391.123,random,float32
19,486.180359,47071,52430573,410.219,random,float32
19,491.352434,39749,52430573,419.237,random,float32
19,497.263340,48542,52430573,899.040,random,float32
19,502.556588,8917,52430573,868.909,random,float32
19,507.352382,43231,52430573,889.349,random,float32
19,512.889486,59266,52430573,809.266,random,float32
19,518.009253,27699,52430573,931.549,random,float32
19,523.688700,18495,52430573,865.810,random,float32
19,528.141070,62700,52430573,207.037,random,float32
19,533.157868,28336,52430573,405.013,random,float32
19,538.493524,19626,52430573,425.316,random,float32
19,543.170658,33459,52430573,402.202,random,float32
19,549.213269,62669,52430573,935.510,random,float32
19,553.692142,15489,52430573,399.555,random,float32
19,558.936833,20333,52430573,394.854,random,float32
19,565.454226,21751,52430573,897.761,random,float32
19,570.424686,5144,52430573,782.819,random,float32
19,574.829296,3036,52430573,304.694,random,float32
19,579.327589,30025,52430573,435.631,random,float32
19,584.721893,32083,52430573,454.352,random,float32
19,589.683669,54974,52430573,384.064,random,float32
19,595.223077,3753,52430573,867.087,random,float32
19,598.612297,30921,52430573,343.950,random,float32
19,604.180323,40491,52430573,408.229,random,float32
19,609.573402,55384,52430573,468.616,random,float32
19,614.663444,60697,52430573,368.894,random,float32
19,619.234017,45656,52430573,310.567,random,float32
19,625.362119,40427,52430573,882.236,random,float32
19,630.895831,50048,52430573,434.285,random,float32
19,635.383253,58347,52430573,230.289,random,float32
19,640.123473,18596,52430573,827.908,random,float32
19,645.043222,13994,52430573,370.334,random,float32
19,649.564473,621,52430573,297.232,random,float32
19,655.462209,45883,52430573,280.003,random,float32
19,660.735733,55626,52430573,283.135,random,float32
19,665.798453,45014,52430573,455.925,random,float32
19,671.721146,42802,52430573,934.291,random,float32
19,677.336729,43661,52430573,382.998,random,float32
19,683.347329,35867,52430573,797.137,random,float32
19,688.453181,35805,52430573,273.031,random,float32
19,694.124783,29275,52430573,473.740,random,float32
19,699.258154,38050,52430573,455.870,random,float32
19,704.316232,50651,52430573,383.344,random,float32
19,710.072306,18606,52430573,409.400,random,float32
19,716.363653,29247,52430573,890.991,random,float32
19,721.616475,63071,52430573,742.395,random,float32
19,726.772222,10607,52430573,900.450,random,float32
19,732.415570,64328,52430573,446.751,random,float32
19,737.200763,325,52430573,434.782,random,float32
19,742.281650,48942,52430573,232.338,random,float32
19,747.173759,53696,52430573,432.382,random,float32
19,753.107390,3834,52430573,918.741,random,float32
19,757.611885,63773,52430573,419.314,random,float32
19,763.235170,1105,52430573,493.494,random,float32
19,768.146576,25908,52430573,412.503,random,float32
19,772.440141,57945,52430573,368.045,random,float32
19,776.532561,31787,52430573,167.798,random,float32
19,781.683595,11585,52430573,888.232,random,float32
19,787.143961,63547,52430573,414.788,random,float32
19,792.698002,51076,52430573,888.341,random,float32
19,797.204117,62864,52430573,398.809,random,float32
19,803.171337,43845,52430573,856.497,random,float32
19,808.533485,11836,52430573,286.922,random,float32
19,814.574480,28202,52430573,406.132,random,float32
19,819.539937,49379,52430573,387.715,random,float32
19,825.077559,3228,52430573,437.946,random,float32
19,830.507827,19790,52430573,924.041,random,float32
19,835.938209,25536,52430573,406.261,random,float32
19,841.242955,3542,52430573,276.302,random,float32
19,847.046841,9454,52430573,403.332,random,float32
19,851.741432,37961,52430573,924.427,random,float32
19,856.535452,8203,52430573,400.492,random,float32
19,861.465730,42451,52430573,426.092,random,float32
19,865.623794,16,52430573,257.936,random,float32
19,871.224598,32561,52430573,414.232,random,float32
19,876.684169,16859,52430573,333.604,random,float32
19,882.268263,34755,52430573,437.344,random,float32
19,887.645119,32619,52430573,394.174,random,float32
19,892.703063,41856,52430573,240.901,random,float32
19,897.403965,34007,52430573,428.612,random,float32
20,303.859106,15651,52430573,403.453,random,float32
20,308.654902,38046,52430573,423.628,random,float32
20,314.063232,3548,52430573,428.474,random,float32
20,318.230466,23851,52430573,397.473,random,float32
20,323.139703,30150,52430573,302.187,random,float32
20,329.269072,12560,52430573,415.479,random,float32
20,334.521385,20911,52430573,397.281,random,float32
20,339.409414,48516,52430573,405.770,random,float32
20,344.690557,42515,52430573,398.444,random,float32
20,350.504935,62268,52430573,418.120,random,float32
20,356.054889,33835,52430573,438.165,random,float32
20,360.523118,25080,52430573,411.005,random,float32
20,365.073329,64838,52430573,387.647,random,float32
20,369.957946,35847,52430573,449.886,random,float32
20,375.219475,15875,52430573,437.460,random,float32
20,381.157241,51914,52430573,945.577,random,float32
20,386.667399,585,52430573,279.923,random,float32
20,392.959731,25788,52430573,479.948,random,float32
20,399.043558,16831,52430573,879.193,random,float32
20,404.357985,39471,52430573,397.617,random,float32
20,409.450874,30063,52430573,281.571,random,float32
20,414.927311,22763,52430573,388.899,random,float32
20,419.754341,36645,52430573,370.583,random,float32
20,424.275668,51011,52430573,398.694,random,float32
20,429.977262,5411,52430573,905.031,random,float32
20,435.383438,59184,52430573,433.352,random,float32
20,440.589641,54304,52430573,288.977,random,float32
20,446.372311,43669,52430573,245.947,random,float32
20,452.044415,49045,52430573,868.033,random,float32
20,456.602311,14601,52430573,403.152,random,float32
20,462.660112,64614,52430573,299.473,random,float32
20,468.865116,16709,52430573,381.935,random,float32
20,474.194760,32864,52430573,392.421,random,float32
20,480.032879,45982,52430573,819.062,random,float32
20,485.450565,46434,52430573,914.476,random,float32
20,490.857896,41260,52430573,975.116,random,float32
20,496.925844,25507,52430573,937.551,random,float32
20,502.162890,41012,52430573,888.130,random,float32
20,507.647461,57459,52430573,418.677,random,float32
20,513.306224,44829,52430573,431.599,random,float32
20,519.437938,43211,52430573,900.386,random,float32
20,524.275309,34775,52430573,422.341,random,float32
20,529.771538,2548,52430573,419.788,random,float32
20,536.547869,198,52430573,428.723,random,float32
20,541.711086,58211,52430573,436.843,random,float32
20,547.711987,58725,52430573,455.927,random,float32
20,553.208628,4616,52430573,407.593,random,float32
20,558.655058,14945,52430573,408.844,random,float32
20,564.127220,881,52430573,381.915,random,float32
20,569.063815,20482,52430573,439.245,random,float32
20,574.741029,38732,52430573,359.050,random,float32
20,579.323306,28154,52430573,427.043,random,float32
20,586.070455,65879,52430573,438.580,random,float32
20,591.892898,18962,52430573,439.198,random,float32
20,597.657880,40202,52430573,423.281,random,float32
20,602.033696,1270,52430573,259.058,random,float32
20,606.884406,41628,52430573,409.764,random,float32
20,612.337561,54353,52430573,413.276,random,float32
20,617.575298,58745,52430573,393.317,random,float32
20,622.334908,32218,52430573,313.794,random,float32
20,628.369686,32493,52430573,895.638,random,float32
20,633.306728,39584,52430573,905.770,random,float32
20,638.880497,2453,52430573,448.286,random,float32
20,644.303104,688,52430573,418.545,random,float32
20,649.333645,34623,52430573,281.153,random,float32
20,654.292511,51201,52430573,428.902,random,float32
20,659.031370,53379,52430573,232.702,random,float32
20,663.879954,63241,52430573,397.847,random,float32
20,668.922208,30074,52430573,219.751,random,float32
20,674.746696,49338,52430573,956.644,random,float32
20,679.957280,59116,52430573,911.133,random,float32
20,685.483190,43817,52430573,401.600,random,float32
20,690.706202,45904,52430573,380.188,random,float32
20,695.433546,61159,52430573,371.201,random,float32
20,700.327157,62062,52430573,374.381,random,float32
20,705.484498,32243,52430573,386.474,random,float32
20,710.123586,50350,52430573,382.722,random,float32
20,715.174749,21177,52430573,397.081,random,float32
20,719.049894,63111,52430573,429.179,random,float32
20,725.065467,47801,52430573,951.417,random,float32
20,729.868727,3529,52430573,914.638,random,float32
20,735.124330,65460,52430573,263.227,random,float32
20,740.055331,25510,52430573,297.782,random,float32
20,745.580640,22760,52430573,395.645,random,float32
20,750.820630,17876,52430573,413.031,random,float32
20,755.430851,16779,52430573,378.937,random,float32
20,760.601845,5110,52430573,426.801,random,float32
20,765.412996,22012,52430573,411.389,random,float32
20,771.174513,3530,52430573,918.594,random,float32
20,776.612130,1182,52430573,932.477,random,float32
20,781.451431,29239,52430573,883.654,random,float32
20,786.847531,17511,52430573,394.550,random,float32
20,792.598728,31439,52430573,905.601,random,float32
20,796.997058,36641,52430573,391.450,random,float32
20,801.955493,10471,52430573,409.426,random,float32
20,806.418419,27168,52430573,209.031,random,float32
20,811.353425,15094,52430573,213.085,random,float32
20,815.813623,52581,52430573,293.335,random,float32
20,822.058946,34647,52430573,939.438,random,float32
20,826.251150,43030,52430573,408.639,random,float32
20,830.954605,19237,52430573,374.953,random,float32
20,835.894827,11755,52430573,382.334,random,float32
20,841.145176,23183,52430573,410.675,random,float32
20,846.583699,8616,52430573,796.713,random,float32
20,852.066931,45562,52430573,462.720,random,float32
20,857.443842,4094,52430573,398.535,random,float32
20,862.672196,6347,52430573,315.001,random,float32
20,867.956480,9834,52430573,395.420,random,float32
20,872.549368,16205,52430573,409.887,random,float32
20,876.702100,14948,52430573,264.141,random,float32
20,882.054425,49904,52430573,429.370,random,float32
20,886.958943,20273,52430573,403.117,random,float32
20,892.350829,16766,52430573,394.288,random,float32
20,896.553954,44428,52430573,318.527,random,float32
21,304.813037,25498,52430573,259.696,random,float32
21,310.188049,9721,52430573,427.999,random,float32
21,314.913122,60022,52430573,360.118,random,float32
21,318.155093,45460,52430573,399.250,random,float32
21,322.433165,35776,52430573,209.501,random,float32
21,326.888790,6427,52430573,239.458,random,float32
21,331.857824,7395,52430573,867.933,random,float32
21,337.588374,34200,52430573,395.475,random,float32
21,342.050100,36666,52430573,266.171,random,float32
21,347.304954,32098,52430573,415.162,random,float32
21,353.392192,49066,52430573,416.664,random,float32
21,358.575489,8067,52430573,406.235,random,float32
21,364.098865,52251,52430573,394.551,random,float32
21,368.722922,45858,52430573,429.276,random,float32
21,373.471738,3697,52430573,393.802,random,float32
21,377.934658,221,52430573,206.733,random,float32
21,382.765917,9031,52430573,431.057,random,float32
21,388.322960,32379,52430573,410.832,random,float32
21,394.419279,53156,52430573,911.142,random,float32
21,399.202360,5909,52430573,304.017,random,float32
21,404.573286,28039,52430573,462.953,random,float32
21,410.708993,25511,52430573,934.841,random,float32
21,416.302971,53106,52430573,908.853,random,float32
21,421.723811,42456,52430573,421.803,random,float32
21,425.770239,35282,52430573,409.763,random,float32
21,430.162025,26358,52430573,411.656,random,float32
21,435.458187,25549,52430573,385.238,random,float32
21,440.273702,60159,52430573,402.200,random,float32
21,445.428681,56525,52430573,396.997,random,float32
21,451.250655,10822,52430573,417.265,random,float32
21,457.168145,35974,52430573,890.439,random,float32
21,461.880953,9043,52430573,397.358,random,float32
21,467.745505,50128,52430573,755.349,random,float32
21,472.493405,64606,52430573,446.995,random,float32
21,478.133195,56676,52430573,881.039,random,float32
21,482.628504,52628,52430573,408.316,random,float32
21,487.739034,54651,52430573,429.682,random,float32
21,493.455194,65904,52430573,857.586,random,float32
21,498.583898,30068,52430573,879.039,random,float32
21,503.923118,54392,52430573,817.127,random,float32
21,507.955109,2187,52430573,369.571,random,float32
21,513.298630,5550,52430573,399.059,random,float32
21,519.560797,63514,52430573,385.414,random,float32
21,524.314759,36270,52430573,387.198,random,float32
21,529.982939,5443,52430573,433.866,random,float32
21,534.485364,39977,52430573,221.579,random,float32
21,539.440066,56527,52430573,230.896,random,float32
21,544.478619,21745,52430573,392.256,random,float32
21,550.004374,10437,52430573,448.035,random,float32
21,554.842200,57400,52430573,232.944,random,float32
21,559.413324,60652,52430573,892.931,random,float32
21,564.713969,8246,52430573,374.327,random,float32
21,569.419552,39095,52430573,452.443,random,float32
21,575.235033,10942,52430573,848.910,random,float32
21,579.864904,61915,52430573,404.549,random,float32
21,584.701859,38465,52430573,385.314,random,float32
21,589.510703,7745,52430573,391.685,random,float32
21,594.994200,51050,52430573,397.898,random,float32
21,599.880452,32443,52430573,901.217,random,float32
21,605.407975,6022,52430573,431.216,random,float32
21,610.080922,57994,52430573,441.570,random,float32
21,614.470077,38100,52430573,264.035,random,float32
21,618.481335,11099,52430573,739.332,random,float32
21,623.699374,2566,52430573,371.522,random,float32
21,627.965011,49845,52430573,339.439,random,float32
21,632.641957,32477,52430573,402.041,random,float32
21,638.405695,28583,52430573,904.725,random,float32
21,643.270278,64649,52430573,695.339,random,float32
21,648.650421,45351,52430573,403.761,random,float32
21,653.471813,8444,52430573,258.280,random,float32
21,658.814203,45463,52430573,376.136,random,float32
21,663.382009,22498,52430573,370.631,random,float32
21,668.494880,33932,52430573,370.527,random,float32
21,673.600372,15647,52430573,397.945,random,float32
21,678.608957,59675,52430573,387.850,random,float32
21,683.853082,35127,52430573,387.760,random,float32
21,688.380730,15802,52430573,413.228,random,float32
21,693.520648,1965,52430573,369.823,random,float32
21,698.586556,7496,52430573,405.630,random,float32
21,704.000434,3809,52430573,332.925,random,float32
21,708.997491,7537,52430573,849.438,random,float32
21,713.646314,61831,52430573,371.543,random,float32
21,718.973353,58766,52430573,405.287,random,float32
21,724.036546,62388,52430573,391.984,random,float32
21,729.081533,27821,52430573,422.542,random,float32
21,733.093172,61458,52430573,886.377,random,float32
21,737.913625,45455,52430573,385.102,random,float32
21,743.305850,60917,52430573,384.706,random,float32
21,748.257372,17236,52430573,267.580,random,float32
21,753.144631,31486,52430573,891.649,random,float32
21,758.182556,43869,52430573,855.940,random,float32
21,762.867329,16128,52430573,486.363,random,float32
21,768.022026,61454,52430573,404.614,random,float32
21,771.756376,53313,52430573,383.334,random,float32
21,777.180319,49632,52430573,418.848,random,float32
21,781.753986,22605,52430573,437.449,random,float32
21,786.605206,968,52430573,426.156,random,float32
21,791.445662,32324,52430573,279.069,random,float32
21,796.853966,45499,52430573,398.617,random,float32
21,801.787519,3,52430573,428.160,random,float32
21,807.558236,46483,52430573,897.927,random,float32
21,813.553735,44371,52430573,1272.726,random,float32
21,818.940718,39641,52430573,406.629,random,float32
21,824.195721,26883,52430573,411.551,random,float32
21,828.962155,65868,52430573,425.984,random,float32
21,835.185664,279,52430573,859.250,random,float32
21,840.330865,45135,52430573,913.682,random,float32
21,844.906268,35129,52430573,858.556,random,float32
21,849.208296,2832,52430573,529.981,random,float32
21,854.533405,6879,52430573,880.867,random,float32
21,859.372560,20218,52430573,417.802,random,float32
21,864.250801,55034,52430573,408.351,random,float32
21,869.990144,55741,52430573,438.092,random,float32
21,874.023783,16928,52430573,317.891,random,float32
21,879.529776,34228,52430573,795.379,random,float32
21,884.671981,23661,52430573,923.033,random,float32
21,889.126421,35126,52430573,394.113,random,float32
21,895.087871,41316,52430573,443.919,random,float32
22,305.166868,33582,52430573,334.845,random,float32
22,310.088135,24894,52430573,278.983,random,float32
22,315.739115,12928,52430573,426.683,random,float32
22,321.051593,19576,52430573,453.644,random,float32
22,326.471910,36072,52430573,885.639,random,float32
22,332.017575,36905,52430573,859.131,random,float32
22,337.827174,37059,52430573,413.215,random,float32
22,342.551819,65712,52430573,411.332,random,float32
22,347.251899,37135,52430573,377.167,random,float32
22,351.742129,13879,52430573,383.184,random,float32
22,356.859603,30510,52430573,389.811,random,float32
22,362.077438,5842,52430573,404.345,random,float32
22,366.846906,62432,52430573,395.821,random,float32
22,372.603174,19617,52430573,855.129,random,float32
22,377.570585,51256,52430573,913.112,random,float32
22,381.687749,22803,52430573,405.903,random,float32
22,385.896485,24391,52430573,233.594,random,float32
22,391.155156,55266,52430573,264.192,random,float32
22,395.507549,33906,52430573,372.969,random,float32
22,400.679260,37478,52430573,403.386,random,float32
22,405.528005,51667,52430573,212.876,random,float32
22,410.608614,63350,52430573,919.746,random,float32
22,414.563694,39763,52430573,246.902,random,float32
22,419.255346,64952,52430573,285.447,random,float32
22,423.762826,43558,52430573,258.898,random,float32
22,428.789430,9538,52430573,238.253,random,float32
22,434.694119,7945,52430573,933.451,random,float32
22,439.978804,16430,52430573,424.265,random,float32
22,445.361187,60489,52430573,399.357,random,float32
22,450.718500,62012,52430573,408.852,random,float32
22,456.315721,5990,52430573,430.945,random,float32
22,460.945359,10509,52430573,287.839,random,float32
22,466.030656,10121,52430573,892.520,random,float32
22,471.308564,16932,52430573,891.773,random,float32
22,476.645678,18677,52430573,928.446,random,float32
22,481.828190,31112,52430573,934.415,random,float32
22,486.352685,46696,52430573,411.531,random,float32
22,491.524161,36326,52430573,448.258,random,float32
22,497.572445,58235,52430573,372.676,random,float32
22,502.798938,63489,52430573,354.624,random,float32
22,507.257815,60216,52430573,250.781,random,float32
22,512.294814,16772,52430573,878.256,random,float32
22,516.352818,21582,52430573,420.705,random,float32
22,521.324533,48658,52430573,237.936,random,float32
22,526.002621,51316,52430573,382.672,random,float32
22,531.294079,61437,52430573,405.126,random,float32
22,537.395198,24748,52430573,906.442,random,float32
22,543.057929,53704,52430573,436.466,random,float32
22,548.903600,28075,52430573,939.743,random,float32
22,554.030048,44071,52430573,843.505,random,float32
22,558.787898,60794,52430573,445.540,random,float32
22,563.765149,28087,52430573,396.530,random,float32
22,569.227873,19765,52430573,980.388,random,float32
22,574.330773,56265,52430573,415.597,random,float32
22,579.273909,59555,52430573,435.980,random,float32
22,584.264251,23303,52430573,393.354,random,float32
22,589.385334,30068,52430573,265.260,random,float32
22,593.852699,49653,52430573,386.227,random,float32
22,600.398316,4242,52430573,266.371,random,float32
22,605.066380,4953,52430573,398.303,random,float32
22,609.647340,15788,52430573,399.573,random,float32
22,615.400781,49282,52430573,878.292,random,float32
22,620.237856,1902,52430573,403.925,random,float32
22,625.138671,30587,52430573,913.508,random,float32
22,630.685244,36518,52430573,413.780,random,float32
22,634.952646,47899,52430573,400.387,random,float32
22,640.048289,17452,52430573,954.014,random,float32
22,645.108596,37131,52430573,917.631,random,float32
22,650.173066,56980,52430573,929.755,random,float32
22,655.118769,59171,52430573,945.642,random,float32
22,659.997572,17176,52430573,371.636,random,float32
22,664.282881,61490,52430573,396.346,random,float32
22,669.594902,14776,52430573,917.231,random,float32
22,674.854248,14982,52430573,997.006,random,float32
22,680.229133,33364,52430573,423.084,random,float32
22,685.326847,24817,52430573,409.535,random,float32
22,690.649591,57802,52430573,390.560,random,float32
22,696.313970,5000,52430573,388.830,random,float32
22,700.710470,13285,52430573,425.909,random,float32
22,705.087815,57643,52430573,285.251,random,float32
22,709.807759,27331,52430573,405.872,random,float32
22,715.380142,2529,52430573,419.144,random,float32
22,720.612566,33174,52430573,397.858,random,float32
22,726.254952,24923,52430573,927.894,random,float32
22,731.609390,28054,52430573,920.263,random,float32
22,736.810676,14656,52430573,424.603,random,float32
22,742.792229,964,52430573,939.391,random,float32
22,748.121018,52507,52430573,439.921,random,float32
22,753.809453,48037,52430573,462.932,random,float32
22,759.958669,11671,52430573,913.264,random,float32
22,765.775503,47226,52430573,416.705,random,float32
22,771.587410,50656,52430573,441.367,random,float32
22,777.029890,64768,52430573,382.126,random,float32
22,782.898058,22203,52430573,941.329,random,float32
22,787.740923,36421,52430573,365.810,random,float32
22,793.158743,13817,52430573,387.428,random,float32
22,799.067596,50209,52430573,901.983,random,float32
22,803.829927,43268,52430573,386.739,random,float32
22,808.494973,1015,52430573,429.735,random,float32
22,814.369032,49878,52430573,435.419,random,float32
22,820.082772,46360,52430573,930.140,random,float32
22,824.447488,24306,52430573,416.350,random,float32
22,828.979471,24081,52430573,250.547,random,float32
22,834.326622,2327,52430573,392.236,random,float32
22,839.627572,2182,52430573,384.695,random,float32
22,844.909743,38535,52430573,839.798,random,float32
22,851.755757,26997,52430573,231.696,random,float32
22,856.796131,26171,52430573,1349.620,random,float32
22,860.940568,32095,52430573,279.915,random,float32
22,866.879766,50016,52430573,947.984,random,float32
22,871.700449,53065,52430573,894.406,random,float32
22,876.648713,22760,52430573,919.123,random,float32
22,881.578485,39407,52430573,384.354,random,float32
22,886.939180,47123,52430573,407.007,random,float32
22,891.760123,31770,52430573,399.807,random,float32
22,897.097204,63821,52430573,307.275,random,float32
23,304.803575,36317,52430573,441.779,random,float32
23,310.201180,51956,52430573,417.467,random,float32
23,315.860321,8184,52430573,379.193,random,float32
23,321.450212,6384,52430573,428.208,random,float32
23,327.439707,1829,52430573,327.810,random,float32
23,332.997747,8654,52430573,431.621,random,float32
23,337.206280,32853,52430573,968.350,random,float32
23,342.040752,18223,52430573,380.560,random,float32
23,347.906810,12653,52430573,850.005,random,float32
23,352.748653,1756,52430573,913.471,random,float32
23,357.466111,42466,52430573,240.249,random,float32
23,361.444284,37494,52430573,927.005,random,float32
23,366.851504,5819,52430573,388.354,random,float32
23,372.902981,47343,52430573,248.454,random,float32
23,377.998943,61893,52430573,410.800,random,float32
23,382.867153,22845,52430573,426.241,random,float32
23,387.731178,48895,52430573,447.330,random,float32
23,392.956670,41060,52430573,442.652,random,float32
23,397.859376,65029,52430573,433.621,random,float32
23,403.910577,61645,52430573,443.318,random,float32
23,408.417055,51942,52430573,360.969,random,float32
23,413.114733,20197,52430573,394.212,random,float32
23,419.845491,60,52430573,391.190,random,float32
23,424.974061,48288,52430573,889.893,random,float32
23,430.386799,41126,52430573,401.087,random,float32
23,436.355700,8150,52430573,890.268,random,float32
23,441.060524,18946,52430573,899.005,random,float32
23,445.759645,26534,52430573,430.322,random,float32
23,450.951706,1636,52430573,501.652,random,float32
23,455.964511,34388,52430573,442.628,random,float32
23,461.660019,9049,52430573,288.661,random,float32
23,467.892219,21680,52430573,948.218,random,float32
23,473.650314,13229,52430573,470.570,random,float32
23,479.758643,32721,52430573,906.344,random,float32
23,484.197095,22553,52430573,403.591,random,float32
23,489.115887,3319,52430573,414.123,random,float32
23,494.254631,753,52430573,406.194,random,float32
23,499.558941,56310,52430573,383.307,random,float32
23,504.767678,28988,52430573,435.799,random,float32
23,509.598291,64373,52430573,302.328,random,float32
23,514.933047,14562,52430573,304.918,random,float32
23,520.938805,47481,52430573,966.730,random,float32
23,525.023895,30608,52430573,794.450,random,float32
23,530.912140,24420,52430573,410.756,random,float32
23,535.676328,51744,52430573,926.269,random,float32
23,541.050356,61518,52430573,410.753,random,float32
23,545.840202,24258,52430573,460.452,random,float32
23,551.289521,50776,52430573,295.038,random,float32
23,556.134793,35321,52430573,365.716,random,float32
23,561.265583,21687,52430573,399.453,random,float32
23,565.733674,13635,52430573,404.208,random,float32
23,570.604826,61141,52430573,282.039,random,float32
23,575.660756,64216,52430573,410.366,random,float32
23,580.799509,34352,52430573,410.368,random,float32
23,586.174848,1387,52430573,389.598,random,float32
23,591.225083,8598,52430573,254.890,random,float32
23,596.714850,18504,52430573,422.971,random,float32
23,602.137524,24678,52430573,1008.946,random,float32
23,607.596683,4672,52430573,999.919,random,float32
23,612.136215,9038,52430573,400.569,random,float32
23,616.488657,3615,52430573,148.427,random,float32
23,621.372671,9047,52430573,880.809,random,float32
23,626.815496,16023,52430573,406.391,random,float32
23,631.199564,13344,52430573,400.023,random,float32
23,636.311482,19290,52430573,922.663,random,float32
23,641.110699,3091,52430573,366.157,random,float32
23,647.008169,28795,52430573,421.977,random,float32
23,651.635261,39263,52430573,388.644,random,float32
23,656.827236,11666,52430573,417.872,random,float32
23,661.785364,25282,52430573,252.456,random,float32
23,666.613390,48912,52430573,416.517,random,float32
23,671.650626,48082,52430573,407.233,random,float32
23,676.325769,41224,52430573,358.753,random,float32
23,681.773558,60089,52430573,258.456,random,float32
23,687.831243,32496,52430573,945.714,random,float32
23,693.510497,50608,52430573,251.311,random,float32
23,698.966556,65282,52430573,462.697,random,float32
23,705.012591,12750,52430573,444.216,random,float32
23,709.934787,60513,52430573,295.688,random,float32
23,715.184726,60689,52430573,313.993,random,float32
23,721.404033,20489,52430573,967.616,random,float32
23,726.789499,9813,52430573,419.419,random,float32
23,732.894992,7775,52430573,869.122,random,float32
23,737.865478,10829,52430573,427.401,random,float32
23,743.150135,58749,52430573,393.469,random,float32
23,748.580579,8416,52430573,387.530,random,float32
23,753.667532,47046,52430573,405.062,random,float32
23,758.155562,22610,52430573,955.837,random,float32
23,763.998222,43637,52430573,403.578,random,float32
23,769.494534,39473,52430573,865.882,random,float32
23,773.657300,59309,52430573,382.039,random,float32
23,779.430788,46273,52430573,901.328,random,float32
23,784.426390,11246,52430573,812.011,random,float32
23,789.361462,53601,52430573,251.178,random,float32
23,794.405116,16223,52430573,265.757,random,float32
23,799.078341,65197,52430573,826.021,random,float32
23,804.420926,49757,52430573,868.572,random,float32
23,808.995023,53400,52430573,365.209,random,float32
23,814.025282,52044,52430573,431.555,random,float32
23,820.013246,50014,52430573,950.911,random,float32
23,824.626256,44158,52430573,437.079,random,float32
23,829.349155,2795,52430573,422.672,random,float32
23,834.000000,53261,52430573,407.724,random,float32
23,839.439871,60339,52430573,395.791,random,float32
23,845.219002,16053,52430573,254.239,random,float32
23,851.109528,32934,52430573,888.425,random,float32
23,856.737895,45442,52430573,445.725,random,float32
23,862.352000,65572,52430573,403.821,random,float32
23,868.571086,48009,52430573,881.739,random,float32
23,873.557081,28516,52430573,400.476,random,float32
23,878.193943,11132,52430573,265.906,random,float32
23,883.388882,53995,52430573,423.153,random,float32
23,888.748067,40249,52430573,398.996,random,float32
23,894.996650,38863,52430573,438.382,random,float32
23,900.089536,43291,52430573,277.799,random,float32
24,305.083668,65518,52430573,238.198,random,float32
24,309.958570,11829,52430573,468.657,random,float32
24,315.347607,31256,52430573,436.183,random,float32
24,321.075307,53336,52430573,441.207,random,float32
24,327.072052,61890,52430573,317.503,random,float32
24,332.617921,2023,52430573,400.161,random,float32
24,338.245146,24989,52430573,409.738,random,float32
24,343.617512,57371,52430573,948.761,random,float32
24,348.383928,9716,52430573,454.472,random,float32
24,353.335890,51968,52430573,296.143,random,float32
24,358.111988,13767,52430573,287.544,random,float32
24,362.422867,31068,52430573,381.446,random,float32
24,367.872749,46056,52430573,435.686,random,float32
24,373.366817,56579,52430573,403.697,random,float32
24,379.022136,8029,52430573,388.450,random,float32
24,384.842537,14190,52430573,436.463,random,float32
24,390.486096,56239,52430573,939.995,random,float32
24,395.281440,45045,52430573,423.689,random,float32
24,400.265196,37109,52430573,947.205,random,float32
24,405.615307,52422,52430573,417.229,random,float32
24,411.089460,34799,52430573,437.849,random,float32
24,416.686189,61774,52430573,276.118,random,float32
24,421.794382,33266,52430573,285.014,random,float32
24,427.973795,65091,52430573,915.318,random,float32
24,432.988357,40699,52430573,228.201,random,float32
24,438.503708,29287,52430573,403.912,random,float32
24,443.106748,37006,52430573,411.176,random,float32
24,448.575138,53967,52430573,383.337,random,float32
24,454.262542,1217,52430573,402.910,random,float32
24,459.400434,11856,52430573,226.574,random,float32
24,464.304833,64381,52430573,407.348,random,float32
24,469.591412,11266,52430573,978.474,random,float32
24,473.938717,33848,52430573,389.024,random,float32
24,479.825101,36097,52430573,910.686,random,float32
24,485.158930,5045,52430573,791.456,random,float32
24,490.414406,37120,52430573,878.825,random,float32
24,494.361594,33069,52430573,448.119,random,float32
24,500.179634,28781,52430573,908.925,random,float32
24,504.551756,3605,52430573,424.177,random,float32
24,509.293733,23877,52430573,267.444,random,float32
24,514.107484,8275,52430573,359.665,random,float32
24,518.241136,31612,52430573,232.895,random,float32
24,523.155230,58817,52430573,854.505,random,float32
24,527.726208,53284,52430573,396.928,random,float32
24,533.098414,30971,52430573,421.524,random,float32
24,538.044736,19554,52430573,405.113,random,float32
24,542.455215,45646,52430573,763.156,random,float32
24,547.963603,12093,52430573,398.203,random,float32
24,553.694711,19597,52430573,371.720,random,float32
24,558.281251,62869,52430573,228.790,random,float32
24,563.443409,59096,52430573,432.645,random,float32
24,568.876139,60990,52430573,230.563,random,float32
24,575.046402,22340,52430573,834.735,random,float32
24,579.502005,47471,52430573,393.639,random,float32
24,585.305448,7176,52430573,905.790,random,float32
24,590.998953,50146,52430573,907.876,random,float32
24,596.457038,10421,52430573,922.486,random,float32
24,601.537255,65863,52430573,383.446,random,float32
24,606.164824,2737,52430573,416.931,random,float32
24,611.305018,27878,52430573,432.104,random,float32
24,615.851111,33773,52430573,397.754,random,float32
24,620.647615,12693,52430573,340.001,random,float32
24,625.537261,50202,52430573,254.376,random,float32
24,631.601572,42706,52430573,951.145,random,float32
24,636.483557,31040,52430573,372.482,random,float32
24,641.299338,64709,52430573,375.129,random,float32
24,646.625324,19381,52430573,239.653,random,float32
24,651.571209,956,52430573,390.990,random,float32
24,656.193615,39448,52430573,364.756,random,float32
24,661.598311,8901,52430573,394.766,random,float32
24,665.295948,16145,52430573,345.225,random,float32
24,671.199241,48515,52430573,909.592,random,float32
24,675.946846,44639,52430573,418.760,random,float32
24,681.193900,26218,52430573,928.969,random,float32
24,686.876417,60419,52430573,318.170,random,float32
24,691.824005,42377,52430573,464.682,random,float32
24,696.628060,31702,52430573,431.857,random,float32
24,701.543980,3705,52430573,433.453,random,float32
24,706.429780,59663,52430573,414.844,random,float32
24,711.598193,43837,52430573,277.688,random,float32
24,716.431749,23988,52430573,377.028,random,float32
24,721.530889,65048,52430573,375.809,random,float32
24,726.702185,32986,52430573,365.286,random,float32
24,731.748284,45895,52430573,363.420,random,float32
24,736.435694,58945,52430573,276.345,random,float32
24,742.208735,10148,52430573,395.852,random,float32
24,747.172700,54153,52430573,385.295,random,float32
24,751.692529,18349,52430573,424.717,random,float32
24,756.472249,4997,52430573,254.273,random,float32
24,762.208980,41858,52430573,585.196,random,float32
24,767.557032,61207,52430573,345.162,random,float32
24,772.948523,27907,52430573,900.624,random,float32
24,778.347110,9460,52430573,464.022,random,float32
24,783.943801,18010,52430573,432.443,random,float32
24,788.885016,63750,52430573,467.288,random,float32
24,794.140417,65414,52430573,927.322,random,float32
24,799.029522,64721,52430573,343.993,random,float32
24,803.412994,6785,52430573,413.561,random,float32
24,809.154200,65097,52430573,914.415,random,float32
24,814.070483,35950,52430573,437.708,random,float32
24,819.845411,11641,52430573,909.574,random,float32
24,825.157824,23593,52430573,871.442,random,float32
24,830.371560,40291,52430573,423.964,random,float32
24,835.842368,38204,52430573,436.676,random,float32
24,841.110480,9839,52430573,440.208,random,float32
24,846.157942,10676,52430573,925.256,random,float32
24,851.528445,30992,52430573,413.030,random,float32
24,856.934176,50157,52430573,414.102,random,float32
24,862.064106,31874,52430573,389.306,random,float32
24,866.687627,2978,52430573,895.703,random,float32
24,872.250211,61226,52430573,284.542,random,float32
24,876.638978,37809,52430573,282.257,random,float32
24,882.559096,63873,52430573,859.751,random,float32
24,888.035347,22474,52430573,909.750,random,float32
24,891.782961,3174,52430573,414.075,random,float32
24,896.679610,43372,52430573,411.237,random,float32
25,304.501153,10065,52430573,434.625,random,float32
25,308.850985,36046,52430573,401.733,random,float32
25,315.291263,33273,52430573,1208.823,random,float32
25,320.771512,40541,52430573,230.443,random,float32
25,326.682109,63226,52430573,954.644,random,float32
25,330.846056,45485,52430573,267.022,random,float32
25,336.868227,48915,52430573,868.715,random,float32
25,341.206040,64227,52430573,365.795,random,float32
25,346.491215,62916,52430573,916.907,random,float32
25,351.414004,2565,52430573,985.709,random,float32
25,356.880159,60151,52430573,414.365,random,float32
25,363.189609,11663,52430573,844.557,random,float32
25,367.463443,7975,52430573,894.351,random,float32
25,372.415093,14860,52430573,816.304,random,float32
25,376.625542,24473,52430573,413.359,random,float32
25,380.986886,55643,52430573,268.577,random,float32
25,386.357847,8491,52430573,402.749,random,float32
25,392.336527,58129,52430573,265.564,random,float32
25,397.354913,16564,52430573,974.184,random,float32
25,401.996446,48740,52430573,397.920,random,float32
25,407.323425,633,52430573,363.865,random,float32
25,412.494394,43957,52430573,360.303,random,float32
25,417.827646,4931,52430573,923.960,random,float32
25,422.520668,62213,52430573,298.072,random,float32
25,427.898283,33648,52430573,822.291,random,float32
25,433.410524,47195,52430573,436.730,random,float32
25,439.630801,15572,52430573,255.035,random,float32
25,445.084161,58355,52430573,442.625,random,float32
25,450.647335,42406,52430573,461.851,random,float32
25,455.561830,8105,52430573,946.371,random,float32
25,461.185169,20143,52430573,876.586,random,float32
25,466.529774,47195,52430573,236.957,random,float32
25,471.825761,62185,52430573,392.867,random,float32
25,476.919913,59963,52430573,406.405,random,float32
25,481.857794,59136,52430573,253.199,random,float32
25,487.219412,49156,52430573,416.083,random,float32
25,492.185540,43872,52430573,423.622,random,float32
25,496.601979,34629,52430573,795.517,random,float32
25,501.840852,43300,52430573,856.536,random,float32
25,507.099224,54896,52430573,928.393,random,float32
25,511.424493,28673,52430573,450.694,random,float32
25,517.324201,177,52430573,920.294,random,float32
25,523.098650,17431,52430573,858.406,random,float32
25,527.608318,32850,52430573,265.899,random,float32
25,532.485044,42239,52430573,353.675,random,float32
25,537.203770,54973,52430573,663.082,random,float32
25,541.348625,47120,52430573,198.326,random,float32
25,547.405087,58966,52430573,437.579,random,float32
25,552.947841,56982,52430573,378.427,random,float32
25,557.985177,47289,52430573,419.086,random,float32
25,563.198328,52448,52430573,434.390,random,float32
25,567.798132,13271,52430573,377.549,random,float32
25,572.422992,43497,52430573,359.357,random,float32
25,577.245034,3905,52430573,210.278,random,float32
25,580.955678,50762,52430573,236.859,random,float32
25,585.022394,27066,52430573,311.587,random,float32
25,589.797597,47875,52430573,407.424,random,float32
25,594.935160,40974,52430573,416.515,random,float32
25,600.832304,64380,52430573,450.256,random,float32
25,606.296647,13597,52430573,421.162,random,float32
25,611.619995,33971,52430573,380.008,random,float32
25,616.909494,2537,52430573,389.950,random,float32
25,622.185733,46664,52430573,367.996,random,float32
25,627.593128,9992,52430573,389.958,random,float32
25,633.146893,41371,52430573,885.045,random,float32
25,638.396887,28778,52430573,399.130,random,float32
25,643.649069,11516,52430573,422.486,random,float32
25,649.229424,61008,52430573,295.135,random,float32
25,655.010431,22853,52430573,418.634,random,float32
25,661.044566,1655,52430573,932.761,random,float32
25,664.821421,2891,52430573,295.738,random,float32
25,669.087508,12658,52430573,364.549,random,float32
25,674.325670,38554,52430573,854.572,random,float32
25,679.541230,48000,52430573,894.556,random,float32
25,684.605984,32812,52430573,890.512,random,float32
25,689.524194,2359,52430573,301.659,random,float32
25,693.818191,3537,52430573,417.401,random,float32
25,698.636199,18699,52430573,427.083,random,float32
25,703.693913,25889,52430573,352.295,random,float32
25,708.988558,59297,52430573,941.393,random,float32
25,714.658123,59473,52430573,440.507,random,float32
25,720.115532,56511,52430573,424.927,random,float32
25,726.031856,18146,52430573,806.348,random,float32
25,730.321517,16709,52430573,327.791,random,float32
25,735.648988,46924,52430573,416.745,random,float32
25,741.048652,30360,52430573,407.122,random,float32
25,744.951201,60662,52430573,377.752,random,float32
25,750.311446,61566,52430573,427.965,random,float32
25,756.267621,29164,52430573,967.150,random,float32
25,761.419787,64125,52430573,874.565,random,float32
25,767.159490,58287,52430573,381.466,random,float32
25,772.663610,14211,52430573,797.481,random,float32
25,777.883862,61870,52430573,953.786,random,float32
25,783.398756,47943,52430573,381.053,random,float32
25,788.506841,45928,52430573,826.442,random,float32
25,793.193962,62576,52430573,369.388,random,float32
25,798.025886,40770,52430573,420.062,random,float32
25,803.545875,33886,52430573,407.172,random,float32
25,808.887325,56536,52430573,821.045,random,float32
25,814.283078,9887,52430573,357.700,random,float32
25,820.213151,53683,52430573,398.575,random,float32
25,825.557760,19569,52430573,408.771,random,float32
25,830.464805,53969,52430573,299.529,random,float32
25,835.546382,17781,52430573,428.697,random,float32
25,841.088136,29442,52430573,396.417,random,float32
25,846.669259,6558,52430573,436.682,random,float32
25,853.333844,62261,52430573,435.246,random,float32
25,858.178983,57293,52430573,922.706,random,float32
25,863.539878,19350,52430573,436.568,random,float32
25,868.757395,57671,52430573,918.496,random,float32
25,873.680140,24870,52430573,410.690,random,float32
25,879.373279,17285,52430573,875.789,random,float32
25,884.526165,32111,52430573,262.502,random,float32
25,889.696872,42725,52430573,820.079,random,float32
25,895.040708,35132,52430573,256.767,random,float32
25,898.767834,32134,52430573,383.770,random,float32
26,304.937658,31546,52430573,407.165,random,float32
26,310.202984,8576,52430573,390.764,random,float32
26,315.498860,49680,52430573,359.579,random,float32
26,320.842999,35763,52430573,386.141,random,float32
26,325.294606,56227,52430573,807.553,random,float32
26,330.342069,13277,52430573,396.831,random,float32
26,335.432609,6961,52430573,398.260,random,float32
26,341.014155,35404,52430573,438.462,random,float32
26,346.339376,9611,52430573,918.655,random,float32
26,351.435827,34338,52430573,944.374,random,float32
26,355.961734,28009,52430573,301.182,random,float32
26,360.173390,13424,52430573,381.408,random,float32
26,365.740612,21571,52430573,820.152,random,float32
26,371.028406,24106,52430573,396.211,random,float32
26,375.202773,8549,52430573,263.687,random,float32
26,380.510687,35116,52430573,901.105,random,float32
26,385.633055,28732,52430573,919.501,random,float32
26,390.536410,7403,52430573,934.199,random,float32
26,395.681056,18960,52430573,885.330,random,float32
26,400.051556,31133,52430573,915.891,random,float32
26,404.813173,28845,52430573,849.613,random,float32
26,408.408698,40606,52430573,171.617,random,float32
26,412.989828,34373,52430573,346.392,random,float32
26,417.704012,20491,52430573,869.653,random,float32
26,422.864596,40958,52430573,876.488,random,float32
26,427.800489,43829,52430573,872.663,random,float32
26,432.746568,65373,52430573,868.695,random,float32
26,436.610018,6264,52430573,366.600,random,float32
26,441.770884,15912,52430573,395.800,random,float32
26,447.670547,34476,52430573,873.034,random,float32
26,453.275137,28826,52430573,859.365,random,float32
26,457.889509,60208,52430573,369.931,random,float32
26,463.584590,26686,52430573,239.908,random,float32
26,468.245231,19088,52430573,375.631,random,float32
26,473.643330,9254,52430573,416.085,random,float32
26,478.561540,6244,52430573,415.027,random,float32
26,483.820030,44250,52430573,414.738,random,float32
26,488.609029,43301,52430573,327.051,random,float32
26,493.943233,1027,52430573,443.771,random,float32
26,499.127419,20572,52430573,391.939,random,float32
26,504.395100,14893,52430573,275.501,random,float32
26,509.741428,63625,52430573,415.611,random,float32
26,514.760847,21183,52430573,409.680,random,float32
26,519.924399,42026,52430573,455.936,random,float32
26,525.889790,1514,52430573,408.204,random,float32
26,530.961739,19311,52430573,437.101,random,float32
26,536.300171,64529,52430573,297.105,random,float32
26,540.171353,58872,52430573,316.264,random,float32
26,545.567144,36253,52430573,416.457,random,float32
26,551.044283,54438,52430573,407.464,random,float32
26,556.184665,9968,52430573,397.485,random,float32
26,561.134592,36909,52430573,261.516,random,float32
26,565.621582,12913,52430573,290.282,random,float32
26,570.529990,26035,52430573,226.003,random,float32
26,576.041066,21983,52430573,408.758,random,float32
26,581.253217,30799,52430573,431.722,random,float32
26,587.571868,35972,52430573,456.104,random,float32
26,592.923806,45072,52430573,403.200,random,float32
26,597.646942,40077,52430573,341.136,random,float32
26,602.667638,31655,52430573,449.877,random,float32
26,608.033418,52039,52430573,388.517,random,float32
26,613.182326,6714,52430573,868.121,random,float32
26,617.900064,44038,52430573,369.318,random,float32
26,623.019525,62906,52430573,948.665,random,float32
26,626.947319,42146,52430573,293.122,random,float32
26,632.147615,10308,52430573,290.156,random,float32
26,636.776971,28276,52430573,426.052,random,float32
26,641.746381,368,52430573,846.946,random,float32
26,647.194681,51674,52430573,413.200,random,float32
26,653.187612,64831,52430573,355.632,random,float32
26,658.709945,59804,52430573,372.089,random,float32
26,663.756148,48529,52430573,362.033,random,float32
26,669.219596,40516,52430573,895.445,random,float32
26,673.506518,57620,52430573,405.557,random,float32
26,678.694745,59795,52430573,393.027,random,float32
26,684.451440,15140,52430573,879.550,random,float32
26,689.617326,44556,52430573,884.212,random,float32
26,695.110183,19505,52430573,384.695,random,float32
26,700.039729,19856,52430573,387.777,random,float32
26,704.737728,61280,52430573,412.724,random,float32
26,709.914358,10530,52430573,366.090,random,float32
26,714.322853,19998,52430573,234.994,random,float32
26,719.770470,13731,52430573,389.662,random,float32
26,724.964305,19374,52430573,379.736,random,float32
26,730.309180,38995,52430573,241.385,random,float32
26,734.958697,790,52430573,410.803,random,float32
26,739.514691,12729,52430573,407.195,random,float32
26,745.969183,63905,52430573,911.269,random,float32
26,750.269991,9847,52430573,455.630,random,float32
26,756.254510,55259,52430573,990.020,random,float32
26,761.628111,47904,52430573,422.571,random,float32
26,767.742462,33778,52430573,406.292,random,float32
26,772.742970,11077,52430573,935.368,random,float32
26,778.545140,49345,52430573,396.064,random,float32
26,783.480384,49811,52430573,434.050,random,float32
26,788.928035,7255,52430573,416.160,random,float32
26,794.401070,15591,52430573,415.076,random,float32
26,800.018493,34020,52430573,407.016,random,float32
26,805.164591,10899,52430573,419.690,random,float32
26,810.557431,56091,52430573,401.447,random,float32
26,815.045340,60230,52430573,907.266,random,float32
26,819.667768,17877,52430573,750.454,random,float32
26,825.030128,63960,52430573,852.498,random,float32
26,830.593284,8657,52430573,297.680,random,float32
26,836.545807,36732,52430573,954.424,random,float32
26,842.221653,35920,52430573,434.627,random,float32
26,847.103749,61616,52430573,446.179,random,float32
26,853.070082,21553,52430573,272.146,random,float32
26,858.353493,62550,52430573,412.787,random,float32
26,863.854635,13676,52430573,385.092,random,float32
26,868.554188,50281,52430573,764.911,random,float32
26,873.383777,12338,52430573,283.932,random,float32
26,877.914248,50938,52430573,443.024,random,float32
26,884.284284,61812,52430573,925.868,random,float32
26,889.444402,30833,52430573,381.477,random,float32
26,894.602877,23859,52430573,280.155,random,float32
26,899.117123,1049,52430573,376.591,random,float32
27,304.744111,31958,52430573,362.315,random,float32
27,310.151704,47888,52430573,406.363,random,float32
27,315.216029,46499,52430573,399.136,random,float32
27,320.571469,14549,52430573,371.114,random,float32
27,325.407585,25203,52430573,342.915,random,float32
27,331.316018,34511,52430573,878.002,random,float32
27,336.869465,5209,52430573,420.261,random,float32
27,342.230249,34367,52430573,404.245,random,float32
27,347.629816,28211,52430573,895.701,random,float32
27,352.238593,24840,52430573,923.959,random,float32
27,357.615822,6368,52430573,867.089,random,float32
27,362.771835,48831,52430573,914.069,random,float32
27,367.764315,39513,52430573,391.202,random,float32
27,373.002517,62932,52430573,367.054,random,float32
27,377.978448,21093,52430573,392.310,random,float32
27,382.762545,55682,52430573,426.356,random,float32
27,386.735289,53523,52430573,240.638,random,float32
27,390.862290,24050,52430573,259.158,random,float32
27,395.701237,65813,52430573,366.613,random,float32
27,401.332623,39198,52430573,901.313,random,float32
27,406.546461,43611,52430573,927.654,random,float32
27,411.084527,20389,52430573,596.473,random,float32
27,416.362762,40564,52430573,391.962,random,float32
27,421.499854,35149,52430573,290.024,random,float32
27,426.842218,40926,52430573,447.986,random,float32
27,431.422529,26252,52430573,416.369,random,float32
27,435.189071,1676,52430573,238.554,random,float32
27,441.116614,16868,52430573,453.293,random,float32
27,445.998276,18213,52430573,411.507,random,float32
27,451.999378,19188,52430573,456.319,random,float32
27,456.668535,42388,52430573,864.786,random,float32
27,462.657269,25804,52430573,892.725,random,float32
27,468.159910,18970,52430573,397.063,random,float32
27,474.371634,39073,52430573,900.586,random,float32
27,479.910916,46039,52430573,448.429,random,float32
27,484.842818,51258,52430573,912.376,random,float32
27,488.721508,17438,52430573,229.864,random,float32
27,493.701110,43713,52430573,411.341,random,float32
27,498.984627,52735,52430573,276.554,random,float32
27,504.701361,47592,52430573,290.995,random,float32
27,509.142773,57877,52430573,362.044,random,float32
27,513.915113,54087,52430573,397.997,random,float32
27,518.782548,45384,52430573,412.432,random,float32
27,523.753863,46768,52430573,366.412,random,float32
27,528.953838,42542,52430573,370.056,random,float32
27,533.995897,23499,52430573,260.824,random,float32
27,539.129166,10936,52430573,375.236,random,float32
27,543.787309,2556,52430573,381.117,random,float32
27,548.716569,52124,52430573,390.083,random,float32
27,553.783315,59716,52430573,918.839,random,float32
27,559.073673,63501,52430573,918.787,random,float32
27,563.585474,32236,52430573,348.773,random,float32
27,568.592078,54496,52430573,375.199,random,float32
27,573.808722,3060,52430573,377.373,random,float32
27,578.832929,43478,52430573,216.475,random,float32
27,584.001227,7687,52430573,218.680,random,float32
27,589.352073,38216,52430573,411.488,random,float32
27,594.999740,596,52430573,258.329,random,float32
27,601.426583,11682,52430573,1047.312,random,float32
27,606.248985,42774,52430573,406.127,random,float32
27,611.631972,46028,52430573,390.120,random,float32
27,616.926158,48587,52430573,309.872,random,float32
27,623.006691,50420,52430573,1002.158,random,float32
27,628.026551,32744,52430573,377.534,random,float32
27,632.862478,63838,52430573,346.361,random,float32
27,637.787208,4605,52430573,892.134,random,float32
27,643.082930,24735,52430573,405.881,random,float32
27,648.434975,19878,52430573,401.247,random,float32
27,653.160015,7029,52430573,236.963,random,float32
27,658.515609,52231,52430573,458.957,random,float32
27,663.625987,41864,52430573,348.424,random,float32
27,668.923917,62795,52430573,903.507,random,float32
27,673.230197,56675,52430573,400.947,random,float32
27,679.050995,7585,52430573,881.319,random,float32
27,684.581582,43998,52430573,414.364,random,float32
27,689.327887,28239,52430573,871.409,random,float32
27,693.793282,53475,52430573,402.553,random,float32
27,699.409795,55595,52430573,941.312,random,float32
27,704.466021,41701,52430573,942.671,random,float32
27,710.487086,50500,52430573,1540.033,random,float32
27,715.935768,19346,52430573,399.594,random,float32
27,721.231121,13425,52430573,435.160,random,float32
27,726.008032,39622,52430573,241.334,random,float32
27,730.877338,41493,52430573,892.302,random,float32
27,734.938941,41866,52430573,400.553,random,float32
27,740.224734,51548,52430573,912.848,random,float32
27,745.084217,51830,52430573,395.540,random,float32
27,749.875540,26086,52430573,211.160,random,float32
27,754.942124,50055,52430573,235.340,random,float32
27,760.895364,1177,52430573,841.859,random,float32
27,766.673406,25107,52430573,430.410,random,float32
27,771.648085,17893,52430573,395.705,random,float32
27,777.401355,20166,52430573,888.111,random,float32
27,782.696054,1639,52430573,398.313,random,float32
27,787.087404,31634,52430573,395.075,random,float32
27,791.897390,63643,52430573,347.421,random,float32
27,796.304631,52761,52430573,399.935,random,float32
27,801.084053,33052,52430573,425.633,random,float32
27,806.030354,18973,52430573,279.588,random,float32
27,811.364524,37303,52430573,404.895,random,float32
27,816.711907,21140,52430573,396.425,random,float32
27,821.856041,45207,52430573,406.769,random,float32
27,827.157684,59618,52430573,440.740,random,float32
27,832.798799,28138,52430573,897.634,random,float32
27,838.203700,40083,52430573,848.147,random,float32
27,843.286942,22020,52430573,246.156,random,float32
27,849.439423,46828,52430573,468.506,random,float32
27,854.963521,17543,52430573,411.778,random,float32
27,861.074387,46370,52430573,866.566,random,float32
27,866.573067,49961,52430573,334.267,random,float32
27,871.213470,11106,52430573,831.898,random,float32
27,876.314532,59235,52430573,381.149,random,float32
27,882.243362,33720,52430573,849.570,random,float32
27,886.447972,48538,52430573,386.364,random,float32
27,891.182453,22243,52430573,404.868,random,float32
27,896.508847,12431,52430573,380.626,random,float32
27,900.035169,22941,52430573,221.317,random,float32
28,305.903613,31511,52430573,920.075,random,float32
28,311.655764,33798,52430573,306.092,random,float32
28,316.238921,59123,52430573,106.663,random,float32
28,321.501027,44522,52430573,860.143,random,float32
28,326.717226,27043,52430573,298.696,random,float32
28,332.033531,7170,52430573,288.452,random,float32
28,336.806587,43059,52430573,441.708,random,float32
28,342.050318,5323,52430573,419.825,random,float32
28,347.266036,62720,52430573,383.535,random,float32
28,352.133448,28209,52430573,918.263,random,float32
28,357.859173,29854,52430573,955.242,random,float32
28,363.507758,14898,52430573,429.943,random,float32
28,368.780574,54272,52430573,915.631,random,float32
28,374.098850,64846,52430573,265.788,random,float32
28,379.634536,64522,52430573,440.560,random,float32
28,384.322646,27245,52430573,354.645,random,float32
28,390.397698,28498,52430573,987.901,random,float32
28,395.978526,7616,52430573,407.158,random,float32
28,401.674236,13803,52430573,449.591,random,float32
28,406.811886,30338,52430573,422.736,random,float32
28,410.941158,61702,52430573,358.778,random,float32
28,414.746874,21066,52430573,231.787,random,float32
28,420.018230,55678,52430573,294.821,random,float32
28,424.602544,17109,52430573,392.704,random,float32
28,429.641343,48506,52430573,388.527,random,float32
28,434.880013,5619,52430573,611.776,random,float32
28,438.998097,6062,52430573,329.121,random,float32
28,444.328627,46196,52430573,257.855,random,float32
28,449.749556,50626,52430573,443.206,random,float32
28,455.144415,56400,52430573,229.905,random,float32
28,460.661720,30165,52430573,1411.807,random,float32
28,465.748899,34967,52430573,915.839,random,float32
28,469.889599,53186,52430573,213.943,random,float32
28,475.791993,63947,52430573,936.350,random,float32
28,481.458791,10883,52430573,410.647,random,float32
28,486.559631,18626,52430573,885.079,random,float32
28,491.213509,38515,52430573,387.517,random,float32
28,495.389494,54021,52430573,402.134,random,float32
28,500.925161,21057,52430573,428.430,random,float32
28,505.508395,17378,52430573,399.455,random,float32
28,510.306727,7171,52430573,249.132,random,float32
28,515.561225,30723,52430573,395.688,random,float32
28,520.588974,42294,52430573,251.114,random,float32
28,525.365309,10604,52430573,395.812,random,float32
28,529.899678,23310,52430573,335.712,random,float32
28,535.306004,10989,52430573,804.351,random,float32
28,539.592153,30561,52430573,426.349,random,float32
28,543.862281,9016,52430573,424.145,random,float32
28,548.639758,45481,52430573,387.018,random,float32
28,553.247455,37374,52430573,364.392,random,float32
28,558.064587,61004,52430573,396.693,random,float32
28,563.006437,41168,52430573,386.676,random,float32
28,567.386052,25195,52430573,382.278,random,float32
28,572.093003,59301,52430573,289.994,random,float32
28,577.201291,61617,52430573,402.617,random,float32
28,582.509804,37397,52430573,321.840,random,float32
28,587.447947,9663,52430573,406.781,random,float32
28,592.502814,57158,52430573,873.368,random,float32
28,597.162554,33332,52430573,190.961,random,float32
28,601.495816,34970,52430573,1022.967,random,float32
28,606.850008,64552,52430573,955.841,random,float32
28,611.490264,41804,52430573,356.976,random,float32
28,616.326266,58439,52430573,282.517,random,float32
28,620.989887,7253,52430573,927.432,random,float32
28,626.497080,62017,52430573,424.872,random,float32
28,631.961464,26230,52430573,382.479,random,float32
28,637.799515,1645,52430573,940.363,random,float32
28,643.266605,54362,52430573,460.921,random,float32
28,648.548156,60722,52430573,292.830,random,float32
28,654.336744,62762,52430573,963.106,random,float32
28,659.835262,6916,52430573,366.831,random,float32
28,664.570152,7626,52430573,906.728,random,float32
28,669.004373,38229,52430573,313.223,random,float32
28,674.430080,5568,52430573,398.966,random,float32
28,678.396056,53229,52430573,380.584,random,float32
28,683.261794,56586,52430573,370.716,random,float32
28,687.963157,50968,52430573,376.972,random,float32
28,693.209608,16883,52430573,421.080,random,float32
28,698.562144,63611,52430573,386.694,random,float32
28,703.285252,20763,52430573,398.393,random,float32
28,707.615507,17250,52430573,238.520,random,float32
28,712.652150,9337,52430573,433.940,random,float32
28,718.329552,10197,52430573,446.156,random,float32
28,724.159426,63349,52430573,762.039,random,float32
28,729.490359,24097,52430573,235.440,random,float32
28,735.687098,24155,52430573,864.286,random,float32
28,741.087636,45332,52430573,442.863,random,float32
28,745.400096,61440,52430573,331.322,random,float32
28,750.627389,740,52430573,862.259,random,float32
28,755.877729,4321,52430573,970.709,random,float32
28,761.404282,35644,52430573,379.220,random,float32
28,766.400155,14357,52430573,450.007,random,float32
28,772.253429,33292,52430573,910.441,random,float32
28,777.465353,23934,52430573,945.774,random,float32
28,782.167380,34508,52430573,918.398,random,float32
28,786.929635,53934,52430573,244.810,random,float32
28,791.934757,58575,52430573,264.028,random,float32
28,796.935866,56919,52430573,900.343,random,float32
28,802.212114,14573,52430573,704.653,random,float32
28,806.830871,61702,52430573,919.299,random,float32
28,812.781392,23217,52430573,904.589,random,float32
28,818.186965,64022,52430573,377.396,random,float32
28,822.812763,42956,52430573,337.682,random,float32
28,827.738650,15221,52430573,362.540,random,float32
28,831.774603,28224,52430573,227.797,random,float32
28,836.590849,55981,52430573,390.986,random,float32
28,841.860373,25641,52430573,409.842,random,float32
28,846.498126,22952,52430573,409.421,random,float32
28,852.466178,44262,52430573,388.087,random,float32
28,857.762562,13934,52430573,919.601,random,float32
28,863.287085,28801,52430573,285.412,random,float32
28,868.552440,24088,52430573,222.899,random,float32
28,875.052000,23176,52430573,401.431,random,float32
28,880.996311,47119,52430573,404.120,random,float32
28,886.157307,29112,52430573,387.347,random,float32
28,891.005541,35174,52430573,931.293,random,float32
28,896.361122,33038,52430573,610.196,random,float32
28,899.846878,42777,52430573,254.916,random,float32
29,305.903190,28253,52430573,915.592,random,float32
29,311.159810,25716,52430573,245.235,random,float32
29,315.661406,8365,52430573,405.676,random,float32
29,321.941158,44383,52430573,436.822,random,float32
29,328.021498,53804,52430573,432.159,random,float32
29,332.411098,39824,52430573,281.324,random,float32
29,337.183627,40474,52430573,223.035,random,float32
29,342.104820,31581,52430573,406.868,random,float32
29,347.781905,50108,52430573,381.696,random,float32
29,351.038072,58036,52430573,366.829,random,float32
29,356.235642,21380,52430573,381.143,random,float32
29,360.910251,60347,52430573,889.278,random,float32
29,366.206534,18616,52430573,359.886,random,float32
29,371.199171,50705,52430573,392.278,random,float32
29,376.921900,19264,52430573,728.560,random,float32
29,381.426938,23378,52430573,321.849,random,float32
29,385.299800,48197,52430573,368.387,random,float32
29,390.401419,31543,52430573,1061.367,random,float32
29,395.465514,24888,52430573,399.137,random,float32
29,401.335131,18673,52430573,953.084,random,float32
29,406.806967,59414,52430573,407.731,random,float32
29,412.332869,17409,52430573,454.296,random,float32
29,417.791326,5648,52430573,272.568,random,float32
29,423.596144,16548,52430573,379.323,random,float32
29,428.936028,56467,52430573,871.861,random,float32
29,434.336667,62194,52430573,248.966,random,float32
29,439.803436,20038,52430573,398.906,random,float32
29,445.334082,49051,52430573,868.368,random,float32
29,450.539204,21931,52430573,502.391,random,float32
29,456.508092,2879,52430573,870.614,random,float32
29,461.235723,64069,52430573,288.006,random,float32
29,467.258513,56172,52430573,943.034,random,float32
29,473.250628,3620,52430573,424.767,random,float32
29,479.136456,38911,52430573,926.542,random,float32
29,484.653715,64331,52430573,889.982,random,float32
29,489.101533,59489,52430573,394.831,random,float32
29,495.167297,48952,52430573,411.872,random,float32
29,500.559624,28509,52430573,266.025,random,float32
29,506.425415,62426,52430573,900.862,random,float32
29,511.962547,13718,52430573,920.538,random,float32
29,517.307525,52831,52430573,291.234,random,float32
29,523.264822,7738,52430573,426.067,random,float32
29,528.692791,46351,52430573,436.668,random,float32
29,534.004833,37806,52430573,228.619,random,float32
29,538.931330,64061,52430573,476.359,random,float32
29,544.720774,29899,52430573,915.605,random,float32
29,550.339504,64031,52430573,430.180,random,float32
29,555.323716,1091,52430573,902.430,random,float32
29,559.741808,65498,52430573,411.197,random,float32
29,564.699098,23666,52430573,449.287,random,float32
29,570.055401,48429,52430573,433.219,random,float32
29,574.883227,52022,52430573,229.166,random,float32
29,580.003157,52149,52430573,920.392,random,float32
29,585.153606,58748,52430573,247.621,random,float32
29,589.654071,55175,52430573,221.872,random,float32
29,594.816011,31020,52430573,396.660,random,float32
29,600.342227,52,52430573,268.879,random,float32
29,605.829901,50222,52430573,416.869,random,float32
29,611.289860,29170,52430573,442.700,random,float32
29,615.401575,17371,52430573,411.700,random,float32
29,619.661029,40379,52430573,237.518,random,float32
29,624.815188,43003,52430573,397.379,random,float32
29,629.366188,9904,52430573,909.117,random,float32
29,633.506205,6607,52430573,437.795,random,float32
29,639.328578,10440,52430573,940.586,random,float32
29,644.604835,51294,52430573,402.293,random,float32
29,648.617119,43320,52430573,304.183,random,float32
29,654.239449,62194,52430573,821.760,random,float32
29,658.849569,38125,52430573,346.585,random,float32
29,663.286149,21066,52430573,398.296,random,float32
29,666.440952,64427,52430573,306.393,random,float32
29,671.677827,8857,52430573,453.256,random,float32
29,677.422924,23775,52430573,831.733,random,float32
29,682.087696,59073,52430573,377.408,random,float32
29,687.518821,15993,52430573,417.863,random,float32
29,692.218488,51375,52430573,382.125,random,float32
29,696.289011,28152,52430573,406.843,random,float32
29,701.469504,15280,52430573,412.387,random,float32
29,706.632753,47553,52430573,914.361,random,float32
29,711.057895,10517,52430573,239.290,random,float32
29,717.182636,18427,52430573,899.925,random,float32
29,722.330963,65540,52430573,850.600,random,float32
29,726.438861,4257,52430573,429.294,random,float32
29,731.728374,57762,52430573,341.657,random,float32
29,737.530823,36378,52430573,412.769,random,float32
29,742.317228,65752,52430573,412.579,random,float32
29,747.268428,51505,52430573,238.240,random,float32
29,752.675738,40485,52430573,435.594,random,float32
29,757.709511,35189,52430573,407.627,random,float32
29,764.289916,25850,52430573,874.859,random,float32
29,769.398528,24176,52430573,411.702,random,float32
29,775.703984,56543,52430573,912.231,random,float32
29,780.906401,32804,52430573,400.547,random,float32
29,785.739162,44278,52430573,223.272,random,float32
29,789.918619,41224,52430573,758.670,random,float32
29,795.237422,14038,52430573,785.713,random,float32
29,800.553782,32979,52430573,294.486,random,float32
29,805.811591,18092,52430573,727.742,random,float32
29,811.403102,57536,52430573,865.272,random,float32
29,814.667675,45197,52430573,264.123,random,float32
29,819.873431,54074,52430573,401.678,random,float32
29,824.886870,52333,52430573,903.708,random,float32
29,829.753988,25760,52430573,409.343,random,float32
29,835.019869,15913,52430573,294.381,random,float32
29,840.373191,49670,52430573,263.462,random,float32
29,846.238161,46330,52430573,425.644,random,float32
29,852.434125,5360,52430573,275.282,random,float32
29,857.904983,61412,52430573,375.431,random,float32
29,863.176365,16008,52430573,395.601,random,float32
29,868.448311,62527,52430573,265.195,random,float32
29,874.472082,36262,52430573,420.677,random,float32
29,880.520611,4012,52430573,927.951,random,float32
29,886.250068,29999,52430573,417.953,random,float32
29,892.436086,26492,52430573,934.896,random,float32
29,897.715346,28133,52430573,950.340,random,float32
30,305.630524,40699,52430573,777.848,random,float32
30,310.773755,39798,52430573,890.736,random,float32
30,315.461288,18935,52430573,384.733,random,float32
30,320.781531,61011,52430573,410.450,random,float32
30,326.228783,9631,52430573,433.600,random,float32
30,331.570185,12075,52430573,224.064,random,float32
30,336.678004,2962,52430573,405.076,random,float32
30,340.465591,11697,52430573,361.747,random,float32
30,346.135581,54336,52430573,412.166,random,float32
30,350.741086,50797,52430573,350.941,random,float32
30,356.168841,36827,52430573,386.199,random,float32
30,361.042878,27652,52430573,396.114,random,float32
30,365.829813,38217,52430573,409.276,random,float32
30,370.908054,54946,52430573,416.930,random,float32
30,376.845160,64569,52430573,942.092,random,float32
30,381.637281,63537,52430573,318.379,random,float32
30,385.705973,10468,52430573,298.004,random,float32
30,390.424706,48842,52430573,259.952,random,float32
30,395.225146,64348,52430573,878.090,random,float32
30,400.095955,11062,52430573,435.788,random,float32
30,404.698065,31243,52430573,273.551,random,float32
30,410.311513,48586,52430573,956.198,random,float32
30,415.682767,11301,52430573,279.309,random,float32
30,420.675970,61048,52430573,953.447,random,float32
30,426.015214,29001,52430573,931.532,random,float32
30,431.389625,9460,52430573,416.924,random,float32
30,435.843294,30046,52430573,390.060,random,float32
30,440.422730,7634,52430573,182.331,random,float32
30,445.359211,11652,52430573,879.523,random,float32
30,450.059144,23394,52430573,305.899,random,float32
30,455.349511,12139,52430573,434.126,random,float32
30,460.479799,43512,52430573,867.471,random,float32
30,465.750755,57592,52430573,418.835,random,float32
30,470.945887,20210,52430573,417.581,random,float32
30,476.111406,59467,52430573,271.266,random,float32
30,481.668885,12038,52430573,423.585,random,float32
30,486.822635,49229,52430573,247.993,random,float32
30,491.815095,22830,52430573,397.940,random,float32
30,496.643328,58053,52430573,432.797,random,float32
30,502.018181,31084,52430573,225.282,random,float32
30,508.616101,57416,52430573,274.764,random,float32
30,513.551535,56117,52430573,956.110,random,float32
30,518.610802,61014,52430573,408.916,random,float32
30,524.448719,33056,52430573,897.126,random,float32
30,530.146350,45393,52430573,1296.531,random,float32
30,534.049389,30335,52430573,373.930,random,float32
30,539.124431,27421,52430573,420.332,random,float32
30,544.898863,42900,52430573,919.509,random,float32
30,549.250185,14061,52430573,407.883,random,float32
30,553.914351,14151,52430573,407.964,random,float32
30,559.258500,38544,52430573,264.002,random,float32
30,564.558348,5888,52430573,381.351,random,float32
30,569.386253,10471,52430573,975.498,random,float32
30,574.450554,64434,52430573,881.665,random,float32
30,580.039978,35763,52430573,932.170,random,float32
30,585.504875,46964,52430573,439.427,random,float32
30,590.647040,32165,52430573,250.486,random,float32
30,596.223366,2200,52430573,422.271,random,float32
30,601.903055,62360,52430573,452.980,random,float32
30,607.464087,28720,52430573,485.237,random,float32
30,613.041362,16194,52430573,964.637,random,float32
30,618.919534,6051,52430573,965.983,random,float32
30,624.154719,42764,52430573,342.322,random,float32
30,628.412322,20292,52430573,329.166,random,float32
30,634.400945,13532,52430573,955.754,random,float32
30,639.966853,53214,52430573,415.377,random,float32
30,645.906689,31499,52430573,879.830,random,float32
30,651.955304,63782,52430573,340.893,random,float32
30,655.908760,21309,52430573,234.133,random,float32
30,661.578109,45547,52430573,299.139,random,float32
30,667.418977,10600,52430573,947.041,random,float32
30,672.173560,45154,52430573,385.043,random,float32
30,677.544242,18222,52430573,462.010,random,float32
30,682.017383,6512,52430573,356.274,random,float32
30,687.385388,40817,52430573,287.775,random,float32
30,692.828383,17498,52430573,248.781,random,float32
30,697.693617,51810,52430573,284.510,random,float32
30,703.135382,62188,52430573,432.135,random,float32
30,709.277149,39296,52430573,403.761,random,float32
30,714.764221,2458,52430573,410.404,random,float32
30,719.747039,50231,52430573,429.340,random,float32
30,724.783198,35409,52430573,301.242,random,float32
30,729.832285,34526,52430573,432.683,random,float32
30,735.446865,30440,52430573,387.105,random,float32
30,740.898036,14045,52430573,474.347,random,float32
30,746.010071,29820,52430573,286.756,random,float32
30,751.205582,4543,52430573,418.209,random,float32
30,757.184084,53238,52430573,831.589,random,float32
30,763.080701,56242,52430573,1027.216,random,float32
30,768.525700,60349,52430573,794.684,random,float32
30,773.309083,29227,52430573,409.858,random,float32
30,777.055334,15333,52430573,271.180,random,float32
30,782.206374,47609,52430573,945.508,random,float32
30,787.154636,45396,52430573,366.507,random,float32
30,792.486925,17973,52430573,416.098,random,float32
30,797.738128,5276,52430573,490.571,random,float32
30,802.660484,232,52430573,226.975,random,float32
30,808.781340,49776,52430573,420.153,random,float32
30,814.775941,60656,52430573,430.052,random,float32
30,820.881355,33781,52430573,907.725,random,float32
30,826.243831,25435,52430573,814.101,random,float32
30,830.765010,60033,52430573,358.293,random,float32
30,834.955908,6741,52430573,457.578,random,float32
30,840.073641,8467,52430573,421.659,random,float32
30,846.620462,11728,52430573,445.449,random,float32
30,852.323525,54846,52430573,274.851,random,float32
30,858.061975,43523,52430573,412.120,random,float32
30,863.248667,23431,52430573,430.515,random,float32
30,868.421174,55585,52430573,409.242,random,float32
30,874.307716,46353,52430573,942.740,random,float32
30,879.334376,24338,52430573,430.924,random,float32
30,884.152510,46530,52430573,255.612,random,float32
30,888.434496,8450,52430573,399.153,random,float32
30,893.057740,28405,52430573,309.323,random,float32
30,898.219604,1581,52430573,422.650,random,float32
31,304.857211,39944,52430573,377.760,random,float32
31,309.710137,16382,52430573,422.696,random,float32
31,314.640730,24503,52430573,224.710,random,float32
31,318.885377,18566,52430573,224.220,random,float32
31,323.471941,64779,52430573,235.644,random,float32
31,328.184617,64151,52430573,223.734,random,float32
31,333.299252,54841,52430573,377.878,random,float32
31,338.720750,33376,52430573,408.339,random,float32
31,343.635559,12187,52430573,400.999,random,float32
31,349.654857,49691,52430573,419.703,random,float32
31,355.043525,34210,52430573,394.434,random,float32
31,360.512290,34152,52430573,856.539,random,float32
31,365.389735,33531,52430573,863.626,random,float32
31,369.489579,59199,52430573,281.671,random,float32
31,374.686988,48576,52430573,389.664,random,float32
31,379.297489,21316,52430573,383.673,random,float32
31,385.084957,25807,52430573,944.359,random,float32
31,390.480996,13831,52430573,426.081,random,float32
31,395.790936,20472,52430573,389.067,random,float32
31,401.230682,10379,52430573,221.960,random,float32
31,406.406297,14629,52430573,949.095,random,float32
31,411.670175,49158,52430573,903.024,random,float32
31,417.239450,1148,52430573,925.335,random,float32
31,422.763297,19080,52430573,442.071,random,float32
31,427.932588,28415,52430573,397.270,random,float32
31,433.212341,18276,52430573,283.022,random,float32
31,438.990475,36705,52430573,899.119,random,float32
31,442.593605,54150,52430573,402.693,random,float32
31,447.964156,29102,52430573,420.459,random,float32
31,453.980571,38355,52430573,392.409,random,float32
31,460.428984,19663,52430573,1412.427,random,float32
31,466.049830,23092,52430573,468.124,random,float32
31,472.343343,54524,52430573,886.245,random,float32
31,477.284270,49045,52430573,188.339,random,float32
31,481.859993,58934,52430573,217.669,random,float32
31,487.271975,34580,52430573,408.547,random,float32
31,493.217763,6872,52430573,437.115,random,float32
31,498.594875,9903,52430573,401.249,random,float32
31,503.767962,57889,52430573,423.273,random,float32
31,509.894479,54110,52430573,906.325,random,float32
31,513.466974,18631,52430573,364.417,random,float32
31,518.828596,5538,52430573,409.404,random,float32
31,524.525425,59460,52430573,252.246,random,float32
31,529.840946,18623,52430573,918.408,random,float32
31,534.048060,6118,52430573,296.366,random,float32
31,538.891475,4961,52430573,396.119,random,float32
31,544.922579,4501,52430573,882.520,random,float32
31,548.942682,25186,52430573,279.964,random,float32
31,553.713878,9815,52430573,406.082,random,float32
31,558.680616,21175,52430573,891.921,random,float32
31,565.191817,57696,52430573,399.408,random,float32
31,571.004888,36414,52430573,889.811,random,float32
31,575.361818,31406,52430573,401.530,random,float32
31,580.151764,62988,52430573,283.521,random,float32
31,585.265287,30492,52430573,412.163,random,float32
31,591.056117,29340,52430573,432.678,random,float32
31,596.033810,631,52430573,446.471,random,float32
31,601.734096,54510,52430573,277.382,random,float32
31,608.834401,13993,52430573,437.154,random,float32
31,614.288932,7940,52430573,842.374,random,float32
31,619.445739,15997,52430573,259.952,random,float32
31,624.944306,15687,52430573,377.484,random,float32
31,630.850162,42469,52430573,902.579,random,float32
31,634.399827,64799,52430573,222.354,random,float32
31,639.894725,40111,52430573,422.936,random,float32
31,644.810296,33752,52430573,434.782,random,float32
31,650.262086,47291,52430573,423.073,random,float32
31,654.174825,17458,52430573,963.299,random,float32
31,659.224445,6636,52430573,244.344,random,float32
31,664.871572,52479,52430573,431.812,random,float32
31,669.708158,45623,52430573,393.389,random,float32
31,674.938452,37859,52430573,415.769,random,float32
31,679.403204,63856,52430573,471.002,random,float32
31,684.470399,44547,52430573,430.969,random,float32
31,689.709613,4687,52430573,216.674,random,float32
31,695.855206,53645,52430573,861.836,random,float32
31,700.842031,14704,52430573,280.373,random,float32
31,706.594637,13986,52430573,787.839,random,float32
31,712.542454,15682,52430573,423.417,random,float32
31,718.226671,27778,52430573,410.093,random,float32
31,723.083481,50635,52430573,407.253,random,float32
31,729.219630,16214,52430573,409.090,random,float32
31,734.573626,53224,52430573,412.144,random,float32
31,740.233394,14486,52430573,793.748,random,float32
31,745.886116,26623,52430573,263.016,random,float32
31,751.297032,20149,52430573,380.541,random,float32
31,757.315947,55723,52430573,250.432,random,float32
31,762.819952,5898,52430573,1025.090,random,float32
31,767.327458,16743,52430573,371.008,random,float32
31,772.471515,49374,52430573,227.428,random,float32
31,777.605328,63703,52430573,429.894,random,float32
31,782.959698,58407,52430573,400.888,random,float32
31,788.176068,9980,52430573,422.033,random,float32
31,793.406027,47969,52430573,891.222,random,float32
31,798.838391,7738,52430573,422.790,random,float32
31,803.932015,53493,52430573,890.890,random,float32
31,809.803452,21299,52430573,986.259,random,float32
31,814.410953,16882,52430573,259.750,random,float32
31,819.908436,14661,52430573,435.647,random,float32
31,825.351644,63194,52430573,390.191,random,float32
31,830.695653,41415,52430573,354.137,random,float32
31,836.016458,57992,52430573,938.779,random,float32
31,841.478991,8553,52430573,899.576,random,float32
31,847.335076,34461,52430573,761.768,random,float32
31,853.691263,62735,52430573,939.677,random,float32
31,858.002690,17295,52430573,226.599,random,float32
31,863.349491,21271,52430573,401.475,random,float32
31,868.062216,17768,52430573,912.430,random,float32
31,872.948744,1944,52430573,438.679,random,float32
31,877.739940,36651,52430573,379.058,random,float32
31,881.637417,34408,52430573,284.806,random,float32
31,886.165311,43685,52430573,404.497,random,float32
31,890.945798,44306,52430573,401.792,random,float32
31,896.015777,49176,52430573,387.921,random,float32
31,899.916339,6064,52430573,216.187,random,float32
32,304.757521,12249,52430573,402.328,random,float32
32,310.807303,58859,52430573,255.405,random,float32
32,315.261238,54940,52430573,375.729,random,float32
32,320.253543,58594,52430573,430.442,random,float32
32,324.923444,45265,52430573,384.101,random,float32
32,329.905593,46550,52430573,425.965,random,float32
32,335.237107,17268,52430573,391.213,random,float32
32,341.492391,52044,52430573,447.961,random,float32
32,346.980293,6797,52430573,377.968,random,float32
32,352.003783,14890,52430573,797.553,random,float32
32,355.938482,32326,52430573,415.788,random,float32
32,361.074625,41863,52430573,269.999,random,float32
32,365.989122,53486,52430573,391.382,random,float32
32,371.743859,4696,52430573,922.387,random,float32
32,377.050639,15805,52430573,240.589,random,float32
32,380.632767,24135,52430573,409.487,random,float32
32,386.450805,31532,52430573,778.488,random,float32
32,391.512562,8951,52430573,740.489,random,float32
32,396.746645,53275,52430573,419.895,random,float32
32,401.439663,39330,52430573,407.357,random,float32
32,406.568124,39375,52430573,250.084,random,float32
32,411.491667,24383,52430573,293.329,random,float32
32,416.157224,41327,52430573,231.891,random,float32
32,422.220361,38287,52430573,869.868,random,float32
32,427.008476,60421,52430573,891.675,random,float32
32,432.335607,48415,52430573,897.773,random,float32
32,437.671277,32388,52430573,421.371,random,float32
32,442.630221,52954,52430573,367.747,random,float32
32,448.717176,46783,52430573,875.889,random,float32
32,453.761836,63426,52430573,402.287,random,float32
32,459.474554,4551,52430573,397.855,random,float32
32,464.282106,60446,52430573,408.047,random,float32
32,469.707990,59007,52430573,415.428,random,float32
32,475.022233,39264,52430573,442.756,random,float32
32,480.505060,8381,52430573,411.690,random,float32
32,486.533962,7154,52430573,458.500,random,float32
32,492.501828,49995,52430573,895.406,random,float32
32,498.266686,3087,52430573,451.793,random,float32
32,502.933514,61220,52430573,264.432,random,float32
32,508.286851,48031,52430573,392.690,random,float32
32,513.305387,37447,52430573,757.322,random,float32
32,518.194774,17483,52430573,780.109,random,float32
32,523.170227,519,52430573,388.417,random,float32
32,527.062609,63386,52430573,352.312,random,float32
32,533.010070,56754,52430573,862.684,random,float32
32,538.360448,14174,52430573,915.054,random,float32
32,543.099081,21381,52430573,381.034,random,float32
32,548.635473,3009,52430573,441.337,random,float32
32,554.087826,20916,52430573,213.267,random,float32
32,559.137137,14282,52430573,444.201,random,float32
32,564.391323,60580,52430573,231.535,random,float32
32,569.997294,12654,52430573,437.964,random,float32
32,574.837725,33813,52430573,437.417,random,float32
32,579.764928,49543,52430573,225.653,random,float32
32,584.820961,49602,52430573,904.104,random,float32
32,590.156009,51277,52430573,861.616,random,float32
32,595.562620,14813,52430573,781.991,random,float32
32,600.413440,53782,52430573,457.274,random,float32
32,604.032765,10942,52430573,385.993,random,float32
32,608.753832,18078,52430573,418.584,random,float32
32,613.899558,15371,52430573,417.722,random,float32
32,619.082915,16220,52430573,412.199,random,float32
32,624.032959,36931,52430573,880.450,random,float32
32,629.427664,24974,52430573,465.349,random,float32
32,634.255232,22062,52430573,469.254,random,float32
32,639.826201,19593,52430573,429.145,random,float32
32,644.920020,12152,52430573,279.468,random,float32
32,649.059584,9617,52430573,385.218,random,float32
32,653.145225,33772,52430573,375.606,random,float32
32,659.133081,48719,52430573,267.162,random,float32
32,664.913733,38309,52430573,397.735,random,float32
32,670.884069,30244,52430573,441.477,random,float32
32,675.983318,57947,52430573,426.493,random,float32
32,680.989864,54359,52430573,435.979,random,float32
32,686.234248,112,52430573,427.164,random,float32
32,691.658192,20432,52430573,402.288,random,float32
32,694.931524,13508,52430573,402.961,random,float32
32,701.128971,31127,52430573,432.246,random,float32
32,706.927653,6294,52430573,396.822,random,float32
32,712.138181,37807,52430573,276.858,random,float32
32,717.367404,31039,52430573,400.302,random,float32
32,722.731757,33194,52430573,424.292,random,float32
32,727.326337,31915,52430573,227.953,random,float32
32,732.332521,45731,52430573,911.956,random,float32
32,737.399257,62078,52430573,388.501,random,float32
32,743.010401,57031,52430573,902.957,random,float32
32,747.124339,9929,52430573,863.461,random,float32
32,752.394469,23658,52430573,403.962,random,float32
32,757.778312,19497,52430573,375.336,random,float32
32,762.776272,1866,52430573,1000.833,random,float32
32,767.277432,40520,52430573,839.734,random,float32
32,772.463403,32094,52430573,397.227,random,float32
32,777.226667,26814,52430573,386.059,random,float32
32,781.960980,16383,52430573,797.413,random,float32
32,785.844683,9062,52430573,396.500,random,float32
32,790.824769,45210,52430573,340.718,random,float32
32,795.168058,5296,52430573,847.345,random,float32
32,798.933933,37846,52430573,371.603,random,float32
32,803.770331,28702,52430573,902.292,random,float32
32,809.677813,7122,52430573,945.354,random,float32
32,814.558713,9003,52430573,233.449,random,float32
32,819.483473,12525,52430573,388.173,random,float32
32,824.388562,46420,52430573,833.149,random,float32
32,828.634770,23472,52430573,407.862,random,float32
32,833.091620,22511,52430573,403.240,random,float32
32,838.441659,23756,52430573,385.392,random,float32
32,842.030996,58688,52430573,416.737,random,float32
32,846.287494,57276,52430573,365.996,random,float32
32,852.796746,645,52430573,441.386,random,float32
32,857.773972,32719,52430573,415.105,random,float32
32,862.714976,56201,52430573,425.667,random,float32
32,868.678224,23746,52430573,401.283,random,float32
32,874.069067,5010,52430573,963.749,random,float32
32,878.965738,32021,52430573,253.252,random,float32
32,884.168265,11563,52430573,417.458,random,float32
32,888.474619,64663,52430573,406.225,random,float32
32,893.870994,56507,52430573,967.189,random,float32
32,899.057478,20283,52430573,773.217,random,float32
33,304.547311,35992,52430573,299.772,random,float32
33,310.131651,49554,52430573,754.047,random,float32
33,314.532346,22939,52430573,375.112,random,float32
33,319.650779,44762,52430573,390.825,random,float32
33,324.490829,63641,52430573,381.003,random,float32
33,329.921438,5270,52430573,415.976,random,float32
33,334.779428,56382,52430573,377.139,random,float32
33,339.776045,48582,52430573,430.229,random,float32
33,345.428303,9540,52430573,915.623,random,float32
33,349.820604,48911,52430573,226.551,random,float32
33,354.605220,49273,52430573,402.088,random,float32
33,360.689638,40887,52430573,415.836,random,float32
33,366.846743,21457,52430573,417.179,random,float32
33,372.264983,21270,52430573,421.049,random,float32
33,378.244098,17910,52430573,861.666,random,float32
33,383.144010,56439,52430573,433.835,random,float32
33,388.511505,15513,52430573,406.061,random,float32
33,393.999798,5272,52430573,455.340,random,float32
33,398.102024,6097,52430573,210.004,random,float32
33,404.059516,8207,52430573,919.057,random,float32
33,409.701528,30413,52430573,295.003,random,float32
33,415.167054,60079,52430573,895.843,random,float32
33,420.216384,62336,52430573,891.160,random,float32
33,424.576417,21567,52430573,409.216,random,float32
33,429.188021,21773,52430573,375.038,random,float32
33,434.675144,31589,52430573,415.988,random,float32
33,439.074738,44852,52430573,420.292,random,float32
33,443.955507,4229,52430573,443.991,random,float32
33,449.262934,24127,52430573,543.741,random,float32
33,454.682249,45671,52430573,441.128,random,float32
33,460.114107,6480,52430573,915.152,random,float32
33,464.842483,46884,52430573,800.279,random,float32
33,469.279077,57466,52430573,385.472,random,float32
33,474.334798,48598,52430573,267.126,random,float32
33,479.294818,24428,52430573,397.453,random,float32
33,484.073451,36939,52430573,856.326,random,float32
33,489.347564,33420,52430573,898.518,random,float32
33,493.369145,41130,52430573,408.382,random,float32
33,498.009954,31342,52430573,383.046,random,float32
33,503.024906,16456,52430573,210.350,random,float32
33,507.517198,65992,52430573,762.992,random,float32
33,511.636443,12512,52430573,393.387,random,float32
33,515.371785,11629,52430573,194.773,random,float32
33,518.331389,50470,52430573,232.117,random,float32
33,523.056284,10394,52430573,398.384,random,float32
33,528.079720,65186,52430573,418.712,random,float32
33,533.545258,34770,52430573,402.109,random,float32
33,538.366956,54287,52430573,387.211,random,float32
33,543.304096,38124,52430573,350.556,random,float32
33,548.683521,61556,52430573,403.103,random,float32
33,553.828492,63071,52430573,419.427,random,float32
33,559.213921,3101,52430573,404.180,random,float32
33,564.520391,10043,52430573,418.812,random,float32
33,569.666918,26848,52430573,418.150,random,float32
33,575.000259,55049,52430573,397.546,random,float32
33,579.267841,43042,52430573,330.606,random,float32
33,584.372007,6615,52430573,777.889,random,float32
33,588.609047,20086,52430573,428.492,random,float32
33,593.966336,23656,52430573,405.395,random,float32
33,599.344987,64660,52430573,455.892,random,float32
33,604.960048,52914,52430573,406.928,random,float32
33,610.247302,37523,52430573,268.936,random,float32
33,615.937181,48192,52430573,441.838,random,float32
33,622.194988,32715,52430573,995.193,random,float32
33,627.639329,64056,52430573,409.365,random,float32
33,633.616512,24587,52430573,880.626,random,float32
33,638.857082,25355,52430573,241.142,random,float32
33,644.092863,50336,52430573,446.596,random,float32
33,648.833423,49263,52430573,928.185,random,float32
33,652.855548,29522,52430573,410.472,random,float32
33,658.415525,25207,52430573,878.454,random,float32
33,662.658715,21298,52430573,406.553,random,float32
33,668.375311,64404,52430573,899.298,random,float32
33,674.105434,43493,52430573,423.021,random,float32
33,679.104666,31712,52430573,417.376,random,float32
33,684.262085,40272,52430573,407.947,random,float32
33,690.304795,31305,52430573,942.341,random,float32
33,695.940141,915,52430573,393.784,random,float32
33,701.685123,27770,52430573,807.892,random,float32
33,706.660570,26651,52430573,428.305,random,float32
33,712.089130,29623,52430573,444.888,random,float32
33,717.328633,57826,52430573,418.226,random,float32
33,722.885181,14312,52430573,435.599,random,float32
33,726.858493,49795,52430573,934.528,random,float32
33,731.937772,49875,52430573,787.240,random,float32
33,738.107734,28854,52430573,931.816,random,float32
33,743.076926,25528,52430573,396.755,random,float32
33,748.493920,14211,52430573,971.366,random,float32
33,753.963131,65880,52430573,408.055,random,float32
33,758.766084,19169,52430573,922.217,random,float32
33,763.860540,30261,52430573,432.034,random,float32
33,768.983341,16928,52430573,459.690,random,float32
33,774.398246,62498,52430573,484.118,random,float32
33,778.187471,43133,52430573,819.242,random,float32
33,783.834260,20159,52430573,439.708,random,float32
33,789.922392,4674,52430573,454.557,random,float32
33,795.432658,6005,52430573,211.028,random,float32
33,800.726911,10971,52430573,405.791,random,float32
33,805.212647,48719,52430573,218.974,random,float32
33,810.057174,6391,52430573,421.474,random,float32
33,816.140650,60452,52430573,436.194,random,float32
33,821.703523,14890,52430573,322.269,random,float32
33,826.914030,19718,52430573,450.753,random,float32
33,832.298664,4667,52430573,921.571,random,float32
33,837.646772,35902,52430573,902.660,random,float32
33,842.891314,8573,52430573,378.058,random,float32
33,846.805974,58987,52430573,379.861,random,float32
33,851.990837,27539,52430573,262.375,random,float32
33,857.391306,25483,52430573,386.086,random,float32
33,862.303064,26146,52430573,241.101,random,float32
33,866.814116,26782,52430573,411.768,random,float32
33,872.810384,51687,52430573,319.516,random,float32
33,878.193130,10045,52430573,883.421,random,float32
33,883.247138,64527,52430573,811.207,random,float32
33,887.590934,30790,52430573,394.911,random,float32
33,892.494132,9436,52430573,398.122,random,float32
33,898.089810,34244,52430573,402.189,random,float32
34,303.804837,39173,52430573,406.236,random,float32
34,308.354745,1989,52430573,853.511,random,float32
34,313.844560,47585,52430573,890.322,random,float32
34,317.791898,49065,52430573,249.341,random,float32
34,322.500687,32455,52430573,880.656,random,float32
34,327.309547,31778,52430573,413.991,random,float32
34,332.393495,24824,52430573,899.723,random,float32
34,337.564514,37308,52430573,904.708,random,float32
34,342.995442,2337,52430573,421.627,random,float32
34,348.844836,37118,52430573,437.256,random,float32
34,354.178779,9612,52430573,384.534,random,float32
34,359.235714,45492,52430573,441.857,random,float32
34,364.648055,40642,52430573,370.077,random,float32
34,370.287021,57321,52430573,458.967,random,float32
34,375.699692,2242,52430573,332.975,random,float32
34,379.986633,31355,52430573,261.776,random,float32
34,385.385900,30237,52430573,411.552,random,float32
34,391.487919,42757,52430573,449.009,random,float32
34,396.451359,53422,52430573,437.087,random,float32
34,401.065050,13474,52430573,280.448,random,float32
34,405.850940,18023,52430573,921.895,random,float32
34,411.587135,37108,52430573,453.521,random,float32
34,416.759381,60445,52430573,971.143,random,float32
34,421.072987,16186,52430573,435.755,random,float32
34,425.760648,17767,52430573,426.881,random,float32
34,431.868779,57496,52430573,889.632,random,float32
34,437.146331,25902,52430573,436.213,random,float32
34,441.827542,21085,52430573,486.110,random,float32
34,447.296665,56859,52430573,256.925,random,float32
34,453.041398,14051,52430573,427.655,random,float32
34,459.129980,44371,52430573,920.336,random,float32
34,465.231662,64020,52430573,427.764,random,float32
34,470.395359,5308,52430573,396.992,random,float32
34,474.574424,39960,52430573,446.142,random,float32
34,480.329074,10271,52430573,836.669,random,float32
34,485.680866,63022,52430573,930.358,random,float32
34,490.823015,22039,52430573,357.983,random,float32
34,496.279344,55064,52430573,427.878,random,float32
34,501.333750,36283,52430573,425.576,random,float32
34,506.336786,61589,52430573,395.360,random,float32
34,511.143551,59352,52430573,885.274,random,float32
34,516.215846,40319,52430573,933.700,random,float32
34,521.073607,31774,52430573,778.853,random,float32
34,526.414049,3836,52430573,391.634,random,float32
34,531.701226,7188,52430573,411.168,random,float32
34,536.466999,62582,52430573,254.962,random,float32
34,541.659060,31703,52430573,415.336,random,float32
34,548.113328,55308,52430573,454.090,random,float32
34,552.658510,23032,52430573,823.760,random,float32
34,557.495291,51721,52430573,445.469,random,float32
34,561.906223,2298,52430573,256.354,random,float32
34,567.394500,51573,52430573,888.916,random,float32
34,572.971844,30522,52430573,445.778,random,float32
34,579.168569,4754,52430573,861.630,random,float32
34,584.429674,20264,52430573,296.947,random,float32
34,589.753811,23477,52430573,903.698,random,float32
34,594.264640,58869,52430573,426.724,random,float32
34,599.855471,52309,52430573,452.727,random,float32
34,604.559909,35858,52430573,405.135,random,float32
34,609.950456,50556,52430573,1017.240,random,float32
34,614.038836,12399,52430573,464.850,random,float32
34,618.941068,18907,52430573,281.050,random,float32
34,624.149542,65774,52430573,450.290,random,float32
34,628.572434,24179,52430573,802.093,random,float32
34,634.218653,49066,52430573,427.189,random,float32
34,639.068965,62574,52430573,433.376,random,float32
34,644.357079,51528,52430573,418.626,random,float32
34,649.610530,42492,52430573,414.293,random,float32
34,654.619452,15248,52430573,339.171,random,float32
34,660.303689,38445,52430573,381.252,random,float32
34,665.271226,18989,52430573,830.375,random,float32
34,670.383080,30760,52430573,414.192,random,float32
34,674.880294,23249,52430573,365.982,random,float32
34,680.090712,17286,52430573,893.353,random,float32
34,684.859935,36942,52430573,394.198,random,float32
34,689.455317,3485,52430573,423.412,random,float32
34,694.082059,57764,52430573,434.801,random,float32
34,698.847361,57701,52430573,212.578,random,float32
34,703.277068,2941,52430573,914.292,random,float32
34,708.152554,49458,52430573,242.825,random,float32
34,713.538141,32209,52430573,406.376,random,float32
34,718.009223,696,52430573,233.653,random,float32
34,723.436644,23296,52430573,939.136,random,float32
34,728.123801,46843,52430573,354.314,random,float32
34,733.623845,11485,52430573,933.269,random,float32
34,738.193330,10364,52430573,256.362,random,float32
34,743.766285,32431,52430573,385.552,random,float32
34,748.941240,5608,52430573,231.437,random,float32
34,753.101374,11260,52430573,364.237,random,float32
34,758.404608,60184,52430573,861.405,random,float32
34,762.410146,46509,52430573,403.634,random,float32
34,767.223814,7985,52430573,399.522,random,float32
34,773.209286,46312,52430573,863.191,random,float32
34,779.037012,28115,52430573,400.041,random,float32
34,784.861307,49816,52430573,912.293,random,float32
34,789.671465,24034,52430573,273.596,random,float32
34,794.517396,50492,52430573,786.336,random,float32
34,799.920514,58436,52430573,940.675,random,float32
34,804.797179,46062,52430573,384.249,random,float32
34,810.441164,35940,52430573,404.131,random,float32
34,815.969151,37631,52430573,422.444,random,float32
34,821.423267,22015,52430573,385.410,random,float32
34,827.581194,48428,52430573,416.346,random,float32
34,833.041993,28609,52430573,399.122,random,float32
34,838.320122,50925,52430573,392.359,random,float32
34,843.995316,59916,52430573,430.657,random,float32
34,850.286203,18198,52430573,274.213,random,float32
34,855.329421,34376,52430573,478.117,random,float32
34,860.485587,64964,52430573,906.024,random,float32
34,865.607827,24289,52430573,951.551,random,float32
34,870.308920,9244,52430573,273.261,random,float32
34,875.409952,12739,52430573,293.573,random,float32
34,881.642946,39290,52430573,920.807,random,float32
34,886.808161,62076,52430573,922.179,random,float32
34,892.444618,32672,52430573,413.929,random,float32
34,897.905107,42478,52430573,401.398,random,float32
35,304.712517,20989,52430573,267.263,random,float32
35,309.131896,40170,52430573,394.206,random,float32
35,314.119840,14917,52430573,421.261,random,float32
35,319.563970,14900,52430573,419.299,random,float32
35,325.299204,11951,52430573,908.848,random,float32
35,330.928451,19847,52430573,426.864,random,float32
35,334.787580,22921,52430573,321.178,random,float32
35,340.531103,13435,52430573,807.223,random,float32
35,345.463554,7307,52430573,208.984,random,float32
35,350.402697,50143,52430573,406.443,random,float32
35,355.950396,4980,52430573,378.619,random,float32
35,361.211222,43322,52430573,224.475,random,float32
35,366.143938,49350,52430573,920.833,random,float32
35,371.334962,41577,52430573,912.065,random,float32
35,376.390711,21502,52430573,936.706,random,float32
35,381.242602,43371,52430573,254.317,random,float32
35,386.433585,62276,52430573,283.555,random,float32
35,391.739781,54273,52430573,416.068,random,float32
35,397.606861,21109,52430573,900.323,random,float32
35,402.784577,42637,52430573,418.844,random,float32
35,407.904352,34544,52430573,419.013,random,float32
35,413.405692,1908,52430573,411.546,random,float32
35,418.834001,12642,52430573,410.694,random,float32
35,423.434167,17627,52430573,202.989,random,float32
35,428.055258,38798,52430573,379.453,random,float32
35,433.431438,26435,52430573,953.334,random,float32
35,438.267052,44490,52430573,880.675,random,float32
35,442.869011,22197,52430573,821.308,random,float32
35,448.574868,25277,52430573,444.398,random,float32
35,453.064322,1268,52430573,400.527,random,float32
35,458.542001,1193,52430573,454.587,random,float32
35,463.608619,20665,52430573,405.720,random,float32
35,469.013229,59393,52430573,273.718,random,float32
35,474.373961,16996,52430573,416.814,random,float32
35,480.163895,48728,52430573,843.726,random,float32
35,484.429329,35458,52430573,412.979,random,float32
35,490.163418,59753,52430573,253.198,random,float32
35,495.658567,36277,52430573,955.871,random,float32
35,501.057128,48595,52430573,406.205,random,float32
35,505.728517,38041,52430573,898.288,random,float32
35,510.980134,15823,52430573,881.933,random,float32
35,516.576010,52702,52430573,406.633,random,float32
35,521.241289,19551,52430573,375.036,random,float32
35,527.429656,12913,52430573,933.198,random,float32
35,532.907718,65398,52430573,269.945,random,float32
35,537.535264,36315,52430573,375.710,random,float32
35,542.772815,27061,52430573,879.696,random,float32
35,548.160132,65732,52430573,420.531,random,float32
35,553.686907,40690,52430573,391.881,random,float32
35,558.482889,36439,52430573,418.422,random,float32
35,563.252787,34356,52430573,369.307,random,float32
35,567.377703,11126,52430573,431.471,random,float32
35,572.813391,50010,52430573,282.492,random,float32
35,577.091907,15305,52430573,349.433,random,float32
35,581.427758,11772,52430573,400.706,random,float32
35,586.821506,55787,52430573,408.674,random,float32
35,591.332312,9503,52430573,237.300,random,float32
35,595.969756,45864,52430573,393.635,random,float32
35,601.836435,8797,52430573,383.374,random,float32
35,607.234031,60988,52430573,468.010,random,float32
35,612.520325,65631,52430573,445.275,random,float32
35,617.431241,32750,52430573,229.148,random,float32
35,623.620263,63718,52430573,702.687,random,float32
35,628.979203,4555,52430573,441.787,random,float32
35,633.823773,65625,52430573,436.928,random,float32
35,638.530029,26887,52430573,351.716,random,float32
35,643.621679,57932,52430573,899.374,random,float32
35,649.073537,60250,52430573,420.740,random,float32
35,655.110048,764,52430573,865.569,random,float32
35,660.891631,18496,52430573,292.952,random,float32
35,666.799091,6801,52430573,956.264,random,float32
35,672.083919,25016,52430573,247.754,random,float32
35,677.116918,29271,52430573,294.055,random,float32
35,683.464721,26107,52430573,910.235,random,float32
35,689.152392,27423,52430573,406.999,random,float32
35,694.212616,64006,52430573,419.931,random,float32
35,699.845161,46407,52430573,829.707,random,float32
35,705.035125,57898,52430573,715.845,random,float32
35,710.316660,25273,52430573,424.367,random,float32
35,715.608655,60727,52430573,230.965,random,float32
35,721.567613,35771,52430573,886.574,random,float32
35,725.728815,64947,52430573,442.591,random,float32
35,731.577645,4808,52430573,861.827,random,float32
35,736.404090,4944,52430573,422.391,random,float32
35,742.352802,50206,52430573,927.360,random,float32
35,747.344293,11726,52430573,394.564,random,float32
35,753.010565,36726,52430573,371.582,random,float32
35,758.614569,47423,52430573,948.446,random,float32
35,764.337261,64905,52430573,427.301,random,float32
35,770.188628,17332,52430573,455.799,random,float32
35,775.396806,59276,52430573,275.010,random,float32
35,780.844804,52529,52430573,450.518,random,float32
35,786.309324,42048,52430573,374.523,random,float32
35,791.947600,36758,52430573,397.528,random,float32
35,797.540168,61770,52430573,328.434,random,float32
35,802.438629,49671,52430573,391.963,random,float32
35,807.672156,34476,52430573,782.905,random,float32
35,812.751811,5247,52430573,423.673,random,float32
35,817.232062,16721,52430573,426.118,random,float32
35,822.026880,54454,52430573,360.067,random,float32
35,827.256245,15608,52430573,923.268,random,float32
35,832.061736,67,52430573,345.046,random,float32
35,837.591025,42136,52430573,926.128,random,float32
35,842.167867,64781,52430573,345.829,random,float32
35,846.455814,50862,52430573,395.650,random,float32
35,853.076891,28429,52430573,947.718,random,float32
35,857.712879,21918,52430573,219.801,random,float32
35,862.389840,27855,52430573,385.785,random,float32
35,867.843671,8583,52430573,404.253,random,float32
35,872.684183,49014,52430573,234.454,random,float32
35,877.881272,48757,52430573,838.107,random,float32
35,882.158415,25490,52430573,296.892,random,float32
35,887.475894,44855,52430573,397.980,random,float32
35,892.481087,3687,52430573,414.819,random,float32
35,897.613058,50039,52430573,391.215,random,float32
36,305.320924,58752,52430573,444.541,random,float32
36,310.276583,10944,52430573,410.302,random,float32
36,315.542324,25382,52430573,955.742,random,float32
36,320.036168,35442,52430573,330.373,random,float32
36,325.547373,40301,52430573,425.894,random,float32
36,330.841464,15730,52430573,425.329,random,float32
36,334.491763,47259,52430573,408.397,random,float32
36,339.340195,45162,52430573,254.685,random,float32
36,343.525159,26280,52430573,359.986,random,float32
36,348.332352,60448,52430573,874.098,random,float32
36,353.717862,49973,52430573,423.933,random,float32
36,359.126160,37052,52430573,398.262,random,float32
36,364.873977,51975,52430573,277.442,random,float32
36,370.583826,35262,52430573,442.346,random,float32
36,375.472559,10313,52430573,321.056,random,float32
36,380.784447,5107,52430573,892.239,random,float32
36,386.100009,6741,52430573,918.953,random,float32
36,391.234559,6239,52430573,431.652,random,float32
36,397.515716,2989,52430573,907.785,random,float32
36,403.635545,379,52430573,890.899,random,float32
36,407.752043,7137,52430573,389.822,random,float32
36,413.048108,19330,52430573,389.843,random,float32
36,418.298962,62312,52430573,246.517,random,float32
36,422.725863,37052,52430573,308.764,random,float32
36,428.424509,10689,52430573,941.427,random,float32
36,434.131201,58745,52430573,434.195,random,float32
36,440.159922,20195,52430573,293.667,random,float32
36,446.375695,46656,52430573,899.352,random,float32
36,452.254742,41523,52430573,290.807,random,float32
36,458.438664,4598,52430573,453.607,random,float32
36,463.593734,13776,52430573,452.372,random,float32
36,469.265129,29398,52430573,458.494,random,float32
36,473.931163,47636,52430573,415.426,random,float32
36,479.390222,44018,52430573,426.958,random,float32
36,484.844105,64466,52430573,314.087,random,float32
36,489.833987,31525,52430573,424.400,random,float32
36,496.035734,41649,52430573,400.693,random,float32
36,502.285570,45770,52430573,912.792,random,float32
36,506.335347,52901,52430573,396.413,random,float32
36,511.722430,64471,52430573,280.310,random,float32
36,517.081235,63312,52430573,346.803,random,float32
36,521.218850,12279,52430573,379.865,random,float32
36,525.355341,694,52430573,832.936,random,float32
36,529.679226,44332,52430573,415.184,random,float32
36,534.283492,27239,52430573,825.199,random,float32
36,539.295126,62184,52430573,857.941,random,float32
36,543.940155,19919,52430573,873.970,random,float32
36,548.524574,58470,52430573,316.994,random,float32
36,552.829283,45296,52430573,260.098,random,float32
36,556.600300,11843,52430573,440.135,random,float32
36,560.996928,35571,52430573,734.403,random,float32
36,565.574501,60044,52430573,404.900,random,float32
36,570.559157,3245,52430573,423.684,random,float32
36,576.059867,49663,52430573,437.999,random,float32
36,580.029502,44767,52430573,427.424,random,float32
36,584.585237,31031,52430573,416.052,random,float32
36,589.702366,17308,52430573,913.914,random,float32
36,594.971062,61347,52430573,802.044,random,float32
36,600.532910,18138,52430573,306.633,random,float32
36,605.218242,10752,52430573,369.396,random,float32
36,610.709785,11374,52430573,371.074,random,float32
36,615.988899,58282,52430573,394.049,random,float32
36,622.038165,7515,52430573,970.738,random,float32
36,626.659943,42444,52430573,880.772,random,float32
36,631.936914,35496,52430573,921.081,random,float32
36,637.299940,56914,52430573,404.268,random,float32
36,642.542297,56016,52430573,406.482,random,float32
36,647.651079,39206,52430573,421.100,random,float32
36,652.618139,63165,52430573,279.943,random,float32
36,657.473346,50451,52430573,384.303,random,float32
36,662.467312,64958,52430573,399.431,random,float32
36,666.818800,24982,52430573,382.452,random,float32
36,671.351722,41267,52430573,365.550,random,float32
36,675.654530,58239,52430573,232.566,random,float32
36,680.872020,34767,52430573,423.141,random,float32
36,686.809414,11905,52430573,427.415,random,float32
36,690.886353,38267,52430573,405.255,random,float32
36,696.572527,30045,52430573,935.849,random,float32
36,701.921654,26625,52430573,392.100,random,float32
36,706.627834,27694,52430573,418.307,random,float32
36,711.778678,57286,52430573,383.818,random,float32
36,717.413628,22100,52430573,448.412,random,float32
36,722.974253,53173,52430573,346.439,random,float32
36,728.217394,25174,52430573,906.407,random,float32
36,733.688133,44604,52430573,417.695,random,float32
36,739.279724,15761,52430573,916.884,random,float32
36,745.177704,60044,52430573,403.977,random,float32
36,749.316333,58489,52430573,263.828,random,float32
36,753.871980,47231,52430573,398.773,random,float32
36,759.956442,26085,52430573,887.579,random,float32
36,764.449898,51772,52430573,462.251,random,float32
36,769.797607,45867,52430573,930.236,random,float32
36,775.136507,17224,52430573,380.659,random,float32
36,780.799852,2785,52430573,425.392,random,float32
36,785.311676,17999,52430573,383.238,random,float32
36,790.896764,25334,52430573,716.774,random,float32
36,795.012611,763,52430573,380.854,random,float32
36,800.195375,17510,52430573,254.225,random,float32
36,805.048008,24743,52430573,414.121,random,float32
36,809.718465,40970,52430573,438.316,random,float32
36,814.500576,26025,52430573,400.208,random,float32
36,820.241740,42475,52430573,885.277,random,float32
36,825.740141,23140,52430573,924.783,random,float32
36,830.860559,7142,52430573,389.967,random,float32
36,836.016121,38340,52430573,419.029,random,float32
36,840.804655,47524,52430573,441.140,random,float32
36,846.186504,25516,52430573,385.047,random,float32
36,851.956617,9433,52430573,417.141,random,float32
36,857.446772,26576,52430573,400.673,random,float32
36,863.434107,6201,52430573,943.607,random,float32
36,867.920972,14350,52430573,427.841,random,float32
36,873.385098,51052,52430573,933.399,random,float32
36,878.631406,65937,52430573,406.457,random,float32
36,883.822902,48998,52430573,404.196,random,float32
36,888.628298,62419,52430573,904.486,random,float32
36,893.973024,42700,52430573,445.960,random,float32
36,898.826720,32377,52430573,256.349,random,float32
37,303.932746,43992,52430573,205.405,random,float32
37,308.705172,44591,52430573,462.206,random,float32
37,314.347272,17217,52430573,380.811,random,float32
37,319.771875,16545,52430573,211.638,random,float32
37,325.737485,47597,52430573,398.750,random,float32
37,331.194503,42476,52430573,216.478,random,float32
37,336.191009,6968,52430573,455.800,random,float32
37,342.168474,59135,52430573,955.412,random,float32
37,347.032738,23653,52430573,396.581,random,float32
37,352.937669,41942,52430573,871.601,random,float32
37,358.602937,14676,52430573,427.925,random,float32
37,363.925508,57904,52430573,374.437,random,float32
37,368.134446,63334,52430573,265.260,random,float32
37,373.531186,33091,52430573,388.039,random,float32
37,378.025893,21627,52430573,411.312,random,float32
37,384.125402,56452,52430573,878.805,random,float32
37,389.003913,21887,52430573,918.498,random,float32
37,394.431511,24129,52430573,908.988,random,float32
37,400.321148,32632,52430573,822.968,random,float32
37,405.486861,8800,52430573,859.773,random,float32
37,411.083805,16098,52430573,934.207,random,float32
37,416.533154,21573,52430573,261.671,random,float32
37,422.079783,35332,52430573,426.548,random,float32
37,427.178967,28092,52430573,388.507,random,float32
37,432.505996,58639,52430573,411.138,random,float32
37,438.484963,49197,52430573,428.987,random,float32
37,443.767755,61015,52430573,454.327,random,float32
37,449.645984,32916,52430573,522.138,random,float32
37,455.330179,47086,52430573,227.797,random,float32
37,460.028882,60965,52430573,226.458,random,float32
37,464.869314,24253,52430573,967.032,random,float32
37,470.361412,34091,52430573,449.743,random,float32
37,475.761836,23544,52430573,423.725,random,float32
37,482.414383,3462,52430573,438.305,random,float32
37,486.515167,29073,52430573,429.005,random,float32
37,491.912336,48924,52430573,905.982,random,float32
37,497.582623,53082,52430573,430.474,random,float32
37,503.302679,31997,52430573,331.535,random,float32
37,507.915733,57778,52430573,389.916,random,float32
37,513.496325,42741,52430573,282.042,random,float32
37,519.430199,57445,52430573,945.011,random,float32
37,524.336473,6247,52430573,414.428,random,float32
37,529.474853,46365,52430573,393.624,random,float32
37,534.565568,41189,52430573,933.018,random,float32
37,539.570082,3078,52430573,411.079,random,float32
37,544.439820,44935,52430573,372.226,random,float32
37,548.416259,6250,52430573,410.126,random,float32
37,554.406382,13346,52430573,901.593,random,float32
37,559.281342,10784,52430573,389.555,random,float32
37,563.578498,1748,52430573,901.964,random,float32
37,568.776104,48898,52430573,377.035,random,float32
37,573.890171,57453,52430573,899.995,random,float32
37,578.190951,5627,52430573,429.077,random,float32
37,583.352025,20525,52430573,415.906,random,float32
37,588.622795,39486,52430573,404.940,random,float32
37,594.135175,63515,52430573,406.549,random,float32
37,599.649694,25449,52430573,278.713,random,float32
37,604.988795,4826,52430573,406.038,random,float32
37,610.044909,64746,52430573,235.480,random,float32
37,615.510989,34078,52430573,412.183,random,float32
37,620.072345,47987,52430573,461.499,random,float32
37,624.231672,55161,52430573,395.703,random,float32
37,630.306860,55709,52430573,433.879,random,float32
37,634.889433,55054,52430573,891.714,random,float32
37,638.833161,15807,52430573,269.220,random,float32
37,644.365877,51308,52430573,309.183,random,float32
37,649.506971,62405,52430573,413.238,random,float32
37,654.937308,62648,52430573,893.543,random,float32
37,660.197444,23939,52430573,447.751,random,float32
37,663.475948,3706,52430573,205.051,random,float32
37,668.047822,50403,52430573,893.049,random,float32
37,672.327012,14439,52430573,314.452,random,float32
37,678.182747,64412,52430573,896.321,random,float32
37,683.650892,62719,52430573,410.183,random,float32
37,688.113668,31963,52430573,802.012,random,float32
37,692.797762,60539,52430573,412.319,random,float32
37,697.297797,32694,52430573,263.379,random,float32
37,703.562759,784,52430573,1260.057,random,float32
37,708.593165,12193,52430573,800.988,random,float32
37,714.471300,52513,52430573,888.505,random,float32
37,718.827163,33580,52430573,432.030,random,float32
37,724.719851,64156,52430573,893.832,random,float32
37,730.180595,1384,52430573,273.748,random,float32
37,736.502534,17992,52430573,460.183,random,float32
37,741.461991,4450,52430573,390.678,random,float32
37,746.308367,47064,52430573,865.540,random,float32
37,751.871633,43328,52430573,419.637,random,float32
37,757.448809,34544,52430573,403.766,random,float32
37,762.041717,25027,52430573,242.061,random,float32
37,767.935772,58548,52430573,925.014,random,float32
37,773.634891,15469,52430573,519.782,random,float32
37,778.412976,4554,52430573,430.027,random,float32
37,783.177790,17222,52430573,421.417,random,float32
37,787.301701,37404,52430573,794.885,random,float32
37,792.513182,5948,52430573,898.581,random,float32
37,796.717035,19898,52430573,405.304,random,float32
37,801.774617,33275,52430573,377.261,random,float32
37,806.719432,5540,52430573,256.345,random,float32
37,811.052655,4708,52430573,380.686,random,float32
37,815.768624,59622,52430573,216.870,random,float32
37,820.895430,40109,52430573,423.719,random,float32
37,825.988485,55135,52430573,380.898,random,float32
37,831.257504,17968,52430573,418.968,random,float32
37,835.807388,64363,52430573,216.044,random,float32
37,840.446744,58062,52430573,849.649,random,float32
37,845.454774,28437,52430573,409.649,random,float32
37,850.019113,58116,52430573,365.695,random,float32
37,855.155807,11806,52430573,250.530,random,float32
37,859.124095,29103,52430573,399.311,random,float32
37,863.647752,19296,52430573,896.223,random,float32
37,867.580214,55434,52430573,405.692,random,float32
37,872.247790,50829,52430573,390.256,random,float32
37,877.167449,52590,52430573,410.228,random,float32
37,882.109179,47497,52430573,375.278,random,float32
37,887.286529,1830,52430573,376.978,random,float32
37,893.080507,42088,52430573,955.343,random,float32
37,897.641267,6105,52430573,416.248,random,float32
38,305.167440,46956,52430573,418.333,random,float32
38,310.732234,64909,52430573,394.394,random,float32
38,316.021355,22915,52430573,458.624,random,float32
38,320.760572,12627,52430573,435.914,random,float32
38,325.722131,24841,52430573,399.761,random,float32
38,330.740597,53699,52430573,409.869,random,float32
38,335.308395,11429,52430573,944.629,random,float32
38,339.371850,47980,52430573,272.899,random,float32
38,344.065124,65928,52430573,379.729,random,float32
38,350.085551,39923,52430573,916.726,random,float32
38,355.387693,57684,52430573,381.965,random,float32
38,360.535319,62605,52430573,408.137,random,float32
38,366.384213,31879,52430573,438.535,random,float32
38,371.226939,32566,52430573,918.775,random,float32
38,375.007282,4438,52430573,423.377,random,float32
38,380.470632,38398,52430573,350.516,random,float32
38,385.705390,57204,52430573,711.245,random,float32
38,391.270380,32727,52430573,440.830,random,float32
38,396.570906,18754,52430573,404.635,random,float32
38,401.871584,62408,52430573,888.306,random,float32
38,405.710622,54944,52430573,235.469,random,float32
38,411.042899,31164,52430573,250.919,random,float32
38,415.438149,65170,52430573,397.581,random,float32
38,421.345245,55322,52430573,890.422,random,float32
38,426.748967,3330,52430573,424.114,random,float32
38,431.774548,52326,52430573,424.146,random,float32
38,436.986877,9674,52430573,451.267,random,float32
38,441.573359,58459,52430573,431.988,random,float32
38,446.348488,6641,52430573,814.843,random,float32
38,452.350096,54346,52430573,471.732,random,float32
38,457.684362,52033,52430573,434.004,random,float32
38,463.184620,32883,52430573,933.936,random,float32
38,468.880049,44881,52430573,427.999,random,float32
38,474.115511,40107,52430573,422.249,random,float32
38,480.036199,21367,52430573,1424.130,random,float32
38,485.312860,12637,52430573,933.431,random,float32
38,490.394191,57503,52430573,348.462,random,float32
38,495.584477,24341,52430573,454.145,random,float32
38,501.095297,49434,52430573,410.615,random,float32
38,507.071973,5357,52430573,916.043,random,float32
38,511.948847,28221,52430573,439.303,random,float32
38,516.403526,54654,52430573,287.527,random,float32
38,522.261195,19178,52430573,412.280,random,float32
38,527.159869,58803,52430573,915.554,random,float32
38,532.076335,3819,52430573,323.901,random,float32
38,536.860628,37093,52430573,284.172,random,float32
38,542.597661,55571,52430573,892.656,random,float32
38,547.643024,36932,52430573,404.883,random,float32
38,552.366775,4000,52430573,892.211,random,float32
38,557.761239,46426,52430573,907.302,random,float32
38,563.243893,20843,52430573,911.714,random,float32
38,568.456201,53062,52430573,949.345,random,float32
38,573.352896,40759,52430573,351.058,random,float32
38,578.126895,22084,52430573,413.264,random,float32
38,584.084535,48801,52430573,274.961,random,float32
38,588.794650,49293,52430573,313.915,random,float32
38,594.671498,50270,52430573,877.808,random,float32
38,599.446320,44037,52430573,476.524,random,float32
38,604.816033,29025,52430573,432.853,random,float32
38,610.098369,64430,52430573,436.171,random,float32
38,615.366270,28001,52430573,249.138,random,float32
38,620.609538,12579,52430573,294.468,random,float32
38,625.203028,6050,52430573,389.395,random,float32
38,630.628876,27956,52430573,422.305,random,float32
38,635.280933,682,52430573,424.206,random,float32
38,640.876141,12549,52430573,404.735,random,float32
38,646.560531,57184,52430573,858.739,random,float32
38,651.355840,11709,52430573,334.832,random,float32
38,656.365316,16777,52430573,868.313,random,float32
38,661.818261,53063,52430573,407.117,random,float32
38,667.123293,36317,52430573,619.189,random,float32
38,672.086381,50419,52430573,386.088,random,float32
38,677.356805,4557,52430573,418.961,random,float32
38,682.182253,58437,52430573,408.763,random,float32
38,687.034836,32509,52430573,443.395,random,float32
38,692.152252,22837,52430573,412.037,random,float32
38,698.102334,63308,52430573,944.181,random,float32
38,703.612015,34897,52430573,404.720,random,float32
38,709.437412,65389,52430573,940.019,random,float32
38,715.036613,42003,52430573,419.862,random,float32
38,720.527776,32389,52430573,418.808,random,float32
38,726.557009,15115,52430573,942.153,random,float32
38,731.998284,8920,52430573,428.783,random,float32
38,737.378638,62924,52430573,859.360,random,float32
38,742.640837,16105,52430573,398.531,random,float32
38,748.318063,35359,52430573,396.461,random,float32
38,753.160065,5045,52430573,944.784,random,float32
38,758.449091,27995,52430573,266.055,random,float32
38,763.037023,58991,52430573,357.665,random,float32
38,767.804508,35857,52430573,896.216,random,float32
38,772.183288,25237,52430573,367.814,random,float32
38,777.933458,60747,52430573,866.615,random,float32
38,783.011359,17273,52430573,751.820,random,float32
38,788.953944,35776,52430573,904.150,random,float32
38,794.375078,52721,52430573,916.791,random,float32
38,799.843536,49321,52430573,421.329,random,float32
38,804.161270,21039,52430573,330.425,random,float32
38,809.748105,55706,52430573,446.110,random,float32
38,815.125778,4864,52430573,842.803,random,float32
38,820.399875,8602,52430573,419.702,random,float32
38,825.935971,24765,52430573,280.245,random,float32
38,832.240908,10161,52430573,1338.457,random,float32
38,837.541733,1086,52430573,434.232,random,float32
38,842.972460,19208,52430573,410.246,random,float32
38,847.568474,8519,52430573,524.621,random,float32
38,853.217112,4928,52430573,246.384,random,float32
38,858.451164,20098,52430573,865.601,random,float32
38,863.796859,1578,52430573,429.138,random,float32
38,868.830512,6913,52430573,898.884,random,float32
38,874.167517,31944,52430573,285.301,random,float32
38,878.400921,50979,52430573,471.949,random,float32
38,883.658209,11975,52430573,383.933,random,float32
38,889.697232,51254,52430573,865.344,random,float32
38,894.849828,3576,52430573,897.661,random,float32
38,898.943677,158,52430573,200.572,random,float32
39,304.810299,32481,52430573,889.200,random,float32
39,309.743988,61253,52430573,799.463,random,float32
39,314.440257,7065,52430573,391.043,random,float32
39,319.321745,40497,52430573,413.327,random,float32
39,323.952151,54330,52430573,396.609,random,float32
39,329.198864,46411,52430573,378.405,random,float32
39,334.073709,6099,52430573,431.544,random,float32
39,339.340428,55803,52430573,267.820,random,float32
39,344.941875,25425,52430573,886.018,random,float32
39,349.990704,58320,52430573,929.907,random,float32
39,355.457369,31448,52430573,404.407,random,float32
39,360.320869,42235,52430573,409.715,random,float32
39,366.016498,12669,52430573,861.704,random,float32
39,371.430021,11745,52430573,424.842,random,float32
39,376.691693,12795,52430573,397.331,random,float32
39,382.143701,28248,52430573,818.821,random,float32
39,387.887851,28386,52430573,393.953,random,float32
39,392.680806,7601,52430573,938.934,random,float32
39,397.471115,21097,52430573,371.229,random,float32
39,403.499835,43277,52430573,873.187,random,float32
39,409.414033,41378,52430573,412.079,random,float32
39,413.269613,25340,52430573,272.385,random,float32
39,418.787510,57501,52430573,379.639,random,float32
39,424.241601,51964,52430573,413.846,random,float32
39,427.745137,59972,52430573,375.859,random,float32
39,432.268113,12000,52430573,381.595,random,float32
39,437.996427,34835,52430573,871.204,random,float32
39,442.826470,10600,52430573,934.613,random,float32
39,447.598656,1950,52430573,285.408,random,float32
39,452.460817,45956,52430573,379.450,random,float32
39,457.364664,24695,52430573,934.413,random,float32
39,462.341844,55877,52430573,387.517,random,float32
39,468.213616,5630,52430573,957.883,random,float32
39,472.484695,65569,52430573,420.120,random,float32
39,477.369082,26,52430573,381.138,random,float32
39,482.849325,33526,52430573,404.409,random,float32
39,487.650006,35102,52430573,455.648,random,float32
39,492.450313,32252,52430573,419.750,random,float32
39,496.964551,60226,52430573,943.982,random,float32
39,502.816015,40015,52430573,396.351,random,float32
39,507.162206,19071,52430573,901.349,random,float32
39,512.520351,9824,52430573,899.902,random,float32
39,517.231151,52261,52430573,339.828,random,float32
39,522.166903,10433,52430573,399.944,random,float32
39,527.337928,7257,52430573,965.224,random,float32
39,532.819051,57814,52430573,448.060,random,float32
39,536.606270,3352,52430573,392.600,random,float32
39,541.814314,37312,52430573,441.276,random,float32
39,546.220238,7388,52430573,386.549,random,float32
39,551.346780,37462,52430573,303.101,random,float32
39,556.462616,10970,52430573,440.417,random,float32
39,561.075988,40297,52430573,896.581,random,float32
39,566.182138,3561,52430573,408.208,random,float32
39,571.079607,14711,52430573,386.122,random,float32
39,576.445141,3634,52430573,243.125,random,float32
39,581.360905,53902,52430573,420.337,random,float32
39,586.501265,55805,52430573,423.852,random,float32
39,591.674279,5710,52430573,427.551,random,float32
39,597.265045,31101,52430573,399.366,random,float32
39,603.359195,58249,52430573,430.314,random,float32
39,608.333423,15111,52430573,452.513,random,float32
39,613.497063,41924,52430573,824.131,random,float32
39,618.060735,28998,52430573,808.278,random,float32
39,622.951040,5376,52430573,377.785,random,float32
39,628.125531,56975,52430573,921.887,random,float32
39,633.518499,29056,52430573,412.081,random,float32
39,639.360354,33234,52430573,394.994,random,float32
39,643.203985,37552,52430573,219.749,random,float32
39,648.031102,47520,52430573,213.286,random,float32
39,653.426671,57289,52430573,407.726,random,float32
39,657.809844,36057,52430573,346.926,random,float32
39,662.014140,18211,52430573,282.259,random,float32
39,666.607883,48234,52430573,414.835,random,float32
39,671.948211,5215,52430573,404.340,random,float32
39,676.553039,33339,52430573,875.284,random,float32
39,682.022980,44613,52430573,402.369,random,float32
39,686.468680,34836,52430573,258.476,random,float32
39,691.199884,12138,52430573,372.803,random,float32
39,695.170139,25143,52430573,390.900,random,float32
39,700.278011,41593,52430573,451.242,random,float32
39,704.610091,22432,52430573,376.609,random,float32
39,710.319934,4144,52430573,410.380,random,float32
39,715.307412,36885,52430573,407.765,random,float32
39,720.570412,17254,52430573,439.208,random,float32
39,725.691832,36486,52430573,428.793,random,float32
39,730.433748,43657,52430573,435.256,random,float32
39,735.134017,38112,52430573,441.124,random,float32
39,740.116325,59255,52430573,309.172,random,float32
39,744.854019,7855,52430573,277.916,random,float32
39,749.976225,12178,52430573,446.492,random,float32
39,754.985518,30103,52430573,439.120,random,float32
39,759.535088,2729,52430573,337.682,random,float32
39,765.539668,27192,52430573,434.407,random,float32
39,770.589914,34288,52430573,450.276,random,float32
39,774.292994,40472,52430573,358.111,random,float32
39,779.816020,37532,52430573,446.746,random,float32
39,785.275074,49104,52430573,318.249,random,float32
39,791.311992,27233,52430573,411.216,random,float32
39,796.747784,23104,52430573,294.429,random,float32
39,801.786244,46179,52430573,410.019,random,float32
39,806.826058,51777,52430573,449.852,random,float32
39,811.413611,37768,52430573,289.670,random,float32
39,816.754018,49734,52430573,782.748,random,float32
39,822.527058,45873,52430573,434.506,random,float32
39,828.357477,42106,52430573,851.519,random,float32
39,834.062304,54501,52430573,459.024,random,float32
39,839.419092,55517,52430573,430.054,random,float32
39,845.311958,1838,52430573,414.198,random,float32
39,850.176687,47502,52430573,393.145,random,float32
39,855.477734,9012,52430573,414.966,random,float32
39,860.273679,54363,52430573,393.929,random,float32
39,865.241326,41522,52430573,398.035,random,float32
39,870.202032,24626,52430573,946.180,random,float32
39,875.109151,36567,52430573,293.855,random,float32
39,880.950945,35057,52430573,861.547,random,float32
39,886.361836,2916,52430573,928.436,random,float32
39,890.523816,12452,52430573,389.150,random,float32
39,895.676969,22458,52430573,192.725,random,float32
39,899.735456,19869,52430573,452.044,random,float32
40,304.863694,19328,52430573,438.942,random,float32
40,309.443457,16782,52430573,933.414,random,float32
40,314.177559,65381,52430573,417.840,random,float32
40,319.195850,34774,52430573,413.010,random,float32
40,324.768010,5444,52430573,424.149,random,float32
40,329.894910,21443,52430573,412.812,random,float32
40,335.535863,62242,52430573,416.749,random,float32
40,341.566930,7856,52430573,908.777,random,float32
40,346.196720,56379,52430573,243.146,random,float32
40,351.350699,26202,52430573,380.964,random,float32
40,356.170968,51862,52430573,872.547,random,float32
40,361.332634,35628,52430573,184.508,random,float32
40,365.904426,17990,52430573,369.071,random,float32
40,370.714461,62405,52430573,885.774,random,float32
40,374.701857,6437,52430573,303.633,random,float32
40,380.114780,52555,52430573,857.636,random,float32
40,383.768901,28462,52430573,380.168,random,float32
40,388.859362,62750,52430573,375.807,random,float32
40,395.051428,59124,52430573,944.189,random,float32
40,400.265613,39858,52430573,417.058,random,float32
40,405.495781,33030,52430573,394.565,random,float32
40,410.281358,10941,52430573,878.287,random,float32
40,414.694548,46667,52430573,408.646,random,float32
40,419.931112,8529,52430573,278.947,random,float32
40,425.778829,35206,52430573,888.483,random,float32
40,430.220928,53260,52430573,417.804,random,float32
40,435.038611,50354,52430573,375.405,random,float32
40,439.682074,34200,52430573,308.338,random,float32
40,445.650434,58741,52430573,875.903,random,float32
40,450.497148,41542,52430573,225.740,random,float32
40,455.151529,51740,52430573,339.289,random,float32
40,459.780967,47310,52430573,255.801,random,float32
40,465.537913,56171,52430573,737.088,random,float32
40,470.129606,8348,52430573,395.247,random,float32
40,474.584400,25548,52430573,251.022,random,float32
40,479.785255,56827,52430573,420.763,random,float32
40,483.948489,11831,52430573,372.771,random,float32
40,489.246804,16052,52430573,415.575,random,float32
40,493.672171,45296,52430573,227.126,random,float32
40,498.594720,60556,52430573,372.375,random,float32
40,502.647721,45587,52430573,252.884,random,float32
40,507.363970,56275,52430573,284.125,random,float32
40,512.824327,31564,52430573,329.672,random,float32
40,519.044602,61639,52430573,433.370,random,float32
40,523.836393,53726,52430573,404.651,random,float32
40,528.159370,49590,52430573,367.141,random,float32
40,532.754638,22765,52430573,394.104,random,float32
40,538.652878,44866,52430573,897.097,random,float32
40,543.343440,31275,52430573,793.460,random,float32
40,548.450831,20231,52430573,798.420,random,float32
40,552.082429,49746,52430573,398.472,random,float32
40,557.456048,7647,52430573,935.381,random,float32
40,562.724092,28338,52430573,1405.427,random,float32
40,568.141929,50803,52430573,409.640,random,float32
40,573.328536,10540,52430573,925.428,random,float32
40,578.906651,55200,52430573,379.356,random,float32
40,584.068367,37756,52430573,304.047,random,float32
40,589.284383,41889,52430573,394.552,random,float32
40,594.466071,2650,52430573,408.443,random,float32
40,598.520601,30447,52430573,372.799,random,float32
40,603.188891,22474,52430573,432.928,random,float32
40,607.401086,25849,52430573,455.634,random,float32
40,612.250822,19118,52430573,276.519,random,float32
40,617.954625,59416,52430573,1301.377,random,float32
40,622.905939,3213,52430573,737.913,random,float32
40,627.752766,29762,52430573,904.452,random,float32
40,632.073723,58809,52430573,415.120,random,float32
40,636.072852,4361,52430573,429.499,random,float32
40,640.455082,36864,52430573,409.853,random,float32
40,644.868390,8936,52430573,404.339,random,float32
40,650.944373,55273,52430573,923.832,random,float32
40,656.254690,5879,52430573,409.372,random,float32
40,661.475131,24165,52430573,436.613,random,float32
40,666.245648,38660,52430573,227.260,random,float32
40,670.992408,43087,52430573,236.741,random,float32
40,676.331984,50183,52430573,408.227,random,float32
40,681.243748,13478,52430573,261.999,random,float32
40,686.237359,6474,52430573,400.352,random,float32
40,690.727741,42876,52430573,348.959,random,float32
40,695.761515,2984,52430573,911.733,random,float32
40,700.987534,28099,52430573,911.414,random,float32
40,706.806372,46095,52430573,890.176,random,float32
40,710.969467,23590,52430573,242.318,random,float32
40,716.085635,25545,52430573,406.548,random,float32
40,721.151783,17833,52430573,254.257,random,float32
40,726.155878,38526,52430573,234.705,random,float32
40,730.787722,3961,52430573,888.878,random,float32
40,736.159761,23831,52430573,288.927,random,float32
40,741.805281,37349,52430573,352.605,random,float32
40,748.156149,57783,52430573,373.300,random,float32
40,753.938070,22969,52430573,921.426,random,float32
40,758.762364,54846,52430573,413.253,random,float32
40,763.319054,61430,52430573,435.598,random,float32
40,768.790739,23697,52430573,813.648,random,float32
40,773.127402,36349,52430573,500.162,random,float32
40,778.264358,47139,52430573,428.949,random,float32
40,782.879468,46259,52430573,276.466,random,float32
40,787.573603,32800,52430573,376.437,random,float32
40,792.648387,16135,52430573,429.529,random,float32
40,797.267726,32119,52430573,286.764,random,float32
40,802.514281,56304,52430573,903.296,random,float32
40,808.152035,33949,52430573,826.830,random,float32
40,813.320273,38278,52430573,270.679,random,float32
40,817.866614,29481,52430573,815.500,random,float32
40,823.084493,43012,52430573,898.972,random,float32
40,828.723246,36387,52430573,403.294,random,float32
40,833.850347,21212,52430573,424.171,random,float32
40,838.738741,51482,52430573,443.771,random,float32
40,844.294422,39013,52430573,949.013,random,float32
40,850.663464,31508,52430573,889.037,random,float32
40,856.021702,3636,52430573,928.009,random,float32
40,859.981953,33958,52430573,265.599,random,float32
40,865.447615,36065,52430573,421.994,random,float32
40,871.295881,1284,52430573,918.449,random,float32
40,876.134962,35253,52430573,282.799,random,float32
40,881.444593,11094,52430573,408.849,random,float32
40,886.900988,60330,52430573,418.588,random,float32
40,892.733170,35007,52430573,280.280,random,float32
40,897.081345,14655,52430573,405.474,random,float32
40,899.799236,43994,52430573,120.398,random,float32
41,304.837067,33866,52430573,257.301,random,float32
41,309.457214,36576,52430573,392.635,random,float32
41,314.672718,6616,52430573,904.355,random,float32
41,319.868076,37136,52430573,858.216,random,float32
41,324.952287,13977,52430573,212.104,random,float32
41,329.700967,18226,52430573,833.513,random,float32
41,334.576332,58558,52430573,795.955,random,float32
41,338.958795,34161,52430573,442.991,random,float32
41,345.131338,63177,52430573,450.091,random,float32
41,350.522235,32685,52430573,825.199,random,float32
41,355.817244,61859,52430573,870.319,random,float32
41,361.556677,29206,52430573,441.478,random,float32
41,365.691935,33862,52430573,268.387,random,float32
41,371.236317,61425,52430573,394.264,random,float32
41,375.746771,57063,52430573,256.529,random,float32
41,381.573064,16400,52430573,916.847,random,float32
41,386.091542,189,52430573,422.349,random,float32
41,390.961340,29772,52430573,411.596,random,float32
41,395.475923,11117,52430573,393.064,random,float32
41,400.120338,2835,52430573,431.568,random,float32
41,405.448710,1777,52430573,265.108,random,float32
41,411.004646,58658,52430573,384.825,random,float32
41,416.735792,1592,52430573,446.141,random,float32
41,421.447158,26654,52430573,380.725,random,float32
41,426.333795,3646,52430573,411.523,random,float32
41,431.322876,7121,52430573,419.639,random,float32
41,436.767276,63253,52430573,409.365,random,float32
41,441.396642,65628,52430573,373.418,random,float32
41,447.459258,12296,52430573,905.534,random,float32
41,452.267721,50287,52430573,377.437,random,float32
41,457.251081,61557,52430573,397.750,random,float32
41,462.985639,60058,52430573,362.130,random,float32
41,468.291072,8888,52430573,374.667,random,float32
41,472.945361,9496,52430573,384.133,random,float32
41,476.917954,38022,52430573,386.188,random,float32
41,481.728656,16558,52430573,245.489,random,float32
41,486.843175,53221,52430573,237.756,random,float32
41,491.504659,11078,52430573,402.939,random,float32
41,496.857604,32626,52430573,273.448,random,float32
41,501.762394,33150,52430573,952.498,random,float32
41,506.500599,54521,52430573,925.906,random,float32
41,511.806705,44301,52430573,899.404,random,float32
41,517.306734,23596,52430573,468.729,random,float32
41,522.169223,6834,52430573,411.919,random,float32
41,527.331143,59561,52430573,404.133,random,float32
41,532.796322,60615,52430573,311.787,random,float32
41,537.477044,15609,52430573,426.101,random,float32
41,543.149903,41860,52430573,939.801,random,float32
41,548.691712,16423,52430573,424.460,random,float32
41,554.393196,44464,52430573,442.768,random,float32
41,558.990150,46285,52430573,441.154,random,float32
41,564.485588,6864,52430573,909.994,random,float32
41,569.470678,62209,52430573,901.198,random,float32
41,574.759155,38605,52430573,931.007,random,float32
41,580.051115,11,52430573,895.421,random,float32
41,585.595845,22990,52430573,420.580,random,float32
41,591.183686,16595,52430573,437.953,random,float32
41,596.364082,46363,52430573,399.770,random,float32
41,601.537573,34249,52430573,406.238,random,float32
41,606.921774,33516,52430573,467.553,random,float32
41,612.857063,30226,52430573,842.400,random,float32
41,618.406321,5230,52430573,429.524,random,float32
41,624.321162,16771,52430573,940.712,random,float32
41,629.833239,35378,52430573,409.533,random,float32
41,634.874051,39543,52430573,402.450,random,float32
41,639.698453,37652,52430573,370.175,random,float32
41,644.773290,54719,52430573,254.996,random,float32
41,648.676585,62036,52430573,209.932,random,float32
41,653.310149,24033,52430573,361.949,random,float32
41,657.385236,6569,52430573,349.156,random,float32
41,662.715404,48308,52430573,949.850,random,float32
41,668.276660,8799,52430573,304.187,random,float32
41,674.357159,35030,52430573,225.033,random,float32
41,678.812071,38122,52430573,347.773,random,float32
41,683.790568,56308,52430573,402.042,random,float32
41,688.377426,13193,52430573,389.560,random,float32
41,694.344889,47530,52430573,883.084,random,float32
41,699.709597,50055,52430573,440.766,random,float32
41,704.365599,17295,52430573,280.149,random,float32
41,709.672732,50148,52430573,438.033,random,float32
41,715.740117,52986,52430573,903.843,random,float32
41,721.022140,50751,52430573,925.682,random,float32
41,725.813013,21859,52430573,950.989,random,float32
41,731.142498,33143,52430573,449.601,random,float32
41,736.705006,13240,52430573,880.931,random,float32
41,742.915348,37561,52430573,935.673,random,float32
41,747.710713,37188,52430573,432.294,random,float32
41,753.009682,33294,52430573,280.643,random,float32
41,758.568466,32558,52430573,434.138,random,float32
41,764.280139,62619,52430573,952.139,random,float32
41,769.022127,2786,52430573,248.474,random,float32
41,774.574161,43746,52430573,292.651,random,float32
41,779.211604,52462,52430573,441.937,random,float32
41,784.339409,57672,52430573,277.007,random,float32
41,790.470141,4261,52430573,446.361,random,float32
41,795.862236,22998,52430573,439.343,random,float32
41,800.817897,59278,52430573,956.468,random,float32
41,805.637801,37019,52430573,436.188,random,float32
41,811.103476,32257,52430573,913.634,random,float32
41,816.093520,4267,52430573,848.863,random,float32
41,820.643409,25512,52430573,388.956,random,float32
41,826.337438,56174,52430573,922.416,random,float32
41,830.838032,6432,52430573,312.302,random,float32
41,835.383258,15089,52430573,391.882,random,float32
41,841.570809,14677,52430573,424.737,random,float32
41,846.926009,6059,52430573,319.414,random,float32
41,852.521152,9893,52430573,993.238,random,float32
41,858.068164,134,52430573,453.639,random,float32
41,863.372836,16650,52430573,442.508,random,float32
41,868.412156,24675,52430573,464.394,random,float32
41,874.192087,34804,52430573,857.163,random,float32
41,879.405966,38028,52430573,445.120,random,float32
41,884.594294,29086,52430573,224.901,random,float32
41,890.568724,29581,52430573,885.011,random,float32
41,894.876624,63035,52430573,298.606,random,float32
41,898.580294,62741,52430573,197.332,random,float32
42,304.601574,60045,52430573,255.711,random,float32
42,311.274899,33497,52430573,1577.923,random,float32
42,316.776166,4104,52430573,425.695,random,float32
42,322.165930,15127,52430573,256.664,random,float32
42,327.024821,19159,52430573,409.098,random,float32
42,332.895580,54025,52430573,921.687,random,float32
42,338.875281,31099,52430573,461.971,random,float32
42,344.035189,40952,52430573,906.620,random,float32
42,349.344857,19455,52430573,942.021,random,float32
42,354.848200,14356,52430573,450.303,random,float32
42,359.120298,46337,52430573,388.323,random,float32
42,364.498261,62372,52430573,386.155,random,float32
42,369.486415,49784,52430573,279.724,random,float32
42,375.424249,9852,52430573,945.735,random,float32
42,380.652643,65708,52430573,406.531,random,float32
42,386.615492,19583,52430573,830.020,random,float32
42,390.961248,8440,52430573,389.284,random,float32
42,395.696165,18576,52430573,285.259,random,float32
42,401.843287,42835,52430573,439.187,random,float32
42,407.275700,35419,52430573,416.362,random,float32
42,412.945196,29223,52430573,348.155,random,float32
42,417.298400,48276,52430573,383.244,random,float32
42,422.952263,56503,52430573,439.900,random,float32
42,428.805240,20070,52430573,892.135,random,float32
42,433.034546,9668,52430573,265.522,random,float32
42,437.338543,41173,52430573,378.613,random,float32
42,442.336520,52394,52430573,440.066,random,float32
42,447.669967,28704,52430573,443.954,random,float32
42,453.176055,49343,52430573,910.250,random,float32
42,458.127965,32520,52430573,388.578,random,float32
42,464.005298,48601,52430573,929.199,random,float32
42,469.008857,64717,52430573,885.966,random,float32
42,474.137435,22081,52430573,922.588,random,float32
42,479.330935,10303,52430573,841.414,random,float32
42,483.689178,24914,52430573,405.722,random,float32
42,488.778400,34858,52430573,267.805,random,float32
42,492.966460,1528,52430573,370.026,random,float32
42,498.674978,43831,52430573,441.139,random,float32
42,503.763832,62500,52430573,403.923,random,float32
42,509.132422,61961,52430573,392.282,random,float32
42,514.455997,32254,52430573,435.732,random,float32
42,520.894692,45055,52430573,858.336,random,float32
42,525.608371,11268,52430573,412.970,random,float32
42,530.849038,62990,52430573,453.054,random,float32
42,537.295606,26776,52430573,438.313,random,float32
42,542.278489,5764,52430573,703.956,random,float32
42,548.191288,60338,52430573,883.657,random,float32
42,553.802872,64455,52430573,402.263,random,float32
42,558.785994,39279,52430573,903.955,random,float32
42,564.874209,31338,52430573,426.488,random,float32
42,571.109162,63614,52430573,1403.286,random,float32
42,575.575303,56535,52430573,239.954,random,float32
42,581.362383,60623,52430573,835.815,random,float32
42,585.875960,58213,52430573,225.988,random,float32
42,591.128280,10211,52430573,548.586,random,float32
42,595.858684,2019,52430573,331.927,random,float32
42,601.177314,62157,52430573,478.313,random,float32
42,606.462869,49344,52430573,472.250,random,float32
42,611.503877,5049,52430573,402.525,random,float32
42,617.491163,10213,52430573,972.883,random,float32
42,623.048416,62638,52430573,430.908,random,float32
42,628.400135,2170,52430573,420.620,random,float32
42,633.322875,17871,52430573,400.784,random,float32
42,638.575828,8136,52430573,422.051,random,float32
42,644.501449,52988,52430573,958.652,random,float32
42,650.487249,26924,52430573,887.492,random,float32
42,655.861598,57178,52430573,944.066,random,float32
42,661.985037,46418,52430573,414.820,random,float32
42,666.297413,30757,52430573,389.558,random,float32
42,671.394026,23252,52430573,385.934,random,float32
42,676.423353,40519,52430573,400.930,random,float32
42,681.041900,22085,52430573,409.312,random,float32
42,686.266851,8267,52430573,403.330,random,float32
42,690.498226,54643,52430573,399.957,random,float32
42,695.595233,20930,52430573,947.952,random,float32
42,700.674773,56466,52430573,919.649,random,float32
42,705.599732,3725,52430573,418.828,random,float32
42,711.328894,47072,52430573,376.594,random,float32
42,715.739967,22024,52430573,400.458,random,float32
42,721.149044,29567,52430573,398.861,random,float32
42,726.428104,17496,52430573,386.365,random,float32
42,731.638992,11214,52430573,385.535,random,float32
42,737.338870,3080,52430573,439.598,random,float32
42,744.137996,64924,52430573,988.373,random,float32
42,749.105117,35715,52430573,427.024,random,float32
42,753.986715,56841,52430573,952.940,random,float32
42,759.728416,25250,52430573,416.970,random,float32
42,765.825039,8724,52430573,884.349,random,float32
42,771.205770,17699,52430573,311.616,random,float32
42,776.235480,17043,52430573,375.177,random,float32
42,781.519413,47106,52430573,318.071,random,float32
42,786.765568,45546,52430573,403.047,random,float32
42,792.025322,3786,52430573,885.804,random,float32
42,797.313746,4992,52430573,409.141,random,float32
42,802.672318,11983,52430573,1209.405,random,float32
42,808.586608,28755,52430573,389.824,random,float32
42,813.741906,33974,52430573,298.309,random,float32
42,818.631444,58224,52430573,295.388,random,float32
42,823.487891,31353,52430573,383.191,random,float32
42,829.277109,13223,52430573,891.127,random,float32
42,834.858969,16470,52430573,404.253,random,float32
42,839.892002,60905,52430573,427.630,random,float32
42,845.372610,41016,52430573,236.420,random,float32
42,850.764054,9534,52430573,220.279,random,float32
42,856.323295,22704,52430573,380.188,random,float32
42,861.028221,35656,52430573,243.471,random,float32
42,865.068923,15313,52430573,266.980,random,float32
42,869.855347,3668,52430573,358.969,random,float32
42,875.614435,37214,52430573,403.045,random,float32
42,879.658138,40878,52430573,229.004,random,float32
42,884.695515,25981,52430573,390.860,random,float32
42,889.795094,40817,52430573,189.607,random,float32
42,896.655435,1245,52430573,407.511,random,float32
42,899.439402,15227,52430573,156.953,random,float32
43,304.614959,62142,52430573,427.690,random,float32
43,310.433979,59682,52430573,427.860,random,float32
43,315.467854,16197,52430573,384.014,random,float32
43,321.322689,6386,52430573,881.505,random,float32
43,326.160546,58067,52430573,427.999,random,float32
43,331.893514,41051,52430573,431.703,random,float32
43,338.153416,10277,52430573,428.447,random,float32
43,342.997420,1039,52430573,300.043,random,float32
43,347.991887,65970,52430573,436.242,random,float32
43,353.218376,30431,52430573,420.280,random,float32
43,359.627284,53090,52430573,423.028,random,float32
43,364.047529,40514,52430573,228.036,random,float32
43,369.381217,32752,52430573,429.501,random,float32
43,375.170658,33753,52430573,921.422,random,float32
43,381.554289,26483,52430573,914.092,random,float32
43,386.937517,33054,52430573,454.559,random,float32
43,393.254803,33909,52430573,923.690,random,float32
43,398.382439,31219,52430573,426.120,random,float32
43,403.408790,46610,52430573,444.581,random,float32
43,408.259159,14028,52430573,924.535,random,float32
43,413.776132,49957,52430573,773.325,random,float32
43,419.188836,44265,52430573,272.054,random,float32
43,423.280617,30266,52430573,433.115,random,float32
43,429.006658,17849,52430573,286.207,random,float32
43,433.366080,13336,52430573,416.787,random,float32
43,437.682004,33550,52430573,431.728,random,float32
43,443.672899,46639,52430573,867.907,random,float32
43,448.620187,38571,52430573,488.012,random,float32
43,453.952664,39535,52430573,430.130,random,float32
43,459.110983,30357,52430573,291.031,random,float32
43,464.733546,23276,52430573,432.329,random,float32
43,469.805991,14458,52430573,401.370,random,float32
43,475.828437,18065,52430573,954.883,random,float32
43,481.218130,58612,52430573,269.396,random,float32
43,486.133780,3501,52430573,403.025,random,float32
43,491.061400,55536,52430573,927.382,random,float32
43,496.302853,60918,52430573,268.108,random,float32
43,501.956504,63065,52430573,453.495,random,float32
43,508.179436,55633,52430573,1380.472,random,float32
43,512.150978,42161,52430573,289.180,random,float32
43,517.576768,8713,52430573,403.757,random,float32
43,522.908655,35458,52430573,291.880,random,float32
43,526.905972,25392,52430573,424.445,random,float32
43,532.427469,59403,52430573,397.731,random,float32
43,538.465018,8881,52430573,948.865,random,float32
43,543.085685,11552,52430573,929.192,random,float32
43,548.218702,37847,52430573,867.206,random,float32
43,553.536675,44823,52430573,849.529,random,float32
43,559.286057,41302,52430573,432.211,random,float32
43,564.705558,4432,52430573,943.716,random,float32
43,568.975994,44006,52430573,344.710,random,float32
43,573.015415,1899,52430573,417.381,random,float32
43,578.517721,34686,52430573,389.814,random,float32
43,584.051236,43536,52430573,391.544,random,float32
43,589.295439,38720,52430573,406.384,random,float32
43,594.713597,60136,52430573,401.513,random,float32
43,600.607088,65694,52430573,399.161,random,float32
43,605.959510,65849,52430573,389.068,random,float32
43,611.113149,33077,52430573,901.326,random,float32
43,615.960355,63522,52430573,697.823,random,float32
43,621.331570,57813,52430573,415.970,random,float32
43,626.471467,41045,52430573,414.222,random,float32
43,631.759807,47629,52430573,246.095,random,float32
43,637.823050,50237,52430573,438.277,random,float32
43,643.333504,25252,52430573,408.006,random,float32
43,648.837498,53251,52430573,419.583,random,float32
43,654.205067,7380,52430573,872.915,random,float32
43,659.609438,50708,52430573,292.480,random,float32
43,664.698868,25275,52430573,386.641,random,float32
43,670.721651,27552,52430573,829.367,random,float32
43,675.912504,47540,52430573,366.589,random,float32
43,680.767271,36712,52430573,431.616,random,float32
43,684.504927,16197,52430573,214.260,random,float32
43,689.846177,26395,52430573,410.123,random,float32
43,694.725154,46034,52430573,381.764,random,float32
43,700.484374,64458,52430573,813.892,random,float32
43,704.993145,5851,52430573,874.320,random,float32
43,709.510036,10569,52430573,411.451,random,float32
43,714.555730,24994,52430573,392.139,random,float32
43,719.521997,57934,52430573,413.394,random,float32
43,725.518314,36691,52430573,918.497,random,float32
43,730.389959,43660,52430573,366.009,random,float32
43,735.704915,26682,52430573,304.426,random,float32
43,741.347834,32892,52430573,921.518,random,float32
43,747.423106,64607,52430573,423.430,random,float32
43,752.753575,32991,52430573,395.804,random,float32
43,757.971661,45305,52430573,443.362,random,float32
43,764.453939,35309,52430573,417.529,random,float32
43,769.211571,11682,52430573,439.336,random,float32
43,775.284851,21658,52430573,920.384,random,float32
43,780.797313,39536,52430573,435.274,random,float32
43,784.338825,45731,52430573,290.302,random,float32
43,788.633566,45602,52430573,393.746,random,float32
43,793.994499,25585,52430573,389.438,random,float32
43,798.553578,37460,52430573,248.492,random,float32
43,803.288346,44479,52430573,372.086,random,float32
43,808.309946,55996,52430573,441.975,random,float32
43,813.284608,23125,52430573,411.506,random,float32
43,818.518389,56973,52430573,468.082,random,float32
43,824.516435,34023,52430573,816.808,random,float32
43,829.264280,64596,52430573,864.602,random,float32
43,834.802842,61535,52430573,442.190,random,float32
43,840.463543,57749,52430573,447.562,random,float32
43,844.861182,16366,52430573,451.668,random,float32
43,850.559130,320,52430573,274.629,random,float32
43,854.909965,47157,52430573,286.060,random,float32
43,859.983613,10133,52430573,229.376,random,float32
43,865.092681,24510,52430573,411.592,random,float32
43,870.508671,36643,52430573,401.537,random,float32
43,875.768173,59153,52430573,371.663,random,float32
43,880.823768,49930,52430573,367.864,random,float32
43,886.175199,59219,52430573,457.474,random,float32
43,891.269468,25779,52430573,414.516,random,float32
43,896.944797,59468,52430573,388.713,random,float32
43,899.559069,42654,52430573,132.526,random,float32
44,304.958761,26075,52430573,262.140,random,float32
44,311.178991,7278,52430573,955.756,random,float32
44,316.840369,33071,52430573,470.703,random,float32
44,322.120360,3823,52430573,437.342,random,float32
44,326.526592,57470,52430573,226.699,random,float32
44,332.000239,28858,52430573,380.721,random,float32
44,337.910474,65342,52430573,261.286,random,float32
44,343.879471,54795,52430573,907.029,random,float32
44,348.984963,17996,52430573,374.018,random,float32
44,354.442053,63399,52430573,439.258,random,float32
44,359.872339,3290,52430573,426.331,random,float32
44,365.285926,30987,52430573,885.590,random,float32
44,369.911767,15503,52430573,377.928,random,float32
44,375.416442,5744,52430573,272.458,random,float32
44,380.600546,33576,52430573,415.323,random,float32
44,386.293177,27483,52430573,365.113,random,float32
44,391.680288,61150,52430573,924.688,random,float32
44,397.790387,28829,52430573,987.321,random,float32
44,403.014324,1523,52430573,416.148,random,float32
44,408.637297,45053,52430573,442.679,random,float32
44,413.958685,11064,52430573,293.854,random,float32
44,419.699921,53291,52430573,405.613,random,float32
44,425.193948,6859,52430573,344.594,random,float32
44,430.377899,47355,52430573,760.048,random,float32
44,434.405707,36807,52430573,409.885,random,float32
44,439.614723,48682,52430573,326.218,random,float32
44,445.435235,53999,52430573,819.449,random,float32
44,450.940553,28188,52430573,875.838,random,float32
44,455.680942,62765,52430573,387.143,random,float32
44,461.359499,13922,52430573,370.032,random,float32
44,466.024495,28180,52430573,408.640,random,float32
44,471.083411,36405,52430573,407.865,random,float32
44,476.210781,34468,52430573,233.627,random,float32
44,480.873268,16732,52430573,815.808,random,float32
44,485.288888,21830,52430573,398.957,random,float32
44,490.123475,61386,52430573,280.633,random,float32
44,495.205345,24506,52430573,257.325,random,float32
44,500.132635,31586,52430573,395.983,random,float32
44,505.334291,27003,52430573,371.158,random,float32
44,511.001396,25284,52430573,446.424,random,float32
44,516.511784,12375,52430573,881.287,random,float32
44,521.507723,38815,52430573,417.528,random,float32
44,526.781113,62611,52430573,261.990,random,float32
44,531.947648,55647,52430573,448.432,random,float32
44,537.441343,11850,52430573,207.001,random,float32
44,543.354372,8556,52430573,436.218,random,float32
44,548.991982,61847,52430573,392.013,random,float32
44,555.685416,21612,52430573,419.661,random,float32
44,561.683382,38049,52430573,873.144,random,float32
44,566.631220,64150,52430573,290.259,random,float32
44,572.004478,9907,52430573,436.791,random,float32
44,578.111092,28899,52430573,904.634,random,float32
44,583.706185,61788,52430573,419.784,random,float32
44,589.123965,2604,52430573,384.571,random,float32
44,593.969896,50965,52430573,412.889,random,float32
44,598.675794,12445,52430573,452.338,random,float32
44,603.784242,37697,52430573,438.845,random,float32
44,609.223979,15319,52430573,434.697,random,float32
44,614.535641,640,52430573,417.259,random,float32
44,619.720508,42839,52430573,400.986,random,float32
44,625.722709,37460,52430573,868.899,random,float32
44,630.853158,41807,52430573,333.706,random,float32
44,634.797266,62163,52430573,273.923,random,float32
44,639.969041,18073,52430573,389.840,random,float32
44,645.109777,22658,52430573,412.480,random,float32
44,649.533051,737,52430573,377.872,random,float32
44,654.828138,17936,52430573,397.401,random,float32
44,659.645387,13738,52430573,436.021,random,float32
44,665.366178,31410,52430573,917.322,random,float32
44,670.682623,59900,52430573,870.223,random,float32
44,676.159207,60804,52430573,388.401,random,float32
44,680.806797,33964,52430573,255.302,random,float32
44,686.051096,22491,52430573,400.457,random,float32
44,691.022546,61569,52430573,386.692,random,float32
44,696.117580,23604,52430573,406.519,random,float32
44,701.374745,8717,52430573,407.060,random,float32
44,706.503679,54259,52430573,868.621,random,float32
44,711.020627,19433,52430573,399.500,random,float32
44,716.154986,16906,52430573,359.228,random,float32
44,721.252750,27379,52430573,298.910,random,float32
44,726.401521,51433,52430573,393.627,random,float32
44,732.194453,48891,52430573,869.605,random,float32
44,736.343947,54101,52430573,377.239,random,float32
44,741.318768,17793,52430573,895.109,random,float32
44,747.018346,62023,52430573,798.521,random,float32
44,751.872304,43930,52430573,374.673,random,float32
44,756.534303,63427,52430573,385.581,random,float32
44,762.123021,63933,52430573,362.821,random,float32
44,767.618722,36618,52430573,280.631,random,float32
44,772.745077,61706,52430573,468.491,random,float32
44,778.534109,19151,52430573,711.604,random,float32
44,783.637948,10198,52430573,937.113,random,float32
44,788.580834,25605,52430573,256.682,random,float32
44,793.795403,61965,52430573,451.763,random,float32
44,799.254195,27185,52430573,420.667,random,float32
44,803.634200,5026,52430573,415.812,random,float32
44,809.546259,38132,52430573,872.820,random,float32
44,815.000845,19174,52430573,443.735,random,float32
44,820.429691,27160,52430573,227.290,random,float32
44,825.309685,13788,52430573,394.705,random,float32
44,831.108084,35870,52430573,938.009,random,float32
44,834.852511,38589,52430573,415.241,random,float32
44,839.698241,27781,52430573,444.971,random,float32
44,844.115378,38842,52430573,270.636,random,float32
44,849.245248,25204,52430573,433.815,random,float32
44,854.572786,19887,52430573,417.093,random,float32
44,859.485440,62901,52430573,415.498,random,float32
44,865.309669,12512,52430573,931.763,random,float32
44,870.141826,59711,52430573,388.090,random,float32
44,875.423566,49355,52430573,253.398,random,float32
44,880.391501,51080,52430573,267.091,random,float32
44,885.514488,55903,52430573,954.858,random,float32
44,889.816235,50102,52430573,253.725,random,float32
44,894.655117,12604,52430573,379.330,random,float32
44,898.086485,56865,52430573,206.740,random,float32
44,900.003708,9063,52430573,121.233,random,float32
45,304.428087,43814,52430573,379.275,random,float32
45,309.719005,6356,52430573,250.140,random,float32
45,314.143907,15642,52430573,122.986,random,float32
45,319.576675,4675,52430573,888.566,random,float32
45,324.765543,44725,52430573,310.693,random,float32
45,330.197927,30299,52430573,396.853,random,float32
45,335.984731,23840,52430573,386.913,random,float32
45,341.329681,51823,52430573,421.313,random,float32
45,347.087690,27269,52430573,730.877,random,float32
45,352.460902,49688,52430573,405.299,random,float32
45,357.455372,381,52430573,407.772,random,float32
45,362.602561,35414,52430573,384.157,random,float32
45,368.567940,55750,52430573,938.455,random,float32
45,373.414084,44644,52430573,391.675,random,float32
45,378.547988,4301,52430573,417.680,random,float32
45,383.980395,13,52430573,404.732,random,float32
45,389.807824,40022,52430573,896.320,random,float32
45,394.765915,24326,52430573,927.721,random,float32
45,399.233220,18583,52430573,448.974,random,float32
45,404.206754,40238,52430573,274.002,random,float32
45,409.997914,51157,52430573,922.991,random,float32
45,414.158404,42006,52430573,438.445,random,float32
45,418.853969,47085,52430573,966.373,random,float32
45,424.365303,35994,52430573,428.510,random,float32
45,429.482678,56081,52430573,440.755,random,float32
45,435.678720,25475,52430573,913.815,random,float32
45,439.817933,57423,52430573,409.459,random,float32
45,444.326535,11225,52430573,263.862,random,float32
45,449.916774,28347,52430573,271.711,random,float32
45,455.611633,28727,52430573,407.117,random,float32
45,461.246910,23149,52430573,395.641,random,float32
45,465.754609,41292,52430573,252.344,random,float32
45,470.755686,38352,52430573,920.979,random,float32
45,475.658480,62583,52430573,400.056,random,float32
45,480.817954,60850,52430573,853.586,random,float32
45,486.292581,43479,52430573,850.455,random,float32
45,491.415650,35052,52430573,233.766,random,float32
45,496.604027,6826,52430573,427.018,random,float32
45,501.439984,23869,52430573,965.128,random,float32
45,506.251835,58894,52430573,431.457,random,float32
45,511.739316,29815,52430573,935.875,random,float32
45,516.473919,43800,52430573,344.554,random,float32
45,521.313654,26842,52430573,405.202,random,float32
45,526.773795,39125,52430573,388.987,random,float32
45,532.170981,29737,52430573,414.711,random,float32
45,537.276614,23791,52430573,229.283,random,float32
45,542.711647,62379,52430573,926.117,random,float32
45,548.521763,7007,52430573,449.386,random,float32
45,554.085233,5833,52430573,431.138,random,float32
45,559.825456,22082,52430573,925.992,random,float32
45,564.797375,50202,52430573,290.445,random,float32
45,569.732750,21688,52430573,457.639,random,float32
45,575.267235,64906,52430573,414.246,random,float32
45,579.652841,9962,52430573,777.394,random,float32
45,584.960043,10586,52430573,405.885,random,float32
45,589.494541,57691,52430573,417.659,random,float32
45,594.826370,21939,52430573,370.208,random,float32
45,599.987652,65416,52430573,445.585,random,float32
45,605.518380,2939,52430573,462.325,random,float32
45,610.855044,40576,52430573,919.092,random,float32
45,615.956264,53533,52430573,878.787,random,float32
45,621.208244,41798,52430573,434.599,random,float32
45,625.278273,16713,52430573,332.125,random,float32
45,630.620400,23789,52430573,883.653,random,float32
45,634.877841,63801,52430573,398.413,random,float32
45,639.806542,30605,52430573,419.592,random,float32
45,645.608278,44635,52430573,772.295,random,float32
45,650.880706,55880,52430573,375.970,random,float32
45,656.195934,28485,52430573,416.176,random,float32
45,660.703234,44494,52430573,414.197,random,float32
45,665.665548,42138,52430573,386.410,random,float32
45,670.980684,42912,52430573,415.435,random,float32
45,675.979800,33932,52430573,288.713,random,float32
45,680.692028,379,52430573,396.980,random,float32
45,685.340610,25896,52430573,243.829,random,float32
45,689.808500,26160,52430573,337.243,random,float32
45,694.478837,6907,52430573,208.600,random,float32
45,699.616242,53653,52430573,346.890,random,float32
45,705.486686,54481,52430573,397.216,random,float32
45,710.622063,42944,52430573,229.530,random,float32
45,716.111378,25083,52430573,408.664,random,float32
45,721.416925,53182,52430573,395.609,random,float32
45,727.248668,23175,52430573,274.907,random,float32
45,732.785031,33363,52430573,406.878,random,float32
45,738.394003,8405,52430573,915.881,random,float32
45,743.043978,15823,52430573,393.253,random,float32
45,747.352255,41289,52430573,386.722,random,float32
45,752.431490,17399,52430573,221.535,random,float32
45,757.911872,11545,52430573,400.988,random,float32
45,764.043129,16637,52430573,939.720,random,float32
45,768.499048,23392,52430573,353.976,random,float32
45,772.665777,3936,52430573,463.420,random,float32
45,778.401050,38106,52430573,847.596,random,float32
45,783.448372,16442,52430573,892.316,random,float32
45,788.567181,11825,52430573,220.594,random,float32
45,793.493718,57289,52430573,414.315,random,float32
45,798.369005,20254,52430573,915.984,random,float32
45,802.492909,39636,52430573,369.005,random,float32
45,807.923442,13749,52430573,942.186,random,float32
45,813.247304,30937,52430573,384.743,random,float32
45,817.860370,39148,52430573,245.411,random,float32
45,822.905108,63752,52430573,433.413,random,float32
45,827.611939,6713,52430573,787.042,random,float32
45,832.547053,44508,52430573,883.324,random,float32
45,837.640146,8038,52430573,926.355,random,float32
45,842.889510,41218,52430573,373.418,random,float32
45,848.512344,37750,52430573,868.753,random,float32
45,853.083762,64100,52430573,324.733,random,float32
45,858.479311,34403,52430573,427.547,random,float32
45,864.149970,32070,52430573,885.305,random,float32
45,869.209876,62651,52430573,927.091,random,float32
45,874.373040,52203,52430573,234.097,random,float32
45,879.805486,58922,52430573,255.223,random,float32
45,884.747139,28024,52430573,402.185,random,float32
45,890.705655,56083,52430573,429.467,random,float32
45,895.575203,44033,52430573,825.628,random,float32
45,898.763123,49814,52430573,440.819,random,float32
46,304.808763,14184,52430573,341.729,random,float32
46,309.697807,19243,52430573,407.397,random,float32
46,314.719921,56101,52430573,243.390,random,float32
46,320.300209,5255,52430573,404.071,random,float32
46,325.914356,51421,52430573,421.789,random,float32
46,331.394416,61921,52430573,299.456,random,float32
46,336.147231,50057,52430573,410.308,random,float32
46,341.387559,21394,52430573,284.174,random,float32
46,347.371703,13823,52430573,411.017,random,float32
46,352.912819,35203,52430573,451.960,random,float32
46,358.619523,41807,52430573,260.736,random,float32
46,363.088878,21616,52430573,404.912,random,float32
46,368.414818,54952,52430573,903.047,random,float32
46,373.464442,19681,52430573,797.216,random,float32
46,378.552619,15515,52430573,434.473,random,float32
46,383.394628,185,52430573,457.051,random,float32
46,388.133701,32589,52430573,413.187,random,float32
46,392.536186,48912,52430573,443.588,random,float32
46,397.681030,6424,52430573,437.773,random,float32
46,402.573938,62005,52430573,889.305,random,float32
46,406.682757,3634,52430573,273.486,random,float32
46,412.298993,18051,52430573,413.913,random,float32
46,418.483506,42699,52430573,933.958,random,float32
46,423.130851,6240,52430573,399.927,random,float32
46,429.081844,63279,52430573,438.747,random,float32
46,434.452525,44663,52430573,398.973,random,float32
46,439.716665,40401,52430573,421.955,random,float32
46,444.198186,51645,52430573,220.444,random,float32
46,450.662467,38488,52430573,931.968,random,float32
46,456.148849,34311,52430573,814.906,random,float32
46,462.135792,39155,52430573,912.892,random,float32
46,468.022112,7262,52430573,436.663,random,float32
46,472.694927,8721,52430573,443.750,random,float32
46,477.931953,32949,52430573,401.759,random,float32
46,483.435072,39096,52430573,430.611,random,float32
46,489.382494,62633,52430573,891.194,random,float32
46,494.843225,26520,52430573,421.874,random,float32
46,501.052878,32098,52430573,923.928,random,float32
46,506.451117,1782,52430573,416.910,random,float32
46,512.015532,5553,52430573,409.055,random,float32
46,516.821186,43290,52430573,424.490,random,float32
46,520.895428,35984,52430573,417.224,random,float32
46,526.868960,51015,52430573,404.165,random,float32
46,531.723321,24693,52430573,438.722,random,float32
46,537.996110,45704,52430573,905.396,random,float32
46,543.034505,36082,52430573,437.859,random,float32
46,548.140119,10691,52430573,503.822,random,float32
46,553.502108,50706,52430573,397.825,random,float32
46,558.722716,11423,52430573,404.429,random,float32
46,563.226930,36623,52430573,386.993,random,float32
46,569.285897,38585,52430573,414.459,random,float32
46,574.705666,24228,52430573,445.226,random,float32
46,578.749748,1332,52430573,265.821,random,float32
46,584.531278,62351,52430573,930.545,random,float32
46,590.068965,65999,52430573,867.398,random,float32
46,594.582972,47736,52430573,386.370,random,float32
46,600.276772,54031,52430573,264.735,random,float32
46,605.511140,45825,52430573,453.953,random,float32
46,610.691972,24850,52430573,940.708,random,float32
46,617.038409,13424,52430573,1000.866,random,float32
46,621.975281,33433,52430573,371.312,random,float32
46,627.784097,4633,52430573,423.783,random,float32
46,633.974656,55918,52430573,929.026,random,float32
46,639.134452,6226,52430573,364.967,random,float32
46,644.035514,8469,52430573,877.163,random,float32
46,650.100303,54281,52430573,886.216,random,float32
46,655.583632,35325,52430573,244.539,random,float32
46,660.799645,15955,52430573,1176.091,random,float32
46,664.505751,12782,52430573,373.832,random,float32
46,670.296070,1314,52430573,805.211,random,float32
46,675.637708,52588,52430573,302.486,random,float32
46,680.930554,62738,52430573,432.729,random,float32
46,685.860021,41455,52430573,426.310,random,float32
46,692.536209,62891,52430573,1012.303,random,float32
46,697.468746,27801,52430573,237.056,random,float32
46,703.034532,16365,52430573,423.690,random,float32
46,708.166955,23447,52430573,929.503,random,float32
46,713.493835,58623,52430573,884.951,random,float32
46,718.576998,4778,52430573,829.805,random,float32
46,724.146251,55075,52430573,477.012,random,float32
46,729.445422,48495,52430573,426.279,random,float32
46,735.353174,24991,52430573,293.764,random,float32
46,741.435420,39713,52430573,440.016,random,float32
46,747.584465,3662,52430573,423.345,random,float32
46,753.711447,10167,52430573,955.025,random,float32
46,758.744878,29917,52430573,837.354,random,float32
46,764.353309,6502,52430573,431.418,random,float32
46,770.182820,18081,52430573,920.819,random,float32
46,776.005996,11040,52430573,396.386,random,float32
46,782.056381,17926,52430573,920.479,random,float32
46,788.982021,7715,52430573,432.198,random,float32
46,793.291199,42988,52430573,422.967,random,float32
46,798.681197,7356,52430573,390.350,random,float32
46,803.869274,59642,52430573,365.951,random,float32
46,808.969555,2953,52430573,244.194,random,float32
46,814.104277,57487,52430573,859.360,random,float32
46,818.959215,44558,52430573,788.616,random,float32
46,824.577928,31397,52430573,399.077,random,float32
46,829.972855,57887,52430573,405.392,random,float32
46,835.966227,54773,52430573,857.204,random,float32
46,841.019660,28799,52430573,968.565,random,float32
46,846.730462,58949,52430573,544.971,random,float32
46,852.629376,60730,52430573,445.214,random,float32
46,857.564190,53085,52430573,303.880,random,float32
46,862.848429,47765,52430573,475.924,random,float32
46,867.491461,37391,52430573,364.149,random,float32
46,871.982477,20715,52430573,283.134,random,float32
46,877.013546,9166,52430573,438.405,random,float32
46,882.010556,26809,52430573,978.046,random,float32
46,887.090494,47353,52430573,811.950,random,float32
46,892.822502,55873,52430573,427.401,random,float32
46,897.584937,31723,52430573,263.596,random,float32
46,899.710932,57498,52430573,123.470,random,float32
47,305.377586,2014,52430573,456.117,random,float32
47,310.905856,37267,52430573,458.926,random,float32
47,316.236516,63621,52430573,293.139,random,float32
47,321.374599,45192,52430573,450.189,random,float32
47,327.432931,54312,52430573,435.664,random,float32
47,332.735319,27410,52430573,289.337,random,float32
47,337.759335,41271,52430573,469.825,random,float32
47,342.584119,53592,52430573,288.323,random,float32
47,348.339161,41697,52430573,840.930,random,float32
47,353.674737,4204,52430573,437.589,random,float32
47,358.843277,5656,52430573,263.431,random,float32
47,363.645797,60394,52430573,395.427,random,float32
47,369.225850,13812,52430573,378.167,random,float32
47,374.881099,8633,52430573,452.288,random,float32
47,380.626709,55273,52430573,924.436,random,float32
47,386.234313,63632,52430573,447.587,random,float32
47,391.921472,25129,52430573,461.175,random,float32
47,396.066217,45982,52430573,378.109,random,float32
47,401.171890,53518,52430573,413.588,random,float32
47,406.619594,14108,52430573,408.356,random,float32
47,412.157325,33549,52430573,417.631,random,float32
47,418.276964,27823,52430573,959.714,random,float32
47,423.832387,356,52430573,399.221,random,float32
47,428.826891,47686,52430573,435.917,random,float32
47,435.058996,51082,52430573,924.391,random,float32
47,440.221670,41896,52430573,417.014,random,float32
47,445.394737,32589,52430573,273.691,random,float32
47,450.057930,44515,52430573,363.774,random,float32
47,455.660828,19425,52430573,924.145,random,float32
47,460.891740,25998,52430573,416.698,random,float32
47,466.300349,53141,52430573,944.665,random,float32
47,471.778774,58733,52430573,250.156,random,float32
47,475.928324,57978,52430573,293.163,random,float32
47,481.020748,34905,52430573,396.570,random,float32
47,487.313007,39830,52430573,890.946,random,float32
47,492.484225,14939,52430573,288.184,random,float32
47,497.829275,36560,52430573,417.729,random,float32
47,502.989124,48430,52430573,384.189,random,float32
47,508.380520,22809,52430573,436.669,random,float32
47,514.275308,30746,52430573,910.183,random,float32
47,519.336202,64351,52430573,372.805,random,float32
47,524.231717,12662,52430573,423.673,random,float32
47,529.287340,52532,52430573,905.026,random,float32
47,535.008878,12980,52430573,408.602,random,float32
47,540.541566,18457,52430573,354.730,random,float32
47,546.326624,1100,52430573,433.624,random,float32
47,551.830670,17952,52430573,432.626,random,float32
47,556.662087,20240,52430573,241.996,random,float32
47,562.137402,43964,52430573,410.389,random,float32
47,567.296940,49981,52430573,422.466,random,float32
47,572.132042,16149,52430573,424.066,random,float32
47,577.662377,50527,52430573,437.781,random,float32
47,582.939278,6936,52430573,230.869,random,float32
47,588.408120,4386,52430573,392.013,random,float32
47,593.044069,1035,52430573,870.169,random,float32
47,598.022937,43670,52430573,458.335,random,float32
47,603.074854,9053,52430573,400.003,random,float32
47,608.521781,51107,52430573,397.230,random,float32
47,613.190879,65801,52430573,362.148,random,float32
47,617.269411,18814,52430573,382.060,random,float32
47,622.559595,47285,52430573,381.542,random,float32
47,627.194882,61675,52430573,400.668,random,float32
47,631.991628,60223,52430573,380.328,random,float32
47,637.321998,34852,52430573,391.962,random,float32
47,642.677738,30950,52430573,389.944,random,float32
47,647.784982,33774,52430573,366.101,random,float32
47,652.441994,10880,52430573,381.995,random,float32
47,657.290076,26981,52430573,365.604,random,float32
47,662.425329,52904,52430573,193.514,random,float32
47,666.857067,10204,52430573,209.074,random,float32
47,671.533122,64205,52430573,245.811,random,float32
47,676.882805,12458,52430573,394.938,random,float32
47,681.713173,54352,52430573,377.061,random,float32
47,686.828203,65451,52430573,345.958,random,float32
47,692.162008,15880,52430573,374.534,random,float32
47,697.120755,43104,52430573,234.319,random,float32
47,701.693899,13254,52430573,924.914,random,float32
47,705.678597,50904,52430573,364.687,random,float32
47,709.967682,35912,52430573,393.438,random,float32
47,715.183931,45087,52430573,392.966,random,float32
47,720.244084,57378,52430573,393.749,random,float32
47,725.388491,34461,52430573,454.109,random,float32
47,729.834718,5850,52430573,873.211,random,float32
47,734.536564,546,52430573,228.171,random,float32
47,740.385793,50680,52430573,928.386,random,float32
47,744.385425,25250,52430573,389.607,random,float32
47,748.563860,44806,52430573,377.163,random,float32
47,754.610512,48279,52430573,879.920,random,float32
47,760.252786,18734,52430573,1025.656,random,float32
47,764.982432,10191,52430573,381.775,random,float32
47,770.482911,60660,52430573,238.597,random,float32
47,776.754532,12839,52430573,450.457,random,float32
47,782.078263,23304,52430573,417.885,random,float32
47,787.643047,27679,52430573,409.859,random,float32
47,792.902253,13487,52430573,414.496,random,float32
47,798.542178,24881,52430573,288.077,random,float32
47,803.557924,15678,52430573,377.722,random,float32
47,809.074591,44098,52430573,254.082,random,float32
47,814.230366,44716,52430573,246.683,random,float32
47,819.691350,24971,52430573,315.726,random,float32
47,824.757513,59374,52430573,458.165,random,float32
47,830.321368,5015,52430573,938.655,random,float32
47,834.745662,2863,52430573,424.427,random,float32
47,839.987694,45969,52430573,333.079,random,float32
47,844.893476,8469,52430573,360.654,random,float32
47,851.239700,10108,52430573,767.963,random,float32
47,855.804538,23341,52430573,228.457,random,float32
47,861.058492,43514,52430573,392.370,random,float32
47,865.781882,38870,52430573,956.949,random,float32
47,870.931661,30155,52430573,466.940,random,float32
47,876.085676,27777,52430573,856.825,random,float32
47,881.277114,65518,52430573,747.215,random,float32
47,886.722995,31825,52430573,874.349,random,float32
47,892.219888,3239,52430573,445.642,random,float32
47,897.050525,3120,52430573,273.087,random,float32
47,899.056552,5426,52430573,345.019,random,float32
48,304.887378,35169,52430573,896.491,random,float32
48,309.384663,9020,52430573,393.013,random,float32
48,315.384265,49673,52430573,841.529,random,float32
48,319.659770,38940,52430573,404.504,random,float32
48,325.336216,12212,52430573,436.766,random,float32
48,330.368471,40153,52430573,798.848,random,float32
48,335.597460,27670,52430573,892.292,random,float32
48,340.956777,54492,52430573,426.908,random,float32
48,345.684590,43496,52430573,301.265,random,float32
48,351.262224,53176,52430573,769.695,random,float32
48,356.715449,53114,52430573,923.569,random,float32
48,362.366164,2482,52430573,408.544,random,float32
48,368.075042,46219,52430573,264.261,random,float32
48,373.125581,34256,52430573,466.755,random,float32
48,377.673449,386,52430573,947.460,random,float32
48,383.242803,46207,52430573,426.377,random,float32
48,387.892645,38853,52430573,445.833,random,float32
48,392.972583,30037,52430573,389.365,random,float32
48,398.827737,64307,52430573,415.650,random,float32
48,403.753024,60308,52430573,930.454,random,float32
48,408.545862,15143,52430573,419.323,random,float32
48,412.573301,42584,52430573,381.720,random,float32
48,417.873236,18976,52430573,910.222,random,float32
48,422.505410,21865,52430573,390.496,random,float32
48,427.846218,42603,52430573,928.665,random,float32
48,433.035185,45051,52430573,860.120,random,float32
48,438.496638,60581,52430573,379.143,random,float32
48,443.836945,4060,52430573,380.625,random,float32
48,449.009904,42647,52430573,426.434,random,float32
48,453.997137,34198,52430573,366.945,random,float32
48,458.328667,38291,52430573,398.824,random,float32
48,463.480014,12394,52430573,394.123,random,float32
48,468.951059,52390,52430573,411.915,random,float32
48,473.581947,19083,52430573,383.417,random,float32
48,478.733354,62141,52430573,257.972,random,float32
48,482.829004,32711,52430573,286.974,random,float32
48,487.880949,19750,52430573,274.875,random,float32
48,493.339905,39492,52430573,942.985,random,float32
48,497.948914,11788,52430573,417.875,random,float32
48,502.553644,39161,52430573,390.448,random,float32
48,507.675036,58980,52430573,272.333,random,float32
48,512.951230,47407,52430573,570.315,random,float32
48,518.453711,46430,52430573,422.139,random,float32
48,522.717605,6907,52430573,375.282,random,float32
48,527.851955,2131,52430573,405.003,random,float32
48,532.790527,36382,52430573,395.218,random,float32
48,538.148747,58759,52430573,408.408,random,float32
48,543.448804,57898,52430573,350.520,random,float32
48,548.244726,3403,52430573,371.283,random,float32
48,553.398245,16406,52430573,422.727,random,float32
48,559.085521,23600,52430573,710.638,random,float32
48,564.589054,57030,52430573,392.168,random,float32
48,570.508072,60071,52430573,401.789,random,float32
48,575.611290,36863,52430573,924.549,random,float32
48,580.994279,38694,52430573,290.690,random,float32
48,586.604929,56244,52430573,327.522,random,float32
48,592.230139,43236,52430573,454.621,random,float32
48,597.748601,40169,52430573,452.228,random,float32
48,603.170851,26929,52430573,424.661,random,float32
48,608.469421,14412,52430573,403.066,random,float32
48,613.777767,17350,52430573,219.952,random,float32
48,619.116301,60718,52430573,394.892,random,float32
48,624.805201,21868,52430573,804.287,random,float32
48,629.874154,7204,52430573,896.340,random,float32
48,635.761082,364,52430573,429.868,random,float32
48,641.314709,50060,52430573,381.197,random,float32
48,646.143437,39672,52430573,457.747,random,float32
48,652.229431,15748,52430573,418.497,random,float32
48,656.088854,12829,52430573,366.343,random,float32
48,660.803874,64871,52430573,405.254,random,float32
48,665.389562,16381,52430573,423.481,random,float32
48,671.405709,11847,52430573,968.283,random,float32
48,677.235672,22477,52430573,406.705,random,float32
48,682.246850,48113,52430573,453.961,random,float32
48,687.993883,59763,52430573,936.788,random,float32
48,692.409581,61126,52430573,381.261,random,float32
48,698.231476,40193,52430573,241.154,random,float32
48,703.007482,15037,52430573,379.027,random,float32
48,708.444620,12974,52430573,379.200,random,float32
48,713.591722,63382,52430573,350.656,random,float32
48,718.790207,36097,52430573,381.638,random,float32
48,724.058670,25213,52430573,439.514,random,float32
48,728.413208,24756,52430573,412.990,random,float32
48,732.275455,28940,52430573,233.696,random,float32
48,737.828123,50581,52430573,428.942,random,float32
48,741.396945,44098,52430573,376.361,random,float32
48,746.579322,27543,52430573,428.944,random,float32
48,750.902331,54599,52430573,418.849,random,float32
48,756.362404,48255,52430573,876.947,random,float32
48,761.510517,17423,52430573,864.553,random,float32
48,766.991943,52034,52430573,435.044,random,float32
48,773.002352,35102,52430573,928.025,random,float32
48,778.083488,19976,52430573,406.004,random,float32
48,783.152714,58573,52430573,396.771,random,float32
48,787.888892,49856,52430573,399.530,random,float32
48,793.122528,19220,52430573,390.686,random,float32
48,797.813196,58495,52430573,928.090,random,float32
48,802.619239,7264,52430573,882.127,random,float32
48,807.590151,31607,52430573,247.598,random,float32
48,813.437905,41408,52430573,821.259,random,float32
48,818.649676,4525,52430573,426.290,random,float32
48,823.926150,38212,52430573,439.637,random,float32
48,829.090119,55816,52430573,214.787,random,float32
48,834.243398,18354,52430573,223.919,random,float32
48,838.902262,23414,52430573,213.511,random,float32
48,843.982995,48493,52430573,648.515,random,float32
48,849.370519,52371,52430573,782.140,random,float32
48,853.803624,48746,52430573,355.019,random,float32
48,859.007934,15761,52430573,393.166,random,float32
48,863.900491,5408,52430573,372.636,random,float32
48,868.260701,12645,52430573,769.367,random,float32
48,873.512178,25138,52430573,377.713,random,float32
48,878.644298,26601,52430573,424.915,random,float32
48,883.308627,15554,52430573,420.421,random,float32
48,888.364447,10125,52430573,413.346,random,float32
48,893.601721,15413,52430573,412.612,random,float32
48,897.384233,63443,52430573,209.640,random,float32
48,899.337839,23678,52430573,98.685,random,float32
49,304.456354,19611,52430573,374.101,random,float32
49,308.997550,20100,52430573,387.561,random,float32
49,314.712561,15890,52430573,420.946,random,float32
49,319.012635,14790,52430573,431.389,random,float32
49,323.881315,63012,52430573,380.329,random,float32
49,328.698482,42922,52430573,420.203,random,float32
49,334.336739,19272,52430573,428.778,random,float32
49,339.197498,43941,52430573,410.764,random,float32
49,343.933755,61412,52430573,262.269,random,float32
49,349.713370,54583,52430573,263.232,random,float32
49,355.219058,42654,52430573,253.676,random,float32
49,360.363460,34381,52430573,254.922,random,float32
49,366.292444,41675,52430573,407.497,random,float32
49,371.839655,13487,52430573,381.737,random,float32
49,377.581749,39847,52430573,946.246,random,float32
49,383.061831,55431,52430573,418.579,random,float32
49,387.485245,28138,52430573,397.556,random,float32
49,392.511643,34260,52430573,426.929,random,float32
49,397.079421,36276,52430573,269.446,random,float32
49,402.567602,28373,52430573,413.377,random,float32
49,408.228092,24745,52430573,388.491,random,float32
49,413.597857,58979,52430573,392.081,random,float32
49,419.510350,39020,52430573,826.946,random,float32
49,425.005253,40253,52430573,441.297,random,float32
49,430.526471,39263,52430573,223.308,random,float32
49,435.524286,18614,52430573,425.694,random,float32
49,441.276831,55158,52430573,416.198,random,float32
49,447.085475,10280,52430573,520.021,random,float32
49,452.880251,20425,52430573,435.206,random,float32
49,458.773946,14623,52430573,451.968,random,float32
49,464.487175,11113,52430573,937.573,random,float32
49,470.043528,39581,52430573,438.986,random,float32
49,475.460948,6817,52430573,398.908,random,float32
49,480.663329,5920,52430573,242.720,random,float32
49,486.117921,44162,52430573,404.000,random,float32
49,491.478096,6205,52430573,385.838,random,float32
49,495.452177,7194,52430573,379.989,random,float32
49,500.894040,45932,52430573,389.420,random,float32
49,506.137918,54507,52430573,394.551,random,float32
49,511.357832,24394,52430573,269.118,random,float32
49,516.368221,31009,52430573,394.067,random,float32
49,520.797975,35960,52430573,379.392,random,float32
49,526.059028,61284,52430573,393.225,random,float32
49,530.828217,19107,52430573,265.318,random,float32
49,536.041217,43552,52430573,412.189,random,float32
49,540.653504,41580,52430573,357.458,random,float32
49,546.094405,4674,52430573,384.378,random,float32
49,550.766138,62042,52430573,423.954,random,float32
49,555.951735,54890,52430573,915.712,random,float32
49,560.574394,28994,52430573,384.023,random,float32
49,565.810600,19225,52430573,301.479,random,float32
49,571.060514,25003,52430573,325.664,random,float32
49,576.269494,36903,52430573,406.665,random,float32
49,580.777963,11238,52430573,438.919,random,float32
49,585.432144,53697,52430573,237.827,random,float32
49,590.428042,52301,52430573,371.100,random,float32
49,595.707740,34375,52430573,381.989,random,float32
49,600.953699,13849,52430573,407.354,random,float32
49,605.393006,33448,52430573,453.614,random,float32
49,610.608739,8543,52430573,417.621,random,float32
49,617.089268,3421,52430573,446.849,random,float32
49,622.111566,32936,52430573,372.703,random,float32
49,627.338218,55047,52430573,394.293,random,float32
49,633.018678,63600,52430573,885.783,random,float32
49,638.462089,16957,52430573,361.809,random,float32
49,643.622354,45869,52430573,432.265,random,float32
49,647.895117,23234,52430573,393.880,random,float32
49,653.024401,50242,52430573,815.866,random,float32
49,658.243563,34788,52430573,259.265,random,float32
49,663.868289,34548,52430573,427.744,random,float32
49,669.354604,63842,52430573,943.893,random,float32
49,674.520271,29234,52430573,822.884,random,float32
49,679.670779,50314,52430573,892.110,random,float32
49,684.494004,64023,52430573,944.082,random,float32
49,688.825937,40248,52430573,439.259,random,float32
49,694.918592,65304,52430573,395.667,random,float32
49,700.435751,25341,52430573,332.982,random,float32
49,706.070536,55909,52430573,413.624,random,float32
49,709.982273,50963,52430573,300.019,random,float32
49,715.305236,13021,52430573,392.079,random,float32
49,720.133208,8172,52430573,416.285,random,float32
49,724.761624,43010,52430573,221.226,random,float32
49,728.913067,23821,52430573,429.524,random,float32
49,735.030036,63717,52430573,423.524,random,float32
49,740.928476,9685,52430573,384.647,random,float32
49,746.208289,62492,52430573,917.477,random,float32
49,750.371350,62170,52430573,445.039,random,float32
49,755.763732,14263,52430573,420.419,random,float32
49,761.186070,34458,52430573,369.747,random,float32
49,766.645966,38562,52430573,418.744,random,float32
49,771.336461,58706,52430573,878.354,random,float32
49,777.617300,33619,52430573,852.877,random,float32
49,782.723842,27124,52430573,916.545,random,float32
49,787.742794,9552,52430573,442.618,random,float32
49,793.179561,28871,52430573,416.029,random,float32
49,798.691005,44147,52430573,412.675,random,float32
49,803.446012,20442,52430573,422.548,random,float32
49,807.322850,47442,52430573,386.103,random,float32
49,812.344818,24024,52430573,373.663,random,float32
49,817.064049,39975,52430573,394.948,random,float32
49,822.568910,42335,52430573,385.866,random,float32
49,827.537327,39223,52430573,405.497,random,float32
49,832.325705,19826,52430573,396.731,random,float32
49,837.229633,4523,52430573,413.763,random,float32
49,842.057480,34430,52430573,413.252,random,float32
49,847.087906,51279,52430573,449.559,random,float32
49,853.146500,54194,52430573,940.140,random,float32
49,857.983372,33292,52430573,346.390,random,float32
49,863.393896,58397,52430573,928.112,random,float32
49,868.648583,14494,52430573,252.307,random,float32
49,873.252128,35007,52430573,396.397,random,float32
49,879.432315,58207,52430573,911.947,random,float32
49,883.797668,5082,52430573,391.170,random,float32
49,888.152626,8753,52430573,228.838,random,float32
49,893.716315,48883,52430573,404.632,random,float32
49,897.589006,3471,52430573,180.113,random,float32
49,899.165960,31430,52430573,116.313,random,float32
50,303.566738,13159,52430573,419.980,random,float32
50,308.539896,29608,52430573,307.061,random,float32
50,312.753971,37178,52430573,421.335,random,float32
50,318.693337,26827,52430573,897.744,random,float32
50,323.437473,43054,52430573,467.763,random,float32
50,328.768076,41443,52430573,437.137,random,float32
50,333.447029,29524,52430573,998.954,random,float32
50,338.798326,14089,52430573,441.673,random,float32
50,344.292761,7029,52430573,387.514,random,float32
50,349.636573,20874,52430573,402.135,random,float32
50,354.948884,53350,52430573,391.542,random,float32
50,360.489697,17302,52430573,435.890,random,float32
50,366.138658,52761,52430573,242.983,random,float32
50,371.544917,28090,52430573,381.889,random,float32
50,375.874061,2770,52430573,407.502,random,float32
50,380.623348,40171,52430573,240.570,random,float32
50,386.222012,1900,52430573,420.694,random,float32
50,391.268661,24293,52430573,292.218,random,float32
50,395.547709,8135,52430573,402.004,random,float32
50,401.716004,34404,52430573,873.534,random,float32
50,407.281698,55898,52430573,929.947,random,float32
50,412.611689,51171,52430573,895.571,random,float32
50,417.995550,42076,52430573,259.995,random,float32
50,422.029316,48819,52430573,383.388,random,float32
50,427.602001,60647,52430573,920.426,random,float32
50,433.379565,33773,52430573,441.819,random,float32
50,439.340999,45863,52430573,877.320,random,float32
50,444.585310,51797,52430573,939.275,random,float32
50,448.940955,22597,52430573,395.912,random,float32
50,454.481147,48152,52430573,383.792,random,float32
50,460.129485,34141,52430573,271.946,random,float32
50,466.511382,37903,52430573,444.811,random,float32
50,471.505480,40849,52430573,454.466,random,float32
50,475.644360,59527,52430573,242.662,random,float32
50,481.656486,13596,52430573,854.971,random,float32
50,487.185540,4878,52430573,241.034,random,float32
50,492.050845,36685,52430573,401.261,random,float32
50,497.645316,23645,52430573,429.653,random,float32
50,502.922432,19692,52430573,362.066,random,float32
50,507.519630,769,52430573,259.373,random,float32
50,513.800497,23768,52430573,958.536,random,float32
50,518.061995,65958,52430573,428.945,random,float32
50,523.222404,30098,52430573,723.025,random,float32
50,527.662807,5270,52430573,286.327,random,float32
50,533.138030,13965,52430573,420.867,random,float32
50,538.095199,2158,52430573,447.451,random,float32
50,543.552658,22926,52430573,322.085,random,float32
50,548.844143,12069,52430573,733.408,random,float32
50,554.131060,31833,52430573,888.980,random,float32
50,559.822590,60938,52430573,415.582,random,float32
50,564.293962,33355,52430573,421.318,random,float32
50,569.157542,44579,52430573,400.996,random,float32
50,574.362238,42009,52430573,379.396,random,float32
50,579.644010,35730,52430573,440.970,random,float32
50,585.437330,10482,52430573,924.565,random,float32
50,590.322849,16961,52430573,377.014,random,float32
50,594.992110,58620,52430573,386.608,random,float32
50,599.425656,45029,52430573,435.255,random,float32
50,604.806427,31883,52430573,433.021,random,float32
50,609.961428,39875,52430573,842.378,random,float32
50,613.772755,29774,52430573,410.430,random,float32
50,618.322678,62284,52430573,237.374,random,float32
50,623.418860,5614,52430573,285.296,random,float32
50,628.875524,39871,52430573,418.963,random,float32
50,634.655218,25553,52430573,917.347,random,float32
50,639.752878,61609,52430573,897.221,random,float32
50,645.181972,4912,52430573,423.446,random,float32
50,651.362238,55958,52430573,954.081,random,float32
50,656.536800,5111,52430573,419.740,random,float32
50,661.801473,6654,52430573,212.679,random,float32
50,666.484393,52656,52430573,389.622,random,float32
50,671.141208,61207,52430573,725.923,random,float32
50,675.296597,21838,52430573,420.605,random,float32
50,680.292950,1440,52430573,297.270,random,float32
50,685.244526,51400,52430573,436.620,random,float32
50,690.488913,25157,52430573,395.229,random,float32
50,696.615894,29985,52430573,373.295,random,float32
50,701.929694,57847,52430573,428.689,random,float32
50,706.766165,45412,52430573,433.070,random,float32
50,711.788444,16800,52430573,455.371,random,float32
50,717.030361,9419,52430573,375.002,random,float32
50,722.750965,49848,52430573,879.331,random,float32
50,728.017338,39510,52430573,249.287,random,float32
50,732.734714,9534,52430573,348.204,random,float32
50,737.739525,32677,52430573,385.445,random,float32
50,741.369159,27606,52430573,310.113,random,float32
50,746.517502,50620,52430573,254.563,random,float32
50,751.842618,1960,52430573,391.661,random,float32
50,757.030046,57722,52430573,404.937,random,float32
50,763.129039,33892,52430573,934.789,random,float32
50,768.138420,23759,52430573,420.252,random,float32
50,772.958161,14497,52430573,956.272,random,float32
50,779.374308,32787,52430573,898.214,random,float32
50,783.440972,59099,52430573,226.432,random,float32
50,788.083709,50694,52430573,414.500,random,float32
50,793.006452,33945,52430573,298.919,random,float32
50,798.098940,65972,52430573,432.240,random,float32
50,802.727966,5218,52430573,254.579,random,float32
50,807.436570,8345,52430573,421.499,random,float32
50,812.511482,41755,52430573,420.159,random,float32
50,817.146496,18454,52430573,243.682,random,float32
50,823.290662,3704,52430573,927.118,random,float32
50,827.445953,30079,52430573,432.597,random,float32
50,832.476991,8960,52430573,411.046,random,float32
50,837.403341,2521,52430573,255.047,random,float32
50,843.149152,64621,52430573,384.951,random,float32
50,848.372832,34211,52430573,405.608,random,float32
50,853.728324,3837,52430573,378.028,random,float32
50,859.733680,38757,52430573,907.023,random,float32
50,864.369833,32298,52430573,401.814,random,float32
50,870.210431,61853,52430573,403.653,random,float32
50,874.930894,7576,52430573,275.098,random,float32
50,880.202149,41886,52430573,406.568,random,float32
50,885.439454,12127,52430573,366.230,random,float32
50,889.964031,28594,52430573,406.824,random,float32
50,894.424260,55579,52430573,303.270,random,float32
50,897.395194,18015,52430573,144.493,random,float32
50,899.169177,59644,52430573,98.892,random,float32
51,305.304429,51467,52430573,237.156,random,float32
51,311.338324,23740,52430573,939.509,random,float32
51,317.073443,61199,52430573,949.754,random,float32
51,321.761456,47838,52430573,830.473,random,float32
51,326.888624,22662,52430573,399.987,random,float32
51,332.262170,46059,52430573,419.452,random,float32
51,338.265718,6538,52430573,883.306,random,float32
51,343.404254,17973,52430573,431.250,random,float32
51,347.493517,55934,52430573,331.498,random,float32
51,351.866046,34911,52430573,305.196,random,float32
51,356.695364,28813,52430573,246.403,random,float32
51,361.259997,7547,52430573,392.057,random,float32
51,366.540425,33210,52430573,394.667,random,float32
51,371.962710,5355,52430573,428.486,random,float32
51,376.898139,18438,52430573,317.085,random,float32
51,381.370105,20158,52430573,357.180,random,float32
51,385.742740,35382,52430573,219.818,random,float32
51,391.297286,51541,52430573,663.955,random,float32
51,396.480184,52316,52430573,906.205,random,float32
51,401.686478,49649,52430573,919.244,random,float32
51,406.049932,48335,52430573,406.627,random,float32
51,411.362291,2260,52430573,280.558,random,float32
51,416.002012,23962,52430573,385.177,random,float32
51,420.457257,39103,52430573,418.005,random,float32
51,425.776482,51832,52430573,378.302,random,float32
51,431.167922,2980,52430573,930.168,random,float32
51,436.166894,58301,52430573,417.617,random,float32
51,440.895531,1076,52430573,940.360,random,float32
51,445.354116,52987,52430573,446.987,random,float32
51,450.884320,26052,52430573,427.266,random,float32
51,456.092967,7306,52430573,414.591,random,float32
51,460.968451,45832,52430573,370.921,random,float32
51,466.691792,62558,52430573,432.708,random,float32
51,471.754184,9346,52430573,404.764,random,float32
51,477.223484,57479,52430573,420.217,random,float32
51,481.758544,60509,52430573,410.706,random,float32
51,487.443138,58239,52430573,439.440,random,float32
51,493.536516,16093,52430573,447.232,random,float32
51,498.654977,41976,52430573,918.852,random,float32
51,504.165935,42364,52430573,392.445,random,float32
51,509.778866,8281,52430573,389.166,random,float32
51,514.731324,20192,52430573,436.066,random,float32
51,519.976312,59633,52430573,414.331,random,float32
51,525.479275,15867,52430573,967.963,random,float32
51,530.983667,47912,52430573,449.963,random,float32
51,536.433976,27706,52430573,427.243,random,float32
51,542.442493,16689,52430573,433.558,random,float32
51,547.865177,11816,52430573,382.344,random,float32
51,553.169488,5894,52430573,432.323,random,float32
51,557.969510,38053,52430573,371.537,random,float32
51,563.472270,25323,52430573,264.025,random,float32
51,569.235807,38943,52430573,431.580,random,float32
51,575.077456,57412,52430573,876.644,random,float32
51,579.348275,17889,52430573,237.056,random,float32
51,585.509468,45273,52430573,951.111,random,float32
51,590.867195,60104,52430573,911.637,random,float32
51,596.376040,4579,52430573,943.146,random,float32
51,601.939514,49214,52430573,367.047,random,float32
51,607.358918,10993,52430573,1003.050,random,float32
51,613.239145,42181,52430573,954.990,random,float32
51,618.633158,48849,52430573,456.473,random,float32
51,623.733795,34853,52430573,385.614,random,float32
51,628.686343,55165,52430573,448.714,random,float32
51,634.167277,6723,52430573,324.979,random,float32
51,639.565554,61291,52430573,925.342,random,float32
51,643.871598,26899,52430573,374.226,random,float32
51,649.798093,53321,52430573,393.099,random,float32
51,654.690882,16520,52430573,895.362,random,float32
51,660.738492,61606,52430573,442.496,random,float32
51,664.903071,44989,52430573,435.224,random,float32
51,669.955306,11602,52430573,404.407,random,float32
51,675.276120,56924,52430573,415.986,random,float32
51,680.200445,36305,52430573,400.985,random,float32
51,686.050445,8082,52430573,861.159,random,float32
51,691.416738,58811,52430573,905.600,random,float32
51,696.329250,23283,52430573,965.263,random,float32
51,701.730718,46524,52430573,383.601,random,float32
51,706.413992,1295,52430573,291.557,random,float32
51,711.671899,60716,52430573,426.512,random,float32
51,716.820818,33811,52430573,389.479,random,float32
51,721.462865,16653,52430573,257.845,random,float32
51,726.754826,65705,52430573,200.366,random,float32
51,731.997295,65324,52430573,233.695,random,float32
51,737.967189,905,52430573,429.717,random,float32
51,742.776419,2588,52430573,908.288,random,float32
51,748.109693,59269,52430573,388.749,random,float32
51,753.062469,59794,52430573,379.199,random,float32
51,758.414821,1803,52430573,513.747,random,float32
51,763.538544,55879,52430573,367.356,random,float32
51,767.839055,33824,52430573,404.281,random,float32
51,771.488760,64699,52430573,518.635,random,float32
51,776.772992,52540,52430573,406.130,random,float32
51,782.433670,34301,52430573,912.303,random,float32
51,787.363782,14516,52430573,460.639,random,float32
51,792.587305,401,52430573,409.630,random,float32
51,798.102668,1478,52430573,401.752,random,float32
51,803.929193,13913,52430573,954.868,random,float32
51,808.947106,13920,52430573,301.681,random,float32
51,815.182604,59771,52430573,455.807,random,float32
51,820.512132,45727,52430573,424.799,random,float32
51,826.743565,4805,52430573,402.878,random,float32
51,832.298397,36835,52430573,446.791,random,float32
51,837.395084,63042,52430573,445.393,random,float32
51,842.921068,64089,52430573,978.945,random,float32
51,849.041747,804,52430573,870.443,random,float32
51,853.391760,57777,52430573,430.530,random,float32
51,858.610801,53844,52430573,395.978,random,float32
51,863.797207,65801,52430573,285.625,random,float32
51,868.811925,6151,52430573,388.043,random,float32
51,874.120993,16900,52430573,885.359,random,float32
51,879.161963,16446,52430573,399.148,random,float32
51,884.505011,45208,52430573,839.674,random,float32
51,889.385728,2546,52430573,876.980,random,float32
51,894.923263,63723,52430573,391.300,random,float32
51,898.001130,6972,52430573,126.609,random,float32
51,899.215155,56931,52430573,101.477,random,float32
52,305.897318,45889,52430573,944.917,random,float32
52,310.163282,12008,52430573,270.366,random,float32
52,315.259785,48439,52430573,223.535,random,float32
52,320.206944,28972,52430573,729.812,random,float32
52,324.905030,1537,52430573,384.875,random,float32
52,329.690320,17111,52430573,379.312,random,float32
52,334.683119,9307,52430573,369.723,random,float32
52,340.125119,41496,52430573,954.773,random,float32
52,345.204791,17690,52430573,396.273,random,float32
52,350.805276,41236,52430573,814.411,random,float32
52,356.022797,64003,52430573,806.658,random,float32
52,360.353527,60537,52430573,393.745,random,float32
52,365.441092,7472,52430573,860.016,random,float32
52,370.113353,30513,52430573,410.270,random,float32
52,374.595405,57030,52430573,392.100,random,float32
52,380.457377,4832,52430573,257.586,random,float32
52,386.130305,65474,52430573,400.969,random,float32
52,390.755736,9374,52430573,424.897,random,float32
52,395.351005,8318,52430573,403.748,random,float32
52,400.764419,44512,52430573,459.422,random,float32
52,406.305154,39738,52430573,367.417,random,float32
52,411.122671,11108,52430573,228.297,random,float32
52,416.956536,15560,52430573,453.535,random,float32
52,422.831704,51949,52430573,783.252,random,float32
52,428.512985,16627,52430573,465.124,random,float32
52,434.590878,37969,52430573,925.803,random,float32
52,439.170272,2809,52430573,897.802,random,float32
52,444.247765,65464,52430573,942.215,random,float32
52,450.208859,28535,52430573,457.566,random,float32
52,455.618995,45049,52430573,430.520,random,float32
52,461.644301,55457,52430573,409.832,random,float32
52,467.808854,58041,52430573,878.951,random,float32
52,472.769453,10677,52430573,909.890,random,float32
52,478.168308,4751,52430573,397.163,random,float32
52,483.400280,33545,52430573,879.644,random,float32
52,487.609017,58996,52430573,418.940,random,float32
52,491.902073,50315,52430573,291.069,random,float32
52,497.593692,51798,52430573,421.372,random,float32
52,502.260751,33024,52430573,419.882,random,float32
52,506.859537,33031,52430573,901.807,random,float32
52,512.551811,9343,52430573,443.899,random,float32
52,518.011690,27482,52430573,450.680,random,float32
52,523.492422,57798,52430573,438.183,random,float32
52,529.010649,11998,52430573,441.492,random,float32
52,534.494163,31500,52430573,382.674,random,float32
52,539.485948,64628,52430573,289.777,random,float32
52,544.281086,52693,52430573,309.896,random,float32
52,549.635643,3458,52430573,415.591,random,float32
52,554.714709,8364,52430573,404.463,random,float32
52,559.853660,8457,52430573,412.149,random,float32
52,564.991634,57343,52430573,462.541,random,float32
52,569.950647,65742,52430573,959.391,random,float32
52,575.095353,44004,52430573,411.397,random,float32
52,579.204027,18596,52430573,420.251,random,float32
52,585.419116,52472,52430573,978.363,random,float32
52,589.801202,41856,52430573,424.363,random,float32
52,595.308272,16616,52430573,411.402,random,float32
52,599.880002,29309,52430573,455.821,random,float32
52,604.981778,29183,52430573,355.817,random,float32
52,609.801880,10321,52430573,887.017,random,float32
52,614.358996,34875,52430573,379.150,random,float32
52,619.392005,28631,52430573,916.603,random,float32
52,624.704032,53926,52430573,934.379,random,float32
52,629.973278,15438,52430573,385.796,random,float32
52,634.754053,37326,52430573,212.705,random,float32
52,639.501000,7742,52430573,890.220,random,float32
52,644.705081,38101,52430573,235.996,random,float32
52,649.977961,52065,52430573,387.464,random,float32
52,654.570568,50380,52430573,382.487,random,float32
52,660.048850,40478,52430573,415.186,random,float32
52,664.999302,35974,52430573,388.217,random,float32
52,671.670251,65650,52430573,434.512,random,float32
52,677.702007,42491,52430573,873.610,random,float32
52,683.143260,39565,52430573,394.136,random,float32
52,688.508863,7625,52430573,355.492,random,float32
52,694.641095,41734,52430573,427.029,random,float32
52,699.850904,29956,52430573,397.655,random,float32
52,704.955347,9604,52430573,365.719,random,float32
52,709.940492,55562,52430573,311.403,random,float32
52,715.907428,37450,52430573,885.627,random,float32
52,721.276069,26153,52430573,396.316,random,float32
52,725.126598,37442,52430573,220.267,random,float32
52,730.247956,50114,52430573,397.233,random,float32
52,735.463344,16799,52430573,403.812,random,float32
52,740.176788,40105,52430573,226.773,random,float32
52,745.676910,41838,52430573,922.309,random,float32
52,750.533671,15575,52430573,379.233,random,float32
52,754.460206,58681,52430573,252.501,random,float32
52,758.982828,19906,52430573,427.426,random,float32
52,764.781083,36901,52430573,383.800,random,float32
52,770.030691,21203,52430573,382.630,random,float32
52,775.461541,23069,52430573,316.053,random,float32
52,779.924853,41749,52430573,222.734,random,float32
52,785.873372,64804,52430573,404.758,random,float32
52,791.286494,7129,52430573,450.413,random,float32
52,796.566476,14257,52430573,389.293,random,float32
52,802.340932,41379,52430573,893.183,random,float32
52,807.601029,62044,52430573,395.810,random,float32
52,813.288205,24572,52430573,949.297,random,float32
52,818.337110,7800,52430573,428.189,random,float32
52,823.938349,17341,52430573,424.750,random,float32
52,829.752666,50182,52430573,927.553,random,float32
52,834.229032,133,52430573,242.062,random,float32
52,840.110306,57146,52430573,413.786,random,float32
52,845.260937,7150,52430573,1043.351,random,float32
52,850.856351,58712,52430573,886.244,random,float32
52,855.194318,45923,52430573,386.556,random,float32
52,860.007115,55953,52430573,399.609,random,float32
52,863.685054,53563,52430573,238.705,random,float32
52,867.868932,6453,52430573,274.057,random,float32
52,873.129170,57063,52430573,347.041,random,float32
52,878.987443,43485,52430573,797.396,random,float32
52,883.712597,43990,52430573,322.547,random,float32
52,888.264453,25458,52430573,385.117,random,float32
52,893.647447,57898,52430573,368.237,random,float32
52,897.007695,13936,52430573,198.468,random,float32
52,898.905713,64628,52430573,102.890,random,float32
52,900.045971,35300,52430573,63.283,random,float32
53,305.754116,50129,52430573,951.876,random,float32
53,311.091591,24211,52430573,883.520,random,float32
53,316.837742,63009,52430573,965.156,random,float32
53,321.721344,28753,52430573,407.023,random,float32
53,327.268886,51071,52430573,423.521,random,float32
53,333.320711,42362,52430573,1018.529,random,float32
53,338.379071,6952,52430573,943.280,random,float32
53,343.231464,18987,52430573,436.674,random,float32
53,348.014516,46679,52430573,211.658,random,float32
53,353.608355,57634,52430573,428.810,random,float32
53,359.597963,4478,52430573,941.012,random,float32
53,364.406991,31806,52430573,278.821,random,float32
53,369.202395,16871,52430573,257.309,random,float32
53,373.667116,64628,52430573,170.913,random,float32
53,379.078490,24669,52430573,416.173,random,float32
53,384.149041,8965,52430573,282.932,random,float32
53,389.313678,63097,52430573,381.712,random,float32
53,394.146839,31953,52430573,395.924,random,float32
53,398.550728,5239,52430573,351.105,random,float32
53,403.363330,35497,52430573,932.494,random,float32
53,408.283881,52534,52430573,325.506,random,float32
53,412.702751,30443,52430573,264.286,random,float32
53,418.206099,7491,52430573,393.405,random,float32
53,422.810574,2471,52430573,410.303,random,float32
53,428.377754,21631,52430573,433.920,random,float32
53,434.155082,9706,52430573,843.977,random,float32
53,439.340568,60137,52430573,408.482,random,float32
53,444.963249,2315,52430573,416.922,random,float32
53,450.452616,48266,52430573,389.644,random,float32
53,455.025935,40442,52430573,893.145,random,float32
53,459.909273,45912,52430573,367.939,random,float32
53,464.773564,38766,52430573,382.332,random,float32
53,470.339776,14738,52430573,338.378,random,float32
53,474.905567,31040,52430573,404.121,random,float32
53,480.307521,22088,52430573,412.244,random,float32
53,485.023851,52777,52430573,363.239,random,float32
53,490.375913,57212,52430573,434.063,random,float32
53,495.728165,1989,52430573,401.527,random,float32
53,500.791381,29347,52430573,397.124,random,float32
53,506.066701,59387,52430573,416.364,random,float32
53,511.312013,41757,52430573,447.783,random,float32
53,515.491043,21971,52430573,456.084,random,float32
53,521.273318,41765,52430573,784.938,random,float32
53,525.861911,41744,52430573,385.548,random,float32
53,531.859758,21469,52430573,919.573,random,float32
53,537.317187,5103,52430573,272.749,random,float32
53,542.910292,3575,52430573,385.740,random,float32
53,547.432107,42419,52430573,300.299,random,float32
53,552.928648,30964,52430573,447.713,random,float32
53,557.714511,32602,52430573,402.255,random,float32
53,562.136974,17884,52430573,399.806,random,float32
53,567.071898,4854,52430573,260.567,random,float32
53,572.084688,61347,52430573,382.343,random,float32
53,577.275135,40088,52430573,385.752,random,float32
53,582.223081,57002,52430573,315.318,random,float32
53,587.437959,53007,52430573,257.392,random,float32
53,592.487361,64851,52430573,782.247,random,float32
53,596.375399,57293,52430573,390.231,random,float32
53,601.796707,15286,52430573,424.737,random,float32
53,607.145537,47759,52430573,970.401,random,float32
53,611.563089,8326,52430573,399.077,random,float32
53,616.444955,16141,52430573,380.838,random,float32
53,621.697977,44399,52430573,389.136,random,float32
53,627.490890,19163,52430573,743.610,random,float32
53,631.262261,65981,52430573,383.903,random,float32
53,636.531174,453,52430573,381.785,random,float32
53,641.820675,20609,52430573,394.667,random,float32
53,646.520770,23938,52430573,238.198,random,float32
53,651.880329,16278,52430573,348.389,random,float32
53,656.018511,9442,52430573,370.493,random,float32
53,661.044905,18303,52430573,946.424,random,float32
53,666.342734,26909,52430573,399.476,random,float32
53,670.869136,13682,52430573,256.626,random,float32
53,675.971894,18078,52430573,219.949,random,float32
53,680.959832,24759,52430573,255.033,random,float32
53,686.378980,59032,52430573,399.001,random,float32
53,691.591781,38862,52430573,444.688,random,float32
53,696.553062,8357,52430573,397.174,random,float32
53,701.398778,46021,52430573,424.261,random,float32
53,706.261896,48873,52430573,388.964,random,float32
53,711.533814,53431,52430573,420.422,random,float32
53,717.380315,42959,52430573,919.708,random,float32
53,721.738613,62092,52430573,429.690,random,float32
53,727.844437,35274,52430573,427.905,random,float32
53,732.481714,60746,52430573,375.277,random,float32
53,737.154803,49650,52430573,951.756,random,float32
53,741.290460,17073,52430573,397.629,random,float32
53,746.628239,20748,52430573,462.915,random,float32
53,752.675070,32692,52430573,1004.574,random,float32
53,757.793271,15758,52430573,428.423,random,float32
53,763.098980,54306,52430573,429.635,random,float32
53,769.084703,16104,52430573,795.287,random,float32
53,774.388748,2217,52430573,287.912,random,float32
53,779.963356,9398,52430573,446.783,random,float32
53,784.947733,27123,52430573,788.284,random,float32
53,790.210376,17790,52430573,760.788,random,float32
53,794.602785,51092,52430573,459.365,random,float32
53,799.481720,42876,52430573,219.833,random,float32
53,805.067208,20305,52430573,384.899,random,float32
53,811.784957,21063,52430573,429.795,random,float32
53,816.418263,19967,52430573,258.370,random,float32
53,821.756681,741,52430573,423.062,random,float32
53,826.812881,64363,52430573,213.489,random,float32
53,830.366595,57860,52430573,440.280,random,float32
53,835.613675,11997,52430573,393.407,random,float32
53,841.239219,57784,52430573,250.569,random,float32
53,845.774909,38086,52430573,502.130,random,float32
53,849.501775,7307,52430573,669.034,random,float32
53,855.110120,45732,52430573,413.513,random,float32
53,860.392528,22402,52430573,317.131,random,float32
53,864.861600,27401,52430573,895.467,random,float32
53,870.951933,62583,52430573,928.481,random,float32
53,876.223941,20412,52430573,403.488,random,float32
53,880.624036,17135,52430573,911.140,random,float32
53,885.097088,56624,52430573,217.911,random,float32
53,889.984157,12579,52430573,414.801,random,float32
53,894.696949,49091,52430573,401.721,random,float32
53,897.678122,40353,52430573,175.138,random,float32
53,899.223389,36200,52430573,230.904,random,float32
54,303.503098,17295,52430573,417.708,random,float32
54,308.310752,18630,52430573,404.623,random,float32
54,313.949025,15803,52430573,425.874,random,float32
54,320.032941,39363,52430573,947.878,random,float32
54,324.879454,21358,52430573,268.699,random,float32
54,331.156915,50286,52430573,952.025,random,float32
54,336.458292,58643,52430573,244.437,random,float32
54,341.458431,61397,52430573,459.409,random,float32
54,348.070102,32928,52430573,378.942,random,float32
54,353.895399,6902,52430573,388.383,random,float32
54,359.309176,31245,52430573,808.633,random,float32
54,364.028320,602,52430573,405.540,random,float32
54,369.014231,29797,52430573,408.937,random,float32
54,374.373251,46593,52430573,395.604,random,float32
54,380.474881,6349,52430573,437.210,random,float32
54,385.673690,26912,52430573,403.754,random,float32
54,390.987493,9937,52430573,410.223,random,float32
54,396.447126,44739,52430573,436.243,random,float32
54,401.871513,42602,52430573,414.484,random,float32
54,406.734325,61905,52430573,921.772,random,float32
54,412.229351,4066,52430573,859.390,random,float32
54,417.298980,45963,52430573,716.003,random,float32
54,421.864882,13564,52430573,245.568,random,float32
54,426.009513,18276,52430573,444.922,random,float32
54,431.683315,15059,52430573,431.486,random,float32
54,437.439444,12120,52430573,220.360,random,float32
54,442.211433,3510,52430573,423.036,random,float32
54,447.082734,56871,52430573,451.445,random,float32
54,452.257185,22565,52430573,278.652,random,float32
54,457.758994,5452,52430573,434.875,random,float32
54,462.998991,10963,52430573,286.187,random,float32
54,468.086904,45580,52430573,387.311,random,float32
54,472.846923,53126,52430573,432.270,random,float32
54,478.295297,46613,52430573,403.305,random,float32
54,483.554992,19299,52430573,405.430,random,float32
54,489.411652,51102,52430573,926.927,random,float32
54,494.820721,16242,52430573,377.249,random,float32
54,499.045819,13106,52430573,383.029,random,float32
54,505.443654,6581,52430573,434.836,random,float32
54,510.774600,13075,52430573,432.287,random,float32
54,514.404482,24683,52430573,320.385,random,float32
54,519.420746,50560,52430573,384.177,random,float32
54,523.781058,52393,52430573,368.682,random,float32
54,528.695258,29559,52430573,411.387,random,float32
54,533.760266,48637,52430573,263.891,random,float32
54,539.333597,60612,52430573,379.469,random,float32
54,545.209930,40833,52430573,429.141,random,float32
54,550.114994,9034,52430573,915.104,random,float32
54,555.712050,3227,52430573,433.088,random,float32
54,559.883367,8448,52430573,371.940,random,float32
54,564.628385,23632,52430573,718.035,random,float32
54,569.978019,15179,52430573,445.219,random,float32
54,575.333438,29119,52430573,418.760,random,float32
54,580.107835,32992,52430573,461.263,random,float32
54,584.929986,34109,52430573,898.096,random,float32
54,589.238137,16291,52430573,392.057,random,float32
54,594.653490,47437,52430573,412.260,random,float32
54,599.110079,53824,52430573,399.965,random,float32
54,604.535764,6762,52430573,466.127,random,float32
54,609.662961,9482,52430573,903.788,random,float32
54,614.013859,58293,52430573,356.449,random,float32
54,619.984379,56276,52430573,413.647,random,float32
54,625.704093,3324,52430573,822.558,random,float32
54,631.343914,47182,52430573,259.156,random,float32
54,636.777283,59756,52430573,438.589,random,float32
54,641.996386,63597,52430573,439.566,random,float32
54,647.347256,23703,52430573,404.886,random,float32
54,652.332760,4006,52430573,365.584,random,float32
54,657.691618,50679,52430573,423.599,random,float32
54,662.828056,27123,52430573,295.860,random,float32
54,667.645153,46940,52430573,397.398,random,float32
54,672.583140,3591,52430573,881.699,random,float32
54,677.445214,50176,52430573,887.905,random,float32
54,682.991138,11386,52430573,381.953,random,float32
54,688.395113,33621,52430573,396.539,random,float32
54,693.827612,2011,52430573,929.754,random,float32
54,699.120803,58384,52430573,902.066,random,float32
54,704.782470,48373,52430573,808.542,random,float32
54,709.406282,41846,52430573,239.017,random,float32
54,714.210450,39293,52430573,397.635,random,float32
54,718.931613,19998,52430573,778.708,random,float32
54,723.915896,3843,52430573,918.082,random,float32
54,729.730790,18883,52430573,400.534,random,float32
54,735.272513,23177,52430573,283.559,random,float32
54,741.205341,36516,52430573,904.722,random,float32
54,745.885289,35322,52430573,425.171,random,float32
54,750.874362,57006,52430573,362.802,random,float32
54,754.858200,15489,52430573,191.570,random,float32
54,759.579526,1653,52430573,980.672,random,float32
54,764.494600,26367,52430573,395.960,random,float32
54,770.622678,25050,52430573,860.817,random,float32
54,775.465305,25723,52430573,924.554,random,float32
54,780.884548,65775,52430573,441.993,random,float32
54,786.922909,22893,52430573,441.983,random,float32
54,792.480028,38252,52430573,428.095,random,float32
54,798.013309,19328,52430573,438.188,random,float32
54,802.650048,52861,52430573,387.630,random,float32
54,808.216022,54304,52430573,906.736,random,float32
54,813.295995,17147,52430573,411.136,random,float32
54,818.712419,48690,52430573,380.079,random,float32
54,823.979818,49490,52430573,322.166,random,float32
54,828.249054,12935,52430573,404.110,random,float32
54,833.506724,61144,52430573,604.777,random,float32
54,837.796518,42842,52430573,351.885,random,float32
54,842.310481,6299,52430573,915.720,random,float32
54,846.415425,23059,52430573,430.530,random,float32
54,850.730978,51448,52430573,235.294,random,float32
54,856.019924,53845,52430573,810.380,random,float32
54,861.327509,19232,52430573,425.058,random,float32
54,865.625894,52971,52430573,291.374,random,float32
54,871.096870,31200,52430573,376.717,random,float32
54,876.979614,32288,52430573,896.078,random,float32
54,881.014871,26838,52430573,250.554,random,float32
54,885.980344,26053,52430573,760.844,random,float32
54,891.283960,65253,52430573,260.078,random,float32
54,895.983944,2695,52430573,723.003,random,float32
54,898.230574,39594,52430573,335.918,random,float32
54,899.413399,16275,52430573,88.407,random,float32
55,305.180786,27994,52430573,904.042,random,float32
55,310.357834,37158,52430573,853.591,random,float32
55,315.888697,62890,52430573,935.694,random,float32
55,320.934607,6085,52430573,390.987,random,float32
55,325.592675,42232,52430573,742.285,random,float32
55,329.609097,39567,52430573,780.038,random,float32
55,334.055103,37820,52430573,829.553,random,float32
55,338.866994,65997,52430573,919.393,random,float32
55,343.625261,55935,52430573,442.997,random,float32
55,348.683429,30490,52430573,421.444,random,float32
55,353.467673,4982,52430573,862.471,random,float32
55,358.659353,568,52430573,744.296,random,float32
55,363.738816,65504,52430573,406.881,random,float32
55,368.824819,18503,52430573,400.244,random,float32
55,373.592960,9960,52430573,408.823,random,float32
55,379.574124,48824,52430573,902.230,random,float32
55,384.509677,47061,52430573,906.888,random,float32
55,390.004414,27611,52430573,435.574,random,float32
55,395.455019,15350,52430573,894.389,random,float32
55,400.907411,12316,52430573,416.830,random,float32
55,406.366520,25576,52430573,966.647,random,float32
55,411.752272,5508,52430573,904.176,random,float32
55,417.285542,41453,52430573,431.969,random,float32
55,422.353853,23966,52430573,436.563,random,float32
55,428.251901,44096,52430573,885.504,random,float32
55,434.087816,43788,52430573,425.128,random,float32
55,440.127681,3411,52430573,450.439,random,float32
55,445.929879,13518,52430573,528.745,random,float32
55,451.405645,1858,52430573,241.015,random,float32
55,456.874918,51151,52430573,324.863,random,float32
55,461.565337,38508,52430573,931.959,random,float32
55,466.943548,62762,52430573,466.645,random,float32
55,472.374028,55321,52430573,420.385,random,float32
55,477.111127,42389,52430573,871.064,random,float32
55,481.554875,41238,52430573,385.363,random,float32
55,486.501861,14080,52430573,419.458,random,float32
55,492.363415,15725,52430573,263.973,random,float32
55,498.012347,18661,52430573,441.323,random,float32
55,503.996663,32060,52430573,713.352,random,float32
55,508.679345,35822,52430573,407.532,random,float32
55,513.605458,9625,52430573,446.477,random,float32
55,518.693865,47081,52430573,884.119,random,float32
55,524.206925,1455,52430573,956.253,random,float32
55,529.489794,58106,52430573,944.874,random,float32
55,534.717666,23924,52430573,933.929,random,float32
55,539.441402,8633,52430573,726.956,random,float32
55,544.391264,41758,52430573,959.445,random,float32
55,550.058888,15658,52430573,436.009,random,float32
55,555.816239,50104,52430573,410.399,random,float32
55,561.458164,36044,52430573,393.478,random,float32
55,566.295350,36050,52430573,439.666,random,float32
55,571.493343,1007,52430573,288.882,random,float32
55,576.546309,17298,52430573,421.461,random,float32
55,581.315804,9254,52430573,468.159,random,float32
55,586.913713,41102,52430573,422.221,random,float32
55,591.120572,38501,52430573,414.675,random,float32
55,596.069924,34481,52430573,484.835,random,float32
55,601.491729,51274,52430573,405.950,random,float32
55,607.077930,25574,52430573,501.516,random,float32
55,612.565836,27582,52430573,430.480,random,float32
55,618.532717,60396,52430573,948.635,random,float32
55,623.502388,60385,52430573,917.199,random,float32
55,629.026812,46736,52430573,413.793,random,float32
55,634.150277,50150,52430573,421.739,random,float32
55,639.140495,46951,52430573,437.220,random,float32
55,644.295048,63581,52430573,297.077,random,float32
55,649.437278,65680,52430573,431.177,random,float32
55,655.676340,22881,52430573,652.590,random,float32
55,661.344913,10678,52430573,411.746,random,float32
55,666.607912,29545,52430573,762.895,random,float32
55,671.555367,12622,52430573,389.153,random,float32
55,677.188389,35709,52430573,410.414,random,float32
55,682.171572,104,52430573,399.254,random,float32
55,687.702801,63263,52430573,423.331,random,float32
55,692.474099,137,52430573,214.140,random,float32
55,698.260755,26017,52430573,887.650,random,float32
55,703.341283,25009,52430573,247.600,random,float32
55,708.282358,40290,52430573,898.419,random,float32
55,713.287438,13130,52430573,788.055,random,float32
55,718.955621,42260,52430573,421.056,random,float32
55,724.191132,49619,52430573,309.492,random,float32
55,729.037121,37754,52430573,433.686,random,float32
55,733.852245,61251,52430573,329.730,random,float32
55,737.806701,20699,52430573,214.095,random,float32
55,743.024532,32317,52430573,358.874,random,float32
55,748.397989,59112,52430573,224.591,random,float32
55,754.177610,43510,52430573,399.335,random,float32
55,759.566215,39545,52430573,347.000,random,float32
55,765.153038,58250,52430573,436.167,random,float32
55,771.015113,59433,52430573,483.887,random,float32
55,775.718303,9686,52430573,394.029,random,float32
55,780.550565,32336,52430573,408.592,random,float32
55,786.054719,36905,52430573,936.804,random,float32
55,791.404109,54503,52430573,432.868,random,float32
55,795.530514,35130,52430573,398.132,random,float32
55,801.777156,28362,52430573,419.651,random,float32
55,807.746337,41871,52430573,982.297,random,float32
55,813.194068,17218,52430573,433.006,random,float32
55,818.380030,46668,52430573,399.425,random,float32
55,824.460825,8055,52430573,438.960,random,float32
55,829.278516,28344,52430573,400.679,random,float32
55,834.368160,17689,52430573,451.773,random,float32
55,839.687714,50164,52430573,410.390,random,float32
55,845.298814,39954,52430573,480.458,random,float32
55,850.867069,56544,52430573,387.120,random,float32
55,855.686735,11120,52430573,420.293,random,float32
55,861.285436,41004,52430573,467.014,random,float32
55,866.055316,53923,52430573,444.961,random,float32
55,871.503021,51752,52430573,390.487,random,float32
55,876.179668,29237,52430573,309.864,random,float32
55,881.578540,42876,52430573,790.481,random,float32
55,886.848870,39363,52430573,790.575,random,float32
55,891.954281,3885,52430573,951.476,random,float32
55,896.300206,58864,52430573,213.930,random,float32
55,898.143086,2214,52430573,76.117,random,float32
55,899.399321,39939,52430573,79.784,random,float32
56,305.174924,28059,52430573,952.590,random,float32
56,310.754383,29318,52430573,470.645,random,float32
56,314.753324,45383,52430573,329.871,random,float32
56,320.442377,7962,52430573,374.368,random,float32
56,325.813716,25318,52430573,463.124,random,float32
56,332.153994,29355,52430573,1027.060,random,float32
56,336.517493,13535,52430573,464.721,random,float32
56,342.309728,64218,52430573,451.813,random,float32
56,348.617461,56623,52430573,440.925,random,float32
56,354.113878,44196,52430573,385.107,random,float32
56,359.636364,28539,52430573,421.291,random,float32
56,365.276403,13858,52430573,410.539,random,float32
56,370.760586,2250,52430573,444.506,random,float32
56,376.433662,41641,52430573,446.246,random,float32
56,381.727587,58468,52430573,428.860,random,float32
56,388.064130,26891,52430573,495.244,random,float32
56,393.781458,62154,52430573,402.168,random,float32
56,399.420101,64734,52430573,437.153,random,float32
56,404.702392,30247,52430573,447.258,random,float32
56,409.604248,57601,52430573,427.123,random,float32
56,414.904968,48987,52430573,885.519,random,float32
56,420.513889,1827,52430573,410.776,random,float32
56,425.605505,14864,52430573,316.640,random,float32
56,430.286413,47762,52430573,398.920,random,float32
56,435.318749,3465,52430573,443.524,random,float32
56,441.031523,32388,52430573,387.407,random,float32
56,447.672619,13500,52430573,270.650,random,float32
56,453.162395,36822,52430573,412.077,random,float32
56,458.650787,22738,52430573,956.650,random,float32
56,464.978518,31074,52430573,1008.062,random,float32
56,470.051440,18461,52430573,866.427,random,float32
56,475.694460,50976,52430573,448.791,random,float32
56,480.956767,49543,52430573,446.786,random,float32
56,486.422592,9989,52430573,459.932,random,float32
56,491.402374,16402,52430573,448.654,random,float32
56,495.942728,4010,52430573,401.061,random,float32
56,501.319740,51123,52430573,413.216,random,float32
56,506.381525,24452,52430573,245.654,random,float32
56,510.669270,50876,52430573,248.820,random,float32
56,516.175507,5517,52430573,963.780,random,float32
56,522.879570,2910,52430573,407.875,random,float32
56,527.878668,8641,52430573,229.383,random,float32
56,531.972006,22811,52430573,376.153,random,float32
56,537.956500,64831,52430573,368.894,random,float32
56,543.110000,4753,52430573,413.604,random,float32
56,547.334994,62446,52430573,317.004,random,float32
56,552.666620,63824,52430573,917.837,random,float32
56,556.995317,44685,52430573,425.692,random,float32
56,562.389655,21537,52430573,431.647,random,float32
56,567.359722,6114,52430573,403.513,random,float32
56,572.563589,15685,52430573,257.523,random,float32
56,577.635325,34193,52430573,900.810,random,float32
56,582.791256,17670,52430573,417.572,random,float32
56,588.256732,15472,52430573,899.631,random,float32
56,593.596792,25139,52430573,961.352,random,float32
56,597.872834,19996,52430573,362.322,random,float32
56,603.001971,23193,52430573,257.487,random,float32
56,607.755387,30340,52430573,336.352,random,float32
56,613.555630,37115,52430573,857.173,random,float32
56,619.559779,35257,52430573,412.491,random,float32
56,623.502789,4774,52430573,932.215,random,float32
56,628.951855,57753,52430573,407.052,random,float32
56,634.301425,24387,52430573,445.404,random,float32
56,639.738195,44371,52430573,240.520,random,float32
56,644.106947,12689,52430573,426.182,random,float32
56,648.939848,18635,52430573,408.797,random,float32
56,653.897656,38456,52430573,424.903,random,float32
56,659.269939,13754,52430573,404.173,random,float32
56,665.045538,25096,52430573,391.952,random,float32
56,671.800252,35649,52430573,975.933,random,float32
56,677.163302,41670,52430573,456.024,random,float32
56,682.940967,11329,52430573,939.067,random,float32
56,688.346205,46398,52430573,867.130,random,float32
56,693.040593,60808,52430573,957.473,random,float32
56,698.650179,38612,52430573,395.641,random,float32
56,704.868602,34455,52430573,418.927,random,float32
56,710.548235,41213,52430573,457.039,random,float32
56,716.631221,7476,52430573,962.498,random,float32
56,721.601914,27029,52430573,897.251,random,float32
56,727.188998,10893,52430573,430.852,random,float32
56,731.145383,13272,52430573,415.440,random,float32
56,736.614381,19204,52430573,456.410,random,float32
56,741.858355,4096,52430573,273.542,random,float32
56,747.290323,56877,52430573,398.331,random,float32
56,753.529338,48608,52430573,431.604,random,float32
56,759.443329,15929,52430573,430.588,random,float32
56,765.406858,22996,52430573,423.303,random,float32
56,771.544236,40143,52430573,972.207,random,float32
56,776.720941,59896,52430573,430.382,random,float32
56,782.225910,36339,52430573,307.982,random,float32
56,787.598972,36760,52430573,323.782,random,float32
56,792.842137,12468,52430573,913.650,random,float32
56,798.401664,58084,52430573,399.413,random,float32
56,802.894980,3974,52430573,217.027,random,float32
56,807.740560,17288,52430573,402.007,random,float32
56,812.967428,24821,52430573,434.375,random,float32
56,818.082208,31915,52430573,342.848,random,float32
56,822.982822,31520,52430573,218.060,random,float32
56,827.709750,48798,52430573,420.663,random,float32
56,833.148398,14498,52430573,419.667,random,float32
56,839.109817,51049,52430573,271.757,random,float32
56,844.212154,4665,52430573,1075.366,random,float32
56,850.251321,49270,52430573,453.816,random,float32
56,855.643922,30738,52430573,432.692,random,float32
56,861.283702,27751,52430573,429.553,random,float32
56,866.260630,61264,52430573,453.322,random,float32
56,869.961564,24031,52430573,317.811,random,float32
56,875.256563,45611,52430573,262.494,random,float32
56,880.251351,64189,52430573,397.453,random,float32
56,884.909615,55717,52430573,357.763,random,float32
56,890.695045,9266,52430573,435.355,random,float32
56,895.767329,49271,52430573,230.404,random,float32
56,897.801205,21931,52430573,127.023,random,float32
56,899.010669,64474,52430573,82.361,random,float32
56,899.691336,6635,52430573,70.879,random,float32
57,305.242822,38390,52430573,401.748,random,float32
57,309.947159,20653,52430573,360.737,random,float32
57,314.835795,33942,52430573,288.281,random,float32
57,320.239262,51175,52430573,402.594,random,float32
57,325.541715,37638,52430573,254.481,random,float32
57,330.899098,50318,52430573,405.538,random,float32
57,336.168751,31676,52430573,417.462,random,float32
57,341.542776,1969,52430573,872.175,random,float32
57,346.737941,28858,52430573,261.334,random,float32
57,351.835724,7410,52430573,940.913,random,float32
57,356.608381,4182,52430573,231.555,random,float32
57,361.112451,51007,52430573,836.228,random,float32
57,366.595844,22661,52430573,415.336,random,float32
57,371.693146,21148,52430573,446.105,random,float32
57,376.564080,41748,52430573,290.859,random,float32
57,381.620450,65554,52430573,303.957,random,float32
57,387.760492,29339,52430573,264.798,random,float32
57,392.755290,7803,52430573,437.462,random,float32
57,397.264717,23919,52430573,435.416,random,float32
57,402.777695,63370,52430573,429.934,random,float32
57,407.766137,63425,52430573,252.443,random,float32
57,412.057139,41204,52430573,392.990,random,float32
57,418.242742,17542,52430573,945.088,random,float32
57,423.373498,28798,52430573,440.365,random,float32
57,428.723585,45451,52430573,376.564,random,float32
57,433.643673,52420,52430573,382.307,random,float32
57,438.745918,1909,52430573,364.768,random,float32
57,443.837669,463,52430573,250.082,random,float32
57,448.976071,21930,52430573,232.137,random,float32
57,454.136590,45097,52430573,786.245,random,float32
57,458.674651,948,52430573,238.414,random,float32
57,463.430407,8100,52430573,387.389,random,float32
57,468.851008,46391,52430573,422.796,random,float32
57,473.462875,10998,52430573,398.011,random,float32
57,477.486802,28137,52430573,278.817,random,float32
57,482.697768,28658,52430573,376.289,random,float32
57,488.486121,57326,52430573,892.548,random,float32
57,493.547945,9025,52430573,894.784,random,float32
57,498.789525,56145,52430573,907.019,random,float32
57,502.902542,40273,52430573,347.660,random,float32
57,507.516017,54568,52430573,836.413,random,float32
57,512.697273,22446,52430573,908.032,random,float32
57,517.315350,35505,52430573,376.453,random,float32
57,522.247332,8958,52430573,416.406,random,float32
57,527.316273,24351,52430573,891.127,random,float32
57,531.592465,45743,52430573,265.355,random,float32
57,536.170950,13319,52430573,408.633,random,float32
57,540.677696,3831,52430573,907.443,random,float32
57,544.907346,18223,52430573,204.127,random,float32
57,549.802588,56869,52430573,438.983,random,float32
57,555.154291,42445,52430573,291.924,random,float32
57,560.273355,5818,52430573,251.055,random,float32
57,565.314865,10957,52430573,224.580,random,float32
57,569.570805,8978,52430573,436.042,random,float32
57,574.442377,62023,52430573,400.837,random,float32
57,580.500261,53483,52430573,924.138,random,float32
57,585.381231,64325,52430573,399.723,random,float32
57,590.343039,2421,52430573,459.472,random,float32
57,595.548768,50190,52430573,433.518,random,float32
57,601.121241,41325,52430573,435.351,random,float32
57,606.425504,48411,52430573,292.831,random,float32
57,610.841612,4738,52430573,399.205,random,float32
57,615.817956,35289,52430573,431.827,random,float32
57,621.594945,62281,52430573,877.136,random,float32
57,626.458794,51437,52430573,895.925,random,float32
57,630.850865,61497,52430573,395.492,random,float32
57,636.860312,16770,52430573,866.841,random,float32
57,641.660628,48649,52430573,814.546,random,float32
57,646.677526,4803,52430573,402.275,random,float32
57,652.258886,11032,52430573,412.034,random,float32
57,657.100897,13414,52430573,413.481,random,float32
57,662.399121,63582,52430573,424.779,random,float32
57,667.123084,50287,52430573,271.541,random,float32
57,672.117220,6235,52430573,387.572,random,float32
57,675.681836,9248,52430573,384.153,random,float32
57,680.816256,6055,52430573,440.649,random,float32
57,686.792235,55085,52430573,237.196,random,float32
57,692.083061,6303,52430573,413.100,random,float32
57,698.228421,33536,52430573,971.135,random,float32
57,703.911647,28835,52430573,874.579,random,float32
57,708.703822,39961,52430573,381.205,random,float32
57,713.629073,56118,52430573,424.543,random,float32
57,719.715877,30348,52430573,920.425,random,float32
57,725.291719,30354,52430573,413.396,random,float32
57,730.719531,22597,52430573,296.015,random,float32
57,736.678829,3379,52430573,250.324,random,float32
57,742.170611,24812,52430573,392.772,random,float32
57,748.233332,65421,52430573,953.526,random,float32
57,752.267309,24278,52430573,249.202,random,float32
57,757.714531,15447,52430573,464.819,random,float32
57,763.112457,40526,52430573,368.464,random,float32
57,767.900463,50330,52430573,754.114,random,float32
57,773.279967,63480,52430573,398.300,random,float32
57,778.580866,8607,52430573,407.297,random,float32
57,783.005152,44019,52430573,721.474,random,float32
57,787.395315,7063,52430573,235.993,random,float32
57,791.833103,3559,52430573,206.713,random,float32
57,797.046071,5323,52430573,371.695,random,float32
57,801.678260,49192,52430573,419.679,random,float32
57,807.316112,39703,52430573,492.160,random,float32
57,812.738996,17511,52430573,273.666,random,float32
57,818.720241,38025,52430573,918.600,random,float32
57,824.369688,14953,52430573,425.666,random,float32
57,830.034791,59836,52430573,900.932,random,float32
57,835.654567,56591,52430573,249.684,random,float32
57,840.657908,33526,52430573,287.282,random,float32
57,846.648319,26198,52430573,257.978,random,float32
57,852.114783,46704,52430573,397.195,random,float32
57,857.319328,44843,52430573,379.754,random,float32
57,861.575277,17393,52430573,389.349,random,float32
57,866.039559,20167,52430573,383.871,random,float32
57,871.054915,61681,52430573,426.007,random,float32
57,875.165032,41413,52430573,247.033,random,float32
57,880.310430,27500,52430573,266.434,random,float32
57,885.542411,17735,52430573,387.795,random,float32
57,890.375236,47865,52430573,391.117,random,float32
57,894.960550,40922,52430573,717.478,random,float32
57,897.053107,59584,52430573,132.347,random,float32
57,898.467958,64302,52430573,99.804,random,float32
57,899.384358,6908,52430573,68.219,random,float32
57,900.046833,59058,52430573,71.588,random,float32
58,305.433991,12381,52430573,271.798,random,float32
58,310.429611,28032,52430573,443.603,random,float32
58,315.723770,58210,52430573,988.807,random,float32
58,320.621494,13559,52430573,407.560,random,float32
58,325.786649,33966,52430573,443.808,random,float32
58,330.289466,63779,52430573,295.437,random,float32
58,335.452036,13986,52430573,224.254,random,float32
58,340.423819,30779,52430573,410.055,random,float32
58,344.866019,34405,52430573,395.647,random,float32
58,350.789463,13198,52430573,391.724,random,float32
58,356.688965,62505,52430573,437.169,random,float32
58,362.710664,53921,52430573,868.972,random,float32
58,367.931371,42542,52430573,366.267,random,float32
58,373.131792,54383,52430573,388.843,random,float32
58,377.829868,17008,52430573,409.811,random,float32
58,383.061981,58174,52430573,395.517,random,float32
58,388.415795,13655,52430573,306.227,random,float32
58,393.158877,37366,52430573,399.408,random,float32
58,399.097901,51518,52430573,385.958,random,float32
58,403.846356,32709,52430573,903.595,random,float32
58,408.940052,61485,52430573,922.243,random,float32
58,413.380359,22302,52430573,233.820,random,float32
58,418.090933,7171,52430573,896.761,random,float32
58,423.649370,62161,52430573,386.664,random,float32
58,428.260065,11346,52430573,385.563,random,float32
58,432.172820,11902,52430573,374.091,random,float32
58,437.875298,4935,52430573,876.753,random,float32
58,442.267906,26141,52430573,427.838,random,float32
58,447.707916,39787,52430573,382.277,random,float32
58,453.898112,35880,52430573,802.132,random,float32
58,458.797290,47248,52430573,408.274,random,float32
58,463.078415,32976,52430573,376.383,random,float32
58,467.961243,25809,52430573,837.081,random,float32
58,472.365928,65797,52430573,405.574,random,float32
58,477.153193,31650,52430573,414.454,random,float32
58,482.263581,7792,52430573,285.355,random,float32
58,486.950914,40555,52430573,382.398,random,float32
58,492.640485,48584,52430573,271.420,random,float32
58,497.755457,7383,52430573,213.792,random,float32
58,503.680832,32534,52430573,914.386,random,float32
58,507.925582,6883,52430573,437.338,random,float32
58,513.312775,65295,52430573,404.211,random,float32
58,518.756055,63114,52430573,261.487,random,float32
58,524.142697,10794,52430573,256.961,random,float32
58,529.350848,57323,52430573,404.334,random,float32
58,535.863148,5944,52430573,943.714,random,float32
58,540.647115,34903,52430573,943.894,random,float32
58,545.313794,6610,52430573,335.094,random,float32
58,550.076824,29109,52430573,378.860,random,float32
58,556.081294,13660,52430573,890.962,random,float32
58,560.827527,46935,52430573,278.469,random,float32
58,565.702473,12364,52430573,418.286,random,float32
58,570.910188,60800,52430573,380.581,random,float32
58,575.719066,31780,52430573,369.669,random,float32
58,579.570179,16010,52430573,416.745,random,float32
58,584.963174,47424,52430573,392.262,random,float32
58,590.022813,28804,52430573,451.859,random,float32
58,594.891149,1639,52430573,349.450,random,float32
58,600.320431,32156,52430573,403.101,random,float32
58,605.924800,28339,52430573,964.754,random,float32
58,610.799952,51429,52430573,405.954,random,float32
58,615.513056,8710,52430573,222.883,random,float32
58,620.076979,32364,52430573,267.802,random,float32
58,624.911824,30746,52430573,342.767,random,float32
58,628.977515,57649,52430573,382.525,random,float32
58,634.764739,35177,52430573,802.999,random,float32
58,638.866286,14573,52430573,244.877,random,float32
58,643.625636,41848,52430573,408.318,random,float32
58,648.549819,2728,52430573,406.786,random,float32
58,653.432275,12755,52430573,415.894,random,float32
58,658.850482,23623,52430573,402.310,random,float32
58,663.279224,50999,52430573,422.455,random,float32
58,668.619001,35856,52430573,427.727,random,float32
58,673.457847,37254,52430573,424.934,random,float32
58,678.097941,2006,52430573,407.465,random,float32
58,683.820657,59571,52430573,430.604,random,float32
58,688.476630,6752,52430573,390.787,random,float32
58,694.950352,21284,52430573,964.049,random,float32
58,699.650238,15705,52430573,909.604,random,float32
58,704.947533,13755,52430573,223.795,random,float32
58,710.290871,65415,52430573,440.151,random,float32
58,715.465190,64669,52430573,383.310,random,float32
58,720.261984,18658,52430573,437.013,random,float32
58,724.771181,61895,52430573,361.832,random,float32
58,730.256096,58715,52430573,412.084,random,float32
58,734.800879,57892,52430573,300.535,random,float32
58,739.752745,11333,52430573,360.543,random,float32
58,744.925801,46,52430573,454.144,random,float32
58,750.161947,9655,52430573,399.570,random,float32
58,755.454428,55565,52430573,384.934,random,float32
58,761.523263,2484,52430573,938.196,random,float32
58,766.345349,54618,52430573,425.543,random,float32
58,771.485769,11784,52430573,976.127,random,float32
58,776.221758,6936,52430573,229.766,random,float32
58,781.695509,42376,52430573,401.179,random,float32
58,785.900376,35392,52430573,412.203,random,float32
58,790.924251,50879,52430573,230.234,random,float32
58,794.864793,45434,52430573,387.163,random,float32
58,800.113811,62778,52430573,403.172,random,float32
58,805.457810,26367,52430573,832.105,random,float32
58,810.882467,46273,52430573,290.123,random,float32
58,815.969511,2982,52430573,403.926,random,float32
58,822.100665,27971,52430573,942.550,random,float32
58,828.437097,62958,52430573,889.667,random,float32
58,833.989106,53374,52430573,930.692,random,float32
58,838.740921,35386,52430573,218.064,random,float32
58,844.603596,6479,52430573,546.946,random,float32
58,850.082555,17738,52430573,410.115,random,float32
58,855.642561,19699,52430573,407.456,random,float32
58,860.491046,37284,52430573,424.233,random,float32
58,865.197692,42265,52430573,379.773,random,float32
58,869.807758,30062,52430573,924.377,random,float32
58,875.389754,44531,52430573,416.898,random,float32
58,881.367790,6962,52430573,932.838,random,float32
58,886.991083,25175,52430573,448.933,random,float32
58,893.316457,48333,52430573,925.357,random,float32
58,896.682921,15392,52430573,163.442,random,float32
58,898.125195,61016,52430573,205.860,random,float32
58,898.981066,61073,52430573,55.649,random,float32
58,899.705160,29270,52430573,60.680,random,float32
59,305.229867,31751,52430573,276.236,random,float32
59,310.724055,5002,52430573,425.294,random,float32
59,316.227370,14452,52430573,429.183,random,float32
59,323.206255,31154,52430573,926.154,random,float32
59,327.658314,4968,52430573,406.585,random,float32
59,332.981572,36267,52430573,417.874,random,float32
59,337.004222,41864,52430573,432.624,random,float32
59,343.152597,4725,52430573,894.942,random,float32
59,346.628315,36711,52430573,408.174,random,float32
59,352.020122,65054,52430573,453.840,random,float32
59,357.036744,64267,52430573,411.885,random,float32
59,363.159220,63916,52430573,447.446,random,float32
59,368.485459,62731,52430573,409.849,random,float32
59,373.268908,54895,52430573,374.323,random,float32
59,377.907559,42514,52430573,366.287,random,float32
59,383.034251,48012,52430573,278.964,random,float32
59,388.063767,63450,52430573,374.789,random,float32
59,393.787723,42563,52430573,840.970,random,float32
59,398.579922,33289,52430573,873.444,random,float32
59,403.770446,54244,52430573,894.436,random,float32
59,408.810677,65791,52430573,785.004,random,float32
59,413.668834,19680,52430573,415.453,random,float32
59,418.543402,63842,52430573,560.626,random,float32
59,423.620060,58553,52430573,404.107,random,float32
59,428.854150,37520,52430573,383.690,random,float32
59,433.846319,65690,52430573,433.617,random,float32
59,439.748476,65781,52430573,432.233,random,float32
59,445.670296,24495,52430573,514.908,random,float32
59,451.430118,55797,52430573,329.638,random,float32
59,456.284962,5398,52430573,889.634,random,float32
59,461.828027,12131,52430573,480.218,random,float32
59,468.082563,54432,52430573,909.353,random,float32
59,474.725896,2459,52430573,896.125,random,float32
59,480.228981,13625,52430573,914.698,random,float32
59,485.440440,59191,52430573,732.652,random,float32
59,490.021316,45809,52430573,875.068,random,float32
59,494.295631,56882,52430573,300.247,random,float32
59,500.287185,49798,52430573,732.062,random,float32
59,505.702336,2418,52430573,902.158,random,float32
59,510.314672,38914,52430573,295.912,random,float32
59,515.738641,47669,52430573,961.584,random,float32
59,521.078197,57990,52430573,439.138,random,float32
59,526.413435,39875,52430573,397.295,random,float32
59,531.185795,61356,52430573,260.431,random,float32
59,537.253249,1250,52430573,896.878,random,float32
59,543.048126,65497,52430573,390.712,random,float32
59,547.689008,42479,52430573,386.525,random,float32
59,552.739707,52983,52430573,394.760,random,float32
59,557.407644,25874,52430573,918.540,random,float32
59,562.160616,57195,52430573,242.535,random,float32
59,567.036775,6619,52430573,440.861,random,float32
59,572.186487,31922,52430573,254.841,random,float32
59,576.973959,42142,52430573,873.998,random,float32
59,582.261856,45382,52430573,957.059,random,float32
59,587.096115,4896,52430573,410.001,random,float32
59,592.425100,48546,52430573,421.845,random,float32
59,597.272872,17018,52430573,442.976,random,float32
59,602.545850,25981,52430573,830.213,random,float32
59,607.341005,37969,52430573,349.913,random,float32
59,611.931998,49304,52430573,393.030,random,float32
59,616.935555,45764,52430573,435.719,random,float32
59,622.236655,15018,52430573,401.475,random,float32
59,626.980824,26985,52430573,290.150,random,float32
59,633.041382,53286,52430573,908.558,random,float32
59,638.108435,23076,52430573,727.400,random,float32
59,643.536469,13537,52430573,247.449,random,float32
59,648.734527,29934,52430573,404.808,random,float32
59,653.838618,55884,52430573,383.449,random,float32
59,658.912470,6190,52430573,401.419,random,float32
59,664.900723,57022,52430573,435.353,random,float32
59,670.339000,13025,52430573,447.902,random,float32
59,675.392965,12856,52430573,387.080,random,float32
59,681.244104,64378,52430573,865.654,random,float32
59,686.880032,54013,52430573,438.747,random,float32
59,692.071360,23024,52430573,404.140,random,float32
59,697.539742,34541,52430573,374.254,random,float32
59,702.386393,50734,52430573,962.304,random,float32
59,708.006450,30163,52430573,243.701,random,float32
59,713.610766,31026,52430573,413.932,random,float32
59,719.673702,24846,52430573,935.716,random,float32
59,725.416146,32421,52430573,439.242,random,float32
59,730.654764,49577,52430573,443.880,random,float32
59,735.875153,10352,52430573,250.117,random,float32
59,740.452749,52581,52430573,407.575,random,float32
59,746.272853,9108,52430573,927.527,random,float32
59,751.159754,39358,52430573,962.783,random,float32
59,756.102808,20448,52430573,367.851,random,float32
59,761.799011,1481,52430573,249.805,random,float32
59,767.057188,505,52430573,399.078,random,float32
59,773.065424,56121,52430573,420.825,random,float32
59,778.773896,54292,52430573,432.261,random,float32
59,784.800978,64640,52430573,443.828,random,float32
59,790.915630,44236,52430573,906.059,random,float32
59,796.710727,13449,52430573,429.658,random,float32
59,801.753630,37431,52430573,327.143,random,float32
59,806.652748,32005,52430573,403.366,random,float32
59,811.877283,27447,52430573,914.457,random,float32
59,815.806833,45111,52430573,390.337,random,float32
59,820.895030,33095,52430573,398.013,random,float32
59,825.482077,50478,52430573,405.537,random,float32
59,830.707056,42800,52430573,370.770,random,float32
59,835.504866,19856,52430573,239.499,random,float32
59,840.014859,6883,52430573,233.494,random,float32
59,844.918015,38126,52430573,476.990,random,float32
59,850.198255,31720,52430573,368.456,random,float32
59,855.412892,23910,52430573,396.566,random,float32
59,860.475056,51189,52430573,381.956,random,float32
59,865.100362,17755,52430573,345.269,random,float32
59,870.433220,62305,52430573,368.262,random,float32
59,876.494501,43564,52430573,390.722,random,float32
59,881.755236,50414,52430573,405.730,random,float32
59,886.719652,30708,52430573,365.219,random,float32
59,892.271467,62265,52430573,366.603,random,float32
59,895.901940,47025,52430573,149.272,random,float32
59,897.599563,56390,52430573,99.225,random,float32
59,898.745092,59427,52430573,58.860,random,float32
59,899.420293,7805,52430573,70.737,random,float32
60,305.353173,2665,52430573,385.366,random,float32
60,310.249259,651,52430573,401.461,random,float32
60,314.517896,13598,52430573,381.155,random,float32
60,319.446411,1367,52430573,387.442,random,float32
60,325.089816,35628,52430573,961.374,random,float32
60,329.034556,57056,52430573,213.689,random,float32
60,333.481103,49636,52430573,852.837,random,float32
60,337.725404,51212,52430573,444.546,random,float32
60,343.643087,57872,52430573,374.698,random,float32
60,348.458891,37308,52430573,304.346,random,float32
60,353.738863,58587,52430573,382.271,random,float32
60,358.721596,14341,52430573,404.709,random,float32
60,364.186877,16880,52430573,895.044,random,float32
60,369.532015,58641,52430573,978.819,random,float32
60,374.768006,44642,52430573,446.089,random,float32
60,380.096674,28837,52430573,301.793,random,float32
60,385.725894,23031,52430573,959.569,random,float32
60,390.452408,47726,52430573,319.522,random,float32
60,396.633760,24237,52430573,921.215,random,float32
60,402.174478,676,52430573,435.225,random,float32
60,407.412006,40258,52430573,272.705,random,float32
60,412.786815,24044,52430573,932.715,random,float32
60,417.989812,44648,52430573,230.116,random,float32
60,423.287013,22375,52430573,430.037,random,float32
60,428.731138,2968,52430573,430.028,random,float32
60,434.764821,10260,52430573,429.769,random,float32
60,439.737881,25386,52430573,435.857,random,float32
60,444.956237,2543,52430573,447.346,random,float32
60,449.533317,25319,52430573,296.098,random,float32
60,455.068161,35212,52430573,396.411,random,float32
60,459.833253,5747,52430573,409.055,random,float32
60,464.975033,56661,52430573,232.809,random,float32
60,471.140851,41932,52430573,920.202,random,float32
60,476.724693,1568,52430573,426.646,random,float32
60,481.998754,34685,52430573,962.589,random,float32
60,487.295639,12177,52430573,389.002,random,float32
60,491.948126,57553,52430573,392.227,random,float32
60,496.924443,34429,52430573,794.035,random,float32
60,502.211917,31530,52430573,435.246,random,float32
60,507.526070,11229,52430573,418.562,random,float32
60,513.007138,10072,52430573,407.952,random,float32
60,518.864727,3037,52430573,391.611,random,float32
60,524.194642,6962,52430573,391.942,random,float32
60,529.057831,55038,52430573,407.397,random,float32
60,534.244717,18265,52430573,398.643,random,float32
60,539.477765,22820,52430573,365.619,random,float32
60,544.738318,54312,52430573,402.781,random,float32
60,549.968433,30976,52430573,417.704,random,float32
60,554.677982,22453,52430573,413.328,random,float32
60,559.423441,14770,52430573,369.384,random,float32
60,564.733680,37604,52430573,955.010,random,float32
60,570.018354,48415,52430573,701.883,random,float32
60,574.299752,64724,52430573,388.902,random,float32
60,580.178896,53127,52430573,885.721,random,float32
60,584.754239,58035,52430573,417.585,random,float32
60,589.986562,61653,52430573,425.065,random,float32
60,595.479601,28315,52430573,453.299,random,float32
60,600.955477,28891,52430573,426.673,random,float32
60,606.225463,16446,52430573,448.427,random,float32
60,611.513184,46093,52430573,777.479,random,float32
60,616.323189,22617,52430573,421.224,random,float32
60,621.745291,25059,52430573,280.651,random,float32
60,626.809352,22944,52430573,386.511,random,float32
60,632.905497,15656,52430573,883.769,random,float32
60,638.286406,44678,52430573,885.922,random,float32
60,642.807753,64893,52430573,350.784,random,float32
60,648.249860,38995,52430573,400.075,random,float32
60,653.727794,5527,52430573,212.459,random,float32
60,658.458176,52445,52430573,467.304,random,float32
60,664.362612,32574,52430573,824.145,random,float32
60,669.418242,65223,52430573,960.252,random,float32
60,673.756873,27835,52430573,401.112,random,float32
60,678.626875,6447,52430573,423.276,random,float32
60,684.171170,10501,52430573,395.517,random,float32
60,689.028041,10735,52430573,212.835,random,float32
60,695.496708,8339,52430573,439.336,random,float32
60,700.320965,37891,52430573,425.532,random,float32
60,706.189728,43406,52430573,424.422,random,float32
60,711.884765,44117,52430573,390.114,random,float32
60,718.054458,37536,52430573,945.377,random,float32
60,722.644594,25934,52430573,225.227,random,float32
60,728.019545,32315,52430573,910.429,random,float32
60,732.553545,25427,52430573,396.163,random,float32
60,737.323780,13855,52430573,353.377,random,float32
60,742.603875,5903,52430573,332.833,random,float32
60,748.281294,31337,52430573,396.749,random,float32
60,753.572404,5182,52430573,377.241,random,float32
60,758.936453,20396,52430573,429.097,random,float32
60,764.374060,32400,52430573,375.432,random,float32
60,769.528295,45930,52430573,872.191,random,float32
60,773.672762,7650,52430573,317.385,random,float32
60,777.562210,18293,52430573,908.092,random,float32
60,781.217718,56643,52430573,386.322,random,float32
60,786.379522,18826,52430573,415.129,random,float32
60,791.387632,14790,52430573,371.414,random,float32
60,796.939263,29402,52430573,333.594,random,float32
60,802.901177,7087,52430573,253.322,random,float32
60,808.572215,17413,52430573,435.174,random,float32
60,813.377981,45589,52430573,437.028,random,float32
60,818.813739,24877,52430573,420.446,random,float32
60,823.294308,49569,52430573,296.630,random,float32
60,828.285521,40841,52430573,929.733,random,float32
60,832.907792,47443,52430573,399.602,random,float32
60,838.255129,15073,52430573,907.783,random,float32
60,843.933904,57663,52430573,1065.433,random,float32
60,849.653497,39871,52430573,926.478,random,float32
60,854.709660,37978,52430573,835.383,random,float32
60,860.009488,38015,52430573,976.195,random,float32
60,866.501937,57184,52430573,945.825,random,float32
60,871.186433,15826,52430573,902.249,random,float32
60,875.907500,37322,52430573,975.679,random,float32
60,880.687432,22161,52430573,367.392,random,float32
60,885.199708,133,52430573,296.368,random,float32
60,890.497021,52836,52430573,462.221,random,float32
60,895.023250,56529,52430573,188.433,random,float32
60,897.040933,34612,52430573,334.947,random,float32
60,898.160492,28766,52430573,91.749,random,float32
60,899.008512,24162,52430573,43.347,random,float32
60,899.665440,60107,52430573,67.310,random,float32
61,305.051994,21857,52430573,392.974,random,float32
61,308.911247,20864,52430573,393.968,random,float32
61,314.260079,52644,52430573,385.744,random,float32
61,318.897533,39109,52430573,406.830,random,float32
61,323.752364,8864,52430573,388.240,random,float32
61,329.097586,4865,52430573,388.667,random,float32
61,335.171987,33946,52430573,431.099,random,float32
61,339.901795,4260,52430573,848.488,random,float32
61,345.503652,42484,52430573,394.268,random,float32
61,349.809721,41536,52430573,273.016,random,float32
61,354.475770,65212,52430573,912.030,random,float32
61,359.162042,60396,52430573,408.139,random,float32
61,364.101402,52457,52430573,433.454,random,float32
61,368.504589,2821,52430573,447.697,random,float32
61,374.435649,536,52430573,415.407,random,float32
61,379.309265,10894,52430573,395.492,random,float32
61,383.978901,59795,52430573,402.722,random,float32
61,387.565512,13655,52430573,406.583,random,float32
61,392.934143,20287,52430573,421.315,random,float32
61,398.093448,34859,52430573,804.507,random,float32
61,402.237509,10746,52430573,417.712,random,float32
61,407.243080,42343,52430573,258.395,random,float32
61,411.523150,14191,52430573,396.735,random,float32
61,416.770591,52398,52430573,252.945,random,float32
61,422.015496,30617,52430573,429.485,random,float32
61,426.407420,62103,52430573,405.962,random,float32
61,431.065346,20015,52430573,215.744,random,float32
61,436.008512,31249,52430573,842.599,random,float32
61,440.901701,20286,52430573,430.612,random,float32
61,445.930453,43109,52430573,427.318,random,float32
61,451.134381,55793,52430573,420.324,random,float32
61,456.188802,36375,52430573,375.244,random,float32
61,460.981090,38342,52430573,890.656,random,float32
61,465.348048,9312,52430573,430.182,random,float32
61,470.424202,49598,52430573,420.345,random,float32
61,476.255234,57198,52430573,859.093,random,float32
61,481.575639,62374,52430573,920.828,random,float32
61,486.647773,62742,52430573,364.235,random,float32
61,491.908789,62170,52430573,408.731,random,float32
61,497.208845,47295,52430573,407.184,random,float32
61,502.622599,45496,52430573,368.192,random,float32
61,507.719205,2102,52430573,382.825,random,float32
61,513.206621,32017,52430573,434.023,random,float32
61,517.297570,15859,52430573,375.450,random,float32
61,521.911407,26253,52430573,442.615,random,float32
61,526.070311,17820,52430573,391.041,random,float32
61,531.303049,65158,52430573,288.990,random,float32
61,536.362057,11483,52430573,218.284,random,float32
61,542.030879,3422,52430573,396.094,random,float32
61,547.557171,34391,52430573,413.176,random,float32
61,552.666143,28860,52430573,449.036,random,float32
61,557.592610,51371,52430573,263.633,random,float32
61,563.180488,37510,52430573,696.552,random,float32
61,568.115932,41326,52430573,895.301,random,float32
61,573.802953,49181,52430573,432.136,random,float32
61,579.077732,5274,52430573,443.169,random,float32
61,584.636589,17944,52430573,298.566,random,float32
61,589.827361,29876,52430573,219.698,random,float32
61,595.426887,15375,52430573,458.569,random,float32
61,600.812419,32897,52430573,429.417,random,float32
61,606.109044,38499,52430573,466.838,random,float32
61,611.416140,63620,52430573,1374.686,random,float32
61,616.843146,10751,52430573,451.098,random,float32
61,621.705333,24772,52430573,393.392,random,float32
61,626.977242,29588,52430573,398.091,random,float32
61,632.210930,63413,52430573,413.448,random,float32
61,636.648892,28654,52430573,869.959,random,float32
61,642.260380,38705,52430573,446.235,random,float32
61,647.594681,30456,52430573,817.234,random,float32
61,651.876212,37067,52430573,404.964,random,float32
61,657.608430,53732,52430573,851.086,random,float32
61,663.205421,51476,52430573,415.709,random,float32
61,668.531195,19347,52430573,400.149,random,float32
61,674.386401,50334,52430573,905.818,random,float32
61,679.628835,8755,52430573,415.410,random,float32
61,684.637346,64049,52430573,280.372,random,float32
61,690.053426,34833,52430573,276.614,random,float32
61,696.074726,7274,52430573,920.126,random,float32
61,701.289382,42263,52430573,387.287,random,float32
61,707.363807,9417,52430573,899.160,random,float32
61,712.755089,49579,52430573,1211.575,random,float32
61,717.745388,1110,52430573,807.388,random,float32
61,722.378668,37330,52430573,285.347,random,float32
61,726.745874,17157,52430573,403.882,random,float32
61,731.417844,49031,52430573,215.637,random,float32
61,736.334630,33063,52430573,392.742,random,float32
61,741.000794,5460,52430573,313.831,random,float32
61,745.636370,28625,52430573,333.565,random,float32
61,749.237887,46826,52430573,330.966,random,float32
61,753.766362,12462,52430573,357.179,random,float32
61,758.728965,18684,52430573,389.212,random,float32
61,764.108488,9104,52430573,758.600,random,float32
61,768.049685,16429,52430573,269.701,random,float32
61,772.458759,58738,52430573,783.777,random,float32
61,777.601515,1985,52430573,918.205,random,float32
61,782.292788,48867,52430573,384.862,random,float32
61,787.167465,432,52430573,934.091,random,float32
61,792.310587,21627,52430573,901.999,random,float32
61,797.266207,40561,52430573,342.469,random,float32
61,801.422972,62721,52430573,364.644,random,float32
61,806.003008,58179,52430573,421.770,random,float32
61,811.668499,12952,52430573,933.647,random,float32
61,816.666136,32201,52430573,401.299,random,float32
61,821.481177,27873,52430573,916.111,random,float32
61,825.226262,33229,52430573,411.741,random,float32
61,830.676406,37575,52430573,393.039,random,float32
61,835.296487,20423,52430573,379.475,random,float32
61,840.433133,57095,52430573,269.406,random,float32
61,847.322379,53596,52430573,897.236,random,float32
61,851.966844,45137,52430573,367.234,random,float32
61,857.923003,40787,52430573,893.485,random,float32
61,862.286017,49173,52430573,369.371,random,float32
61,867.759702,30211,52430573,393.167,random,float32
61,873.094337,29725,52430573,397.180,random,float32
61,877.575022,50234,52430573,887.051,random,float32
61,882.719353,18387,52430573,916.605,random,float32
61,886.552481,46241,52430573,399.285,random,float32
61,891.105442,20675,52430573,897.203,random,float32
61,895.108231,62252,52430573,223.578,random,float32
61,897.024189,42114,52430573,338.210,random,float32
61,898.298516,38304,52430573,231.376,random,float32
61,898.992417,12726,52430573,68.509,random,float32
61,899.658655,29170,52430573,51.811,random,float32
62,305.702087,36872,52430573,383.487,random,float32
62,310.026539,10323,52430573,383.743,random,float32
62,315.347029,15755,52430573,380.753,random,float32
62,321.008967,40814,52430573,308.685,random,float32
62,326.383753,40869,52430573,423.789,random,float32
62,331.933610,25502,52430573,452.447,random,float32
62,337.602805,32022,52430573,790.398,random,float32
62,342.217967,37379,52430573,403.287,random,float32
62,345.732885,6443,52430573,257.900,random,float32
62,350.832515,46038,52430573,240.521,random,float32
62,356.085713,19160,52430573,410.431,random,float32
62,361.364912,46028,52430573,330.011,random,float32
62,365.825670,22303,52430573,404.381,random,float32
62,371.609369,47656,52430573,907.694,random,float32
62,376.224442,22860,52430573,877.475,random,float32
62,381.314518,12047,52430573,694.851,random,float32
62,386.225579,13536,52430573,712.985,random,float32
62,391.450725,23723,52430573,236.532,random,float32
62,396.471720,47145,52430573,390.424,random,float32
62,401.360377,37773,52430573,245.460,random,float32
62,405.872580,54500,52430573,413.155,random,float32
62,410.577090,31279,52430573,388.318,random,float32
62,415.796593,42782,52430573,415.286,random,float32
62,419.180503,58108,52430573,381.627,random,float32
62,424.383502,54268,52430573,369.966,random,float32
62,429.034500,7505,52430573,933.240,random,float32
62,433.836280,22047,52430573,908.609,random,float32
62,439.100310,4105,52430573,419.584,random,float32
62,444.062066,54681,52430573,510.982,random,float32
62,449.355972,57219,52430573,914.656,random,float32
62,453.673922,24359,52430573,399.279,random,float32
62,459.250077,57003,52430573,375.151,random,float32
62,464.576576,65769,52430573,410.008,random,float32
62,470.648997,17519,52430573,936.185,random,float32
62,475.731397,11977,52430573,394.211,random,float32
62,480.194892,16139,52430573,380.396,random,float32
62,486.256137,48599,52430573,835.832,random,float32
62,491.637104,15713,52430573,386.193,random,float32
62,496.777575,31603,52430573,389.961,random,float32
62,501.423628,1343,52430573,267.278,random,float32
62,506.362758,36249,52430573,711.955,random,float32
62,511.466520,54779,52430573,883.734,random,float32
62,516.222220,65577,52430573,379.120,random,float32
62,521.417038,60067,52430573,268.466,random,float32
62,526.377148,14702,52430573,865.471,random,float32
62,531.498960,37030,52430573,859.678,random,float32
62,536.411409,11674,52430573,858.144,random,float32
62,540.269302,19879,52430573,367.247,random,float32
62,545.367525,22100,52430573,359.318,random,float32
62,549.834276,60952,52430573,915.824,random,float32
62,554.724269,52617,52430573,362.376,random,float32
62,559.720277,39493,52430573,385.049,random,float32
62,565.644487,19867,52430573,870.172,random,float32
62,570.986443,49744,52430573,783.005,random,float32
62,576.112747,62450,52430573,871.178,random,float32
62,581.506132,25694,52430573,960.886,random,float32
62,587.005700,16681,52430573,895.477,random,float32
62,592.451464,53966,52430573,253.725,random,float32
62,600.097082,34675,52430573,2714.652,random,float32
62,605.434483,26871,52430573,446.085,random,float32
62,611.353199,18405,52430573,388.402,random,float32
62,616.387592,19643,52430573,416.671,random,float32
62,621.079538,40398,52430573,390.539,random,float32
62,626.043370,16668,52430573,438.411,random,float32
62,631.466062,15742,52430573,415.217,random,float32
62,637.261551,12256,52430573,857.163,random,float32
62,642.570932,63210,52430573,400.063,random,float32
62,647.724212,65832,52430573,391.307,random,float32
62,652.907317,11853,52430573,384.491,random,float32
62,658.228025,43585,52430573,355.337,random,float32
62,662.533086,28707,52430573,424.242,random,float32
62,666.808304,35336,52430573,398.289,random,float32
62,672.059035,56363,52430573,883.377,random,float32
62,677.431067,2897,52430573,388.163,random,float32
62,682.552337,14481,52430573,439.382,random,float32
62,688.127955,20133,52430573,381.147,random,float32
62,693.886195,13431,52430573,398.331,random,float32
62,698.795091,32233,52430573,927.337,random,float32
62,703.782097,59066,52430573,417.970,random,float32
62,709.056825,50831,52430573,428.780,random,float32
62,713.611359,64341,52430573,901.149,random,float32
62,719.097152,31838,52430573,417.561,random,float32
62,723.680827,19103,52430573,305.739,random,float32
62,728.658695,36140,52430573,207.311,random,float32
62,734.916009,2595,52430573,937.913,random,float32
62,740.306372,17675,52430573,875.030,random,float32
62,746.743859,946,52430573,920.263,random,float32
62,751.569162,5744,52430573,266.731,random,float32
62,755.725847,60170,52430573,430.293,random,float32
62,761.151229,11649,52430573,412.228,random,float32
62,766.159907,6983,52430573,392.234,random,float32
62,771.967122,3963,52430573,234.973,random,float32
62,777.162068,57675,52430573,407.241,random,float32
62,782.754430,12889,52430573,789.072,random,float32
62,787.187797,45244,52430573,379.506,random,float32
62,792.298716,6388,52430573,419.517,random,float32
62,797.400596,38875,52430573,390.127,random,float32
62,801.735499,1211,52430573,256.953,random,float32
62,806.018141,35843,52430573,397.958,random,float32
62,811.317927,16963,52430573,397.789,random,float32
62,816.699706,8142,52430573,418.667,random,float32
62,821.581727,10353,52430573,404.227,random,float32
62,825.881508,31765,52430573,902.959,random,float32
62,830.799393,2848,52430573,907.139,random,float32
62,835.740782,46246,52430573,403.308,random,float32
62,841.273234,31012,52430573,427.191,random,float32
62,846.837825,20990,52430573,745.836,random,float32
62,851.472502,52399,52430573,376.864,random,float32
62,857.450516,31302,52430573,898.024,random,float32
62,861.910576,45103,52430573,289.420,random,float32
62,867.436227,4660,52430573,232.164,random,float32
62,872.359608,9316,52430573,425.996,random,float32
62,877.110627,11258,52430573,416.062,random,float32
62,882.629030,53199,52430573,448.725,random,float32
62,888.659744,14846,52430573,914.777,random,float32
62,893.931804,2386,52430573,720.702,random,float32
62,896.047582,42859,52430573,147.475,random,float32
62,897.224551,53407,52430573,99.857,random,float32
62,898.175800,40661,52430573,70.979,random,float32
62,898.894689,44602,52430573,72.377,random,float32
62,899.455837,6782,52430573,51.697,random,float32
62,899.934120,18962,52430573,52.014,random,float32
63,305.389514,15181,52430573,939.789,random,float32
63,310.835303,28891,52430573,955.852,random,float32
63,315.937668,54620,52430573,329.895,random,float32
63,321.762526,43513,52430573,384.429,random,float32
63,326.553774,48001,52430573,365.465,random,float32
63,331.663665,60415,52430573,399.617,random,float32
63,336.411920,14896,52430573,404.038,random,float32
63,342.423004,30680,52430573,442.149,random,float32
63,347.725785,52816,52430573,417.968,random,float32
63,354.132225,11536,52430573,426.947,random,float32
63,358.230809,64378,52430573,402.522,random,float32
63,363.473577,4074,52430573,405.759,random,float32
63,367.505693,28400,52430573,396.615,random,float32
63,373.170796,13681,52430573,858.131,random,float32
63,378.415259,8789,52430573,382.736,random,float32
63,383.252440,7043,52430573,403.413,random,float32
63,388.550670,56355,52430573,391.137,random,float32
63,392.925082,40623,52430573,379.723,random,float32
63,398.150846,89,52430573,399.451,random,float32
63,403.093875,25664,52430573,241.372,random,float32
63,407.755841,24848,52430573,915.753,random,float32
63,412.033196,14563,52430573,384.356,random,float32
63,416.768236,14093,52430573,861.607,random,float32
63,421.823547,2255,52430573,899.335,random,float32
63,427.085341,3085,52430573,378.231,random,float32
63,431.809308,38116,52430573,873.762,random,float32
63,436.736498,40029,52430573,843.270,random,float32
63,442.094850,40201,52430573,393.735,random,float32
63,447.783319,23989,52430573,440.410,random,float32
63,451.678308,24302,52430573,283.475,random,float32
63,457.147163,32968,52430573,758.195,random,float32
63,462.185297,31026,52430573,453.084,random,float32
63,467.521955,38794,52430573,436.874,random,float32
63,473.668151,36615,52430573,896.542,random,float32
63,477.681973,33603,52430573,406.059,random,float32
63,483.247609,45337,52430573,427.957,random,float32
63,489.161554,35701,52430573,419.365,random,float32
63,494.437931,38912,52430573,281.746,random,float32
63,499.344647,38407,52430573,898.053,random,float32
63,503.852683,8171,52430573,443.675,random,float32
63,509.537343,14689,52430573,954.805,random,float32
63,515.019069,9210,52430573,423.459,random,float32
63,520.916926,61285,52430573,223.618,random,float32
63,525.360438,26877,52430573,391.486,random,float32
63,530.590991,49940,52430573,299.186,random,float32
63,535.466207,54115,52430573,437.878,random,float32
63,540.876768,39177,52430573,808.987,random,float32
63,544.935017,7319,52430573,430.652,random,float32
63,550.648684,56886,52430573,444.490,random,float32
63,556.630730,59176,52430573,924.576,random,float32
63,562.762164,23163,52430573,415.955,random,float32
63,567.898360,21530,52430573,423.343,random,float32
63,573.335148,28060,52430573,443.485,random,float32
63,578.105026,1416,52430573,449.656,random,float32
63,583.773967,21888,52430573,331.353,random,float32
63,589.271985,26545,52430573,429.342,random,float32
63,594.961834,47004,52430573,457.567,random,float32
63,600.413766,8628,52430573,435.673,random,float32
63,605.805579,19551,52430573,269.180,random,float32
63,611.287046,57643,52430573,387.920,random,float32
63,617.401093,3420,52430573,438.063,random,float32
63,622.786163,53294,52430573,383.258,random,float32
63,628.681439,41681,52430573,871.138,random,float32
63,632.809922,32212,52430573,382.172,random,float32
63,639.449153,45530,52430573,396.155,random,float32
63,644.930759,59192,52430573,419.987,random,float32
63,649.129092,42957,52430573,399.078,random,float32
63,655.045714,9995,52430573,918.025,random,float32
63,659.699359,23071,52430573,237.516,random,float32
63,665.553932,4961,52430573,422.873,random,float32
63,670.298475,54974,52430573,284.878,random,float32
63,675.423748,41371,52430573,261.230,random,float32
63,680.763958,29105,52430573,401.299,random,float32
63,686.161250,4679,52430573,401.436,random,float32
63,690.746856,21346,52430573,378.171,random,float32
63,695.491469,52048,52430573,236.651,random,float32
63,700.369100,31734,52430573,388.432,random,float32
63,704.677746,53905,52430573,301.428,random,float32
63,709.817618,61310,52430573,899.633,random,float32
63,714.352013,9225,52430573,415.397,random,float32
63,718.765246,8836,52430573,406.280,random,float32
63,723.507269,46734,52430573,875.266,random,float32
63,728.273640,6280,52430573,357.813,random,float32
63,732.790746,46100,52430573,882.021,random,float32
63,737.933918,42855,52430573,266.518,random,float32
63,742.372621,6877,52430573,362.899,random,float32
63,747.748655,52876,52430573,422.319,random,float32
63,752.911251,24081,52430573,387.877,random,float32
63,758.697244,42334,52430573,906.349,random,float32
63,763.451739,29956,52430573,281.856,random,float32
63,767.664654,22253,52430573,333.164,random,float32
63,773.840589,30599,52430573,466.652,random,float32
63,778.913167,63885,52430573,237.298,random,float32
63,783.170488,62678,52430573,393.680,random,float32
63,788.451072,24920,52430573,255.838,random,float32
63,793.285212,46200,52430573,387.814,random,float32
63,798.339128,56079,52430573,786.401,random,float32
63,802.753347,41760,52430573,384.008,random,float32
63,807.973213,6321,52430573,208.063,random,float32
63,812.744030,50689,52430573,434.729,random,float32
63,818.232674,58078,52430573,411.541,random,float32
63,824.146179,57018,52430573,904.288,random,float32
63,829.483207,20145,52430573,246.524,random,float32
63,834.535722,43090,52430573,451.355,random,float32
63,840.240021,64373,52430573,916.369,random,float32
63,846.478508,27207,52430573,810.060,random,float32
63,851.363056,42361,52430573,289.662,random,float32
63,856.101164,5155,52430573,371.971,random,float32
63,861.358603,13638,52430573,393.127,random,float32
63,867.270464,26861,52430573,903.213,random,float32
63,872.064355,13635,52430573,425.369,random,float32
63,877.517160,62491,52430573,391.334,random,float32
63,882.796570,29787,52430573,250.630,random,float32
63,887.562890,27485,52430573,329.055,random,float32
63,892.734827,34704,52430573,413.132,random,float32
63,895.658212,6010,52430573,157.832,random,float32
63,897.085701,47498,52430573,108.408,random,float32
63,898.064811,2740,52430573,71.766,random,float32
63,898.733164,37954,52430573,75.509,random,float32
63,899.270309,13107,52430573,54.981,random,float32
63,899.758859,8953,52430573,52.397,random,float32
