worker_id,time_since_start_s,slide_id,backend,per_tile_us,batch_size
0,10.582059,TCGA-E2-A152-01Z-00-DX1.B0860DEB-D34B-4C5D-97F5-C1C646437424,cucim,1134.32,4
0,11.210522,TCGA-B6-A0WT-01Z-00-DX1.7ED21DA2-A3D8-4DCA-9742-963879A658D8,cucim,1280.50,4
0,11.770292,TCGA-A2-A3XT-01Z-00-DX1.336D6C78-576A-481B-8C83-F3A0FC4B182C,cucim,1402.55,4
0,12.368125,TCGA-E9-A1R0-01Z-00-DX1.187C58EA-132E-4B3C-BAD0-7F59101D5C4D,cucim,1072.68,4
0,13.036511,TCGA-E9-A1R2-01Z-00-DX1.5529C856-4F4F-4F17-94A2-5CEF94A940EB,cucim,1689.34,4
0,13.690458,TCGA-C8-A12T-01Z-00-DX1.EF628C26-C570-4D15-A0C0-58B2CC40ABFC,cucim,1144.00,4
0,14.345370,TCGA-A8-A097-01Z-00-DX1.4D06990E-E759-40F0-9106-59408CF350E5,cucim,1268.77,4
0,15.010293,TCGA-A7-A0CH-01Z-00-DX1.48ADDD0B-527A-404C-B794-7D7D35BF861F,cucim,1345.38,4
0,15.736987,TCGA-E9-A1N3-01Z-00-DX1.608fb360-17bf-4f85-b090-b8fc867831a3,cucim,1124.64,4
0,16.523752,TCGA-C8-A8HP-01Z-00-DX1.B6EE8271-2E51-4184-9B0C-2ADA69B4A714,cucim,1444.08,4
0,17.227322,TCGA-AR-A2LN-01Z-00-DX1.3EF43524-28B8-4326-9356-6BCBC63A1DA8,cucim,1770.87,4
0,17.998772,TCGA-PL-A8LV-01A-02-DX2.346FF42B-2363-4B37-8884-12D5F841842C,cucim,1330.37,4
0,18.741460,TCGA-B6-A1KC-01Z-00-DX1.4DD3E48B-F434-499F-9FF1-0FFD2883A375,cucim,1198.00,4
0,19.485950,TCGA-BH-A0AZ-01Z-00-DX1.E20051E8-DEEF-48E5-B519-40777DDBC96B,cucim,1840.80,4
0,20.295172,TCGA-LD-A7W5-01Z-00-DX1.C9920081-C2FE-461E-AEF8-625D4A95BE2F,cucim,1470.16,4
0,21.117431,TCGA-AO-A03T-01Z-00-DX1.8B75E203-6DC8-4AC9-A256-6FCB818DA0DD,cucim,1927.76,4
0,21.986018,TCGA-E9-A1N8-01Z-00-DX1.1243AB1C-75A3-4A5E-9674-53992E6DD377,cucim,2299.87,4
0,22.777450,TCGA-C8-A3M8-01Z-00-DX1.97AC85E0-6281-4F2E-8034-24AD5F52D5A6,cucim,4609.35,4
0,23.637871,TCGA-LD-A7W6-01Z-00-DX1.3E125146-B447-4973-AE09-6D374970B46C,cucim,1352.54,4
0,24.654232,TCGA-LD-A7W6-01Z-00-DX1.3E125146-B447-4973-AE09-6D374970B46C,cucim,2428.96,4
0,25.542181,TCGA-D8-A27T-01Z-00-DX1.1E3A4D57-9CF2-4EBF-B74D-ADD7BD8CBFA5,cucim,1540.68,4
0,26.375143,TCGA-A8-A09G-01Z-00-DX1.B834728C-DAC5-4463-961D-7E3B220905C1,cucim,1604.04,4
0,27.332586,TCGA-E2-A2P6-01Z-00-DX1.9D8060AA-881F-49FF-AEF5-B40A3625A44A,cucim,2465.55,4
0,28.401334,TCGA-A2-A0YD-01Z-00-DX1.B81FF541-F154-4C49-950B-B6CB723369E2,cucim,1512.98,4
0,29.495877,TCGA-AC-A62X-01Z-00-DX1.36FDC9AA-4EBE-40E6-92C2-8471049171A4,cucim,5002.85,4
0,30.490858,TCGA-C8-A26Z-01Z-00-DX1.1A15D951-F3BD-4024-91DD-E7633C09A837,cucim,2176.00,4
0,31.512271,TCGA-A2-A4S3-01Z-00-DX1.50699E65-E536-4C9B-93A7-4C9894624A29,cucim,2351.31,4
0,32.742940,TCGA-EW-A1P5-01Z-00-DX1.B0D59A56-116E-48B3-BC90-237EA4B3F95B,cucim,2113.22,4
0,34.025170,TCGA-BH-A1FL-01Z-00-DX1.D3E9F46E-9A28-4AAE-8C87-D6F1851227A3,cucim,2464.50,4
0,35.014610,TCGA-EW-A6SB-01Z-00-DX1.D56E1922-01A9-4AEE-AB95-D69447DD13EE,cucim,3657.18,4
0,36.077819,TCGA-BH-A0B8-01Z-00-DX1.380ABAE9-EA83-4E9B-BFB2-6476A86C1ADD,cucim,1953.03,4
0,37.206190,TCGA-D8-A1Y3-01Z-00-DX2.B9BD14AF-52A6-4241-B3B3-03F8F5DFC8DA,cucim,1819.92,4
0,38.429833,TCGA-EW-A1OY-01Z-00-DX1.42AF5C9A-A90F-4A58-B5D4-B615F8CD4333,cucim,1737.70,4
0,39.589616,TCGA-GM-A2DM-01Z-00-DX1.652038F4-C370-40EB-A545-51062783C74C,cucim,3003.16,4
0,40.707774,TCGA-EW-A1PD-01Z-00-DX1.6F6A0122-A50B-4D00-9A3F-7A2502D44E38,cucim,1285.93,4
0,41.755732,TCGA-BH-A0HO-01Z-00-DX1.D3D66547-F5D4-40F5-B737-2FECEEB35ACB,cucim,1517.12,4
0,42.846315,TCGA-E2-A14T-01Z-00-DX1.61B4C988-6D75-447B-A5F4-9DE92CEACC9F,cucim,1613.64,4
0,43.856443,TCGA-C8-A1HF-01Z-00-DX1.81EF9A57-54E1-4750-9816-5571FD18A297,cucim,1064.58,4
0,45.021299,TCGA-BH-A208-01Z-00-DX1.C7A2885D-0535-4506-B06E-82BC62D6DFE9,cucim,3666.70,4
0,46.189169,TCGA-BH-A202-01Z-00-DX1.8CECDB74-5E6F-4CE8-B52C-A89E574F38FB,cucim,2782.16,4
0,47.449841,TCGA-E2-A15A-01Z-00-DX1.B9D22735-FE9F-46D9-84E6-0C71A1BF84D6,cucim,1358.73,4
0,48.684999,TCGA-AR-A1AS-01Z-00-DX1.72979519-0A90-42AD-9F23-1991F75C8CE7,cucim,4325.00,4
0,49.916961,TCGA-BH-A204-01Z-00-DX1.9DCE8242-E862-45AB-9452-D7299110973F,cucim,4964.47,4
0,51.343134,TCGA-AC-A6IX-01Z-00-DX1.45B63C4F-9DC3-4CED-9DF9-0F86E647BEA3,cucim,8787.55,4
0,52.868067,TCGA-B6-A0RV-01Z-00-DX1.C46C2937-868D-47B7-B9B9-E51F5433BE97,cucim,1521.44,4
0,54.313293,TCGA-A7-A26E-01Z-00-DX1.BA4A7E28-0563-4C23-82D0-AB34A2E79AE3,cucim,1373.20,4
0,55.560083,TCGA-EW-A1P3-01Z-00-DX1.EF69B964-57D6-4F8E-A183-A3022AF6E835,cucim,1192.95,4
0,57.039054,TCGA-A8-A09X-01Z-00-DX1.17B5BE28-944F-427B-8F90-44885C3EDD36,cucim,3854.04,4
0,58.360389,TCGA-A8-A09X-01Z-00-DX1.17B5BE28-944F-427B-8F90-44885C3EDD36,cucim,3255.29,4
0,59.677326,TCGA-AC-A6NO-01Z-00-DX1.61B7F48C-6D6E-4C1B-B236-DD130ECBDA9D,cucim,5575.93,4
0,61.260430,TCGA-A2-A0CX-01Z-00-DX1.F07C75AB-E568-45CB-B497-37C712490393,cucim,1287.82,4
0,62.631291,TCGA-E9-A5FL-01Z-00-DX1.FB810D6A-303E-45DF-BEF1-D9CE83B4417E,cucim,1953.25,4
0,64.018834,TCGA-LL-A6FQ-01Z-00-DX1.D4FEEC16-FC67-4C4A-A4B1-F8BA34ECBCBD,cucim,2245.24,4
0,65.349188,TCGA-AR-A1AX-01Z-00-DX1.2389D54F-545E-499E-B392-DD731834460A,cucim,2518.63,4
0,67.109290,TCGA-GM-A2DN-01Z-00-DX1.593003B0-BA87-486B-B472-D6B85867D54D,cucim,3210.06,4
0,68.490024,TCGA-E9-A54Y-01Z-00-DX1.5FD70369-6514-4E5E-8BEF-65DAC5671E1A,cucim,4162.35,4
0,70.022079,TCGA-A2-A4S3-01Z-00-DX1.50699E65-E536-4C9B-93A7-4C9894624A29,cucim,8302.50,4
1,10.615263,TCGA-E2-A574-01Z-00-DX1.60341091-B118-4F20-9ADB-FB2886790B0E,cucim,1237.47,4
1,11.307967,TCGA-E2-A572-01Z-00-DX1.7DDF1C25-58E2-4AF9-B831-598222A4E85D,cucim,1420.72,4
1,12.079421,TCGA-A7-A26I-01Z-00-DX1.0077D012-BC14-4E96-84F7-A1A6A3A778DF,cucim,1275.44,4
1,12.747460,TCGA-A7-A26I-01Z-00-DX1.0077D012-BC14-4E96-84F7-A1A6A3A778DF,cucim,1221.20,4
1,13.443789,TCGA-C8-A12U-01Z-00-DX1.8E90FC9F-630E-4611-A5D2-D6F11DBE81EF,cucim,1027.46,4
1,14.110565,TCGA-B6-A0X5-01Z-00-DX1.02A9FF1E-EA20-4F2D-A2BB-427A287DE3FD,cucim,2258.05,4
1,14.801387,TCGA-AO-A03R-01Z-00-DX1.DC317201-7F22-4C4A-86A5-ED82C37757C8,cucim,1382.05,4
1,15.448828,TCGA-BH-A28O-01Z-00-DX1.B37603E3-BC80-4DDA-B44D-B5F794E3398E,cucim,1203.29,4
1,16.157692,TCGA-EW-A1PA-01Z-00-DX1.03B033F8-62C0-49E1-BDEA-C5217AB3460A,cucim,1290.87,4
1,16.889475,TCGA-A8-A09I-01Z-00-DX1.B738E479-8766-4766-B012-B32AC2F27533,cucim,3035.61,4
1,17.633068,TCGA-AO-A129-01Z-00-DX1.BF485416-BF57-4F39-866B-4B1E201876FA,cucim,1594.33,4
1,18.385876,TCGA-GM-A2DN-01Z-00-DX1.593003B0-BA87-486B-B472-D6B85867D54D,cucim,2351.43,4
1,19.193384,TCGA-A8-A08G-01Z-00-DX1.C3BB7FEC-91B7-4B45-8DFC-36CABCC0FD57,cucim,2144.12,4
1,19.949677,TCGA-BH-A0B0-01Z-00-DX1.316D35DB-7F13-4AE5-82A7-5716D2519669,cucim,1405.46,4
1,20.746393,TCGA-D8-A1Y3-01Z-00-DX1.8AA5F695-A06C-4DEA-AD71-16254A48B218,cucim,1579.10,4
1,21.602295,TCGA-A8-A099-01Z-00-DX1.B19C28B5-FEBC-49B4-A60E-E6B85BB00DD7,cucim,1625.02,4
1,22.659337,TCGA-D8-A1XC-01Z-00-DX2.10BA8536-D6AF-460E-9796-EB77FFE3EF5B,cucim,1716.43,4
1,23.559211,TCGA-BH-A0EA-01Z-00-DX1.85FF2B48-2AF7-4C15-A7E6-FCA68CAB76C7,cucim,1603.99,4
1,24.402615,TCGA-E2-A1LK-01Z-00-DX1.5EBAA1F4-F1B4-4938-A51F-0246621BB0ED,cucim,1749.54,4
1,25.326387,TCGA-E9-A3Q9-01Z-00-DX1.2D0CA5D4-CCE5-4647-BFB3-D5359F53DA83,cucim,2766.31,4
1,26.287846,TCGA-C8-A134-01Z-00-DX1.78D10BCC-98B3-4587-897D-3E27DA28D2EB,cucim,1676.35,4
1,27.429941,TCGA-EW-A1IW-01Z-00-DX1.0DE87057-951F-4887-A2D5-485736D66E4E,cucim,2296.80,4
1,28.316001,TCGA-E9-A249-01Z-00-DX1.CA244384-FD89-44F6-8F94-A060A4C241CA,cucim,1317.59,4
1,29.225774,TCGA-E9-A1R2-01Z-00-DX1.5529C856-4F4F-4F17-94A2-5CEF94A940EB,cucim,1689.38,4
1,30.269649,TCGA-E9-A54X-01Z-00-DX1.9BF3DE15-FA5A-459D-9B2E-8EB92F34228D,cucim,2516.38,4
1,31.294221,TCGA-E2-A1IE-01Z-00-DX1.D6BF29A7-4FBD-4F7D-B093-991FA0F49FE8,cucim,1097.05,4
1,32.322888,TCGA-EW-A1PA-01Z-00-DX1.03B033F8-62C0-49E1-BDEA-C5217AB3460A,cucim,4481.11,4
1,33.286112,TCGA-AO-A0JI-01Z-00-DX1.4DCDA545-B7E3-49DF-AB10-963E84BEB105,cucim,1448.15,4
1,34.298486,TCGA-BH-A0HF-01Z-00-DX1.1EB2F7CE-54F4-4E41-A3CF-78209770B7CE,cucim,1255.59,4
1,35.345546,TCGA-A7-A6VX-01Z-00-DX1.F74DA243-C65A-4997-BCA0-F1C89675978C,cucim,1682.23,4
1,36.412011,TCGA-A7-A3IY-01Z-00-DX1.B4E75265-3B2A-456C-996A-F95B5A645BF8,cucim,2868.60,4
1,37.598658,TCGA-BH-A2L8-01Z-00-DX1.ACA51CA9-3C38-48A6-B4A9-C12FFAB9AB56,cucim,3313.40,4
1,38.605494,TCGA-C8-A12X-01Z-00-DX1.2967579D-40AE-4425-BE81-5109713C16B4,cucim,1484.04,4
1,39.695710,TCGA-AR-A1AU-01Z-00-DX1.F06647D1-E5A3-46FE-8537-01A10A08A4EC,cucim,2488.55,4
1,41.159750,TCGA-AC-A2FK-01Z-00-DX1.033F3C27-9860-4EF3-9330-37DE5EC45724,cucim,9535.04,4
1,42.264056,TCGA-AO-A1KQ-01Z-00-DX1.CAB7D9A5-7030-4A33-BE51-9B04D67A7676,cucim,5256.48,4
1,43.377954,TCGA-A7-A4SA-01Z-00-DX1.B48FFD3E-9B45-4CEA-ACEE-5B08058CCF5F,cucim,1642.94,4
1,44.510301,TCGA-LD-A7W6-01Z-00-DX1.3E125146-B447-4973-AE09-6D374970B46C,cucim,7160.44,4
1,45.775627,TCGA-BH-A42U-01Z-00-DX1.130D060A-3DD8-407E-B8B0-EBBF743491AE,cucim,2841.91,4
1,46.965590,TCGA-A8-A06X-01Z-00-DX1.21F19EDD-ABCB-4398-B210-D795BB7A34E3,cucim,4587.65,4
1,48.130507,TCGA-C8-A12Q-01Z-00-DX1.CE74E5B7-FD30-4CBE-8716-ECCF2213AAC3,cucim,4685.76,4
1,49.514023,TCGA-AR-A24L-01Z-00-DX1.218A0AE1-D070-4A16-A277-31185F10724D,cucim,1255.83,4
1,50.930110,TCGA-A8-A090-01Z-00-DX1.01574070-D65E-486F-B69D-0F8E3816D057,cucim,2061.24,4
1,52.419859,TCGA-D8-A3Z6-01Z-00-DX2.19C6AA07-5D58-46CD-91D0-90DD5CC84022,cucim,2316.06,4
1,54.012267,TCGA-LL-A5YN-01Z-00-DX1.F221939B-3680-4B95-93A9-BE8599550E87,cucim,1272.07,4
1,55.551023,TCGA-A7-A426-01Z-00-DX1.3058E873-9442-4872-80DA-E8A5B35054D2,cucim,2663.03,4
1,57.428365,TCGA-EW-A1P8-01Z-00-DX1.E9852193-8CDD-49EF-B49B-DA6931198F0D,cucim,2264.65,4
1,58.879756,TCGA-BH-A0HW-01Z-00-DX1.44DCCE00-133F-4469-A4DA-5057C011B4AC,cucim,1624.72,4
1,60.215937,TCGA-A7-A0CJ-01Z-00-DX1.E26F2F62-D688-4373-BB7B-790A06734E49,cucim,2308.30,4
1,61.529388,TCGA-E9-A1NE-01Z-00-DX1.f332124a-cdab-4ab5-82d1-4b8b7f3c9821,cucim,4264.71,4
1,63.009855,TCGA-PE-A5DE-01Z-00-DX1.88B354F2-5485-44AA-A057-89E40B988F69,cucim,13056.84,4
1,64.516149,TCGA-A8-A07J-01Z-00-DX1.FE16248C-D890-4750-A9FC-5F72BE8D8B85,cucim,2287.17,4
1,66.008674,TCGA-E9-A6HE-01Z-00-DX1.97514DBA-9BC0-4554-9A43-99C48C6B953A,cucim,2672.26,4
1,67.543883,TCGA-A7-A26I-01Z-00-DX1.0077D012-BC14-4E96-84F7-A1A6A3A778DF,cucim,3272.22,4
1,69.009742,TCGA-BH-A0C1-01Z-00-DX1.21FE357E-B182-4397-BFEF-7E96E994236A,cucim,2614.46,4
2,10.586996,TCGA-AR-A24O-01Z-00-DX1.04EFBAC8-7A4A-4005-890C-5CC3E1C67DBD,cucim,1652.35,4
2,11.226283,TCGA-A8-A09R-01Z-00-DX1.392580F3-0CE5-4EDB-91CF-814AAD0DB649,cucim,3198.39,4
2,11.853067,TCGA-A7-A0CH-01Z-00-DX1.48ADDD0B-527A-404C-B794-7D7D35BF861F,cucim,1535.98,4
2,12.581922,TCGA-E9-A5UO-01Z-00-DX1.96BFEB0C-86DB-4D3B-9364-C708937219B2,cucim,1438.95,4
2,13.217599,TCGA-AQ-A04J-01Z-00-DX1.6A4E16D4-2696-4E5F-BCA8-708556FC3A8C,cucim,1510.68,4
2,13.871934,TCGA-E2-A574-01Z-00-DX1.60341091-B118-4F20-9ADB-FB2886790B0E,cucim,3035.11,4
2,14.492065,TCGA-EW-A1J1-01Z-00-DX1.FFC2D5DB-E6D0-4143-A1E7-0A2027846C8C,cucim,1262.50,4
2,15.167267,TCGA-UU-A93S-01Z-00-DX1.C4809779-DF5F-4F5D-A78C-B7F95F2D050F,cucim,1526.25,4
2,15.801478,TCGA-E9-A1N8-01Z-00-DX1.1243AB1C-75A3-4A5E-9674-53992E6DD377,cucim,1677.08,4
2,16.491417,TCGA-D8-A27T-01Z-00-DX1.1E3A4D57-9CF2-4EBF-B74D-ADD7BD8CBFA5,cucim,1396.67,4
2,17.247997,TCGA-LL-A6FP-01Z-00-DX1.6261398A-7288-4924-BBE2-FC1949256E40,cucim,2586.90,4
2,18.116080,TCGA-BH-A28Q-01Z-00-DX1.C6D1CA93-6B2A-4722-9270-5D56592D833D,cucim,3084.15,4
2,18.922894,TCGA-D8-A27L-01Z-00-DX1.6572593C-B015-4F9A-8C9B-B634CAA0D3B4,cucim,1042.37,4
2,19.738929,TCGA-A2-A0EM-01Z-00-DX1.305CF011-7451-4880-9A5D-AB4432CF53A5,cucim,982.40,4
2,20.579699,TCGA-A2-A0EM-01Z-00-DX1.305CF011-7451-4880-9A5D-AB4432CF53A5,cucim,4930.91,4
2,21.397672,TCGA-C8-A12P-01Z-00-DX1.670B5DE8-07B0-4E4C-93FA-FA3DFFCCE50D,cucim,1238.01,4
2,22.272361,TCGA-D8-A1X9-01Z-00-DX1.28CE7849-EEC5-4ABB-A319-A977A1FD3CD1,cucim,2178.03,4
2,23.149989,TCGA-BH-A0BA-01Z-00-DX1.579E11C9-437C-4D49-8811-DD94D8454712,cucim,1584.39,4
2,23.989113,TCGA-UU-A93S-01Z-00-DX1.C4809779-DF5F-4F5D-A78C-B7F95F2D050F,cucim,1924.48,4
2,24.851785,TCGA-D8-A145-01Z-00-DX2.B834BF47-1CD6-45EA-BB88-D8ECE1FDDC6A,cucim,2375.66,4
2,25.695882,TCGA-D8-A1XM-01Z-00-DX1.5F6A140E-5D20-45F6-B76F-0F98AB27AD08,cucim,2479.85,4
2,26.592900,TCGA-AR-A250-01Z-00-DX1.572A2F73-6BF5-4932-BFEF-4B8904755ACF,cucim,1934.03,4
2,27.494316,TCGA-AR-A250-01Z-00-DX1.572A2F73-6BF5-4932-BFEF-4B8904755ACF,cucim,1502.20,4
2,28.448810,TCGA-B6-A0I9-01Z-00-DX1.78E1D43A-507E-482E-B988-AF13B12B4497,cucim,2279.55,4
2,29.430189,TCGA-AR-A1AU-01Z-00-DX1.F06647D1-E5A3-46FE-8537-01A10A08A4EC,cucim,1818.60,4
2,30.463900,TCGA-D8-A1XM-01Z-00-DX1.5F6A140E-5D20-45F6-B76F-0F98AB27AD08,cucim,1217.86,4
2,31.480919,TCGA-AR-A5QM-01Z-00-DX1.A9017CED-FF57-4090-95B9-94DC91854347,cucim,1957.39,4
2,32.481042,TCGA-E2-A15A-01Z-00-DX1.B9D22735-FE9F-46D9-84E6-0C71A1BF84D6,cucim,1170.39,4
2,33.474849,TCGA-AR-A24T-01Z-00-DX1.3B325D54-38EC-4E16-BDE1-628894CC15AA,cucim,2905.41,4
2,34.611036,TCGA-AR-A0TS-01Z-00-DX1.2DB81A2E-16C1-4EE0-8175-65FA46768277,cucim,1932.31,4
2,35.629670,TCGA-EW-A1IZ-01Z-00-DX1.81D5544E-0A7D-4A92-A3B0-4F22CFB8BBB2,cucim,1585.33,4
2,36.712476,TCGA-A8-A096-01Z-00-DX1.FCECFB0D-4E02-4C69-A0FE-7D6C7F9FEB07,cucim,2024.92,4
2,37.822332,TCGA-AR-A0TV-01Z-00-DX1.29AE9996-E73A-41F8-BCC9-23DEDCA5A7AC,cucim,1326.13,4
2,39.028781,TCGA-AR-A5QQ-01Z-00-DX1.4185D6D2-498E-4E71-8CB3-EDB4739C6229,cucim,1435.27,4
2,40.173643,TCGA-A8-A08C-01Z-00-DX1.0602211C-1098-4711-AA41-8F56B11DB36F,cucim,1976.92,4
2,41.426899,TCGA-A2-A4RX-01Z-00-DX1.E2C96C9D-5023-4F41-8CC8-24C6E015B252,cucim,2258.88,4
2,42.530923,TCGA-A7-A0CE-01Z-00-DX1.E67322FB-ED25-4B85-B3B0-2B8BD277BB4A,cucim,1440.09,4
2,43.708763,TCGA-AO-A0JJ-01Z-00-DX1.D5B636F5-1B47-4033-9938-9DC8CD48CEE9,cucim,1249.17,4
2,44.776075,TCGA-D8-A142-01Z-00-DX1.F6D58989-9120-40C9-918D-6B1650C1A8E8,cucim,3680.89,4
2,45.934157,TCGA-E2-A15J-01Z-00-DX1.BF7901D1-30B1-4A76-B0A5-E9B8B36EF4C9,cucim,1857.00,4
2,47.136848,TCGA-BH-A0EB-01Z-00-DX1.70D7BBA0-214D-4D1A-933C-7CFCDA5416A3,cucim,1372.15,4
2,48.255442,TCGA-AR-A0TU-01Z-00-DX1.2CBBDDAB-C1DD-4205-A555-431542F9C069,cucim,2367.84,4
2,49.466887,TCGA-D8-A1J9-01Z-00-DX1.F81FA9EF-8129-4E17-A9AD-2B850782CC18,cucim,1803.30,4
2,50.744056,TCGA-AN-A0FW-01Z-00-DX1.5EEDFC71-6ABE-4189-8C45-2127403A8F04,cucim,1040.28,4
2,52.068719,TCGA-AQ-A7U7-01Z-00-DX1.AB5629A1-399E-402B-AD3D-DAF9F97D8300,cucim,1624.54,4
2,53.518036,TCGA-A2-A0CY-01Z-00-DX1.8815F011-317B-4BB7-A48F-64EABD0E558B,cucim,880.07,4
2,54.753227,TCGA-E2-A1IO-01Z-00-DX1.C812D02F-3B40-496B-9EF5-7F68ADE64962,cucim,4282.89,4
2,56.062698,TCGA-AC-A3BB-01Z-00-DX1.CE889249-2A5E-44DA-B04E-746BE82CD805,cucim,7852.91,4
2,57.712401,TCGA-EW-A1OY-01Z-00-DX1.42AF5C9A-A90F-4A58-B5D4-B615F8CD4333,cucim,2148.36,4
2,59.297111,TCGA-OK-A5Q2-01Z-00-DX1.0D169898-37C6-44CA-AC87-27887123AA6F,cucim,1524.08,4
2,60.606248,TCGA-D8-A13Z-01Z-00-DX1.517140BB-D34C-42F8-952C-340EF16D382F,cucim,2303.72,4
2,61.900788,TCGA-PE-A5DD-01Z-00-DX1.E1EF11EC-B87B-49DE-A544-2E162F9AE789,cucim,1428.85,4
2,63.478714,TCGA-3C-AALJ-01Z-00-DX2.62DFE56B-B84C-40F9-9625-FCB55767B70D,cucim,6050.74,4
2,65.074077,TCGA-EW-A1PF-01Z-00-DX1.9420D058-65CE-4DF8-815F-EB407003096E,cucim,4242.17,4
2,66.534360,TCGA-A8-A093-01Z-00-DX1.1C8056D1-11CD-482D-9A23-3A9D1B4E63F0,cucim,8797.13,4
2,67.909799,TCGA-OL-A66K-01Z-00-DX1.C1DC85F1-4FAE-4411-9886-11DCB5E70CC3,cucim,1321.78,4
2,69.319210,TCGA-EW-A1J5-01Z-00-DX1.FFE303B1-7F36-4276-B931-C2A6B2CBD1F2,cucim,1829.42,4
3,10.629884,TCGA-A2-A0YJ-01Z-00-DX1.8135C74E-DAA8-4C8E-AF14-A4B5B57695BE,cucim,1368.18,4
3,11.306715,TCGA-E2-A106-01Z-00-DX1.A8D49C06-3C93-48A6-87F8-86D646BEA28C,cucim,877.96,4
3,12.031927,TCGA-AO-A1KO-01Z-00-DX1.EEB5E0A0-92B2-42CD-9F7A-00E9250B561F,cucim,2934.20,4
3,12.681925,TCGA-B6-A0IG-01Z-00-DX1.4238CB6E-0561-49FD-9C49-9B8AEAFC4618,cucim,1620.97,4
3,13.464293,TCGA-GM-A3XN-01Z-00-DX1.49F5C8AC-0328-4BC2-9FE2-E7150B7A42E2,cucim,1452.61,4
3,14.184135,TCGA-C8-A12Q-01Z-00-DX1.CE74E5B7-FD30-4CBE-8716-ECCF2213AAC3,cucim,2136.83,4
3,14.848733,TCGA-AO-A12E-01Z-00-DX1.F2797928-26EC-4B28-BC50-432EB380624B,cucim,1468.91,4
3,15.519637,TCGA-XX-A899-01Z-00-DX1.08FE27B7-73B8-4CE3-ACF4-0689C81C140B,cucim,1611.17,4
3,16.303144,TCGA-AO-A0JB-01Z-00-DX1.250FE098-345B-4981-9236-0519E1C9058E,cucim,1456.61,4
3,17.099696,TCGA-AR-A24K-01Z-00-DX1.3A56BAEC-484E-4F9B-BCB4-360ABF6DDB4B,cucim,1168.84,4
3,17.946023,TCGA-D8-A1XF-01Z-00-DX1.8B9AB4A1-DEC5-4587-B022-3077CCD220F9,cucim,1437.08,4
3,18.790726,TCGA-PL-A8LY-01A-01-DX1.32047D5E-8A42-480A-B2B8-A56B47B949FD,cucim,1449.07,4
3,19.653594,TCGA-D8-A1JJ-01Z-00-DX1.a986b48f-b295-4d7a-b778-ce829cdf9c38,cucim,2002.88,4
3,20.441718,TCGA-E2-A15L-01Z-00-DX1.626032DC-D396-48E7-B888-DFEBCF7102FF,cucim,2332.97,4
3,21.310311,TCGA-EW-A1OW-01Z-00-DX1.97888686-EBB6-4B13-AB5D-452F475E865B,cucim,2245.73,4
3,22.400077,TCGA-A7-A13F-01Z-00-DX1.AB4ADDD3-8E1C-4AB9-813E-D137A2CFB950,cucim,2683.58,4
3,23.236842,TCGA-BH-A0EI-01Z-00-DX1.929E126A-C9F8-4240-BF00-B6C4A57B7FF6,cucim,1154.56,4
3,24.136966,TCGA-A7-A0D9-01Z-00-DX2.66CD9ED8-223B-4AC8-AA1A-2481FB0C47B3,cucim,1164.71,4
3,24.946865,TCGA-A8-A09A-01Z-00-DX1.78773A6C-BA8A-46BE-AC2A-9C6FDAB45622,cucim,1383.97,4
3,25.864440,TCGA-B6-A0X5-01Z-00-DX1.02A9FF1E-EA20-4F2D-A2BB-427A287DE3FD,cucim,1826.77,4
3,26.828773,TCGA-EW-A3U0-01Z-00-DX1.526F60F9-D1EB-4613-B428-18A1FC0BAAE2,cucim,2315.98,4
3,27.799041,TCGA-A2-A0YK-01Z-00-DX1.FB23FC30-B3B2-452A-A6B0-94129B333207,cucim,4408.40,4
3,28.865294,TCGA-AC-A3YI-01Z-00-DX1.321C0A32-ABF9-48ED-8071-C6B1774E9F7B,cucim,2452.25,4
3,30.022906,TCGA-OL-A66O-01Z-00-DX1.5F1E4C60-5CE8-41B4-A94D-4AA80D9253F9,cucim,1783.96,4
3,30.967550,TCGA-E2-A1L7-01Z-00-DX1.BE796CD2-2E81-44E8-8CA2-85B4D2A31B64,cucim,1192.17,4
3,31.987559,TCGA-S3-AA10-01Z-00-DX1.C0468882-0DD8-4FC5-8C2F-E18BE8000F69,cucim,1896.50,4
3,33.060654,TCGA-EW-A1PA-01Z-00-DX1.03B033F8-62C0-49E1-BDEA-C5217AB3460A,cucim,1273.83,4
3,34.309503,TCGA-A2-A0YH-01Z-00-DX1.FBA5E711-8275-45B3-BC20-5A786EE23548,cucim,1633.14,4
3,35.323052,TCGA-A2-A0YL-01Z-00-DX1.69A438C7-B1E0-4990-B1E6-586C551DC79C,cucim,1459.01,4
3,36.386424,TCGA-AN-A0XS-01Z-00-DX1.B4D4B73E-2912-4B2E-B18A-FBC35F8160D3,cucim,1822.10,4
3,37.439843,TCGA-BH-A1EN-01Z-00-DX1.F535657F-E2FA-4283-87AE-7DAB663B196B,cucim,3021.32,4
3,38.679027,TCGA-A1-A0SJ-01Z-00-DX1.C196FA66-C376-4016-86BC-3D8E745B3A51,cucim,2771.43,4
3,39.852443,TCGA-BH-A2L8-01Z-00-DX1.ACA51CA9-3C38-48A6-B4A9-C12FFAB9AB56,cucim,2758.90,4
3,41.136437,TCGA-E2-A14T-01Z-00-DX1.61B4C988-6D75-447B-A5F4-9DE92CEACC9F,cucim,2290.19,4
3,42.262505,TCGA-D8-A1XV-01Z-00-DX2.D1988E01-5FDC-4F50-8183-F0CCE74D0CB2,cucim,1910.67,4
3,43.343234,TCGA-E2-A14T-01Z-00-DX1.61B4C988-6D75-447B-A5F4-9DE92CEACC9F,cucim,1543.27,4
3,44.567664,TCGA-AN-A0XN-01Z-00-DX1.A8EB9F62-236E-4C59-A206-DF0C7654AC30,cucim,2632.45,4
3,45.720573,TCGA-A2-A0YC-01Z-00-DX1.F01F2268-17D8-45FD-8917-FD89454D0709,cucim,2082.03,4
3,46.910614,TCGA-E9-A1N8-01Z-00-DX1.1243AB1C-75A3-4A5E-9674-53992E6DD377,cucim,1260.74,4
3,48.079973,TCGA-D8-A1JJ-01Z-00-DX1.a986b48f-b295-4d7a-b778-ce829cdf9c38,cucim,2148.23,4
3,49.245987,TCGA-BH-A0HU-01Z-00-DX1.73B38904-E4F8-4F45-BD75-A27EC833B6DE,cucim,2909.69,4
3,50.660912,TCGA-EW-A6SD-01Z-00-DX1.32D8240E-2076-492B-BB95-300A9FCA96E7,cucim,5873.85,4
3,52.045306,TCGA-D8-A3Z5-01Z-00-DX2.6196B9FF-F09E-4D44-873D-E53BFB2BF4E1,cucim,6622.24,4
3,53.342609,TCGA-E9-A1RD-01Z-00-DX1.34083668-cbd2-4610-b857-d50ee9f3e5bd,cucim,2125.49,4
3,54.685695,TCGA-E2-A15J-01Z-00-DX1.BF7901D1-30B1-4A76-B0A5-E9B8B36EF4C9,cucim,4019.80,4
3,56.164306,TCGA-D8-A27T-01Z-00-DX1.1E3A4D57-9CF2-4EBF-B74D-ADD7BD8CBFA5,cucim,4456.26,4
3,57.495143,TCGA-GM-A2DO-01Z-00-DX1.60817A51-93B7-483D-ABC9-8ED6341C6660,cucim,2796.97,4
3,58.663020,TCGA-AR-A2LJ-01Z-00-DX1.9D6257FA-2767-4640-9252-9BE18BD9D158,cucim,2719.58,4
3,60.070407,TCGA-E2-A14R-01Z-00-DX1.DDE62ED5-1FC0-4B3B-A874-95C08B33AB20,cucim,1748.34,4
3,61.426261,TCGA-E2-A1LH-01Z-00-DX1.F85384B7-1EBF-4F57-A45B-4A668B68E535,cucim,1864.94,4
3,62.792707,TCGA-A8-A08X-01Z-00-DX1.01FB49CC-6B8E-4317-8C42-6B6D81187A40,cucim,2097.73,4
3,64.127057,TCGA-D8-A3Z6-01Z-00-DX1.4076A770-5901-4325-85C3-AF7B192272F5,cucim,6391.21,4
3,65.827211,TCGA-A2-A0YH-01Z-00-DX1.FBA5E711-8275-45B3-BC20-5A786EE23548,cucim,2438.78,4
3,67.439843,TCGA-A8-A08X-01Z-00-DX1.01FB49CC-6B8E-4317-8C42-6B6D81187A40,cucim,1524.55,4
3,69.020673,TCGA-A1-A0SK-01Z-00-DX1.A44D70FA-4D96-43F4-9DD7-A61535786297,cucim,6036.40,4
4,10.596897,TCGA-BH-A42U-01Z-00-DX1.130D060A-3DD8-407E-B8B0-EBBF743491AE,cucim,1129.15,4
4,11.174360,TCGA-D8-A1XD-01Z-00-DX1.E500D561-1F49-4F08-99AE-E8345F21B406,cucim,1188.49,4
4,11.767071,TCGA-GI-A2C8-01Z-00-DX1.09BD8AC9-645A-4C8B-9B36-77D833BDBA09,cucim,1188.77,4
4,12.423478,TCGA-AR-A24S-01Z-00-DX1.317C3B19-0D0F-4315-AC2D-C741F09DD775,cucim,2207.04,4
4,13.103811,TCGA-AO-A12B-01Z-00-DX1.B215230B-5FF7-4B0A-9C1E-5F1658534B11,cucim,1260.53,4
4,13.858374,TCGA-AO-A129-01Z-00-DX1.BF485416-BF57-4F39-866B-4B1E201876FA,cucim,1004.96,4
4,14.555387,TCGA-A2-A0CT-01Z-00-DX1.A8564130-49CF-4F5B-B5AB-F4D1A10479FF,cucim,2081.35,4
4,15.375881,TCGA-AR-A0TP-01Z-00-DX1.58E6A3A6-D1D7-4AE5-87A5-E823F04CBB2F,cucim,1805.35,4
4,16.186314,TCGA-A8-A092-01Z-00-DX1.2A55EA0C-47CD-426B-9697-F2B761730585,cucim,3673.70,4
4,16.937232,TCGA-BH-A0BF-01Z-00-DX1.934DF984-9054-4B20-B85B-9CF94B8DC3D4,cucim,2066.46,4
4,17.691851,TCGA-A2-A0CV-01Z-00-DX1.B02D017A-61CD-45FE-BB31-705CD127DDAB,cucim,2340.88,4
4,18.609042,TCGA-AR-A2LJ-01Z-00-DX1.9D6257FA-2767-4640-9252-9BE18BD9D158,cucim,1039.88,4
4,19.402173,TCGA-AQ-A04H-01Z-00-DX1.5AC1E459-EF27-401D-98FD-0AC16559AF17,cucim,2810.82,4
4,20.225952,TCGA-B6-A0WX-01Z-00-DX1.1C4F7BCC-8423-4941-9490-0F35038E1878,cucim,2596.96,4
4,21.083647,TCGA-E2-A10E-01Z-00-DX1.C45030A9-CC1A-4BA7-8F62-872619C5AD5E,cucim,1181.99,4
4,21.970859,TCGA-AR-A5QQ-01Z-00-DX1.4185D6D2-498E-4E71-8CB3-EDB4739C6229,cucim,1893.13,4
4,22.878519,TCGA-A2-A04X-01Z-00-DX1.E01A4522-67B3-4FEF-BD6B-99DFED9E7C85,cucim,1340.75,4
4,23.907477,TCGA-A2-A0YC-01Z-00-DX1.F01F2268-17D8-45FD-8917-FD89454D0709,cucim,1305.34,4
4,24.973523,TCGA-A2-A0YC-01Z-00-DX1.F01F2268-17D8-45FD-8917-FD89454D0709,cucim,1347.11,4
4,25.944807,TCGA-E2-A15M-01Z-00-DX1.6E4671E5-18EA-4464-BE7C-C94767136E5C,cucim,1410.40,4
4,26.916612,TCGA-OL-A66N-01Z-00-DX1.ABDA3014-7B3A-4D48-A415-CB9608491ECB,cucim,2128.63,4
4,27.841034,TCGA-EW-A1PD-01Z-00-DX1.6F6A0122-A50B-4D00-9A3F-7A2502D44E38,cucim,2191.47,4
4,28.726412,TCGA-JL-A3YW-01Z-00-DX1.827C5C53-9C30-4307-802A-5A7896828A7F,cucim,1008.62,4
4,30.006175,TCGA-OL-A97C-01Z-00-DX1.BDEEDEE2-6D07-4046-A8A9-D6FF8F337393,cucim,3759.14,4
4,31.117600,TCGA-E2-A1L6-01Z-00-DX1.AFE87067-2BFD-42C2-9334-9DDE8AB61B49,cucim,1837.82,4
4,32.233774,TCGA-D8-A1XR-01Z-00-DX1.7F443346-C564-47B6-9736-6944230CAF46,cucim,1300.41,4
4,33.381670,TCGA-AR-A1AW-01Z-00-DX1.E527CA46-D83F-4055-8C7E-AEFEF13C1E29,cucim,1466.42,4
4,34.416108,TCGA-AR-A0U0-01Z-00-DX1.C8BECD9F-68D9-47B1-B31E-C1C6CAE456B6,cucim,3452.74,4
4,35.560881,TCGA-A2-A0ES-01Z-00-DX1.5652EE30-48C1-4EC1-AD77-8C72DFCB9A97,cucim,984.12,4
4,36.674920,TCGA-A7-A4SE-01Z-00-DX1.16BC8401-E40E-4A1A-9BD9-12735C9AE3F6,cucim,2965.69,4
4,37.812523,TCGA-A8-A07P-01Z-00-DX1.2C7C75EF-EEE2-4A42-994C-A1A40850C87A,cucim,1916.35,4
4,38.986483,TCGA-AO-A12B-01Z-00-DX1.B215230B-5FF7-4B0A-9C1E-5F1658534B11,cucim,1440.96,4
4,40.250449,TCGA-E9-A24A-01Z-00-DX1.F0342837-5750-4172-B60D-5F902E2A02FD,cucim,1749.07,4
4,41.633881,TCGA-D8-A73X-01Z-00-DX1.5F0DF75C-594C-42DF-BE3F-E00E5E01DCD6,cucim,6054.02,4
4,42.758948,TCGA-EW-A1OY-01Z-00-DX1.42AF5C9A-A90F-4A58-B5D4-B615F8CD4333,cucim,2908.92,4
4,44.017576,TCGA-A2-A3XV-01Z-00-DX1.4B58B7CD-B3F6-4C31-863F-924D291EF17C,cucim,3894.64,4
4,45.133673,TCGA-B6-A0RQ-01Z-00-DX1.68B4F49D-9F81-4501-BC66-0349012077C8,cucim,2180.10,4
4,46.295529,TCGA-BH-A0H0-01Z-00-DX1.B3B394DD-1F4E-42CA-BB51-C002E423B3D0,cucim,2827.04,4
4,47.470020,TCGA-AR-A24R-01Z-00-DX1.47D79205-63E7-43E6-A513-2CD10DFA53C9,cucim,5675.64,4
4,48.727412,TCGA-BH-A0BZ-01Z-00-DX1.45EB3E93-A871-49C6-9EAE-90D98AE01913,cucim,4540.08,4
4,50.076505,TCGA-E2-A158-01Z-00-DX1.994C60FE-E651-4224-95E7-4669834F2338,cucim,1174.55,4
4,51.416811,TCGA-A1-A0SK-01Z-00-DX1.A44D70FA-4D96-43F4-9DD7-A61535786297,cucim,7473.85,4
4,52.609972,TCGA-D8-A27P-01Z-00-DX1.EF426996-D0DC-4418-BEC4-F7CE3C82C869,cucim,3702.35,4
4,53.831492,TCGA-E2-A576-01Z-00-DX1.2E045763-7EB0-48F5-8C47-E4B84287D739,cucim,1713.52,4
4,55.143655,TCGA-BH-A0HA-01Z-00-DX1.5A2F5C86-E1E7-445D-A4E3-29980FA37708,cucim,5499.65,4
4,56.362253,TCGA-A8-A06N-01Z-00-DX1.E25E65F8-DFE0-47CF-9FAB-B82EE8E321F7,cucim,3992.07,4
4,57.692289,TCGA-D8-A1Y2-01Z-00-DX2.A563ABFE-18DE-4D78-BB66-9CD18D3CBE3A,cucim,1630.89,4
4,59.161221,TCGA-AR-A1AP-01Z-00-DX1.F163EED5-0385-41AA-BA35-54E4910CD99E,cucim,2989.86,4
4,60.644243,TCGA-B6-A1KF-01Z-00-DX1.2E08E830-4216-4CD0-9646-1F489300E11D,cucim,1860.35,4
4,62.314107,TCGA-BH-A1EV-01Z-00-DX1.106CF220-1D7D-40DD-88B2-A7F00B758F8F,cucim,2583.07,4
4,63.720686,TCGA-B6-A0X1-01Z-00-DX1.2A41630E-A8BF-4966-99F5-D5D8036B1759,cucim,2522.16,4
4,65.179736,TCGA-E2-A15L-01Z-00-DX1.626032DC-D396-48E7-B888-DFEBCF7102FF,cucim,3813.77,4
4,66.771198,TCGA-AR-A5QN-01Z-00-DX1.BF92AA24-3D44-4FFA-BCC0-CDB934EC3BBC,cucim,2042.29,4
4,68.291091,TCGA-E2-A1LL-01Z-00-DX1.D1AA1613-902C-4579-9612-48A76042B0AE,cucim,4815.49,4
4,69.905890,TCGA-OL-A5S0-01Z-00-DX1.49A7AC9D-C186-406C-BA67-2D73DE82E13B,cucim,5983.77,4
5,10.590801,TCGA-D8-A27E-01Z-00-DX1.7950998F-7E23-4C70-A926-1ADAA5A20BED,cucim,1837.65,4
5,11.241390,TCGA-D8-A1Y3-01Z-00-DX1.8AA5F695-A06C-4DEA-AD71-16254A48B218,cucim,2167.05,4
5,11.918318,TCGA-E2-A1LK-01Z-00-DX1.5EBAA1F4-F1B4-4938-A51F-0246621BB0ED,cucim,1316.78,4
5,12.578229,TCGA-PL-A8LV-01A-02-DX2.346FF42B-2363-4B37-8884-12D5F841842C,cucim,1055.86,4
5,13.280985,TCGA-AC-A23E-01Z-00-DX1.F12A5A87-72CF-42F8-A6EC-8E7FAD80B1F7,cucim,3078.43,4
5,14.011007,TCGA-B6-A0RO-01Z-00-DX1.3ADBFF05-92CE-41B5-BD49-CB3CE5B74CC9,cucim,1294.92,4
5,14.719848,TCGA-D8-A1JE-01Z-00-DX2.CCF3DFEF-E851-425A-BCD0-0F7B377A00BC,cucim,3032.32,4
5,15.548196,TCGA-D8-A1JF-01Z-00-DX1.224EDA43-F822-4A88-814A-BA7D4C60F8CC,cucim,1359.48,4
5,16.423840,TCGA-XX-A89A-01Z-00-DX1.671E2AD6-4D1A-4579-88C1-5B0B15818126,cucim,2123.12,4
5,17.274519,TCGA-D8-A73U-01Z-00-DX2.91F571C8-303C-463D-952C-263FAA5097DF,cucim,1149.88,4
5,18.058046,TCGA-A7-A0CD-01Z-00-DX1.F045B9C8-049C-41BF-8432-EF89F236D34D,cucim,1399.26,4
5,18.887134,TCGA-B6-A0RT-01Z-00-DX1.6C2BA663-D61B-404B-B62C-B81747B6A3AC,cucim,2167.93,4
5,19.812481,TCGA-AQ-A54N-01Z-00-DX1.E53271E9-AFD2-4071-9B1E-CD05F63B8136,cucim,2371.24,4
5,20.644682,TCGA-OK-A5Q2-01Z-00-DX3.5F9215C3-E407-46F8-968E-503D7D14605C,cucim,2110.40,4
5,21.511586,TCGA-PL-A8LX-01A-01-DX1.9646D69F-A764-4246-9243-67A63006DE96,cucim,985.37,4
5,22.414412,TCGA-D8-A1Y1-01Z-00-DX1.477390C8-2141-4ADD-813E-25220D2A71FC,cucim,3173.42,4
5,23.290361,TCGA-BH-A0H0-01Z-00-DX1.B3B394DD-1F4E-42CA-BB51-C002E423B3D0,cucim,2339.48,4
5,24.200701,TCGA-E9-A1NA-01Z-00-DX1.2A2FE8BB-621E-43A2-8449-F8FE730C0487,cucim,4019.88,4
5,25.230157,TCGA-D8-A1XS-01Z-00-DX2.ED8BBDB4-CEA6-4E47-8214-4666F3CC6E44,cucim,1799.54,4
5,26.119266,TCGA-A2-A4S1-01Z-00-DX1.C69B14F6-5021-4FD8-8F2D-70227A5DA2B1,cucim,2486.11,4
5,27.043203,TCGA-E9-A3QA-01Z-00-DX1.9D664AF3-9ABD-4EED-B826-4C4FBFC33F3E,cucim,1343.73,4
5,27.995178,TCGA-E9-A1RI-01Z-00-DX1.3259644B-0888-4B18-B16F-397D55167EAD,cucim,1885.94,4
5,29.010429,TCGA-E2-A10B-01Z-00-DX1.148CFC4B-EE65-4A7E-918F-10C72F37CB0F,cucim,2138.96,4
5,30.031826,TCGA-E2-A152-01Z-00-DX1.B0860DEB-D34B-4C5D-97F5-C1C646437424,cucim,2006.15,4
5,31.020499,TCGA-BH-A18M-01Z-00-DX1.56E6935A-62CB-4CBE-BDCA-60DA56422CE0,cucim,2309.99,4
5,32.012368,TCGA-B6-A0IH-01Z-00-DX1.3463B12E-D1B0-4FB2-B257-BFD63BA2B6BF,cucim,1942.68,4
5,33.047685,TCGA-A2-A04Y-01Z-00-DX1.4DC97AD6-4806-4A3A-A998-FD36F93590A4,cucim,2291.44,4
5,34.116001,TCGA-AR-A24K-01Z-00-DX1.3A56BAEC-484E-4F9B-BCB4-360ABF6DDB4B,cucim,2207.70,4
5,35.161309,TCGA-B6-A0IQ-01Z-00-DX1.662EA039-825E-41FF-91D6-021EB0E099BD,cucim,6649.80,4
5,36.320015,TCGA-E2-A15C-01Z-00-DX1.26E13415-1D37-43C7-9EBB-4411BE7FCE10,cucim,1686.28,4
5,37.380417,TCGA-LL-A7T0-01Z-00-DX1.B03BBA63-ACF4-4BCA-9F2B-F631F0C6A25C,cucim,2886.42,4
5,38.896142,TCGA-A8-A07E-01Z-00-DX1.AC684481-979A-46F9-91D7-C56CE85992F2,cucim,2189.88,4
5,40.089986,TCGA-BH-A0WA-01Z-00-DX1.C0EB7B73-5529-49EC-B660-3F849B041963,cucim,4020.77,4
5,41.271473,TCGA-BH-A0DT-01Z-00-DX1.73AFCEBB-06B1-4870-ADA2-881511B1BE2D,cucim,6178.74,4
5,42.437492,TCGA-AR-A1AQ-01Z-00-DX1.09D5D7FC-0FA8-4176-94B2-995F44D8ED4C,cucim,2096.26,4
5,43.510985,TCGA-AR-A1AQ-01Z-00-DX1.09D5D7FC-0FA8-4176-94B2-995F44D8ED4C,cucim,2765.93,4
5,44.738357,TCGA-E2-A14U-01Z-00-DX1.F788A244-6C96-4CDC-AD9A-157DE951A723,cucim,1930.02,4
5,46.002986,TCGA-AN-A0FV-01Z-00-DX1.C0D02946-FCDA-472D-895D-7ACF5C96B264,cucim,2301.39,4
5,47.262344,TCGA-EW-A1IZ-01Z-00-DX1.81D5544E-0A7D-4A92-A3B0-4F22CFB8BBB2,cucim,3858.62,4
5,48.751891,TCGA-A8-A06O-01Z-00-DX1.FA4495B2-5B13-4448-ADCB-EF5316E0955B,cucim,2039.83,4
5,50.179003,TCGA-A8-A075-01Z-00-DX1.8E06AF51-951F-48E8-934E-42A455F65E5F,cucim,2314.86,4
5,51.524187,TCGA-AO-A03U-01Z-00-DX1.AE2B55F3-8BA1-4546-82B7-4D2292BE1C78,cucim,3401.25,4
5,53.070013,TCGA-D8-A13Y-01Z-00-DX2.0043D2BB-B04D-4A44-AAB1-1CAAD97AC246,cucim,4765.67,4
5,54.422374,TCGA-D8-A27K-01Z-00-DX1.25AF7928-046B-45BF-BAD6-F34156203F5A,cucim,2697.36,4
5,55.574609,TCGA-A7-A4SE-01Z-00-DX1.16BC8401-E40E-4A1A-9BD9-12735C9AE3F6,cucim,3512.34,4
5,56.991975,TCGA-S3-A6ZG-01Z-00-DX1.659A0BFB-D99B-474F-B4C2-6590C9161BD1,cucim,1910.35,4
5,58.188657,TCGA-E9-A227-01Z-00-DX1.823062BF-3444-489B-AF91-AAD4ECAA1DC7,cucim,1621.81,4
5,59.754610,TCGA-AC-A23H-01Z-00-DX1.8E0AE339-1047-4CA5-BFC5-37A3B10FD8B5,cucim,8046.80,4
5,61.103336,TCGA-C8-A274-01Z-00-DX1.B667DAB1-C944-4285-A312-5E4DDAE0EE78,cucim,7174.28,4
5,62.542224,TCGA-A2-A3XU-01Z-00-DX1.174A92D4-50B2-4A59-AD31-D5EC5BBF2F65,cucim,5235.82,4
5,64.218807,TCGA-BH-A0BL-01Z-00-DX1.D5A413B0-2141-4A6F-A671-6C5EA8641D25,cucim,2395.63,4
5,65.905926,TCGA-GI-A2C8-01Z-00-DX1.09BD8AC9-645A-4C8B-9B36-77D833BDBA09,cucim,3423.70,4
5,67.352492,TCGA-OL-A66O-01Z-00-DX1.5F1E4C60-5CE8-41B4-A94D-4AA80D9253F9,cucim,1679.76,4
5,68.611277,TCGA-E2-A15J-01Z-00-DX1.BF7901D1-30B1-4A76-B0A5-E9B8B36EF4C9,cucim,5702.14,4
6,10.635308,TCGA-D8-A1XJ-01Z-00-DX1.660DDF8D-6816-4EBE-AF37-6F7A374F4E9E,cucim,1231.51,4
6,11.286388,TCGA-BH-A1FH-01Z-00-DX1.F90A691F-B6DB-4C4A-9975-9A2CB01F29E2,cucim,1289.95,4
6,12.076873,TCGA-AN-A0AT-01Z-00-DX1.DFD68CD2-C25E-47BE-BC06-8CE3C657B9FD,cucim,3014.75,4
6,12.724703,TCGA-C8-A133-01Z-00-DX1.AFEE2057-2793-49E4-A477-E0DE3F6C67F9,cucim,1893.46,4
6,13.462821,TCGA-E2-A1LE-01Z-00-DX1.22856B2A-FBAA-4530-AEEC-E8F77BDA7F7F,cucim,2004.95,4
6,14.314640,TCGA-BH-A5J0-01Z-00-DX1.73CFBC85-8449-48FF-86F8-D4D49A90498B,cucim,1060.56,4
6,15.218806,TCGA-W8-A86G-01Z-00-DX2.DEC2CC1C-3662-43C6-A5CB-EC94B343FA3D,cucim,1754.34,4
6,16.098768,TCGA-BH-A0EI-01Z-00-DX1.929E126A-C9F8-4240-BF00-B6C4A57B7FF6,cucim,1977.07,4
6,16.972365,TCGA-AN-A0FT-01Z-00-DX1.6F263AB3-FB1D-4056-AEC2-4F163017324F,cucim,1399.54,4
6,17.990114,TCGA-AR-A24R-01Z-00-DX1.47D79205-63E7-43E6-A513-2CD10DFA53C9,cucim,1162.32,4
6,18.816292,TCGA-S3-AA14-01Z-00-DX1.000A865F-19E6-4018-9352-BFA54EF0CE31,cucim,2165.90,4
6,19.725244,TCGA-D8-A1JE-01Z-00-DX2.CCF3DFEF-E851-425A-BCD0-0F7B377A00BC,cucim,2001.58,4
6,20.770568,TCGA-BH-A0HB-01Z-00-DX1.F90F7139-B804-4548-9FAF-9B475BF225EB,cucim,1305.51,4
6,21.784941,TCGA-E2-A15J-01Z-00-DX1.BF7901D1-30B1-4A76-B0A5-E9B8B36EF4C9,cucim,2875.52,4
6,22.681050,TCGA-D8-A1JK-01Z-00-DX1.3190C919-A403-460D-9F6C-D2AB5FD3FD05,cucim,2722.35,4
6,23.584470,TCGA-C8-A12K-01Z-00-DX1.D71C7974-65F7-4EF0-8FFB-9F27CEC85242,cucim,1243.30,4
6,24.519769,TCGA-A7-A0DC-01Z-00-DX2.795FD529-D7C2-407D-9E8A-5DCE1EF49029,cucim,1236.76,4
6,25.414192,TCGA-A8-A090-01Z-00-DX1.01574070-D65E-486F-B69D-0F8E3816D057,cucim,2339.38,4
6,26.423056,TCGA-C8-A26Y-01Z-00-DX1.166EE604-4EF3-401D-99E9-3A9711316CC4,cucim,1736.16,4
6,27.398852,TCGA-C8-A3M7-01Z-00-DX1.846C75F1-2E7E-44F7-B21F-C246141558FA,cucim,1756.05,4
6,28.434885,TCGA-BH-A0HX-01Z-00-DX1.44EBA39E-383D-4820-915E-4E5FDA1D43DA,cucim,4050.34,4
6,29.584478,TCGA-E2-A1B5-01Z-00-DX1.AB19FF3D-5C42-4D49-ABEA-D2315709B6EA,cucim,2183.53,4
6,30.726125,TCGA-A7-A13E-01Z-00-DX2.1E1262AE-A32D-4814-94A5-D951CA8BA35D,cucim,1365.70,4
6,31.863381,TCGA-AC-A3W7-01Z-00-DX1.189BB448-ECBA-4042-8A35-4B787271E8FE,cucim,3011.32,4
6,32.929821,TCGA-LL-A8F5-01Z-00-DX1.7579425E-1425-4160-A9DD-3D50F4C5428D,cucim,2767.20,4
6,33.941331,TCGA-BH-A0H9-01Z-00-DX1.8AE869C6-5C78-4D52-AC8B-5B6FD5FD91AA,cucim,1652.10,4
6,35.249052,TCGA-BH-A0H9-01Z-00-DX1.8AE869C6-5C78-4D52-AC8B-5B6FD5FD91AA,cucim,1641.42,4
6,36.931944,TCGA-E2-A14U-01Z-00-DX1.F788A244-6C96-4CDC-AD9A-157DE951A723,cucim,2464.23,4
6,38.602334,TCGA-AR-A24Z-01Z-00-DX1.C88AFF18-A8E4-426A-BEA3-70566DE39C46,cucim,3964.36,4
6,39.951322,TCGA-S3-AA15-01Z-00-DX1.A2456A4A-E6E8-4429-8F09-B997AA497BB0,cucim,2535.28,4
6,41.164497,TCGA-D8-A1XO-01Z-00-DX1.A9EF6AFF-62B0-4E2D-ABC7-DC06FF473890,cucim,8766.39,4
6,42.455621,TCGA-AC-A62V-01Z-00-DX1.2D8994FD-58B8-43C1-B99D-AA964E7DFD60,cucim,9993.53,4
6,43.612688,TCGA-A2-A0D0-01Z-00-DX1.4FF6B8E5-703B-400F-920A-104F56E0F874,cucim,2826.76,4
6,44.786512,TCGA-BH-A0AU-01Z-00-DX1.E852F218-B15C-4CF8-8FD0-F284043834C4,cucim,2136.67,4
6,45.921681,TCGA-A8-A085-01Z-00-DX1.0DA29016-AEA4-4E5F-B679-83095A79F5B3,cucim,3947.78,4
6,47.192932,TCGA-AC-A5XS-01Z-00-DX1.E5F2481E-9314-4B20-84B7-370EF82AF4BB,cucim,2046.24,4
6,48.546999,TCGA-AN-A0FK-01Z-00-DX1.8966A1D5-CE3A-4B08-A1F6-E613BEB1ABD1,cucim,2657.03,4
6,50.025986,TCGA-A2-A0T7-01Z-00-DX1.EA4DF9B5-8D04-4BCC-9ECB-CB8CB8ACBE1C,cucim,7755.29,4
6,51.407078,TCGA-A2-A0SW-01Z-00-DX1.E1EA0407-B831-4D75-826E-80B82B821797,cucim,1458.19,4
6,52.771021,TCGA-D8-A145-01Z-00-DX2.B834BF47-1CD6-45EA-BB88-D8ECE1FDDC6A,cucim,1829.19,4
6,54.094829,TCGA-AC-A5XS-01Z-00-DX1.E5F2481E-9314-4B20-84B7-370EF82AF4BB,cucim,9301.71,4
6,55.415126,TCGA-E2-A14R-01Z-00-DX1.DDE62ED5-1FC0-4B3B-A874-95C08B33AB20,cucim,1738.88,4
6,56.812937,TCGA-D8-A141-01Z-00-DX2.DBD0D81E-28FC-4466-BDE3-94753BD6CBEB,cucim,1881.54,4
6,58.270817,TCGA-E2-A14N-01Z-00-DX1.15F5644F-CA9F-4688-B56E-BCC00CA4769B,cucim,3394.49,4
6,59.865751,TCGA-E2-A14N-01Z-00-DX1.15F5644F-CA9F-4688-B56E-BCC00CA4769B,cucim,6427.46,4
6,61.420079,TCGA-C8-A133-01Z-00-DX1.AFEE2057-2793-49E4-A477-E0DE3F6C67F9,cucim,2108.13,4
6,63.264450,TCGA-A7-A13G-01Z-00-DX2.72EF429E-75A7-4D1B-AFFC-8767CB213CDA,cucim,2221.26,4
6,64.981163,TCGA-A2-A0CV-01Z-00-DX1.B02D017A-61CD-45FE-BB31-705CD127DDAB,cucim,3515.98,4
6,66.508892,TCGA-D8-A1JE-01Z-00-DX1.714805A1-E337-46DA-88D9-6CE4B4E3C2D0,cucim,3844.92,4
6,68.021283,TCGA-A2-A04V-01Z-00-DX1.EB430DDB-8FE9-4302-8829-53DBAD09E79F,cucim,4929.79,4
6,69.424247,TCGA-BH-A0B1-01Z-00-DX1.CC60D284-04FB-4B73-90AA-FCE9185DADB6,cucim,1543.69,4
7,10.754785,TCGA-A8-A093-01Z-00-DX1.1C8056D1-11CD-482D-9A23-3A9D1B4E63F0,cucim,1231.78,4
7,11.472231,TCGA-D8-A1J9-01Z-00-DX2.E1C59487-9563-4501-845F-2067A0C5C59B,cucim,1854.35,4
7,12.261490,TCGA-E9-A54X-01Z-00-DX1.9BF3DE15-FA5A-459D-9B2E-8EB92F34228D,cucim,1418.26,4
7,13.083694,TCGA-C8-A9FZ-01Z-00-DX1.FA6B5909-3024-44B9-9CC5-71F8AB133A45,cucim,1193.86,4
7,13.855781,TCGA-EW-A1OW-01Z-00-DX1.97888686-EBB6-4B13-AB5D-452F475E865B,cucim,2590.70,4
7,14.557270,TCGA-AO-A12G-01Z-00-DX1.1C37E1FE-CF36-4570-A864-3813B8ADBA36,cucim,1686.09,4
7,15.411046,TCGA-B6-A0IQ-01Z-00-DX1.662EA039-825E-41FF-91D6-021EB0E099BD,cucim,1702.52,4
7,16.320854,TCGA-EW-A423-01Z-00-DX2.5EF1CF39-600A-4ED3-A5A2-AF4435A5F8B5,cucim,1979.32,4
7,17.123742,TCGA-BH-A0W3-01Z-00-DX1.38DCA2B7-1A54-4FFA-BABA-29F80974BB17,cucim,2902.94,4
7,17.957239,TCGA-B6-A0I1-01Z-00-DX1.86BEC5E4-A2D1-4039-8D08-0598FA8BCC2B,cucim,2396.19,4
7,18.896834,TCGA-E2-A15T-01Z-00-DX1.23913E37-53A8-4E11-9B64-CDD016F6D87A,cucim,1470.21,4
7,19.851890,TCGA-GM-A3NW-01Z-00-DX1.3B0324F0-4007-4390-AF26-3789A50684E5,cucim,1577.21,4
7,20.786382,TCGA-E2-A15F-01Z-00-DX1.F022214A-3F0C-4DA4-A0EE-735D27480A45,cucim,3553.20,4
7,21.645957,TCGA-AQ-A04J-01Z-00-DX1.6A4E16D4-2696-4E5F-BCA8-708556FC3A8C,cucim,1229.74,4
7,22.613136,TCGA-AR-A1AW-01Z-00-DX1.E527CA46-D83F-4055-8C7E-AEFEF13C1E29,cucim,1067.65,4
7,23.522818,TCGA-E2-A1IU-01Z-00-DX1.E2F24814-24BA-4158-8841-F27A8E100589,cucim,1853.84,4
7,24.404562,TCGA-EW-A1P8-01Z-00-DX1.E9852193-8CDD-49EF-B49B-DA6931198F0D,cucim,1649.22,4
7,25.460009,TCGA-B6-A0RM-01Z-00-DX1.31DE3E32-7996-4D30-BB5F-72C94409C940,cucim,1065.15,4
7,26.443326,TCGA-AR-A24W-01Z-00-DX1.0663B4A3-6475-4981-91F0-20D2C79CBF89,cucim,2680.07,4
7,27.449336,TCGA-C8-A133-01Z-00-DX1.AFEE2057-2793-49E4-A477-E0DE3F6C67F9,cucim,4494.12,4
7,28.580741,TCGA-5T-A9QA-01Z-00-DX1.B4212117-E0A7-4EF2-B324-8396042ACEC1,cucim,1205.83,4
7,29.814195,TCGA-OL-A5RW-01Z-00-DX1.E16DE8EE-31AF-4EAF-A85F-DB3E3E2C3BFF,cucim,5561.22,4
7,31.086040,TCGA-B6-A0RN-01Z-00-DX1.0D02A3FB-D694-4A5B-80C1-CF1469E29BFD,cucim,2410.47,4
7,32.193746,TCGA-E2-A155-01Z-00-DX1.A5AF232A-61BB-4FDC-ABF9-2FE9BA461BDC,cucim,2143.40,4
7,33.221100,TCGA-A1-A0SP-01Z-00-DX1.20D689C6-EFA5-4694-BE76-24475A89ACC0,cucim,2293.70,4
7,34.312857,TCGA-A2-A0T3-01Z-00-DX1.5E96BC87-F4FB-4ABA-8D81-FAB7F4A80661,cucim,1349.61,4
7,35.423199,TCGA-D8-A145-01Z-00-DX1.34D4EC27-7FD7-4BE2-95A4-CA521CB5590E,cucim,3457.60,4
7,36.507093,TCGA-BH-A0DG-01Z-00-DX1.D3C4F57F-608F-46AA-A978-B558117C9DFB,cucim,6201.47,4
7,37.607670,TCGA-OL-A97C-01Z-00-DX1.BDEEDEE2-6D07-4046-A8A9-D6FF8F337393,cucim,5467.50,4
7,39.073181,TCGA-AO-A1KT-01Z-00-DX1.47878910-4359-4795-B0BB-FAC147C8D932,cucim,4059.96,4
7,40.321174,TCGA-AN-A0AJ-01Z-00-DX1.74EE47B0-FE27-44CF-9355-C738DE1BD017,cucim,1459.86,4
7,41.789432,TCGA-AN-A0G0-01Z-00-DX1.BE0BB5DF-DEDA-48D8-B5D8-2735C767F28F,cucim,1748.59,4
7,43.064357,TCGA-C8-A12Q-01Z-00-DX1.CE74E5B7-FD30-4CBE-8716-ECCF2213AAC3,cucim,2613.64,4
7,44.331478,TCGA-AR-A1AN-01Z-00-DX1.1118F9FE-6DF2-4496-B102-D3A10D332EC0,cucim,1362.23,4
7,45.610545,TCGA-AO-A0J3-01Z-00-DX1.8F28BFC8-D37E-425F-A9E3-4C23F083237C,cucim,4899.66,4
7,46.906204,TCGA-GM-A2DB-01Z-00-DX1.9EE36AA6-2594-44C7-B05C-91A0AEC7E511,cucim,7003.50,4
7,48.201838,TCGA-AR-A0U4-01Z-00-DX1.DE722DC5-859D-4866-ADCC-ED98EDBFB588,cucim,2866.43,4
7,49.481860,TCGA-C8-A132-01Z-00-DX1.6CCE1FE0-BB4B-4046-BAF0-43AA110B2EBE,cucim,1983.89,4
7,50.662533,TCGA-BH-A0DI-01Z-00-DX1.6A42D535-8842-4C36-8299-A40E9E56759D,cucim,1304.67,4
7,52.089700,TCGA-AO-A0J2-01Z-00-DX1.7C9FEC7B-6040-4C58-9563-D10C0D7AC72E,cucim,5890.26,4
7,53.209901,TCGA-BH-A0BM-01Z-00-DX1.8BD324F2-60F5-4F59-AF2D-533A5FB230BF,cucim,1864.93,4
7,54.428505,TCGA-AC-A3W6-01Z-00-DX1.88CC534C-F032-4E5D-9CC4-4BB50AA46880,cucim,3071.08,4
7,55.751386,TCGA-D8-A3Z5-01Z-00-DX2.6196B9FF-F09E-4D44-873D-E53BFB2BF4E1,cucim,3461.86,4
7,57.190977,TCGA-AO-A03L-01Z-00-DX1.DE6561A9-E6B8-4BF0-AAA8-F91C87A66037,cucim,1841.18,4
7,58.796875,TCGA-C8-A130-01Z-00-DX1.F6810204-C35A-4461-A18A-0A117739B988,cucim,2535.54,4
7,60.515143,TCGA-E9-A2JS-01Z-00-DX1.445BA2F8-3A4A-49D2-8D41-4ACFD32F2074,cucim,1469.15,4
7,62.340036,TCGA-A7-A13D-01Z-00-DX1.D206783C-FA6A-4B6A-B3AA-4132A2C9626B,cucim,1696.12,4
7,64.132589,TCGA-GM-A2DI-01Z-00-DX1.5E9715EA-9D2B-49D0-8F1D-972CF24B1960,cucim,2405.70,4
7,65.599663,TCGA-E9-A1NF-01Z-00-DX1.08779060-F710-45CB-A016-56D3C5B745E0,cucim,1739.02,4
7,66.985249,TCGA-AC-A3TN-01Z-00-DX1.F00E81C7-0CA2-49E8-A30F-DE423538E93C,cucim,3163.04,4
7,68.388755,TCGA-C8-A8HR-01Z-00-DX1.8E841CA8-1CE2-4242-AC5A-3247075CF8F4,cucim,7005.66,4
7,69.649975,TCGA-C8-A273-01Z-00-DX1.6E5D581F-DF80-478D-82D1-6D6525EED1B5,cucim,1299.38,4
8,10.638392,TCGA-AO-A12G-01Z-00-DX1.1C37E1FE-CF36-4570-A864-3813B8ADBA36,cucim,1406.00,4
8,11.331353,TCGA-A2-A3XY-01Z-00-DX1.E57FC9BF-411E-4028-AC10-8BCA5D0C8472,cucim,2266.30,4
8,12.032347,TCGA-E2-A1IO-01Z-00-DX1.C812D02F-3B40-496B-9EF5-7F68ADE64962,cucim,1005.19,4
8,12.757264,TCGA-E2-A1IO-01Z-00-DX1.C812D02F-3B40-496B-9EF5-7F68ADE64962,cucim,1402.70,4
8,13.598485,TCGA-B6-A0I6-01Z-00-DX1.D597D207-BEB2-4CE5-B315-FE7AD6E9C30B,cucim,1936.23,4
8,14.597918,TCGA-BH-A18T-01Z-00-DX1.90123A74-F631-4538-AB2E-4076486ADF88,cucim,4404.95,4
8,15.357275,TCGA-AR-A0TP-01Z-00-DX1.58E6A3A6-D1D7-4AE5-87A5-E823F04CBB2F,cucim,1112.00,4
8,16.218839,TCGA-BH-A0E7-01Z-00-DX1.7FEE54C4-3795-403C-85B9-FF932BE56788,cucim,3176.73,4
8,17.013133,TCGA-BH-A0E7-01Z-00-DX1.7FEE54C4-3795-403C-85B9-FF932BE56788,cucim,2101.74,4
8,17.854075,TCGA-B6-A0X4-01Z-00-DX1.4B7914DE-3436-4D69-9BC6-F6419D3CC518,cucim,2138.45,4
8,18.729270,TCGA-E9-A245-01Z-00-DX1.648850D5-EB80-4FBE-8507-32313FAD1060,cucim,2818.46,4
8,19.798640,TCGA-BH-A0W7-01Z-00-DX1.93F11232-A1FB-4682-B744-3531D4DF11AF,cucim,1013.97,4
8,20.640953,TCGA-BH-A0W3-01Z-00-DX1.38DCA2B7-1A54-4FFA-BABA-29F80974BB17,cucim,3532.15,4
8,21.503276,TCGA-A8-A099-01Z-00-DX1.B19C28B5-FEBC-49B4-A60E-E6B85BB00DD7,cucim,2306.01,4
8,22.445127,TCGA-B6-A0IM-01Z-00-DX1.E2CBD42F-D933-4446-BE7C-C2F8B5AFB976,cucim,2374.24,4
8,23.462213,TCGA-A8-A09B-01Z-00-DX1.97CCDA89-AB73-4F05-A900-668160227B78,cucim,2344.83,4
8,24.425372,TCGA-A7-A0D9-01Z-00-DX2.66CD9ED8-223B-4AC8-AA1A-2481FB0C47B3,cucim,1830.46,4
8,25.383960,TCGA-C8-A1HL-01Z-00-DX1.CC21CAE9-DE48-4ADE-A959-5A99010AAFAC,cucim,1087.33,4
8,26.389644,TCGA-B6-A0RV-01Z-00-DX1.C46C2937-868D-47B7-B9B9-E51F5433BE97,cucim,1903.83,4
8,27.414215,TCGA-EW-A424-01Z-00-DX1.662894F0-31FE-494B-9A9E-7C369AE23D27,cucim,1492.99,4
8,28.668968,TCGA-BH-A0BS-01Z-00-DX1.FEE32127-4D0B-4560-A39C-4EAA5B189B70,cucim,2676.53,4
8,29.667734,TCGA-E2-A1LK-01Z-00-DX1.5EBAA1F4-F1B4-4938-A51F-0246621BB0ED,cucim,2108.58,4
8,30.601544,TCGA-D8-A1JP-01Z-00-DX1.B02959C4-6AAD-4ACA-9838-61D224D838E4,cucim,1733.56,4
8,31.677822,TCGA-A8-A09K-01Z-00-DX1.41B2DF5F-C0E1-43BB-BAA5-2946A9EC4650,cucim,2562.37,4
8,32.841824,TCGA-D8-A1JE-01Z-00-DX1.714805A1-E337-46DA-88D9-6CE4B4E3C2D0,cucim,1227.42,4
8,33.993764,TCGA-AC-A2FM-01Z-00-DX1.5D2309D5-C47B-4B04-B7B8-2F0685842889,cucim,8918.66,4
8,35.204177,TCGA-E9-A1N8-01Z-00-DX1.1243AB1C-75A3-4A5E-9674-53992E6DD377,cucim,1523.19,4
8,36.531816,TCGA-AO-A12G-01Z-00-DX1.1C37E1FE-CF36-4570-A864-3813B8ADBA36,cucim,3507.97,4
8,37.812278,TCGA-D8-A1XR-01Z-00-DX2.A103FB8B-4397-4DD4-8587-90A736407484,cucim,2321.73,4
8,38.987185,TCGA-AR-A2LJ-01Z-00-DX1.9D6257FA-2767-4640-9252-9BE18BD9D158,cucim,3678.65,4
8,40.269041,TCGA-AC-A2QH-01Z-00-DX1.00B8BFFF-F1E2-4F99-A969-8DD7EE4F8E0B,cucim,5967.45,4
8,41.458020,TCGA-E2-A1LH-01Z-00-DX1.F85384B7-1EBF-4F57-A45B-4A668B68E535,cucim,1882.80,4
8,42.436430,TCGA-GM-A3XG-01Z-00-DX1.68FFB600-8573-451F-8100-D11DB091F457,cucim,3076.34,4
8,44.079338,TCGA-AC-A2FM-01Z-00-DX1.5D2309D5-C47B-4B04-B7B8-2F0685842889,cucim,20980.06,4
8,45.674127,TCGA-C8-A1HJ-01Z-00-DX1.745159F1-85E7-4CC0-B088-E1CA91916FB8,cucim,5191.40,4
8,47.195309,TCGA-BH-A0BT-01Z-00-DX1.9087B9E7-C0CD-4179-AF57-AD9255785169,cucim,1526.18,4
8,48.895368,TCGA-AC-A2FK-01Z-00-DX1.033F3C27-9860-4EF3-9330-37DE5EC45724,cucim,5011.75,4
8,50.375151,TCGA-A1-A0SE-01Z-00-DX1.04B09232-C6C4-46EF-AA2C-41D078D0A80A,cucim,2839.10,4
8,51.581690,TCGA-EW-A6SD-01Z-00-DX1.32D8240E-2076-492B-BB95-300A9FCA96E7,cucim,1974.45,4
8,52.880427,TCGA-E2-A159-01Z-00-DX1.C8DC3356-CAE9-4E7A-AEFF-ABB4BE38192B,cucim,1624.68,4
8,54.202649,TCGA-AR-A0TP-01Z-00-DX1.58E6A3A6-D1D7-4AE5-87A5-E823F04CBB2F,cucim,4936.22,4
8,55.555641,TCGA-D8-A27V-01Z-00-DX2.81E4FFDF-7123-4AC3-BE24-A82564A6C34C,cucim,1691.60,4
8,56.738990,TCGA-D8-A27V-01Z-00-DX2.81E4FFDF-7123-4AC3-BE24-A82564A6C34C,cucim,2294.39,4
8,57.832397,TCGA-D8-A73X-01Z-00-DX1.5F0DF75C-594C-42DF-BE3F-E00E5E01DCD6,cucim,3795.52,4
8,59.362194,TCGA-E2-A1BD-01Z-00-DX1.A2AFF7AD-ED47-43E4-87FE-62882BAEB8DA,cucim,6023.48,4
8,60.960070,TCGA-AO-A03T-01Z-00-DX1.8B75E203-6DC8-4AC9-A256-6FCB818DA0DD,cucim,2264.89,4
8,62.692971,TCGA-EW-A1PD-01Z-00-DX1.6F6A0122-A50B-4D00-9A3F-7A2502D44E38,cucim,6859.40,4
8,64.113563,TCGA-AR-A0TS-01Z-00-DX1.2DB81A2E-16C1-4EE0-8175-65FA46768277,cucim,2271.41,4
8,65.522379,TCGA-AR-A0TR-01Z-00-DX1.BBCE653F-7DD0-4830-BAD3-C06207A93853,cucim,2242.82,4
8,66.870085,TCGA-B6-A0IC-01Z-00-DX1.60ED7BBF-A448-4E4E-80F9-91527A697588,cucim,9411.16,4
8,68.276909,TCGA-EW-A1J3-01Z-00-DX1.F736F6F4-0859-439A-A417-98B520C8D65A,cucim,1648.70,4
8,69.528761,TCGA-AN-A0FS-01Z-00-DX1.104368C2-28DA-4E43-8B27-78336AD5ABC8,cucim,3131.73,4
9,10.654360,TCGA-A8-A09B-01Z-00-DX1.97CCDA89-AB73-4F05-A900-668160227B78,cucim,1634.99,4
9,11.337127,TCGA-MS-A51U-01Z-00-DX1.490DE85A-ECE5-4E2A-9657-841BE6FFCCA0,cucim,1149.02,4
9,12.137605,TCGA-A7-A0DA-01Z-00-DX2.90C93176-C3C6-41B3-B34B-B16F1A1779E6,cucim,1171.73,4
9,12.905476,TCGA-BH-A0EI-01Z-00-DX1.929E126A-C9F8-4240-BF00-B6C4A57B7FF6,cucim,2393.55,4
9,13.736069,TCGA-AO-A129-01Z-00-DX1.BF485416-BF57-4F39-866B-4B1E201876FA,cucim,971.04,4
9,14.506878,TCGA-BH-A0BO-01Z-00-DX1.1A704471-FEB3-40F9-9838-3E347A18285F,cucim,2057.52,4
9,15.462448,TCGA-BH-A18M-01Z-00-DX1.56E6935A-62CB-4CBE-BDCA-60DA56422CE0,cucim,1420.45,4
9,16.264063,TCGA-AO-A03M-01Z-00-DX1.9998A9A0-D0A6-48FC-80FB-AE597CB9E8AA,cucim,2818.20,4
9,17.187579,TCGA-AC-A2FO-01Z-00-DX1.46929316-D7ED-4D69-B068-409BFFBCEC4D,cucim,7229.26,4
9,18.179783,TCGA-D8-A1JT-01Z-00-DX1.F278C419-E405-4BDA-BA50-BFBA08801168,cucim,2619.31,4
9,19.010824,TCGA-BH-A0E0-01Z-00-DX1.01E88024-83DF-4282-ABAF-F4E35807DA06,cucim,1402.28,4
9,19.848547,TCGA-E2-A15E-06Z-00-DX1.D394A007-91A2-4445-9B4A-1629EE684A51,cucim,1662.47,4
9,20.649311,TCGA-BH-A0HW-01Z-00-DX1.44DCCE00-133F-4469-A4DA-5057C011B4AC,cucim,2768.23,4
9,21.556551,TCGA-E2-A574-01Z-00-DX1.60341091-B118-4F20-9ADB-FB2886790B0E,cucim,4804.61,4
9,22.504916,TCGA-C8-A1HG-01Z-00-DX1.F2AB6D0F-4D6B-491F-915B-92E838E79D67,cucim,1717.57,4
9,23.392733,TCGA-AQ-A54O-01Z-00-DX1.85AB0AC4-47BB-4CD8-B7FB-5928108864AC,cucim,1598.01,4
9,24.329831,TCGA-C8-A26V-01Z-00-DX1.6E86DF74-D575-4969-8142-963D9DF5208F,cucim,2150.29,4
9,25.224083,TCGA-C8-A26V-01Z-00-DX1.6E86DF74-D575-4969-8142-963D9DF5208F,cucim,1109.50,4
9,26.301906,TCGA-E2-A1L6-01Z-00-DX1.AFE87067-2BFD-42C2-9334-9DDE8AB61B49,cucim,1854.43,4
9,27.297518,TCGA-E2-A10B-01Z-00-DX1.148CFC4B-EE65-4A7E-918F-10C72F37CB0F,cucim,1544.48,4
9,28.263055,TCGA-AR-A0U4-01Z-00-DX1.DE722DC5-859D-4866-ADCC-ED98EDBFB588,cucim,2126.26,4
9,29.302430,TCGA-AR-A0U4-01Z-00-DX1.DE722DC5-859D-4866-ADCC-ED98EDBFB588,cucim,1568.69,4
9,30.439899,TCGA-A2-A0CX-01Z-00-DX1.F07C75AB-E568-45CB-B497-37C712490393,cucim,1754.90,4
9,31.603167,TCGA-A8-A093-01Z-00-DX1.1C8056D1-11CD-482D-9A23-3A9D1B4E63F0,cucim,2094.92,4
9,32.742082,TCGA-BH-A0HO-01Z-00-DX1.D3D66547-F5D4-40F5-B737-2FECEEB35ACB,cucim,2145.74,4
9,33.873489,TCGA-AN-A0FV-01Z-00-DX1.C0D02946-FCDA-472D-895D-7ACF5C96B264,cucim,3048.55,4
9,34.977235,TCGA-E2-A14U-01Z-00-DX1.F788A244-6C96-4CDC-AD9A-157DE951A723,cucim,2296.58,4
9,36.293848,TCGA-B6-A0RT-01Z-00-DX1.6C2BA663-D61B-404B-B62C-B81747B6A3AC,cucim,3784.28,4
9,37.515737,TCGA-AO-A03N-01Z-00-DX1.79A8816D-961F-4D79-90B4-341919297A90,cucim,1171.57,4
9,38.681118,TCGA-A8-A0A7-01Z-00-DX1.A0FD4EEF-B536-47C1-BDA1-7AC71BA3E978,cucim,4981.38,4
9,40.017189,TCGA-A8-A0A7-01Z-00-DX1.A0FD4EEF-B536-47C1-BDA1-7AC71BA3E978,cucim,5366.15,4
9,41.375745,TCGA-BH-A0HK-01Z-00-DX1.019036F5-647A-4EC4-8479-F2C100291AEF,cucim,1985.47,4
9,42.580213,TCGA-A7-A6VW-01Z-00-DX1.1BC4790C-DB45-4A3D-9C97-92C92C03FF60,cucim,1291.40,4
9,43.713130,TCGA-A7-A56D-01Z-00-DX1.87D9CCF4-04EE-46D2-B7FC-A83561D7752C,cucim,1316.83,4
9,45.253779,TCGA-A8-A06O-01Z-00-DX1.FA4495B2-5B13-4448-ADCB-EF5316E0955B,cucim,1690.68,4
9,46.576267,TCGA-A7-A3J0-01Z-00-DX1.59DB32BC-F59C-43B3-8DDD-4A728EBA8AB8,cucim,1091.28,4
9,47.911681,TCGA-AN-A0XS-01Z-00-DX1.B4D4B73E-2912-4B2E-B18A-FBC35F8160D3,cucim,4540.32,4
9,49.187931,TCGA-AR-A1AP-01Z-00-DX1.F163EED5-0385-41AA-BA35-54E4910CD99E,cucim,784.20,4
9,50.430461,TCGA-D8-A1JT-01Z-00-DX1.F278C419-E405-4BDA-BA50-BFBA08801168,cucim,1094.91,4
9,51.876577,TCGA-BH-A0B9-01Z-00-DX1.C23ADB4C-52D4-4DFD-B8E3-156E43F0E645,cucim,2559.17,4
9,53.152683,TCGA-D8-A27F-01Z-00-DX1.C1A87F27-49F1-46BA-B2E2-A89293F7FD0C,cucim,2860.28,4
9,54.385187,TCGA-5L-AAT1-01Z-00-DX1.F3449A5B-2AC4-4ED7-BF44-4C8946CDB47D,cucim,5658.83,4
9,55.752289,TCGA-B6-A0IO-01Z-00-DX1.D8898C30-4016-4983-9359-5C1507C01715,cucim,3442.68,4
9,57.170750,TCGA-D8-A1JN-01Z-00-DX1.3B02989C-CEA0-4EDD-A6DC-21C3A957C640,cucim,1924.52,4
9,58.507090,TCGA-A2-A0YC-01Z-00-DX1.F01F2268-17D8-45FD-8917-FD89454D0709,cucim,1488.84,4
9,59.782024,TCGA-E2-A15I-01Z-00-DX1.DFF60A40-B03D-438F-A233-06132A213619,cucim,8195.65,4
9,61.111507,TCGA-BH-A0DO-01Z-00-DX1.1684557E-A5D4-4828-B2D5-FA899993A019,cucim,1343.97,4
9,62.506884,TCGA-B6-A0RT-01Z-00-DX1.6C2BA663-D61B-404B-B62C-B81747B6A3AC,cucim,2377.04,4
9,64.198962,TCGA-E9-A22D-01Z-00-DX1.b2867437-0add-4b7d-8002-fb09ed961942,cucim,1486.74,4
9,65.565122,TCGA-D8-A1XF-01Z-00-DX2.1460E522-5B87-4690-8B6B-3183C5D282D6,cucim,1562.67,4
9,66.859725,TCGA-A8-A09Q-01Z-00-DX1.C7240AFB-5971-4577-812C-A255C249001A,cucim,11183.97,4
9,68.223818,TCGA-EW-A423-01Z-00-DX2.5EF1CF39-600A-4ED3-A5A2-AF4435A5F8B5,cucim,2518.64,4
9,69.523621,TCGA-E9-A1N9-01Z-00-DX1.982C83A6-0E06-47B3-A7C7-1773A2CD1771,cucim,2819.22,4
10,10.822071,TCGA-AR-A2LR-01Z-00-DX1.C686A7D6-0361-49EE-B6CA-672B3086243C,cucim,1680.37,4
10,11.603056,TCGA-D8-A1JA-01Z-00-DX1.BD43F94A-D5A8-490E-AED4-5F3AB24080FA,cucim,2410.84,4
10,12.457313,TCGA-AC-A23C-01Z-00-DX1.0E67C785-83D3-49AF-B600-FB5B909AE6ED,cucim,3796.70,4
10,13.331104,TCGA-BH-A0BL-01Z-00-DX1.D5A413B0-2141-4A6F-A671-6C5EA8641D25,cucim,1252.92,4
10,14.056138,TCGA-EW-A2FV-01Z-00-DX1.0C59AC06-DD9B-413A-8A03-B71774F662FA,cucim,1316.42,4
10,14.892688,TCGA-E2-A1B5-01Z-00-DX1.AB19FF3D-5C42-4D49-ABEA-D2315709B6EA,cucim,2369.85,4
10,15.832632,TCGA-A2-A0EX-01Z-00-DX1.F4C293E9-9BB2-48A1-8080-5F3082E219C5,cucim,1788.20,4
10,16.627236,TCGA-D8-A1J9-01Z-00-DX1.F81FA9EF-8129-4E17-A9AD-2B850782CC18,cucim,1392.00,4
10,17.449962,TCGA-E9-A1R7-01Z-00-DX1.af9ff432-440e-44ac-bc33-298f5db9a706,cucim,1834.63,4
10,18.307686,TCGA-E9-A1NE-01Z-00-DX1.f332124a-cdab-4ab5-82d1-4b8b7f3c9821,cucim,1776.70,4
10,19.125595,TCGA-AC-A62Y-01Z-00-DX1.5075F4DA-488C-40AD-BD73-6DE8953E1864,cucim,1523.95,4
10,20.074800,TCGA-AN-A0FS-01Z-00-DX1.104368C2-28DA-4E43-8B27-78336AD5ABC8,cucim,1262.70,4
10,21.047741,TCGA-AR-A1AR-01Z-00-DX1.E7B7F6F0-9CC0-4D4F-8C9F-443A74D2BE40,cucim,2333.60,4
10,22.010809,TCGA-B6-A0RI-01Z-00-DX1.E39951A4-AC6A-4B07-851B-F35CB86D79AA,cucim,2413.06,4
10,22.977406,TCGA-LL-A6FP-01Z-00-DX1.6261398A-7288-4924-BBE2-FC1949256E40,cucim,1501.81,4
10,23.877457,TCGA-D8-A1XT-01Z-00-DX1.9E4DEEEB-AB0A-45F6-A69B-65B3E6F22D46,cucim,2857.44,4
10,24.871632,TCGA-E2-A155-01Z-00-DX1.A5AF232A-61BB-4FDC-ABF9-2FE9BA461BDC,cucim,2351.89,4
10,25.856184,TCGA-BH-A18G-01Z-00-DX1.DB2B5819-CE83-4E07-BD03-2CD9CF2E246C,cucim,1493.02,4
10,26.944321,TCGA-OL-A66J-01Z-00-DX1.661F7F70-E4D4-4875-B8C4-556F7927F3BA,cucim,2039.35,4
10,28.032642,TCGA-BH-A0DP-01Z-00-DX1.5550557D-4E5B-4B57-8C1E-9290A7AA32A9,cucim,3051.09,4
10,29.071629,TCGA-BH-A0BA-01Z-00-DX1.579E11C9-437C-4D49-8811-DD94D8454712,cucim,1964.29,4
10,30.120543,TCGA-E2-A105-01Z-00-DX1.192813F9-2D7B-40C7-88D9-BFA939D43FEE,cucim,1549.29,4
10,31.296243,TCGA-AR-A1AN-01Z-00-DX1.1118F9FE-6DF2-4496-B102-D3A10D332EC0,cucim,1800.84,4
10,32.405105,TCGA-A1-A0SP-01Z-00-DX1.20D689C6-EFA5-4694-BE76-24475A89ACC0,cucim,2206.11,4
10,33.508113,TCGA-B6-A0RE-01Z-00-DX1.8933BDB4-EF8D-41FA-9A50-05BB3AB976E5,cucim,1275.00,4
10,34.632579,TCGA-BH-A0H0-01Z-00-DX1.B3B394DD-1F4E-42CA-BB51-C002E423B3D0,cucim,3108.05,4
10,35.766494,TCGA-D8-A27T-01Z-00-DX1.1E3A4D57-9CF2-4EBF-B74D-ADD7BD8CBFA5,cucim,10326.40,4
10,36.845396,TCGA-A8-A07J-01Z-00-DX1.FE16248C-D890-4750-A9FC-5F72BE8D8B85,cucim,1329.67,4
10,37.953417,TCGA-BH-A0BS-01Z-00-DX1.FEE32127-4D0B-4560-A39C-4EAA5B189B70,cucim,2373.97,4
10,39.105371,TCGA-EW-A1PF-01Z-00-DX1.9420D058-65CE-4DF8-815F-EB407003096E,cucim,2366.27,4
10,40.347966,TCGA-EW-A1PG-01Z-00-DX1.A31B2048-D04D-467C-A9E4-6A63942A58C6,cucim,3096.92,4
10,41.511341,TCGA-A8-A09N-01Z-00-DX1.A0E4EF10-5BFF-46A0-94C7-578EA3A88599,cucim,1783.85,4
10,42.741682,TCGA-D8-A1JM-01Z-00-DX1.3CD15BC8-08B3-4BEE-9FD7-A8BEED33268E,cucim,2405.98,4
10,44.020840,TCGA-BH-A0H5-01Z-00-DX1.28F24D4D-EE80-4EDA-BC30-A194E22FD61C,cucim,1519.83,4
10,45.348398,TCGA-A2-A0EY-01Z-00-DX1.2F2428B3-0767-48E0-AC22-443C244CBD16,cucim,1907.53,4
10,46.961000,TCGA-S3-AA11-01Z-00-DX1.36B83B37-2928-4DB7-A04A-8D511F1183FD,cucim,2116.20,4
10,48.377957,TCGA-D8-A27I-01Z-00-DX1.ACAE0048-7AF0-41C9-992B-6ACDABF80B1C,cucim,1618.87,4
10,49.831296,TCGA-E9-A1R3-01Z-00-DX1.779642c7-b3b0-4ff2-af97-201d4bcfc197,cucim,5984.22,4
10,51.429852,TCGA-A8-A07F-01Z-00-DX1.E6FE5B3A-A412-4E7B-A710-7DFD3596F4E3,cucim,16316.79,4
10,53.097043,TCGA-A2-A0T0-01Z-00-DX1.51F904DA-A4B5-4451-8AEF-58E7EF7651DB,cucim,2954.39,4
10,54.708405,TCGA-BH-A18N-01Z-00-DX1.FE0E24A1-8AE9-4021-B9C7-B408EE0DE329,cucim,4229.33,4
10,56.427340,TCGA-A2-A0YI-01Z-00-DX1.1CF2EC2D-C722-467F-8832-409B823E8D8F,cucim,2945.96,4
10,57.842212,TCGA-BH-A0HI-01Z-00-DX1.89DB9F79-0DCC-4C65-831E-96AE026C2C4E,cucim,5053.33,4
10,59.233673,TCGA-AC-A6NO-01Z-00-DX1.61B7F48C-6D6E-4C1B-B236-DD130ECBDA9D,cucim,6754.51,4
10,60.851199,TCGA-AC-A6NO-01Z-00-DX1.61B7F48C-6D6E-4C1B-B236-DD130ECBDA9D,cucim,3515.75,4
10,62.593008,TCGA-S3-AA15-01Z-00-DX2.915A4F90-25CB-4535-99C7-D0D0CFC90412,cucim,1010.19,4
10,64.048253,TCGA-B6-A0IA-01Z-00-DX1.8A868F0A-6CE2-46A7-AF0C-C5FC5D657D86,cucim,1994.17,4
10,65.531816,TCGA-C8-A1HN-01Z-00-DX1.7EBBEAB1-EBB7-456F-8848-AFE2263242B7,cucim,3364.70,4
10,66.815832,TCGA-A8-A097-01Z-00-DX1.4D06990E-E759-40F0-9106-59408CF350E5,cucim,5902.02,4
10,68.158411,TCGA-E2-A14Z-01Z-00-DX1.A1344A78-1842-4578-8CDE-921E50656891,cucim,6066.80,4
10,69.294262,TCGA-E2-A15D-01Z-00-DX1.AA5AF847-3635-4BAF-AAC3-BADB4A1B2CB1,cucim,2770.40,4
11,10.784235,TCGA-D8-A142-01Z-00-DX1.F6D58989-9120-40C9-918D-6B1650C1A8E8,cucim,1470.72,4
11,11.607843,TCGA-E9-A3X8-01Z-00-DX1.D1532F80-F5F8-47AF-8A1B-B59E345F5D70,cucim,1438.94,4
11,12.401879,TCGA-C8-A12P-01Z-00-DX1.670B5DE8-07B0-4E4C-93FA-FA3DFFCCE50D,cucim,982.25,4
11,13.132813,TCGA-A2-A1FW-01Z-00-DX1.DC2BC5D7-E57B-444E-833F-9A1B6E11DE6D,cucim,3130.53,4
11,14.053647,TCGA-3C-AALJ-01Z-00-DX2.62DFE56B-B84C-40F9-9625-FCB55767B70D,cucim,6340.20,4
11,14.992342,TCGA-E2-A1IO-01Z-00-DX1.C812D02F-3B40-496B-9EF5-7F68ADE64962,cucim,2341.32,4
11,16.059641,TCGA-AC-A23C-01Z-00-DX1.0E67C785-83D3-49AF-B600-FB5B909AE6ED,cucim,3119.49,4
11,17.087507,TCGA-BH-A0HI-01Z-00-DX1.89DB9F79-0DCC-4C65-831E-96AE026C2C4E,cucim,2688.47,4
11,17.957746,TCGA-D8-A1JT-01Z-00-DX1.F278C419-E405-4BDA-BA50-BFBA08801168,cucim,1173.41,4
11,18.833023,TCGA-E2-A15R-01Z-00-DX1.B58D2D9D-05EE-4D66-8DC0-9E5C6AD2E3D3,cucim,1453.86,4
11,19.896810,TCGA-AO-A03O-01Z-00-DX1.054BBC89-69F4-4311-814D-E343472CD2C0,cucim,1652.02,4
11,20.950075,TCGA-AR-A1AV-01Z-00-DX1.93698893-7C5C-44C1-A488-ED358D523693,cucim,1528.03,4
11,21.821535,TCGA-A8-A08P-01Z-00-DX1.431A1290-9CF4-4CE7-A9F0-13F9ADA46ADA,cucim,3956.03,4
11,22.760309,TCGA-A1-A0SP-01Z-00-DX1.20D689C6-EFA5-4694-BE76-24475A89ACC0,cucim,1419.94,4
11,23.770177,TCGA-D8-A143-01Z-00-DX1.4697FB2F-91D5-4506-AF23-7DE304D44A3F,cucim,1453.90,4
11,25.002021,TCGA-C8-A132-01Z-00-DX1.6CCE1FE0-BB4B-4046-BAF0-43AA110B2EBE,cucim,3503.91,4
11,26.161917,TCGA-E2-A14O-01Z-00-DX1.432DB252-35D4-4B02-B0A7-39BF85A38F89,cucim,1759.86,4
11,27.297357,TCGA-AN-A0FV-01Z-00-DX1.C0D02946-FCDA-472D-895D-7ACF5C96B264,cucim,1273.04,4
11,28.322865,TCGA-A2-A0YT-01Z-00-DX1.63CA3E36-B3E4-4D3F-9F80-2703970DBE5B,cucim,2222.37,4
11,29.326129,TCGA-BH-A0W3-01Z-00-DX1.38DCA2B7-1A54-4FFA-BABA-29F80974BB17,cucim,1716.67,4
11,30.263405,TCGA-A8-A06U-01Z-00-DX1.56070AB9-A73E-44B8-8051-D93E8F881BBE,cucim,2396.25,4
11,31.417104,TCGA-BH-A0BC-01Z-00-DX1.7A91831D-9625-49FC-B783-C633F80F898C,cucim,1277.06,4
11,32.537307,TCGA-BH-A18F-01Z-00-DX1.81A81589-2D77-4CD6-BD34-76E292AA031D,cucim,1811.90,4
11,33.602184,TCGA-A2-A3Y0-01Z-00-DX1.A1EDDF82-FFAA-44A4-A749-7FB6F8133CC0,cucim,3412.96,4
11,34.763192,TCGA-BH-A0BC-01Z-00-DX1.7A91831D-9625-49FC-B783-C633F80F898C,cucim,2420.96,4
11,35.880303,TCGA-BH-A1EW-01Z-00-DX1.A6A5F9C5-FB97-4DA3-A1EA-1F84BC006681,cucim,1170.03,4
11,37.033016,TCGA-A7-A2KD-01Z-00-DX1.BFF2DFC8-1D95-4DC2-98FC-5BD7D7C6CDF5,cucim,1714.16,4
11,38.310518,TCGA-PL-A8LV-01A-01-DX1.88F3D934-96C2-4652-9450-90F2E302FF6D,cucim,1626.84,4
11,39.360483,TCGA-A1-A0SJ-01Z-00-DX1.C196FA66-C376-4016-86BC-3D8E745B3A51,cucim,1643.73,4
11,40.446621,TCGA-EW-A2FW-01Z-00-DX1.4F948681-81F3-46C5-A4E8-FDE8A4116F7A,cucim,4578.55,4
11,41.710492,TCGA-BH-A1FM-01Z-00-DX1.860C5169-FE2B-43A6-A13D-E736374303DD,cucim,1220.12,4
11,42.950439,TCGA-A8-A07F-01Z-00-DX1.E6FE5B3A-A412-4E7B-A710-7DFD3596F4E3,cucim,7796.49,4
11,44.719969,TCGA-E9-A1ND-01Z-00-DX1.5C2F5250-A3B2-4B97-9E11-56CF3C7CA2DB,cucim,2512.44,4
11,46.118598,TCGA-AR-A24M-01Z-00-DX1.D81F1BDF-00DD-42A3-AFFE-55655A877213,cucim,2060.95,4
11,47.762347,TCGA-A7-A426-01Z-00-DX1.3058E873-9442-4872-80DA-E8A5B35054D2,cucim,1239.45,4
11,49.219021,TCGA-D8-A1X6-01Z-00-DX2.F36D68F2-70C3-4E0E-ABE6-6969170BA6DC,cucim,2220.35,4
11,50.663864,TCGA-D8-A1JN-01Z-00-DX1.3B02989C-CEA0-4EDD-A6DC-21C3A957C640,cucim,3994.45,4
11,52.171184,TCGA-E9-A1NI-01Z-00-DX1.AF90ACEF-EDED-40E6-955B-80ACC49778F9,cucim,1813.98,4
11,53.485952,TCGA-E2-A1L6-01Z-00-DX1.AFE87067-2BFD-42C2-9334-9DDE8AB61B49,cucim,3047.06,4
11,54.868875,TCGA-B6-A0RP-01Z-00-DX1.02A55E9D-2AA9-497A-B481-85724EA813AD,cucim,3318.90,4
11,56.265740,TCGA-B6-A0RP-01Z-00-DX1.02A55E9D-2AA9-497A-B481-85724EA813AD,cucim,2036.17,4
11,57.801797,TCGA-AC-A23C-01Z-00-DX1.0E67C785-83D3-49AF-B600-FB5B909AE6ED,cucim,5438.24,4
11,59.271907,TCGA-OL-A66J-01Z-00-DX1.661F7F70-E4D4-4875-B8C4-556F7927F3BA,cucim,1755.60,4
11,61.196224,TCGA-A2-A3XZ-01Z-00-DX1.B7A1344E-7015-4A21-B3D4-EB760161BE7C,cucim,5677.79,4
11,62.973535,TCGA-OL-A5RX-01Z-00-DX1.15A0D4F4-2744-4D44-8883-27FF83D9C824,cucim,6026.21,4
11,64.791605,TCGA-AN-A0FT-01Z-00-DX1.6F263AB3-FB1D-4056-AEC2-4F163017324F,cucim,2847.88,4
11,66.013428,TCGA-D8-A1X6-01Z-00-DX1.ABF237D4-708C-46A5-AEF8-58712E5DCC04,cucim,2762.51,4
11,67.436200,TCGA-EW-A2FS-01Z-00-DX1.A01C9183-2AC8-456A-B5A6-85C5BB0361D8,cucim,1358.32,4
11,68.665762,TCGA-AO-A0J6-01Z-00-DX1.D0C003CE-E112-4375-953D-78404C9D62DA,cucim,3557.80,4
11,69.830426,TCGA-A8-A083-01Z-00-DX1.AD121BA9-B5FA-4A03-869B-8FE2C5014CE0,cucim,5669.67,4
12,10.774688,TCGA-BH-A0AW-01Z-00-DX1.9D50A0D2-B103-411C-831E-8520C3D50173,cucim,1240.23,4
12,11.600710,TCGA-BH-A0HQ-01Z-00-DX1.0921FCEF-20A2-4D4B-A198-91AF9F6C814C,cucim,1489.60,4
12,12.339664,TCGA-W8-A86G-01Z-00-DX2.DEC2CC1C-3662-43C6-A5CB-EC94B343FA3D,cucim,2179.27,4
12,13.025829,TCGA-OL-A66P-01Z-00-DX1.5ADD0D6D-37C6-4BC9-8C2B-64DB18BE99B3,cucim,2296.56,4
12,13.818297,TCGA-E9-A1NC-01Z-00-DX1.20edf036-8ba6-4187-a74c-124fc39f5aa1,cucim,880.78,4
12,14.681557,TCGA-A2-A4S1-01Z-00-DX1.C69B14F6-5021-4FD8-8F2D-70227A5DA2B1,cucim,2004.97,4
12,15.611982,TCGA-E2-A155-01Z-00-DX1.A5AF232A-61BB-4FDC-ABF9-2FE9BA461BDC,cucim,1500.74,4
12,16.517972,TCGA-AR-A24M-01Z-00-DX1.D81F1BDF-00DD-42A3-AFFE-55655A877213,cucim,1623.79,4
12,17.458900,TCGA-BH-A0H5-01Z-00-DX1.28F24D4D-EE80-4EDA-BC30-A194E22FD61C,cucim,1225.82,4
12,18.256896,TCGA-C8-A8HP-01Z-00-DX1.B6EE8271-2E51-4184-9B0C-2ADA69B4A714,cucim,3530.50,4
12,19.130900,TCGA-E2-A15M-01Z-00-DX1.6E4671E5-18EA-4464-BE7C-C94767136E5C,cucim,1405.19,4
12,20.016118,TCGA-E2-A15M-01Z-00-DX1.6E4671E5-18EA-4464-BE7C-C94767136E5C,cucim,1511.99,4
12,20.901613,TCGA-A8-A092-01Z-00-DX1.2A55EA0C-47CD-426B-9697-F2B761730585,cucim,2358.15,4
12,21.880418,TCGA-A1-A0SN-01Z-00-DX1.5E9B85AE-AFB7-41DC-8A1B-BD6DA39B6540,cucim,2405.29,4
12,22.931072,TCGA-E9-A226-01Z-00-DX1.14f1f4c7-4e6e-4574-af20-60d2ab511b2a,cucim,1595.15,4
12,23.911142,TCGA-BH-A0W5-01Z-00-DX1.84EA3913-667B-4694-A0F0-E629CAC615C8,cucim,3296.12,4
12,24.788035,TCGA-AO-A0J2-01Z-00-DX1.7C9FEC7B-6040-4C58-9563-D10C0D7AC72E,cucim,1571.57,4
12,25.838594,TCGA-D8-A27M-01Z-00-DX1.3020D223-2400-4A2D-8BFE-08A5B78FE13B,cucim,1108.43,4
12,26.875417,TCGA-AO-A0JL-01Z-00-DX1.473CC200-221A-4777-B19E-ADC41D10FC94,cucim,2282.45,4
12,27.853935,TCGA-AR-A251-01Z-00-DX1.E91E357A-3AD4-4F79-A698-05F0B21A37EC,cucim,5330.99,4
12,28.959425,TCGA-A2-A0EX-01Z-00-DX1.F4C293E9-9BB2-48A1-8080-5F3082E219C5,cucim,3192.52,4
12,30.129977,TCGA-GM-A3XL-01Z-00-DX1.CCE8AA1D-9194-4E49-9546-DBF25A35847C,cucim,3926.21,4
12,31.237034,TCGA-A7-A13H-01Z-00-DX2.6C937651-4D3E-475D-99F6-4A9FD25CD48B,cucim,2480.72,4
12,32.462582,TCGA-BH-A0H6-01Z-00-DX1.0CF7253A-B42C-4778-B1C6-17EC78A039ED,cucim,3046.00,4
12,33.643194,TCGA-A8-A07S-01Z-00-DX1.34AFF327-E7FD-49E1-B918-0C09129581FB,cucim,4385.62,4
12,34.806273,TCGA-BH-A1F5-01Z-00-DX1.9A1AA3BB-80B1-473D-B075-8D65A94C4E0B,cucim,3087.17,4
12,35.887627,TCGA-AO-A0JA-01Z-00-DX1.E3DDBAAF-6FFA-40BE-83FF-942857CFED5D,cucim,2004.71,4
12,37.026575,TCGA-AO-A0JA-01Z-00-DX1.E3DDBAAF-6FFA-40BE-83FF-942857CFED5D,cucim,6644.82,4
12,38.284986,TCGA-GM-A3XN-01Z-00-DX1.49F5C8AC-0328-4BC2-9FE2-E7150B7A42E2,cucim,2102.14,4
12,39.425544,TCGA-A7-A0CH-01Z-00-DX1.48ADDD0B-527A-404C-B794-7D7D35BF861F,cucim,2193.72,4
12,40.590337,TCGA-A2-A1G1-01Z-00-DX1.E52A474F-DE13-41CF-94D4-D00BAC46ECF4,cucim,2540.22,4
12,41.931484,TCGA-BH-A0DK-01Z-00-DX1.0CFED53C-BAD9-4E35-B12F-57E64F3FEF1C,cucim,2579.00,4
12,43.665026,TCGA-E9-A3QA-01Z-00-DX1.9D664AF3-9ABD-4EED-B826-4C4FBFC33F3E,cucim,1696.08,4
12,45.199391,TCGA-C8-A132-01Z-00-DX1.6CCE1FE0-BB4B-4046-BAF0-43AA110B2EBE,cucim,3635.76,4
12,46.590949,TCGA-E2-A2P5-01Z-00-DX1.375B5E5D-D8D0-425C-9163-6DF26E31BBE1,cucim,1483.68,4
12,48.054869,TCGA-S3-AA14-01Z-00-DX1.000A865F-19E6-4018-9352-BFA54EF0CE31,cucim,1688.78,4
12,49.357468,TCGA-EW-A1IY-01Z-00-DX1.3FD00274-C2CD-491A-915B-23FD535A4723,cucim,5436.60,4
12,50.866268,TCGA-A7-A4SB-01Z-00-DX1.E8925605-5189-441E-A719-92CFC1118B0B,cucim,7876.03,4
12,52.279481,TCGA-D8-A1XL-01Z-00-DX2.FDE2C80D-5DC4-4743-A180-C5AFC5BB0BE2,cucim,1723.01,4
12,53.923805,TCGA-BH-A5J0-01Z-00-DX1.73CFBC85-8449-48FF-86F8-D4D49A90498B,cucim,1940.96,4
12,55.760094,TCGA-E2-A1IU-01Z-00-DX1.E2F24814-24BA-4158-8841-F27A8E100589,cucim,2375.96,4
12,57.722025,TCGA-A8-A096-01Z-00-DX1.FCECFB0D-4E02-4C69-A0FE-7D6C7F9FEB07,cucim,1256.06,4
12,59.499002,TCGA-A8-A07B-01Z-00-DX1.950B5E4E-C5F0-4445-9F88-E8C32CDFE6DA,cucim,6672.90,4
12,61.264428,TCGA-AR-A0TT-01Z-00-DX1.127C2A4F-62AC-4E83-99DB-13519BD2949D,cucim,3952.05,4
12,62.957579,TCGA-E2-A2P5-01Z-00-DX1.375B5E5D-D8D0-425C-9163-6DF26E31BBE1,cucim,3905.90,4
12,64.436730,TCGA-A8-A07R-01Z-00-DX1.D716752E-86AF-468B-A905-A7894B978F22,cucim,2116.74,4
12,65.737989,TCGA-BH-A1FH-01Z-00-DX1.F90A691F-B6DB-4C4A-9975-9A2CB01F29E2,cucim,2077.03,4
12,67.021816,TCGA-A8-A099-01Z-00-DX1.B19C28B5-FEBC-49B4-A60E-E6B85BB00DD7,cucim,2329.75,4
12,68.322184,TCGA-GM-A4E0-01Z-00-DX1.55A5D765-AA35-4052-9185-6872B580F0F6,cucim,1893.39,4
12,69.547444,TCGA-D8-A1JT-01Z-00-DX2.8DB9BB5B-17F3-4D80-835D-872BA275FD3B,cucim,1224.60,4
13,10.786205,TCGA-C8-A26Z-01Z-00-DX1.1A15D951-F3BD-4024-91DD-E7633C09A837,cucim,1358.99,4
13,11.659153,TCGA-D8-A1XG-01Z-00-DX1.0A58EF43-B97E-4111-8DC3-2F8D9BDBE7D6,cucim,1229.81,4
13,12.463334,TCGA-BH-A1FE-01Z-00-DX1.8FB57ECF-350B-44E4-8612-63E8374D3C4B,cucim,1846.73,4
13,13.257428,TCGA-OL-A5D8-01Z-00-DX1.C0A75731-1DDC-4FAF-A2C5-2E2ECB23DC13,cucim,2971.54,4
13,14.104270,TCGA-BH-A18T-01Z-00-DX1.90123A74-F631-4538-AB2E-4076486ADF88,cucim,1239.68,4
13,14.999386,TCGA-D8-A1XS-01Z-00-DX1.E5C78E5A-947C-499D-9E95-619FEEC63E69,cucim,2333.01,4
13,15.831573,TCGA-AO-A03P-01Z-00-DX1.D34DA321-D8E3-4D68-BCE2-4A8B72B3D0AE,cucim,2279.26,4
13,16.805747,TCGA-A2-A1FW-01Z-00-DX1.DC2BC5D7-E57B-444E-833F-9A1B6E11DE6D,cucim,1419.39,4
13,17.693787,TCGA-AR-A5QN-01Z-00-DX1.BF92AA24-3D44-4FFA-BCC0-CDB934EC3BBC,cucim,1622.47,4
13,18.692514,TCGA-BH-A18J-01Z-00-DX1.AE20ADB6-050C-405D-BF17-1EE4A1A4979A,cucim,1626.35,4
13,19.631088,TCGA-E2-A15M-01Z-00-DX1.6E4671E5-18EA-4464-BE7C-C94767136E5C,cucim,2472.44,4
13,20.520045,TCGA-BH-A0HO-01Z-00-DX1.D3D66547-F5D4-40F5-B737-2FECEEB35ACB,cucim,2085.66,4
13,21.474174,TCGA-EW-A1IW-01Z-00-DX1.0DE87057-951F-4887-A2D5-485736D66E4E,cucim,2609.26,4
13,22.482088,TCGA-B6-A0IA-01Z-00-DX1.8A868F0A-6CE2-46A7-AF0C-C5FC5D657D86,cucim,1416.74,4
13,23.533506,TCGA-C8-A12Q-01Z-00-DX1.CE74E5B7-FD30-4CBE-8716-ECCF2213AAC3,cucim,1453.82,4
13,24.595313,TCGA-BH-A0EE-01Z-00-DX1.872EA586-25C8-4835-A138-152DFA1EBF30,cucim,1616.57,4
13,25.584108,TCGA-AR-A24H-01Z-00-DX1.5CFC7E16-3F38-4531-968C-A4E4C9D00659,cucim,2958.52,4
13,26.679420,TCGA-B6-A0RO-01Z-00-DX1.3ADBFF05-92CE-41B5-BD49-CB3CE5B74CC9,cucim,1564.16,4
13,27.925185,TCGA-BH-A5IZ-01Z-00-DX1.6C871030-82E1-463E-A67B-976A5F3DCDB2,cucim,1318.45,4
13,29.113995,TCGA-AC-A2FG-01Z-00-DX1.0F13DE40-9F7A-42C6-AB3D-02E8521B690A,cucim,8688.91,4
13,30.497765,TCGA-D8-A1XV-01Z-00-DX1.D0D78B02-2A0D-4107-8083-D2FE1D3F1207,cucim,3976.51,4
13,31.987882,TCGA-E2-A159-01Z-00-DX1.C8DC3356-CAE9-4E7A-AEFF-ABB4BE38192B,cucim,3427.30,4
13,33.154769,TCGA-D8-A1JU-01Z-00-DX1.355D93B4-E69E-417C-B3D1-3E1AAF1E02FE,cucim,4370.00,4
13,34.293144,TCGA-A7-A13E-01Z-00-DX1.891954FF-316A-4562-AA14-429631944F22,cucim,2468.75,4
13,35.388622,TCGA-B6-A0IQ-01Z-00-DX1.662EA039-825E-41FF-91D6-021EB0E099BD,cucim,3055.04,4
13,36.544492,TCGA-A8-A06U-01Z-00-DX1.56070AB9-A73E-44B8-8051-D93E8F881BBE,cucim,3793.22,4
13,37.614513,TCGA-D8-A1J8-01Z-00-DX2.5DCB3447-548D-442C-86B1-CEF79B8689DF,cucim,2231.13,4
13,38.824365,TCGA-EW-A2FS-01Z-00-DX1.A01C9183-2AC8-456A-B5A6-85C5BB0361D8,cucim,1786.68,4
13,40.171783,TCGA-AO-A12G-01Z-00-DX1.1C37E1FE-CF36-4570-A864-3813B8ADBA36,cucim,4408.63,4
13,41.356271,TCGA-AR-A2LH-01Z-00-DX1.40D4FD67-FB13-46D9-A202-56A5791EA11C,cucim,2719.59,4
13,42.851672,TCGA-BH-A0DK-01Z-00-DX1.0CFED53C-BAD9-4E35-B12F-57E64F3FEF1C,cucim,3399.77,4
13,44.355523,TCGA-A2-A04Q-01Z-00-DX1.DF7ED6B6-7701-486D-9007-F26B6F0682C4,cucim,4015.55,4
13,45.713136,TCGA-OL-A66H-01Z-00-DX1.E54AF3FA-E59E-404C-BB83-A6FC6FC9B312,cucim,2603.06,4
13,47.009729,TCGA-BH-A1FU-01Z-00-DX1.3D195750-8C9E-48C6-92EC-44AC6AB56267,cucim,1463.91,4
13,48.477804,TCGA-A8-A0AD-01Z-00-DX1.A831FB53-7605-4138-9341-6BBCA284441C,cucim,1819.25,4
13,49.944482,TCGA-BH-A5IZ-01Z-00-DX1.6C871030-82E1-463E-A67B-976A5F3DCDB2,cucim,3162.79,4
13,51.197446,TCGA-A2-A0EN-01Z-00-DX1.F43A5D17-9267-4963-993A-93AC91BDC031,cucim,3013.71,4
13,52.603442,TCGA-A7-A4SB-01Z-00-DX1.E8925605-5189-441E-A719-92CFC1118B0B,cucim,6448.65,4
13,53.928825,TCGA-D8-A1XT-01Z-00-DX1.9E4DEEEB-AB0A-45F6-A69B-65B3E6F22D46,cucim,8944.97,4
13,55.453911,TCGA-AC-A2FK-01Z-00-DX1.033F3C27-9860-4EF3-9330-37DE5EC45724,cucim,6247.13,4
13,56.769223,TCGA-A7-A13E-01Z-00-DX2.1E1262AE-A32D-4814-94A5-D951CA8BA35D,cucim,10221.50,4
13,58.374637,TCGA-EW-A2FW-01Z-00-DX1.4F948681-81F3-46C5-A4E8-FDE8A4116F7A,cucim,5853.26,4
13,59.791676,TCGA-A8-A08O-01Z-00-DX1.BC87C01D-F081-41CA-939A-875C61588E88,cucim,4128.31,4
13,61.339738,TCGA-AO-A0J5-01Z-00-DX1.20C14D0C-1A74-4FE9-A5E6-BDDCB8DE7714,cucim,1777.51,4
13,62.770556,TCGA-C8-A273-01Z-00-DX1.6E5D581F-DF80-478D-82D1-6D6525EED1B5,cucim,6762.11,4
13,64.060648,TCGA-D8-A1XV-01Z-00-DX2.D1988E01-5FDC-4F50-8183-F0CCE74D0CB2,cucim,5791.13,4
13,65.195906,TCGA-BH-A18Q-01Z-00-DX1.E89E49C7-D62A-4408-A3D9-19E79FCB249E,cucim,1977.97,4
13,66.384804,TCGA-BH-A0B9-01Z-00-DX1.C23ADB4C-52D4-4DFD-B8E3-156E43F0E645,cucim,1389.99,4
13,67.655557,TCGA-A2-A25E-01Z-00-DX1.46D1950B-0BAF-4A44-B58F-CD738E74CB27,cucim,1647.04,4
13,68.805300,TCGA-E9-A22E-01Z-00-DX1.3d5b1ba6-466f-4852-b1fc-bc29ef3be9a2,cucim,4427.17,4
13,69.998033,TCGA-OL-A66O-01Z-00-DX1.5F1E4C60-5CE8-41B4-A94D-4AA80D9253F9,cucim,1874.72,4
14,10.759157,TCGA-E9-A244-01Z-00-DX1.4FDAA892-9DBF-4E5D-89F3-2A84C8AC8F0A,cucim,1613.48,4
14,11.501888,TCGA-BH-A1EV-01Z-00-DX1.106CF220-1D7D-40DD-88B2-A7F00B758F8F,cucim,2447.04,4
14,12.312610,TCGA-B6-A0IG-01Z-00-DX1.4238CB6E-0561-49FD-9C49-9B8AEAFC4618,cucim,3618.43,4
14,13.143790,TCGA-A2-A0EP-01Z-00-DX1.1180C406-5C18-4373-8621-1B7B70875113,cucim,2056.47,4
14,14.048766,TCGA-AR-A1AR-01Z-00-DX1.E7B7F6F0-9CC0-4D4F-8C9F-443A74D2BE40,cucim,3341.68,4
14,14.981035,TCGA-A8-A083-01Z-00-DX1.AD121BA9-B5FA-4A03-869B-8FE2C5014CE0,cucim,1871.73,4
14,16.214555,TCGA-A7-A3J1-01Z-00-DX1.92895B92-5F95-4EA3-9237-4CAF63CDE3FF,cucim,1366.37,4
14,17.303740,TCGA-EW-A423-01Z-00-DX2.5EF1CF39-600A-4ED3-A5A2-AF4435A5F8B5,cucim,1263.71,4
14,18.286812,TCGA-E9-A1R2-01Z-00-DX1.5529C856-4F4F-4F17-94A2-5CEF94A940EB,cucim,1090.52,4
14,19.203757,TCGA-A7-A0CJ-01Z-00-DX2.4B591117-5FC9-4B43-8A45-444CCCABC666,cucim,1123.46,4
14,20.215070,TCGA-A2-A3XZ-01Z-00-DX1.B7A1344E-7015-4A21-B3D4-EB760161BE7C,cucim,1796.65,4
14,21.369814,TCGA-A8-A09T-01Z-00-DX1.4183BBA4-AF11-4602-9EC2-35083C34A393,cucim,1775.35,4
14,22.570725,TCGA-EW-A2FW-01Z-00-DX1.4F948681-81F3-46C5-A4E8-FDE8A4116F7A,cucim,1719.06,4
14,23.690501,TCGA-OL-A66J-01Z-00-DX1.661F7F70-E4D4-4875-B8C4-556F7927F3BA,cucim,1432.61,4
14,24.625691,TCGA-E2-A15G-01Z-00-DX1.BAA5235E-1022-463B-A852-586ED7CA75FF,cucim,2365.12,4
14,25.634936,TCGA-C8-A1HG-01Z-00-DX1.F2AB6D0F-4D6B-491F-915B-92E838E79D67,cucim,2288.76,4
14,26.617159,TCGA-A8-A0A2-01Z-00-DX1.47BCDF13-1065-466A-B7CB-F91F5EAD7D91,cucim,4219.64,4
14,27.702323,TCGA-C8-A12K-01Z-00-DX1.D71C7974-65F7-4EF0-8FFB-9F27CEC85242,cucim,2192.01,4
14,29.096524,TCGA-AC-A2BK-01Z-00-DX1.A3A1F275-9CDC-48BA-BB81-BCA6F02ACA94,cucim,5669.28,4
14,30.284989,TCGA-LL-A5YL-01Z-00-DX1.164C74AB-87D5-46CC-9D96-33FE1F88DC80,cucim,5085.87,4
14,31.607999,TCGA-LL-A5YP-01Z-00-DX1.ADA978DF-6625-4C4D-AE0C-F589B2BA4897,cucim,4952.95,4
14,32.842980,TCGA-AN-A0XL-01Z-00-DX1.E90AA056-51DC-4A6B-96EB-A0B707496912,cucim,2072.26,4
14,34.079787,TCGA-A2-A0YH-01Z-00-DX1.FBA5E711-8275-45B3-BC20-5A786EE23548,cucim,2178.22,4
14,35.395271,TCGA-LD-A74U-01Z-00-DX1.F3C1EBBB-4AED-49A9-A8D2-B6145E162BE4,cucim,2587.96,4
14,36.485213,TCGA-A2-A0ER-01Z-00-DX1.18123C1B-A0CC-4957-9373-5FFAB985C2E8,cucim,2166.66,4
14,37.714321,TCGA-A2-A0T1-01Z-00-DX1.CD1E9C46-18A3-466B-AA0B-24F3055FA851,cucim,8964.90,4
14,39.005268,TCGA-D8-A27I-01Z-00-DX1.ACAE0048-7AF0-41C9-992B-6ACDABF80B1C,cucim,1325.38,4
14,40.336418,TCGA-E2-A15J-01Z-00-DX1.BF7901D1-30B1-4A76-B0A5-E9B8B36EF4C9,cucim,1736.22,4
14,41.954936,TCGA-AN-A0AJ-01Z-00-DX1.74EE47B0-FE27-44CF-9355-C738DE1BD017,cucim,1908.07,4
14,43.378560,TCGA-OL-A5D8-01Z-00-DX1.C0A75731-1DDC-4FAF-A2C5-2E2ECB23DC13,cucim,4735.36,4
14,45.264826,TCGA-B6-A0IP-01Z-00-DX1.3723A250-AA4B-4AFE-A692-C1311E9BA268,cucim,1693.89,4
14,46.499992,TCGA-BH-A1F2-01Z-00-DX1.17E2FD6F-0DCF-425B-864B-21ADCDAE734B,cucim,1559.24,4
14,47.745466,TCGA-D8-A73X-01Z-00-DX1.5F0DF75C-594C-42DF-BE3F-E00E5E01DCD6,cucim,1516.96,4
14,49.058069,TCGA-AC-A3QP-01Z-00-DX1.4B97E53E-1069-40C5-A062-C988663B37DD,cucim,2968.15,4
14,50.386624,TCGA-A2-A1G1-01Z-00-DX1.E52A474F-DE13-41CF-94D4-D00BAC46ECF4,cucim,2920.43,4
14,51.645628,TCGA-D8-A1XY-01Z-00-DX1.AC051FB4-1D51-449B-BF2D-9DDB4382414C,cucim,1884.17,4
14,53.501408,TCGA-AC-A3YI-01Z-00-DX1.321C0A32-ABF9-48ED-8071-C6B1774E9F7B,cucim,2502.15,4
14,54.699056,TCGA-AR-A1AQ-01Z-00-DX1.09D5D7FC-0FA8-4176-94B2-995F44D8ED4C,cucim,6866.16,4
14,56.160692,TCGA-BH-A1EN-01Z-00-DX1.F535657F-E2FA-4283-87AE-7DAB663B196B,cucim,2746.69,4
14,57.721987,TCGA-A7-A13F-01Z-00-DX1.AB4ADDD3-8E1C-4AB9-813E-D137A2CFB950,cucim,3337.01,4
14,59.235369,TCGA-D8-A1Y3-01Z-00-DX2.B9BD14AF-52A6-4241-B3B3-03F8F5DFC8DA,cucim,2209.10,4
14,60.771696,TCGA-A2-A0SX-01Z-00-DX1.219A994C-8974-4458-98FA-FB1F14868E04,cucim,2992.55,4
14,62.268103,TCGA-S3-AA15-01Z-00-DX1.A2456A4A-E6E8-4429-8F09-B997AA497BB0,cucim,4653.01,4
14,63.501479,TCGA-D8-A1XF-01Z-00-DX2.1460E522-5B87-4690-8B6B-3183C5D282D6,cucim,2581.36,4
14,64.771648,TCGA-AC-A2FF-01Z-00-DX1.012DAC86-E05C-44FA-81C2-FE4C754F409C,cucim,11180.66,4
14,66.049274,TCGA-GM-A2DN-01Z-00-DX1.593003B0-BA87-486B-B472-D6B85867D54D,cucim,992.77,4
14,67.255830,TCGA-BH-A0GZ-01Z-00-DX1.9AD4F493-A0A9-499D-B667-B33333FC1A51,cucim,1625.86,4
14,68.500625,TCGA-E2-A1LG-01Z-00-DX1.8ff0fdd8-e5d5-4ff8-8707-4a760aaa5d36,cucim,2285.41,4
14,69.668441,TCGA-A8-A09D-01Z-00-DX1.66312A8A-88BA-4B58-96DF-1A7AC39F9E4A,cucim,1445.39,4
15,10.777757,TCGA-A7-A13G-01Z-00-DX1.C258C545-8C1F-41D4-846F-962A746CBDFB,cucim,1111.97,4
15,11.698557,TCGA-AC-A62V-01Z-00-DX1.2D8994FD-58B8-43C1-B99D-AA964E7DFD60,cucim,5504.42,4
15,12.763209,TCGA-BH-A0E7-01Z-00-DX1.7FEE54C4-3795-403C-85B9-FF932BE56788,cucim,3257.93,4
15,13.715852,TCGA-A2-A3XT-01Z-00-DX1.336D6C78-576A-481B-8C83-F3A0FC4B182C,cucim,1194.18,4
15,14.657294,TCGA-A2-A3XV-01Z-00-DX1.4B58B7CD-B3F6-4C31-863F-924D291EF17C,cucim,2372.78,4
15,15.519951,TCGA-E2-A1B5-01Z-00-DX1.AB19FF3D-5C42-4D49-ABEA-D2315709B6EA,cucim,6615.21,4
15,16.440861,TCGA-A8-A099-01Z-00-DX1.B19C28B5-FEBC-49B4-A60E-E6B85BB00DD7,cucim,3218.10,4
15,17.402456,TCGA-A2-A0YM-01Z-00-DX1.A48B4C96-2CC5-464C-98B7-F0F92AE56533,cucim,2023.65,4
15,18.439744,TCGA-AC-A4ZE-01Z-00-DX1.A9BB4DBC-4314-4A77-AA1C-0882DBC370F1,cucim,9937.50,4
15,19.622026,TCGA-D8-A3Z6-01Z-00-DX1.4076A770-5901-4325-85C3-AF7B192272F5,cucim,2163.25,4
15,20.713669,TCGA-EW-A2FS-01Z-00-DX1.A01C9183-2AC8-456A-B5A6-85C5BB0361D8,cucim,1906.32,4
15,21.743217,TCGA-C8-A12X-01Z-00-DX1.2967579D-40AE-4425-BE81-5109713C16B4,cucim,1746.02,4
15,23.069150,TCGA-E2-A1LA-01Z-00-DX1.AE49E943-B830-4ED9-B09E-E499441BC2EC,cucim,3441.62,4
15,24.334235,TCGA-D8-A73W-01Z-00-DX2.EBBBBA5A-AB7C-49EC-9F7F-14248C928F3A,cucim,2473.50,4
15,25.343424,TCGA-A2-A0CM-01Z-00-DX1.AC4901DE-4B6D-4185-BB9F-156033839828,cucim,2420.90,4
15,26.456636,TCGA-AC-A3QP-01Z-00-DX1.4B97E53E-1069-40C5-A062-C988663B37DD,cucim,1885.28,4
15,27.479134,TCGA-OL-A6VQ-01Z-00-DX1.E3B81163-0239-47C3-B53F-064405B58685,cucim,3049.75,4
15,28.595211,TCGA-A8-A08S-01Z-00-DX1.C0E044C2-FC3F-4E3D-A779-A725FF375F21,cucim,2307.28,4
15,29.685552,TCGA-GM-A3XG-01Z-00-DX1.68FFB600-8573-451F-8100-D11DB091F457,cucim,1259.16,4
15,30.899091,TCGA-E2-A14S-01Z-00-DX1.5C332E99-7296-473A-9917-7EFC38A8251D,cucim,2094.10,4
15,32.085221,TCGA-E2-A1B4-01Z-00-DX1.E585C4FB-0D3E-4160-8192-53A329648F5C,cucim,3716.28,4
15,33.394180,TCGA-LL-A7T0-01Z-00-DX1.B03BBA63-ACF4-4BCA-9F2B-F631F0C6A25C,cucim,1578.75,4
15,34.693243,TCGA-D8-A140-01Z-00-DX1.5B9382C0-332C-4FBF-82CD-B9453D02B815,cucim,3195.07,4
15,35.788682,TCGA-E2-A10C-01Z-00-DX1.29A2B20B-29C6-4491-ADAB-0584C772EF25,cucim,3578.65,4
15,36.932756,TCGA-AR-A24M-01Z-00-DX1.D81F1BDF-00DD-42A3-AFFE-55655A877213,cucim,3931.35,4
15,38.238191,TCGA-AO-A126-01Z-00-DX1.D9D6AA15-32F0-44BD-AF30-36191784FFA2,cucim,2028.86,4
15,39.421253,TCGA-LL-A7SZ-01Z-00-DX1.4DAF6421-6A1D-41C8-BFD6-859FE10CB8CC,cucim,3632.45,4
15,40.704795,TCGA-A2-A0EO-01Z-00-DX1.D7A09E23-2CAB-4B3B-814C-BF0BA75B7589,cucim,2030.31,4
15,42.182602,TCGA-C8-A12K-01Z-00-DX1.D71C7974-65F7-4EF0-8FFB-9F27CEC85242,cucim,1776.04,4
15,43.470996,TCGA-E2-A105-01Z-00-DX1.192813F9-2D7B-40C7-88D9-BFA939D43FEE,cucim,3132.74,4
15,44.882651,TCGA-E2-A14S-01Z-00-DX1.5C332E99-7296-473A-9917-7EFC38A8251D,cucim,2797.47,4
15,46.261685,TCGA-AO-A12F-01Z-00-DX1.847C8E4F-3F37-4B1D-8E6E-ACD14391AD89,cucim,2992.44,4
15,47.612993,TCGA-E9-A1R5-01Z-00-DX1.b870d5eb-6259-4b49-86e4-569a9e32ecd5,cucim,3294.50,4
15,48.884153,TCGA-E2-A15T-01Z-00-DX1.23913E37-53A8-4E11-9B64-CDD016F6D87A,cucim,1484.01,4
15,50.191227,TCGA-A1-A0SD-01Z-00-DX1.DB17BFA9-D951-42A8-91D2-F4C2EBC6EB9F,cucim,3063.83,4
15,51.568222,TCGA-E9-A228-01Z-00-DX1.adbeed20-3b14-44fe-a98a-3bf7cecea30a,cucim,5056.97,4
15,52.860021,TCGA-B6-A0I9-01Z-00-DX1.78E1D43A-507E-482E-B988-AF13B12B4497,cucim,1426.08,4
15,54.308331,TCGA-EW-A1J6-01Z-00-DX1.F668E978-13B6-4284-9522-37C65C57A21A,cucim,1783.60,4
15,55.904364,TCGA-GM-A2DH-01Z-00-DX1.5790F15F-2A0F-4929-8FE4-18A557007989,cucim,1415.09,4
15,57.338363,TCGA-A8-A06R-01Z-00-DX1.41476D0D-BA72-4FB8-B143-9EB679F26D28,cucim,3604.06,4
15,58.714622,TCGA-A1-A0SE-01Z-00-DX1.04B09232-C6C4-46EF-AA2C-41D078D0A80A,cucim,4990.65,4
15,60.154984,TCGA-C8-A8HQ-01Z-00-DX1.A08190B5-F17E-4057-9DBD-B2F34CAEAFDC,cucim,2740.34,4
15,61.653853,TCGA-D8-A1XW-01Z-00-DX2.9849E503-BE3E-417C-ABE8-93A39583DDE0,cucim,6843.06,4
15,62.924820,TCGA-A7-A0DA-01Z-00-DX1.5F087009-16E9-4A07-BA24-62340E108B17,cucim,3150.36,4
15,64.265305,TCGA-S3-AA11-01Z-00-DX1.36B83B37-2928-4DB7-A04A-8D511F1183FD,cucim,2557.71,4
15,65.491494,TCGA-A7-A3RF-01Z-00-DX1.E60647BC-229D-4409-A564-EE0945F912EE,cucim,1403.69,4
15,66.661290,TCGA-BH-A0DO-01Z-00-DX1.1684557E-A5D4-4828-B2D5-FA899993A019,cucim,4849.63,4
15,68.062317,TCGA-D8-A1JA-01Z-00-DX1.BD43F94A-D5A8-490E-AED4-5F3AB24080FA,cucim,12780.90,4
15,69.256940,TCGA-A8-A08T-01Z-00-DX1.ABA1ABF2-DDB1-4E31-89DC-0F7821311D11,cucim,2877.90,4
16,10.872092,TCGA-AR-A2LJ-01Z-00-DX1.9D6257FA-2767-4640-9252-9BE18BD9D158,cucim,1764.99,4
16,11.798964,TCGA-D8-A1JN-01Z-00-DX1.3B02989C-CEA0-4EDD-A6DC-21C3A957C640,cucim,3410.69,4
16,12.702578,TCGA-A2-A0EN-01Z-00-DX1.F43A5D17-9267-4963-993A-93AC91BDC031,cucim,1883.53,4
16,13.640911,TCGA-D8-A1JE-01Z-00-DX2.CCF3DFEF-E851-425A-BCD0-0F7B377A00BC,cucim,3482.18,4
16,14.738486,TCGA-A7-A26I-01Z-00-DX1.0077D012-BC14-4E96-84F7-A1A6A3A778DF,cucim,1450.30,4
16,15.783310,TCGA-E9-A5UP-01Z-00-DX1.135466CC-601C-48B2-935D-42F8D7C4CDF7,cucim,1847.96,4
16,16.841084,TCGA-A8-A06Q-01Z-00-DX1.622AC6E4-DB1A-4C8D-8185-52D4FD1F30B4,cucim,5411.10,4
16,17.917313,TCGA-B6-A0X4-01Z-00-DX1.4B7914DE-3436-4D69-9BC6-F6419D3CC518,cucim,2476.98,4
16,19.135690,TCGA-AN-A0FV-01Z-00-DX1.C0D02946-FCDA-472D-895D-7ACF5C96B264,cucim,1133.64,4
16,20.210694,TCGA-EW-A1PB-01Z-00-DX1.B2E9B88F-C371-4821-9B7B-8A63BB120D95,cucim,2230.60,4
16,21.459701,TCGA-B6-A0IJ-01Z-00-DX1.BF2E062F-06DA-4CA8-86C4-36674C035CAA,cucim,2056.53,4
16,22.673985,TCGA-BH-A5IZ-01Z-00-DX1.6C871030-82E1-463E-A67B-976A5F3DCDB2,cucim,1050.92,4
16,23.784543,TCGA-C8-A1HI-01Z-00-DX1.C6D0F8B8-55ED-477F-BAF7-AA05D0449CC8,cucim,2394.03,4
16,25.033556,TCGA-LD-A7W5-01Z-00-DX1.C9920081-C2FE-461E-AEF8-625D4A95BE2F,cucim,2077.53,4
16,26.286282,TCGA-LL-A73Z-01Z-00-DX1.C010142E-29C0-411D-9E0E-4B7D8A4C09BF,cucim,3049.43,4
16,27.419521,TCGA-C8-A12Y-01Z-00-DX1.A15CB3E2-E145-4C75-8FEA-1DD503CD7C20,cucim,2289.93,4
16,28.635520,TCGA-AC-A2FF-01Z-00-DX1.012DAC86-E05C-44FA-81C2-FE4C754F409C,cucim,3335.53,4
16,29.985054,TCGA-OL-A66N-01Z-00-DX1.ABDA3014-7B3A-4D48-A415-CB9608491ECB,cucim,3588.81,4
16,31.271291,TCGA-A7-A56D-01Z-00-DX1.87D9CCF4-04EE-46D2-B7FC-A83561D7752C,cucim,4549.84,4
16,32.436113,TCGA-OL-A6VO-01Z-00-DX1.291D54D6-EBAF-4622-BD42-97AA5997F014,cucim,1875.18,4
16,33.742803,TCGA-A8-A06X-01Z-00-DX1.21F19EDD-ABCB-4398-B210-D795BB7A34E3,cucim,1664.25,4
16,35.161080,TCGA-AO-A125-01Z-00-DX1.DFC45CE1-5D81-4C2B-9281-60E2F146DDB6,cucim,1891.87,4
16,36.689535,TCGA-C8-A133-01Z-00-DX1.AFEE2057-2793-49E4-A477-E0DE3F6C67F9,cucim,5057.73,4
16,38.373086,TCGA-AR-A1AQ-01Z-00-DX1.09D5D7FC-0FA8-4176-94B2-995F44D8ED4C,cucim,2318.54,4
16,40.185833,TCGA-A2-A0SX-01Z-00-DX1.219A994C-8974-4458-98FA-FB1F14868E04,cucim,2545.15,4
16,41.698159,TCGA-E9-A2JS-01Z-00-DX1.445BA2F8-3A4A-49D2-8D41-4ACFD32F2074,cucim,1854.52,4
16,43.115018,TCGA-AR-A1AJ-01Z-00-DX1.34B9FCF0-74D8-4328-9B5A-698AD57EDA85,cucim,2655.60,4
16,44.445788,TCGA-AR-A2LL-01Z-00-DX1.F0AF890C-2B34-4758-A929-58AAFF593EC5,cucim,8912.40,4
16,46.056858,TCGA-AC-A2QH-01Z-00-DX1.00B8BFFF-F1E2-4F99-A969-8DD7EE4F8E0B,cucim,5146.33,4
16,47.503781,TCGA-AR-A0TZ-01Z-00-DX1.2D58BE38-03F6-4310-8E06-F1A523FB0904,cucim,5681.62,4
16,48.859780,TCGA-A2-A0ET-01Z-00-DX1.41E86BB9-EA52-4615-94E7-0F09DDB094F4,cucim,4278.93,4
16,50.142906,TCGA-GM-A4E0-01Z-00-DX1.55A5D765-AA35-4052-9185-6872B580F0F6,cucim,2141.36,4
16,51.597065,TCGA-OL-A66K-01Z-00-DX1.C1DC85F1-4FAE-4411-9886-11DCB5E70CC3,cucim,4581.83,4
16,53.172779,TCGA-BH-A0BZ-01Z-00-DX1.45EB3E93-A871-49C6-9EAE-90D98AE01913,cucim,1287.42,4
16,54.992704,TCGA-A2-A0SW-01Z-00-DX1.E1EA0407-B831-4D75-826E-80B82B821797,cucim,6531.70,4
16,56.499234,TCGA-OL-A6VQ-01Z-00-DX1.E3B81163-0239-47C3-B53F-064405B58685,cucim,3684.95,4
16,58.070426,TCGA-D8-A73U-01Z-00-DX1.6ECEF7C0-00CC-4AC2-87BD-DBFB6E0DC042,cucim,2490.73,4
16,59.537765,TCGA-A2-A0CY-01Z-00-DX1.8815F011-317B-4BB7-A48F-64EABD0E558B,cucim,5930.75,4
16,61.099046,TCGA-A8-A06P-01Z-00-DX1.37660D0F-1595-43C5-9D30-58D6CB93B52C,cucim,3899.55,4
16,62.506375,TCGA-BH-A0B8-01Z-00-DX1.380ABAE9-EA83-4E9B-BFB2-6476A86C1ADD,cucim,3151.78,4
16,63.751529,TCGA-A2-A04U-01Z-00-DX1.06D17357-46A8-4DC3-A22B-2F4EB6EE3F79,cucim,3115.01,4
16,64.938681,TCGA-LL-A8F5-01Z-00-DX1.7579425E-1425-4160-A9DD-3D50F4C5428D,cucim,1237.10,4
16,66.245265,TCGA-EW-A6S9-01Z-00-DX1.4A8CD2D4-D528-465C-82DC-9CAE35DD424B,cucim,3219.17,4
16,67.703654,TCGA-AC-A4ZE-01Z-00-DX1.A9BB4DBC-4314-4A77-AA1C-0882DBC370F1,cucim,14344.23,4
16,69.110212,TCGA-BH-A0AY-01Z-00-DX1.A1153465-D9B3-4D83-BE85-F2524B071EE5,cucim,1363.61,4
17,11.013702,TCGA-AC-A8OP-01Z-00-DX1.A2AF501D-7DCD-4BE7-93A4-EBCAF0C0D54E,cucim,5700.77,4
17,12.183185,TCGA-B6-A0IE-01Z-00-DX1.E6C4E5C0-338C-481D-B691-0385E8D090B1,cucim,1491.43,4
17,13.164213,TCGA-E2-A1IJ-01Z-00-DX1.00093877-7B01-42D3-857C-987BC1F604A3,cucim,3433.96,4
17,14.329615,TCGA-AQ-A0Y5-01Z-00-DX1.f68f5b49-30fa-4fb6-bec6-5da9f6809d02,cucim,1955.85,4
17,15.333102,TCGA-D8-A1X6-01Z-00-DX1.ABF237D4-708C-46A5-AEF8-58712E5DCC04,cucim,2551.75,4
17,16.307717,TCGA-E2-A2P5-01Z-00-DX1.375B5E5D-D8D0-425C-9163-6DF26E31BBE1,cucim,1689.30,4
17,17.358513,TCGA-AO-A0J2-01Z-00-DX1.7C9FEC7B-6040-4C58-9563-D10C0D7AC72E,cucim,2168.70,4
17,18.550020,TCGA-AO-A0J2-01Z-00-DX1.7C9FEC7B-6040-4C58-9563-D10C0D7AC72E,cucim,2548.23,4
17,19.716568,TCGA-D8-A1JH-01Z-00-DX1.4A4F2502-612C-421D-9F64-444BF2C85620,cucim,1533.60,4
17,20.848714,TCGA-BH-A0HQ-01Z-00-DX1.0921FCEF-20A2-4D4B-A198-91AF9F6C814C,cucim,7632.87,4
17,22.155076,TCGA-4H-AAAK-01Z-00-DX1.ABF1B042-1970-4E28-8671-43AAD393D2F9,cucim,2404.64,4
17,23.320799,TCGA-AN-A0AR-01Z-00-DX1.0CF1267E-C61B-4928-875E-59032F838F07,cucim,4372.32,4
17,24.534526,TCGA-AR-A24V-01Z-00-DX1.E749C2FE-E26B-4306-80B4-8269EEB23270,cucim,3854.27,4
17,25.662339,TCGA-HN-A2OB-01Z-00-DX1.14F1FBFB-4540-43CE-9D79-5BC628640424,cucim,3864.00,4
17,27.022957,TCGA-AN-A0XO-01Z-00-DX1.204E554E-B1A8-41AD-8E39-62484DF4E3CD,cucim,2148.59,4
17,28.445352,TCGA-AN-A0XO-01Z-00-DX1.204E554E-B1A8-41AD-8E39-62484DF4E3CD,cucim,2984.15,4
17,29.711566,TCGA-AQ-A7U7-01Z-00-DX1.AB5629A1-399E-402B-AD3D-DAF9F97D8300,cucim,2029.25,4
17,31.051142,TCGA-AQ-A04L-01Z-00-DX1.F35BF4DD-896A-43C2-8DA6-C67945C003BE,cucim,9126.98,4
17,32.427660,TCGA-E2-A1LA-01Z-00-DX1.AE49E943-B830-4ED9-B09E-E499441BC2EC,cucim,3717.96,4
17,33.809439,TCGA-E9-A22H-01Z-00-DX1.0ee39fd1-b077-40ea-bd0d-8a3db474fdd5,cucim,3044.63,4
17,35.152710,TCGA-BH-A0DP-01Z-00-DX1.5550557D-4E5B-4B57-8C1E-9290A7AA32A9,cucim,2568.47,4
17,36.757630,TCGA-EW-A1P7-01Z-00-DX1.97575C9F-C318-45A5-A4B7-1A902B93FA3F,cucim,2157.75,4
17,38.205085,TCGA-A7-A0DB-01Z-00-DX1.9CE855BC-0C37-43FB-8806-6625E176BE2E,cucim,3415.99,4
17,39.732926,TCGA-A7-A0DB-01Z-00-DX1.9CE855BC-0C37-43FB-8806-6625E176BE2E,cucim,1729.07,4
17,41.293014,TCGA-E9-A244-01Z-00-DX1.4FDAA892-9DBF-4E5D-89F3-2A84C8AC8F0A,cucim,5620.49,4
17,42.562074,TCGA-S3-AA10-01Z-00-DX1.C0468882-0DD8-4FC5-8C2F-E18BE8000F69,cucim,1475.55,4
17,43.946597,TCGA-AR-A24X-01Z-00-DX1.304BF142-B01A-4AE9-B98C-FB3DE3BEAE57,cucim,2237.87,4
17,45.417652,TCGA-E2-A1IJ-01Z-00-DX1.00093877-7B01-42D3-857C-987BC1F604A3,cucim,2631.74,4
17,46.929705,TCGA-EW-A1OX-01Z-00-DX1.9B19CBEE-E592-4A4D-839F-CECDCA20F4B1,cucim,1283.77,4
17,48.382611,TCGA-EW-A1PG-01Z-00-DX1.A31B2048-D04D-467C-A9E4-6A63942A58C6,cucim,2868.09,4
17,49.709097,TCGA-D8-A27T-01Z-00-DX1.1E3A4D57-9CF2-4EBF-B74D-ADD7BD8CBFA5,cucim,3980.20,4
17,51.155685,TCGA-AR-A250-01Z-00-DX1.572A2F73-6BF5-4932-BFEF-4B8904755ACF,cucim,3464.58,4
17,52.773661,TCGA-BH-A0AW-01Z-00-DX1.9D50A0D2-B103-411C-831E-8520C3D50173,cucim,2129.93,4
17,54.768556,TCGA-HN-A2NL-01Z-00-DX1.C2EAF378-4B37-4C1C-BB0F-18FAC62EEC13,cucim,5558.08,4
17,56.545289,TCGA-EW-A6SB-01Z-00-DX1.D56E1922-01A9-4AEE-AB95-D69447DD13EE,cucim,5512.61,4
17,58.071707,TCGA-A2-A3XY-01Z-00-DX1.E57FC9BF-411E-4028-AC10-8BCA5D0C8472,cucim,1880.77,4
17,59.587738,TCGA-LL-A5YP-01Z-00-DX1.ADA978DF-6625-4C4D-AE0C-F589B2BA4897,cucim,3621.57,4
17,60.999877,TCGA-A2-A259-01Z-00-DX1.7289CD72-CB74-41D4-B4AC-4EA5FDFEC666,cucim,4111.76,4
17,62.539643,TCGA-E2-A15D-01Z-00-DX1.AA5AF847-3635-4BAF-AAC3-BADB4A1B2CB1,cucim,4149.92,4
17,64.238658,TCGA-BH-A0C1-01Z-00-DX1.21FE357E-B182-4397-BFEF-7E96E994236A,cucim,3447.18,4
17,66.019286,TCGA-B6-A0I6-01Z-00-DX1.D597D207-BEB2-4CE5-B315-FE7AD6E9C30B,cucim,4002.71,4
17,67.387994,TCGA-UL-AAZ6-01Z-00-DX1.0488628B-C06B-4A1D-9198-EC29D0BACF6E,cucim,2573.63,4
17,68.514565,TCGA-EW-A1P4-01Z-00-DX1.3E9AE553-83D4-4B09-AB7F-D096BCE3BC4D,cucim,3763.21,4
17,69.914936,TCGA-D8-A1JA-01Z-00-DX1.BD43F94A-D5A8-490E-AED4-5F3AB24080FA,cucim,4877.29,4
18,10.900665,TCGA-E2-A156-01Z-00-DX1.CEF32B4D-A676-4230-992D-45A046E4043A,cucim,1409.59,4
18,11.964022,TCGA-E2-A15L-01Z-00-DX1.626032DC-D396-48E7-B888-DFEBCF7102FF,cucim,1694.02,4
18,13.142036,TCGA-E2-A1LH-01Z-00-DX1.F85384B7-1EBF-4F57-A45B-4A668B68E535,cucim,1797.88,4
18,14.317330,TCGA-AR-A24W-01Z-00-DX1.0663B4A3-6475-4981-91F0-20D2C79CBF89,cucim,3718.66,4
18,15.460462,TCGA-BH-A0BQ-01Z-00-DX1.F5C6386B-BB2C-49DF-B3B8-6C4B80D060D4,cucim,2045.73,4
18,16.654651,TCGA-AQ-A54N-01Z-00-DX1.E53271E9-AFD2-4071-9B1E-CD05F63B8136,cucim,1147.41,4
18,17.787262,TCGA-S3-AA17-01Z-00-DX1.9B7DC02E-ECB2-4403-A894-F418AD452E49,cucim,3460.29,4
18,18.983626,TCGA-E2-A2P6-01Z-00-DX1.9D8060AA-881F-49FF-AEF5-B40A3625A44A,cucim,1705.94,4
18,20.147641,TCGA-B6-A0RS-01Z-00-DX1.F72B766D-FC49-4876-A93D-D88B05702267,cucim,1410.03,4
18,21.311359,TCGA-AO-A1KT-01Z-00-DX1.47878910-4359-4795-B0BB-FAC147C8D932,cucim,6287.34,4
18,22.623954,TCGA-B6-A0IQ-01Z-00-DX1.662EA039-825E-41FF-91D6-021EB0E099BD,cucim,3439.67,4
18,23.881505,TCGA-AN-A0XN-01Z-00-DX1.A8EB9F62-236E-4C59-A206-DF0C7654AC30,cucim,2544.28,4
18,25.321658,TCGA-AO-A1KS-01Z-00-DX1.349F9BCA-C9F0-43B4-BA6A-D20039E1C720,cucim,6524.65,4
18,26.530263,TCGA-BH-A0E7-01Z-00-DX1.7FEE54C4-3795-403C-85B9-FF932BE56788,cucim,2179.15,4
18,27.690790,TCGA-A2-A0D3-01Z-00-DX1.D18CE1C0-291D-41C1-8F71-2A0551F8C661,cucim,2488.81,4
18,29.117882,TCGA-LL-A5YM-01Z-00-DX1.2B8904A9-6A45-4FFD-AF15-EB81773E5B79,cucim,2699.86,4
18,30.448661,TCGA-AR-A24M-01Z-00-DX1.D81F1BDF-00DD-42A3-AFFE-55655A877213,cucim,2367.36,4
18,31.653391,TCGA-D8-A1XS-01Z-00-DX1.E5C78E5A-947C-499D-9E95-619FEEC63E69,cucim,2137.82,4
18,32.930866,TCGA-A8-A06R-01Z-00-DX1.41476D0D-BA72-4FB8-B143-9EB679F26D28,cucim,2565.55,4
18,34.361225,TCGA-BH-A0BW-01Z-00-DX1.39B0C363-46A2-4FFB-B1C5-C054A86F4A25,cucim,1260.83,4
18,35.927743,TCGA-B6-A1KC-01Z-00-DX1.4DD3E48B-F434-499F-9FF1-0FFD2883A375,cucim,2439.00,4
18,37.571113,TCGA-D8-A27W-01Z-00-DX1.CE2D4FEA-284C-44AF-A70F-7956D91CCB29,cucim,9780.07,4
18,39.174648,TCGA-BH-A0H7-01Z-00-DX1.21502FEA-DB37-4630-BA42-778DDF3A6D17,cucim,1795.92,4
18,40.893780,TCGA-EW-A1OX-01Z-00-DX1.9B19CBEE-E592-4A4D-839F-CECDCA20F4B1,cucim,6130.16,4
18,42.376859,TCGA-LD-A7W5-01Z-00-DX1.C9920081-C2FE-461E-AEF8-625D4A95BE2F,cucim,3454.44,4
18,43.638692,TCGA-E9-A1N3-01Z-00-DX1.608fb360-17bf-4f85-b090-b8fc867831a3,cucim,2826.71,4
18,45.118050,TCGA-C8-A1HK-01Z-00-DX1.A15F452B-1260-4106-86D1-05F00082F0CE,cucim,3381.71,4
18,46.628398,TCGA-E9-A1NI-01Z-00-DX1.AF90ACEF-EDED-40E6-955B-80ACC49778F9,cucim,1268.64,4
18,48.196857,TCGA-LL-A7T0-01Z-00-DX1.B03BBA63-ACF4-4BCA-9F2B-F631F0C6A25C,cucim,2442.01,4
18,49.730276,TCGA-EW-A1PE-01Z-00-DX1.8EF56824-0B37-4AD1-AF3E-7988FCBEF773,cucim,4121.47,4
18,51.425569,TCGA-BH-A0DV-01Z-00-DX1.2F0B5FB3-40F0-4D27-BFAC-390FB9A42B39,cucim,7962.08,4
18,53.078154,TCGA-PL-A8LZ-01A-01-DX1.B9F233EE-06DD-4C14-A392-D2937C7C0868,cucim,8346.07,4
18,54.469696,TCGA-BH-A0H7-01Z-00-DX1.21502FEA-DB37-4630-BA42-778DDF3A6D17,cucim,4870.00,4
18,55.821376,TCGA-AR-A1AM-01Z-00-DX1.B3F006D9-9386-41E5-B0B1-B0832EE104A0,cucim,4210.24,4
18,57.154088,TCGA-BH-A18N-01Z-00-DX1.FE0E24A1-8AE9-4021-B9C7-B408EE0DE329,cucim,1816.65,4
18,58.498895,TCGA-E9-A1NG-01Z-00-DX1.30d2a611-21ad-4ba0-a03c-31f36ecb83d5,cucim,5048.28,4
18,59.881629,TCGA-AN-A0XP-01Z-00-DX1.A4EE3970-5C1F-482E-9AED-F1E3C52A776F,cucim,3018.48,4
18,61.222155,TCGA-E2-A14O-01Z-00-DX1.432DB252-35D4-4B02-B0A7-39BF85A38F89,cucim,3965.89,4
18,62.531752,TCGA-C8-A274-01Z-00-DX1.B667DAB1-C944-4285-A312-5E4DDAE0EE78,cucim,3725.04,4
18,63.873657,TCGA-E2-A1B4-01Z-00-DX1.E585C4FB-0D3E-4160-8192-53A329648F5C,cucim,1661.76,4
18,65.071250,TCGA-E2-A15F-01Z-00-DX1.F022214A-3F0C-4DA4-A0EE-735D27480A45,cucim,1430.84,4
18,66.298088,TCGA-GI-A2C9-01Z-00-DX1.90181423-51ED-41FE-9B8F-973A67793D4F,cucim,1196.11,4
18,67.635574,TCGA-A8-A0A4-01Z-00-DX1.06C38F98-F34B-49F0-AFB5-7F0086188346,cucim,6546.22,4
18,68.888584,TCGA-B6-A0IJ-01Z-00-DX1.BF2E062F-06DA-4CA8-86C4-36674C035CAA,cucim,3256.06,4
19,11.006455,TCGA-OL-A66I-01Z-00-DX1.8CE9DCAB-98D3-4163-94AC-1557D86C1E25,cucim,1901.70,4
19,11.852072,TCGA-A8-A093-01Z-00-DX1.1C8056D1-11CD-482D-9A23-3A9D1B4E63F0,cucim,1402.87,4
19,13.093406,TCGA-A2-A0SX-01Z-00-DX1.219A994C-8974-4458-98FA-FB1F14868E04,cucim,2435.95,4
19,14.111913,TCGA-C8-A1HE-01Z-00-DX1.83A5D816-E3A6-46B8-B1B8-B31486EB686E,cucim,2845.85,4
19,15.297690,TCGA-A2-A4RX-01Z-00-DX1.E2C96C9D-5023-4F41-8CC8-24C6E015B252,cucim,2462.77,4
19,16.403683,TCGA-E2-A1LS-01Z-00-DX1.9a43a58a-df40-4375-8456-ef0071bc9eb9,cucim,1455.93,4
19,17.577237,TCGA-E9-A247-01Z-00-DX1.3B2DF1CB-054A-44C4-9AD5-D8FA6D386A93,cucim,1446.01,4
19,18.703233,TCGA-D8-A145-01Z-00-DX1.34D4EC27-7FD7-4BE2-95A4-CA521CB5590E,cucim,3720.73,4
19,19.823371,TCGA-A2-A0SX-01Z-00-DX1.219A994C-8974-4458-98FA-FB1F14868E04,cucim,4216.73,4
19,20.960924,TCGA-D8-A1X7-01Z-00-DX1.3529AEED-2827-4D94-9A8B-32F116EE49D5,cucim,2318.54,4
19,22.132900,TCGA-AR-A1AR-01Z-00-DX1.E7B7F6F0-9CC0-4D4F-8C9F-443A74D2BE40,cucim,3157.40,4
19,23.482022,TCGA-A2-A04T-01Z-00-DX1.71444266-BD56-4183-9603-C7AC20C9DA1E,cucim,2081.44,4
19,24.783628,TCGA-AC-A2FM-01Z-00-DX1.5D2309D5-C47B-4B04-B7B8-2F0685842889,cucim,4226.48,4
19,25.958071,TCGA-C8-A135-01Z-00-DX1.B69A605E-B577-4F43-9471-2C95312B05D9,cucim,1876.17,4
19,27.272127,TCGA-B6-A0X7-01Z-00-DX1.A2AA8FE9-CF43-434A-AE72-7277D124BD0A,cucim,2704.79,4
19,28.681366,TCGA-AC-A23H-01Z-00-DX1.8E0AE339-1047-4CA5-BFC5-37A3B10FD8B5,cucim,7803.15,4
19,29.946413,TCGA-C8-A12O-01Z-00-DX1.A77E552B-7B69-45B7-B341-A03571F2A06C,cucim,3299.78,4
19,31.280479,TCGA-E2-A2P5-01Z-00-DX1.375B5E5D-D8D0-425C-9163-6DF26E31BBE1,cucim,3024.13,4
19,32.545797,TCGA-5T-A9QA-01Z-00-DX1.B4212117-E0A7-4EF2-B324-8396042ACEC1,cucim,3556.73,4
19,33.952283,TCGA-A8-A06R-01Z-00-DX1.41476D0D-BA72-4FB8-B143-9EB679F26D28,cucim,2139.93,4
19,35.243507,TCGA-E2-A1LA-01Z-00-DX1.AE49E943-B830-4ED9-B09E-E499441BC2EC,cucim,8119.42,4
19,36.533815,TCGA-A1-A0SN-01Z-00-DX1.5E9B85AE-AFB7-41DC-8A1B-BD6DA39B6540,cucim,1693.80,4
19,37.941056,TCGA-D8-A3Z5-01Z-00-DX3.BB83C7D4-F795-47E7-9A5C-7DBF0EB7FDAA,cucim,2565.76,4
19,39.349872,TCGA-D8-A141-01Z-00-DX1.10F6EEB2-C920-43FF-B5A7-B5A651CBDBE3,cucim,1318.39,4
19,40.771685,TCGA-AN-A046-01Z-00-DX1.C529B94F-AFE3-4701-BC98-5D6EDF7B82C0,cucim,2136.04,4
19,42.232876,TCGA-E2-A1BD-01Z-00-DX1.A2AFF7AD-ED47-43E4-87FE-62882BAEB8DA,cucim,5817.23,4
19,43.672633,TCGA-BH-A0DZ-01Z-00-DX1.138BAEC2-589E-4960-B94E-DF48DDAA5490,cucim,2782.94,4
19,45.200674,TCGA-A7-A2KD-01Z-00-DX1.BFF2DFC8-1D95-4DC2-98FC-5BD7D7C6CDF5,cucim,2424.12,4
19,46.713985,TCGA-BH-A0E1-01Z-00-DX1.257EB36A-1008-4890-927B-204EF05DBE90,cucim,2447.65,4
19,48.402905,TCGA-A2-A1G4-01Z-00-DX1.0274DF5B-5920-419A-B778-2F04D9C602F2,cucim,4780.13,4
19,49.782562,TCGA-BH-A18F-01Z-00-DX1.81A81589-2D77-4CD6-BD34-76E292AA031D,cucim,2213.60,4
19,51.437678,TCGA-A2-A1FV-01Z-00-DX1.F70ACD9A-7819-4296-BD28-4D24BBA8AFF4,cucim,1893.98,4
19,52.977000,TCGA-AR-A2LE-01Z-00-DX1.E8E1FC5C-9A4A-463F-81D7-E9A8AF43EAD9,cucim,1847.96,4
19,54.439550,TCGA-B6-A0WS-01Z-00-DX1.020ED7BF-9497-4F13-AA07-FE0E839F9A06,cucim,2881.60,4
19,55.918573,TCGA-EW-A1J1-01Z-00-DX1.FFC2D5DB-E6D0-4143-A1E7-0A2027846C8C,cucim,1599.71,4
19,57.104462,TCGA-EW-A1PC-01Z-00-DX1.45369705-AD49-419F-A0F0-EC51473BBAB9,cucim,4022.85,4
19,58.356347,TCGA-E2-A1LL-01Z-00-DX1.D1AA1613-902C-4579-9612-48A76042B0AE,cucim,2256.22,4
19,59.636633,TCGA-A2-A0T7-01Z-00-DX1.EA4DF9B5-8D04-4BCC-9ECB-CB8CB8ACBE1C,cucim,1026.23,4
19,60.974545,TCGA-AR-A24Q-01Z-00-DX1.69DC7E35-DC0D-4F20-88DA-04C25F28628C,cucim,2950.91,4
19,62.327630,TCGA-D8-A73U-01Z-00-DX2.91F571C8-303C-463D-952C-263FAA5097DF,cucim,4917.79,4
19,63.570992,TCGA-E2-A155-01Z-00-DX1.A5AF232A-61BB-4FDC-ABF9-2FE9BA461BDC,cucim,1865.19,4
19,64.873530,TCGA-D8-A73U-01Z-00-DX1.6ECEF7C0-00CC-4AC2-87BD-DBFB6E0DC042,cucim,1121.02,4
19,66.133779,TCGA-E2-A1B1-01Z-00-DX1.7C8DF153-B09B-44C7-87B8-14591E319354,cucim,1941.00,4
19,67.401060,TCGA-D8-A1JG-01Z-00-DX1.BA6D5CC7-3A9B-4D17-A86A-B159D345A216,cucim,3148.04,4
19,68.701412,TCGA-BH-A209-01Z-00-DX1.88B11AEB-11FA-4D23-BC21-378EF177E04B,cucim,3754.38,4
19,69.974011,TCGA-LD-A7W5-01Z-00-DX1.C9920081-C2FE-461E-AEF8-625D4A95BE2F,cucim,2701.38,4
20,11.001122,TCGA-A2-A0SY-01Z-00-DX1.279A5479-E183-4F79-AF40-50BF1834BA4A,cucim,2873.78,4
20,12.184997,TCGA-D8-A1JN-01Z-00-DX1.3B02989C-CEA0-4EDD-A6DC-21C3A957C640,cucim,1553.57,4
20,13.510433,TCGA-E2-A107-01Z-00-DX1.3BFCCC24-7286-488D-A9E9-98E498AD0767,cucim,2607.14,4
20,14.786415,TCGA-AR-A5QP-01Z-00-DX1.256FDB13-1F81-42DA-AF6E-8A94835550C1,cucim,4389.57,4
20,16.010968,TCGA-AR-A0TZ-01Z-00-DX1.2D58BE38-03F6-4310-8E06-F1A523FB0904,cucim,3297.85,4
20,17.038958,TCGA-B6-A0IA-01Z-00-DX1.8A868F0A-6CE2-46A7-AF0C-C5FC5D657D86,cucim,1820.86,4
20,18.221688,TCGA-D8-A1JL-01Z-00-DX1.FE3F0C6B-F98A-4036-BF9A-25A8CC66B1FD,cucim,4445.31,4
20,19.343079,TCGA-EW-A3U0-01Z-00-DX1.526F60F9-D1EB-4613-B428-18A1FC0BAAE2,cucim,3885.53,4
20,20.530128,TCGA-A2-A04X-01Z-00-DX1.E01A4522-67B3-4FEF-BD6B-99DFED9E7C85,cucim,2564.54,4
20,21.789557,TCGA-BH-A0BP-01Z-00-DX1.63A87C1D-87FA-494D-9836-74290B5DC30D,cucim,3150.14,4
20,22.984359,TCGA-D8-A1X7-01Z-00-DX2.F0631B8C-EB75-4995-8ED7-1A8972BE8997,cucim,5118.41,4
20,24.212188,TCGA-A2-A0CO-01Z-00-DX1.B191DADE-7DEA-4575-AED7-1C52BE15B8D5,cucim,2667.12,4
20,25.581236,TCGA-AR-A24U-01Z-00-DX1.220FD0D0-0DB6-4E3C-92A0-66CD6509F0AD,cucim,3005.08,4
20,26.855653,TCGA-A8-A08I-01Z-00-DX1.96A0065E-5430-40F6-835E-1A7238A79DDA,cucim,2020.43,4
20,28.107794,TCGA-D8-A1XW-01Z-00-DX2.9849E503-BE3E-417C-ABE8-93A39583DDE0,cucim,2437.63,4
20,29.278643,TCGA-A2-A3Y0-01Z-00-DX1.A1EDDF82-FFAA-44A4-A749-7FB6F8133CC0,cucim,2540.05,4
20,30.906841,TCGA-D8-A1JA-01Z-00-DX1.BD43F94A-D5A8-490E-AED4-5F3AB24080FA,cucim,3389.41,4
20,32.412338,TCGA-BH-A0HW-01Z-00-DX1.44DCCE00-133F-4469-A4DA-5057C011B4AC,cucim,3245.12,4
20,34.089302,TCGA-E9-A244-01Z-00-DX1.4FDAA892-9DBF-4E5D-89F3-2A84C8AC8F0A,cucim,2905.08,4
20,35.563917,TCGA-EW-A424-01Z-00-DX1.662894F0-31FE-494B-9A9E-7C369AE23D27,cucim,3964.47,4
20,36.975475,TCGA-BH-A0H9-01Z-00-DX1.8AE869C6-5C78-4D52-AC8B-5B6FD5FD91AA,cucim,1961.55,4
20,38.382829,TCGA-E9-A229-01Z-00-DX1.5B448B88-DA0C-44FF-87B3-20649A4A26FE,cucim,2892.54,4
20,39.746084,TCGA-C8-A12Q-01Z-00-DX1.CE74E5B7-FD30-4CBE-8716-ECCF2213AAC3,cucim,5064.36,4
20,41.092700,TCGA-AR-A0TR-01Z-00-DX1.BBCE653F-7DD0-4830-BAD3-C06207A93853,cucim,1829.44,4
20,42.595722,TCGA-EW-A2FR-01Z-00-DX1.FF521BBF-F5BA-4B03-9CA1-101A337F4B45,cucim,4870.48,4
20,43.872083,TCGA-A7-A426-01Z-00-DX1.3058E873-9442-4872-80DA-E8A5B35054D2,cucim,2749.22,4
20,45.557474,TCGA-A7-A426-01Z-00-DX1.3058E873-9442-4872-80DA-E8A5B35054D2,cucim,6743.21,4
20,47.013608,TCGA-D8-A1JJ-01Z-00-DX2.7D20F308-7DC6-4367-9459-3AC4C654E7F7,cucim,5690.48,4
20,48.454218,TCGA-A8-A07G-01Z-00-DX1.37E8A762-8141-4BE6-935A-B3DCB712BB4A,cucim,1759.49,4
20,50.023974,TCGA-A8-A06N-01Z-00-DX1.E25E65F8-DFE0-47CF-9FAB-B82EE8E321F7,cucim,1368.87,4
20,51.543095,TCGA-OL-A5RV-01Z-00-DX1.920AC243-1DAC-4854-BEB6-1CBCC950F26B,cucim,4581.96,4
20,52.908629,TCGA-D8-A73U-01Z-00-DX2.91F571C8-303C-463D-952C-263FAA5097DF,cucim,1726.17,4
20,54.334401,TCGA-AC-A2QJ-01Z-00-DX1.48C303BB-5A23-4037-BD28-77629A8CD9DA,cucim,2057.21,4
20,55.688099,TCGA-BH-A0BS-01Z-00-DX1.FEE32127-4D0B-4560-A39C-4EAA5B189B70,cucim,3001.01,4
20,57.050698,TCGA-AO-A128-01Z-00-DX1.4E6BFFBC-87AD-4ED4-959D-FEB5545400BE,cucim,2377.95,4
20,58.378604,TCGA-A2-A0EY-01Z-00-DX1.2F2428B3-0767-48E0-AC22-443C244CBD16,cucim,3534.71,4
20,59.783132,TCGA-OL-A5RV-01Z-00-DX1.920AC243-1DAC-4854-BEB6-1CBCC950F26B,cucim,9827.82,4
20,61.216050,TCGA-BH-A0WA-01Z-00-DX1.C0EB7B73-5529-49EC-B660-3F849B041963,cucim,1858.81,4
20,62.418464,TCGA-C8-A1HI-01Z-00-DX1.C6D0F8B8-55ED-477F-BAF7-AA05D0449CC8,cucim,2456.88,4
20,63.526137,TCGA-A2-A0ST-01Z-00-DX1.AE05A5DB-4861-40DE-B0F5-7955FC903A96,cucim,3121.16,4
20,64.953778,TCGA-E9-A22E-01Z-00-DX1.3d5b1ba6-466f-4852-b1fc-bc29ef3be9a2,cucim,2331.46,4
20,66.275565,TCGA-BH-A0W4-01Z-00-DX1.23E017DC-15CB-4838-AC91-CFB11B932AB0,cucim,6445.51,4
20,67.488232,TCGA-A2-A259-01Z-00-DX1.7289CD72-CB74-41D4-B4AC-4EA5FDFEC666,cucim,4967.47,4
20,69.107827,TCGA-BH-A0DZ-01Z-00-DX1.138BAEC2-589E-4960-B94E-DF48DDAA5490,cucim,1961.13,4
21,10.914905,TCGA-A2-A04P-01Z-00-DX1.5B481E02-D269-4732-8FDD-6494E6EE2B71,cucim,1097.24,4
21,11.933576,TCGA-A2-A04P-01Z-00-DX1.5B481E02-D269-4732-8FDD-6494E6EE2B71,cucim,2609.90,4
21,13.447366,TCGA-E2-A15K-01Z-00-DX1.9F424BE2-9BFE-4DFF-8CC9-10D2DADBBEA7,cucim,5633.68,4
21,14.736430,TCGA-A7-A0CE-01Z-00-DX2.5AD1DB65-10E7-4996-AB5E-13D7851EC5FA,cucim,2895.99,4
21,15.859392,TCGA-E9-A22D-01Z-00-DX1.b2867437-0add-4b7d-8002-fb09ed961942,cucim,3534.67,4
21,16.883471,TCGA-OL-A6VQ-01Z-00-DX1.E3B81163-0239-47C3-B53F-064405B58685,cucim,2441.99,4
21,17.947300,TCGA-E2-A159-01Z-00-DX1.C8DC3356-CAE9-4E7A-AEFF-ABB4BE38192B,cucim,4796.88,4
21,19.148093,TCGA-EW-A1IX-01Z-00-DX1.72AE0E0F-B213-454F-8275-76A7C43FAB86,cucim,3310.94,4
21,20.350083,TCGA-LL-A8F5-01Z-00-DX1.7579425E-1425-4160-A9DD-3D50F4C5428D,cucim,2659.27,4
21,21.629135,TCGA-AO-A03N-01Z-00-DX1.79A8816D-961F-4D79-90B4-341919297A90,cucim,3257.78,4
21,22.899545,TCGA-BH-A0DK-01Z-00-DX1.0CFED53C-BAD9-4E35-B12F-57E64F3FEF1C,cucim,4389.79,4
21,24.125118,TCGA-S3-AA11-01Z-00-DX1.36B83B37-2928-4DB7-A04A-8D511F1183FD,cucim,2556.45,4
21,25.385510,TCGA-A2-A0SW-01Z-00-DX1.E1EA0407-B831-4D75-826E-80B82B821797,cucim,852.31,4
21,26.669324,TCGA-AO-A0J4-01Z-00-DX1.2EFC978E-8DF5-4254-9598-C0910B17C5C8,cucim,1469.95,4
21,27.937939,TCGA-E2-A1IL-01Z-00-DX1.46B6AA99-C7CE-4573-B15D-2C56A708B082,cucim,2165.18,4
21,29.314078,TCGA-BH-A28Q-01Z-00-DX1.C6D1CA93-6B2A-4722-9270-5D56592D833D,cucim,10735.48,4
21,30.867659,TCGA-MS-A51U-01Z-00-DX1.490DE85A-ECE5-4E2A-9657-841BE6FFCCA0,cucim,2446.06,4
21,32.074996,TCGA-C8-A8HQ-01Z-00-DX1.A08190B5-F17E-4057-9DBD-B2F34CAEAFDC,cucim,1531.61,4
21,33.482179,TCGA-LL-A442-01Z-00-DX1.9275EDBD-1C89-4AF3-B02B-19F613A4E083,cucim,2110.04,4
21,35.014999,TCGA-E9-A5FL-01Z-00-DX1.FB810D6A-303E-45DF-BEF1-D9CE83B4417E,cucim,2254.02,4
21,36.429478,TCGA-B6-A0RO-01Z-00-DX1.3ADBFF05-92CE-41B5-BD49-CB3CE5B74CC9,cucim,3619.18,4
21,37.859055,TCGA-AR-A255-01Z-00-DX1.E67C081D-50C9-451C-814B-F097B2671300,cucim,2628.73,4
21,39.380139,TCGA-S3-AA15-01Z-00-DX1.A2456A4A-E6E8-4429-8F09-B997AA497BB0,cucim,1848.42,4
21,40.880924,TCGA-AC-A3W6-01Z-00-DX1.88CC534C-F032-4E5D-9CC4-4BB50AA46880,cucim,4091.92,4
21,42.450841,TCGA-A8-A0A7-01Z-00-DX1.A0FD4EEF-B536-47C1-BDA1-7AC71BA3E978,cucim,8626.48,4
21,43.870448,TCGA-AO-A0JF-01Z-00-DX1.3277D13C-F257-4D4C-AB5C-BEBA2E1A63D8,cucim,2944.77,4
21,45.383915,TCGA-E9-A249-01Z-00-DX1.CA244384-FD89-44F6-8F94-A060A4C241CA,cucim,1838.78,4
21,47.156367,TCGA-A2-A0SX-01Z-00-DX1.219A994C-8974-4458-98FA-FB1F14868E04,cucim,7170.65,4
21,48.631041,TCGA-E2-A572-01Z-00-DX1.7DDF1C25-58E2-4AF9-B831-598222A4E85D,cucim,4817.93,4
21,50.367861,TCGA-A1-A0SI-01Z-00-DX1.AB717348-F964-4F29-BBE2-972B7C640432,cucim,2676.26,4
21,51.852629,TCGA-OL-A66N-01Z-00-DX1.ABDA3014-7B3A-4D48-A415-CB9608491ECB,cucim,4018.62,4
21,53.216210,TCGA-A8-A08P-01Z-00-DX1.431A1290-9CF4-4CE7-A9F0-13F9ADA46ADA,cucim,3385.06,4
21,54.736892,TCGA-EW-A2FW-01Z-00-DX1.4F948681-81F3-46C5-A4E8-FDE8A4116F7A,cucim,6484.47,4
21,56.035858,TCGA-AR-A2LH-01Z-00-DX1.40D4FD67-FB13-46D9-A202-56A5791EA11C,cucim,2214.83,4
21,57.247534,TCGA-D8-A1X8-01Z-00-DX1.DDA3866E-C7CC-4650-BE2B-5C9A98A2D531,cucim,2524.57,4
21,58.527452,TCGA-D8-A1JJ-01Z-00-DX2.7D20F308-7DC6-4367-9459-3AC4C654E7F7,cucim,4354.56,4
21,59.958735,TCGA-E2-A156-01Z-00-DX1.CEF32B4D-A676-4230-992D-45A046E4043A,cucim,2592.89,4
21,61.408949,TCGA-A8-A084-01Z-00-DX1.2B52D1B8-5AD4-4BD6-ADF7-9D65B8EE2621,cucim,5431.27,4
21,62.643405,TCGA-A7-A4SE-01Z-00-DX1.16BC8401-E40E-4A1A-9BD9-12735C9AE3F6,cucim,3445.57,4
21,63.803326,TCGA-E2-A573-01Z-00-DX1.D6633BC2-524D-4153-952F-6B1D8D067370,cucim,2301.71,4
21,64.981394,TCGA-A1-A0SD-01Z-00-DX1.DB17BFA9-D951-42A8-91D2-F4C2EBC6EB9F,cucim,2241.11,4
21,66.318519,TCGA-D8-A1JB-01Z-00-DX1.6CF48257-066C-4B8C-91AA-30A6B4AD4307,cucim,2921.71,4
21,67.575236,TCGA-C8-A12L-01Z-00-DX1.01863BE4-F4AB-45DE-894A-46544777C519,cucim,1306.39,4
21,68.829094,TCGA-A2-A3XW-01Z-00-DX1.45F5F36F-5503-4A38-AF37-E526915A8DBE,cucim,1179.79,4
22,11.138816,TCGA-D8-A27G-01Z-00-DX1.04FCF306-67AA-4F56-AE90-44A4F5DD56D4,cucim,1220.18,4
22,12.203280,TCGA-E9-A1R2-01Z-00-DX1.5529C856-4F4F-4F17-94A2-5CEF94A940EB,cucim,1613.19,4
22,13.313830,TCGA-E2-A159-01Z-00-DX1.C8DC3356-CAE9-4E7A-AEFF-ABB4BE38192B,cucim,5617.67,4
22,14.529648,TCGA-BH-A0BL-01Z-00-DX1.D5A413B0-2141-4A6F-A671-6C5EA8641D25,cucim,1528.81,4
22,15.659589,TCGA-A7-A3IZ-01Z-00-DX1.7437130B-DF49-40C8-ABCD-FF9364B9B1B0,cucim,2800.84,4
22,16.793442,TCGA-E9-A1R2-01Z-00-DX1.5529C856-4F4F-4F17-94A2-5CEF94A940EB,cucim,2942.84,4
22,18.066198,TCGA-D8-A3Z6-01Z-00-DX3.66566DB7-661D-4002-90C1-B15BF3425903,cucim,3979.09,4
22,19.411788,TCGA-E2-A1L6-01Z-00-DX1.AFE87067-2BFD-42C2-9334-9DDE8AB61B49,cucim,3209.40,4
22,20.557865,TCGA-D8-A3Z6-01Z-00-DX3.66566DB7-661D-4002-90C1-B15BF3425903,cucim,1503.24,4
22,21.861119,TCGA-AN-A0AM-01Z-00-DX1.169CE39A-DD54-46D8-8D03-60B69A473CDB,cucim,3047.05,4
22,23.037290,TCGA-E2-A15A-01Z-00-DX1.B9D22735-FE9F-46D9-84E6-0C71A1BF84D6,cucim,2844.11,4
22,24.301341,TCGA-E9-A2JT-01Z-00-DX1.49C2B936-3B1A-4014-8B43-26D483DEF53A,cucim,1861.46,4
22,25.533534,TCGA-D8-A1XJ-01Z-00-DX1.660DDF8D-6816-4EBE-AF37-6F7A374F4E9E,cucim,1655.94,4
22,26.918203,TCGA-E9-A54X-01Z-00-DX1.9BF3DE15-FA5A-459D-9B2E-8EB92F34228D,cucim,3317.43,4
22,28.428582,TCGA-3C-AALI-01Z-00-DX1.F6E9A5DF-D8FB-45CF-B4BD-C6B76294C291,cucim,6866.60,4
22,30.027082,TCGA-BH-A1EV-01Z-00-DX1.106CF220-1D7D-40DD-88B2-A7F00B758F8F,cucim,4139.69,4
22,31.722106,TCGA-B6-A0IE-01Z-00-DX1.E6C4E5C0-338C-481D-B691-0385E8D090B1,cucim,6809.07,4
22,33.402486,TCGA-E2-A159-01Z-00-DX1.C8DC3356-CAE9-4E7A-AEFF-ABB4BE38192B,cucim,3598.16,4
22,34.698180,TCGA-EW-A1IW-01Z-00-DX1.0DE87057-951F-4887-A2D5-485736D66E4E,cucim,2368.42,4
22,36.223758,TCGA-AC-A7VB-01Z-00-DX1.62D7FDB3-280D-43B2-92EA-AB810384B0B7,cucim,9663.76,4
22,37.837142,TCGA-AO-A1KP-01Z-00-DX1.612442AB-24E2-489B-9838-7CEE82BCD605,cucim,4956.49,4
22,39.249941,TCGA-AO-A03V-01Z-00-DX1.52EBCB72-0C65-4E67-B9BB-DA15494327DE,cucim,3428.94,4
22,40.648857,TCGA-AO-A03U-01Z-00-DX1.AE2B55F3-8BA1-4546-82B7-4D2292BE1C78,cucim,1700.07,4
22,42.201158,TCGA-A7-A6VY-01Z-00-DX1.38D4EBD7-40B0-4EE3-960A-1F00E8F83ADB,cucim,1534.46,4
22,43.752922,TCGA-AC-A3QQ-01Z-00-DX1.86463263-AB12-49FB-8967-D5FD1F7D221A,cucim,8406.94,4
22,45.257164,TCGA-E2-A15O-01Z-00-DX1.4D0F3975-93EA-4DC2-AD0C-A76A24C3AE0C,cucim,2697.98,4
22,46.793096,TCGA-A2-A3XW-01Z-00-DX1.45F5F36F-5503-4A38-AF37-E526915A8DBE,cucim,5590.03,4
22,48.285677,TCGA-LL-A50Y-01Z-00-DX1.7F08413F-2C59-4322-9296-84F8CD3DF619,cucim,2734.25,4
22,49.876623,TCGA-E9-A1N5-01Z-00-DX1.94DE7B4B-3798-4CC2-8A64-77796A58821A,cucim,1962.98,4
22,51.156012,TCGA-BH-A0C3-01Z-00-DX1.14D3210D-0CBE-4DCA-A986-A26AE5382502,cucim,1352.33,4
22,52.596622,TCGA-AR-A2LL-01Z-00-DX1.F0AF890C-2B34-4758-A929-58AAFF593EC5,cucim,3070.36,4
22,53.872061,TCGA-A8-A08I-01Z-00-DX1.96A0065E-5430-40F6-835E-1A7238A79DDA,cucim,3945.59,4
22,55.196394,TCGA-BH-A0DH-01Z-00-DX1.968AA1FD-068C-4B90-8C95-85BF2EFC3E3F,cucim,1132.04,4
22,56.624916,TCGA-AC-A2FF-01Z-00-DX1.012DAC86-E05C-44FA-81C2-FE4C754F409C,cucim,5927.59,4
22,57.976718,TCGA-E2-A152-01Z-00-DX1.B0860DEB-D34B-4C5D-97F5-C1C646437424,cucim,3714.00,4
22,59.639798,TCGA-PE-A5DD-01Z-00-DX1.E1EF11EC-B87B-49DE-A544-2E162F9AE789,cucim,3598.98,4
22,60.922134,TCGA-AO-A12B-01Z-00-DX1.B215230B-5FF7-4B0A-9C1E-5F1658534B11,cucim,1618.36,4
22,62.164239,TCGA-A8-A09V-01Z-00-DX1.2D6731CA-5712-4EB8-8602-E53301BF4238,cucim,2066.67,4
22,63.503013,TCGA-AR-A0TU-01Z-00-DX1.2CBBDDAB-C1DD-4205-A555-431542F9C069,cucim,1505.89,4
22,64.852209,TCGA-AR-A0U1-01Z-00-DX1.276433E7-E841-42D2-AF21-762F2FEA3B9B,cucim,1820.87,4
22,66.112401,TCGA-BH-A1F5-01Z-00-DX1.9A1AA3BB-80B1-473D-B075-8D65A94C4E0B,cucim,3481.23,4
22,67.219664,TCGA-BH-A204-01Z-00-DX1.9DCE8242-E862-45AB-9452-D7299110973F,cucim,1669.95,4
22,68.386233,TCGA-C8-A27A-01Z-00-DX1.0E26C46D-CD65-40F3-8976-EB4415582934,cucim,3553.28,4
22,69.642684,TCGA-PL-A8LX-01A-02-DX2.84DA8B75-1196-4704-B6B2-C5E7BF645E95,cucim,3176.24,4
23,10.985906,TCGA-C8-A274-01Z-00-DX1.B667DAB1-C944-4285-A312-5E4DDAE0EE78,cucim,2043.24,4
23,12.139394,TCGA-A7-A5ZV-01Z-00-DX1.21F2EA4A-4F31-43D6-A036-E20E326AF37E,cucim,1849.78,4
23,13.342962,TCGA-B6-A0X5-01Z-00-DX1.02A9FF1E-EA20-4F2D-A2BB-427A287DE3FD,cucim,2607.60,4
23,14.586447,TCGA-AC-A2QI-01Z-00-DX1.977549F4-D866-4465-85FB-5C916282A488,cucim,3082.28,4
23,15.940525,TCGA-D8-A1JB-01Z-00-DX1.6CF48257-066C-4B8C-91AA-30A6B4AD4307,cucim,3856.93,4
23,17.369012,TCGA-BH-A0DO-01Z-00-DX1.1684557E-A5D4-4828-B2D5-FA899993A019,cucim,2175.67,4
23,18.668422,TCGA-AO-A0J3-01Z-00-DX1.8F28BFC8-D37E-425F-A9E3-4C23F083237C,cucim,2129.19,4
23,19.954487,TCGA-D8-A1JP-01Z-00-DX1.B02959C4-6AAD-4ACA-9838-61D224D838E4,cucim,2822.67,4
23,21.249151,TCGA-A8-A0AD-01Z-00-DX1.A831FB53-7605-4138-9341-6BBCA284441C,cucim,3614.35,4
23,22.535380,TCGA-D8-A140-01Z-00-DX1.5B9382C0-332C-4FBF-82CD-B9453D02B815,cucim,5321.80,4
23,23.831346,TCGA-E2-A15S-01Z-00-DX1.77CFA95F-F1AE-41BD-BAF8-BCA6F0DFA3A3,cucim,2864.55,4
23,25.344906,TCGA-S3-AA0Z-01Z-00-DX1.4D96156A-4067-41F2-90B8-41EF7ED794CF,cucim,1726.35,4
23,26.863893,TCGA-AR-A1AN-01Z-00-DX1.1118F9FE-6DF2-4496-B102-D3A10D332EC0,cucim,3026.89,4
23,28.719711,TCGA-A8-A06Y-01Z-00-DX1.3BC58446-524E-43F3-AAE6-FBC4AA543E66,cucim,1798.84,4
23,30.131950,TCGA-A7-A13D-01Z-00-DX1.D206783C-FA6A-4B6A-B3AA-4132A2C9626B,cucim,1203.26,4
23,31.654661,TCGA-A8-A0AB-01Z-00-DX1.103ED338-A0F9-403B-A10C-49840BD60EB8,cucim,5897.24,4
23,33.113203,TCGA-A2-A0CR-01Z-00-DX1.F7D36CA5-A4C6-443A-AEED-5B23CD924FA3,cucim,1856.12,4
23,34.635311,TCGA-A2-A1G0-01Z-00-DX1.9ECB0B8A-EF4E-45A9-82AC-EF36375DEF65,cucim,2103.82,4
23,36.042926,TCGA-A2-A1G0-01Z-00-DX1.9ECB0B8A-EF4E-45A9-82AC-EF36375DEF65,cucim,1387.06,4
23,37.446172,TCGA-A2-A0T6-01Z-00-DX1.207A3883-5B41-40EB-95A1-D64C9610650B,cucim,8218.05,4
23,38.836657,TCGA-AR-A24M-01Z-00-DX1.D81F1BDF-00DD-42A3-AFFE-55655A877213,cucim,1705.47,4
23,40.245258,TCGA-D8-A140-01Z-00-DX1.5B9382C0-332C-4FBF-82CD-B9453D02B815,cucim,1549.14,4
23,41.832882,TCGA-AR-A2LM-01Z-00-DX1.CB64A062-2E35-41F9-97C7-07BB60754799,cucim,5056.59,4
23,43.641524,TCGA-D8-A1XC-01Z-00-DX1.E7494388-838B-4D35-9CA1-77017CBE77F2,cucim,3034.10,4
23,45.379555,TCGA-E2-A1B1-01Z-00-DX1.7C8DF153-B09B-44C7-87B8-14591E319354,cucim,7409.97,4
23,46.803212,TCGA-BH-A0W5-01Z-00-DX1.84EA3913-667B-4694-A0F0-E629CAC615C8,cucim,2192.08,4
23,48.302473,TCGA-A8-A08I-01Z-00-DX1.96A0065E-5430-40F6-835E-1A7238A79DDA,cucim,6757.59,4
23,49.735857,TCGA-AR-A5QM-01Z-00-DX1.A9017CED-FF57-4090-95B9-94DC91854347,cucim,1404.69,4
23,51.317714,TCGA-AR-A0TZ-01Z-00-DX1.2D58BE38-03F6-4310-8E06-F1A523FB0904,cucim,1965.43,4
23,52.739236,TCGA-BH-A0AV-01Z-00-DX1.5A686DA4-A29D-4BA7-9BCA-B707F8755E83,cucim,5539.65,4
23,54.122605,TCGA-D8-A147-01Z-00-DX1.159094F2-BB78-4910-B7AE-3D7CAAB1DAD9,cucim,2272.32,4
23,55.505511,TCGA-C8-A12Y-01Z-00-DX1.A15CB3E2-E145-4C75-8FEA-1DD503CD7C20,cucim,5434.39,4
23,56.815125,TCGA-AN-A0XU-01Z-00-DX1.6B0DD0FF-A20D-4BA2-8D48-FC357BA5313F,cucim,2082.48,4
23,58.028552,TCGA-WT-AB41-01Z-00-DX1.75BDFDF2-CD87-46D1-B32C-725741CB02BE,cucim,2821.62,4
23,59.293466,TCGA-C8-A12T-01Z-00-DX1.EF628C26-C570-4D15-A0C0-58B2CC40ABFC,cucim,3095.73,4
23,60.497831,TCGA-AR-A1AK-01Z-00-DX1.0AFFA0B5-D1A6-43E9-892A-7CB16A79E5F9,cucim,4581.93,4
23,61.836378,TCGA-A2-A0YC-01Z-00-DX1.F01F2268-17D8-45FD-8917-FD89454D0709,cucim,2189.39,4
23,63.165455,TCGA-A2-A1G0-01Z-00-DX1.9ECB0B8A-EF4E-45A9-82AC-EF36375DEF65,cucim,4808.71,4
23,64.870042,TCGA-AC-A2FM-01Z-00-DX1.5D2309D5-C47B-4B04-B7B8-2F0685842889,cucim,6717.94,4
23,66.219934,TCGA-A2-A3KD-01Z-00-DX1.E400D529-A0D1-4C78-AD5C-33EB0508B128,cucim,3726.44,4
23,67.647968,TCGA-E2-A1B1-01Z-00-DX1.7C8DF153-B09B-44C7-87B8-14591E319354,cucim,1482.61,4
23,68.954764,TCGA-D8-A3Z5-01Z-00-DX2.6196B9FF-F09E-4D44-873D-E53BFB2BF4E1,cucim,1304.67,4
24,11.090476,TCGA-BH-A0DO-01Z-00-DX1.1684557E-A5D4-4828-B2D5-FA899993A019,cucim,1996.79,4
24,12.115288,TCGA-D8-A1X6-01Z-00-DX2.F36D68F2-70C3-4E0E-ABE6-6969170BA6DC,cucim,2185.56,4
24,13.326686,TCGA-AC-A2FE-01Z-00-DX1.C036AE58-3C0D-4DBF-B658-296D03FD6701,cucim,5180.66,4
24,14.553939,TCGA-A2-A0SX-01Z-00-DX1.219A994C-8974-4458-98FA-FB1F14868E04,cucim,1649.08,4
24,15.694633,TCGA-BH-A201-01Z-00-DX1.6D6E3224-50A0-45A2-B231-EEF27CA7EFD2,cucim,2741.82,4
24,16.845447,TCGA-OL-A5D8-01Z-00-DX1.C0A75731-1DDC-4FAF-A2C5-2E2ECB23DC13,cucim,3760.50,4
24,18.016497,TCGA-D8-A1JG-01Z-00-DX1.BA6D5CC7-3A9B-4D17-A86A-B159D345A216,cucim,2457.04,4
24,19.256245,TCGA-AR-A1AS-01Z-00-DX1.72979519-0A90-42AD-9F23-1991F75C8CE7,cucim,2635.78,4
24,20.531409,TCGA-A8-A08F-01Z-00-DX1.9D2222F6-1425-46FD-BC94-728EF835FAC2,cucim,2220.44,4
24,21.749288,TCGA-A8-A08F-01Z-00-DX1.9D2222F6-1425-46FD-BC94-728EF835FAC2,cucim,2878.88,4
24,23.153238,TCGA-A8-A08I-01Z-00-DX1.96A0065E-5430-40F6-835E-1A7238A79DDA,cucim,1997.55,4
24,24.398285,TCGA-D8-A1J8-01Z-00-DX1.EADAB43A-87C6-47FA-9120-25B69E23366D,cucim,2762.57,4
24,25.768759,TCGA-E9-A1RE-01Z-00-DX1.fd100503-ba95-4af8-8e59-689b2cea145c,cucim,3107.51,4
24,27.189293,TCGA-A2-A1G0-01Z-00-DX1.9ECB0B8A-EF4E-45A9-82AC-EF36375DEF65,cucim,3665.06,4
24,28.622276,TCGA-OL-A5RY-01Z-00-DX1.AE4E9D74-FC1C-4C1E-AE6D-5DF38899BBA6,cucim,6213.68,4
24,30.354324,TCGA-S3-A6ZG-01Z-00-DX1.659A0BFB-D99B-474F-B4C2-6590C9161BD1,cucim,2214.95,4
24,31.771856,TCGA-E2-A107-01Z-00-DX1.3BFCCC24-7286-488D-A9E9-98E498AD0767,cucim,1925.99,4
24,33.271003,TCGA-A7-A0CH-01Z-00-DX1.48ADDD0B-527A-404C-B794-7D7D35BF861F,cucim,2467.23,4
24,34.687038,TCGA-AO-A0JD-01Z-00-DX1.52E3DCE8-32E3-45C0-AB54-7FA0A2F3F722,cucim,2082.21,4
24,35.957533,TCGA-BH-A0HY-01Z-00-DX1.D7A1BF42-F268-4220-B71B-354CE2AF32D8,cucim,1462.63,4
24,37.450276,TCGA-AO-A0JC-01Z-00-DX1.C8DD421B-9799-4FE7-9224-5EAC6ED1028E,cucim,3490.87,4
24,38.990701,TCGA-AO-A0JC-01Z-00-DX1.C8DD421B-9799-4FE7-9224-5EAC6ED1028E,cucim,2794.33,4
24,40.494099,TCGA-5L-AAT0-01Z-00-DX1.5E171263-30BF-4C6B-88A1-E8EA0522A861,cucim,1291.65,4
24,42.017681,TCGA-BH-A0DV-01Z-00-DX1.2F0B5FB3-40F0-4D27-BFAC-390FB9A42B39,cucim,5898.73,4
24,43.606383,TCGA-E9-A1R5-01Z-00-DX1.b870d5eb-6259-4b49-86e4-569a9e32ecd5,cucim,5761.35,4
24,44.992226,TCGA-A7-A0DA-01Z-00-DX2.90C93176-C3C6-41B3-B34B-B16F1A1779E6,cucim,2096.24,4
24,46.782588,TCGA-D8-A1XL-01Z-00-DX1.FDF07020-8F40-4C00-9023-E5F40E0D8A7C,cucim,3640.51,4
24,48.712800,TCGA-EW-A1PE-01Z-00-DX1.8EF56824-0B37-4AD1-AF3E-7988FCBEF773,cucim,2177.65,4
24,49.996171,TCGA-D8-A1X9-01Z-00-DX1.28CE7849-EEC5-4ABB-A319-A977A1FD3CD1,cucim,1568.53,4
24,51.212449,TCGA-AR-A1AP-01Z-00-DX1.F163EED5-0385-41AA-BA35-54E4910CD99E,cucim,2873.77,4
24,52.522845,TCGA-A7-A13F-01Z-00-DX1.AB4ADDD3-8E1C-4AB9-813E-D137A2CFB950,cucim,1242.34,4
24,53.938962,TCGA-EW-A1P8-01Z-00-DX1.E9852193-8CDD-49EF-B49B-DA6931198F0D,cucim,1376.41,4
24,55.579786,TCGA-A2-A4S1-01Z-00-DX1.C69B14F6-5021-4FD8-8F2D-70227A5DA2B1,cucim,1636.22,4
24,56.779971,TCGA-AO-A12A-01Z-00-DX1.4E9609A7-9AAD-40A8-8344-8369DF998006,cucim,3425.25,4
24,58.124470,TCGA-E9-A1R4-01Z-00-DX1.B04D5A22-8CE5-49FD-8510-14444F46894D,cucim,1088.61,4
24,59.408645,TCGA-BH-A0DO-01Z-00-DX1.1684557E-A5D4-4828-B2D5-FA899993A019,cucim,2265.36,4
24,60.710722,TCGA-A2-A25A-01Z-00-DX1.6D311E39-9F96-4775-B9DA-8D034D1AD1DC,cucim,2359.62,4
24,62.298420,TCGA-AO-A12D-01Z-00-DX1.BA006BAD-5C6E-4099-BC99-3888E69F506E,cucim,2928.79,4
24,63.783579,TCGA-E2-A1L6-01Z-00-DX1.AFE87067-2BFD-42C2-9334-9DDE8AB61B49,cucim,1776.91,4
24,65.105947,TCGA-A2-A0EM-01Z-00-DX1.305CF011-7451-4880-9A5D-AB4432CF53A5,cucim,1689.95,4
24,66.357620,TCGA-E2-A14N-01Z-00-DX1.15F5644F-CA9F-4688-B56E-BCC00CA4769B,cucim,1188.53,4
24,67.583426,TCGA-D8-A13Z-01Z-00-DX1.517140BB-D34C-42F8-952C-340EF16D382F,cucim,2707.24,4
24,68.801491,TCGA-BH-A0C3-01Z-00-DX1.14D3210D-0CBE-4DCA-A986-A26AE5382502,cucim,1175.97,4
25,11.184323,TCGA-A8-A0AD-01Z-00-DX1.A831FB53-7605-4138-9341-6BBCA284441C,cucim,1851.73,4
25,12.479829,TCGA-A7-A26H-01Z-00-DX1.3344CFD3-5A19-4B01-BEB2-AB89F83FD53A,cucim,3437.45,4
25,13.549173,TCGA-E2-A14R-01Z-00-DX1.DDE62ED5-1FC0-4B3B-A874-95C08B33AB20,cucim,4097.75,4
25,14.756251,TCGA-A7-A0DB-01Z-00-DX2.6C6A5F9C-294F-4A86-A0F1-B68D4729B535,cucim,3313.03,4
25,16.269099,TCGA-BH-A0BF-01Z-00-DX1.934DF984-9054-4B20-B85B-9CF94B8DC3D4,cucim,1253.86,4
25,17.736693,TCGA-EW-A1J3-01Z-00-DX1.F736F6F4-0859-439A-A417-98B520C8D65A,cucim,1614.90,4
25,19.002849,TCGA-LD-A9QF-01Z-00-DX1.092108DF-1A60-459E-ACE6-5A71826A98D1,cucim,1593.83,4
25,20.322567,TCGA-BH-A0DE-01Z-00-DX1.64A0340A-8146-48E8-AAF7-4035988B9152,cucim,1299.31,4
25,21.815722,TCGA-E9-A22G-01Z-00-DX1.2b47e321-7910-40ec-ad1c-c4e08ed26334,cucim,2062.80,4
25,23.412463,TCGA-AR-A24X-01Z-00-DX1.304BF142-B01A-4AE9-B98C-FB3DE3BEAE57,cucim,6333.22,4
25,24.944172,TCGA-AR-A24X-01Z-00-DX1.304BF142-B01A-4AE9-B98C-FB3DE3BEAE57,cucim,1866.98,4
25,26.314513,TCGA-D8-A141-01Z-00-DX1.10F6EEB2-C920-43FF-B5A7-B5A651CBDBE3,cucim,6786.45,4
25,27.639735,TCGA-BH-A1F2-01Z-00-DX1.17E2FD6F-0DCF-425B-864B-21ADCDAE734B,cucim,2330.50,4
25,29.157470,TCGA-A8-A09T-01Z-00-DX1.4183BBA4-AF11-4602-9EC2-35083C34A393,cucim,1729.59,4
25,30.636046,TCGA-E2-A1IF-01Z-00-DX1.51F5B0AC-E4D6-439D-8168-34934471FA06,cucim,3808.68,4
25,32.320401,TCGA-EW-A6SB-01Z-00-DX1.D56E1922-01A9-4AEE-AB95-D69447DD13EE,cucim,7246.83,4
25,34.168952,TCGA-AR-A24T-01Z-00-DX1.3B325D54-38EC-4E16-BDE1-628894CC15AA,cucim,1621.89,4
25,35.920573,TCGA-AC-A7VB-01Z-00-DX1.62D7FDB3-280D-43B2-92EA-AB810384B0B7,cucim,17513.88,4
25,37.551276,TCGA-AO-A0J7-01Z-00-DX1.DBA7BA24-CEEF-4636-87BB-D12D8DF016A3,cucim,4518.87,4
25,39.337092,TCGA-3C-AALI-01Z-00-DX1.F6E9A5DF-D8FB-45CF-B4BD-C6B76294C291,cucim,5574.85,4
25,41.093228,TCGA-EW-A1PF-01Z-00-DX1.9420D058-65CE-4DF8-815F-EB407003096E,cucim,1308.37,4
25,42.717053,TCGA-BH-A0B4-01Z-00-DX1.A2CB0BF4-32F9-48FD-9B96-A744013BADDB,cucim,1786.05,4
25,44.067041,TCGA-BH-A0B4-01Z-00-DX1.A2CB0BF4-32F9-48FD-9B96-A744013BADDB,cucim,2235.37,4
25,45.419490,TCGA-BH-A0C7-01Z-00-DX1.C70D358E-C48F-4F69-86CE-3218E9C95837,cucim,2103.03,4
25,46.683327,TCGA-C8-A1HL-01Z-00-DX1.CC21CAE9-DE48-4ADE-A959-5A99010AAFAC,cucim,2390.60,4
25,47.971518,TCGA-E2-A14Y-01Z-00-DX1.804A22A3-FD8D-4C8A-A766-48D28434DE22,cucim,1903.55,4
25,49.437331,TCGA-BH-A0BT-01Z-00-DX1.9087B9E7-C0CD-4179-AF57-AD9255785169,cucim,2349.63,4
25,50.691308,TCGA-E2-A14R-01Z-00-DX1.DDE62ED5-1FC0-4B3B-A874-95C08B33AB20,cucim,2973.10,4
25,52.063033,TCGA-AC-A8OR-01Z-00-DX1.C9A35592-1E73-40D4-834A-46E3471D84A3,cucim,5329.24,4
25,53.537524,TCGA-E9-A1N8-01Z-00-DX1.1243AB1C-75A3-4A5E-9674-53992E6DD377,cucim,4227.87,4
25,55.164399,TCGA-BH-A0DP-01Z-00-DX1.5550557D-4E5B-4B57-8C1E-9290A7AA32A9,cucim,3598.26,4
25,56.626335,TCGA-XX-A89A-01Z-00-DX1.671E2AD6-4D1A-4579-88C1-5B0B15818126,cucim,2896.14,4
25,57.965549,TCGA-D8-A27L-01Z-00-DX1.6572593C-B015-4F9A-8C9B-B634CAA0D3B4,cucim,4757.47,4
25,59.270630,TCGA-AR-A254-01Z-00-DX1.EA5CD008-1106-41EC-998A-04EF08EEEC9D,cucim,2283.85,4
25,60.401579,TCGA-OL-A97C-01Z-00-DX1.BDEEDEE2-6D07-4046-A8A9-D6FF8F337393,cucim,4634.98,4
25,61.560148,TCGA-D8-A27L-01Z-00-DX1.6572593C-B015-4F9A-8C9B-B634CAA0D3B4,cucim,1673.86,4
25,62.772739,TCGA-AC-A3QP-01Z-00-DX1.4B97E53E-1069-40C5-A062-C988663B37DD,cucim,1908.66,4
25,64.047993,TCGA-A2-A0CS-01Z-00-DX1.3986B545-63E8-4727-BCC1-701DE947D1FB,cucim,2148.54,4
25,65.436861,TCGA-EW-A1PF-01Z-00-DX1.9420D058-65CE-4DF8-815F-EB407003096E,cucim,5053.75,4
25,66.763196,TCGA-A7-A5ZX-01Z-00-DX1.A4C651F0-DB8E-4534-84A2-AD875F62209F,cucim,2408.98,4
25,68.034008,TCGA-A2-A3XZ-01Z-00-DX1.B7A1344E-7015-4A21-B3D4-EB760161BE7C,cucim,2575.65,4
25,69.732393,TCGA-3C-AALK-01Z-00-DX1.4E6EB156-BB19-410F-878F-FC0EA7BD0B53,cucim,17614.44,4
26,11.106454,TCGA-A2-A0YL-01Z-00-DX1.69A438C7-B1E0-4990-B1E6-586C551DC79C,cucim,3013.65,4
26,12.362241,TCGA-A2-A0ES-01Z-00-DX1.5652EE30-48C1-4EC1-AD77-8C72DFCB9A97,cucim,3188.42,4
26,13.498325,TCGA-AR-A1AX-01Z-00-DX1.2389D54F-545E-499E-B392-DD731834460A,cucim,6430.35,4
26,14.609707,TCGA-AN-A0FV-01Z-00-DX1.C0D02946-FCDA-472D-895D-7ACF5C96B264,cucim,2393.34,4
26,16.050366,TCGA-AC-A2FO-01Z-00-DX1.46929316-D7ED-4D69-B068-409BFFBCEC4D,cucim,4954.15,4
26,17.573916,TCGA-BH-A0B7-01Z-00-DX1.6950CDDF-8A81-4B10-BFFF-BE0E33A2C6CC,cucim,4816.46,4
26,18.812704,TCGA-D8-A73U-01Z-00-DX2.91F571C8-303C-463D-952C-263FAA5097DF,cucim,2057.42,4
26,20.201415,TCGA-AR-A0TQ-01Z-00-DX1.2BEA298C-6B3D-4133-ADBC-769E62CEFFA0,cucim,5653.25,4
26,21.636093,TCGA-D8-A1Y0-01Z-00-DX2.7C25E941-12A6-46CE-B1A5-488D08E35684,cucim,2989.70,4
26,23.126578,TCGA-E2-A10C-01Z-00-DX1.29A2B20B-29C6-4491-ADAB-0584C772EF25,cucim,3929.90,4
26,24.706075,TCGA-D8-A1XB-01Z-00-DX2.B262C269-F22B-4306-8195-079C0874EF8E,cucim,2825.86,4
26,26.297132,TCGA-AR-A2LJ-01Z-00-DX1.9D6257FA-2767-4640-9252-9BE18BD9D158,cucim,2272.29,4
26,27.863218,TCGA-A8-A07B-01Z-00-DX1.950B5E4E-C5F0-4445-9F88-E8C32CDFE6DA,cucim,4011.64,4
26,29.399694,TCGA-PL-A8LZ-01A-02-DX2.E2697718-12E1-4D7C-9ED8-0A71C6D855B8,cucim,3718.84,4
26,30.999434,TCGA-C8-A26Y-01Z-00-DX1.166EE604-4EF3-401D-99E9-3A9711316CC4,cucim,5688.51,4
26,32.761649,TCGA-E9-A3Q9-01Z-00-DX1.2D0CA5D4-CCE5-4647-BFB3-D5359F53DA83,cucim,3412.51,4
26,34.141669,TCGA-BH-A5IZ-01Z-00-DX1.6C871030-82E1-463E-A67B-976A5F3DCDB2,cucim,2378.68,4
26,35.764203,TCGA-C8-A1HG-01Z-00-DX1.F2AB6D0F-4D6B-491F-915B-92E838E79D67,cucim,2106.03,4
26,37.564492,TCGA-D8-A1XK-01Z-00-DX1.41EB1BBC-F230-4E3F-8C4E-CE331CAF1935,cucim,4790.51,4
26,39.129991,TCGA-BH-A1EU-01Z-00-DX1.5A0956EF-0100-47FD-9026-1994CF22D0F1,cucim,6861.74,4
26,40.587371,TCGA-A2-A0CX-01Z-00-DX1.F07C75AB-E568-45CB-B497-37C712490393,cucim,2558.08,4
26,42.140002,TCGA-D8-A1XU-01Z-00-DX1.769DBC38-6F0D-425B-A904-79EBA1C119EF,cucim,2128.02,4
26,43.473790,TCGA-A2-A1G6-01Z-00-DX1.BCC3EC46-CEBF-4B37-BCF0-266D18170B54,cucim,5902.93,4
26,44.787770,TCGA-D8-A1XU-01Z-00-DX1.769DBC38-6F0D-425B-A904-79EBA1C119EF,cucim,2224.13,4
26,46.089270,TCGA-A1-A0SQ-01Z-00-DX1.36071264-3407-4224-BCBB-2ED00294569A,cucim,3225.68,4
26,47.640436,TCGA-A2-A0YH-01Z-00-DX1.FBA5E711-8275-45B3-BC20-5A786EE23548,cucim,3897.05,4
26,49.034911,TCGA-D8-A27F-01Z-00-DX1.C1A87F27-49F1-46BA-B2E2-A89293F7FD0C,cucim,2166.88,4
26,50.309374,TCGA-A8-A0A9-01Z-00-DX1.16524DDD-539D-4E47-9A8F-1B910D4FEC2D,cucim,1753.14,4
26,51.498040,TCGA-AN-A0AJ-01Z-00-DX1.74EE47B0-FE27-44CF-9355-C738DE1BD017,cucim,2633.76,4
26,52.668820,TCGA-A2-A3XX-01Z-00-DX1.03C6D70F-2833-4E97-91B7-DE70CD083D92,cucim,2731.22,4
26,53.718436,TCGA-A7-A26I-01Z-00-DX1.0077D012-BC14-4E96-84F7-A1A6A3A778DF,cucim,2867.38,4
26,54.999952,TCGA-AC-A3QQ-01Z-00-DX1.86463263-AB12-49FB-8967-D5FD1F7D221A,cucim,1309.89,4
26,56.309311,TCGA-B6-A0I6-01Z-00-DX1.D597D207-BEB2-4CE5-B315-FE7AD6E9C30B,cucim,5754.20,4
26,57.855508,TCGA-BH-A28O-01Z-00-DX1.B37603E3-BC80-4DDA-B44D-B5F794E3398E,cucim,5056.83,4
26,59.246313,TCGA-D8-A1XR-01Z-00-DX2.A103FB8B-4397-4DD4-8587-90A736407484,cucim,3321.92,4
26,60.459336,TCGA-BH-A0H0-01Z-00-DX1.B3B394DD-1F4E-42CA-BB51-C002E423B3D0,cucim,2500.87,4
26,61.611171,TCGA-A7-A5ZX-01Z-00-DX2.02F586FE-4775-480B-8035-D6AD3386F45D,cucim,1644.28,4
26,62.838954,TCGA-E2-A1IH-01Z-00-DX1.816F0C54-D87E-4E23-891B-98169F5B439B,cucim,3595.41,4
26,64.162807,TCGA-AR-A1AS-01Z-00-DX1.72979519-0A90-42AD-9F23-1991F75C8CE7,cucim,5804.73,4
26,65.454535,TCGA-AO-A0JL-01Z-00-DX1.473CC200-221A-4777-B19E-ADC41D10FC94,cucim,1781.47,4
26,66.856214,TCGA-AN-A0FJ-01Z-00-DX1.97B60767-916E-4938-9D0B-E6C0FE1CB3FC,cucim,1016.64,4
26,68.166751,TCGA-BH-A0B9-01Z-00-DX1.C23ADB4C-52D4-4DFD-B8E3-156E43F0E645,cucim,4357.43,4
26,69.516631,TCGA-E2-A15G-01Z-00-DX1.BAA5235E-1022-463B-A852-586ED7CA75FF,cucim,4668.63,4
27,11.335492,TCGA-AC-A7VB-01Z-00-DX1.62D7FDB3-280D-43B2-92EA-AB810384B0B7,cucim,6552.37,4
27,12.785720,TCGA-D8-A141-01Z-00-DX1.10F6EEB2-C920-43FF-B5A7-B5A651CBDBE3,cucim,2610.75,4
27,14.217049,TCGA-OL-A5RX-01Z-00-DX1.15A0D4F4-2744-4D44-8883-27FF83D9C824,cucim,5211.70,4
27,15.569460,TCGA-E9-A5FK-01Z-00-DX1.3F002C99-B4CA-4068-A816-EAC370A2E8C4,cucim,3468.95,4
27,16.824571,TCGA-A8-A08C-01Z-00-DX1.0602211C-1098-4711-AA41-8F56B11DB36F,cucim,1604.83,4
27,18.135666,TCGA-B6-A0WS-01Z-00-DX1.020ED7BF-9497-4F13-AA07-FE0E839F9A06,cucim,2078.27,4
27,19.315333,TCGA-A8-A09W-01Z-00-DX1.BF33B0F9-5786-4682-B59E-DCBD33D7BB03,cucim,1229.15,4
27,20.957565,TCGA-E9-A1NG-01Z-00-DX1.30d2a611-21ad-4ba0-a03c-31f36ecb83d5,cucim,3146.34,4
27,22.496003,TCGA-B6-A0I9-01Z-00-DX1.78E1D43A-507E-482E-B988-AF13B12B4497,cucim,1604.80,4
27,24.015151,TCGA-D8-A1JD-01Z-00-DX1.6D215B14-DD90-4635-8645-AF06EBD9BA3F,cucim,2483.08,4
27,25.656334,TCGA-3C-AALI-01Z-00-DX2.CF4496E0-AB52-4F3E-BDF5-C34833B91B7C,cucim,9823.32,4
27,27.119441,TCGA-D8-A1XO-01Z-00-DX1.A9EF6AFF-62B0-4E2D-ABC7-DC06FF473890,cucim,4185.76,4
27,28.534256,TCGA-GM-A2D9-01Z-00-DX1.AF4BF2DD-05FB-400B-A1BC-6E7C9B9DDF05,cucim,4866.48,4
27,30.086052,TCGA-AN-A0AK-01Z-00-DX1.4B410152-8588-4000-870A-B31B21161015,cucim,3615.88,4
27,31.705265,TCGA-BH-A0EI-01Z-00-DX1.929E126A-C9F8-4240-BF00-B6C4A57B7FF6,cucim,2308.23,4
27,33.247185,TCGA-D8-A141-01Z-00-DX2.DBD0D81E-28FC-4466-BDE3-94753BD6CBEB,cucim,1632.49,4
27,35.017742,TCGA-E2-A573-01Z-00-DX1.D6633BC2-524D-4153-952F-6B1D8D067370,cucim,3813.85,4
27,36.535686,TCGA-OL-A5RX-01Z-00-DX1.15A0D4F4-2744-4D44-8883-27FF83D9C824,cucim,4827.77,4
27,38.343473,TCGA-D8-A1X7-01Z-00-DX1.3529AEED-2827-4D94-9A8B-32F116EE49D5,cucim,3838.07,4
27,39.860233,TCGA-B6-A0RE-01Z-00-DX1.8933BDB4-EF8D-41FA-9A50-05BB3AB976E5,cucim,2283.79,4
27,41.326367,TCGA-A7-A26I-01Z-00-DX1.0077D012-BC14-4E96-84F7-A1A6A3A778DF,cucim,1002.14,4
27,42.762080,TCGA-E9-A5FL-01Z-00-DX1.FB810D6A-303E-45DF-BEF1-D9CE83B4417E,cucim,2084.58,4
27,44.207206,TCGA-A8-A095-01Z-00-DX1.97072E53-7323-4836-9D58-22B7C346A7CE,cucim,2631.83,4
27,45.419566,TCGA-D8-A1XV-01Z-00-DX1.D0D78B02-2A0D-4107-8083-D2FE1D3F1207,cucim,3761.47,4
27,46.672051,TCGA-D8-A27F-01Z-00-DX1.C1A87F27-49F1-46BA-B2E2-A89293F7FD0C,cucim,2239.38,4
27,48.188394,TCGA-AR-A24L-01Z-00-DX1.218A0AE1-D070-4A16-A277-31185F10724D,cucim,2034.08,4
27,49.468533,TCGA-BH-A18G-01Z-00-DX1.DB2B5819-CE83-4E07-BD03-2CD9CF2E246C,cucim,2645.85,4
27,50.805272,TCGA-C8-A26Y-01Z-00-DX1.166EE604-4EF3-401D-99E9-3A9711316CC4,cucim,1552.83,4
27,51.982716,TCGA-A2-A3Y0-01Z-00-DX1.A1EDDF82-FFAA-44A4-A749-7FB6F8133CC0,cucim,1511.59,4
27,53.242351,TCGA-AC-A62V-01Z-00-DX1.2D8994FD-58B8-43C1-B99D-AA964E7DFD60,cucim,7090.61,4
27,54.488506,TCGA-AR-A24X-01Z-00-DX1.304BF142-B01A-4AE9-B98C-FB3DE3BEAE57,cucim,4075.32,4
27,55.722518,TCGA-AC-A23E-01Z-00-DX1.F12A5A87-72CF-42F8-A6EC-8E7FAD80B1F7,cucim,9325.77,4
27,57.282125,TCGA-EW-A3U0-01Z-00-DX1.526F60F9-D1EB-4613-B428-18A1FC0BAAE2,cucim,2179.79,4
27,58.532398,TCGA-BH-A18H-01Z-00-DX1.4EC9108F-04C2-4B28-BD74-97A414C9A536,cucim,2496.31,4
27,59.725105,TCGA-E9-A1RA-01Z-00-DX1.E1C527C3-EDF2-442A-80FE-3E3AFBC5EF5A,cucim,1998.81,4
27,60.804747,TCGA-A8-A09V-01Z-00-DX1.2D6731CA-5712-4EB8-8602-E53301BF4238,cucim,2947.45,4
27,62.028504,TCGA-E2-A15R-01Z-00-DX1.B58D2D9D-05EE-4D66-8DC0-9E5C6AD2E3D3,cucim,2310.59,4
27,63.246289,TCGA-A2-A0SY-01Z-00-DX1.279A5479-E183-4F79-AF40-50BF1834BA4A,cucim,3554.90,4
27,64.373086,TCGA-BH-A0HY-01Z-00-DX1.D7A1BF42-F268-4220-B71B-354CE2AF32D8,cucim,4586.48,4
27,65.551812,TCGA-BH-A0HW-01Z-00-DX1.44DCCE00-133F-4469-A4DA-5057C011B4AC,cucim,4511.21,4
27,66.770972,TCGA-AC-A5XS-01Z-00-DX1.E5F2481E-9314-4B20-84B7-370EF82AF4BB,cucim,2531.03,4
27,68.132346,TCGA-D8-A1JK-01Z-00-DX1.3190C919-A403-460D-9F6C-D2AB5FD3FD05,cucim,5020.11,4
27,69.577221,TCGA-AC-A2FE-01Z-00-DX1.C036AE58-3C0D-4DBF-B658-296D03FD6701,cucim,2398.15,4
28,11.180438,TCGA-BH-A0E6-01Z-00-DX1.44DFEFB4-FA05-4246-8D6B-55BA8C3275DB,cucim,5544.67,4
28,12.605291,TCGA-A2-A0EX-01Z-00-DX1.F4C293E9-9BB2-48A1-8080-5F3082E219C5,cucim,3147.53,4
28,13.735887,TCGA-D8-A73W-01Z-00-DX1.2A4B8A37-BE62-42C8-A109-800A7970FF0F,cucim,2981.39,4
28,15.079797,TCGA-D8-A73W-01Z-00-DX1.2A4B8A37-BE62-42C8-A109-800A7970FF0F,cucim,4408.95,4
28,16.463573,TCGA-D8-A1X8-01Z-00-DX1.DDA3866E-C7CC-4650-BE2B-5C9A98A2D531,cucim,6041.71,4
28,17.913413,TCGA-E2-A570-01Z-00-DX1.64E5F2CA-9396-40DC-A300-04A54657BDE6,cucim,1419.81,4
28,19.591429,TCGA-A2-A0EO-01Z-00-DX1.D7A09E23-2CAB-4B3B-814C-BF0BA75B7589,cucim,2225.56,4
28,21.068988,TCGA-B6-A0X5-01Z-00-DX1.02A9FF1E-EA20-4F2D-A2BB-427A287DE3FD,cucim,4053.72,4
28,22.402266,TCGA-E2-A1LS-01Z-00-DX1.9a43a58a-df40-4375-8456-ef0071bc9eb9,cucim,2952.22,4
28,23.770930,TCGA-BH-A204-01Z-00-DX1.9DCE8242-E862-45AB-9452-D7299110973F,cucim,2681.42,4
28,25.241034,TCGA-A8-A076-01Z-00-DX1.BAAC4F9C-0C04-42FB-95F4-D765305089B8,cucim,1221.65,4
28,26.930932,TCGA-A7-A13F-01Z-00-DX1.AB4ADDD3-8E1C-4AB9-813E-D137A2CFB950,cucim,1897.15,4
28,28.330777,TCGA-E9-A1N5-01Z-00-DX1.94DE7B4B-3798-4CC2-8A64-77796A58821A,cucim,15874.68,4
28,29.729074,TCGA-AN-A0XS-01Z-00-DX1.B4D4B73E-2912-4B2E-B18A-FBC35F8160D3,cucim,3625.32,4
28,31.271183,TCGA-LL-A5YP-01Z-00-DX1.ADA978DF-6625-4C4D-AE0C-F589B2BA4897,cucim,5077.99,4
28,33.013170,TCGA-A2-A0ET-01Z-00-DX1.41E86BB9-EA52-4615-94E7-0F09DDB094F4,cucim,2521.52,4
28,34.481516,TCGA-AR-A24Z-01Z-00-DX1.C88AFF18-A8E4-426A-BEA3-70566DE39C46,cucim,2614.82,4
28,35.903715,TCGA-D8-A1XS-01Z-00-DX1.E5C78E5A-947C-499D-9E95-619FEEC63E69,cucim,4668.84,4
28,37.216256,TCGA-AR-A256-01Z-00-DX1.950D4546-4BF4-4380-9877-51D86A93D755,cucim,1594.71,4
28,38.347350,TCGA-A1-A0SQ-01Z-00-DX1.36071264-3407-4224-BCBB-2ED00294569A,cucim,2414.40,4
28,39.617600,TCGA-AR-A1AM-01Z-00-DX1.B3F006D9-9386-41E5-B0B1-B0832EE104A0,cucim,2175.71,4
28,40.823987,TCGA-C8-A137-01Z-00-DX1.87F3775D-A401-4D5E-843F-8FB1D4BE97F8,cucim,4480.58,4
28,42.072645,TCGA-BH-A18F-01Z-00-DX1.81A81589-2D77-4CD6-BD34-76E292AA031D,cucim,5295.52,4
28,43.308699,TCGA-C8-A8HR-01Z-00-DX1.8E841CA8-1CE2-4242-AC5A-3247075CF8F4,cucim,2370.40,4
28,44.570079,TCGA-C8-A8HR-01Z-00-DX1.8E841CA8-1CE2-4242-AC5A-3247075CF8F4,cucim,2789.69,4
28,45.985659,TCGA-A8-A075-01Z-00-DX1.8E06AF51-951F-48E8-934E-42A455F65E5F,cucim,5693.56,4
28,47.326264,TCGA-A8-A09Z-01Z-00-DX1.D56497BE-5099-4537-9600-60F3213F7BF5,cucim,1922.23,4
28,48.618397,TCGA-D8-A1XV-01Z-00-DX1.D0D78B02-2A0D-4107-8083-D2FE1D3F1207,cucim,1822.16,4
28,50.142593,TCGA-LL-A7T0-01Z-00-DX1.B03BBA63-ACF4-4BCA-9F2B-F631F0C6A25C,cucim,6735.71,4
28,51.633122,TCGA-BH-A1FU-01Z-00-DX1.3D195750-8C9E-48C6-92EC-44AC6AB56267,cucim,2382.17,4
28,52.905792,TCGA-B6-A0WY-01Z-00-DX1.FA103E02-3BDC-47DC-BA6E-59FCC58866D1,cucim,1241.18,4
28,54.236531,TCGA-OL-A5RU-01Z-00-DX1.A48CAF2D-9310-4611-B27D-400F3A324607,cucim,4654.67,4
28,55.619912,TCGA-B6-A0IN-01Z-00-DX1.5C1CBEF7-0C4A-4B22-A85B-6F6FD9435573,cucim,2120.95,4
28,56.924499,TCGA-EW-A1P3-01Z-00-DX1.EF69B964-57D6-4F8E-A183-A3022AF6E835,cucim,2322.44,4
28,58.439288,TCGA-BH-A28O-01Z-00-DX1.B37603E3-BC80-4DDA-B44D-B5F794E3398E,cucim,5850.93,4
28,59.731517,TCGA-C8-A3M8-01Z-00-DX1.97AC85E0-6281-4F2E-8034-24AD5F52D5A6,cucim,1093.20,4
28,60.991126,TCGA-A2-A4S2-01Z-00-DX1.D779B63B-8817-43F1-A8F4-236C82DB78F8,cucim,2831.50,4
28,62.372309,TCGA-B6-A0I8-01Z-00-DX1.E576652B-C3F6-4A01-83BC-6DD154C75605,cucim,2358.31,4
28,64.297032,TCGA-E2-A152-01Z-00-DX1.B0860DEB-D34B-4C5D-97F5-C1C646437424,cucim,3299.31,4
28,66.172032,TCGA-LL-A6FR-01Z-00-DX1.107010FD-8EDD-406D-B4DE-DEC9E85576FF,cucim,3895.09,4
28,67.860567,TCGA-D8-A145-01Z-00-DX2.B834BF47-1CD6-45EA-BB88-D8ECE1FDDC6A,cucim,2058.92,4
28,69.278020,TCGA-E2-A1BC-01Z-00-DX1.FD19F2F8-497F-4D7D-97C6-271DC6B75173,cucim,2649.89,4
29,11.159404,TCGA-A7-A0CE-01Z-00-DX2.5AD1DB65-10E7-4996-AB5E-13D7851EC5FA,cucim,1742.97,4
29,12.290204,TCGA-E9-A5UO-01Z-00-DX1.96BFEB0C-86DB-4D3B-9364-C708937219B2,cucim,1346.45,4
29,13.603877,TCGA-A2-A0ER-01Z-00-DX1.18123C1B-A0CC-4957-9373-5FFAB985C2E8,cucim,6130.86,4
29,14.940145,TCGA-BH-A0GY-01Z-00-DX1.E1AEAA36-94FA-41ED-851F-7BB11DD3C06D,cucim,2799.40,4
29,16.372741,TCGA-A8-A06Z-01Z-00-DX1.2BC8B71D-E01B-4CC1-B5E7-09BB54A5E1F8,cucim,2307.29,4
29,18.192855,TCGA-A8-A09T-01Z-00-DX1.4183BBA4-AF11-4602-9EC2-35083C34A393,cucim,1671.11,4
29,19.739353,TCGA-E9-A1R2-01Z-00-DX1.5529C856-4F4F-4F17-94A2-5CEF94A940EB,cucim,3385.05,4
29,21.193445,TCGA-E9-A1R0-01Z-00-DX1.187C58EA-132E-4B3C-BAD0-7F59101D5C4D,cucim,3592.07,4
29,22.541585,TCGA-E2-A9RU-01Z-00-DX1.A06BE284-B9DC-4B45-A202-A9D027AEEDD9,cucim,2330.99,4
29,23.874055,TCGA-A8-A07U-01Z-00-DX1.69D356C3-C7FC-47E9-B753-BE421263343F,cucim,1717.71,4
29,25.386905,TCGA-C8-A12M-01Z-00-DX1.0C5F2DED-873F-4C86-97A2-2AA76A6236DF,cucim,2369.43,4
29,26.862505,TCGA-A7-A6VW-01Z-00-DX1.1BC4790C-DB45-4A3D-9C97-92C92C03FF60,cucim,3514.48,4
29,28.306535,TCGA-AO-A12C-01Z-00-DX1.F4105027-FA10-48AF-BA8F-C7A0181C4A1D,cucim,3659.66,4
29,29.856920,TCGA-E2-A1IH-01Z-00-DX1.816F0C54-D87E-4E23-891B-98169F5B439B,cucim,4890.27,4
29,31.588260,TCGA-AR-A255-01Z-00-DX1.E67C081D-50C9-451C-814B-F097B2671300,cucim,1751.21,4
29,33.518147,TCGA-3C-AALJ-01Z-00-DX2.62DFE56B-B84C-40F9-9625-FCB55767B70D,cucim,8349.31,4
29,35.252798,TCGA-PL-A8LX-01A-02-DX2.84DA8B75-1196-4704-B6B2-C5E7BF645E95,cucim,4390.32,4
29,36.689634,TCGA-BH-A0HA-01Z-00-DX1.5A2F5C86-E1E7-445D-A4E3-29980FA37708,cucim,4139.25,4
29,37.941033,TCGA-AO-A0JD-01Z-00-DX1.52E3DCE8-32E3-45C0-AB54-7FA0A2F3F722,cucim,2266.78,4
29,39.189982,TCGA-BH-A18R-01Z-00-DX1.07E6FA7F-5072-4327-9982-A40F010B7532,cucim,3849.51,4
29,40.384795,TCGA-BH-A0GY-01Z-00-DX1.E1AEAA36-94FA-41ED-851F-7BB11DD3C06D,cucim,1421.65,4
29,42.132005,TCGA-AO-A1KP-01Z-00-DX1.612442AB-24E2-489B-9838-7CEE82BCD605,cucim,5237.98,4
29,43.475669,TCGA-BH-A0H6-01Z-00-DX1.0CF7253A-B42C-4778-B1C6-17EC78A039ED,cucim,2088.47,4
29,44.833734,TCGA-BH-A0H6-01Z-00-DX1.0CF7253A-B42C-4778-B1C6-17EC78A039ED,cucim,5080.72,4
29,46.102695,TCGA-C8-A3M7-01Z-00-DX1.846C75F1-2E7E-44F7-B21F-C246141558FA,cucim,9438.27,4
29,47.238240,TCGA-E2-A1IU-01Z-00-DX1.E2F24814-24BA-4158-8841-F27A8E100589,cucim,2070.96,4
29,48.606813,TCGA-AC-A5EH-01Z-00-DX1.DF59B26B-379F-4047-B7AE-4493810D30A0,cucim,4189.28,4
29,49.902041,TCGA-C8-A12Z-01Z-00-DX1.22616420-7C80-42DE-9C44-0F00327681C6,cucim,2133.37,4
29,51.237817,TCGA-C8-A137-01Z-00-DX1.87F3775D-A401-4D5E-843F-8FB1D4BE97F8,cucim,2637.15,4
29,52.558055,TCGA-D8-A27L-01Z-00-DX1.6572593C-B015-4F9A-8C9B-B634CAA0D3B4,cucim,3454.99,4
29,53.780493,TCGA-E2-A1IO-01Z-00-DX1.C812D02F-3B40-496B-9EF5-7F68ADE64962,cucim,1495.62,4
29,55.071779,TCGA-D8-A73W-01Z-00-DX2.EBBBBA5A-AB7C-49EC-9F7F-14248C928F3A,cucim,3276.96,4
29,56.341628,TCGA-E2-A14W-01Z-00-DX1.2AF665A9-F582-4C41-B2B8-1982648CDEC7,cucim,2811.71,4
29,57.820496,TCGA-S3-AA15-01Z-00-DX2.915A4F90-25CB-4535-99C7-D0D0CFC90412,cucim,2834.17,4
29,59.017399,TCGA-AO-A0JJ-01Z-00-DX1.D5B636F5-1B47-4033-9938-9DC8CD48CEE9,cucim,2721.57,4
29,60.397095,TCGA-E9-A1R5-01Z-00-DX1.b870d5eb-6259-4b49-86e4-569a9e32ecd5,cucim,2520.48,4
29,61.671046,TCGA-E2-A1LL-01Z-00-DX1.D1AA1613-902C-4579-9612-48A76042B0AE,cucim,1812.51,4
29,63.126654,TCGA-BH-A18P-01Z-00-DX1.C66642D3-BE44-4D65-B4AE-C1C3D959D22C,cucim,3509.29,4
29,64.601833,TCGA-E2-A1IU-01Z-00-DX1.E2F24814-24BA-4158-8841-F27A8E100589,cucim,8696.46,4
29,65.984193,TCGA-D8-A1X6-01Z-00-DX2.F36D68F2-70C3-4E0E-ABE6-6969170BA6DC,cucim,2233.15,4
29,67.593826,TCGA-D8-A27G-01Z-00-DX1.04FCF306-67AA-4F56-AE90-44A4F5DD56D4,cucim,3208.05,4
29,69.032973,TCGA-E2-A155-01Z-00-DX1.A5AF232A-61BB-4FDC-ABF9-2FE9BA461BDC,cucim,3547.70,4
30,10.995194,TCGA-E9-A295-01Z-00-DX1.ED6CC024-56E7-45A9-B41F-F84550A899F7,cucim,3024.02,4
30,12.259454,TCGA-B6-A0RT-01Z-00-DX1.6C2BA663-D61B-404B-B62C-B81747B6A3AC,cucim,1990.51,4
30,13.590776,TCGA-B6-A0RT-01Z-00-DX1.6C2BA663-D61B-404B-B62C-B81747B6A3AC,cucim,4845.30,4
30,14.753005,TCGA-E2-A14W-01Z-00-DX1.2AF665A9-F582-4C41-B2B8-1982648CDEC7,cucim,1632.02,4
30,16.215272,TCGA-E9-A247-01Z-00-DX1.3B2DF1CB-054A-44C4-9AD5-D8FA6D386A93,cucim,5837.69,4
30,17.580022,TCGA-BH-A0HK-01Z-00-DX1.019036F5-647A-4EC4-8479-F2C100291AEF,cucim,2923.71,4
30,19.101417,TCGA-AR-A1AY-01Z-00-DX1.6AC0BE3B-FFC5-4EDA-9E40-B18CAAC52B81,cucim,2813.64,4
30,20.599398,TCGA-B6-A0RV-01Z-00-DX1.C46C2937-868D-47B7-B9B9-E51F5433BE97,cucim,1715.01,4
30,22.379465,TCGA-A8-A09Q-01Z-00-DX1.C7240AFB-5971-4577-812C-A255C249001A,cucim,5178.87,4
30,23.921072,TCGA-A2-A25B-01Z-00-DX1.58D7BEDE-5558-4A9E-A95E-DDF24C9267EF,cucim,1653.45,4
30,25.333214,TCGA-WT-AB41-01Z-00-DX1.75BDFDF2-CD87-46D1-B32C-725741CB02BE,cucim,3552.09,4
30,26.778283,TCGA-EW-A1PD-01Z-00-DX1.6F6A0122-A50B-4D00-9A3F-7A2502D44E38,cucim,3634.41,4
30,28.229241,TCGA-A7-A0CH-01Z-00-DX1.48ADDD0B-527A-404C-B794-7D7D35BF861F,cucim,2278.70,4
30,29.650561,TCGA-AR-A256-01Z-00-DX1.950D4546-4BF4-4380-9877-51D86A93D755,cucim,4038.35,4
30,31.433690,TCGA-E2-A1BC-01Z-00-DX1.FD19F2F8-497F-4D7D-97C6-271DC6B75173,cucim,6006.23,4
30,33.091401,TCGA-AR-A256-01Z-00-DX1.950D4546-4BF4-4380-9877-51D86A93D755,cucim,6720.95,4
30,34.711861,TCGA-D8-A1JB-01Z-00-DX1.6CF48257-066C-4B8C-91AA-30A6B4AD4307,cucim,2227.71,4
30,36.338080,TCGA-D8-A27P-01Z-00-DX1.EF426996-D0DC-4418-BEC4-F7CE3C82C869,cucim,1186.65,4
30,37.655723,TCGA-A2-A0T7-01Z-00-DX1.EA4DF9B5-8D04-4BCC-9ECB-CB8CB8ACBE1C,cucim,2617.66,4
30,39.036070,TCGA-B6-A0RG-01Z-00-DX1.C83D21A0-EC61-459C-9776-EA3D91469E72,cucim,1796.06,4
30,40.289461,TCGA-BH-A0WA-01Z-00-DX1.C0EB7B73-5529-49EC-B660-3F849B041963,cucim,3083.16,4
30,41.681748,TCGA-PE-A5DC-01Z-00-DX1.8E6953AD-C14A-43F5-B062-E31AB13C7BDF,cucim,11846.63,4
30,43.098591,TCGA-A8-A06Y-01Z-00-DX1.3BC58446-524E-43F3-AAE6-FBC4AA543E66,cucim,3392.13,4
30,44.409491,TCGA-GM-A2DI-01Z-00-DX1.5E9715EA-9D2B-49D0-8F1D-972CF24B1960,cucim,1459.00,4
30,45.609474,TCGA-B6-A1KF-01Z-00-DX1.2E08E830-4216-4CD0-9646-1F489300E11D,cucim,1585.41,4
30,46.952092,TCGA-A7-A13F-01Z-00-DX2.8CC23BAD-B3CC-4BBC-832A-A3879D6EF62D,cucim,2682.67,4
30,48.299705,TCGA-A8-A08B-01Z-00-DX1.416316FD-E8BF-402C-939A-08920F08A181,cucim,3019.87,4
30,49.667348,TCGA-AR-A24M-01Z-00-DX1.D81F1BDF-00DD-42A3-AFFE-55655A877213,cucim,1700.60,4
30,50.973628,TCGA-AR-A1AJ-01Z-00-DX1.34B9FCF0-74D8-4328-9B5A-698AD57EDA85,cucim,1587.20,4
30,52.512291,TCGA-AR-A0TW-01Z-00-DX1.0C1EAE07-6BA6-4908-89E1-0133F3640174,cucim,7331.91,4
30,53.784703,TCGA-AR-A0TW-01Z-00-DX1.0C1EAE07-6BA6-4908-89E1-0133F3640174,cucim,5426.76,4
30,54.997666,TCGA-A2-A0ST-01Z-00-DX1.AE05A5DB-4861-40DE-B0F5-7955FC903A96,cucim,2655.10,4
30,56.437100,TCGA-E9-A24A-01Z-00-DX1.F0342837-5750-4172-B60D-5F902E2A02FD,cucim,2559.17,4
30,57.664749,TCGA-E9-A5UO-01Z-00-DX1.96BFEB0C-86DB-4D3B-9364-C708937219B2,cucim,2449.38,4
30,58.983946,TCGA-A8-A07B-01Z-00-DX1.950B5E4E-C5F0-4445-9F88-E8C32CDFE6DA,cucim,5559.56,4
30,60.271000,TCGA-OL-A66L-01Z-00-DX1.E01BA275-57A5-49DF-9376-1AD0BDFFF7E2,cucim,1578.26,4
30,61.641666,TCGA-BH-A202-01Z-00-DX1.8CECDB74-5E6F-4CE8-B52C-A89E574F38FB,cucim,1662.66,4
30,63.623505,TCGA-D8-A1J9-01Z-00-DX2.E1C59487-9563-4501-845F-2067A0C5C59B,cucim,1710.63,4
30,65.366632,TCGA-A2-A4S0-01Z-00-DX1.5878187D-325F-4274-BE41-86BB2BA5F841,cucim,5420.61,4
30,66.873106,TCGA-E2-A56Z-01Z-00-DX1.EC28E279-B869-4485-A19F-C732D4CCD374,cucim,2346.45,4
30,68.258390,TCGA-C8-A26Y-01Z-00-DX1.166EE604-4EF3-401D-99E9-3A9711316CC4,cucim,3414.74,4
30,69.905652,TCGA-AC-A3TN-01Z-00-DX1.F00E81C7-0CA2-49E8-A30F-DE423538E93C,cucim,1974.00,4
31,11.296468,TCGA-D8-A1J8-01Z-00-DX1.EADAB43A-87C6-47FA-9120-25B69E23366D,cucim,3481.75,4
31,12.660383,TCGA-BH-A0E7-01Z-00-DX1.7FEE54C4-3795-403C-85B9-FF932BE56788,cucim,2376.55,4
31,13.924704,TCGA-D8-A1XF-01Z-00-DX2.1460E522-5B87-4690-8B6B-3183C5D282D6,cucim,1837.07,4
31,15.454527,TCGA-D8-A1XF-01Z-00-DX2.1460E522-5B87-4690-8B6B-3183C5D282D6,cucim,1155.67,4
31,16.890051,TCGA-A2-A04Y-01Z-00-DX1.4DC97AD6-4806-4A3A-A998-FD36F93590A4,cucim,2404.98,4
31,18.286691,TCGA-E9-A1RH-01Z-00-DX1.CC9CEDCC-7BF2-4C96-A0F1-C98071DA2CD3,cucim,3531.19,4
31,19.851098,TCGA-AO-A03N-01Z-00-DX1.79A8816D-961F-4D79-90B4-341919297A90,cucim,1586.86,4
31,21.405346,TCGA-A8-A09Q-01Z-00-DX1.C7240AFB-5971-4577-812C-A255C249001A,cucim,4969.48,4
31,22.830277,TCGA-LL-A73Y-01Z-00-DX1.50C20931-3AA9-40B4-8A73-56B1976423A8,cucim,7283.55,4
31,24.456648,TCGA-E2-A14U-01Z-00-DX1.F788A244-6C96-4CDC-AD9A-157DE951A723,cucim,9992.35,4
31,25.991968,TCGA-E9-A249-01Z-00-DX1.CA244384-FD89-44F6-8F94-A060A4C241CA,cucim,6339.49,4
31,27.785066,TCGA-AC-A2QH-01Z-00-DX1.00B8BFFF-F1E2-4F99-A969-8DD7EE4F8E0B,cucim,3671.43,4
31,29.303122,TCGA-AR-A1AT-01Z-00-DX1.6ED69002-2CC1-4AD4-9573-B245D7C2D060,cucim,1809.30,4
31,30.784816,TCGA-AN-A041-01Z-00-DX1.96D3628B-FB6E-4A41-A5E8-8896B0657F1C,cucim,3088.19,4
31,32.081518,TCGA-E2-A107-01Z-00-DX1.3BFCCC24-7286-488D-A9E9-98E498AD0767,cucim,2990.36,4
31,33.413180,TCGA-E2-A107-01Z-00-DX1.3BFCCC24-7286-488D-A9E9-98E498AD0767,cucim,2438.16,4
31,34.823374,TCGA-LL-A6FR-01Z-00-DX1.107010FD-8EDD-406D-B4DE-DEC9E85576FF,cucim,1404.77,4
31,36.299488,TCGA-EW-A1IY-01Z-00-DX1.3FD00274-C2CD-491A-915B-23FD535A4723,cucim,1857.96,4
31,37.472436,TCGA-A7-A6VX-01Z-00-DX1.F74DA243-C65A-4997-BCA0-F1C89675978C,cucim,1256.68,4
31,38.886957,TCGA-AR-A24V-01Z-00-DX1.E749C2FE-E26B-4306-80B4-8269EEB23270,cucim,4429.00,4
31,40.183783,TCGA-A2-A0ET-01Z-00-DX1.41E86BB9-EA52-4615-94E7-0F09DDB094F4,cucim,1569.84,4
31,41.464997,TCGA-E9-A22D-01Z-00-DX1.b2867437-0add-4b7d-8002-fb09ed961942,cucim,3368.02,4
31,42.741490,TCGA-AN-A0FY-01Z-00-DX1.25F5E2A1-F92C-4FE1-BD90-0CDDE50DC066,cucim,1268.96,4
31,44.107328,TCGA-A8-A0A1-01Z-00-DX1.CA64E221-E2A8-42B5-B611-25B9FE5FB0B0,cucim,1289.22,4
31,45.528508,TCGA-A8-A07G-01Z-00-DX1.37E8A762-8141-4BE6-935A-B3DCB712BB4A,cucim,2744.35,4
31,46.884504,TCGA-BH-A0HN-01Z-00-DX1.4997F641-C593-41F6-82ED-6A0E4EFA55F3,cucim,6761.81,4
31,48.092891,TCGA-D8-A1JJ-01Z-00-DX1.a986b48f-b295-4d7a-b778-ce829cdf9c38,cucim,2171.10,4
31,49.405642,TCGA-D8-A1XS-01Z-00-DX1.E5C78E5A-947C-499D-9E95-619FEEC63E69,cucim,1589.30,4
31,50.760378,TCGA-D8-A142-01Z-00-DX1.F6D58989-9120-40C9-918D-6B1650C1A8E8,cucim,3516.48,4
31,51.908770,TCGA-A7-A4SB-01Z-00-DX1.E8925605-5189-441E-A719-92CFC1118B0B,cucim,1895.89,4
31,53.164826,TCGA-S3-A6ZH-01Z-00-DX1.E728FF79-4921-436F-BFF5-5B782C0EEB9A,cucim,1277.86,4
31,54.371612,TCGA-B6-A0WS-01Z-00-DX1.020ED7BF-9497-4F13-AA07-FE0E839F9A06,cucim,3182.28,4
31,55.788209,TCGA-E2-A14N-01Z-00-DX1.15F5644F-CA9F-4688-B56E-BCC00CA4769B,cucim,1744.41,4
31,57.200616,TCGA-D8-A3Z5-01Z-00-DX3.BB83C7D4-F795-47E7-9A5C-7DBF0EB7FDAA,cucim,3334.92,4
31,58.701578,TCGA-AR-A1AI-01Z-00-DX1.5EF2A589-4284-45CF-BF0C-169E3A85530C,cucim,3062.63,4
31,60.152193,TCGA-LL-A740-01Z-00-DX1.757D94A5-EF0F-4A0E-99A9-8809B66438DA,cucim,6635.07,4
31,61.483568,TCGA-EW-A1IZ-01Z-00-DX1.81D5544E-0A7D-4A92-A3B0-4F22CFB8BBB2,cucim,5425.75,4
31,63.204745,TCGA-AR-A1AO-01Z-00-DX1.244DEE5B-0896-452F-A14D-E290260A9D8F,cucim,3432.61,4
31,64.909120,TCGA-B6-A0I1-01Z-00-DX1.86BEC5E4-A2D1-4039-8D08-0598FA8BCC2B,cucim,2909.98,4
31,66.166293,TCGA-B6-A0IC-01Z-00-DX1.60ED7BBF-A448-4E4E-80F9-91527A697588,cucim,2185.64,4
31,67.596252,TCGA-PL-A8LV-01A-01-DX1.88F3D934-96C2-4652-9450-90F2E302FF6D,cucim,3816.31,4
31,69.213677,TCGA-AR-A1AM-01Z-00-DX1.B3F006D9-9386-41E5-B0B1-B0832EE104A0,cucim,1663.59,4
32,11.358686,TCGA-D8-A1JT-01Z-00-DX1.F278C419-E405-4BDA-BA50-BFBA08801168,cucim,5313.76,4
32,12.917906,TCGA-E9-A1RD-01Z-00-DX1.34083668-cbd2-4610-b857-d50ee9f3e5bd,cucim,5698.44,4
32,14.300424,TCGA-B6-A0IK-01Z-00-DX1.1640DB44-4AC0-4A34-9E21-4673C4289A99,cucim,1782.20,4
32,15.664584,TCGA-AR-A5QP-01Z-00-DX1.256FDB13-1F81-42DA-AF6E-8A94835550C1,cucim,2247.31,4
32,17.347085,TCGA-B6-A0IK-01Z-00-DX1.1640DB44-4AC0-4A34-9E21-4673C4289A99,cucim,2798.53,4
32,18.935485,TCGA-B6-A0IK-01Z-00-DX1.1640DB44-4AC0-4A34-9E21-4673C4289A99,cucim,1420.81,4
32,20.394537,TCGA-E9-A1N4-01Z-00-DX1.71c8d4a5-ec99-4012-9fe2-ddb3349ad5bc,cucim,2361.75,4
32,21.966221,TCGA-BH-A1FB-01Z-00-DX1.9D778D1A-07F6-450D-B7AA-0E17B4D0A88C,cucim,3750.49,4
32,23.478824,TCGA-E9-A1N6-01Z-00-DX1.C0E8FFDC-2614-4DBF-B51E-4646A3919911,cucim,2743.85,4
32,24.975987,TCGA-E2-A1IF-01Z-00-DX1.51F5B0AC-E4D6-439D-8168-34934471FA06,cucim,3184.98,4
32,26.536718,TCGA-LD-A9QF-01Z-00-DX1.092108DF-1A60-459E-ACE6-5A71826A98D1,cucim,1659.50,4
32,27.851268,TCGA-AR-A2LH-01Z-00-DX1.40D4FD67-FB13-46D9-A202-56A5791EA11C,cucim,4614.61,4
32,29.175854,TCGA-EW-A6SD-01Z-00-DX1.32D8240E-2076-492B-BB95-300A9FCA96E7,cucim,1713.87,4
32,30.472733,TCGA-D8-A1XU-01Z-00-DX1.769DBC38-6F0D-425B-A904-79EBA1C119EF,cucim,2172.95,4
32,31.741107,TCGA-OL-A6VO-01Z-00-DX1.291D54D6-EBAF-4622-BD42-97AA5997F014,cucim,2324.89,4
32,33.014030,TCGA-A7-A13H-01Z-00-DX1.FCB33A3C-6209-474C-83C1-02551F242937,cucim,2149.41,4
32,34.344337,TCGA-B6-A0WS-01Z-00-DX1.020ED7BF-9497-4F13-AA07-FE0E839F9A06,cucim,2408.05,4
32,35.695311,TCGA-D8-A1JC-01Z-00-DX2.854ABF5D-40F1-48AE-802F-97D75497F1FD,cucim,5381.42,4
32,37.095662,TCGA-A7-A0CJ-01Z-00-DX1.E26F2F62-D688-4373-BB7B-790A06734E49,cucim,2400.91,4
32,38.479405,TCGA-A8-A096-01Z-00-DX1.FCECFB0D-4E02-4C69-A0FE-7D6C7F9FEB07,cucim,1734.39,4
32,39.895895,TCGA-A2-A0D0-01Z-00-DX1.4FF6B8E5-703B-400F-920A-104F56E0F874,cucim,4818.46,4
32,41.207044,TCGA-E2-A154-01Z-00-DX1.01FC9B1A-8ECD-4467-9EDD-0B02E4AEEF72,cucim,3482.16,4
32,42.436793,TCGA-D8-A27P-01Z-00-DX1.EF426996-D0DC-4418-BEC4-F7CE3C82C869,cucim,4403.02,4
32,43.693534,TCGA-BH-A1EU-01Z-00-DX1.5A0956EF-0100-47FD-9026-1994CF22D0F1,cucim,6254.40,4
32,44.959918,TCGA-A1-A0SM-01Z-00-DX1.AD503DBD-4D93-4476-B467-F091254FDF78,cucim,3415.50,4
32,46.273664,TCGA-C8-A12Y-01Z-00-DX1.A15CB3E2-E145-4C75-8FEA-1DD503CD7C20,cucim,4488.88,4
32,47.608641,TCGA-EW-A1OV-01Z-00-DX1.93698123-5B34-4163-848B-2D75A5F7B001,cucim,5502.47,4
32,48.839895,TCGA-D8-A1X9-01Z-00-DX1.28CE7849-EEC5-4ABB-A319-A977A1FD3CD1,cucim,2210.97,4
32,50.114919,TCGA-D8-A1JC-01Z-00-DX1.16D32FE8-4D76-4EEC-9739-D394087605BC,cucim,3964.63,4
32,51.595956,TCGA-AO-A124-01Z-00-DX1.E3C7B017-6154-4630-9BDE-0CAC946D0209,cucim,5246.37,4
32,53.018372,TCGA-A7-A56D-01Z-00-DX1.87D9CCF4-04EE-46D2-B7FC-A83561D7752C,cucim,2406.75,4
32,54.331937,TCGA-PL-A8LY-01A-02-DX2.6F9520F1-3210-4A96-81C2-A14424F650D1,cucim,2635.42,4
32,55.668754,TCGA-EW-A1J1-01Z-00-DX1.FFC2D5DB-E6D0-4143-A1E7-0A2027846C8C,cucim,1983.96,4
32,57.186001,TCGA-D8-A1JD-01Z-00-DX1.6D215B14-DD90-4635-8645-AF06EBD9BA3F,cucim,2776.30,4
32,58.862990,TCGA-PL-A8LX-01A-02-DX2.84DA8B75-1196-4704-B6B2-C5E7BF645E95,cucim,1801.77,4
32,60.278202,TCGA-A7-A13E-01Z-00-DX2.1E1262AE-A32D-4814-94A5-D951CA8BA35D,cucim,1626.35,4
32,61.554133,TCGA-E2-A15C-01Z-00-DX1.26E13415-1D37-43C7-9EBB-4411BE7FCE10,cucim,6591.42,4
32,62.825827,TCGA-AC-A62Y-01Z-00-DX1.5075F4DA-488C-40AD-BD73-6DE8953E1864,cucim,4099.51,4
32,64.161701,TCGA-A2-A1G4-01Z-00-DX1.0274DF5B-5920-419A-B778-2F04D9C602F2,cucim,3041.86,4
32,65.505390,TCGA-AR-A2LH-01Z-00-DX1.40D4FD67-FB13-46D9-A202-56A5791EA11C,cucim,2145.66,4
32,66.839434,TCGA-A7-A0CD-01Z-00-DX1.F045B9C8-049C-41BF-8432-EF89F236D34D,cucim,4974.77,4
32,68.166909,TCGA-B6-A0IJ-01Z-00-DX1.BF2E062F-06DA-4CA8-86C4-36674C035CAA,cucim,1288.29,4
32,69.732671,TCGA-LL-A6FQ-01Z-00-DX1.D4FEEC16-FC67-4C4A-A4B1-F8BA34ECBCBD,cucim,2638.68,4
33,11.320355,TCGA-AO-A0JM-01Z-00-DX1.94E75EFD-E5F5-4DF8-93A0-ED94CB4D203A,cucim,3583.76,4
33,12.920435,TCGA-GM-A2DA-01Z-00-DX1.6E409F88-F654-48C8-A753-BB054037BE16,cucim,1572.27,4
33,14.432241,TCGA-LL-A740-01Z-00-DX1.757D94A5-EF0F-4A0E-99A9-8809B66438DA,cucim,6997.69,4
33,16.088913,TCGA-A8-A07F-01Z-00-DX1.E6FE5B3A-A412-4E7B-A710-7DFD3596F4E3,cucim,2866.06,4
33,17.782641,TCGA-A7-A0CH-01Z-00-DX2.81DDF423-FCA8-46CA-83A4-2E80B611844D,cucim,3095.91,4
33,19.292205,TCGA-E2-A1IO-01Z-00-DX1.C812D02F-3B40-496B-9EF5-7F68ADE64962,cucim,2127.16,4
33,20.879130,TCGA-A2-A0CS-01Z-00-DX1.3986B545-63E8-4727-BCC1-701DE947D1FB,cucim,3021.97,4
33,22.326972,TCGA-D8-A1XB-01Z-00-DX2.B262C269-F22B-4306-8195-079C0874EF8E,cucim,3344.34,4
33,23.927394,TCGA-AC-A3OD-01Z-00-DX1.E19B311B-BAB1-4CE8-9421-B49D5BE4537E,cucim,1997.89,4
33,25.216658,TCGA-AO-A0JJ-01Z-00-DX1.D5B636F5-1B47-4033-9938-9DC8CD48CEE9,cucim,1553.22,4
33,26.468565,TCGA-E9-A245-01Z-00-DX1.648850D5-EB80-4FBE-8507-32313FAD1060,cucim,2886.54,4
33,27.638086,TCGA-S3-AA12-01Z-00-DX2.4F0A4F18-41C7-4497-A7B8-5DCE610E08AD,cucim,3809.17,4
33,29.077984,TCGA-A7-A26G-01Z-00-DX1.29A27673-A16D-4044-BCCF-14BF6236D7D3,cucim,4273.12,4
33,30.441526,TCGA-A8-A06Y-01Z-00-DX1.3BC58446-524E-43F3-AAE6-FBC4AA543E66,cucim,1447.31,4
33,31.853466,TCGA-D8-A1XC-01Z-00-DX2.10BA8536-D6AF-460E-9796-EB77FFE3EF5B,cucim,2871.02,4
33,33.192954,TCGA-D8-A1JB-01Z-00-DX1.6CF48257-066C-4B8C-91AA-30A6B4AD4307,cucim,7839.69,4
33,34.384843,TCGA-LL-A5YM-01Z-00-DX1.2B8904A9-6A45-4FFD-AF15-EB81773E5B79,cucim,2380.93,4
33,35.803704,TCGA-AC-A23C-01Z-00-DX1.0E67C785-83D3-49AF-B600-FB5B909AE6ED,cucim,5641.02,4
33,37.161955,TCGA-E2-A10C-01Z-00-DX1.29A2B20B-29C6-4491-ADAB-0584C772EF25,cucim,2468.30,4
33,38.661355,TCGA-A7-A5ZV-01Z-00-DX1.21F2EA4A-4F31-43D6-A036-E20E326AF37E,cucim,2756.64,4
33,39.910757,TCGA-AR-A1AV-01Z-00-DX1.93698893-7C5C-44C1-A488-ED358D523693,cucim,2785.68,4
33,41.093458,TCGA-A2-A3KD-01Z-00-DX1.E400D529-A0D1-4C78-AD5C-33EB0508B128,cucim,2752.98,4
33,42.579750,TCGA-A1-A0SH-01Z-00-DX1.90E71B08-E1D9-4FC2-85AC-062E56DDF17C,cucim,4500.07,4
33,43.947383,TCGA-GM-A2DK-01Z-00-DX1.4F81A585-9549-454C-8E15-2E4545795460,cucim,1626.22,4
33,45.255672,TCGA-A8-A07U-01Z-00-DX1.69D356C3-C7FC-47E9-B753-BE421263343F,cucim,2158.37,4
33,46.596053,TCGA-A8-A096-01Z-00-DX1.FCECFB0D-4E02-4C69-A0FE-7D6C7F9FEB07,cucim,9168.94,4
33,47.859841,TCGA-D8-A27I-01Z-00-DX1.ACAE0048-7AF0-41C9-992B-6ACDABF80B1C,cucim,8389.81,4
33,49.208527,TCGA-B6-A0X1-01Z-00-DX1.2A41630E-A8BF-4966-99F5-D5D8036B1759,cucim,2704.87,4
33,51.268105,TCGA-E9-A1RE-01Z-00-DX1.fd100503-ba95-4af8-8e59-689b2cea145c,cucim,4917.29,4
33,52.825325,TCGA-AR-A0TW-01Z-00-DX1.0C1EAE07-6BA6-4908-89E1-0133F3640174,cucim,4789.46,4
33,54.213424,TCGA-AC-A2FE-01Z-00-DX1.C036AE58-3C0D-4DBF-B658-296D03FD6701,cucim,2326.74,4
33,55.642485,TCGA-PL-A8LX-01A-02-DX2.84DA8B75-1196-4704-B6B2-C5E7BF645E95,cucim,2286.96,4
33,56.995821,TCGA-HN-A2OB-01Z-00-DX1.14F1FBFB-4540-43CE-9D79-5BC628640424,cucim,6182.88,4
33,58.254258,TCGA-C8-A27B-01Z-00-DX1.5A8A14E8-6430-4147-9C71-805024E098CB,cucim,3850.83,4
33,59.533724,TCGA-A8-A0A9-01Z-00-DX1.16524DDD-539D-4E47-9A8F-1B910D4FEC2D,cucim,4342.61,4
33,60.838937,TCGA-A7-A0DA-01Z-00-DX1.5F087009-16E9-4A07-BA24-62340E108B17,cucim,1388.97,4
33,62.185125,TCGA-LL-A6FR-01Z-00-DX1.107010FD-8EDD-406D-B4DE-DEC9E85576FF,cucim,2475.84,4
33,63.453733,TCGA-GM-A2DF-01Z-00-DX1.CD0BE6D7-2DB3-4193-84CC-F9BE7BF18CC2,cucim,2853.98,4
33,64.641078,TCGA-EW-A1J2-01Z-00-DX1.F1D8E593-2DF4-44C3-873D-FD3C910011E4,cucim,2375.24,4
33,65.821550,TCGA-D8-A1JE-01Z-00-DX1.714805A1-E337-46DA-88D9-6CE4B4E3C2D0,cucim,1825.92,4
33,67.055097,TCGA-AR-A2LH-01Z-00-DX1.40D4FD67-FB13-46D9-A202-56A5791EA11C,cucim,3051.65,4
33,68.348113,TCGA-B6-A0RN-01Z-00-DX1.0D02A3FB-D694-4A5B-80C1-CF1469E29BFD,cucim,1783.86,4
33,69.522681,TCGA-A8-A06Q-01Z-00-DX1.622AC6E4-DB1A-4C8D-8185-52D4FD1F30B4,cucim,1777.40,4
34,11.366162,TCGA-BH-A18S-01Z-00-DX1.B36FC684-0010-4ABB-9E25-303C8DF1C4E2,cucim,7144.12,4
34,12.904076,TCGA-D8-A1JC-01Z-00-DX1.16D32FE8-4D76-4EEC-9739-D394087605BC,cucim,1714.84,4
34,14.337229,TCGA-E2-A14S-01Z-00-DX1.5C332E99-7296-473A-9917-7EFC38A8251D,cucim,2804.01,4
34,15.812577,TCGA-BH-A1FU-01Z-00-DX1.3D195750-8C9E-48C6-92EC-44AC6AB56267,cucim,2311.26,4
34,17.399320,TCGA-BH-A0DI-01Z-00-DX1.6A42D535-8842-4C36-8299-A40E9E56759D,cucim,2077.32,4
34,19.081466,TCGA-D8-A1JJ-01Z-00-DX1.a986b48f-b295-4d7a-b778-ce829cdf9c38,cucim,5087.54,4
34,20.733924,TCGA-A7-A5ZX-01Z-00-DX1.A4C651F0-DB8E-4534-84A2-AD875F62209F,cucim,2879.00,4
34,22.137678,TCGA-E9-A54Y-01Z-00-DX1.5FD70369-6514-4E5E-8BEF-65DAC5671E1A,cucim,2490.38,4
34,23.587587,TCGA-E2-A15O-01Z-00-DX1.4D0F3975-93EA-4DC2-AD0C-A76A24C3AE0C,cucim,4208.14,4
34,24.797518,TCGA-D8-A1JG-01Z-00-DX1.BA6D5CC7-3A9B-4D17-A86A-B159D345A216,cucim,2350.85,4
34,26.017022,TCGA-D8-A27W-01Z-00-DX2.4E0D2E4E-5662-4305-8FC2-C651CDDA4998,cucim,8351.23,4
34,27.303066,TCGA-BH-A2L8-01Z-00-DX1.ACA51CA9-3C38-48A6-B4A9-C12FFAB9AB56,cucim,1784.22,4
34,28.642052,TCGA-AR-A1AO-01Z-00-DX1.244DEE5B-0896-452F-A14D-E290260A9D8F,cucim,3329.13,4
34,29.989049,TCGA-AQ-A04L-01Z-00-DX1.F35BF4DD-896A-43C2-8DA6-C67945C003BE,cucim,1881.08,4
34,31.487742,TCGA-BH-A0C3-01Z-00-DX1.14D3210D-0CBE-4DCA-A986-A26AE5382502,cucim,2333.33,4
34,32.737810,TCGA-EW-A1J1-01Z-00-DX1.FFC2D5DB-E6D0-4143-A1E7-0A2027846C8C,cucim,2676.15,4
34,34.117793,TCGA-E9-A1N4-01Z-00-DX1.71c8d4a5-ec99-4012-9fe2-ddb3349ad5bc,cucim,2167.48,4
34,35.528882,TCGA-AR-A0U3-01Z-00-DX1.9BB87F9D-459F-4A18-B591-29822EA5AE18,cucim,3792.22,4
34,36.871583,TCGA-BH-A0BA-01Z-00-DX1.579E11C9-437C-4D49-8811-DD94D8454712,cucim,1549.66,4
34,38.203627,TCGA-AC-A5EI-01Z-00-DX1.A174D91A-730E-460C-AE73-46CA1E5B177B,cucim,2319.86,4
34,39.462378,TCGA-LL-A73Y-01Z-00-DX1.50C20931-3AA9-40B4-8A73-56B1976423A8,cucim,2160.52,4
34,40.677907,TCGA-AO-A0JC-01Z-00-DX1.C8DD421B-9799-4FE7-9224-5EAC6ED1028E,cucim,5250.70,4
34,41.874455,TCGA-E2-A2P6-01Z-00-DX1.9D8060AA-881F-49FF-AEF5-B40A3625A44A,cucim,2700.27,4
34,43.196288,TCGA-BH-A0DZ-01Z-00-DX1.138BAEC2-589E-4960-B94E-DF48DDAA5490,cucim,2012.51,4
34,44.616619,TCGA-C8-A1HJ-01Z-00-DX1.745159F1-85E7-4CC0-B088-E1CA91916FB8,cucim,5573.63,4
34,45.917811,TCGA-A2-A0CS-01Z-00-DX1.3986B545-63E8-4727-BCC1-701DE947D1FB,cucim,2310.60,4
34,47.102537,TCGA-AO-A0JF-01Z-00-DX1.3277D13C-F257-4D4C-AB5C-BEBA2E1A63D8,cucim,2105.35,4
34,48.386327,TCGA-D8-A1XY-01Z-00-DX2.33D96E5C-5291-4864-B282-8BACA2043586,cucim,7153.02,4
34,50.617485,TCGA-OL-A5RU-01Z-00-DX1.A48CAF2D-9310-4611-B27D-400F3A324607,cucim,8289.08,4
34,52.169518,TCGA-A1-A0SM-01Z-00-DX1.AD503DBD-4D93-4476-B467-F091254FDF78,cucim,1842.13,4
34,53.634400,TCGA-C8-A12W-01Z-00-DX1.3727E7BB-831E-42DB-B5CB-F2D7C649290F,cucim,2229.39,4
34,55.436372,TCGA-A2-A0YM-01Z-00-DX1.A48B4C96-2CC5-464C-98B7-F0F92AE56533,cucim,9381.70,4
34,56.757191,TCGA-D8-A1Y0-01Z-00-DX2.7C25E941-12A6-46CE-B1A5-488D08E35684,cucim,2765.01,4
34,58.141926,TCGA-AC-A2FB-01Z-00-DX1.A4D93E32-BBD7-45E4-8ACF-3724B059ECBC,cucim,6997.15,4
34,59.526995,TCGA-A7-A13F-01Z-00-DX1.AB4ADDD3-8E1C-4AB9-813E-D137A2CFB950,cucim,4546.69,4
34,60.782941,TCGA-D8-A1XJ-01Z-00-DX1.660DDF8D-6816-4EBE-AF37-6F7A374F4E9E,cucim,3213.58,4
34,62.132556,TCGA-A2-A3XV-01Z-00-DX1.4B58B7CD-B3F6-4C31-863F-924D291EF17C,cucim,2147.53,4
34,63.496098,TCGA-BH-A0E1-01Z-00-DX1.257EB36A-1008-4890-927B-204EF05DBE90,cucim,4081.48,4
34,64.999902,TCGA-PL-A8LY-01A-01-DX1.32047D5E-8A42-480A-B2B8-A56B47B949FD,cucim,7739.97,4
34,66.219532,TCGA-D8-A1XM-01Z-00-DX1.5F6A140E-5D20-45F6-B76F-0F98AB27AD08,cucim,2023.22,4
34,67.596124,TCGA-B6-A0IJ-01Z-00-DX1.BF2E062F-06DA-4CA8-86C4-36674C035CAA,cucim,1555.71,4
34,68.818430,TCGA-BH-A203-01Z-00-DX1.FAE40A13-0C4A-415F-9396-01041FF6B855,cucim,2594.32,4
35,11.727509,TCGA-AC-A6IV-01Z-00-DX1.DA4F4B9F-9070-4B3A-996F-311E0A989FFB,cucim,6640.96,4
35,13.111771,TCGA-A8-A06Y-01Z-00-DX1.3BC58446-524E-43F3-AAE6-FBC4AA543E66,cucim,2712.47,4
35,14.372091,TCGA-E9-A1NG-01Z-00-DX1.30d2a611-21ad-4ba0-a03c-31f36ecb83d5,cucim,2605.60,4
35,15.759732,TCGA-S3-A6ZH-01Z-00-DX1.E728FF79-4921-436F-BFF5-5B782C0EEB9A,cucim,1500.15,4
35,16.945860,TCGA-OK-A5Q2-01Z-00-DX1.0D169898-37C6-44CA-AC87-27887123AA6F,cucim,1592.96,4
35,18.192602,TCGA-AN-A0G0-01Z-00-DX1.BE0BB5DF-DEDA-48D8-B5D8-2735C767F28F,cucim,1334.53,4
35,19.700711,TCGA-BH-A0AV-01Z-00-DX1.5A686DA4-A29D-4BA7-9BCA-B707F8755E83,cucim,2213.73,4
35,21.365732,TCGA-BH-A28Q-01Z-00-DX1.C6D1CA93-6B2A-4722-9270-5D56592D833D,cucim,1625.96,4
35,22.628699,TCGA-PL-A8LY-01A-01-DX1.32047D5E-8A42-480A-B2B8-A56B47B949FD,cucim,5091.42,4
35,24.089802,TCGA-D8-A3Z6-01Z-00-DX1.4076A770-5901-4325-85C3-AF7B192272F5,cucim,6204.35,4
35,25.566996,TCGA-C8-A26X-01Z-00-DX1.FBD86F91-BAD7-4484-8D50-202340FBF242,cucim,1239.00,4
35,26.934881,TCGA-B6-A0WX-01Z-00-DX1.1C4F7BCC-8423-4941-9490-0F35038E1878,cucim,4986.86,4
35,28.168891,TCGA-B6-A0WW-01Z-00-DX1.64048633-1D1A-4074-8C50-7641159355DB,cucim,2552.64,4
35,29.558718,TCGA-A7-A0DB-01Z-00-DX1.9CE855BC-0C37-43FB-8806-6625E176BE2E,cucim,4600.47,4
35,30.834165,TCGA-B6-A0I6-01Z-00-DX1.D597D207-BEB2-4CE5-B315-FE7AD6E9C30B,cucim,3083.78,4
35,32.056942,TCGA-B6-A0I6-01Z-00-DX1.D597D207-BEB2-4CE5-B315-FE7AD6E9C30B,cucim,1539.75,4
35,33.338701,TCGA-GM-A3XN-01Z-00-DX1.49F5C8AC-0328-4BC2-9FE2-E7150B7A42E2,cucim,4705.59,4
35,34.524778,TCGA-A8-A06X-01Z-00-DX1.21F19EDD-ABCB-4398-B210-D795BB7A34E3,cucim,1793.82,4
35,35.546114,TCGA-E2-A2P6-01Z-00-DX1.9D8060AA-881F-49FF-AEF5-B40A3625A44A,cucim,4800.34,4
35,36.847473,TCGA-OK-A5Q2-01Z-00-DX1.0D169898-37C6-44CA-AC87-27887123AA6F,cucim,2016.37,4
35,38.190844,TCGA-AR-A256-01Z-00-DX1.950D4546-4BF4-4380-9877-51D86A93D755,cucim,2505.59,4
35,40.137747,TCGA-AC-A2QI-01Z-00-DX1.977549F4-D866-4465-85FB-5C916282A488,cucim,2577.51,4
35,41.613777,TCGA-AN-A0FN-01Z-00-DX1.CAA3C2D0-7E74-48E5-ACB7-487434C7AAD2,cucim,10803.96,4
35,43.003355,TCGA-E9-A2JS-01Z-00-DX1.445BA2F8-3A4A-49D2-8D41-4ACFD32F2074,cucim,1986.62,4
35,44.410700,TCGA-E9-A2JS-01Z-00-DX1.445BA2F8-3A4A-49D2-8D41-4ACFD32F2074,cucim,2687.04,4
35,45.873528,TCGA-LL-A5YL-01Z-00-DX1.164C74AB-87D5-46CC-9D96-33FE1F88DC80,cucim,6423.45,4
35,47.421378,TCGA-A2-A04R-01Z-00-DX1.BE3661A3-A2A0-4248-B7D5-D8986E529B6C,cucim,1788.62,4
35,48.719792,TCGA-A8-A09C-01Z-00-DX1.19E0C0E9-0ED6-4E3A-95FE-A5778F5DDBCD,cucim,2297.91,4
35,50.172610,TCGA-E9-A1N9-01Z-00-DX1.982C83A6-0E06-47B3-A7C7-1773A2CD1771,cucim,4330.56,4
35,51.491852,TCGA-EW-A1OZ-01Z-00-DX1.9639BB06-FF02-475F-A89D-773BE12721CC,cucim,7027.73,4
35,52.830452,TCGA-D8-A1XW-01Z-00-DX1.10187A1F-086B-4CD9-AC01-ADA2E435CD34,cucim,3676.00,4
35,54.013104,TCGA-E2-A156-01Z-00-DX1.CEF32B4D-A676-4230-992D-45A046E4043A,cucim,2171.32,4
35,55.441082,TCGA-D8-A1XA-01Z-00-DX1.36A807F0-2D35-4CE3-8A27-CC59181B1A3D,cucim,3142.11,4
35,56.877480,TCGA-B6-A0IN-01Z-00-DX1.5C1CBEF7-0C4A-4B22-A85B-6F6FD9435573,cucim,6168.60,4
35,58.235447,TCGA-D8-A1XV-01Z-00-DX1.D0D78B02-2A0D-4107-8083-D2FE1D3F1207,cucim,2686.26,4
35,59.491357,TCGA-EW-A1PA-01Z-00-DX1.03B033F8-62C0-49E1-BDEA-C5217AB3460A,cucim,3642.91,4
35,60.614030,TCGA-D8-A1XZ-01Z-00-DX1.8E51A61D-B01C-4A52-8F5D-44D2ABCA46FC,cucim,1622.58,4
35,61.722186,TCGA-BH-A0E9-01Z-00-DX1.5FC4A5E1-3984-4869-9FFB-C0C7F9EAF5FE,cucim,3691.05,4
35,62.930580,TCGA-BH-A0E9-01Z-00-DX1.5FC4A5E1-3984-4869-9FFB-C0C7F9EAF5FE,cucim,3204.72,4
35,64.066945,TCGA-A8-A075-01Z-00-DX1.8E06AF51-951F-48E8-934E-42A455F65E5F,cucim,1475.27,4
35,65.361451,TCGA-A1-A0SD-01Z-00-DX1.DB17BFA9-D951-42A8-91D2-F4C2EBC6EB9F,cucim,1091.46,4
35,66.550054,TCGA-AR-A2LQ-01Z-00-DX1.2F579E62-69A8-40F4-A516-542C7C808628,cucim,4581.73,4
35,67.882765,TCGA-C8-A26W-01Z-00-DX1.CFF07941-6CD1-4CF9-BE5F-387DA67B66CC,cucim,3448.88,4
35,69.213804,TCGA-D8-A146-01Z-00-DX1.D93FB315-E5D7-49BA-8380-38B16B70361B,cucim,3010.12,4
36,11.339430,TCGA-A2-A04V-01Z-00-DX1.EB430DDB-8FE9-4302-8829-53DBAD09E79F,cucim,1262.00,4
36,12.599412,TCGA-E2-A15L-01Z-00-DX1.626032DC-D396-48E7-B888-DFEBCF7102FF,cucim,10786.47,4
36,13.798343,TCGA-AN-A0FS-01Z-00-DX1.104368C2-28DA-4E43-8B27-78336AD5ABC8,cucim,4710.75,4
36,14.985676,TCGA-A8-A09Q-01Z-00-DX1.C7240AFB-5971-4577-812C-A255C249001A,cucim,4867.68,4
36,16.475181,TCGA-AR-A251-01Z-00-DX1.E91E357A-3AD4-4F79-A698-05F0B21A37EC,cucim,2374.51,4
36,17.759578,TCGA-E9-A2JS-01Z-00-DX1.445BA2F8-3A4A-49D2-8D41-4ACFD32F2074,cucim,3984.24,4
36,18.970524,TCGA-BH-A0DV-01Z-00-DX1.2F0B5FB3-40F0-4D27-BFAC-390FB9A42B39,cucim,4169.61,4
36,20.218966,TCGA-D8-A27K-01Z-00-DX1.25AF7928-046B-45BF-BAD6-F34156203F5A,cucim,4930.41,4
36,21.641106,TCGA-E2-A155-01Z-00-DX1.A5AF232A-61BB-4FDC-ABF9-2FE9BA461BDC,cucim,7064.61,4
36,22.914007,TCGA-E9-A3X8-01Z-00-DX1.D1532F80-F5F8-47AF-8A1B-B59E345F5D70,cucim,2048.73,4
36,24.096912,TCGA-AC-A2FE-01Z-00-DX1.C036AE58-3C0D-4DBF-B658-296D03FD6701,cucim,3381.90,4
36,25.278040,TCGA-AC-A3W6-01Z-00-DX1.88CC534C-F032-4E5D-9CC4-4BB50AA46880,cucim,1819.81,4
36,26.476128,TCGA-A7-A26F-01Z-00-DX1.7ADE881D-325D-48ED-BA2D-30F589CA8EF2,cucim,2987.52,4
36,27.774620,TCGA-AO-A03V-01Z-00-DX1.52EBCB72-0C65-4E67-B9BB-DA15494327DE,cucim,7286.33,4
36,29.169801,TCGA-A7-A3J1-01Z-00-DX1.92895B92-5F95-4EA3-9237-4CAF63CDE3FF,cucim,9287.98,4
36,30.353496,TCGA-AO-A125-01Z-00-DX1.DFC45CE1-5D81-4C2B-9281-60E2F146DDB6,cucim,2440.15,4
36,31.797828,TCGA-AC-A2FG-01Z-00-DX1.0F13DE40-9F7A-42C6-AB3D-02E8521B690A,cucim,12797.80,4
36,33.094632,TCGA-A2-A0T4-01Z-00-DX1.AC61ED08-2E42-4D4A-BB81-746D3FEBB653,cucim,2792.42,4
36,34.518530,TCGA-D8-A27H-01Z-00-DX1.BE9DFDD4-97C5-4327-B1DA-4B34A6F267C5,cucim,4700.42,4
36,36.504104,TCGA-5L-AAT1-01Z-00-DX1.F3449A5B-2AC4-4ED7-BF44-4C8946CDB47D,cucim,1344.31,4
36,37.950506,TCGA-B6-A0RE-01Z-00-DX1.8933BDB4-EF8D-41FA-9A50-05BB3AB976E5,cucim,2682.27,4
36,39.378634,TCGA-C8-A131-01Z-00-DX1.5CB27A29-9951-40B9-B4DB-26A4D2EA89B8,cucim,2735.04,4
36,40.832227,TCGA-C8-A131-01Z-00-DX1.5CB27A29-9951-40B9-B4DB-26A4D2EA89B8,cucim,2121.73,4
36,42.333368,TCGA-D8-A1Y0-01Z-00-DX2.7C25E941-12A6-46CE-B1A5-488D08E35684,cucim,2260.05,4
36,43.582733,TCGA-E2-A1IK-01Z-00-DX1.25C554BB-AA90-4FF4-9D68-EEC899B8A27D,cucim,5686.75,4
36,44.839760,TCGA-GM-A2DI-01Z-00-DX1.5E9715EA-9D2B-49D0-8F1D-972CF24B1960,cucim,3856.95,4
36,46.598780,TCGA-PL-A8LY-01A-02-DX2.6F9520F1-3210-4A96-81C2-A14424F650D1,cucim,3906.96,4
36,48.400044,TCGA-A2-A1FX-01Z-00-DX1.35B93F3A-9959-4D72-A702-08B27563D24F,cucim,3305.91,4
36,49.763696,TCGA-A2-A0CR-01Z-00-DX1.F7D36CA5-A4C6-443A-AEED-5B23CD924FA3,cucim,2552.61,4
36,51.164288,TCGA-BH-A0E1-01Z-00-DX1.257EB36A-1008-4890-927B-204EF05DBE90,cucim,5377.75,4
36,52.454593,TCGA-D8-A27N-01Z-00-DX2.EB803DEC-438B-43A9-B906-FD7C3B9A0138,cucim,2539.77,4
36,53.763236,TCGA-WT-AB44-01Z-00-DX1.B6ECEA7C-DA26-4B34-88CE-6834631DFA35,cucim,3478.78,4
36,55.184999,TCGA-D8-A1XS-01Z-00-DX1.E5C78E5A-947C-499D-9E95-619FEEC63E69,cucim,6456.43,4
36,56.318056,TCGA-B6-A2IU-01Z-00-DX1.3C7DF701-4ED9-4989-AA63-A6B7B105F6EE,cucim,5757.17,4
36,57.418989,TCGA-OK-A5Q2-01Z-00-DX4.83B45D6C-E350-4436-812F-4155D9F7D331,cucim,1632.17,4
36,58.537148,TCGA-A2-A0CP-01Z-00-DX1.ECFD263C-BB17-4ADA-8F2C-654C2AA4C45F,cucim,2466.49,4
36,59.803880,TCGA-AC-A2BK-01Z-00-DX1.A3A1F275-9CDC-48BA-BB81-BCA6F02ACA94,cucim,3748.30,4
36,61.122948,TCGA-AR-A1AO-01Z-00-DX1.244DEE5B-0896-452F-A14D-E290260A9D8F,cucim,1261.06,4
36,62.311179,TCGA-E2-A1L9-01Z-00-DX1.F2CC1036-8EEE-4664-962E-541B8ACB10DE,cucim,1450.96,4
36,63.390954,TCGA-GI-A2C9-01Z-00-DX1.90181423-51ED-41FE-9B8F-973A67793D4F,cucim,1647.66,4
36,64.531192,TCGA-B6-A0X0-01Z-00-DX1.5D67D9D5-C2F0-40BE-A661-E25B6A6287A2,cucim,3262.60,4
36,65.596349,TCGA-E9-A3QA-01Z-00-DX1.9D664AF3-9ABD-4EED-B826-4C4FBFC33F3E,cucim,2592.96,4
36,66.640832,TCGA-A2-A04Q-01Z-00-DX1.DF7ED6B6-7701-486D-9007-F26B6F0682C4,cucim,3792.07,4
36,67.735866,TCGA-A1-A0SP-01Z-00-DX1.20D689C6-EFA5-4694-BE76-24475A89ACC0,cucim,1970.75,4
36,68.795014,TCGA-A8-A09I-01Z-00-DX1.B738E479-8766-4766-B012-B32AC2F27533,cucim,1752.10,4
36,69.916731,TCGA-BH-A0BT-01Z-00-DX1.9087B9E7-C0CD-4179-AF57-AD9255785169,cucim,1153.94,4
37,11.618032,TCGA-BH-A18Q-01Z-00-DX1.E89E49C7-D62A-4408-A3D9-19E79FCB249E,cucim,4479.08,4
37,13.080961,TCGA-E9-A1NH-01Z-00-DX1.20FF11B7-DAF0-41C2-B7C5-449BA5268EC0,cucim,3052.70,4
37,14.577661,TCGA-B6-A0IJ-01Z-00-DX1.BF2E062F-06DA-4CA8-86C4-36674C035CAA,cucim,4694.08,4
37,16.063166,TCGA-BH-A42T-01Z-00-DX1.6E4609B9-BE7E-4CA9-A1C0-A77A7DEFBB2B,cucim,3708.18,4
37,17.491560,TCGA-E2-A15R-01Z-00-DX1.B58D2D9D-05EE-4D66-8DC0-9E5C6AD2E3D3,cucim,2500.62,4
37,18.874416,TCGA-C8-A12L-01Z-00-DX1.01863BE4-F4AB-45DE-894A-46544777C519,cucim,2802.82,4
37,20.648944,TCGA-OL-A5S0-01Z-00-DX1.49A7AC9D-C186-406C-BA67-2D73DE82E13B,cucim,5553.69,4
37,22.289778,TCGA-B6-A0WT-01Z-00-DX1.7ED21DA2-A3D8-4DCA-9742-963879A658D8,cucim,16552.73,4
37,23.623514,TCGA-E2-A1LK-01Z-00-DX1.5EBAA1F4-F1B4-4938-A51F-0246621BB0ED,cucim,2391.70,4
37,24.808342,TCGA-A2-A0T7-01Z-00-DX1.EA4DF9B5-8D04-4BCC-9ECB-CB8CB8ACBE1C,cucim,2845.46,4
37,26.116496,TCGA-BH-A0C3-01Z-00-DX1.14D3210D-0CBE-4DCA-A986-A26AE5382502,cucim,5881.00,4
37,27.385180,TCGA-AC-A62Y-01Z-00-DX1.5075F4DA-488C-40AD-BD73-6DE8953E1864,cucim,4486.28,4
37,28.742395,TCGA-E2-A14T-01Z-00-DX1.61B4C988-6D75-447B-A5F4-9DE92CEACC9F,cucim,2598.88,4
37,30.212662,TCGA-D8-A1JM-01Z-00-DX1.3CD15BC8-08B3-4BEE-9FD7-A8BEED33268E,cucim,3656.78,4
37,31.807609,TCGA-A8-A09T-01Z-00-DX1.4183BBA4-AF11-4602-9EC2-35083C34A393,cucim,2621.06,4
37,33.236835,TCGA-BH-A0HQ-01Z-00-DX1.0921FCEF-20A2-4D4B-A198-91AF9F6C814C,cucim,1643.02,4
37,34.713909,TCGA-AN-A0FN-01Z-00-DX1.CAA3C2D0-7E74-48E5-ACB7-487434C7AAD2,cucim,4239.79,4
37,36.035479,TCGA-E2-A1LB-01Z-00-DX1.B4AFDB08-BA09-4F6E-806E-4054B790AB8E,cucim,2023.27,4
37,37.499653,TCGA-AR-A252-01Z-00-DX1.2E7EE069-A0B8-489B-A2F0-3175FB58F468,cucim,3007.02,4
37,38.772991,TCGA-E2-A1LS-01Z-00-DX1.9a43a58a-df40-4375-8456-ef0071bc9eb9,cucim,6144.12,4
37,39.976243,TCGA-D8-A1JE-01Z-00-DX1.714805A1-E337-46DA-88D9-6CE4B4E3C2D0,cucim,3529.23,4
37,41.129546,TCGA-C8-A131-01Z-00-DX1.5CB27A29-9951-40B9-B4DB-26A4D2EA89B8,cucim,6472.54,4
37,42.413516,TCGA-D8-A146-01Z-00-DX1.D93FB315-E5D7-49BA-8380-38B16B70361B,cucim,3214.64,4
37,43.783420,TCGA-GI-A2C9-01Z-00-DX1.90181423-51ED-41FE-9B8F-973A67793D4F,cucim,1295.37,4
37,45.124112,TCGA-D8-A1X7-01Z-00-DX2.F0631B8C-EB75-4995-8ED7-1A8972BE8997,cucim,4852.53,4
37,46.457241,TCGA-EW-A1P3-01Z-00-DX1.EF69B964-57D6-4F8E-A183-A3022AF6E835,cucim,2976.90,4
37,47.780335,TCGA-A7-A26G-01Z-00-DX1.29A27673-A16D-4044-BCCF-14BF6236D7D3,cucim,2127.77,4
37,49.724259,TCGA-D8-A1XJ-01Z-00-DX1.660DDF8D-6816-4EBE-AF37-6F7A374F4E9E,cucim,1931.28,4
37,51.204931,TCGA-AN-A0G0-01Z-00-DX1.BE0BB5DF-DEDA-48D8-B5D8-2735C767F28F,cucim,3905.33,4
37,52.606439,TCGA-LL-A440-01Z-00-DX1.6E031FD6-236C-49FA-B920-4CB120C59037,cucim,5980.80,4
37,54.032383,TCGA-E9-A22D-01Z-00-DX1.b2867437-0add-4b7d-8002-fb09ed961942,cucim,2845.39,4
37,55.630333,TCGA-B6-A0X1-01Z-00-DX1.2A41630E-A8BF-4966-99F5-D5D8036B1759,cucim,8173.41,4
37,56.849345,TCGA-A2-A0T3-01Z-00-DX1.5E96BC87-F4FB-4ABA-8D81-FAB7F4A80661,cucim,3680.81,4
37,58.111552,TCGA-A2-A04P-01Z-00-DX1.5B481E02-D269-4732-8FDD-6494E6EE2B71,cucim,2119.99,4
37,59.416336,TCGA-E9-A22D-01Z-00-DX1.b2867437-0add-4b7d-8002-fb09ed961942,cucim,1296.06,4
37,60.756221,TCGA-AN-A046-01Z-00-DX1.C529B94F-AFE3-4701-BC98-5D6EDF7B82C0,cucim,2527.65,4
37,62.176429,TCGA-A2-A0T4-01Z-00-DX1.AC61ED08-2E42-4D4A-BB81-746D3FEBB653,cucim,3321.31,4
37,63.515446,TCGA-A8-A07P-01Z-00-DX1.2C7C75EF-EEE2-4A42-994C-A1A40850C87A,cucim,3308.11,4
37,64.744526,TCGA-D8-A73X-01Z-00-DX1.5F0DF75C-594C-42DF-BE3F-E00E5E01DCD6,cucim,1636.83,4
37,66.031447,TCGA-A1-A0SD-01Z-00-DX1.DB17BFA9-D951-42A8-91D2-F4C2EBC6EB9F,cucim,4160.84,4
37,67.421568,TCGA-AO-A0JI-01Z-00-DX1.4DCDA545-B7E3-49DF-AB10-963E84BEB105,cucim,2252.72,4
37,68.910224,TCGA-A7-A13H-01Z-00-DX2.6C937651-4D3E-475D-99F6-4A9FD25CD48B,cucim,3113.78,4
38,11.291316,TCGA-A8-A07E-01Z-00-DX1.AC684481-979A-46F9-91D7-C56CE85992F2,cucim,4169.01,4
38,12.526680,TCGA-AR-A0U3-01Z-00-DX1.9BB87F9D-459F-4A18-B591-29822EA5AE18,cucim,1435.21,4
38,13.858566,TCGA-AO-A03R-01Z-00-DX1.DC317201-7F22-4C4A-86A5-ED82C37757C8,cucim,9650.87,4
38,15.002051,TCGA-PL-A8LV-01A-02-DX2.346FF42B-2363-4B37-8884-12D5F841842C,cucim,1624.01,4
38,16.289108,TCGA-PL-A8LV-01A-02-DX2.346FF42B-2363-4B37-8884-12D5F841842C,cucim,6842.40,4
38,17.766644,TCGA-C8-A1HI-01Z-00-DX1.C6D0F8B8-55ED-477F-BAF7-AA05D0449CC8,cucim,1560.21,4
38,19.239054,TCGA-C8-A1HI-01Z-00-DX1.C6D0F8B8-55ED-477F-BAF7-AA05D0449CC8,cucim,1082.14,4
38,20.546335,TCGA-BH-A0BF-01Z-00-DX1.934DF984-9054-4B20-B85B-9CF94B8DC3D4,cucim,7155.42,4
38,22.108409,TCGA-AC-A6IV-01Z-00-DX1.DA4F4B9F-9070-4B3A-996F-311E0A989FFB,cucim,7326.81,4
38,23.476203,TCGA-BH-A0H3-01Z-00-DX1.C6D4DFB9-A4FA-40B2-90EF-75294CBC4523,cucim,1881.54,4
38,24.776753,TCGA-E9-A1RC-01Z-00-DX1.8e1008da-b17b-4096-a070-f536fe8ce52d,cucim,1878.79,4
38,26.058354,TCGA-B6-A0RI-01Z-00-DX1.E39951A4-AC6A-4B07-851B-F35CB86D79AA,cucim,3273.98,4
38,27.279852,TCGA-BH-A0DL-01Z-00-DX1.553F0021-1FC2-4675-810D-BBD9785D065E,cucim,2520.34,4
38,28.629023,TCGA-B6-A0I5-01Z-00-DX1.47A30509-4BA0-4BA5-AD9B-F2C2DB701159,cucim,3914.83,4
38,29.878956,TCGA-E2-A1IL-01Z-00-DX1.46B6AA99-C7CE-4573-B15D-2C56A708B082,cucim,4216.63,4
38,30.957876,TCGA-E2-A154-01Z-00-DX1.01FC9B1A-8ECD-4467-9EDD-0B02E4AEEF72,cucim,1866.38,4
38,32.056550,TCGA-BH-A42T-01Z-00-DX1.6E4609B9-BE7E-4CA9-A1C0-A77A7DEFBB2B,cucim,2567.82,4
38,33.431543,TCGA-LL-A6FR-01Z-00-DX1.107010FD-8EDD-406D-B4DE-DEC9E85576FF,cucim,1766.46,4
38,34.783186,TCGA-E2-A1LI-01Z-00-DX1.503dd2fa-23ef-4b11-8aab-301e069eaa88,cucim,1971.74,4
38,36.191263,TCGA-JL-A3YW-01Z-00-DX1.827C5C53-9C30-4307-802A-5A7896828A7F,cucim,1768.13,4
38,38.295629,TCGA-EW-A1J5-01Z-00-DX1.FFE303B1-7F36-4276-B931-C2A6B2CBD1F2,cucim,1690.42,4
38,39.736059,TCGA-A7-A26I-01Z-00-DX1.0077D012-BC14-4E96-84F7-A1A6A3A778DF,cucim,2557.04,4
38,41.306781,TCGA-E9-A248-01Z-00-DX1.C991932F-39D4-4F2C-91C3-CE12B5BAEDB1,cucim,7238.20,4
38,42.892591,TCGA-A2-A0YJ-01Z-00-DX1.8135C74E-DAA8-4C8E-AF14-A4B5B57695BE,cucim,7182.69,4
38,44.378588,TCGA-E9-A243-01Z-00-DX1.9A3B34E5-25EF-4243-8680-FABF2F1CCDA9,cucim,5525.48,4
38,45.676246,TCGA-EW-A2FS-01Z-00-DX1.A01C9183-2AC8-456A-B5A6-85C5BB0361D8,cucim,2630.13,4
38,46.842315,TCGA-B6-A0X4-01Z-00-DX1.4B7914DE-3436-4D69-9BC6-F6419D3CC518,cucim,1323.60,4
38,48.171990,TCGA-A2-A0YK-01Z-00-DX1.FB23FC30-B3B2-452A-A6B0-94129B333207,cucim,2548.98,4
38,49.669527,TCGA-EW-A2FS-01Z-00-DX1.A01C9183-2AC8-456A-B5A6-85C5BB0361D8,cucim,1243.34,4
38,50.898260,TCGA-BH-A0DD-01Z-00-DX1.2242DD1F-0B7C-4B43-A7A9-8130D2BDEE78,cucim,1606.76,4
38,52.204371,TCGA-A8-A08I-01Z-00-DX1.96A0065E-5430-40F6-835E-1A7238A79DDA,cucim,3109.31,4
38,53.520288,TCGA-D8-A1JL-01Z-00-DX1.FE3F0C6B-F98A-4036-BF9A-25A8CC66B1FD,cucim,3463.06,4
38,54.774813,TCGA-BH-A0HQ-01Z-00-DX1.0921FCEF-20A2-4D4B-A198-91AF9F6C814C,cucim,2834.56,4
38,56.096941,TCGA-AR-A5QP-01Z-00-DX1.256FDB13-1F81-42DA-AF6E-8A94835550C1,cucim,2108.17,4
38,57.306600,TCGA-D8-A27K-01Z-00-DX1.25AF7928-046B-45BF-BAD6-F34156203F5A,cucim,2456.49,4
38,58.414119,TCGA-D8-A1XA-01Z-00-DX1.36A807F0-2D35-4CE3-8A27-CC59181B1A3D,cucim,1776.85,4
38,59.572440,TCGA-A7-A4SE-01Z-00-DX1.16BC8401-E40E-4A1A-9BD9-12735C9AE3F6,cucim,4259.29,4
38,60.777340,TCGA-A7-A5ZX-01Z-00-DX1.A4C651F0-DB8E-4534-84A2-AD875F62209F,cucim,4936.08,4
38,61.863615,TCGA-A2-A3XV-01Z-00-DX1.4B58B7CD-B3F6-4C31-863F-924D291EF17C,cucim,2653.03,4
38,63.129013,TCGA-AR-A0TV-01Z-00-DX1.29AE9996-E73A-41F8-BCC9-23DEDCA5A7AC,cucim,1313.72,4
38,64.342000,TCGA-AO-A12E-01Z-00-DX1.F2797928-26EC-4B28-BC50-432EB380624B,cucim,2083.17,4
38,65.542915,TCGA-AO-A12E-01Z-00-DX1.F2797928-26EC-4B28-BC50-432EB380624B,cucim,1791.99,4
38,66.850248,TCGA-LL-A441-01Z-00-DX1.33B13078-BB14-4C42-88A6-7460AD2BCD00,cucim,3710.81,4
38,68.016263,TCGA-OL-A5D8-01Z-00-DX1.C0A75731-1DDC-4FAF-A2C5-2E2ECB23DC13,cucim,1984.37,4
38,69.143626,TCGA-A2-A1G4-01Z-00-DX1.0274DF5B-5920-419A-B778-2F04D9C602F2,cucim,2123.22,4
39,11.156735,TCGA-A8-A09Z-01Z-00-DX1.D56497BE-5099-4537-9600-60F3213F7BF5,cucim,1570.10,4
39,12.418416,TCGA-D8-A1XZ-01Z-00-DX1.8E51A61D-B01C-4A52-8F5D-44D2ABCA46FC,cucim,2635.62,4
39,13.662151,TCGA-B6-A0RL-01Z-00-DX1.B5B6709B-5F38-4561-A0E7-C78F97B33F22,cucim,1432.41,4
39,14.918127,TCGA-E2-A1BD-01Z-00-DX1.A2AFF7AD-ED47-43E4-87FE-62882BAEB8DA,cucim,3346.95,4
39,16.311319,TCGA-A8-A0AB-01Z-00-DX1.103ED338-A0F9-403B-A10C-49840BD60EB8,cucim,5551.20,4
39,17.601796,TCGA-A2-A0EY-01Z-00-DX1.2F2428B3-0767-48E0-AC22-443C244CBD16,cucim,2352.55,4
39,18.836285,TCGA-AR-A0TY-01Z-00-DX1.089EB6B4-9921-441D-84F3-C64C97AFC3B4,cucim,2152.14,4
39,20.064757,TCGA-S3-AA12-01Z-00-DX2.4F0A4F18-41C7-4497-A7B8-5DCE610E08AD,cucim,1922.52,4
39,21.339684,TCGA-AN-A0AT-01Z-00-DX1.DFD68CD2-C25E-47BE-BC06-8CE3C657B9FD,cucim,3937.64,4
39,22.840860,TCGA-E9-A229-01Z-00-DX1.5B448B88-DA0C-44FF-87B3-20649A4A26FE,cucim,1717.33,4
39,24.192202,TCGA-BH-A0HF-01Z-00-DX1.1EB2F7CE-54F4-4E41-A3CF-78209770B7CE,cucim,1822.90,4
39,25.675710,TCGA-S3-AA15-01Z-00-DX2.915A4F90-25CB-4535-99C7-D0D0CFC90412,cucim,2874.84,4
39,27.016092,TCGA-A2-A04X-01Z-00-DX1.E01A4522-67B3-4FEF-BD6B-99DFED9E7C85,cucim,1550.65,4
39,28.831515,TCGA-D8-A27N-01Z-00-DX1.85613A4F-1FFB-4091-B925-8E8A7C7A6D95,cucim,5445.15,4
39,30.513493,TCGA-PL-A8LY-01A-02-DX2.6F9520F1-3210-4A96-81C2-A14424F650D1,cucim,10776.45,4
39,31.828026,TCGA-BH-A1EW-01Z-00-DX1.A6A5F9C5-FB97-4DA3-A1EA-1F84BC006681,cucim,1862.43,4
39,33.380316,TCGA-AC-A62V-01Z-00-DX1.2D8994FD-58B8-43C1-B99D-AA964E7DFD60,cucim,7862.41,4
39,34.977472,TCGA-BH-A18F-01Z-00-DX1.81A81589-2D77-4CD6-BD34-76E292AA031D,cucim,1251.83,4
39,36.510073,TCGA-D8-A1XQ-01Z-00-DX1.1A17A5C7-F14B-4AD2-AD5F-D3400D86A366,cucim,2520.63,4
39,37.815895,TCGA-PL-A8LV-01A-01-DX1.88F3D934-96C2-4652-9450-90F2E302FF6D,cucim,1650.53,4
39,39.064587,TCGA-A2-A0EV-01Z-00-DX1.EA8C5594-BA4F-47A8-949B-D536E00E62C9,cucim,2782.62,4
39,40.467491,TCGA-BH-A0E2-01Z-00-DX1.5F6FA19C-D59F-45BE-80CE-F738CAB1EF0B,cucim,2941.22,4
39,41.793325,TCGA-BH-A0EE-01Z-00-DX1.872EA586-25C8-4835-A138-152DFA1EBF30,cucim,1926.55,4
39,43.197356,TCGA-C8-A26Z-01Z-00-DX1.1A15D951-F3BD-4024-91DD-E7633C09A837,cucim,8456.11,4
39,44.583316,TCGA-BH-A1FU-01Z-00-DX1.3D195750-8C9E-48C6-92EC-44AC6AB56267,cucim,3433.10,4
39,45.963107,TCGA-A8-A08B-01Z-00-DX1.416316FD-E8BF-402C-939A-08920F08A181,cucim,5794.48,4
39,47.300049,TCGA-EW-A424-01Z-00-DX1.662894F0-31FE-494B-9A9E-7C369AE23D27,cucim,3439.99,4
39,48.596881,TCGA-A7-A6VW-01Z-00-DX1.1BC4790C-DB45-4A3D-9C97-92C92C03FF60,cucim,5884.53,4
39,49.775549,TCGA-D8-A1Y2-01Z-00-DX1.77451A0F-00FD-44A9-A0D0-CB7A39CE74CC,cucim,6544.13,4
39,50.918128,TCGA-E9-A1N9-01Z-00-DX1.982C83A6-0E06-47B3-A7C7-1773A2CD1771,cucim,1870.88,4
39,52.085395,TCGA-A2-A3XU-01Z-00-DX1.174A92D4-50B2-4A59-AD31-D5EC5BBF2F65,cucim,2062.46,4
39,53.284484,TCGA-S3-AA0Z-01Z-00-DX1.4D96156A-4067-41F2-90B8-41EF7ED794CF,cucim,2434.10,4
39,54.826451,TCGA-B6-A1KF-01Z-00-DX1.2E08E830-4216-4CD0-9646-1F489300E11D,cucim,2591.74,4
39,56.163660,TCGA-BH-A1EN-01Z-00-DX1.F535657F-E2FA-4283-87AE-7DAB663B196B,cucim,2304.42,4
39,57.609370,TCGA-D8-A73W-01Z-00-DX2.EBBBBA5A-AB7C-49EC-9F7F-14248C928F3A,cucim,2882.45,4
39,58.739368,TCGA-EW-A1PA-01Z-00-DX1.03B033F8-62C0-49E1-BDEA-C5217AB3460A,cucim,3350.55,4
39,59.858246,TCGA-D8-A1Y1-01Z-00-DX1.477390C8-2141-4ADD-813E-25220D2A71FC,cucim,1906.31,4
39,61.019391,TCGA-E9-A22G-01Z-00-DX1.2b47e321-7910-40ec-ad1c-c4e08ed26334,cucim,3690.72,4
39,62.048265,TCGA-LL-A9Q3-01Z-00-DX1.94FA76F5-008A-401B-BFDC-817804BAE5F6,cucim,1502.77,4
39,63.080079,TCGA-E2-A15L-01Z-00-DX1.626032DC-D396-48E7-B888-DFEBCF7102FF,cucim,5600.66,4
39,64.058848,TCGA-BH-A18U-01Z-00-DX1.63940315-59BC-462B-87A8-2BBB33C9503E,cucim,2361.77,4
39,65.052857,TCGA-D8-A140-01Z-00-DX1.5B9382C0-332C-4FBF-82CD-B9453D02B815,cucim,1645.05,4
39,66.116339,TCGA-A8-A09Z-01Z-00-DX1.D56497BE-5099-4537-9600-60F3213F7BF5,cucim,2534.88,4
39,67.148821,TCGA-5T-A9QA-01Z-00-DX1.B4212117-E0A7-4EF2-B324-8396042ACEC1,cucim,2121.80,4
39,68.254796,TCGA-AN-A0AK-01Z-00-DX1.4B410152-8588-4000-870A-B31B21161015,cucim,1533.11,4
39,69.384053,TCGA-A2-A1G6-01Z-00-DX1.BCC3EC46-CEBF-4B37-BCF0-266D18170B54,cucim,5911.55,4
40,11.282947,TCGA-A8-A06P-01Z-00-DX1.37660D0F-1595-43C5-9D30-58D6CB93B52C,cucim,6934.92,4
40,12.493444,TCGA-A8-A06Q-01Z-00-DX1.622AC6E4-DB1A-4C8D-8185-52D4FD1F30B4,cucim,3149.78,4
40,13.705060,TCGA-AR-A2LL-01Z-00-DX1.F0AF890C-2B34-4758-A929-58AAFF593EC5,cucim,6530.40,4
40,15.018128,TCGA-A8-A075-01Z-00-DX1.8E06AF51-951F-48E8-934E-42A455F65E5F,cucim,10566.12,4
40,16.214835,TCGA-A2-A3KC-01Z-00-DX1.2532878B-49E2-48D5-82D5-00730C90EEF8,cucim,1663.50,4
40,17.464258,TCGA-AC-A3BB-01Z-00-DX1.CE889249-2A5E-44DA-B04E-746BE82CD805,cucim,4089.69,4
40,18.732114,TCGA-E2-A1B1-01Z-00-DX1.7C8DF153-B09B-44C7-87B8-14591E319354,cucim,1174.76,4
40,20.024484,TCGA-D8-A1J9-01Z-00-DX2.E1C59487-9563-4501-845F-2067A0C5C59B,cucim,4632.84,4
40,21.302328,TCGA-AC-A2FF-01Z-00-DX1.012DAC86-E05C-44FA-81C2-FE4C754F409C,cucim,7132.75,4
40,22.612601,TCGA-E9-A5UP-01Z-00-DX1.135466CC-601C-48B2-935D-42F8D7C4CDF7,cucim,3131.86,4
40,24.225241,TCGA-E9-A5UP-01Z-00-DX1.135466CC-601C-48B2-935D-42F8D7C4CDF7,cucim,5621.82,4
40,25.719398,TCGA-A7-A6VV-01Z-00-DX2.4C2BF8C1-CC84-4A6E-BC0F-430BC8BE6B26,cucim,835.50,4
40,27.405616,TCGA-OL-A5RZ-01Z-00-DX1.6394C05E-1C34-4F4B-8859-F5E961E7EFF9,cucim,5135.17,4
40,29.018147,TCGA-AO-A1KO-01Z-00-DX1.EEB5E0A0-92B2-42CD-9F7A-00E9250B561F,cucim,6925.84,4
40,30.432727,TCGA-GM-A2DM-01Z-00-DX1.652038F4-C370-40EB-A545-51062783C74C,cucim,2219.02,4
40,31.751243,TCGA-A8-A08G-01Z-00-DX1.C3BB7FEC-91B7-4B45-8DFC-36CABCC0FD57,cucim,2091.94,4
40,33.085172,TCGA-A8-A08P-01Z-00-DX1.431A1290-9CF4-4CE7-A9F0-13F9ADA46ADA,cucim,4354.53,4
40,34.312960,TCGA-A2-A0EN-01Z-00-DX1.F43A5D17-9267-4963-993A-93AC91BDC031,cucim,988.93,4
40,35.667380,TCGA-AR-A250-01Z-00-DX1.572A2F73-6BF5-4932-BFEF-4B8904755ACF,cucim,3987.15,4
40,36.934506,TCGA-A7-A0DB-01Z-00-DX2.6C6A5F9C-294F-4A86-A0F1-B68D4729B535,cucim,2259.43,4
40,38.333245,TCGA-C8-A27B-01Z-00-DX1.5A8A14E8-6430-4147-9C71-805024E098CB,cucim,1945.86,4
40,39.687984,TCGA-BH-A0DS-01Z-00-DX1.38E82A1F-21B9-4B97-A304-15B886EA68A0,cucim,1239.98,4
40,41.023907,TCGA-E2-A14R-01Z-00-DX1.DDE62ED5-1FC0-4B3B-A874-95C08B33AB20,cucim,4200.58,4
40,42.391143,TCGA-D8-A1XR-01Z-00-DX1.7F443346-C564-47B6-9736-6944230CAF46,cucim,4733.72,4
40,43.822921,TCGA-B6-A0RV-01Z-00-DX1.C46C2937-868D-47B7-B9B9-E51F5433BE97,cucim,1676.78,4
40,44.913024,TCGA-AR-A2LE-01Z-00-DX1.E8E1FC5C-9A4A-463F-81D7-E9A8AF43EAD9,cucim,2757.63,4
40,46.077465,TCGA-AC-A8OS-01Z-00-DX1.3FD44846-8BD2-4A7A-9A87-8D3D29C25F60,cucim,4258.92,4
40,47.282888,TCGA-E2-A14O-01Z-00-DX1.432DB252-35D4-4B02-B0A7-39BF85A38F89,cucim,1773.18,4
40,48.559545,TCGA-A1-A0SF-01Z-00-DX1.7F252D89-EA78-419F-A969-1B7313D77499,cucim,1849.82,4
40,49.750478,TCGA-A7-A0DB-01Z-00-DX2.6C6A5F9C-294F-4A86-A0F1-B68D4729B535,cucim,2214.15,4
40,51.050531,TCGA-AN-A0AL-01Z-00-DX1.D9E446A3-175F-4242-AFC1-78FFE3FC9AC4,cucim,3242.93,4
40,52.150593,TCGA-BH-A0H6-01Z-00-DX1.0CF7253A-B42C-4778-B1C6-17EC78A039ED,cucim,4023.39,4
40,53.385289,TCGA-BH-A0HB-01Z-00-DX1.F90F7139-B804-4548-9FAF-9B475BF225EB,cucim,1574.11,4
40,54.583343,TCGA-A2-A259-01Z-00-DX1.7289CD72-CB74-41D4-B4AC-4EA5FDFEC666,cucim,2541.56,4
40,55.848967,TCGA-AR-A0U4-01Z-00-DX1.DE722DC5-859D-4866-ADCC-ED98EDBFB588,cucim,2529.85,4
40,57.044023,TCGA-D8-A1XR-01Z-00-DX2.A103FB8B-4397-4DD4-8587-90A736407484,cucim,2051.08,4
40,58.109078,TCGA-A7-A6VV-01Z-00-DX2.4C2BF8C1-CC84-4A6E-BC0F-430BC8BE6B26,cucim,2269.17,4
40,59.145100,TCGA-HN-A2NL-01Z-00-DX1.C2EAF378-4B37-4C1C-BB0F-18FAC62EEC13,cucim,2644.37,4
40,60.108121,TCGA-EW-A1J3-01Z-00-DX1.F736F6F4-0859-439A-A417-98B520C8D65A,cucim,3696.78,4
40,61.139494,TCGA-AO-A0JF-01Z-00-DX1.3277D13C-F257-4D4C-AB5C-BEBA2E1A63D8,cucim,2441.47,4
40,62.140886,TCGA-BH-A0DG-01Z-00-DX1.D3C4F57F-608F-46AA-A978-B558117C9DFB,cucim,3227.64,4
40,63.160906,TCGA-AC-A3TM-01Z-00-DX1.4421EE37-A2CC-4638-AC44-9C26CB09FDC1,cucim,3391.06,4
40,64.114718,TCGA-AN-A0XU-01Z-00-DX1.6B0DD0FF-A20D-4BA2-8D48-FC357BA5313F,cucim,1573.55,4
40,65.261529,TCGA-A2-A25B-01Z-00-DX1.58D7BEDE-5558-4A9E-A95E-DDF24C9267EF,cucim,3043.18,4
40,66.418848,TCGA-S3-AA14-01Z-00-DX1.000A865F-19E6-4018-9352-BFA54EF0CE31,cucim,1248.34,4
40,67.406639,TCGA-C8-A1HN-01Z-00-DX1.7EBBEAB1-EBB7-456F-8848-AFE2263242B7,cucim,1228.15,4
40,68.434520,TCGA-D8-A27I-01Z-00-DX1.ACAE0048-7AF0-41C9-992B-6ACDABF80B1C,cucim,1676.48,4
40,69.346447,TCGA-OK-A5Q2-01Z-00-DX3.5F9215C3-E407-46F8-968E-503D7D14605C,cucim,3308.66,4
41,11.175041,TCGA-A7-A0DA-01Z-00-DX1.5F087009-16E9-4A07-BA24-62340E108B17,cucim,2408.07,4
41,12.357775,TCGA-D8-A1J9-01Z-00-DX1.F81FA9EF-8129-4E17-A9AD-2B850782CC18,cucim,1747.56,4
41,13.435112,TCGA-OL-A5D7-01Z-00-DX1.A4A45393-9AE1-4370-8B92-CB85CDB04934,cucim,2600.87,4
41,14.701283,TCGA-OL-A5RZ-01Z-00-DX1.6394C05E-1C34-4F4B-8859-F5E961E7EFF9,cucim,9756.80,4
41,15.940073,TCGA-OL-A5D7-01Z-00-DX1.A4A45393-9AE1-4370-8B92-CB85CDB04934,cucim,2395.64,4
41,17.300597,TCGA-A2-A0CV-01Z-00-DX1.B02D017A-61CD-45FE-BB31-705CD127DDAB,cucim,2306.29,4
41,18.763695,TCGA-A7-A3RF-01Z-00-DX1.E60647BC-229D-4409-A564-EE0945F912EE,cucim,2307.25,4
41,20.161879,TCGA-A8-A0A9-01Z-00-DX1.16524DDD-539D-4E47-9A8F-1B910D4FEC2D,cucim,4426.35,4
41,21.652061,TCGA-OK-A5Q2-01Z-00-DX4.83B45D6C-E350-4436-812F-4155D9F7D331,cucim,1703.66,4
41,22.979451,TCGA-E2-A1L6-01Z-00-DX1.AFE87067-2BFD-42C2-9334-9DDE8AB61B49,cucim,5001.42,4
41,24.379679,TCGA-AC-A3YI-01Z-00-DX1.321C0A32-ABF9-48ED-8071-C6B1774E9F7B,cucim,5554.30,4
41,25.740990,TCGA-BH-A0DL-01Z-00-DX1.553F0021-1FC2-4675-810D-BBD9785D065E,cucim,4904.32,4
41,27.109789,TCGA-A2-A0T1-01Z-00-DX1.CD1E9C46-18A3-466B-AA0B-24F3055FA851,cucim,1816.27,4
41,28.353487,TCGA-C8-A1HG-01Z-00-DX1.F2AB6D0F-4D6B-491F-915B-92E838E79D67,cucim,5860.94,4
41,29.554525,TCGA-AN-A0AK-01Z-00-DX1.4B410152-8588-4000-870A-B31B21161015,cucim,2689.68,4
41,30.827915,TCGA-AC-A2QI-01Z-00-DX1.977549F4-D866-4465-85FB-5C916282A488,cucim,1493.25,4
41,32.125651,TCGA-EW-A1P7-01Z-00-DX1.97575C9F-C318-45A5-A4B7-1A902B93FA3F,cucim,3698.26,4
41,33.426586,TCGA-A7-A4SD-01Z-00-DX1.677152B3-17B2-42DB-AEEC-C9509ACCE831,cucim,3161.31,4
41,34.686329,TCGA-A7-A4SD-01Z-00-DX1.677152B3-17B2-42DB-AEEC-C9509ACCE831,cucim,9919.61,4
41,35.941254,TCGA-A8-A097-01Z-00-DX1.4D06990E-E759-40F0-9106-59408CF350E5,cucim,3590.08,4
41,37.187492,TCGA-A8-A097-01Z-00-DX1.4D06990E-E759-40F0-9106-59408CF350E5,cucim,3783.24,4
41,38.402106,TCGA-AO-A12F-01Z-00-DX1.847C8E4F-3F37-4B1D-8E6E-ACD14391AD89,cucim,4875.42,4
41,39.994124,TCGA-A1-A0SP-01Z-00-DX1.20D689C6-EFA5-4694-BE76-24475A89ACC0,cucim,1758.93,4
41,41.166790,TCGA-D8-A1XZ-01Z-00-DX1.8E51A61D-B01C-4A52-8F5D-44D2ABCA46FC,cucim,1344.23,4
41,42.282554,TCGA-E2-A105-01Z-00-DX1.192813F9-2D7B-40C7-88D9-BFA939D43FEE,cucim,3465.51,4
41,43.462955,TCGA-MS-A51U-01Z-00-DX1.490DE85A-ECE5-4E2A-9657-841BE6FFCCA0,cucim,1913.29,4
41,44.595189,TCGA-AR-A24U-01Z-00-DX1.220FD0D0-0DB6-4E3C-92A0-66CD6509F0AD,cucim,2537.96,4
41,45.756630,TCGA-B6-A0RH-01Z-00-DX1.33DB5CF9-AC87-435B-A8AF-C4F84BEF15F1,cucim,2508.14,4
41,47.092829,TCGA-AR-A24H-01Z-00-DX1.5CFC7E16-3F38-4531-968C-A4E4C9D00659,cucim,2323.34,4
41,48.384484,TCGA-AN-A0AK-01Z-00-DX1.4B410152-8588-4000-870A-B31B21161015,cucim,1347.70,4
41,49.613045,TCGA-S3-AA12-01Z-00-DX2.4F0A4F18-41C7-4497-A7B8-5DCE610E08AD,cucim,3418.87,4
41,50.681735,TCGA-A2-A3KD-01Z-00-DX1.E400D529-A0D1-4C78-AD5C-33EB0508B128,cucim,1436.79,4
41,51.735621,TCGA-E9-A22E-01Z-00-DX1.3d5b1ba6-466f-4852-b1fc-bc29ef3be9a2,cucim,1862.41,4
41,52.986794,TCGA-AR-A1AW-01Z-00-DX1.E527CA46-D83F-4055-8C7E-AEFEF13C1E29,cucim,2798.06,4
41,54.114255,TCGA-E9-A22E-01Z-00-DX1.3d5b1ba6-466f-4852-b1fc-bc29ef3be9a2,cucim,1610.14,4
41,55.148634,TCGA-B6-A0WX-01Z-00-DX1.1C4F7BCC-8423-4941-9490-0F35038E1878,cucim,2654.82,4
41,56.270345,TCGA-A8-A08A-01Z-00-DX1.3BB777A0-8652-4483-8DD6-8EB88AB0A8EF,cucim,2445.67,4
41,57.607183,TCGA-AR-A24V-01Z-00-DX1.E749C2FE-E26B-4306-80B4-8269EEB23270,cucim,1418.76,4
41,58.610185,TCGA-AR-A24O-01Z-00-DX1.04EFBAC8-7A4A-4005-890C-5CC3E1C67DBD,cucim,3191.22,4
41,59.646473,TCGA-A7-A0CD-01Z-00-DX1.F045B9C8-049C-41BF-8432-EF89F236D34D,cucim,2956.68,4
41,60.658515,TCGA-A7-A0CD-01Z-00-DX1.F045B9C8-049C-41BF-8432-EF89F236D34D,cucim,1923.42,4
41,61.715866,TCGA-BH-A1EX-01Z-00-DX1.16B6A817-6729-446E-9FCF-A4A333C5295D,cucim,2987.86,4
41,62.649916,TCGA-A8-A083-01Z-00-DX1.AD121BA9-B5FA-4A03-869B-8FE2C5014CE0,cucim,3555.89,4
41,63.685107,TCGA-B6-A1KF-01Z-00-DX1.2E08E830-4216-4CD0-9646-1F489300E11D,cucim,1409.72,4
41,64.629093,TCGA-A8-A08L-01Z-00-DX1.0FC652B1-336D-4198-93FE-58D2214866D3,cucim,3268.17,4
41,65.643738,TCGA-D8-A1XZ-01Z-00-DX1.8E51A61D-B01C-4A52-8F5D-44D2ABCA46FC,cucim,3696.09,4
41,66.650874,TCGA-BH-A1F0-01Z-00-DX1.E1557A67-230A-4337-AEC8-158258A917FF,cucim,1769.93,4
41,67.501793,TCGA-AR-A256-01Z-00-DX1.950D4546-4BF4-4380-9877-51D86A93D755,cucim,1878.07,4
41,68.305458,TCGA-D8-A3Z6-01Z-00-DX1.4076A770-5901-4325-85C3-AF7B192272F5,cucim,3007.45,4
41,69.062495,TCGA-A8-A06P-01Z-00-DX1.37660D0F-1595-43C5-9D30-58D6CB93B52C,cucim,1834.16,4
41,69.924380,TCGA-BH-A0DG-01Z-00-DX1.D3C4F57F-608F-46AA-A978-B558117C9DFB,cucim,1306.41,4
42,11.261857,TCGA-E2-A14O-01Z-00-DX1.432DB252-35D4-4B02-B0A7-39BF85A38F89,cucim,1591.24,4
42,12.485097,TCGA-OL-A6VQ-01Z-00-DX1.E3B81163-0239-47C3-B53F-064405B58685,cucim,1949.44,4
42,13.559967,TCGA-A8-A0AD-01Z-00-DX1.A831FB53-7605-4138-9341-6BBCA284441C,cucim,3345.54,4
42,14.737953,TCGA-D8-A140-01Z-00-DX2.0C0A62BB-1FB8-47D8-8FAF-112D221F18BE,cucim,5097.04,4
42,15.967589,TCGA-A2-A3XW-01Z-00-DX1.45F5F36F-5503-4A38-AF37-E526915A8DBE,cucim,2586.18,4
42,17.245062,TCGA-D8-A142-01Z-00-DX1.F6D58989-9120-40C9-918D-6B1650C1A8E8,cucim,4047.81,4
42,18.475227,TCGA-A7-A0DC-01Z-00-DX2.795FD529-D7C2-407D-9E8A-5DCE1EF49029,cucim,1083.44,4
42,19.670805,TCGA-E2-A159-01Z-00-DX1.C8DC3356-CAE9-4E7A-AEFF-ABB4BE38192B,cucim,4340.66,4
42,20.994793,TCGA-D8-A13Z-01Z-00-DX1.517140BB-D34C-42F8-952C-340EF16D382F,cucim,3732.03,4
42,22.523831,TCGA-AR-A24U-01Z-00-DX1.220FD0D0-0DB6-4E3C-92A0-66CD6509F0AD,cucim,1378.91,4
42,23.931911,TCGA-C8-A1HM-01Z-00-DX1.F93C3F56-3AA6-4D38-B51E-4694CBEA3830,cucim,1110.67,4
42,25.560920,TCGA-EW-A1OZ-01Z-00-DX1.9639BB06-FF02-475F-A89D-773BE12721CC,cucim,2188.84,4
42,26.978894,TCGA-BH-A0HK-01Z-00-DX1.019036F5-647A-4EC4-8479-F2C100291AEF,cucim,1823.45,4
42,28.436776,TCGA-A7-A3J1-01Z-00-DX1.92895B92-5F95-4EA3-9237-4CAF63CDE3FF,cucim,1357.02,4
42,29.831808,TCGA-D8-A1XG-01Z-00-DX1.0A58EF43-B97E-4111-8DC3-2F8D9BDBE7D6,cucim,2886.87,4
42,31.253162,TCGA-AN-A0XW-01Z-00-DX1.811E11E7-FA67-46BB-9BC6-1FD0106B789D,cucim,3663.89,4
42,32.489358,TCGA-EW-A1PC-01Z-00-DX1.45369705-AD49-419F-A0F0-EC51473BBAB9,cucim,2805.94,4
42,33.825382,TCGA-D8-A1XR-01Z-00-DX2.A103FB8B-4397-4DD4-8587-90A736407484,cucim,2265.58,4
42,35.126910,TCGA-D8-A1JE-01Z-00-DX1.714805A1-E337-46DA-88D9-6CE4B4E3C2D0,cucim,2011.74,4
42,36.362758,TCGA-A2-A0T7-01Z-00-DX1.EA4DF9B5-8D04-4BCC-9ECB-CB8CB8ACBE1C,cucim,1584.59,4
42,37.540131,TCGA-E9-A244-01Z-00-DX1.4FDAA892-9DBF-4E5D-89F3-2A84C8AC8F0A,cucim,7645.44,4
42,38.845203,TCGA-A8-A07C-01Z-00-DX1.1F069BCA-D2B3-49CF-81FD-9EBA49A3439F,cucim,2366.28,4
42,40.127736,TCGA-S3-AA0Z-01Z-00-DX1.4D96156A-4067-41F2-90B8-41EF7ED794CF,cucim,2442.07,4
42,41.470784,TCGA-BH-A203-01Z-00-DX1.FAE40A13-0C4A-415F-9396-01041FF6B855,cucim,1661.42,4
42,42.769523,TCGA-D8-A3Z6-01Z-00-DX2.19C6AA07-5D58-46CD-91D0-90DD5CC84022,cucim,3834.51,4
42,44.064444,TCGA-A7-A13H-01Z-00-DX2.6C937651-4D3E-475D-99F6-4A9FD25CD48B,cucim,3366.36,4
42,45.235831,TCGA-EW-A1IX-01Z-00-DX1.72AE0E0F-B213-454F-8275-76A7C43FAB86,cucim,2087.04,4
42,46.387980,TCGA-E2-A15H-01Z-00-DX1.E3A9DFDC-204D-4F03-98D9-97BBBB74E840,cucim,2269.97,4
42,47.535520,TCGA-C8-A12X-01Z-00-DX1.2967579D-40AE-4425-BE81-5109713C16B4,cucim,2392.32,4
42,48.656473,TCGA-A2-A04Y-01Z-00-DX1.4DC97AD6-4806-4A3A-A998-FD36F93590A4,cucim,3793.95,4
42,49.838093,TCGA-S3-AA11-01Z-00-DX1.36B83B37-2928-4DB7-A04A-8D511F1183FD,cucim,3132.87,4
42,51.069461,TCGA-AN-A0AR-01Z-00-DX1.0CF1267E-C61B-4928-875E-59032F838F07,cucim,1656.46,4
42,52.239828,TCGA-E2-A10F-01Z-00-DX1.18F9324C-A38F-478E-95DF-B8E172D0DD07,cucim,2827.48,4
42,53.381979,TCGA-A2-A3XY-01Z-00-DX1.E57FC9BF-411E-4028-AC10-8BCA5D0C8472,cucim,1488.39,4
42,54.576623,TCGA-D8-A1X5-01Z-00-DX1.81B10B43-0D99-44D0-A245-D652041B8FEE,cucim,1534.08,4
42,55.685409,TCGA-BH-A18Q-01Z-00-DX1.E89E49C7-D62A-4408-A3D9-19E79FCB249E,cucim,1911.14,4
42,56.955873,TCGA-A8-A095-01Z-00-DX1.97072E53-7323-4836-9D58-22B7C346A7CE,cucim,1624.40,4
42,58.079067,TCGA-E9-A1N4-01Z-00-DX1.71c8d4a5-ec99-4012-9fe2-ddb3349ad5bc,cucim,2008.72,4
42,59.177320,TCGA-A8-A07L-01Z-00-DX1.D9E1051F-724E-4E88-940A-C97005DC5BEB,cucim,2406.31,4
42,60.311619,TCGA-S3-AA11-01Z-00-DX1.36B83B37-2928-4DB7-A04A-8D511F1183FD,cucim,2075.01,4
42,61.406334,TCGA-WT-AB41-01Z-00-DX1.75BDFDF2-CD87-46D1-B32C-725741CB02BE,cucim,2179.14,4
42,62.424322,TCGA-D8-A1JD-01Z-00-DX1.6D215B14-DD90-4635-8645-AF06EBD9BA3F,cucim,1570.78,4
42,63.329702,TCGA-D8-A1JD-01Z-00-DX1.6D215B14-DD90-4635-8645-AF06EBD9BA3F,cucim,1622.51,4
42,64.385758,TCGA-D8-A1JD-01Z-00-DX1.6D215B14-DD90-4635-8645-AF06EBD9BA3F,cucim,1508.04,4
42,65.447842,TCGA-D8-A27W-01Z-00-DX2.4E0D2E4E-5662-4305-8FC2-C651CDDA4998,cucim,1193.86,4
42,66.449901,TCGA-AR-A0U4-01Z-00-DX1.DE722DC5-859D-4866-ADCC-ED98EDBFB588,cucim,1683.55,4
42,67.500551,TCGA-E2-A1BD-01Z-00-DX1.A2AFF7AD-ED47-43E4-87FE-62882BAEB8DA,cucim,1876.68,4
42,68.619021,TCGA-AC-A23H-01Z-00-DX1.8E0AE339-1047-4CA5-BFC5-37A3B10FD8B5,cucim,3986.35,4
42,69.589663,TCGA-A2-A3XZ-01Z-00-DX1.B7A1344E-7015-4A21-B3D4-EB760161BE7C,cucim,4727.84,4
43,11.308933,TCGA-LD-A7W6-01Z-00-DX1.3E125146-B447-4973-AE09-6D374970B46C,cucim,2723.64,4
43,12.571771,TCGA-5L-AAT0-01Z-00-DX1.5E171263-30BF-4C6B-88A1-E8EA0522A861,cucim,1430.44,4
43,13.733491,TCGA-A2-A25F-01Z-00-DX1.87499CD4-E41C-46B1-AAF3-5CE881F2B8BC,cucim,4702.94,4
43,14.804527,TCGA-D8-A1XV-01Z-00-DX2.D1988E01-5FDC-4F50-8183-F0CCE74D0CB2,cucim,2366.22,4
43,15.949324,TCGA-E2-A15I-01Z-00-DX1.DFF60A40-B03D-438F-A233-06132A213619,cucim,1416.98,4
43,17.209296,TCGA-C8-A274-01Z-00-DX1.B667DAB1-C944-4285-A312-5E4DDAE0EE78,cucim,1966.60,4
43,18.494043,TCGA-E2-A9RU-01Z-00-DX1.A06BE284-B9DC-4B45-A202-A9D027AEEDD9,cucim,3531.86,4
43,19.670385,TCGA-D8-A1XS-01Z-00-DX2.ED8BBDB4-CEA6-4E47-8214-4666F3CC6E44,cucim,1652.35,4
43,21.018266,TCGA-AR-A2LE-01Z-00-DX1.E8E1FC5C-9A4A-463F-81D7-E9A8AF43EAD9,cucim,2559.74,4
43,22.413178,TCGA-EW-A1PA-01Z-00-DX1.03B033F8-62C0-49E1-BDEA-C5217AB3460A,cucim,2047.77,4
43,24.464683,TCGA-B6-A0WY-01Z-00-DX1.FA103E02-3BDC-47DC-BA6E-59FCC58866D1,cucim,4624.21,4
43,26.037020,TCGA-A7-A3IY-01Z-00-DX1.B4E75265-3B2A-456C-996A-F95B5A645BF8,cucim,4250.95,4
43,27.342365,TCGA-D8-A1JJ-01Z-00-DX2.7D20F308-7DC6-4367-9459-3AC4C654E7F7,cucim,4377.65,4
43,29.170709,TCGA-AC-A3EH-01Z-00-DX1.30160436-4DE9-4F99-87E2-214E3CA47289,cucim,2192.25,4
43,30.383686,TCGA-E2-A1LS-01Z-00-DX1.9a43a58a-df40-4375-8456-ef0071bc9eb9,cucim,3139.87,4
43,31.743505,TCGA-B6-A0IB-01Z-00-DX1.BAA1D655-1B80-49E2-B1EB-2ECC83DED989,cucim,1290.63,4
43,33.246032,TCGA-B6-A0IB-01Z-00-DX1.BAA1D655-1B80-49E2-B1EB-2ECC83DED989,cucim,2795.30,4
43,34.732297,TCGA-AC-A2FB-01Z-00-DX1.A4D93E32-BBD7-45E4-8ACF-3724B059ECBC,cucim,5590.45,4
43,36.367874,TCGA-AO-A1KS-01Z-00-DX1.349F9BCA-C9F0-43B4-BA6A-D20039E1C720,cucim,7536.76,4
43,37.711525,TCGA-PL-A8LX-01A-02-DX2.84DA8B75-1196-4704-B6B2-C5E7BF645E95,cucim,1743.79,4
43,39.076647,TCGA-B6-A0RU-01Z-00-DX1.4977531C-6003-4DA6-9925-30E2DA62C076,cucim,3124.51,4
43,40.465000,TCGA-A7-A3J0-01Z-00-DX1.59DB32BC-F59C-43B3-8DDD-4A728EBA8AB8,cucim,2928.89,4
43,41.718071,TCGA-EW-A423-01Z-00-DX1.31502D62-9C83-4A9C-9682-05A185486EAA,cucim,1586.85,4
43,43.021923,TCGA-AO-A0JC-01Z-00-DX1.C8DD421B-9799-4FE7-9224-5EAC6ED1028E,cucim,3863.90,4
43,44.183852,TCGA-OL-A5RX-01Z-00-DX1.15A0D4F4-2744-4D44-8883-27FF83D9C824,cucim,9910.55,4
43,45.431744,TCGA-E2-A1LK-01Z-00-DX1.5EBAA1F4-F1B4-4938-A51F-0246621BB0ED,cucim,2051.77,4
43,46.788634,TCGA-B6-A0RU-01Z-00-DX1.4977531C-6003-4DA6-9925-30E2DA62C076,cucim,2412.30,4
43,48.092221,TCGA-A8-A09V-01Z-00-DX1.2D6731CA-5712-4EB8-8602-E53301BF4238,cucim,3777.90,4
43,49.306582,TCGA-A7-A13D-01Z-00-DX2.8165A362-6A08-4BFD-9428-7EEB6C59D7F1,cucim,2258.31,4
43,50.550056,TCGA-A8-A095-01Z-00-DX1.97072E53-7323-4836-9D58-22B7C346A7CE,cucim,2144.50,4
43,51.692949,TCGA-D8-A73W-01Z-00-DX1.2A4B8A37-BE62-42C8-A109-800A7970FF0F,cucim,3593.87,4
43,52.865429,TCGA-E9-A22B-01Z-00-DX1.01692f98-bd7c-4b02-990c-53560276baa0,cucim,4992.64,4
43,54.148169,TCGA-BH-A18J-01Z-00-DX1.AE20ADB6-050C-405D-BF17-1EE4A1A4979A,cucim,2142.14,4
43,55.277790,TCGA-A7-A6VV-01Z-00-DX2.4C2BF8C1-CC84-4A6E-BC0F-430BC8BE6B26,cucim,1300.14,4
43,56.458040,TCGA-AO-A0J3-01Z-00-DX1.8F28BFC8-D37E-425F-A9E3-4C23F083237C,cucim,3367.66,4
43,57.573689,TCGA-D8-A1J9-01Z-00-DX1.F81FA9EF-8129-4E17-A9AD-2B850782CC18,cucim,8828.23,4
43,58.627851,TCGA-BH-A204-01Z-00-DX1.9DCE8242-E862-45AB-9452-D7299110973F,cucim,2532.96,4
43,59.623383,TCGA-AR-A1AT-01Z-00-DX1.6ED69002-2CC1-4AD4-9573-B245D7C2D060,cucim,2193.89,4
43,60.619228,TCGA-B6-A0RU-01Z-00-DX1.4977531C-6003-4DA6-9925-30E2DA62C076,cucim,3483.93,4
43,61.692196,TCGA-PL-A8LV-01A-01-DX1.88F3D934-96C2-4652-9450-90F2E302FF6D,cucim,1570.35,4
43,62.766453,TCGA-D8-A1JM-01Z-00-DX1.3CD15BC8-08B3-4BEE-9FD7-A8BEED33268E,cucim,3695.30,4
43,63.833540,TCGA-D8-A1JT-01Z-00-DX2.8DB9BB5B-17F3-4D80-835D-872BA275FD3B,cucim,2060.12,4
43,64.951552,TCGA-AC-A2FK-01Z-00-DX1.033F3C27-9860-4EF3-9330-37DE5EC45724,cucim,5823.62,4
43,66.156339,TCGA-BH-A2L8-01Z-00-DX1.ACA51CA9-3C38-48A6-B4A9-C12FFAB9AB56,cucim,3498.32,4
43,67.243108,TCGA-BH-A204-01Z-00-DX1.9DCE8242-E862-45AB-9452-D7299110973F,cucim,3158.15,4
43,68.238386,TCGA-D8-A73U-01Z-00-DX2.91F571C8-303C-463D-952C-263FAA5097DF,cucim,2350.98,4
43,69.283646,TCGA-A8-A095-01Z-00-DX1.97072E53-7323-4836-9D58-22B7C346A7CE,cucim,1314.76,4
44,11.307184,TCGA-D8-A1XF-01Z-00-DX2.1460E522-5B87-4690-8B6B-3183C5D282D6,cucim,4833.13,4
44,12.696445,TCGA-EW-A6S9-01Z-00-DX1.4A8CD2D4-D528-465C-82DC-9CAE35DD424B,cucim,3883.57,4
44,13.964230,TCGA-D8-A1XZ-01Z-00-DX1.8E51A61D-B01C-4A52-8F5D-44D2ABCA46FC,cucim,1539.21,4
44,15.075937,TCGA-A2-A1G0-01Z-00-DX1.9ECB0B8A-EF4E-45A9-82AC-EF36375DEF65,cucim,9662.02,4
44,16.174117,TCGA-AR-A1AU-01Z-00-DX1.F06647D1-E5A3-46FE-8537-01A10A08A4EC,cucim,2971.41,4
44,17.670492,TCGA-A8-A07P-01Z-00-DX1.2C7C75EF-EEE2-4A42-994C-A1A40850C87A,cucim,1481.10,4
44,18.931645,TCGA-B6-A0RE-01Z-00-DX1.8933BDB4-EF8D-41FA-9A50-05BB3AB976E5,cucim,1479.01,4
44,20.203668,TCGA-AR-A0U0-01Z-00-DX1.C8BECD9F-68D9-47B1-B31E-C1C6CAE456B6,cucim,1673.30,4
44,21.670205,TCGA-AR-A0U0-01Z-00-DX1.C8BECD9F-68D9-47B1-B31E-C1C6CAE456B6,cucim,5399.10,4
44,22.876552,TCGA-E2-A10A-01Z-00-DX1.98B19EF1-0DAE-4DC6-8B0E-963CFABC6724,cucim,3981.01,4
44,24.416264,TCGA-A2-A25A-01Z-00-DX1.6D311E39-9F96-4775-B9DA-8D034D1AD1DC,cucim,3742.14,4
44,25.861346,TCGA-E2-A10A-01Z-00-DX1.98B19EF1-0DAE-4DC6-8B0E-963CFABC6724,cucim,2186.97,4
44,27.484981,TCGA-AC-A2BK-01Z-00-DX1.A3A1F275-9CDC-48BA-BB81-BCA6F02ACA94,cucim,6780.55,4
44,29.084259,TCGA-E2-A570-01Z-00-DX1.64E5F2CA-9396-40DC-A300-04A54657BDE6,cucim,2551.82,4
44,30.626398,TCGA-A7-A4SD-01Z-00-DX1.677152B3-17B2-42DB-AEEC-C9509ACCE831,cucim,2607.35,4
44,32.027982,TCGA-EW-A6SC-01Z-00-DX1.C2D50E7C-3AD0-4038-9A1C-CAE54A3FBE2F,cucim,2689.07,4
44,33.380887,TCGA-C8-A12Q-01Z-00-DX1.CE74E5B7-FD30-4CBE-8716-ECCF2213AAC3,cucim,5790.53,4
44,34.519611,TCGA-AN-A0AM-01Z-00-DX1.169CE39A-DD54-46D8-8D03-60B69A473CDB,cucim,2496.74,4
44,35.828055,TCGA-B6-A0X0-01Z-00-DX1.5D67D9D5-C2F0-40BE-A661-E25B6A6287A2,cucim,4451.93,4
44,37.226027,TCGA-E2-A1LB-01Z-00-DX1.B4AFDB08-BA09-4F6E-806E-4054B790AB8E,cucim,3322.91,4
44,38.386119,TCGA-E2-A15K-01Z-00-DX1.9F424BE2-9BFE-4DFF-8CC9-10D2DADBBEA7,cucim,1785.57,4
44,39.719267,TCGA-AC-A5EH-01Z-00-DX1.DF59B26B-379F-4047-B7AE-4493810D30A0,cucim,3431.11,4
44,41.129231,TCGA-AO-A03N-01Z-00-DX1.79A8816D-961F-4D79-90B4-341919297A90,cucim,4639.45,4
44,42.651980,TCGA-A2-A04N-01Z-00-DX1.9E9B7DB0-1CF1-4631-8292-A9DBCA0BD37C,cucim,1655.08,4
44,44.122159,TCGA-AO-A1KT-01Z-00-DX1.47878910-4359-4795-B0BB-FAC147C8D932,cucim,5552.83,4
44,45.597176,TCGA-AC-A2FO-01Z-00-DX1.46929316-D7ED-4D69-B068-409BFFBCEC4D,cucim,7700.20,4
44,46.665155,TCGA-A2-A3XW-01Z-00-DX1.45F5F36F-5503-4A38-AF37-E526915A8DBE,cucim,1364.95,4
44,47.745626,TCGA-AN-A0XU-01Z-00-DX1.6B0DD0FF-A20D-4BA2-8D48-FC357BA5313F,cucim,2354.60,4
44,48.848525,TCGA-A7-A13H-01Z-00-DX1.FCB33A3C-6209-474C-83C1-02551F242937,cucim,4477.11,4
44,50.033876,TCGA-AN-A0AJ-01Z-00-DX1.74EE47B0-FE27-44CF-9355-C738DE1BD017,cucim,4251.59,4
44,51.223474,TCGA-AR-A24P-01Z-00-DX1.08BE8830-C55E-4E2B-9378-371A670C75FD,cucim,2431.62,4
44,52.406220,TCGA-D8-A1XS-01Z-00-DX2.ED8BBDB4-CEA6-4E47-8214-4666F3CC6E44,cucim,2845.66,4
44,53.543367,TCGA-E2-A153-01Z-00-DX1.CA994467-E541-4131-A9FC-DCD9944F29C4,cucim,4201.96,4
44,54.744230,TCGA-A8-A08F-01Z-00-DX1.9D2222F6-1425-46FD-BC94-728EF835FAC2,cucim,2978.87,4
44,55.891769,TCGA-A1-A0SP-01Z-00-DX1.20D689C6-EFA5-4694-BE76-24475A89ACC0,cucim,2526.69,4
44,56.985422,TCGA-A7-A3J1-01Z-00-DX1.92895B92-5F95-4EA3-9237-4CAF63CDE3FF,cucim,1434.60,4
44,58.187484,TCGA-D8-A13Z-01Z-00-DX1.517140BB-D34C-42F8-952C-340EF16D382F,cucim,5671.78,4
44,59.488832,TCGA-A8-A06Z-01Z-00-DX1.2BC8B71D-E01B-4CC1-B5E7-09BB54A5E1F8,cucim,1673.26,4
44,60.450333,TCGA-AC-A3TN-01Z-00-DX1.F00E81C7-0CA2-49E8-A30F-DE423538E93C,cucim,1845.70,4
44,61.382728,TCGA-HN-A2NL-01Z-00-DX1.C2EAF378-4B37-4C1C-BB0F-18FAC62EEC13,cucim,2422.48,4
44,62.465922,TCGA-A8-A09V-01Z-00-DX1.2D6731CA-5712-4EB8-8602-E53301BF4238,cucim,4769.20,4
44,63.454953,TCGA-AR-A24L-01Z-00-DX1.218A0AE1-D070-4A16-A277-31185F10724D,cucim,1787.03,4
44,64.645011,TCGA-A1-A0SD-01Z-00-DX1.DB17BFA9-D951-42A8-91D2-F4C2EBC6EB9F,cucim,1244.14,4
44,65.621493,TCGA-PE-A5DC-01Z-00-DX1.8E6953AD-C14A-43F5-B062-E31AB13C7BDF,cucim,4352.21,4
44,66.680079,TCGA-A8-A09R-01Z-00-DX1.392580F3-0CE5-4EDB-91CF-814AAD0DB649,cucim,1298.35,4
44,67.748858,TCGA-A8-A08H-01Z-00-DX1.6AA6A530-3BD3-4582-9D6B-8AE3B4A73948,cucim,3724.18,4
44,68.800185,TCGA-AC-A2BK-01Z-00-DX1.A3A1F275-9CDC-48BA-BB81-BCA6F02ACA94,cucim,3901.92,4
44,69.821703,TCGA-LL-A5YL-01Z-00-DX1.164C74AB-87D5-46CC-9D96-33FE1F88DC80,cucim,1392.95,4
45,11.321736,TCGA-D8-A1JT-01Z-00-DX1.F278C419-E405-4BDA-BA50-BFBA08801168,cucim,1390.15,4
45,12.528070,TCGA-A2-A3Y0-01Z-00-DX1.A1EDDF82-FFAA-44A4-A749-7FB6F8133CC0,cucim,4599.69,4
45,13.672864,TCGA-E9-A6HE-01Z-00-DX1.97514DBA-9BC0-4554-9A43-99C48C6B953A,cucim,2973.14,4
45,15.086231,TCGA-E2-A15P-01Z-00-DX1.4C7F95DC-B319-4A78-8F34-8CB9166EA6A8,cucim,4503.62,4
45,16.424949,TCGA-D8-A1XB-01Z-00-DX1.DA8E2FA4-DBBA-4157-8052-B90FB3BB58F1,cucim,1764.06,4
45,18.056172,TCGA-PL-A8LY-01A-01-DX1.32047D5E-8A42-480A-B2B8-A56B47B949FD,cucim,1694.28,4
45,19.500236,TCGA-A2-A25F-01Z-00-DX1.87499CD4-E41C-46B1-AAF3-5CE881F2B8BC,cucim,6457.77,4
45,20.930363,TCGA-E2-A1L9-01Z-00-DX1.F2CC1036-8EEE-4664-962E-541B8ACB10DE,cucim,1334.48,4
45,22.616186,TCGA-C8-A1HO-01Z-00-DX1.0C702CEE-C373-4D00-A706-32206D41AC17,cucim,2262.77,4
45,24.054262,TCGA-BH-A28Q-01Z-00-DX1.C6D1CA93-6B2A-4722-9270-5D56592D833D,cucim,2576.56,4
45,25.505751,TCGA-AC-A3TM-01Z-00-DX1.4421EE37-A2CC-4638-AC44-9C26CB09FDC1,cucim,2555.75,4
45,26.906925,TCGA-D8-A1JN-01Z-00-DX1.3B02989C-CEA0-4EDD-A6DC-21C3A957C640,cucim,2510.91,4
45,28.378175,TCGA-AN-A0AK-01Z-00-DX1.4B410152-8588-4000-870A-B31B21161015,cucim,4430.34,4
45,29.677401,TCGA-A2-A0ET-01Z-00-DX1.41E86BB9-EA52-4615-94E7-0F09DDB094F4,cucim,2546.15,4
45,30.948982,TCGA-E9-A22H-01Z-00-DX1.0ee39fd1-b077-40ea-bd0d-8a3db474fdd5,cucim,5105.58,4
45,32.399802,TCGA-A2-A0T1-01Z-00-DX1.CD1E9C46-18A3-466B-AA0B-24F3055FA851,cucim,2715.46,4
45,33.814717,TCGA-AC-A3BB-01Z-00-DX1.CE889249-2A5E-44DA-B04E-746BE82CD805,cucim,9268.24,4
45,35.164925,TCGA-S3-A6ZF-01Z-00-DX1.E50205A0-63CA-49DE-8831-2A8916DEF403,cucim,1591.19,4
45,36.570619,TCGA-D8-A1XS-01Z-00-DX2.ED8BBDB4-CEA6-4E47-8214-4666F3CC6E44,cucim,2362.30,4
45,37.775731,TCGA-BH-A1ET-01Z-00-DX1.05C126CD-CC10-44BF-9A68-6CDDE97272B2,cucim,3195.99,4
45,39.355759,TCGA-E9-A245-01Z-00-DX1.648850D5-EB80-4FBE-8507-32313FAD1060,cucim,2823.86,4
45,40.530335,TCGA-BH-A0EB-01Z-00-DX1.70D7BBA0-214D-4D1A-933C-7CFCDA5416A3,cucim,3477.44,4
45,41.775891,TCGA-E9-A243-01Z-00-DX1.9A3B34E5-25EF-4243-8680-FABF2F1CCDA9,cucim,1500.86,4
45,43.166622,TCGA-D8-A1J8-01Z-00-DX1.EADAB43A-87C6-47FA-9120-25B69E23366D,cucim,2841.15,4
45,44.384679,TCGA-A7-A0CE-01Z-00-DX2.5AD1DB65-10E7-4996-AB5E-13D7851EC5FA,cucim,1353.27,4
45,45.572398,TCGA-A7-A3IZ-01Z-00-DX1.7437130B-DF49-40C8-ABCD-FF9364B9B1B0,cucim,3760.08,4
45,46.810279,TCGA-BH-A18M-01Z-00-DX1.56E6935A-62CB-4CBE-BDCA-60DA56422CE0,cucim,2822.31,4
45,48.068411,TCGA-A2-A4RY-01Z-00-DX1.143E32FC-E10F-4590-9C72-32094B24EF8C,cucim,5343.48,4
45,49.503710,TCGA-AC-A2FM-01Z-00-DX1.5D2309D5-C47B-4B04-B7B8-2F0685842889,cucim,8021.06,4
45,50.629268,TCGA-AO-A03R-01Z-00-DX1.DC317201-7F22-4C4A-86A5-ED82C37757C8,cucim,3501.13,4
45,51.758784,TCGA-D8-A13Z-01Z-00-DX1.517140BB-D34C-42F8-952C-340EF16D382F,cucim,2809.06,4
45,53.048839,TCGA-AC-A2BK-01Z-00-DX1.A3A1F275-9CDC-48BA-BB81-BCA6F02ACA94,cucim,3821.80,4
45,54.254754,TCGA-A2-A0ET-01Z-00-DX1.41E86BB9-EA52-4615-94E7-0F09DDB094F4,cucim,3871.20,4
45,55.486819,TCGA-A1-A0SH-01Z-00-DX1.90E71B08-E1D9-4FC2-85AC-062E56DDF17C,cucim,4435.21,4
45,56.528907,TCGA-A8-A09X-01Z-00-DX1.17B5BE28-944F-427B-8F90-44885C3EDD36,cucim,2383.85,4
45,57.549924,TCGA-B6-A0X7-01Z-00-DX1.A2AA8FE9-CF43-434A-AE72-7277D124BD0A,cucim,1516.85,4
45,58.608945,TCGA-EW-A2FV-01Z-00-DX1.0C59AC06-DD9B-413A-8A03-B71774F662FA,cucim,1397.25,4
45,59.885454,TCGA-EW-A1P1-01Z-00-DX1.4B670029-4B3B-4D76-8EA4-F4F29EEF9E37,cucim,1802.96,4
45,60.999585,TCGA-AC-A5EH-01Z-00-DX1.DF59B26B-379F-4047-B7AE-4493810D30A0,cucim,2987.49,4
45,62.010305,TCGA-EW-A1PE-01Z-00-DX1.8EF56824-0B37-4AD1-AF3E-7988FCBEF773,cucim,1870.20,4
45,63.017645,TCGA-AR-A1AL-01Z-00-DX1.0970370F-6D4B-449A-AF33-76355DD99F91,cucim,3000.86,4
45,64.168100,TCGA-S3-AA15-01Z-00-DX1.A2456A4A-E6E8-4429-8F09-B997AA497BB0,cucim,2363.47,4
45,65.160327,TCGA-A7-A3IY-01Z-00-DX1.B4E75265-3B2A-456C-996A-F95B5A645BF8,cucim,2026.23,4
45,66.300548,TCGA-A2-A0EN-01Z-00-DX1.F43A5D17-9267-4963-993A-93AC91BDC031,cucim,1297.47,4
45,67.293218,TCGA-AC-A2FO-01Z-00-DX1.46929316-D7ED-4D69-B068-409BFFBCEC4D,cucim,4460.01,4
45,68.327773,TCGA-D8-A13Y-01Z-00-DX1.02321E77-A11E-41A5-95FE-BB897EA5CE58,cucim,2499.84,4
45,69.222893,TCGA-A7-A26I-01Z-00-DX1.0077D012-BC14-4E96-84F7-A1A6A3A778DF,cucim,2301.93,4
46,11.369925,TCGA-AC-A3EH-01Z-00-DX1.30160436-4DE9-4F99-87E2-214E3CA47289,cucim,6060.02,4
46,12.834415,TCGA-A2-A4S2-01Z-00-DX1.D779B63B-8817-43F1-A8F4-236C82DB78F8,cucim,2141.86,4
46,14.039374,TCGA-UL-AAZ6-01Z-00-DX1.0488628B-C06B-4A1D-9198-EC29D0BACF6E,cucim,1387.75,4
46,15.146377,TCGA-OK-A5Q2-01Z-00-DX4.83B45D6C-E350-4436-812F-4155D9F7D331,cucim,2732.71,4
46,16.546913,TCGA-AR-A2LQ-01Z-00-DX1.2F579E62-69A8-40F4-A516-542C7C808628,cucim,1327.47,4
46,18.026069,TCGA-AN-A0XU-01Z-00-DX1.6B0DD0FF-A20D-4BA2-8D48-FC357BA5313F,cucim,2579.63,4
46,19.452674,TCGA-D8-A1XF-01Z-00-DX2.1460E522-5B87-4690-8B6B-3183C5D282D6,cucim,8708.40,4
46,20.965691,TCGA-PE-A5DC-01Z-00-DX1.8E6953AD-C14A-43F5-B062-E31AB13C7BDF,cucim,1608.74,4
46,22.450078,TCGA-GM-A2DK-01Z-00-DX1.4F81A585-9549-454C-8E15-2E4545795460,cucim,3673.15,4
46,23.962939,TCGA-AO-A0JA-01Z-00-DX1.E3DDBAAF-6FFA-40BE-83FF-942857CFED5D,cucim,1685.15,4
46,25.332856,TCGA-EW-A1P7-01Z-00-DX1.97575C9F-C318-45A5-A4B7-1A902B93FA3F,cucim,1654.64,4
46,26.728586,TCGA-AO-A0JM-01Z-00-DX1.94E75EFD-E5F5-4DF8-93A0-ED94CB4D203A,cucim,2883.05,4
46,28.119629,TCGA-BH-A18J-01Z-00-DX1.AE20ADB6-050C-405D-BF17-1EE4A1A4979A,cucim,4425.27,4
46,29.424133,TCGA-OL-A66I-01Z-00-DX1.8CE9DCAB-98D3-4163-94AC-1557D86C1E25,cucim,3616.48,4
46,30.820646,TCGA-A8-A09I-01Z-00-DX1.B738E479-8766-4766-B012-B32AC2F27533,cucim,2227.12,4
46,32.251789,TCGA-D8-A140-01Z-00-DX1.5B9382C0-332C-4FBF-82CD-B9453D02B815,cucim,2533.91,4
46,33.572770,TCGA-OL-A66J-01Z-00-DX1.661F7F70-E4D4-4875-B8C4-556F7927F3BA,cucim,4739.85,4
46,34.730802,TCGA-AR-A24R-01Z-00-DX1.47D79205-63E7-43E6-A513-2CD10DFA53C9,cucim,3405.25,4
46,36.077637,TCGA-BH-A0DV-01Z-00-DX1.2F0B5FB3-40F0-4D27-BFAC-390FB9A42B39,cucim,3724.58,4
46,37.364103,TCGA-EW-A1PB-01Z-00-DX1.B2E9B88F-C371-4821-9B7B-8A63BB120D95,cucim,1633.38,4
46,38.567800,TCGA-E9-A5UP-01Z-00-DX1.135466CC-601C-48B2-935D-42F8D7C4CDF7,cucim,2117.17,4
46,39.732636,TCGA-B6-A0RH-01Z-00-DX1.33DB5CF9-AC87-435B-A8AF-C4F84BEF15F1,cucim,1540.28,4
46,40.895517,TCGA-AC-A3W5-01Z-00-DX1.522F702C-776E-45F1-84D3-1648DF04137C,cucim,1459.90,4
46,42.109088,TCGA-C8-A1HN-01Z-00-DX1.7EBBEAB1-EBB7-456F-8848-AFE2263242B7,cucim,2629.16,4
46,43.171179,TCGA-AO-A12G-01Z-00-DX1.1C37E1FE-CF36-4570-A864-3813B8ADBA36,cucim,4159.39,4
46,44.299284,TCGA-B6-A0WZ-01Z-00-DX1.6CFB236E-36F5-43D6-8DE3-C4ECBD3C14C6,cucim,1124.67,4
46,45.444831,TCGA-D8-A27N-01Z-00-DX2.EB803DEC-438B-43A9-B906-FD7C3B9A0138,cucim,1994.86,4
46,46.680661,TCGA-AO-A0JG-01Z-00-DX1.FA785D56-B4FF-4CC3-A631-5C748E8E0558,cucim,3741.71,4
46,47.894317,TCGA-AR-A1AK-01Z-00-DX1.0AFFA0B5-D1A6-43E9-892A-7CB16A79E5F9,cucim,3477.85,4
46,49.078981,TCGA-E9-A1QZ-01Z-00-DX1.CDAECCA9-4F09-491F-A975-B775D47E46F0,cucim,1531.69,4
46,50.154622,TCGA-AN-A0XW-01Z-00-DX1.811E11E7-FA67-46BB-9BC6-1FD0106B789D,cucim,1322.47,4
46,51.333635,TCGA-D8-A73U-01Z-00-DX2.91F571C8-303C-463D-952C-263FAA5097DF,cucim,3162.86,4
46,52.409022,TCGA-B6-A0WV-01Z-00-DX1.A8B9E114-A8CF-4389-B47C-2E1B842F7FF9,cucim,2183.12,4
46,53.444342,TCGA-A8-A08I-01Z-00-DX1.96A0065E-5430-40F6-835E-1A7238A79DDA,cucim,2821.99,4
46,54.455847,TCGA-BH-A28O-01Z-00-DX1.B37603E3-BC80-4DDA-B44D-B5F794E3398E,cucim,2364.83,4
46,55.497741,TCGA-EW-A1OX-01Z-00-DX1.9B19CBEE-E592-4A4D-839F-CECDCA20F4B1,cucim,2674.69,4
46,56.477935,TCGA-D8-A1XC-01Z-00-DX2.10BA8536-D6AF-460E-9796-EB77FFE3EF5B,cucim,1953.81,4
46,57.472397,TCGA-S3-AA15-01Z-00-DX2.915A4F90-25CB-4535-99C7-D0D0CFC90412,cucim,2193.00,4
46,58.503426,TCGA-BH-A0E9-01Z-00-DX1.5FC4A5E1-3984-4869-9FFB-C0C7F9EAF5FE,cucim,2022.01,4
46,59.567363,TCGA-AR-A252-01Z-00-DX1.2E7EE069-A0B8-489B-A2F0-3175FB58F468,cucim,7603.75,4
46,60.666747,TCGA-BH-A1FM-01Z-00-DX1.860C5169-FE2B-43A6-A13D-E736374303DD,cucim,1413.90,4
46,61.603617,TCGA-A7-A0DA-01Z-00-DX1.5F087009-16E9-4A07-BA24-62340E108B17,cucim,1996.31,4
46,62.741686,TCGA-B6-A0IA-01Z-00-DX1.8A868F0A-6CE2-46A7-AF0C-C5FC5D657D86,cucim,2057.64,4
46,63.806985,TCGA-A8-A07O-01Z-00-DX1.3D657129-F2A7-4BC1-A910-805FBDCE2212,cucim,2910.99,4
46,64.751831,TCGA-BH-A0BP-01Z-00-DX1.63A87C1D-87FA-494D-9836-74290B5DC30D,cucim,2376.88,4
46,65.690705,TCGA-A2-A04Y-01Z-00-DX1.4DC97AD6-4806-4A3A-A998-FD36F93590A4,cucim,1402.58,4
46,66.506932,TCGA-D8-A1XW-01Z-00-DX2.9849E503-BE3E-417C-ABE8-93A39583DDE0,cucim,2240.83,4
46,67.395689,TCGA-A2-A04Y-01Z-00-DX1.4DC97AD6-4806-4A3A-A998-FD36F93590A4,cucim,1749.24,4
46,68.298655,TCGA-LL-A5YM-01Z-00-DX1.2B8904A9-6A45-4FFD-AF15-EB81773E5B79,cucim,2940.31,4
46,69.096727,TCGA-AC-A6NO-01Z-00-DX1.61B7F48C-6D6E-4C1B-B236-DD130ECBDA9D,cucim,5074.52,4
46,69.869951,TCGA-E2-A15G-01Z-00-DX1.BAA5235E-1022-463B-A852-586ED7CA75FF,cucim,2365.55,4
47,11.211843,TCGA-C8-A1HL-01Z-00-DX1.CC21CAE9-DE48-4ADE-A959-5A99010AAFAC,cucim,3468.76,4
47,12.437074,TCGA-EW-A6SB-01Z-00-DX1.D56E1922-01A9-4AEE-AB95-D69447DD13EE,cucim,1022.88,4
47,13.614607,TCGA-E2-A14S-01Z-00-DX1.5C332E99-7296-473A-9917-7EFC38A8251D,cucim,1872.92,4
47,15.274918,TCGA-AN-A0XU-01Z-00-DX1.6B0DD0FF-A20D-4BA2-8D48-FC357BA5313F,cucim,6977.88,4
47,16.815263,TCGA-A2-A0EO-01Z-00-DX1.D7A09E23-2CAB-4B3B-814C-BF0BA75B7589,cucim,1756.08,4
47,18.205256,TCGA-B6-A1KF-01Z-00-DX1.2E08E830-4216-4CD0-9646-1F489300E11D,cucim,2335.74,4
47,19.625308,TCGA-AO-A0JL-01Z-00-DX1.473CC200-221A-4777-B19E-ADC41D10FC94,cucim,1971.01,4
47,21.184284,TCGA-LD-A74U-01Z-00-DX1.F3C1EBBB-4AED-49A9-A8D2-B6145E162BE4,cucim,6290.88,4
47,22.759427,TCGA-E9-A1R7-01Z-00-DX1.af9ff432-440e-44ac-bc33-298f5db9a706,cucim,939.13,4
47,24.076537,TCGA-AN-A0FV-01Z-00-DX1.C0D02946-FCDA-472D-895D-7ACF5C96B264,cucim,1087.86,4
47,25.407166,TCGA-S3-AA15-01Z-00-DX1.A2456A4A-E6E8-4429-8F09-B997AA497BB0,cucim,2959.86,4
47,26.739576,TCGA-EW-A2FS-01Z-00-DX1.A01C9183-2AC8-456A-B5A6-85C5BB0361D8,cucim,1764.57,4
47,28.294098,TCGA-AC-A4ZE-01Z-00-DX1.A9BB4DBC-4314-4A77-AA1C-0882DBC370F1,cucim,9861.11,4
47,29.843601,TCGA-EW-A3E8-01Z-00-DX1.E185B2E4-3E16-4C66-90D7-FDB9A14BA00D,cucim,3722.88,4
47,30.966225,TCGA-E9-A1ND-01Z-00-DX1.5C2F5250-A3B2-4B97-9E11-56CF3C7CA2DB,cucim,2140.64,4
47,32.239006,TCGA-E2-A1L7-01Z-00-DX1.BE796CD2-2E81-44E8-8CA2-85B4D2A31B64,cucim,3271.31,4
47,33.646714,TCGA-C8-A1HN-01Z-00-DX1.7EBBEAB1-EBB7-456F-8848-AFE2263242B7,cucim,2246.65,4
47,35.045432,TCGA-AR-A2LQ-01Z-00-DX1.2F579E62-69A8-40F4-A516-542C7C808628,cucim,3007.22,4
47,36.212095,TCGA-A7-A2KD-01Z-00-DX1.BFF2DFC8-1D95-4DC2-98FC-5BD7D7C6CDF5,cucim,3077.52,4
47,37.434324,TCGA-B6-A2IU-01Z-00-DX1.3C7DF701-4ED9-4989-AA63-A6B7B105F6EE,cucim,1444.88,4
47,38.592652,TCGA-B6-A0RT-01Z-00-DX1.6C2BA663-D61B-404B-B62C-B81747B6A3AC,cucim,2852.85,4
47,39.755428,TCGA-AR-A0TX-01Z-00-DX1.5BEA4E65-8CEC-49B2-9F29-DBE53E8ED46E,cucim,2473.13,4
47,41.259473,TCGA-BH-A0HN-01Z-00-DX1.4997F641-C593-41F6-82ED-6A0E4EFA55F3,cucim,5489.66,4
47,42.550270,TCGA-E2-A1IK-01Z-00-DX1.25C554BB-AA90-4FF4-9D68-EEC899B8A27D,cucim,2998.26,4
47,43.737176,TCGA-A2-A1G0-01Z-00-DX1.9ECB0B8A-EF4E-45A9-82AC-EF36375DEF65,cucim,2446.55,4
47,44.858597,TCGA-GM-A4E0-01Z-00-DX1.55A5D765-AA35-4052-9185-6872B580F0F6,cucim,1485.88,4
47,46.011096,TCGA-AO-A12A-01Z-00-DX1.4E9609A7-9AAD-40A8-8344-8369DF998006,cucim,2838.79,4
47,47.074316,TCGA-BH-A0DT-01Z-00-DX1.73AFCEBB-06B1-4870-ADA2-881511B1BE2D,cucim,2131.24,4
47,48.122186,TCGA-A7-A0CH-01Z-00-DX1.48ADDD0B-527A-404C-B794-7D7D35BF861F,cucim,2206.43,4
47,49.244093,TCGA-A8-A08X-01Z-00-DX1.01FB49CC-6B8E-4317-8C42-6B6D81187A40,cucim,2009.51,4
47,50.365534,TCGA-E2-A1L6-01Z-00-DX1.AFE87067-2BFD-42C2-9334-9DDE8AB61B49,cucim,2746.83,4
47,51.397879,TCGA-BH-A18N-01Z-00-DX1.FE0E24A1-8AE9-4021-B9C7-B408EE0DE329,cucim,2543.51,4
47,52.426993,TCGA-D8-A13Z-01Z-00-DX1.517140BB-D34C-42F8-952C-340EF16D382F,cucim,1719.43,4
47,53.400424,TCGA-A2-A3XW-01Z-00-DX1.45F5F36F-5503-4A38-AF37-E526915A8DBE,cucim,1713.63,4
47,54.465499,TCGA-BH-A18L-01Z-00-DX1.01D6E3EF-6857-4CC6-BEA1-0BBC1A0B728F,cucim,2994.38,4
47,55.468546,TCGA-D8-A1JB-01Z-00-DX1.6CF48257-066C-4B8C-91AA-30A6B4AD4307,cucim,3063.64,4
47,56.670521,TCGA-A8-A09W-01Z-00-DX1.BF33B0F9-5786-4682-B59E-DCBD33D7BB03,cucim,2056.69,4
47,57.978900,TCGA-D8-A1XB-01Z-00-DX2.B262C269-F22B-4306-8195-079C0874EF8E,cucim,3307.49,4
47,58.970636,TCGA-BH-A0W3-01Z-00-DX1.38DCA2B7-1A54-4FFA-BABA-29F80974BB17,cucim,1684.58,4
47,60.075815,TCGA-BH-A0EB-01Z-00-DX1.70D7BBA0-214D-4D1A-933C-7CFCDA5416A3,cucim,1684.57,4
47,61.186534,TCGA-HN-A2OB-01Z-00-DX1.14F1FBFB-4540-43CE-9D79-5BC628640424,cucim,2776.03,4
47,62.142295,TCGA-BH-A0EB-01Z-00-DX1.70D7BBA0-214D-4D1A-933C-7CFCDA5416A3,cucim,1606.89,4
47,63.092156,TCGA-AC-A3TN-01Z-00-DX1.F00E81C7-0CA2-49E8-A30F-DE423538E93C,cucim,1879.83,4
47,63.914064,TCGA-AC-A6NO-01Z-00-DX1.61B7F48C-6D6E-4C1B-B236-DD130ECBDA9D,cucim,2847.96,4
47,64.752249,TCGA-A2-A04R-01Z-00-DX1.BE3661A3-A2A0-4248-B7D5-D8986E529B6C,cucim,1790.99,4
47,65.590232,TCGA-GM-A2DL-01Z-00-DX1.1CE6992E-B1CE-45AB-B2EB-75338B6FEE9D,cucim,1405.09,4
47,66.387366,TCGA-E2-A109-01Z-00-DX1.FCF5E9FC-F9FE-4F5F-96DD-5628E2609BEF,cucim,1908.95,4
47,67.137404,TCGA-A8-A084-01Z-00-DX1.2B52D1B8-5AD4-4BD6-ADF7-9D65B8EE2621,cucim,1902.47,4
47,67.884739,TCGA-D8-A1JM-01Z-00-DX1.3CD15BC8-08B3-4BEE-9FD7-A8BEED33268E,cucim,2022.97,4
47,68.626175,TCGA-A8-A09C-01Z-00-DX1.19E0C0E9-0ED6-4E3A-95FE-A5778F5DDBCD,cucim,1603.35,4
47,69.332836,TCGA-BH-A0EI-01Z-00-DX1.929E126A-C9F8-4240-BF00-B6C4A57B7FF6,cucim,1305.67,4
48,11.230214,TCGA-BH-A0W4-01Z-00-DX1.23E017DC-15CB-4838-AC91-CFB11B932AB0,cucim,1743.12,4
48,13.482274,TCGA-AR-A2LN-01Z-00-DX1.3EF43524-28B8-4326-9356-6BCBC63A1DA8,cucim,7315.91,4
48,14.876446,TCGA-D8-A141-01Z-00-DX1.10F6EEB2-C920-43FF-B5A7-B5A651CBDBE3,cucim,1361.09,4
48,16.263653,TCGA-E9-A244-01Z-00-DX1.4FDAA892-9DBF-4E5D-89F3-2A84C8AC8F0A,cucim,2584.92,4
48,17.740321,TCGA-D8-A27W-01Z-00-DX2.4E0D2E4E-5662-4305-8FC2-C651CDDA4998,cucim,7937.43,4
48,19.723434,TCGA-B6-A0IQ-01Z-00-DX1.662EA039-825E-41FF-91D6-021EB0E099BD,cucim,4488.79,4
48,21.255196,TCGA-AR-A24P-01Z-00-DX1.08BE8830-C55E-4E2B-9378-371A670C75FD,cucim,5926.29,4
48,22.446407,TCGA-BH-A18T-01Z-00-DX1.90123A74-F631-4538-AB2E-4076486ADF88,cucim,3588.66,4
48,23.847499,TCGA-D8-A27R-01Z-00-DX1.F6E2FD1C-0666-4788-8D95-A76D15907270,cucim,4770.57,4
48,25.294635,TCGA-AC-A2BM-01Z-00-DX1.162A9FA9-6E61-48BF-B0A5-C6C7640ABD9B,cucim,8551.99,4
48,26.895742,TCGA-E2-A15S-01Z-00-DX1.77CFA95F-F1AE-41BD-BAF8-BCA6F0DFA3A3,cucim,1211.42,4
48,28.255628,TCGA-A8-A08B-01Z-00-DX1.416316FD-E8BF-402C-939A-08920F08A181,cucim,5571.35,4
48,29.583609,TCGA-D8-A27T-01Z-00-DX2.7CCFE3AA-955B-4D77-9EDB-7B36D5A01168,cucim,2596.08,4
48,30.736805,TCGA-AN-A0FK-01Z-00-DX1.8966A1D5-CE3A-4B08-A1F6-E613BEB1ABD1,cucim,1410.41,4
48,32.014751,TCGA-A1-A0SE-01Z-00-DX1.04B09232-C6C4-46EF-AA2C-41D078D0A80A,cucim,2672.37,4
48,33.294151,TCGA-BH-A0DI-01Z-00-DX1.6A42D535-8842-4C36-8299-A40E9E56759D,cucim,3144.56,4
48,34.445136,TCGA-A2-A0T4-01Z-00-DX1.AC61ED08-2E42-4D4A-BB81-746D3FEBB653,cucim,2357.60,4
48,35.678202,TCGA-AO-A03N-01Z-00-DX1.79A8816D-961F-4D79-90B4-341919297A90,cucim,4084.09,4
48,36.828239,TCGA-A7-A0CJ-01Z-00-DX1.E26F2F62-D688-4373-BB7B-790A06734E49,cucim,1155.97,4
48,37.903743,TCGA-BH-A0HX-01Z-00-DX1.44EBA39E-383D-4820-915E-4E5FDA1D43DA,cucim,2341.22,4
48,38.952385,TCGA-BH-A0HX-01Z-00-DX1.44EBA39E-383D-4820-915E-4E5FDA1D43DA,cucim,2815.15,4
48,40.151948,TCGA-E2-A10E-01Z-00-DX1.C45030A9-CC1A-4BA7-8F62-872619C5AD5E,cucim,2388.69,4
48,41.284030,TCGA-A2-A4S0-01Z-00-DX1.5878187D-325F-4274-BE41-86BB2BA5F841,cucim,3070.21,4
48,42.541196,TCGA-AC-A5EI-01Z-00-DX1.A174D91A-730E-460C-AE73-46CA1E5B177B,cucim,4879.08,4
48,43.620700,TCGA-AN-A0AR-01Z-00-DX1.0CF1267E-C61B-4928-875E-59032F838F07,cucim,2782.79,4
48,44.715045,TCGA-AO-A12C-01Z-00-DX1.F4105027-FA10-48AF-BA8F-C7A0181C4A1D,cucim,2235.94,4
48,45.684940,TCGA-E2-A14T-01Z-00-DX1.61B4C988-6D75-447B-A5F4-9DE92CEACC9F,cucim,1500.17,4
48,46.675150,TCGA-A2-A0YJ-01Z-00-DX1.8135C74E-DAA8-4C8E-AF14-A4B5B57695BE,cucim,5725.43,4
48,47.671065,TCGA-C8-A8HR-01Z-00-DX1.8E841CA8-1CE2-4242-AC5A-3247075CF8F4,cucim,1246.17,4
48,48.687133,TCGA-C8-A12P-01Z-00-DX1.670B5DE8-07B0-4E4C-93FA-FA3DFFCCE50D,cucim,1189.70,4
48,49.711332,TCGA-B6-A0WS-01Z-00-DX1.020ED7BF-9497-4F13-AA07-FE0E839F9A06,cucim,1562.62,4
48,50.807179,TCGA-E9-A3Q9-01Z-00-DX1.2D0CA5D4-CCE5-4647-BFB3-D5359F53DA83,cucim,1784.31,4
48,52.039184,TCGA-AR-A24K-01Z-00-DX1.3A56BAEC-484E-4F9B-BCB4-360ABF6DDB4B,cucim,2336.19,4
48,53.032324,TCGA-A8-A08P-01Z-00-DX1.431A1290-9CF4-4CE7-A9F0-13F9ADA46ADA,cucim,1608.85,4
48,54.113463,TCGA-C8-A274-01Z-00-DX1.B667DAB1-C944-4285-A312-5E4DDAE0EE78,cucim,2903.68,4
48,55.060110,TCGA-OL-A6VO-01Z-00-DX1.291D54D6-EBAF-4622-BD42-97AA5997F014,cucim,1518.48,4
48,56.298794,TCGA-S3-AA15-01Z-00-DX1.A2456A4A-E6E8-4429-8F09-B997AA497BB0,cucim,1419.91,4
48,57.297895,TCGA-D8-A1XL-01Z-00-DX1.FDF07020-8F40-4C00-9023-E5F40E0D8A7C,cucim,1278.26,4
48,58.336393,TCGA-A2-A0T1-01Z-00-DX1.CD1E9C46-18A3-466B-AA0B-24F3055FA851,cucim,2941.79,4
48,59.289711,TCGA-E2-A14V-01Z-00-DX1.D6274B5E-644C-478C-817F-B8BB9262D6F4,cucim,1358.11,4
48,60.201233,TCGA-A8-A0A4-01Z-00-DX1.06C38F98-F34B-49F0-AFB5-7F0086188346,cucim,1539.20,4
48,61.043671,TCGA-D8-A141-01Z-00-DX1.10F6EEB2-C920-43FF-B5A7-B5A651CBDBE3,cucim,2228.67,4
48,61.971737,TCGA-D8-A147-01Z-00-DX1.159094F2-BB78-4910-B7AE-3D7CAAB1DAD9,cucim,1545.06,4
48,62.962732,TCGA-LL-A73Z-01Z-00-DX1.C010142E-29C0-411D-9E0E-4B7D8A4C09BF,cucim,1924.23,4
48,63.691355,TCGA-AC-A62V-01Z-00-DX1.2D8994FD-58B8-43C1-B99D-AA964E7DFD60,cucim,4738.94,4
48,64.483232,TCGA-BH-A18N-01Z-00-DX1.FE0E24A1-8AE9-4021-B9C7-B408EE0DE329,cucim,2167.68,4
48,65.266485,TCGA-D8-A27K-01Z-00-DX1.25AF7928-046B-45BF-BAD6-F34156203F5A,cucim,1580.41,4
48,65.937352,TCGA-E2-A15S-01Z-00-DX1.77CFA95F-F1AE-41BD-BAF8-BCA6F0DFA3A3,cucim,2172.29,4
48,66.624431,TCGA-AO-A0JE-01Z-00-DX1.82D33053-E305-47D8-9B02-B55511EBB06D,cucim,3068.46,4
48,67.367706,TCGA-B6-A0X4-01Z-00-DX1.4B7914DE-3436-4D69-9BC6-F6419D3CC518,cucim,919.65,4
48,68.096547,TCGA-D8-A27I-01Z-00-DX1.ACAE0048-7AF0-41C9-992B-6ACDABF80B1C,cucim,1196.55,4
48,68.715009,TCGA-EW-A1PD-01Z-00-DX1.6F6A0122-A50B-4D00-9A3F-7A2502D44E38,cucim,862.60,4
48,69.338029,TCGA-GM-A2D9-01Z-00-DX1.AF4BF2DD-05FB-400B-A1BC-6E7C9B9DDF05,cucim,1505.65,4
48,69.968136,TCGA-AC-A2FG-01Z-00-DX1.0F13DE40-9F7A-42C6-AB3D-02E8521B690A,cucim,2745.98,4
49,10.992398,TCGA-E9-A1NH-01Z-00-DX1.20FF11B7-DAF0-41C2-B7C5-449BA5268EC0,cucim,1841.77,4
49,12.171299,TCGA-E9-A1NH-01Z-00-DX1.20FF11B7-DAF0-41C2-B7C5-449BA5268EC0,cucim,1723.11,4
49,13.417627,TCGA-GM-A2DN-01Z-00-DX1.593003B0-BA87-486B-B472-D6B85867D54D,cucim,1526.38,4
49,14.516704,TCGA-D8-A1XM-01Z-00-DX1.5F6A140E-5D20-45F6-B76F-0F98AB27AD08,cucim,2397.62,4
49,15.877407,TCGA-AQ-A04J-01Z-00-DX1.6A4E16D4-2696-4E5F-BCA8-708556FC3A8C,cucim,1143.19,4
49,17.326894,TCGA-E9-A5UP-01Z-00-DX1.135466CC-601C-48B2-935D-42F8D7C4CDF7,cucim,2016.00,4
49,18.664573,TCGA-BH-A1FL-01Z-00-DX1.D3E9F46E-9A28-4AAE-8C87-D6F1851227A3,cucim,4993.15,4
49,20.134667,TCGA-AO-A124-01Z-00-DX1.E3C7B017-6154-4630-9BDE-0CAC946D0209,cucim,6996.33,4
49,21.623230,TCGA-BH-A1EU-01Z-00-DX1.5A0956EF-0100-47FD-9026-1994CF22D0F1,cucim,1808.73,4
49,23.062905,TCGA-A7-A13D-01Z-00-DX2.8165A362-6A08-4BFD-9428-7EEB6C59D7F1,cucim,1941.53,4
49,24.234052,TCGA-D8-A1Y1-01Z-00-DX1.477390C8-2141-4ADD-813E-25220D2A71FC,cucim,4408.78,4
49,25.418500,TCGA-LL-A7T0-01Z-00-DX1.B03BBA63-ACF4-4BCA-9F2B-F631F0C6A25C,cucim,1493.73,4
49,26.769531,TCGA-OL-A6VO-01Z-00-DX1.291D54D6-EBAF-4622-BD42-97AA5997F014,cucim,1099.43,4
49,28.196117,TCGA-A2-A0YH-01Z-00-DX1.FBA5E711-8275-45B3-BC20-5A786EE23548,cucim,4515.12,4
49,29.447130,TCGA-EW-A423-01Z-00-DX1.31502D62-9C83-4A9C-9682-05A185486EAA,cucim,1913.22,4
49,30.832465,TCGA-A8-A09W-01Z-00-DX1.BF33B0F9-5786-4682-B59E-DCBD33D7BB03,cucim,2198.38,4
49,32.022365,TCGA-E2-A14W-01Z-00-DX1.2AF665A9-F582-4C41-B2B8-1982648CDEC7,cucim,1247.49,4
49,33.252712,TCGA-D8-A27G-01Z-00-DX1.04FCF306-67AA-4F56-AE90-44A4F5DD56D4,cucim,1986.30,4
49,34.526066,TCGA-OL-A66O-01Z-00-DX1.5F1E4C60-5CE8-41B4-A94D-4AA80D9253F9,cucim,5262.41,4
49,35.853630,TCGA-AO-A03N-01Z-00-DX1.79A8816D-961F-4D79-90B4-341919297A90,cucim,2094.40,4
49,37.055161,TCGA-BH-A0HB-01Z-00-DX1.F90F7139-B804-4548-9FAF-9B475BF225EB,cucim,1503.19,4
49,38.133837,TCGA-D8-A1JK-01Z-00-DX1.3190C919-A403-460D-9F6C-D2AB5FD3FD05,cucim,4661.99,4
49,39.551426,TCGA-B6-A0I9-01Z-00-DX1.78E1D43A-507E-482E-B988-AF13B12B4497,cucim,2596.10,4
49,41.001925,TCGA-B6-A1KF-01Z-00-DX1.2E08E830-4216-4CD0-9646-1F489300E11D,cucim,2665.30,4
49,42.376831,TCGA-A8-A06P-01Z-00-DX1.37660D0F-1595-43C5-9D30-58D6CB93B52C,cucim,2643.97,4
49,43.688002,TCGA-OL-A5RY-01Z-00-DX1.AE4E9D74-FC1C-4C1E-AE6D-5DF38899BBA6,cucim,4247.86,4
49,44.725911,TCGA-E2-A15H-01Z-00-DX1.E3A9DFDC-204D-4F03-98D9-97BBBB74E840,cucim,1832.37,4
49,45.846365,TCGA-C8-A12Q-01Z-00-DX1.CE74E5B7-FD30-4CBE-8716-ECCF2213AAC3,cucim,1630.27,4
49,46.935618,TCGA-BH-A18P-01Z-00-DX1.C66642D3-BE44-4D65-B4AE-C1C3D959D22C,cucim,3586.40,4
49,48.035594,TCGA-LL-A5YP-01Z-00-DX1.ADA978DF-6625-4C4D-AE0C-F589B2BA4897,cucim,5183.29,4
49,49.115665,TCGA-PL-A8LV-01A-02-DX2.346FF42B-2363-4B37-8884-12D5F841842C,cucim,1953.73,4
49,50.363907,TCGA-A1-A0SK-01Z-00-DX1.A44D70FA-4D96-43F4-9DD7-A61535786297,cucim,1848.43,4
49,51.368945,TCGA-E2-A14N-01Z-00-DX1.15F5644F-CA9F-4688-B56E-BCC00CA4769B,cucim,1725.86,4
49,52.453269,TCGA-D8-A142-01Z-00-DX1.F6D58989-9120-40C9-918D-6B1650C1A8E8,cucim,2895.32,4
49,53.459949,TCGA-D8-A1JS-01Z-00-DX1.76C592B0-DC6D-401A-9533-C9FE5B6CA08D,cucim,2443.57,4
49,54.512539,TCGA-PE-A5DD-01Z-00-DX1.E1EF11EC-B87B-49DE-A544-2E162F9AE789,cucim,3392.03,4
49,55.572675,TCGA-OL-A6VO-01Z-00-DX1.291D54D6-EBAF-4622-BD42-97AA5997F014,cucim,1370.64,4
49,56.605446,TCGA-B6-A0RG-01Z-00-DX1.C83D21A0-EC61-459C-9776-EA3D91469E72,cucim,1536.07,4
49,57.945946,TCGA-OL-A66I-01Z-00-DX1.8CE9DCAB-98D3-4163-94AC-1557D86C1E25,cucim,3498.79,4
49,59.025494,TCGA-LD-A9QF-01Z-00-DX1.092108DF-1A60-459E-ACE6-5A71826A98D1,cucim,3680.51,4
49,59.991781,TCGA-A2-A0T1-01Z-00-DX1.CD1E9C46-18A3-466B-AA0B-24F3055FA851,cucim,1982.96,4
49,60.969776,TCGA-A8-A08O-01Z-00-DX1.BC87C01D-F081-41CA-939A-875C61588E88,cucim,1650.25,4
49,61.899396,TCGA-AR-A1AV-01Z-00-DX1.93698893-7C5C-44C1-A488-ED358D523693,cucim,1642.14,4
49,62.733377,TCGA-GM-A2D9-01Z-00-DX1.AF4BF2DD-05FB-400B-A1BC-6E7C9B9DDF05,cucim,2403.60,4
49,63.632836,TCGA-D8-A1XZ-01Z-00-DX1.8E51A61D-B01C-4A52-8F5D-44D2ABCA46FC,cucim,2103.59,4
49,64.528407,TCGA-A8-A06T-01Z-00-DX1.BA8B8FC3-6169-48C1-BE1F-37F140CB4D3B,cucim,1980.29,4
49,65.544190,TCGA-A2-A0YJ-01Z-00-DX1.8135C74E-DAA8-4C8E-AF14-A4B5B57695BE,cucim,2227.12,4
49,66.372840,TCGA-D8-A27H-01Z-00-DX1.BE9DFDD4-97C5-4327-B1DA-4B34A6F267C5,cucim,1573.21,4
49,67.138275,TCGA-BH-A0BZ-01Z-00-DX1.45EB3E93-A871-49C6-9EAE-90D98AE01913,cucim,1581.97,4
49,67.930805,TCGA-AO-A0JF-01Z-00-DX1.3277D13C-F257-4D4C-AB5C-BEBA2E1A63D8,cucim,2146.95,4
49,68.627979,TCGA-GM-A2DK-01Z-00-DX1.4F81A585-9549-454C-8E15-2E4545795460,cucim,1576.08,4
49,69.309268,TCGA-AR-A5QM-01Z-00-DX1.A9017CED-FF57-4090-95B9-94DC91854347,cucim,1599.65,4
49,69.955138,TCGA-OK-A5Q2-01Z-00-DX2.C828A160-87DF-4625-A8C5-2057F61D54F4,cucim,1692.37,4
50,11.336894,TCGA-AN-A0FS-01Z-00-DX1.104368C2-28DA-4E43-8B27-78336AD5ABC8,cucim,4128.34,4
50,12.447460,TCGA-A8-A097-01Z-00-DX1.4D06990E-E759-40F0-9106-59408CF350E5,cucim,2784.93,4
50,13.718175,TCGA-AR-A0TY-01Z-00-DX1.089EB6B4-9921-441D-84F3-C64C97AFC3B4,cucim,2277.59,4
50,14.925201,TCGA-C8-A26Y-01Z-00-DX1.166EE604-4EF3-401D-99E9-3A9711316CC4,cucim,1476.63,4
50,16.223421,TCGA-AO-A0J8-01Z-00-DX1.9BDD4BDE-2A07-4E0C-B146-87365CA9DE3A,cucim,2784.74,4
50,17.510676,TCGA-E9-A22H-01Z-00-DX1.0ee39fd1-b077-40ea-bd0d-8a3db474fdd5,cucim,1627.72,4
50,18.722657,TCGA-A2-A0CW-01Z-00-DX1.8E313A22-B0E8-44CF-ADEA-8BF29BA23FFE,cucim,2010.83,4
50,20.042953,TCGA-A2-A3XZ-01Z-00-DX1.B7A1344E-7015-4A21-B3D4-EB760161BE7C,cucim,4340.98,4
50,21.390369,TCGA-BH-A0HK-01Z-00-DX1.019036F5-647A-4EC4-8479-F2C100291AEF,cucim,2381.68,4
50,22.702105,TCGA-OL-A5RV-01Z-00-DX1.920AC243-1DAC-4854-BEB6-1CBCC950F26B,cucim,4994.71,4
50,24.282447,TCGA-OL-A5RV-01Z-00-DX1.920AC243-1DAC-4854-BEB6-1CBCC950F26B,cucim,3932.65,4
50,25.382763,TCGA-OL-A5RZ-01Z-00-DX1.6394C05E-1C34-4F4B-8859-F5E961E7EFF9,cucim,3325.45,4
50,26.564014,TCGA-A8-A09K-01Z-00-DX1.41B2DF5F-C0E1-43BB-BAA5-2946A9EC4650,cucim,2658.29,4
50,27.816439,TCGA-D8-A1X7-01Z-00-DX1.3529AEED-2827-4D94-9A8B-32F116EE49D5,cucim,6237.03,4
50,28.900125,TCGA-BH-A0E0-01Z-00-DX1.01E88024-83DF-4282-ABAF-F4E35807DA06,cucim,4017.95,4
50,30.094965,TCGA-E2-A14W-01Z-00-DX1.2AF665A9-F582-4C41-B2B8-1982648CDEC7,cucim,1990.75,4
50,31.374112,TCGA-A8-A09R-01Z-00-DX1.392580F3-0CE5-4EDB-91CF-814AAD0DB649,cucim,3503.59,4
50,32.593790,TCGA-EW-A6S9-01Z-00-DX1.4A8CD2D4-D528-465C-82DC-9CAE35DD424B,cucim,4188.60,4
50,33.951012,TCGA-UL-AAZ6-01Z-00-DX1.0488628B-C06B-4A1D-9198-EC29D0BACF6E,cucim,4138.53,4
50,35.178425,TCGA-Z7-A8R5-01Z-00-DX1.3BDB407F-514C-4131-B058-FA1E69154276,cucim,1520.03,4
50,36.226333,TCGA-E9-A1NI-01Z-00-DX1.AF90ACEF-EDED-40E6-955B-80ACC49778F9,cucim,4883.11,4
50,37.268360,TCGA-E2-A15K-01Z-00-DX1.9F424BE2-9BFE-4DFF-8CC9-10D2DADBBEA7,cucim,1422.46,4
50,38.298152,TCGA-EW-A1PE-01Z-00-DX1.8EF56824-0B37-4AD1-AF3E-7988FCBEF773,cucim,2038.62,4
50,39.294155,TCGA-C8-A274-01Z-00-DX1.B667DAB1-C944-4285-A312-5E4DDAE0EE78,cucim,1456.07,4
50,40.391008,TCGA-BH-A0DG-01Z-00-DX1.D3C4F57F-608F-46AA-A978-B558117C9DFB,cucim,2571.46,4
50,41.510661,TCGA-AR-A24H-01Z-00-DX1.5CFC7E16-3F38-4531-968C-A4E4C9D00659,cucim,3000.38,4
50,42.592501,TCGA-D8-A1JN-01Z-00-DX1.3B02989C-CEA0-4EDD-A6DC-21C3A957C640,cucim,1821.98,4
50,43.820576,TCGA-E9-A244-01Z-00-DX1.4FDAA892-9DBF-4E5D-89F3-2A84C8AC8F0A,cucim,2624.74,4
50,44.784267,TCGA-EW-A1P7-01Z-00-DX1.97575C9F-C318-45A5-A4B7-1A902B93FA3F,cucim,2511.11,4
50,45.766491,TCGA-E9-A1RI-01Z-00-DX1.3259644B-0888-4B18-B16F-397D55167EAD,cucim,1950.74,4
50,46.730001,TCGA-C8-A12M-01Z-00-DX1.0C5F2DED-873F-4C86-97A2-2AA76A6236DF,cucim,2780.43,4
50,47.786749,TCGA-E2-A1IE-01Z-00-DX1.D6BF29A7-4FBD-4F7D-B093-991FA0F49FE8,cucim,1593.07,4
50,48.848317,TCGA-D8-A1X5-01Z-00-DX2.E4D28EE2-9C87-4613-BD2E-89FBEF960DEE,cucim,1551.38,4
50,49.807056,TCGA-C8-A26W-01Z-00-DX1.CFF07941-6CD1-4CF9-BE5F-387DA67B66CC,cucim,2972.89,4
50,50.904805,TCGA-D8-A1XF-01Z-00-DX2.1460E522-5B87-4690-8B6B-3183C5D282D6,cucim,1466.02,4
50,51.905991,TCGA-C8-A1HL-01Z-00-DX1.CC21CAE9-DE48-4ADE-A959-5A99010AAFAC,cucim,1742.37,4
50,52.866411,TCGA-EW-A1IW-01Z-00-DX1.0DE87057-951F-4887-A2D5-485736D66E4E,cucim,3167.35,4
50,53.688041,TCGA-E2-A15H-01Z-00-DX1.E3A9DFDC-204D-4F03-98D9-97BBBB74E840,cucim,1610.14,4
50,54.414819,TCGA-GM-A2DH-01Z-00-DX1.5790F15F-2A0F-4929-8FE4-18A557007989,cucim,2192.88,4
50,55.142772,TCGA-A7-A26E-01Z-00-DX1.BA4A7E28-0563-4C23-82D0-AB34A2E79AE3,cucim,2001.93,4
50,55.896922,TCGA-D8-A140-01Z-00-DX1.5B9382C0-332C-4FBF-82CD-B9453D02B815,cucim,1830.59,4
50,56.637245,TCGA-AO-A1KT-01Z-00-DX1.47878910-4359-4795-B0BB-FAC147C8D932,cucim,4698.19,4
50,57.327162,TCGA-AO-A0JC-01Z-00-DX1.C8DD421B-9799-4FE7-9224-5EAC6ED1028E,cucim,1650.62,4
50,58.008703,TCGA-E2-A14X-01Z-00-DX1.24ADDA43-F127-4A6B-9AAD-2FAD982A853D,cucim,1692.67,4
50,58.633400,TCGA-AO-A0J7-01Z-00-DX1.DBA7BA24-CEEF-4636-87BB-D12D8DF016A3,cucim,2723.14,4
50,59.239656,TCGA-A7-A0D9-01Z-00-DX1.FBC3B90F-C58B-4476-8354-0AF9248324E3,cucim,1196.16,4
50,59.828778,TCGA-D8-A142-01Z-00-DX1.F6D58989-9120-40C9-918D-6B1650C1A8E8,cucim,1560.53,4
50,60.475303,TCGA-A2-A4RX-01Z-00-DX1.E2C96C9D-5023-4F41-8CC8-24C6E015B252,cucim,1123.41,4
50,61.106479,TCGA-AR-A2LM-01Z-00-DX1.CB64A062-2E35-41F9-97C7-07BB60754799,cucim,1334.49,4
50,61.644484,TCGA-B6-A1KC-01Z-00-DX1.4DD3E48B-F434-499F-9FF1-0FFD2883A375,cucim,1411.52,4
50,62.197417,TCGA-E2-A154-01Z-00-DX1.01FC9B1A-8ECD-4467-9EDD-0B02E4AEEF72,cucim,1270.82,4
50,62.727000,TCGA-E9-A228-01Z-00-DX1.adbeed20-3b14-44fe-a98a-3bf7cecea30a,cucim,1456.58,4
50,63.254122,TCGA-AR-A256-01Z-00-DX1.950D4546-4BF4-4380-9877-51D86A93D755,cucim,919.23,4
50,63.789588,TCGA-E9-A1N4-01Z-00-DX1.71c8d4a5-ec99-4012-9fe2-ddb3349ad5bc,cucim,1385.51,4
50,64.340184,TCGA-A2-A1G1-01Z-00-DX1.E52A474F-DE13-41CF-94D4-D00BAC46ECF4,cucim,1389.58,4
50,64.869600,TCGA-E9-A1NH-01Z-00-DX1.20FF11B7-DAF0-41C2-B7C5-449BA5268EC0,cucim,934.41,4
50,65.351400,TCGA-A7-A26G-01Z-00-DX1.29A27673-A16D-4044-BCCF-14BF6236D7D3,cucim,902.17,4
50,65.816985,TCGA-BH-A1FE-01Z-00-DX1.8FB57ECF-350B-44E4-8612-63E8374D3C4B,cucim,884.34,4
50,66.274127,TCGA-A2-A0EP-01Z-00-DX1.1180C406-5C18-4373-8621-1B7B70875113,cucim,874.38,4
50,66.743638,TCGA-A1-A0SN-01Z-00-DX1.5E9B85AE-AFB7-41DC-8A1B-BD6DA39B6540,cucim,1106.99,4
50,67.211268,TCGA-AR-A2LN-01Z-00-DX1.3EF43524-28B8-4326-9356-6BCBC63A1DA8,cucim,864.26,4
50,67.684035,TCGA-AN-A0FV-01Z-00-DX1.C0D02946-FCDA-472D-895D-7ACF5C96B264,cucim,1035.78,4
50,68.267871,TCGA-BH-A18N-01Z-00-DX1.FE0E24A1-8AE9-4021-B9C7-B408EE0DE329,cucim,1007.15,4
50,68.779417,TCGA-AR-A1AT-01Z-00-DX1.6ED69002-2CC1-4AD4-9573-B245D7C2D060,cucim,858.86,4
50,69.227803,TCGA-D8-A1JC-01Z-00-DX1.16D32FE8-4D76-4EEC-9739-D394087605BC,cucim,824.54,4
50,69.666792,TCGA-B6-A2IU-01Z-00-DX1.3C7DF701-4ED9-4989-AA63-A6B7B105F6EE,cucim,1395.85,4
51,11.256057,TCGA-EW-A1IW-01Z-00-DX1.0DE87057-951F-4887-A2D5-485736D66E4E,cucim,5860.89,4
51,12.670540,TCGA-D8-A3Z6-01Z-00-DX1.4076A770-5901-4325-85C3-AF7B192272F5,cucim,5516.52,4
51,14.364275,TCGA-AC-A6IV-01Z-00-DX1.DA4F4B9F-9070-4B3A-996F-311E0A989FFB,cucim,10180.95,4
51,15.923229,TCGA-E2-A1IL-01Z-00-DX1.46B6AA99-C7CE-4573-B15D-2C56A708B082,cucim,3567.61,4
51,17.271237,TCGA-5L-AAT1-01Z-00-DX1.F3449A5B-2AC4-4ED7-BF44-4C8946CDB47D,cucim,1986.84,4
51,18.532406,TCGA-A8-A09K-01Z-00-DX1.41B2DF5F-C0E1-43BB-BAA5-2946A9EC4650,cucim,2308.34,4
51,19.935245,TCGA-GM-A2DI-01Z-00-DX1.5E9715EA-9D2B-49D0-8F1D-972CF24B1960,cucim,3229.54,4
51,21.233374,TCGA-E2-A15H-01Z-00-DX1.E3A9DFDC-204D-4F03-98D9-97BBBB74E840,cucim,2985.50,4
51,22.532338,TCGA-D8-A145-01Z-00-DX2.B834BF47-1CD6-45EA-BB88-D8ECE1FDDC6A,cucim,3650.82,4
51,23.816689,TCGA-BH-A18T-01Z-00-DX1.90123A74-F631-4538-AB2E-4076486ADF88,cucim,2325.02,4
51,25.182378,TCGA-D8-A27R-01Z-00-DX2.31F47D8F-DFD7-42AE-BBBA-7DBBA12FA97D,cucim,1592.50,4
51,26.460830,TCGA-A2-A0CU-01Z-00-DX1.5B77D21C-A497-478B-9752-3730322AD9ED,cucim,7872.00,4
51,27.717775,TCGA-A1-A0SH-01Z-00-DX1.90E71B08-E1D9-4FC2-85AC-062E56DDF17C,cucim,2743.20,4
51,28.988809,TCGA-A7-A6VV-01Z-00-DX1.07AE0E16-A883-4C86-BC74-4E13081175F2,cucim,1723.97,4
51,30.451641,TCGA-3C-AALJ-01Z-00-DX1.777C0957-255A-42F0-9EEB-A3606BCF0C96,cucim,6607.90,4
51,31.661226,TCGA-AO-A0JG-01Z-00-DX1.FA785D56-B4FF-4CC3-A631-5C748E8E0558,cucim,2350.58,4
51,32.837286,TCGA-A7-A26E-01Z-00-DX1.BA4A7E28-0563-4C23-82D0-AB34A2E79AE3,cucim,2280.70,4
51,34.119941,TCGA-E2-A1BD-01Z-00-DX1.A2AFF7AD-ED47-43E4-87FE-62882BAEB8DA,cucim,1765.53,4
51,35.515246,TCGA-OL-A66J-01Z-00-DX1.661F7F70-E4D4-4875-B8C4-556F7927F3BA,cucim,6900.84,4
51,36.676696,TCGA-AO-A03L-01Z-00-DX1.DE6561A9-E6B8-4BF0-AAA8-F91C87A66037,cucim,3822.49,4
51,38.004615,TCGA-C8-A12P-01Z-00-DX1.670B5DE8-07B0-4E4C-93FA-FA3DFFCCE50D,cucim,4935.88,4
51,39.162795,TCGA-AR-A24P-01Z-00-DX1.08BE8830-C55E-4E2B-9378-371A670C75FD,cucim,1388.95,4
51,40.375347,TCGA-E9-A1RD-01Z-00-DX1.34083668-cbd2-4610-b857-d50ee9f3e5bd,cucim,1629.43,4
51,41.436877,TCGA-LL-A5YN-01Z-00-DX1.F221939B-3680-4B95-93A9-BE8599550E87,cucim,1829.37,4
51,42.568680,TCGA-A7-A0D9-01Z-00-DX2.66CD9ED8-223B-4AC8-AA1A-2481FB0C47B3,cucim,1704.36,4
51,43.602396,TCGA-UL-AAZ6-01Z-00-DX1.0488628B-C06B-4A1D-9198-EC29D0BACF6E,cucim,1186.73,4
51,44.582886,TCGA-EW-A424-01Z-00-DX1.662894F0-31FE-494B-9A9E-7C369AE23D27,cucim,1798.83,4
51,45.534461,TCGA-E9-A1N5-01Z-00-DX1.94DE7B4B-3798-4CC2-8A64-77796A58821A,cucim,1987.51,4
51,46.546037,TCGA-AR-A250-01Z-00-DX1.572A2F73-6BF5-4932-BFEF-4B8904755ACF,cucim,2106.29,4
51,47.634653,TCGA-A8-A09K-01Z-00-DX1.41B2DF5F-C0E1-43BB-BAA5-2946A9EC4650,cucim,2472.28,4
51,48.671921,TCGA-BH-A1FL-01Z-00-DX1.D3E9F46E-9A28-4AAE-8C87-D6F1851227A3,cucim,1491.59,4
51,49.703574,TCGA-E2-A9RU-01Z-00-DX1.A06BE284-B9DC-4B45-A202-A9D027AEEDD9,cucim,2627.74,4
51,50.761079,TCGA-GM-A2DO-01Z-00-DX1.60817A51-93B7-483D-ABC9-8ED6341C6660,cucim,1521.55,4
51,51.733925,TCGA-OL-A6VQ-01Z-00-DX1.E3B81163-0239-47C3-B53F-064405B58685,cucim,2631.23,4
51,52.706444,TCGA-AO-A0J9-01Z-00-DX1.E37C342B-9B6A-4BEE-B064-A82C3579CC66,cucim,3840.28,4
51,53.921930,TCGA-BH-A2L8-01Z-00-DX1.ACA51CA9-3C38-48A6-B4A9-C12FFAB9AB56,cucim,2925.94,4
51,54.942525,TCGA-E2-A15M-01Z-00-DX1.6E4671E5-18EA-4464-BE7C-C94767136E5C,cucim,2379.75,4
51,55.925426,TCGA-BH-A0BA-01Z-00-DX1.579E11C9-437C-4D49-8811-DD94D8454712,cucim,1786.29,4
51,56.824153,TCGA-BH-A209-01Z-00-DX1.88B11AEB-11FA-4D23-BC21-378EF177E04B,cucim,2257.26,4
51,57.877901,TCGA-A8-A079-01Z-00-DX1.DC32BC20-A3BC-43B3-B69F-1E71E289EA34,cucim,2018.60,4
51,59.038014,TCGA-OL-A5S0-01Z-00-DX1.49A7AC9D-C186-406C-BA67-2D73DE82E13B,cucim,3044.13,4
51,59.855147,TCGA-EW-A1P0-01Z-00-DX1.6C75EEBD-CE05-4DE2-8C43-8B6435F1379F,cucim,1295.75,4
51,60.738941,TCGA-A8-A07O-01Z-00-DX1.3D657129-F2A7-4BC1-A910-805FBDCE2212,cucim,1382.90,4
51,61.631110,TCGA-D8-A27M-01Z-00-DX1.3020D223-2400-4A2D-8BFE-08A5B78FE13B,cucim,1111.67,4
51,62.313647,TCGA-D8-A1XF-01Z-00-DX2.1460E522-5B87-4690-8B6B-3183C5D282D6,cucim,1374.18,4
51,62.979284,TCGA-BH-A18F-01Z-00-DX1.81A81589-2D77-4CD6-BD34-76E292AA031D,cucim,1265.28,4
51,63.646330,TCGA-C8-A26Z-01Z-00-DX1.1A15D951-F3BD-4024-91DD-E7633C09A837,cucim,1530.86,4
51,64.287173,TCGA-BH-A0HF-01Z-00-DX1.1EB2F7CE-54F4-4E41-A3CF-78209770B7CE,cucim,1156.97,4
51,64.916169,TCGA-D8-A141-01Z-00-DX1.10F6EEB2-C920-43FF-B5A7-B5A651CBDBE3,cucim,1394.51,4
51,65.538687,TCGA-AC-A3W5-01Z-00-DX1.522F702C-776E-45F1-84D3-1648DF04137C,cucim,1238.75,4
51,66.194406,TCGA-E9-A22E-01Z-00-DX1.3d5b1ba6-466f-4852-b1fc-bc29ef3be9a2,cucim,1896.37,4
51,66.778586,TCGA-E9-A3Q9-01Z-00-DX1.2D0CA5D4-CCE5-4647-BFB3-D5359F53DA83,cucim,967.13,4
51,67.321077,TCGA-E9-A5FL-01Z-00-DX1.FB810D6A-303E-45DF-BEF1-D9CE83B4417E,cucim,1363.52,4
51,67.894445,TCGA-A8-A07F-01Z-00-DX1.E6FE5B3A-A412-4E7B-A710-7DFD3596F4E3,cucim,1374.52,4
51,68.394820,TCGA-E2-A15R-01Z-00-DX1.B58D2D9D-05EE-4D66-8DC0-9E5C6AD2E3D3,cucim,1148.46,4
51,68.971667,TCGA-OL-A5RZ-01Z-00-DX1.6394C05E-1C34-4F4B-8859-F5E961E7EFF9,cucim,2314.63,4
51,69.575906,TCGA-E2-A573-01Z-00-DX1.D6633BC2-524D-4153-952F-6B1D8D067370,cucim,1049.28,4
52,11.069798,TCGA-E9-A226-01Z-00-DX1.14f1f4c7-4e6e-4574-af20-60d2ab511b2a,cucim,1286.76,4
52,12.255282,TCGA-PL-A8LY-01A-01-DX1.32047D5E-8A42-480A-B2B8-A56B47B949FD,cucim,3025.55,4
52,13.483614,TCGA-AC-A3YJ-01Z-00-DX1.8E665F69-FD8C-419A-871F-3AEE2E5A3A60,cucim,4984.46,4
52,15.108062,TCGA-AC-A2FK-01Z-00-DX1.033F3C27-9860-4EF3-9330-37DE5EC45724,cucim,13916.21,4
52,16.584940,TCGA-AO-A0JB-01Z-00-DX1.250FE098-345B-4981-9236-0519E1C9058E,cucim,1237.33,4
52,18.310762,TCGA-A8-A08R-01Z-00-DX1.72FBD9A3-5EB9-4855-89EB-697883C2EA9B,cucim,1657.22,4
52,19.812831,TCGA-E9-A3HO-01Z-00-DX1.8C897764-4CD4-40DE-9F8B-7F1BE5FF89C7,cucim,2916.39,4
52,21.217206,TCGA-A2-A4RW-01Z-00-DX1.4AF8656E-2478-4895-8C59-B0C969F3E474,cucim,3403.52,4
52,22.615190,TCGA-PL-A8LY-01A-02-DX2.6F9520F1-3210-4A96-81C2-A14424F650D1,cucim,4170.37,4
52,24.086840,TCGA-D8-A146-01Z-00-DX1.D93FB315-E5D7-49BA-8380-38B16B70361B,cucim,1191.97,4
52,25.497897,TCGA-A8-A076-01Z-00-DX1.BAAC4F9C-0C04-42FB-95F4-D765305089B8,cucim,2664.54,4
52,26.948729,TCGA-AC-A8OQ-01Z-00-DX1.15946A44-711C-4765-AB46-5CFB7BD11E42,cucim,14216.11,4
52,28.694423,TCGA-B6-A0RO-01Z-00-DX1.3ADBFF05-92CE-41B5-BD49-CB3CE5B74CC9,cucim,1436.55,4
52,30.326435,TCGA-E2-A570-01Z-00-DX1.64E5F2CA-9396-40DC-A300-04A54657BDE6,cucim,2467.37,4
52,31.503393,TCGA-A7-A5ZX-01Z-00-DX2.02F586FE-4775-480B-8035-D6AD3386F45D,cucim,1761.13,4
52,32.794384,TCGA-AR-A0TZ-01Z-00-DX1.2D58BE38-03F6-4310-8E06-F1A523FB0904,cucim,4024.83,4
52,34.141827,TCGA-E2-A1LB-01Z-00-DX1.B4AFDB08-BA09-4F6E-806E-4054B790AB8E,cucim,2690.16,4
52,35.557503,TCGA-D8-A1XR-01Z-00-DX1.7F443346-C564-47B6-9736-6944230CAF46,cucim,1670.97,4
52,36.884608,TCGA-D8-A1XL-01Z-00-DX2.FDE2C80D-5DC4-4743-A180-C5AFC5BB0BE2,cucim,2548.44,4
52,38.195192,TCGA-E9-A1R5-01Z-00-DX1.b870d5eb-6259-4b49-86e4-569a9e32ecd5,cucim,2305.16,4
52,39.579022,TCGA-EW-A1OV-01Z-00-DX1.93698123-5B34-4163-848B-2D75A5F7B001,cucim,1882.49,4
52,40.999860,TCGA-BH-A1FM-01Z-00-DX1.860C5169-FE2B-43A6-A13D-E736374303DD,cucim,3867.24,4
52,42.114640,TCGA-D8-A1X6-01Z-00-DX1.ABF237D4-708C-46A5-AEF8-58712E5DCC04,cucim,2326.93,4
52,43.316396,TCGA-E2-A15L-01Z-00-DX1.626032DC-D396-48E7-B888-DFEBCF7102FF,cucim,1332.28,4
52,44.456838,TCGA-BH-A0B3-01Z-00-DX1.90CB0ED5-FBB7-4ABF-93A0-DD88D60D3D55,cucim,1809.06,4
52,45.858667,TCGA-AC-A3W6-01Z-00-DX1.88CC534C-F032-4E5D-9CC4-4BB50AA46880,cucim,3367.60,4
52,47.108548,TCGA-BH-A0DO-01Z-00-DX1.1684557E-A5D4-4828-B2D5-FA899993A019,cucim,2448.94,4
52,48.210092,TCGA-A8-A06Z-01Z-00-DX1.2BC8B71D-E01B-4CC1-B5E7-09BB54A5E1F8,cucim,1880.90,4
52,49.355596,TCGA-BH-A1FR-01Z-00-DX1.03E51FCD-DDF2-4924-827D-85A02280C9C7,cucim,2732.12,4
52,50.503213,TCGA-BH-A0EB-01Z-00-DX1.70D7BBA0-214D-4D1A-933C-7CFCDA5416A3,cucim,2488.25,4
52,51.740137,TCGA-AO-A03U-01Z-00-DX1.AE2B55F3-8BA1-4546-82B7-4D2292BE1C78,cucim,2025.66,4
52,53.351244,TCGA-AO-A1KS-01Z-00-DX1.349F9BCA-C9F0-43B4-BA6A-D20039E1C720,cucim,6871.22,4
52,54.859134,TCGA-D8-A1XU-01Z-00-DX1.769DBC38-6F0D-425B-A904-79EBA1C119EF,cucim,1392.54,4
52,55.962865,TCGA-E9-A1RA-01Z-00-DX1.E1C527C3-EDF2-442A-80FE-3E3AFBC5EF5A,cucim,2251.81,4
52,56.990054,TCGA-BH-A1FM-01Z-00-DX1.860C5169-FE2B-43A6-A13D-E736374303DD,cucim,1831.45,4
52,58.253454,TCGA-A2-A25C-01Z-00-DX1.F8E6044A-435E-42D5-94FF-C0F572F1ED99,cucim,2541.14,4
52,59.545892,TCGA-GI-A2C9-01Z-00-DX1.90181423-51ED-41FE-9B8F-973A67793D4F,cucim,2640.68,4
52,60.791494,TCGA-AO-A03N-01Z-00-DX1.79A8816D-961F-4D79-90B4-341919297A90,cucim,6456.05,4
52,61.744722,TCGA-C8-A1HO-01Z-00-DX1.0C702CEE-C373-4D00-A706-32206D41AC17,cucim,989.45,4
52,62.752911,TCGA-A8-A07E-01Z-00-DX1.AC684481-979A-46F9-91D7-C56CE85992F2,cucim,1615.00,4
52,63.729872,TCGA-E9-A3X8-01Z-00-DX1.D1532F80-F5F8-47AF-8A1B-B59E345F5D70,cucim,2150.00,4
52,64.650916,TCGA-A2-A25C-01Z-00-DX1.F8E6044A-435E-42D5-94FF-C0F572F1ED99,cucim,1626.61,4
52,65.482473,TCGA-LL-A5YN-01Z-00-DX1.F221939B-3680-4B95-93A9-BE8599550E87,cucim,2154.93,4
52,66.319418,TCGA-B6-A0RO-01Z-00-DX1.3ADBFF05-92CE-41B5-BD49-CB3CE5B74CC9,cucim,3800.97,4
52,67.156811,TCGA-AC-A2FE-01Z-00-DX1.C036AE58-3C0D-4DBF-B658-296D03FD6701,cucim,4480.92,4
52,67.888765,TCGA-AR-A1AS-01Z-00-DX1.72979519-0A90-42AD-9F23-1991F75C8CE7,cucim,1713.44,4
52,68.659392,TCGA-E2-A109-01Z-00-DX1.FCF5E9FC-F9FE-4F5F-96DD-5628E2609BEF,cucim,4040.28,4
52,69.426898,TCGA-D8-A27R-01Z-00-DX1.F6E2FD1C-0666-4788-8D95-A76D15907270,cucim,2008.31,4
53,11.706891,TCGA-A7-A0CJ-01Z-00-DX2.4B591117-5FC9-4B43-8A45-444CCCABC666,cucim,1892.81,4
53,13.030108,TCGA-AR-A24K-01Z-00-DX1.3A56BAEC-484E-4F9B-BCB4-360ABF6DDB4B,cucim,5296.73,4
53,14.454483,TCGA-BH-A0BM-01Z-00-DX1.8BD324F2-60F5-4F59-AF2D-533A5FB230BF,cucim,1952.83,4
53,15.747626,TCGA-E9-A1NF-01Z-00-DX1.08779060-F710-45CB-A016-56D3C5B745E0,cucim,1778.69,4
53,17.092874,TCGA-GM-A2D9-01Z-00-DX1.AF4BF2DD-05FB-400B-A1BC-6E7C9B9DDF05,cucim,3387.23,4
53,18.310769,TCGA-D8-A1XD-01Z-00-DX1.E500D561-1F49-4F08-99AE-E8345F21B406,cucim,1348.95,4
53,19.728817,TCGA-A8-A07L-01Z-00-DX1.D9E1051F-724E-4E88-940A-C97005DC5BEB,cucim,4123.17,4
53,21.270018,TCGA-LD-A7W6-01Z-00-DX1.3E125146-B447-4973-AE09-6D374970B46C,cucim,5757.36,4
53,22.593362,TCGA-C8-A1HG-01Z-00-DX1.F2AB6D0F-4D6B-491F-915B-92E838E79D67,cucim,2344.72,4
53,23.796222,TCGA-JL-A3YX-01Z-00-DX1.0FE8F389-F79A-4CF8-A83C-420380A02552,cucim,5242.74,4
53,24.930428,TCGA-BH-A1FL-01Z-00-DX1.D3E9F46E-9A28-4AAE-8C87-D6F1851227A3,cucim,2279.05,4
53,26.115594,TCGA-A8-A08O-01Z-00-DX1.BC87C01D-F081-41CA-939A-875C61588E88,cucim,3144.08,4
53,27.357030,TCGA-BH-A0BF-01Z-00-DX1.934DF984-9054-4B20-B85B-9CF94B8DC3D4,cucim,973.49,4
53,28.550314,TCGA-A2-A0CM-01Z-00-DX1.AC4901DE-4B6D-4185-BB9F-156033839828,cucim,1601.98,4
53,29.787298,TCGA-B6-A0WX-01Z-00-DX1.1C4F7BCC-8423-4941-9490-0F35038E1878,cucim,1562.68,4
53,30.961602,TCGA-BH-A0BR-01Z-00-DX1.F7912887-8AE9-4391-9B83-9AC7B4FF38EF,cucim,5644.01,4
53,32.287469,TCGA-AC-A4ZE-01Z-00-DX1.A9BB4DBC-4314-4A77-AA1C-0882DBC370F1,cucim,13051.49,4
53,33.356553,TCGA-AO-A0J3-01Z-00-DX1.8F28BFC8-D37E-425F-A9E3-4C23F083237C,cucim,5876.36,4
53,34.553318,TCGA-AN-A0FW-01Z-00-DX1.5EEDFC71-6ABE-4189-8C45-2127403A8F04,cucim,1877.31,4
53,35.873950,TCGA-BH-A209-01Z-00-DX1.88B11AEB-11FA-4D23-BC21-378EF177E04B,cucim,5089.03,4
53,37.181963,TCGA-UL-AAZ6-01Z-00-DX1.0488628B-C06B-4A1D-9198-EC29D0BACF6E,cucim,1510.94,4
53,38.484681,TCGA-AC-A2BM-01Z-00-DX1.162A9FA9-6E61-48BF-B0A5-C6C7640ABD9B,cucim,4132.05,4
53,39.759007,TCGA-A8-A09T-01Z-00-DX1.4183BBA4-AF11-4602-9EC2-35083C34A393,cucim,1713.65,4
53,41.075767,TCGA-E9-A1R6-01Z-00-DX1.59770592-498A-47EA-AE32-42AC1D8E99BE,cucim,1756.43,4
53,42.115455,TCGA-E9-A22G-01Z-00-DX1.2b47e321-7910-40ec-ad1c-c4e08ed26334,cucim,2313.80,4
53,43.123625,TCGA-A8-A06O-01Z-00-DX1.FA4495B2-5B13-4448-ADCB-EF5316E0955B,cucim,1915.32,4
53,44.471907,TCGA-PL-A8LY-01A-02-DX2.6F9520F1-3210-4A96-81C2-A14424F650D1,cucim,1595.76,4
53,45.679600,TCGA-BH-A42V-01Z-00-DX1.B6D78256-05D1-45FA-826A-1B8554D60B7D,cucim,1827.84,4
53,46.687202,TCGA-AN-A0AK-01Z-00-DX1.4B410152-8588-4000-870A-B31B21161015,cucim,1980.85,4
53,47.733028,TCGA-AR-A0U3-01Z-00-DX1.9BB87F9D-459F-4A18-B591-29822EA5AE18,cucim,2524.65,4
53,48.745139,TCGA-E9-A6HE-01Z-00-DX1.97514DBA-9BC0-4554-9A43-99C48C6B953A,cucim,3404.64,4
53,49.697130,TCGA-AR-A0TY-01Z-00-DX1.089EB6B4-9921-441D-84F3-C64C97AFC3B4,cucim,1672.56,4
53,50.788277,TCGA-EW-A1OY-01Z-00-DX1.42AF5C9A-A90F-4A58-B5D4-B615F8CD4333,cucim,4788.07,4
53,51.772853,TCGA-E9-A22H-01Z-00-DX1.0ee39fd1-b077-40ea-bd0d-8a3db474fdd5,cucim,2636.40,4
53,52.839960,TCGA-AO-A03M-01Z-00-DX1.9998A9A0-D0A6-48FC-80FB-AE597CB9E8AA,cucim,2565.89,4
53,53.910547,TCGA-EW-A1IX-01Z-00-DX1.72AE0E0F-B213-454F-8275-76A7C43FAB86,cucim,3351.85,4
53,54.891802,TCGA-BH-A202-01Z-00-DX1.8CECDB74-5E6F-4CE8-B52C-A89E574F38FB,cucim,2058.57,4
53,55.821054,TCGA-D8-A3Z6-01Z-00-DX2.19C6AA07-5D58-46CD-91D0-90DD5CC84022,cucim,1759.18,4
53,56.718825,TCGA-B6-A0RH-01Z-00-DX1.33DB5CF9-AC87-435B-A8AF-C4F84BEF15F1,cucim,1813.06,4
53,57.565382,TCGA-A7-A26H-01Z-00-DX1.3344CFD3-5A19-4B01-BEB2-AB89F83FD53A,cucim,1731.25,4
53,58.525202,TCGA-C8-A8HP-01Z-00-DX1.B6EE8271-2E51-4184-9B0C-2ADA69B4A714,cucim,1934.97,4
53,59.355751,TCGA-A7-A0DB-01Z-00-DX2.6C6A5F9C-294F-4A86-A0F1-B68D4729B535,cucim,1569.33,4
53,60.124719,TCGA-AR-A0TT-01Z-00-DX1.127C2A4F-62AC-4E83-99DB-13519BD2949D,cucim,1705.88,4
53,60.998287,TCGA-E9-A1ND-01Z-00-DX1.5C2F5250-A3B2-4B97-9E11-56CF3C7CA2DB,cucim,1517.71,4
53,61.941141,TCGA-EW-A2FS-01Z-00-DX1.A01C9183-2AC8-456A-B5A6-85C5BB0361D8,cucim,1743.04,4
53,62.597802,TCGA-E2-A1II-01Z-00-DX1.7F782477-0F92-4C57-8735-A1E3F95A6B94,cucim,1530.62,4
53,63.289114,TCGA-A2-A04U-01Z-00-DX1.06D17357-46A8-4DC3-A22B-2F4EB6EE3F79,cucim,1953.61,4
53,63.882970,TCGA-GM-A3NY-01Z-00-DX1.BEED8B8F-5A1B-4CE2-BB5D-A7ED40551AE4,cucim,1221.12,4
53,64.484467,TCGA-EW-A1PE-01Z-00-DX1.8EF56824-0B37-4AD1-AF3E-7988FCBEF773,cucim,908.78,4
53,65.051986,TCGA-BH-A0HU-01Z-00-DX1.73B38904-E4F8-4F45-BD75-A27EC833B6DE,cucim,1505.65,4
53,65.648464,TCGA-A8-A09K-01Z-00-DX1.41B2DF5F-C0E1-43BB-BAA5-2946A9EC4650,cucim,1356.52,4
53,66.271838,TCGA-B6-A0I9-01Z-00-DX1.78E1D43A-507E-482E-B988-AF13B12B4497,cucim,1526.32,4
53,66.796949,TCGA-A8-A092-01Z-00-DX1.2A55EA0C-47CD-426B-9697-F2B761730585,cucim,1410.10,4
53,67.343525,TCGA-D8-A3Z5-01Z-00-DX3.BB83C7D4-F795-47E7-9A5C-7DBF0EB7FDAA,cucim,1263.24,4
53,67.895808,TCGA-E9-A1RI-01Z-00-DX1.3259644B-0888-4B18-B16F-397D55167EAD,cucim,802.21,4
53,68.441219,TCGA-E9-A1RI-01Z-00-DX1.3259644B-0888-4B18-B16F-397D55167EAD,cucim,1075.08,4
53,69.005093,TCGA-AN-A0FW-01Z-00-DX1.5EEDFC71-6ABE-4189-8C45-2127403A8F04,cucim,1767.15,4
53,69.624119,TCGA-AO-A0JF-01Z-00-DX1.3277D13C-F257-4D4C-AB5C-BEBA2E1A63D8,cucim,1472.61,4
54,11.535763,TCGA-A2-A1G0-01Z-00-DX1.9ECB0B8A-EF4E-45A9-82AC-EF36375DEF65,cucim,5654.33,4
54,13.581795,TCGA-EW-A1IY-01Z-00-DX1.3FD00274-C2CD-491A-915B-23FD535A4723,cucim,6335.16,4
54,15.042413,TCGA-AR-A0TV-01Z-00-DX1.29AE9996-E73A-41F8-BCC9-23DEDCA5A7AC,cucim,2064.10,4
54,16.237265,TCGA-AR-A254-01Z-00-DX1.EA5CD008-1106-41EC-998A-04EF08EEEC9D,cucim,5922.73,4
54,17.636076,TCGA-AR-A2LM-01Z-00-DX1.CB64A062-2E35-41F9-97C7-07BB60754799,cucim,3356.77,4
54,18.944644,TCGA-BH-A0AW-01Z-00-DX1.9D50A0D2-B103-411C-831E-8520C3D50173,cucim,1743.76,4
54,20.357791,TCGA-C8-A12M-01Z-00-DX1.0C5F2DED-873F-4C86-97A2-2AA76A6236DF,cucim,6141.40,4
54,21.670308,TCGA-B6-A0I1-01Z-00-DX1.86BEC5E4-A2D1-4039-8D08-0598FA8BCC2B,cucim,2297.09,4
54,22.957211,TCGA-E2-A1AZ-01Z-00-DX1.FE769F5F-385B-4DCF-819A-735C98D84FA8,cucim,1540.51,4
54,24.396357,TCGA-LL-A6FQ-01Z-00-DX1.D4FEEC16-FC67-4C4A-A4B1-F8BA34ECBCBD,cucim,3766.73,4
54,25.672435,TCGA-D8-A1JT-01Z-00-DX2.8DB9BB5B-17F3-4D80-835D-872BA275FD3B,cucim,2224.19,4
54,26.954312,TCGA-E9-A245-01Z-00-DX1.648850D5-EB80-4FBE-8507-32313FAD1060,cucim,2183.86,4
54,28.231995,TCGA-S3-AA12-01Z-00-DX1.2A991B9F-E7E6-410B-B0BF-635E3CC40C7E,cucim,2044.43,4
54,29.477087,TCGA-C8-A1HE-01Z-00-DX1.83A5D816-E3A6-46B8-B1B8-B31486EB686E,cucim,6071.17,4
54,30.751981,TCGA-GM-A2DH-01Z-00-DX1.5790F15F-2A0F-4929-8FE4-18A557007989,cucim,1197.00,4
54,32.210529,TCGA-AC-A4ZE-01Z-00-DX1.A9BB4DBC-4314-4A77-AA1C-0882DBC370F1,cucim,6157.00,4
54,33.556438,TCGA-B6-A0IM-01Z-00-DX1.E2CBD42F-D933-4446-BE7C-C2F8B5AFB976,cucim,1570.40,4
54,34.721977,TCGA-A2-A0CX-01Z-00-DX1.F07C75AB-E568-45CB-B497-37C712490393,cucim,1481.31,4
54,35.924867,TCGA-BH-A0HL-01Z-00-DX1.972DE96D-51F4-4A2D-B074-8D965023DC01,cucim,5169.12,4
54,37.178631,TCGA-AR-A24X-01Z-00-DX1.304BF142-B01A-4AE9-B98C-FB3DE3BEAE57,cucim,2278.88,4
54,38.360372,TCGA-PE-A5DD-01Z-00-DX1.E1EF11EC-B87B-49DE-A544-2E162F9AE789,cucim,1436.02,4
54,39.653573,TCGA-A2-A3XS-01Z-00-DX1.867925C0-91D8-40A0-9FEA-25A635AC31E7,cucim,1639.52,4
54,40.879518,TCGA-BH-A18Q-01Z-00-DX1.E89E49C7-D62A-4408-A3D9-19E79FCB249E,cucim,2221.84,4
54,41.975419,TCGA-A8-A09C-01Z-00-DX1.19E0C0E9-0ED6-4E3A-95FE-A5778F5DDBCD,cucim,8643.23,4
54,43.072441,TCGA-A8-A09C-01Z-00-DX1.19E0C0E9-0ED6-4E3A-95FE-A5778F5DDBCD,cucim,11021.44,4
54,44.250625,TCGA-A2-A0CK-01Z-00-DX1.C3226BD1-11B0-4034-946A-BAB42958CE85,cucim,2824.15,4
54,45.305676,TCGA-E2-A15T-01Z-00-DX1.23913E37-53A8-4E11-9B64-CDD016F6D87A,cucim,3866.49,4
54,46.352548,TCGA-BH-A0E1-01Z-00-DX1.257EB36A-1008-4890-927B-204EF05DBE90,cucim,2643.19,4
54,47.419301,TCGA-A8-A09C-01Z-00-DX1.19E0C0E9-0ED6-4E3A-95FE-A5778F5DDBCD,cucim,3279.48,4
54,48.395658,TCGA-E2-A1L9-01Z-00-DX1.F2CC1036-8EEE-4664-962E-541B8ACB10DE,cucim,1428.46,4
54,49.471255,TCGA-A2-A0YJ-01Z-00-DX1.8135C74E-DAA8-4C8E-AF14-A4B5B57695BE,cucim,2006.52,4
54,50.549926,TCGA-A7-A0CG-01Z-00-DX1.D77019C2-96B1-4EF5-A61E-5F2D5B8D9852,cucim,2815.75,4
54,51.546721,TCGA-GM-A2DL-01Z-00-DX1.1CE6992E-B1CE-45AB-B2EB-75338B6FEE9D,cucim,1623.33,4
54,52.602775,TCGA-EW-A2FW-01Z-00-DX1.4F948681-81F3-46C5-A4E8-FDE8A4116F7A,cucim,2204.89,4
54,53.571442,TCGA-D8-A27M-01Z-00-DX1.3020D223-2400-4A2D-8BFE-08A5B78FE13B,cucim,1327.11,4
54,54.754161,TCGA-AR-A24Q-01Z-00-DX1.69DC7E35-DC0D-4F20-88DA-04C25F28628C,cucim,4063.71,4
54,55.735331,TCGA-D8-A3Z5-01Z-00-DX3.BB83C7D4-F795-47E7-9A5C-7DBF0EB7FDAA,cucim,1422.81,4
54,56.763376,TCGA-A7-A13D-01Z-00-DX2.8165A362-6A08-4BFD-9428-7EEB6C59D7F1,cucim,1806.63,4
54,57.916522,TCGA-E9-A54Y-01Z-00-DX1.5FD70369-6514-4E5E-8BEF-65DAC5671E1A,cucim,2717.62,4
54,58.996553,TCGA-A8-A085-01Z-00-DX1.0DA29016-AEA4-4E5F-B679-83095A79F5B3,cucim,1523.34,4
54,60.030359,TCGA-AC-A2FO-01Z-00-DX1.46929316-D7ED-4D69-B068-409BFFBCEC4D,cucim,5193.72,4
54,60.850160,TCGA-A2-A0T2-01Z-00-DX1.29A5C4C8-6AE8-44EE-98C2-ACBCBFBE9D60,cucim,3197.47,4
54,61.731409,TCGA-3C-AALJ-01Z-00-DX1.777C0957-255A-42F0-9EEB-A3606BCF0C96,cucim,3336.96,4
54,62.601485,TCGA-D8-A1XY-01Z-00-DX1.AC051FB4-1D51-449B-BF2D-9DDB4382414C,cucim,2590.72,4
54,63.384964,TCGA-EW-A6SC-01Z-00-DX1.C2D50E7C-3AD0-4038-9A1C-CAE54A3FBE2F,cucim,2231.15,4
54,64.215712,TCGA-D8-A73W-01Z-00-DX2.EBBBBA5A-AB7C-49EC-9F7F-14248C928F3A,cucim,1285.41,4
54,64.979116,TCGA-GM-A3NW-01Z-00-DX1.3B0324F0-4007-4390-AF26-3789A50684E5,cucim,1280.57,4
54,65.711009,TCGA-BH-A0HY-01Z-00-DX1.D7A1BF42-F268-4220-B71B-354CE2AF32D8,cucim,1631.57,4
54,66.356439,TCGA-AO-A0J9-01Z-00-DX1.E37C342B-9B6A-4BEE-B064-A82C3579CC66,cucim,1554.22,4
54,67.045686,TCGA-A7-A4SA-01Z-00-DX1.B48FFD3E-9B45-4CEA-ACEE-5B08058CCF5F,cucim,1920.51,4
54,67.860114,TCGA-3C-AALI-01Z-00-DX2.CF4496E0-AB52-4F3E-BDF5-C34833B91B7C,cucim,4277.50,4
54,68.470247,TCGA-C8-A12P-01Z-00-DX1.670B5DE8-07B0-4E4C-93FA-FA3DFFCCE50D,cucim,996.75,4
54,69.087319,TCGA-OL-A66N-01Z-00-DX1.ABDA3014-7B3A-4D48-A415-CB9608491ECB,cucim,1135.25,4
54,69.662762,TCGA-OL-A66N-01Z-00-DX1.ABDA3014-7B3A-4D48-A415-CB9608491ECB,cucim,1337.34,4
55,11.546553,TCGA-D8-A3Z5-01Z-00-DX2.6196B9FF-F09E-4D44-873D-E53BFB2BF4E1,cucim,3948.10,4
55,12.851400,TCGA-D8-A27P-01Z-00-DX1.EF426996-D0DC-4418-BEC4-F7CE3C82C869,cucim,2054.49,4
55,14.273215,TCGA-A8-A09W-01Z-00-DX1.BF33B0F9-5786-4682-B59E-DCBD33D7BB03,cucim,1717.91,4
55,15.498818,TCGA-AR-A0U1-01Z-00-DX1.276433E7-E841-42D2-AF21-762F2FEA3B9B,cucim,2135.98,4
55,16.809609,TCGA-AR-A2LM-01Z-00-DX1.CB64A062-2E35-41F9-97C7-07BB60754799,cucim,1759.04,4
55,18.210006,TCGA-A2-A0EW-01Z-00-DX1.F24495CB-63D8-483F-9834-F761E3F16BF0,cucim,2974.23,4
55,19.796192,TCGA-D8-A1Y0-01Z-00-DX2.7C25E941-12A6-46CE-B1A5-488D08E35684,cucim,1561.94,4
55,21.223175,TCGA-3C-AALJ-01Z-00-DX1.777C0957-255A-42F0-9EEB-A3606BCF0C96,cucim,5244.10,4
55,22.447818,TCGA-A8-A07E-01Z-00-DX1.AC684481-979A-46F9-91D7-C56CE85992F2,cucim,2128.80,4
55,23.746564,TCGA-C8-A26Y-01Z-00-DX1.166EE604-4EF3-401D-99E9-3A9711316CC4,cucim,2667.73,4
55,24.996841,TCGA-E9-A1RF-01Z-00-DX1.ee37dfd4-1431-4e80-bd7e-3e1f878273e0,cucim,6841.19,4
55,26.227083,TCGA-AC-A2B8-01Z-00-DX1.14F3A9B2-1382-436A-B53C-92FC8495AD48,cucim,2496.40,4
55,27.347875,TCGA-D8-A1Y0-01Z-00-DX1.10F40197-4174-43CC-AAD3-8CB85154FB2D,cucim,3920.20,4
55,28.483806,TCGA-A8-A06U-01Z-00-DX1.56070AB9-A73E-44B8-8051-D93E8F881BBE,cucim,3306.21,4
55,29.828252,TCGA-A8-A08A-01Z-00-DX1.3BB777A0-8652-4483-8DD6-8EB88AB0A8EF,cucim,2743.63,4
55,30.979526,TCGA-D8-A1J8-01Z-00-DX2.5DCB3447-548D-442C-86B1-CEF79B8689DF,cucim,1575.00,4
55,32.335357,TCGA-E2-A1IO-01Z-00-DX1.C812D02F-3B40-496B-9EF5-7F68ADE64962,cucim,1903.09,4
55,33.573509,TCGA-A8-A08I-01Z-00-DX1.96A0065E-5430-40F6-835E-1A7238A79DDA,cucim,2325.35,4
55,34.922951,TCGA-A1-A0SN-01Z-00-DX1.5E9B85AE-AFB7-41DC-8A1B-BD6DA39B6540,cucim,3365.15,4
55,36.439721,TCGA-3C-AALI-01Z-00-DX2.CF4496E0-AB52-4F3E-BDF5-C34833B91B7C,cucim,18939.00,4
55,37.677512,TCGA-A2-A1G1-01Z-00-DX1.E52A474F-DE13-41CF-94D4-D00BAC46ECF4,cucim,1512.86,4
55,38.786554,TCGA-EW-A2FV-01Z-00-DX1.0C59AC06-DD9B-413A-8A03-B71774F662FA,cucim,1683.06,4
55,39.856802,TCGA-D8-A27V-01Z-00-DX1.F937C53B-0B55-4271-843E-2C28F72CF28E,cucim,3039.48,4
55,40.890478,TCGA-D8-A27L-01Z-00-DX1.6572593C-B015-4F9A-8C9B-B634CAA0D3B4,cucim,2885.87,4
55,41.915870,TCGA-E2-A106-01Z-00-DX1.A8D49C06-3C93-48A6-87F8-86D646BEA28C,cucim,3050.84,4
55,42.977217,TCGA-A2-A0CV-01Z-00-DX1.B02D017A-61CD-45FE-BB31-705CD127DDAB,cucim,3074.73,4
55,43.983648,TCGA-AR-A255-01Z-00-DX1.E67C081D-50C9-451C-814B-F097B2671300,cucim,2700.44,4
55,44.951460,TCGA-BH-A0BZ-01Z-00-DX1.45EB3E93-A871-49C6-9EAE-90D98AE01913,cucim,2162.30,4
55,46.094580,TCGA-E9-A1RH-01Z-00-DX1.CC9CEDCC-7BF2-4C96-A0F1-C98071DA2CD3,cucim,2160.44,4
55,47.112196,TCGA-A2-A1G6-01Z-00-DX1.BCC3EC46-CEBF-4B37-BCF0-266D18170B54,cucim,4795.15,4
55,48.131643,TCGA-BH-A0GY-01Z-00-DX1.E1AEAA36-94FA-41ED-851F-7BB11DD3C06D,cucim,1811.11,4
55,49.048576,TCGA-AR-A1AH-01Z-00-DX1.5D5D7774-77BB-4EA0-9E8E-A8D28F70A575,cucim,1837.15,4
55,50.108786,TCGA-AR-A2LJ-01Z-00-DX1.9D6257FA-2767-4640-9252-9BE18BD9D158,cucim,1195.87,4
55,51.100507,TCGA-A2-A0SU-01Z-00-DX1.22420EE2-4FEB-42F3-9547-4739F0F73D50,cucim,1927.68,4
55,52.022925,TCGA-OL-A66I-01Z-00-DX1.8CE9DCAB-98D3-4163-94AC-1557D86C1E25,cucim,2565.48,4
55,52.907000,TCGA-GM-A2DF-01Z-00-DX1.CD0BE6D7-2DB3-4193-84CC-F9BE7BF18CC2,cucim,1114.09,4
55,53.768455,TCGA-OL-A66H-01Z-00-DX1.E54AF3FA-E59E-404C-BB83-A6FC6FC9B312,cucim,1462.37,4
55,54.648709,TCGA-Z7-A8R5-01Z-00-DX1.3BDB407F-514C-4131-B058-FA1E69154276,cucim,911.15,4
55,55.532567,TCGA-AO-A0JM-01Z-00-DX1.94E75EFD-E5F5-4DF8-93A0-ED94CB4D203A,cucim,1773.92,4
55,56.405335,TCGA-A2-A04U-01Z-00-DX1.06D17357-46A8-4DC3-A22B-2F4EB6EE3F79,cucim,1718.54,4
55,57.243897,TCGA-E9-A3QA-01Z-00-DX1.9D664AF3-9ABD-4EED-B826-4C4FBFC33F3E,cucim,1256.75,4
55,58.093748,TCGA-GM-A2D9-01Z-00-DX1.AF4BF2DD-05FB-400B-A1BC-6E7C9B9DDF05,cucim,1293.50,4
55,58.779835,TCGA-E9-A245-01Z-00-DX1.648850D5-EB80-4FBE-8507-32313FAD1060,cucim,1877.74,4
55,59.410935,TCGA-A2-A0YD-01Z-00-DX1.B81FF541-F154-4C49-950B-B6CB723369E2,cucim,1505.68,4
55,60.039708,TCGA-E2-A107-01Z-00-DX1.3BFCCC24-7286-488D-A9E9-98E498AD0767,cucim,1477.08,4
55,60.683925,TCGA-AO-A03V-01Z-00-DX1.52EBCB72-0C65-4E67-B9BB-DA15494327DE,cucim,1291.48,4
55,61.381175,TCGA-AO-A12D-01Z-00-DX1.BA006BAD-5C6E-4099-BC99-3888E69F506E,cucim,1345.26,4
55,61.936143,TCGA-AN-A0AS-01Z-00-DX1.51E551E9-E5F4-4C94-9B25-71DA41109E92,cucim,1181.02,4
55,62.536907,TCGA-A7-A3J0-01Z-00-DX1.59DB32BC-F59C-43B3-8DDD-4A728EBA8AB8,cucim,2103.42,4
55,63.149842,TCGA-GM-A2DH-01Z-00-DX1.5790F15F-2A0F-4929-8FE4-18A557007989,cucim,1301.12,4
55,63.686411,TCGA-BH-A18P-01Z-00-DX1.C66642D3-BE44-4D65-B4AE-C1C3D959D22C,cucim,1285.74,4
55,64.199546,TCGA-BH-A0DZ-01Z-00-DX1.138BAEC2-589E-4960-B94E-DF48DDAA5490,cucim,1915.88,4
55,64.706593,TCGA-D8-A27M-01Z-00-DX1.3020D223-2400-4A2D-8BFE-08A5B78FE13B,cucim,2042.43,4
55,65.296686,TCGA-LL-A5YN-01Z-00-DX1.F221939B-3680-4B95-93A9-BE8599550E87,cucim,1191.56,4
55,65.891042,TCGA-A7-A5ZX-01Z-00-DX2.02F586FE-4775-480B-8035-D6AD3386F45D,cucim,1105.50,4
55,66.475117,TCGA-A8-A085-01Z-00-DX1.0DA29016-AEA4-4E5F-B679-83095A79F5B3,cucim,1394.80,4
55,67.014517,TCGA-D8-A1XR-01Z-00-DX2.A103FB8B-4397-4DD4-8587-90A736407484,cucim,898.70,4
55,67.474328,TCGA-D8-A1XK-01Z-00-DX1.41EB1BBC-F230-4E3F-8C4E-CE331CAF1935,cucim,919.23,4
55,67.934455,TCGA-C8-A1HE-01Z-00-DX1.83A5D816-E3A6-46B8-B1B8-B31486EB686E,cucim,935.31,4
55,68.374720,TCGA-A7-A4SE-01Z-00-DX1.16BC8401-E40E-4A1A-9BD9-12735C9AE3F6,cucim,1349.74,4
55,68.834198,TCGA-A7-A4SE-01Z-00-DX1.16BC8401-E40E-4A1A-9BD9-12735C9AE3F6,cucim,788.13,4
55,69.285523,TCGA-D8-A145-01Z-00-DX2.B834BF47-1CD6-45EA-BB88-D8ECE1FDDC6A,cucim,747.02,4
55,69.798148,TCGA-EW-A1IZ-01Z-00-DX1.81D5544E-0A7D-4A92-A3B0-4F22CFB8BBB2,cucim,1048.13,4
56,11.318423,TCGA-A2-A1FV-01Z-00-DX1.F70ACD9A-7819-4296-BD28-4D24BBA8AFF4,cucim,3300.95,4
56,12.708298,TCGA-A2-A1FV-01Z-00-DX1.F70ACD9A-7819-4296-BD28-4D24BBA8AFF4,cucim,3038.78,4
56,14.224617,TCGA-E2-A3DX-01Z-00-DX1.75094CA2-CE51-4886-A564-BD10043A6E4C,cucim,1376.18,4
56,15.754531,TCGA-A8-A06Z-01Z-00-DX1.2BC8B71D-E01B-4CC1-B5E7-09BB54A5E1F8,cucim,7260.36,4
56,16.978717,TCGA-A7-A0DB-01Z-00-DX2.6C6A5F9C-294F-4A86-A0F1-B68D4729B535,cucim,2622.57,4
56,18.374232,TCGA-A7-A0DB-01Z-00-DX2.6C6A5F9C-294F-4A86-A0F1-B68D4729B535,cucim,2676.56,4
56,19.744439,TCGA-A7-A13G-01Z-00-DX1.C258C545-8C1F-41D4-846F-962A746CBDFB,cucim,3245.33,4
56,21.068876,TCGA-A8-A09B-01Z-00-DX1.97CCDA89-AB73-4F05-A900-668160227B78,cucim,1610.25,4
56,22.244969,TCGA-A8-A09B-01Z-00-DX1.97CCDA89-AB73-4F05-A900-668160227B78,cucim,2178.64,4
56,23.384540,TCGA-D8-A27W-01Z-00-DX1.CE2D4FEA-284C-44AF-A70F-7956D91CCB29,cucim,2136.17,4
56,24.504481,TCGA-E9-A3QA-01Z-00-DX1.9D664AF3-9ABD-4EED-B826-4C4FBFC33F3E,cucim,2061.19,4
56,25.637537,TCGA-E9-A22G-01Z-00-DX1.2b47e321-7910-40ec-ad1c-c4e08ed26334,cucim,1610.82,4
56,26.826773,TCGA-A8-A08G-01Z-00-DX1.C3BB7FEC-91B7-4B45-8DFC-36CABCC0FD57,cucim,7818.97,4
56,27.980187,TCGA-E2-A1AZ-01Z-00-DX1.FE769F5F-385B-4DCF-819A-735C98D84FA8,cucim,2058.11,4
56,29.251627,TCGA-BH-A203-01Z-00-DX1.FAE40A13-0C4A-415F-9396-01041FF6B855,cucim,1412.97,4
56,30.419638,TCGA-AN-A0AJ-01Z-00-DX1.74EE47B0-FE27-44CF-9355-C738DE1BD017,cucim,3925.47,4
56,31.727309,TCGA-LL-A5YM-01Z-00-DX1.2B8904A9-6A45-4FFD-AF15-EB81773E5B79,cucim,6932.03,4
56,32.975896,TCGA-A8-A07B-01Z-00-DX1.950B5E4E-C5F0-4445-9F88-E8C32CDFE6DA,cucim,2680.91,4
56,34.173686,TCGA-C8-A12U-01Z-00-DX1.8E90FC9F-630E-4611-A5D2-D6F11DBE81EF,cucim,3244.62,4
56,35.457897,TCGA-A8-A07O-01Z-00-DX1.3D657129-F2A7-4BC1-A910-805FBDCE2212,cucim,1457.58,4
56,36.561945,TCGA-A8-A09I-01Z-00-DX1.B738E479-8766-4766-B012-B32AC2F27533,cucim,2978.60,4
56,37.556426,TCGA-LL-A6FQ-01Z-00-DX1.D4FEEC16-FC67-4C4A-A4B1-F8BA34ECBCBD,cucim,2970.80,4
56,38.681466,TCGA-D8-A1JC-01Z-00-DX2.854ABF5D-40F1-48AE-802F-97D75497F1FD,cucim,1227.81,4
56,39.974730,TCGA-D8-A1Y1-01Z-00-DX1.477390C8-2141-4ADD-813E-25220D2A71FC,cucim,2568.41,4
56,41.052857,TCGA-BH-A1F2-01Z-00-DX1.17E2FD6F-0DCF-425B-864B-21ADCDAE734B,cucim,1791.78,4
56,42.037347,TCGA-AC-A3W6-01Z-00-DX1.88CC534C-F032-4E5D-9CC4-4BB50AA46880,cucim,3524.58,4
56,43.089140,TCGA-AC-A3W6-01Z-00-DX1.88CC534C-F032-4E5D-9CC4-4BB50AA46880,cucim,1060.31,4
56,44.284923,TCGA-B6-A0I8-01Z-00-DX1.E576652B-C3F6-4A01-83BC-6DD154C75605,cucim,1406.54,4
56,45.486969,TCGA-E2-A1IG-01Z-00-DX1.C894EEA1-708A-4043-8C60-3BCA98AA751E,cucim,2633.80,4
56,46.648788,TCGA-A2-A0D0-01Z-00-DX1.4FF6B8E5-703B-400F-920A-104F56E0F874,cucim,3683.16,4
56,47.613665,TCGA-AO-A12H-01Z-00-DX1.C6CCBD9D-FB41-4F6C-84FB-A43E0A77E696,cucim,2427.78,4
56,48.492958,TCGA-A8-A07L-01Z-00-DX1.D9E1051F-724E-4E88-940A-C97005DC5BEB,cucim,2821.00,4
56,49.547192,TCGA-E9-A22H-01Z-00-DX1.0ee39fd1-b077-40ea-bd0d-8a3db474fdd5,cucim,1128.14,4
56,50.516901,TCGA-AN-A0G0-01Z-00-DX1.BE0BB5DF-DEDA-48D8-B5D8-2735C767F28F,cucim,1722.22,4
56,51.468241,TCGA-D8-A1JG-01Z-00-DX1.BA6D5CC7-3A9B-4D17-A86A-B159D345A216,cucim,2391.42,4
56,52.362826,TCGA-E9-A1RI-01Z-00-DX1.3259644B-0888-4B18-B16F-397D55167EAD,cucim,1454.42,4
56,53.178892,TCGA-A2-A0YF-01Z-00-DX1.6166E995-0669-43D6-B9C7-FE39BCE529CF,cucim,1756.66,4
56,54.054934,TCGA-AR-A1AU-01Z-00-DX1.F06647D1-E5A3-46FE-8537-01A10A08A4EC,cucim,1282.93,4
56,54.883723,TCGA-A8-A08P-01Z-00-DX1.431A1290-9CF4-4CE7-A9F0-13F9ADA46ADA,cucim,1968.88,4
56,55.543584,TCGA-GM-A4E0-01Z-00-DX1.55A5D765-AA35-4052-9185-6872B580F0F6,cucim,1513.04,4
56,56.267013,TCGA-AR-A1AJ-01Z-00-DX1.34B9FCF0-74D8-4328-9B5A-698AD57EDA85,cucim,1410.99,4
56,56.971047,TCGA-BH-A0BD-01Z-00-DX1.CD4A6FC2-BA8C-4E30-972A-E6CD1BEAD8AD,cucim,1394.40,4
56,57.584893,TCGA-D8-A1X7-01Z-00-DX2.F0631B8C-EB75-4995-8ED7-1A8972BE8997,cucim,2794.09,4
56,58.192316,TCGA-C8-A1HE-01Z-00-DX1.83A5D816-E3A6-46B8-B1B8-B31486EB686E,cucim,1039.33,4
56,58.780124,TCGA-BH-A0DD-01Z-00-DX1.2242DD1F-0B7C-4B43-A7A9-8130D2BDEE78,cucim,1422.59,4
56,59.351990,TCGA-OL-A97C-01Z-00-DX1.BDEEDEE2-6D07-4046-A8A9-D6FF8F337393,cucim,1419.55,4
56,59.905293,TCGA-OL-A97C-01Z-00-DX1.BDEEDEE2-6D07-4046-A8A9-D6FF8F337393,cucim,1130.75,4
56,60.427762,TCGA-LD-A7W6-01Z-00-DX1.3E125146-B447-4973-AE09-6D374970B46C,cucim,1210.41,4
56,60.958616,TCGA-B6-A2IU-01Z-00-DX1.3C7DF701-4ED9-4989-AA63-A6B7B105F6EE,cucim,1320.75,4
56,61.523803,TCGA-A8-A07B-01Z-00-DX1.950B5E4E-C5F0-4445-9F88-E8C32CDFE6DA,cucim,1407.10,4
56,62.095336,TCGA-OL-A66N-01Z-00-DX1.ABDA3014-7B3A-4D48-A415-CB9608491ECB,cucim,1239.59,4
56,62.616402,TCGA-B6-A0RU-01Z-00-DX1.4977531C-6003-4DA6-9925-30E2DA62C076,cucim,1584.47,4
56,63.183426,TCGA-AO-A126-01Z-00-DX1.D9D6AA15-32F0-44BD-AF30-36191784FFA2,cucim,2334.35,4
56,63.682331,TCGA-A8-A083-01Z-00-DX1.AD121BA9-B5FA-4A03-869B-8FE2C5014CE0,cucim,1076.76,4
56,64.229753,TCGA-A2-A0YD-01Z-00-DX1.B81FF541-F154-4C49-950B-B6CB723369E2,cucim,863.20,4
56,64.700866,TCGA-BH-A1EO-01Z-00-DX1.0E624888-D7E4-48DF-B51A-9AD8F75A66B7,cucim,977.99,4
56,65.168102,TCGA-E2-A108-01Z-00-DX1.B110ED43-08A4-476A-A658-1CA75F7C0DDE,cucim,971.21,4
56,65.644522,TCGA-OL-A66H-01Z-00-DX1.E54AF3FA-E59E-404C-BB83-A6FC6FC9B312,cucim,1058.93,4
56,66.177407,TCGA-3C-AALJ-01Z-00-DX2.62DFE56B-B84C-40F9-9625-FCB55767B70D,cucim,3836.63,4
56,66.780312,TCGA-D8-A1XW-01Z-00-DX1.10187A1F-086B-4CD9-AC01-ADA2E435CD34,cucim,990.53,4
56,67.257336,TCGA-E2-A10A-01Z-00-DX1.98B19EF1-0DAE-4DC6-8B0E-963CFABC6724,cucim,883.55,4
56,67.712210,TCGA-C8-A133-01Z-00-DX1.AFEE2057-2793-49E4-A477-E0DE3F6C67F9,cucim,1296.87,4
56,68.169797,TCGA-BH-A0DI-01Z-00-DX1.6A42D535-8842-4C36-8299-A40E9E56759D,cucim,938.39,4
56,68.600322,TCGA-D8-A27P-01Z-00-DX1.EF426996-D0DC-4418-BEC4-F7CE3C82C869,cucim,781.01,4
56,69.010644,TCGA-A8-A08F-01Z-00-DX1.9D2222F6-1425-46FD-BC94-728EF835FAC2,cucim,861.56,4
56,69.405660,TCGA-EW-A1J3-01Z-00-DX1.F736F6F4-0859-439A-A417-98B520C8D65A,cucim,944.84,4
56,69.824826,TCGA-A7-A26G-01Z-00-DX1.29A27673-A16D-4044-BCCF-14BF6236D7D3,cucim,858.15,4
57,11.294714,TCGA-A7-A26E-01Z-00-DX1.BA4A7E28-0563-4C23-82D0-AB34A2E79AE3,cucim,5303.77,4
57,12.584089,TCGA-AR-A2LK-01Z-00-DX1.FBD59C38-CD4E-4C22-BC74-A57C192A9BBC,cucim,1673.70,4
57,13.838851,TCGA-C8-A27A-01Z-00-DX1.0E26C46D-CD65-40F3-8976-EB4415582934,cucim,3194.45,4
57,15.142556,TCGA-D8-A13Y-01Z-00-DX2.0043D2BB-B04D-4A44-AAB1-1CAAD97AC246,cucim,5738.29,4
57,16.376479,TCGA-BH-A1FE-01Z-00-DX1.8FB57ECF-350B-44E4-8612-63E8374D3C4B,cucim,1280.62,4
57,17.596691,TCGA-A7-A13H-01Z-00-DX1.FCB33A3C-6209-474C-83C1-02551F242937,cucim,3252.92,4
57,18.869160,TCGA-AR-A24L-01Z-00-DX1.218A0AE1-D070-4A16-A277-31185F10724D,cucim,2646.11,4
57,20.068627,TCGA-C8-A12L-01Z-00-DX1.01863BE4-F4AB-45DE-894A-46544777C519,cucim,1523.60,4
57,21.430578,TCGA-D8-A1JT-01Z-00-DX1.F278C419-E405-4BDA-BA50-BFBA08801168,cucim,5729.91,4
57,22.735359,TCGA-D8-A1JT-01Z-00-DX1.F278C419-E405-4BDA-BA50-BFBA08801168,cucim,1906.29,4
57,23.895154,TCGA-BH-A18H-01Z-00-DX1.4EC9108F-04C2-4B28-BD74-97A414C9A536,cucim,4598.90,4
57,24.995206,TCGA-BH-A42T-01Z-00-DX1.6E4609B9-BE7E-4CA9-A1C0-A77A7DEFBB2B,cucim,1921.04,4
57,26.100305,TCGA-C8-A12W-01Z-00-DX1.3727E7BB-831E-42DB-B5CB-F2D7C649290F,cucim,1590.44,4
57,27.306790,TCGA-B6-A1KF-01Z-00-DX1.2E08E830-4216-4CD0-9646-1F489300E11D,cucim,4568.89,4
57,28.529861,TCGA-D8-A3Z5-01Z-00-DX1.4DBF937F-623C-4212-8493-ECE3C8F555E3,cucim,2498.63,4
57,29.826618,TCGA-BH-A0HO-01Z-00-DX1.D3D66547-F5D4-40F5-B737-2FECEEB35ACB,cucim,1339.24,4
57,30.911901,TCGA-A1-A0SK-01Z-00-DX1.A44D70FA-4D96-43F4-9DD7-A61535786297,cucim,2938.86,4
57,32.047724,TCGA-AR-A2LK-01Z-00-DX1.FBD59C38-CD4E-4C22-BC74-A57C192A9BBC,cucim,1989.27,4
57,33.093094,TCGA-A8-A08F-01Z-00-DX1.9D2222F6-1425-46FD-BC94-728EF835FAC2,cucim,2417.30,4
57,34.203272,TCGA-A2-A3XT-01Z-00-DX1.336D6C78-576A-481B-8C83-F3A0FC4B182C,cucim,1869.74,4
57,35.272282,TCGA-D8-A1JF-01Z-00-DX1.224EDA43-F822-4A88-814A-BA7D4C60F8CC,cucim,1925.94,4
57,36.381395,TCGA-A8-A09E-01Z-00-DX1.239A8E03-49EA-4C29-AF86-FC1BD8A9DB20,cucim,2866.81,4
57,37.559293,TCGA-A8-A09V-01Z-00-DX1.2D6731CA-5712-4EB8-8602-E53301BF4238,cucim,3022.09,4
57,38.618698,TCGA-AN-A046-01Z-00-DX1.C529B94F-AFE3-4701-BC98-5D6EDF7B82C0,cucim,1957.21,4
57,39.621862,TCGA-AN-A0XU-01Z-00-DX1.6B0DD0FF-A20D-4BA2-8D48-FC357BA5313F,cucim,2409.55,4
57,40.620835,TCGA-A8-A09B-01Z-00-DX1.97CCDA89-AB73-4F05-A900-668160227B78,cucim,2121.10,4
57,41.694034,TCGA-D8-A27F-01Z-00-DX1.C1A87F27-49F1-46BA-B2E2-A89293F7FD0C,cucim,4199.92,4
57,42.657937,TCGA-AO-A03M-01Z-00-DX1.9998A9A0-D0A6-48FC-80FB-AE597CB9E8AA,cucim,1824.70,4
57,43.710590,TCGA-BH-A0AV-01Z-00-DX1.5A686DA4-A29D-4BA7-9BCA-B707F8755E83,cucim,3604.14,4
57,44.990736,TCGA-AN-A0AM-01Z-00-DX1.169CE39A-DD54-46D8-8D03-60B69A473CDB,cucim,1252.13,4
57,46.139910,TCGA-E9-A228-01Z-00-DX1.adbeed20-3b14-44fe-a98a-3bf7cecea30a,cucim,2130.05,4
57,47.329727,TCGA-D8-A1XZ-01Z-00-DX2.73D59546-C003-4DED-80D5-866E7055EC79,cucim,2028.26,4
57,48.300174,TCGA-GM-A2DD-01Z-00-DX1.01332FF3-7488-41B7-A515-7841715DE92B,cucim,1894.92,4
57,49.265419,TCGA-D8-A1XD-01Z-00-DX1.E500D561-1F49-4F08-99AE-E8345F21B406,cucim,1718.66,4
57,50.171984,TCGA-AN-A0FZ-01Z-00-DX1.9555AF11-3A0D-4FE3-AE91-09DA77B175CA,cucim,1751.74,4
57,50.951606,TCGA-OL-A66O-01Z-00-DX1.5F1E4C60-5CE8-41B4-A94D-4AA80D9253F9,cucim,2164.80,4
57,51.814573,TCGA-AR-A0U4-01Z-00-DX1.DE722DC5-859D-4866-ADCC-ED98EDBFB588,cucim,2478.54,4
57,52.610362,TCGA-AR-A0U4-01Z-00-DX1.DE722DC5-859D-4866-ADCC-ED98EDBFB588,cucim,1651.04,4
57,53.346368,TCGA-C8-A12Q-01Z-00-DX1.CE74E5B7-FD30-4CBE-8716-ECCF2213AAC3,cucim,1760.79,4
57,54.157008,TCGA-E9-A1R2-01Z-00-DX1.5529C856-4F4F-4F17-94A2-5CEF94A940EB,cucim,1287.52,4
57,54.947593,TCGA-AR-A1AI-01Z-00-DX1.5EF2A589-4284-45CF-BF0C-169E3A85530C,cucim,1987.77,4
57,55.631376,TCGA-AC-A3TN-01Z-00-DX1.F00E81C7-0CA2-49E8-A30F-DE423538E93C,cucim,1341.22,4
57,56.291293,TCGA-A8-A08J-01Z-00-DX1.4607286A-033B-4C44-8306-50DB9C596166,cucim,2455.84,4
57,56.940393,TCGA-A2-A0CO-01Z-00-DX1.B191DADE-7DEA-4575-AED7-1C52BE15B8D5,cucim,1100.77,4
57,57.548009,TCGA-AR-A1AL-01Z-00-DX1.0970370F-6D4B-449A-AF33-76355DD99F91,cucim,1888.83,4
57,58.246743,TCGA-A2-A04W-01Z-00-DX1.F7E7B945-2ADC-4741-8FCE-ACEA657DB9C7,cucim,1449.50,4
57,58.863263,TCGA-D8-A1XM-01Z-00-DX1.5F6A140E-5D20-45F6-B76F-0F98AB27AD08,cucim,1337.27,4
57,59.439246,TCGA-LD-A66U-01Z-00-DX1.AEC25C62-0519-47ED-A85B-2A964BA2BA87,cucim,1468.71,4
57,60.028318,TCGA-BH-A1F6-01Z-00-DX1.E83F0DC0-EA2C-4641-81B0-8702B9C5D579,cucim,1285.26,4
57,60.614459,TCGA-A8-A092-01Z-00-DX1.2A55EA0C-47CD-426B-9697-F2B761730585,cucim,1986.69,4
57,61.128988,TCGA-C8-A3M8-01Z-00-DX1.97AC85E0-6281-4F2E-8034-24AD5F52D5A6,cucim,951.61,4
57,61.640516,TCGA-A2-A0D4-01Z-00-DX1.35E43827-DABC-4685-A62A-333672923349,cucim,1003.24,4
57,62.180888,TCGA-AR-A24R-01Z-00-DX1.47D79205-63E7-43E6-A513-2CD10DFA53C9,cucim,1400.60,4
57,62.701596,TCGA-E2-A2P5-01Z-00-DX1.375B5E5D-D8D0-425C-9163-6DF26E31BBE1,cucim,1607.43,4
57,63.262356,TCGA-BH-A1EY-01Z-00-DX1.25C3DE1F-C702-4959-8DFA-69EF78AD9307,cucim,1209.42,4
57,63.812782,TCGA-AC-A2BM-01Z-00-DX1.162A9FA9-6E61-48BF-B0A5-C6C7640ABD9B,cucim,2779.35,4
57,64.389566,TCGA-C8-A133-01Z-00-DX1.AFEE2057-2793-49E4-A477-E0DE3F6C67F9,cucim,945.50,4
57,64.871245,TCGA-AO-A0J3-01Z-00-DX1.8F28BFC8-D37E-425F-A9E3-4C23F083237C,cucim,863.86,4
57,65.381516,TCGA-D8-A3Z5-01Z-00-DX3.BB83C7D4-F795-47E7-9A5C-7DBF0EB7FDAA,cucim,892.68,4
57,65.838143,TCGA-C8-A1HL-01Z-00-DX1.CC21CAE9-DE48-4ADE-A959-5A99010AAFAC,cucim,882.18,4
57,66.424887,TCGA-BH-A18N-01Z-00-DX1.FE0E24A1-8AE9-4021-B9C7-B408EE0DE329,cucim,1312.50,4
57,66.911815,TCGA-A7-A6VV-01Z-00-DX1.07AE0E16-A883-4C86-BC74-4E13081175F2,cucim,1103.87,4
57,67.340318,TCGA-BH-A18S-01Z-00-DX1.B36FC684-0010-4ABB-9E25-303C8DF1C4E2,cucim,1369.77,4
57,67.828296,TCGA-EW-A3U0-01Z-00-DX1.526F60F9-D1EB-4613-B428-18A1FC0BAAE2,cucim,720.10,4
57,68.247334,TCGA-A7-A26G-01Z-00-DX1.29A27673-A16D-4044-BCCF-14BF6236D7D3,cucim,946.43,4
57,68.665563,TCGA-E2-A1AZ-01Z-00-DX1.FE769F5F-385B-4DCF-819A-735C98D84FA8,cucim,997.44,4
57,69.074021,TCGA-BH-A0BL-01Z-00-DX1.D5A413B0-2141-4A6F-A671-6C5EA8641D25,cucim,839.25,4
57,69.462154,TCGA-A7-A3RF-01Z-00-DX1.E60647BC-229D-4409-A564-EE0945F912EE,cucim,1048.66,4
57,69.857701,TCGA-EW-A1J3-01Z-00-DX1.F736F6F4-0859-439A-A417-98B520C8D65A,cucim,1352.68,4
58,11.117373,TCGA-AO-A1KP-01Z-00-DX1.612442AB-24E2-489B-9838-7CEE82BCD605,cucim,3473.73,4
58,12.417031,TCGA-UU-A93S-01Z-00-DX1.C4809779-DF5F-4F5D-A78C-B7F95F2D050F,cucim,1064.98,4
58,13.742611,TCGA-AR-A0TP-01Z-00-DX1.58E6A3A6-D1D7-4AE5-87A5-E823F04CBB2F,cucim,3029.35,4
58,15.120240,TCGA-AO-A0JG-01Z-00-DX1.FA785D56-B4FF-4CC3-A631-5C748E8E0558,cucim,3303.55,4
58,16.271528,TCGA-EW-A6SD-01Z-00-DX1.32D8240E-2076-492B-BB95-300A9FCA96E7,cucim,2933.53,4
58,17.436609,TCGA-AR-A2LM-01Z-00-DX1.CB64A062-2E35-41F9-97C7-07BB60754799,cucim,5473.32,4
58,18.966553,TCGA-BH-A0BM-01Z-00-DX1.8BD324F2-60F5-4F59-AF2D-533A5FB230BF,cucim,1672.92,4
58,20.291995,TCGA-A7-A426-01Z-00-DX1.3058E873-9442-4872-80DA-E8A5B35054D2,cucim,1767.11,4
58,21.586064,TCGA-A8-A08O-01Z-00-DX1.BC87C01D-F081-41CA-939A-875C61588E88,cucim,1383.74,4
58,22.722773,TCGA-AR-A24R-01Z-00-DX1.47D79205-63E7-43E6-A513-2CD10DFA53C9,cucim,3292.41,4
58,23.841818,TCGA-A2-A0T3-01Z-00-DX1.5E96BC87-F4FB-4ABA-8D81-FAB7F4A80661,cucim,2000.59,4
58,25.029195,TCGA-D8-A1XF-01Z-00-DX1.8B9AB4A1-DEC5-4587-B022-3077CCD220F9,cucim,4263.60,4
58,26.256873,TCGA-A8-A07P-01Z-00-DX1.2C7C75EF-EEE2-4A42-994C-A1A40850C87A,cucim,2956.17,4
58,27.473118,TCGA-D8-A1XS-01Z-00-DX1.E5C78E5A-947C-499D-9E95-619FEEC63E69,cucim,2888.14,4
58,28.751612,TCGA-AO-A0JG-01Z-00-DX1.FA785D56-B4FF-4CC3-A631-5C748E8E0558,cucim,3719.86,4
58,29.971643,TCGA-BH-A0B7-01Z-00-DX1.6950CDDF-8A81-4B10-BFFF-BE0E33A2C6CC,cucim,1509.06,4
58,31.027892,TCGA-E2-A15D-01Z-00-DX1.AA5AF847-3635-4BAF-AAC3-BADB4A1B2CB1,cucim,2463.60,4
58,32.181518,TCGA-E9-A247-01Z-00-DX1.3B2DF1CB-054A-44C4-9AD5-D8FA6D386A93,cucim,3015.36,4
58,33.250525,TCGA-E9-A226-01Z-00-DX1.14f1f4c7-4e6e-4574-af20-60d2ab511b2a,cucim,3518.91,4
58,34.297492,TCGA-AN-A0FJ-01Z-00-DX1.97B60767-916E-4938-9D0B-E6C0FE1CB3FC,cucim,2157.11,4
58,35.469229,TCGA-AC-A2FG-01Z-00-DX1.0F13DE40-9F7A-42C6-AB3D-02E8521B690A,cucim,3898.48,4
58,36.592265,TCGA-A8-A07C-01Z-00-DX1.1F069BCA-D2B3-49CF-81FD-9EBA49A3439F,cucim,1929.23,4
58,37.743011,TCGA-A2-A0CW-01Z-00-DX1.8E313A22-B0E8-44CF-ADEA-8BF29BA23FFE,cucim,1061.88,4
58,38.715413,TCGA-AO-A0JF-01Z-00-DX1.3277D13C-F257-4D4C-AB5C-BEBA2E1A63D8,cucim,3324.34,4
58,39.710723,TCGA-A2-A3XV-01Z-00-DX1.4B58B7CD-B3F6-4C31-863F-924D291EF17C,cucim,2719.42,4
58,40.726019,TCGA-BH-A0C7-01Z-00-DX1.C70D358E-C48F-4F69-86CE-3218E9C95837,cucim,2105.64,4
58,41.764827,TCGA-HN-A2NL-01Z-00-DX1.C2EAF378-4B37-4C1C-BB0F-18FAC62EEC13,cucim,3030.47,4
58,42.778613,TCGA-XX-A899-01Z-00-DX1.08FE27B7-73B8-4CE3-ACF4-0689C81C140B,cucim,3404.06,4
58,43.793529,TCGA-B6-A0RH-01Z-00-DX1.33DB5CF9-AC87-435B-A8AF-C4F84BEF15F1,cucim,2612.92,4
58,44.843425,TCGA-B6-A0X5-01Z-00-DX1.02A9FF1E-EA20-4F2D-A2BB-427A287DE3FD,cucim,1578.91,4
58,45.885222,TCGA-AC-A7VC-01Z-00-DX1.EB247544-EADE-419C-B7A7-BB9CC978336F,cucim,12822.18,4
58,46.875008,TCGA-BH-A0E0-01Z-00-DX1.01E88024-83DF-4282-ABAF-F4E35807DA06,cucim,1637.04,4
58,47.955434,TCGA-D8-A1JJ-01Z-00-DX2.7D20F308-7DC6-4367-9459-3AC4C654E7F7,cucim,1977.55,4
58,48.924889,TCGA-AC-A4ZE-01Z-00-DX1.A9BB4DBC-4314-4A77-AA1C-0882DBC370F1,cucim,4831.98,4
58,50.079589,TCGA-E9-A2JT-01Z-00-DX1.49C2B936-3B1A-4014-8B43-26D483DEF53A,cucim,1785.21,4
58,50.875906,TCGA-5T-A9QA-01Z-00-DX1.B4212117-E0A7-4EF2-B324-8396042ACEC1,cucim,1476.18,4
58,51.688286,TCGA-AO-A03L-01Z-00-DX1.DE6561A9-E6B8-4BF0-AAA8-F91C87A66037,cucim,1863.55,4
58,52.555237,TCGA-EW-A1OZ-01Z-00-DX1.9639BB06-FF02-475F-A89D-773BE12721CC,cucim,2508.34,4
58,53.276507,TCGA-E9-A5FK-01Z-00-DX1.3F002C99-B4CA-4068-A816-EAC370A2E8C4,cucim,4398.32,4
58,54.040095,TCGA-BH-A0HK-01Z-00-DX1.019036F5-647A-4EC4-8479-F2C100291AEF,cucim,1259.37,4
58,54.805512,TCGA-C8-A26Y-01Z-00-DX1.166EE604-4EF3-401D-99E9-3A9711316CC4,cucim,1356.76,4
58,55.499140,TCGA-C8-A26Y-01Z-00-DX1.166EE604-4EF3-401D-99E9-3A9711316CC4,cucim,1784.75,4
58,56.158637,TCGA-A2-A0T0-01Z-00-DX1.51F904DA-A4B5-4451-8AEF-58E7EF7651DB,cucim,2385.41,4
58,56.833259,TCGA-AC-A8OR-01Z-00-DX1.C9A35592-1E73-40D4-834A-46E3471D84A3,cucim,3791.73,4
58,57.495931,TCGA-B6-A0IC-01Z-00-DX1.60ED7BBF-A448-4E4E-80F9-91527A697588,cucim,1102.85,4
58,58.082148,TCGA-AR-A0TQ-01Z-00-DX1.2BEA298C-6B3D-4133-ADBC-769E62CEFFA0,cucim,1333.57,4
58,58.671509,TCGA-A2-A3KD-01Z-00-DX1.E400D529-A0D1-4C78-AD5C-33EB0508B128,cucim,1162.38,4
58,59.263537,TCGA-A2-A04P-01Z-00-DX1.5B481E02-D269-4732-8FDD-6494E6EE2B71,cucim,1298.73,4
58,59.881589,TCGA-AR-A1AX-01Z-00-DX1.2389D54F-545E-499E-B392-DD731834460A,cucim,893.43,4
58,60.440632,TCGA-E2-A15E-06Z-00-DX1.D394A007-91A2-4445-9B4A-1629EE684A51,cucim,1124.35,4
58,60.983593,TCGA-E2-A10E-01Z-00-DX1.C45030A9-CC1A-4BA7-8F62-872619C5AD5E,cucim,997.44,4
58,61.491809,TCGA-A8-A09A-01Z-00-DX1.78773A6C-BA8A-46BE-AC2A-9C6FDAB45622,cucim,1394.96,4
58,62.069378,TCGA-D8-A1XW-01Z-00-DX1.10187A1F-086B-4CD9-AC01-ADA2E435CD34,cucim,1230.32,4
58,62.615060,TCGA-OK-A5Q2-01Z-00-DX2.C828A160-87DF-4625-A8C5-2057F61D54F4,cucim,1070.60,4
58,63.264219,TCGA-A2-A0YK-01Z-00-DX1.FB23FC30-B3B2-452A-A6B0-94129B333207,cucim,1078.72,4
58,63.747481,TCGA-E2-A15S-01Z-00-DX1.77CFA95F-F1AE-41BD-BAF8-BCA6F0DFA3A3,cucim,1325.96,4
58,64.202997,TCGA-E2-A15S-01Z-00-DX1.77CFA95F-F1AE-41BD-BAF8-BCA6F0DFA3A3,cucim,953.21,4
58,64.723542,TCGA-BH-A0DT-01Z-00-DX1.73AFCEBB-06B1-4870-ADA2-881511B1BE2D,cucim,1090.03,4
58,65.213483,TCGA-A2-A0EU-01Z-00-DX1.13335BEB-63D4-469B-A389-8A079A096129,cucim,790.02,4
58,65.671611,TCGA-AN-A0XU-01Z-00-DX1.6B0DD0FF-A20D-4BA2-8D48-FC357BA5313F,cucim,1095.67,4
58,66.222479,TCGA-EW-A1PG-01Z-00-DX1.A31B2048-D04D-467C-A9E4-6A63942A58C6,cucim,1090.42,4
58,66.752543,TCGA-D8-A1JE-01Z-00-DX2.CCF3DFEF-E851-425A-BCD0-0F7B377A00BC,cucim,1223.54,4
58,67.190073,TCGA-D8-A27W-01Z-00-DX1.CE2D4FEA-284C-44AF-A70F-7956D91CCB29,cucim,1028.20,4
58,67.627974,TCGA-AC-A62V-01Z-00-DX1.2D8994FD-58B8-43C1-B99D-AA964E7DFD60,cucim,2460.56,4
58,68.083993,TCGA-E9-A22A-01Z-00-DX1.d986c9eb-2c54-4663-a54b-04c0756db6db,cucim,1240.86,4
58,68.507044,TCGA-AR-A2LR-01Z-00-DX1.C686A7D6-0361-49EE-B6CA-672B3086243C,cucim,1029.47,4
58,68.900126,TCGA-A2-A0EY-01Z-00-DX1.2F2428B3-0767-48E0-AC22-443C244CBD16,cucim,866.81,4
58,69.371670,TCGA-E2-A14W-01Z-00-DX1.2AF665A9-F582-4C41-B2B8-1982648CDEC7,cucim,873.37,4
58,69.860022,TCGA-E9-A3Q9-01Z-00-DX1.2D0CA5D4-CCE5-4647-BFB3-D5359F53DA83,cucim,1140.37,4
59,11.421466,TCGA-D8-A1JF-01Z-00-DX1.224EDA43-F822-4A88-814A-BA7D4C60F8CC,cucim,3364.17,4
59,12.836754,TCGA-OL-A5D6-01Z-00-DX1.6B11331B-4A0D-4E13-B054-A5C7A6FC3AAC,cucim,1944.29,4
59,14.080574,TCGA-E9-A3X8-01Z-00-DX1.D1532F80-F5F8-47AF-8A1B-B59E345F5D70,cucim,2401.24,4
59,15.406233,TCGA-A2-A0T1-01Z-00-DX1.CD1E9C46-18A3-466B-AA0B-24F3055FA851,cucim,2839.67,4
59,16.644651,TCGA-JL-A3YW-01Z-00-DX1.827C5C53-9C30-4307-802A-5A7896828A7F,cucim,1872.22,4
59,17.891258,TCGA-B6-A0RN-01Z-00-DX1.0D02A3FB-D694-4A5B-80C1-CF1469E29BFD,cucim,1143.27,4
59,19.144832,TCGA-AC-A3W7-01Z-00-DX1.189BB448-ECBA-4042-8A35-4B787271E8FE,cucim,2501.85,4
59,20.562071,TCGA-E9-A1R2-01Z-00-DX1.5529C856-4F4F-4F17-94A2-5CEF94A940EB,cucim,4262.52,4
59,21.790757,TCGA-D8-A27G-01Z-00-DX1.04FCF306-67AA-4F56-AE90-44A4F5DD56D4,cucim,2470.18,4
59,23.095431,TCGA-E2-A108-01Z-00-DX1.B110ED43-08A4-476A-A658-1CA75F7C0DDE,cucim,3226.03,4
59,24.231976,TCGA-D8-A27K-01Z-00-DX1.25AF7928-046B-45BF-BAD6-F34156203F5A,cucim,3397.63,4
59,25.349581,TCGA-A8-A07S-01Z-00-DX1.34AFF327-E7FD-49E1-B918-0C09129581FB,cucim,2648.64,4
59,26.467063,TCGA-AO-A126-01Z-00-DX1.D9D6AA15-32F0-44BD-AF30-36191784FFA2,cucim,3651.86,4
59,27.699971,TCGA-E2-A153-01Z-00-DX1.CA994467-E541-4131-A9FC-DCD9944F29C4,cucim,6480.20,4
59,29.132336,TCGA-EW-A1PE-01Z-00-DX1.8EF56824-0B37-4AD1-AF3E-7988FCBEF773,cucim,3742.72,4
59,30.430334,TCGA-C8-A137-01Z-00-DX1.87F3775D-A401-4D5E-843F-8FB1D4BE97F8,cucim,3077.23,4
59,31.594476,TCGA-AQ-A04J-01Z-00-DX1.6A4E16D4-2696-4E5F-BCA8-708556FC3A8C,cucim,2488.54,4
59,32.762694,TCGA-EW-A1PE-01Z-00-DX1.8EF56824-0B37-4AD1-AF3E-7988FCBEF773,cucim,5664.03,4
59,33.854857,TCGA-D8-A1XL-01Z-00-DX1.FDF07020-8F40-4C00-9023-E5F40E0D8A7C,cucim,2662.04,4
59,34.941635,TCGA-B6-A0X0-01Z-00-DX1.5D67D9D5-C2F0-40BE-A661-E25B6A6287A2,cucim,3850.86,4
59,36.014252,TCGA-AO-A0J2-01Z-00-DX1.7C9FEC7B-6040-4C58-9563-D10C0D7AC72E,cucim,3603.77,4
59,37.044938,TCGA-OK-A5Q2-01Z-00-DX2.C828A160-87DF-4625-A8C5-2057F61D54F4,cucim,1225.75,4
59,38.135395,TCGA-LL-A6FR-01Z-00-DX1.107010FD-8EDD-406D-B4DE-DEC9E85576FF,cucim,3039.50,4
59,39.201005,TCGA-E2-A1LS-01Z-00-DX1.9a43a58a-df40-4375-8456-ef0071bc9eb9,cucim,2907.85,4
59,40.272168,TCGA-D8-A27P-01Z-00-DX1.EF426996-D0DC-4418-BEC4-F7CE3C82C869,cucim,1132.51,4
59,41.206562,TCGA-GM-A2DC-01Z-00-DX1.39F956BB-52D0-4385-9923-4D7D36D78862,cucim,1742.93,4
59,42.224667,TCGA-AO-A0JF-01Z-00-DX1.3277D13C-F257-4D4C-AB5C-BEBA2E1A63D8,cucim,2483.04,4
59,43.273457,TCGA-BH-A0AY-01Z-00-DX1.A1153465-D9B3-4D83-BE85-F2524B071EE5,cucim,1711.62,4
59,44.373924,TCGA-E2-A15L-01Z-00-DX1.626032DC-D396-48E7-B888-DFEBCF7102FF,cucim,1725.77,4
59,45.373114,TCGA-BH-A0B3-01Z-00-DX1.90CB0ED5-FBB7-4ABF-93A0-DD88D60D3D55,cucim,2532.27,4
59,46.387942,TCGA-D8-A27R-01Z-00-DX2.31F47D8F-DFD7-42AE-BBBA-7DBBA12FA97D,cucim,2745.82,4
59,47.393793,TCGA-AR-A1AN-01Z-00-DX1.1118F9FE-6DF2-4496-B102-D3A10D332EC0,cucim,2293.43,4
59,48.355047,TCGA-AO-A12D-01Z-00-DX1.BA006BAD-5C6E-4099-BC99-3888E69F506E,cucim,3152.08,4
59,49.453217,TCGA-EW-A1OX-01Z-00-DX1.9B19CBEE-E592-4A4D-839F-CECDCA20F4B1,cucim,3140.36,4
59,50.360288,TCGA-A2-A0SX-01Z-00-DX1.219A994C-8974-4458-98FA-FB1F14868E04,cucim,2458.75,4
59,51.224981,TCGA-A2-A0EU-01Z-00-DX1.13335BEB-63D4-469B-A389-8A079A096129,cucim,1767.62,4
59,52.116929,TCGA-BH-A0B7-01Z-00-DX1.6950CDDF-8A81-4B10-BFFF-BE0E33A2C6CC,cucim,2103.05,4
59,52.915411,TCGA-D8-A27L-01Z-00-DX1.6572593C-B015-4F9A-8C9B-B634CAA0D3B4,cucim,1498.04,4
59,53.700452,TCGA-E2-A150-01Z-00-DX1.55643D23-83E6-4058-8EA5-18AAA8547839,cucim,2736.47,4
59,54.816501,TCGA-AC-A5EI-01Z-00-DX1.A174D91A-730E-460C-AE73-46CA1E5B177B,cucim,3154.66,4
59,55.533484,TCGA-AC-A3HN-01Z-00-DX1.1AA71B9B-1B61-41A9-91CF-B7649DEC189E,cucim,1324.07,4
59,56.236585,TCGA-S3-AA17-01Z-00-DX1.9B7DC02E-ECB2-4403-A894-F418AD452E49,cucim,2355.10,4
59,56.967778,TCGA-BH-A0DH-01Z-00-DX1.968AA1FD-068C-4B90-8C95-85BF2EFC3E3F,cucim,1490.42,4
59,57.573251,TCGA-D8-A3Z6-01Z-00-DX2.19C6AA07-5D58-46CD-91D0-90DD5CC84022,cucim,1701.51,4
59,58.171697,TCGA-LL-A73Y-01Z-00-DX1.50C20931-3AA9-40B4-8A73-56B1976423A8,cucim,1124.63,4
59,58.791766,TCGA-AO-A12C-01Z-00-DX1.F4105027-FA10-48AF-BA8F-C7A0181C4A1D,cucim,1119.11,4
59,59.388810,TCGA-LL-A6FQ-01Z-00-DX1.D4FEEC16-FC67-4C4A-A4B1-F8BA34ECBCBD,cucim,2545.95,4
59,59.939342,TCGA-E9-A1N9-01Z-00-DX1.982C83A6-0E06-47B3-A7C7-1773A2CD1771,cucim,1153.93,4
59,60.493475,TCGA-E9-A227-01Z-00-DX1.823062BF-3444-489B-AF91-AAD4ECAA1DC7,cucim,1124.94,4
59,61.035357,TCGA-BH-A0BR-01Z-00-DX1.F7912887-8AE9-4391-9B83-9AC7B4FF38EF,cucim,1351.15,4
59,61.586846,TCGA-A2-A0CT-01Z-00-DX1.A8564130-49CF-4F5B-B5AB-F4D1A10479FF,cucim,1281.01,4
59,62.163902,TCGA-C8-A26W-01Z-00-DX1.CFF07941-6CD1-4CF9-BE5F-387DA67B66CC,cucim,1216.48,4
59,62.703614,TCGA-E2-A1IN-01Z-00-DX1.F63F004F-847D-41B0-BAEF-3189D4965838,cucim,1307.86,4
59,63.267466,TCGA-A1-A0SN-01Z-00-DX1.5E9B85AE-AFB7-41DC-8A1B-BD6DA39B6540,cucim,1118.93,4
59,63.722397,TCGA-AR-A1AP-01Z-00-DX1.F163EED5-0385-41AA-BA35-54E4910CD99E,cucim,1148.05,4
59,64.172772,TCGA-B6-A0RE-01Z-00-DX1.8933BDB4-EF8D-41FA-9A50-05BB3AB976E5,cucim,1116.52,4
59,64.684507,TCGA-BH-A0AY-01Z-00-DX1.A1153465-D9B3-4D83-BE85-F2524B071EE5,cucim,1067.54,4
59,65.128938,TCGA-A8-A08A-01Z-00-DX1.3BB777A0-8652-4483-8DD6-8EB88AB0A8EF,cucim,1093.87,4
59,65.577114,TCGA-A8-A07B-01Z-00-DX1.950B5E4E-C5F0-4445-9F88-E8C32CDFE6DA,cucim,1700.27,4
59,66.071088,TCGA-B6-A0RL-01Z-00-DX1.B5B6709B-5F38-4561-A0E7-C78F97B33F22,cucim,967.00,4
59,66.584330,TCGA-AC-A23H-01Z-00-DX1.8E0AE339-1047-4CA5-BFC5-37A3B10FD8B5,cucim,2909.56,4
59,67.039728,TCGA-BH-A209-01Z-00-DX1.88B11AEB-11FA-4D23-BC21-378EF177E04B,cucim,1146.73,4
59,67.486981,TCGA-D8-A13Y-01Z-00-DX1.02321E77-A11E-41A5-95FE-BB897EA5CE58,cucim,1606.20,4
59,67.925904,TCGA-E9-A1RD-01Z-00-DX1.34083668-cbd2-4610-b857-d50ee9f3e5bd,cucim,852.01,4
59,68.376118,TCGA-D8-A1Y0-01Z-00-DX2.7C25E941-12A6-46CE-B1A5-488D08E35684,cucim,1075.63,4
59,68.810993,TCGA-BH-A0EA-01Z-00-DX1.85FF2B48-2AF7-4C15-A7E6-FCA68CAB76C7,cucim,685.42,4
59,69.211822,TCGA-AC-A23H-01Z-00-DX1.8E0AE339-1047-4CA5-BFC5-37A3B10FD8B5,cucim,2440.17,4
59,69.664064,TCGA-A8-A06N-01Z-00-DX1.E25E65F8-DFE0-47CF-9FAB-B82EE8E321F7,cucim,1092.54,4
60,11.249629,TCGA-BH-A209-01Z-00-DX1.88B11AEB-11FA-4D23-BC21-378EF177E04B,cucim,1541.60,4
60,12.491767,TCGA-AO-A0JF-01Z-00-DX1.3277D13C-F257-4D4C-AB5C-BEBA2E1A63D8,cucim,7779.49,4
60,13.690182,TCGA-LL-A740-01Z-00-DX1.757D94A5-EF0F-4A0E-99A9-8809B66438DA,cucim,8299.19,4
60,14.980880,TCGA-EW-A1P6-01Z-00-DX1.A8024C26-6336-4858-88FD-5679795899BA,cucim,9481.59,4
60,16.258707,TCGA-BH-A0H0-01Z-00-DX1.B3B394DD-1F4E-42CA-BB51-C002E423B3D0,cucim,1924.27,4
60,17.378712,TCGA-A8-A0A4-01Z-00-DX1.06C38F98-F34B-49F0-AFB5-7F0086188346,cucim,3922.73,4
60,18.648380,TCGA-E9-A54Y-01Z-00-DX1.5FD70369-6514-4E5E-8BEF-65DAC5671E1A,cucim,7265.68,4
60,19.877942,TCGA-OK-A5Q2-01Z-00-DX4.83B45D6C-E350-4436-812F-4155D9F7D331,cucim,2654.35,4
60,21.407217,TCGA-AO-A12D-01Z-00-DX1.BA006BAD-5C6E-4099-BC99-3888E69F506E,cucim,2325.87,4
60,22.705827,TCGA-AR-A254-01Z-00-DX1.EA5CD008-1106-41EC-998A-04EF08EEEC9D,cucim,3522.18,4
60,23.854795,TCGA-A8-A06Q-01Z-00-DX1.622AC6E4-DB1A-4C8D-8185-52D4FD1F30B4,cucim,3937.09,4
60,24.944743,TCGA-A7-A5ZX-01Z-00-DX2.02F586FE-4775-480B-8035-D6AD3386F45D,cucim,1959.92,4
60,26.008143,TCGA-AO-A129-01Z-00-DX1.BF485416-BF57-4F39-866B-4B1E201876FA,cucim,1859.20,4
60,27.128033,TCGA-E2-A3DX-01Z-00-DX1.75094CA2-CE51-4886-A564-BD10043A6E4C,cucim,3276.48,4
60,28.386861,TCGA-AC-A6IV-01Z-00-DX1.DA4F4B9F-9070-4B3A-996F-311E0A989FFB,cucim,4649.32,4
60,29.502783,TCGA-AR-A2LO-01Z-00-DX1.A8C81E1E-B224-4CF4-83D4-FFB2F51A7002,cucim,2217.57,4
60,30.699025,TCGA-A2-A4S3-01Z-00-DX1.50699E65-E536-4C9B-93A7-4C9894624A29,cucim,2388.95,4
60,31.907287,TCGA-D8-A1JD-01Z-00-DX2.C6A7667E-25C9-48BD-A4E7-F4BB740FE589,cucim,3834.08,4
60,33.101332,TCGA-BH-A42U-01Z-00-DX1.130D060A-3DD8-407E-B8B0-EBBF743491AE,cucim,2049.10,4
60,34.284627,TCGA-AR-A1AJ-01Z-00-DX1.34B9FCF0-74D8-4328-9B5A-698AD57EDA85,cucim,2290.27,4
60,35.441366,TCGA-AN-A0AT-01Z-00-DX1.DFD68CD2-C25E-47BE-BC06-8CE3C657B9FD,cucim,1452.63,4
60,36.589531,TCGA-AO-A126-01Z-00-DX1.D9D6AA15-32F0-44BD-AF30-36191784FFA2,cucim,1915.49,4
60,37.626628,TCGA-E9-A1RH-01Z-00-DX1.CC9CEDCC-7BF2-4C96-A0F1-C98071DA2CD3,cucim,1901.41,4
60,38.628538,TCGA-C8-A1HG-01Z-00-DX1.F2AB6D0F-4D6B-491F-915B-92E838E79D67,cucim,2717.40,4
60,39.644758,TCGA-A7-A3IY-01Z-00-DX1.B4E75265-3B2A-456C-996A-F95B5A645BF8,cucim,1794.68,4
60,40.788882,TCGA-E2-A107-01Z-00-DX1.3BFCCC24-7286-488D-A9E9-98E498AD0767,cucim,2466.94,4
60,41.791160,TCGA-EW-A1P4-01Z-00-DX1.3E9AE553-83D4-4B09-AB7F-D096BCE3BC4D,cucim,1303.99,4
60,42.825148,TCGA-A2-A0CV-01Z-00-DX1.B02D017A-61CD-45FE-BB31-705CD127DDAB,cucim,1484.86,4
60,43.762370,TCGA-AO-A12F-01Z-00-DX1.847C8E4F-3F37-4B1D-8E6E-ACD14391AD89,cucim,1347.07,4
60,44.954178,TCGA-AR-A0TS-01Z-00-DX1.2DB81A2E-16C1-4EE0-8175-65FA46768277,cucim,3389.08,4
60,45.991070,TCGA-BH-A0B0-01Z-00-DX1.316D35DB-7F13-4AE5-82A7-5716D2519669,cucim,2651.89,4
60,46.972573,TCGA-A7-A0D9-01Z-00-DX1.FBC3B90F-C58B-4476-8354-0AF9248324E3,cucim,5971.52,4
60,47.977668,TCGA-D8-A4Z1-01Z-00-DX1.D39D38B5-FC9F-4298-8720-016407DC6591,cucim,2560.27,4
60,48.823644,TCGA-EW-A1J2-01Z-00-DX1.F1D8E593-2DF4-44C3-873D-FD3C910011E4,cucim,3108.14,4
60,49.742939,TCGA-EW-A424-01Z-00-DX1.662894F0-31FE-494B-9A9E-7C369AE23D27,cucim,3437.46,4
60,50.520199,TCGA-E2-A14Q-01Z-00-DX1.C19BA7FD-D986-4E3B-9A79-F3531A78F05D,cucim,2200.28,4
60,51.386249,TCGA-D8-A27F-01Z-00-DX1.C1A87F27-49F1-46BA-B2E2-A89293F7FD0C,cucim,1487.92,4
60,52.249899,TCGA-A2-A3XX-01Z-00-DX1.03C6D70F-2833-4E97-91B7-DE70CD083D92,cucim,3933.68,4
60,53.121926,TCGA-A7-A4SA-01Z-00-DX1.B48FFD3E-9B45-4CEA-ACEE-5B08058CCF5F,cucim,1974.39,4
60,53.856572,TCGA-A8-A07C-01Z-00-DX1.1F069BCA-D2B3-49CF-81FD-9EBA49A3439F,cucim,1745.26,4
60,54.697890,TCGA-BH-A1F5-01Z-00-DX1.9A1AA3BB-80B1-473D-B075-8D65A94C4E0B,cucim,1235.58,4
60,55.410582,TCGA-E2-A2P6-01Z-00-DX1.9D8060AA-881F-49FF-AEF5-B40A3625A44A,cucim,1783.85,4
60,56.118534,TCGA-E2-A572-01Z-00-DX1.7DDF1C25-58E2-4AF9-B831-598222A4E85D,cucim,1218.11,4
60,56.763299,TCGA-D8-A1XY-01Z-00-DX2.33D96E5C-5291-4864-B282-8BACA2043586,cucim,1498.82,4
60,57.371944,TCGA-A7-A3RF-01Z-00-DX1.E60647BC-229D-4409-A564-EE0945F912EE,cucim,1051.68,4
60,57.993736,TCGA-A2-A0CZ-01Z-00-DX1.A433A414-4F1B-4F99-8FD9-E64803F5E042,cucim,1255.56,4
60,58.631036,TCGA-A8-A09I-01Z-00-DX1.B738E479-8766-4766-B012-B32AC2F27533,cucim,1386.21,4
60,59.274890,TCGA-D8-A4Z1-01Z-00-DX1.D39D38B5-FC9F-4298-8720-016407DC6591,cucim,1569.03,4
60,59.854388,TCGA-C8-A8HR-01Z-00-DX1.8E841CA8-1CE2-4242-AC5A-3247075CF8F4,cucim,1027.22,4
60,60.392522,TCGA-B6-A0RE-01Z-00-DX1.8933BDB4-EF8D-41FA-9A50-05BB3AB976E5,cucim,1147.24,4
60,60.950953,TCGA-BH-A1EX-01Z-00-DX1.16B6A817-6729-446E-9FCF-A4A333C5295D,cucim,1104.27,4
60,61.463959,TCGA-D8-A1J9-01Z-00-DX1.F81FA9EF-8129-4E17-A9AD-2B850782CC18,cucim,1498.03,4
60,61.981263,TCGA-D8-A1JM-01Z-00-DX1.3CD15BC8-08B3-4BEE-9FD7-A8BEED33268E,cucim,1189.50,4
60,62.547199,TCGA-D8-A143-01Z-00-DX1.4697FB2F-91D5-4506-AF23-7DE304D44A3F,cucim,952.44,4
60,63.105138,TCGA-C8-A26V-01Z-00-DX1.6E86DF74-D575-4969-8142-963D9DF5208F,cucim,1015.03,4
60,63.600900,TCGA-A1-A0SQ-01Z-00-DX1.36071264-3407-4224-BCBB-2ED00294569A,cucim,986.76,4
60,64.046306,TCGA-LD-A7W6-01Z-00-DX1.3E125146-B447-4973-AE09-6D374970B46C,cucim,1304.89,4
60,64.500948,TCGA-LD-A7W6-01Z-00-DX1.3E125146-B447-4973-AE09-6D374970B46C,cucim,1205.21,4
60,64.977510,TCGA-A8-A08G-01Z-00-DX1.C3BB7FEC-91B7-4B45-8DFC-36CABCC0FD57,cucim,1237.64,4
60,65.433142,TCGA-EW-A2FV-01Z-00-DX1.0C59AC06-DD9B-413A-8A03-B71774F662FA,cucim,1102.48,4
60,65.889400,TCGA-E9-A229-01Z-00-DX1.5B448B88-DA0C-44FF-87B3-20649A4A26FE,cucim,916.99,4
60,66.369829,TCGA-S3-AA15-01Z-00-DX1.A2456A4A-E6E8-4429-8F09-B997AA497BB0,cucim,1242.48,4
60,66.858186,TCGA-A7-A26H-01Z-00-DX1.3344CFD3-5A19-4B01-BEB2-AB89F83FD53A,cucim,954.96,4
60,67.359398,TCGA-PL-A8LX-01A-02-DX2.84DA8B75-1196-4704-B6B2-C5E7BF645E95,cucim,682.50,4
60,67.864901,TCGA-E9-A1R4-01Z-00-DX1.B04D5A22-8CE5-49FD-8510-14444F46894D,cucim,983.37,4
60,68.288660,TCGA-E9-A1RG-01Z-00-DX1.044C235A-75AE-4C7D-AC7F-56C8E64354AA,cucim,1067.00,4
60,68.691460,TCGA-AO-A03U-01Z-00-DX1.AE2B55F3-8BA1-4546-82B7-4D2292BE1C78,cucim,1537.78,4
60,69.088550,TCGA-A2-A0T6-01Z-00-DX1.207A3883-5B41-40EB-95A1-D64C9610650B,cucim,930.94,4
60,69.525574,TCGA-AO-A0JL-01Z-00-DX1.473CC200-221A-4777-B19E-ADC41D10FC94,cucim,1125.65,4
60,69.987486,TCGA-OL-A66O-01Z-00-DX1.5F1E4C60-5CE8-41B4-A94D-4AA80D9253F9,cucim,747.19,4
61,11.248527,TCGA-B6-A0IO-01Z-00-DX1.D8898C30-4016-4983-9359-5C1507C01715,cucim,4640.44,4
61,12.622035,TCGA-AR-A252-01Z-00-DX1.2E7EE069-A0B8-489B-A2F0-3175FB58F468,cucim,5304.77,4
61,14.084854,TCGA-AR-A252-01Z-00-DX1.2E7EE069-A0B8-489B-A2F0-3175FB58F468,cucim,9283.03,4
61,15.492503,TCGA-E2-A15R-01Z-00-DX1.B58D2D9D-05EE-4D66-8DC0-9E5C6AD2E3D3,cucim,1754.52,4
61,16.816237,TCGA-A7-A0DC-01Z-00-DX2.795FD529-D7C2-407D-9E8A-5DCE1EF49029,cucim,3796.90,4
61,18.046543,TCGA-E2-A1B6-01Z-00-DX1.8CD458BE-C4F9-4AF3-A927-18C042E9B4B7,cucim,2870.86,4
61,19.407335,TCGA-E9-A5FL-01Z-00-DX1.FB810D6A-303E-45DF-BEF1-D9CE83B4417E,cucim,4782.57,4
61,20.634649,TCGA-C8-A12X-01Z-00-DX1.2967579D-40AE-4425-BE81-5109713C16B4,cucim,1631.85,4
61,21.864226,TCGA-D8-A1XZ-01Z-00-DX2.73D59546-C003-4DED-80D5-866E7055EC79,cucim,3246.70,4
61,23.085080,TCGA-UU-A93S-01Z-00-DX1.C4809779-DF5F-4F5D-A78C-B7F95F2D050F,cucim,3244.07,4
61,24.206436,TCGA-A8-A07U-01Z-00-DX1.69D356C3-C7FC-47E9-B753-BE421263343F,cucim,4524.04,4
61,25.691502,TCGA-D8-A1XU-01Z-00-DX1.769DBC38-6F0D-425B-A904-79EBA1C119EF,cucim,4059.63,4
61,26.914143,TCGA-OL-A66O-01Z-00-DX1.5F1E4C60-5CE8-41B4-A94D-4AA80D9253F9,cucim,1969.16,4
61,27.958959,TCGA-E2-A1B4-01Z-00-DX1.E585C4FB-0D3E-4160-8192-53A329648F5C,cucim,3429.23,4
61,29.131606,TCGA-BH-A0BP-01Z-00-DX1.63A87C1D-87FA-494D-9836-74290B5DC30D,cucim,1072.73,4
61,30.355048,TCGA-D8-A1XJ-01Z-00-DX1.660DDF8D-6816-4EBE-AF37-6F7A374F4E9E,cucim,2336.93,4
61,31.603821,TCGA-AO-A12D-01Z-00-DX1.BA006BAD-5C6E-4099-BC99-3888E69F506E,cucim,2316.22,4
61,32.728140,TCGA-E2-A156-01Z-00-DX1.CEF32B4D-A676-4230-992D-45A046E4043A,cucim,1851.21,4
61,33.924751,TCGA-EW-A2FV-01Z-00-DX1.0C59AC06-DD9B-413A-8A03-B71774F662FA,cucim,1782.07,4
61,35.113631,TCGA-C8-A1HL-01Z-00-DX1.CC21CAE9-DE48-4ADE-A959-5A99010AAFAC,cucim,2099.33,4
61,36.275382,TCGA-A2-A0CM-01Z-00-DX1.AC4901DE-4B6D-4185-BB9F-156033839828,cucim,1856.49,4
61,37.333329,TCGA-A2-A0EX-01Z-00-DX1.F4C293E9-9BB2-48A1-8080-5F3082E219C5,cucim,2465.57,4
61,38.402077,TCGA-A2-A0CM-01Z-00-DX1.AC4901DE-4B6D-4185-BB9F-156033839828,cucim,2859.41,4
61,39.579903,TCGA-AR-A24S-01Z-00-DX1.317C3B19-0D0F-4315-AC2D-C741F09DD775,cucim,2389.77,4
61,40.631668,TCGA-A8-A07P-01Z-00-DX1.2C7C75EF-EEE2-4A42-994C-A1A40850C87A,cucim,1807.30,4
61,41.581376,TCGA-A7-A4SA-01Z-00-DX1.B48FFD3E-9B45-4CEA-ACEE-5B08058CCF5F,cucim,1411.53,4
61,42.563092,TCGA-BH-A0HW-01Z-00-DX1.44DCCE00-133F-4469-A4DA-5057C011B4AC,cucim,2351.30,4
61,43.569567,TCGA-E2-A150-01Z-00-DX1.55643D23-83E6-4058-8EA5-18AAA8547839,cucim,2483.83,4
61,44.589417,TCGA-BH-A18S-01Z-00-DX1.B36FC684-0010-4ABB-9E25-303C8DF1C4E2,cucim,2736.92,4
61,45.661898,TCGA-AR-A1AV-01Z-00-DX1.93698893-7C5C-44C1-A488-ED358D523693,cucim,2046.66,4
61,46.646955,TCGA-BH-A0B4-01Z-00-DX1.A2CB0BF4-32F9-48FD-9B96-A744013BADDB,cucim,2141.61,4
61,47.549099,TCGA-A2-A25C-01Z-00-DX1.F8E6044A-435E-42D5-94FF-C0F572F1ED99,cucim,2794.16,4
61,48.460523,TCGA-E9-A1N6-01Z-00-DX1.C0E8FFDC-2614-4DBF-B51E-4646A3919911,cucim,1627.04,4
61,49.549728,TCGA-A2-A0CX-01Z-00-DX1.F07C75AB-E568-45CB-B497-37C712490393,cucim,1352.38,4
61,50.337664,TCGA-AO-A03O-01Z-00-DX1.054BBC89-69F4-4311-814D-E343472CD2C0,cucim,1422.06,4
61,51.174860,TCGA-AR-A0TS-01Z-00-DX1.2DB81A2E-16C1-4EE0-8175-65FA46768277,cucim,1629.16,4
61,52.229292,TCGA-A8-A08S-01Z-00-DX1.C0E044C2-FC3F-4E3D-A779-A725FF375F21,cucim,1359.09,4
61,53.023697,TCGA-BH-A0HX-01Z-00-DX1.44EBA39E-383D-4820-915E-4E5FDA1D43DA,cucim,1524.01,4
61,53.748388,TCGA-E9-A5FK-01Z-00-DX1.3F002C99-B4CA-4068-A816-EAC370A2E8C4,cucim,1270.24,4
61,54.668168,TCGA-AR-A1AU-01Z-00-DX1.F06647D1-E5A3-46FE-8537-01A10A08A4EC,cucim,1430.65,4
61,55.420446,TCGA-C8-A3M8-01Z-00-DX1.97AC85E0-6281-4F2E-8034-24AD5F52D5A6,cucim,1423.84,4
61,56.128869,TCGA-E9-A22E-01Z-00-DX1.3d5b1ba6-466f-4852-b1fc-bc29ef3be9a2,cucim,1088.78,4
61,56.796025,TCGA-A2-A25B-01Z-00-DX1.58D7BEDE-5558-4A9E-A95E-DDF24C9267EF,cucim,1102.63,4
61,57.398076,TCGA-A7-A0DB-01Z-00-DX1.9CE855BC-0C37-43FB-8806-6625E176BE2E,cucim,1089.67,4
61,58.033656,TCGA-D8-A147-01Z-00-DX1.159094F2-BB78-4910-B7AE-3D7CAAB1DAD9,cucim,2257.60,4
61,58.614324,TCGA-AO-A0JF-01Z-00-DX1.3277D13C-F257-4D4C-AB5C-BEBA2E1A63D8,cucim,1674.78,4
61,59.227137,TCGA-D8-A1XL-01Z-00-DX2.FDE2C80D-5DC4-4743-A180-C5AFC5BB0BE2,cucim,1422.05,4
61,59.791739,TCGA-A8-A08R-01Z-00-DX1.72FBD9A3-5EB9-4855-89EB-697883C2EA9B,cucim,1047.90,4
61,60.356510,TCGA-D8-A27I-01Z-00-DX1.ACAE0048-7AF0-41C9-992B-6ACDABF80B1C,cucim,946.04,4
61,60.881577,TCGA-D8-A27R-01Z-00-DX1.F6E2FD1C-0666-4788-8D95-A76D15907270,cucim,1253.85,4
61,61.364797,TCGA-E2-A1II-01Z-00-DX1.7F782477-0F92-4C57-8735-A1E3F95A6B94,cucim,1194.19,4
61,61.880652,TCGA-D8-A1X7-01Z-00-DX2.F0631B8C-EB75-4995-8ED7-1A8972BE8997,cucim,817.61,4
61,62.418522,TCGA-C8-A12T-01Z-00-DX1.EF628C26-C570-4D15-A0C0-58B2CC40ABFC,cucim,1090.90,4
61,62.953787,TCGA-A7-A0CJ-01Z-00-DX2.4B591117-5FC9-4B43-8A45-444CCCABC666,cucim,1191.06,4
61,63.473559,TCGA-BH-A18U-01Z-00-DX1.63940315-59BC-462B-87A8-2BBB33C9503E,cucim,1130.10,4
61,63.936098,TCGA-D8-A1JU-01Z-00-DX1.355D93B4-E69E-417C-B3D1-3E1AAF1E02FE,cucim,1080.13,4
61,64.410386,TCGA-AN-A0FW-01Z-00-DX1.5EEDFC71-6ABE-4189-8C45-2127403A8F04,cucim,968.05,4
61,64.855060,TCGA-A8-A06U-01Z-00-DX1.56070AB9-A73E-44B8-8051-D93E8F881BBE,cucim,994.61,4
61,65.356814,TCGA-LD-A7W5-01Z-00-DX1.C9920081-C2FE-461E-AEF8-625D4A95BE2F,cucim,1228.88,4
61,65.816361,TCGA-A8-A083-01Z-00-DX1.AD121BA9-B5FA-4A03-869B-8FE2C5014CE0,cucim,1254.88,4
61,66.317476,TCGA-E2-A14U-01Z-00-DX1.F788A244-6C96-4CDC-AD9A-157DE951A723,cucim,959.19,4
61,66.860377,TCGA-A7-A3IZ-01Z-00-DX1.7437130B-DF49-40C8-ABCD-FF9364B9B1B0,cucim,823.53,4
61,67.301496,TCGA-E9-A1RB-01Z-00-DX1.845074ea-43bc-4752-9dc0-fca72d2ab5de,cucim,760.95,4
61,67.737446,TCGA-BH-A0C1-01Z-00-DX1.21FE357E-B182-4397-BFEF-7E96E994236A,cucim,1015.41,4
61,68.281966,TCGA-BH-A0AU-01Z-00-DX1.E852F218-B15C-4CF8-8FD0-F284043834C4,cucim,822.65,4
61,68.790049,TCGA-B6-A0I1-01Z-00-DX1.86BEC5E4-A2D1-4039-8D08-0598FA8BCC2B,cucim,792.33,4
61,69.191582,TCGA-D8-A1XC-01Z-00-DX1.E7494388-838B-4D35-9CA1-77017CBE77F2,cucim,865.22,4
61,69.646594,TCGA-C8-A12K-01Z-00-DX1.D71C7974-65F7-4EF0-8FFB-9F27CEC85242,cucim,829.40,4
62,11.227117,TCGA-LL-A8F5-01Z-00-DX1.7579425E-1425-4160-A9DD-3D50F4C5428D,cucim,3094.84,4
62,12.467895,TCGA-A2-A0YC-01Z-00-DX1.F01F2268-17D8-45FD-8917-FD89454D0709,cucim,2037.74,4
62,14.238879,TCGA-BH-A0DD-01Z-00-DX1.2242DD1F-0B7C-4B43-A7A9-8130D2BDEE78,cucim,2077.10,4
62,15.619439,TCGA-B6-A0RP-01Z-00-DX1.02A55E9D-2AA9-497A-B481-85724EA813AD,cucim,1459.45,4
62,16.952754,TCGA-AC-A4ZE-01Z-00-DX1.A9BB4DBC-4314-4A77-AA1C-0882DBC370F1,cucim,10872.50,4
62,18.534995,TCGA-LL-A740-01Z-00-DX1.757D94A5-EF0F-4A0E-99A9-8809B66438DA,cucim,1964.83,4
62,19.727902,TCGA-AO-A0JE-01Z-00-DX1.82D33053-E305-47D8-9B02-B55511EBB06D,cucim,1951.44,4
62,21.035725,TCGA-E2-A14X-01Z-00-DX1.24ADDA43-F127-4A6B-9AAD-2FAD982A853D,cucim,2365.77,4
62,22.357756,TCGA-AR-A0TZ-01Z-00-DX1.2D58BE38-03F6-4310-8E06-F1A523FB0904,cucim,1660.57,4
62,23.597823,TCGA-E2-A14V-01Z-00-DX1.D6274B5E-644C-478C-817F-B8BB9262D6F4,cucim,2669.33,4
62,24.759930,TCGA-D8-A1J9-01Z-00-DX1.F81FA9EF-8129-4E17-A9AD-2B850782CC18,cucim,2410.71,4
62,25.870032,TCGA-A8-A09W-01Z-00-DX1.BF33B0F9-5786-4682-B59E-DCBD33D7BB03,cucim,2244.60,4
62,27.284796,TCGA-E2-A1IJ-01Z-00-DX1.00093877-7B01-42D3-857C-987BC1F604A3,cucim,1491.02,4
62,28.476489,TCGA-B6-A0RU-01Z-00-DX1.4977531C-6003-4DA6-9925-30E2DA62C076,cucim,7274.91,4
62,29.652179,TCGA-E2-A10F-01Z-00-DX1.18F9324C-A38F-478E-95DF-B8E172D0DD07,cucim,1858.28,4
62,31.016143,TCGA-A8-A082-01Z-00-DX1.5F82E38D-0DFD-4C2C-BC05-8F0EFEFC507C,cucim,1809.80,4
62,32.225315,TCGA-A8-A0A1-01Z-00-DX1.CA64E221-E2A8-42B5-B611-25B9FE5FB0B0,cucim,1633.09,4
62,33.317566,TCGA-D8-A1J9-01Z-00-DX1.F81FA9EF-8129-4E17-A9AD-2B850782CC18,cucim,1887.31,4
62,34.335612,TCGA-A7-A6VW-01Z-00-DX1.1BC4790C-DB45-4A3D-9C97-92C92C03FF60,cucim,2020.69,4
62,35.456484,TCGA-AC-A3QQ-01Z-00-DX1.86463263-AB12-49FB-8967-D5FD1F7D221A,cucim,3731.29,4
62,36.556906,TCGA-B6-A0X5-01Z-00-DX1.02A9FF1E-EA20-4F2D-A2BB-427A287DE3FD,cucim,1581.34,4
62,37.527004,TCGA-EW-A2FR-01Z-00-DX1.FF521BBF-F5BA-4B03-9CA1-101A337F4B45,cucim,1959.96,4
62,38.539206,TCGA-A7-A0DA-01Z-00-DX1.5F087009-16E9-4A07-BA24-62340E108B17,cucim,1587.15,4
62,39.550487,TCGA-BH-A1EU-01Z-00-DX1.5A0956EF-0100-47FD-9026-1994CF22D0F1,cucim,3593.39,4
62,40.509302,TCGA-Z7-A8R5-01Z-00-DX1.3BDB407F-514C-4131-B058-FA1E69154276,cucim,2691.76,4
62,41.472108,TCGA-A2-A0T4-01Z-00-DX1.AC61ED08-2E42-4D4A-BB81-746D3FEBB653,cucim,2947.01,4
62,42.553607,TCGA-E9-A1R6-01Z-00-DX1.59770592-498A-47EA-AE32-42AC1D8E99BE,cucim,3147.85,4
62,43.599760,TCGA-LD-A7W6-01Z-00-DX1.3E125146-B447-4973-AE09-6D374970B46C,cucim,2210.72,4
62,44.753634,TCGA-A2-A3XU-01Z-00-DX1.174A92D4-50B2-4A59-AD31-D5EC5BBF2F65,cucim,2868.73,4
62,45.745863,TCGA-LQ-A4E4-01Z-00-DX1.CF422C39-614F-4F14-813B-95BB7B171977,cucim,2791.63,4
62,46.754591,TCGA-OL-A5D6-01Z-00-DX1.6B11331B-4A0D-4E13-B054-A5C7A6FC3AAC,cucim,4468.88,4
62,47.659000,TCGA-AR-A0TU-01Z-00-DX1.2CBBDDAB-C1DD-4205-A555-431542F9C069,cucim,2295.41,4
62,48.628165,TCGA-A8-A09G-01Z-00-DX1.B834728C-DAC5-4463-961D-7E3B220905C1,cucim,2310.18,4
62,49.531436,TCGA-D8-A27T-01Z-00-DX2.7CCFE3AA-955B-4D77-9EDB-7B36D5A01168,cucim,4356.36,4
62,50.413868,TCGA-A7-A13G-01Z-00-DX1.C258C545-8C1F-41D4-846F-962A746CBDFB,cucim,1234.11,4
62,51.291472,TCGA-AC-A5EI-01Z-00-DX1.A174D91A-730E-460C-AE73-46CA1E5B177B,cucim,4255.06,4
62,52.117847,TCGA-AR-A0TP-01Z-00-DX1.58E6A3A6-D1D7-4AE5-87A5-E823F04CBB2F,cucim,1950.78,4
62,52.886901,TCGA-GM-A3XN-01Z-00-DX1.49F5C8AC-0328-4BC2-9FE2-E7150B7A42E2,cucim,1975.72,4
62,53.626545,TCGA-AC-A3YI-01Z-00-DX1.321C0A32-ABF9-48ED-8071-C6B1774E9F7B,cucim,1516.52,4
62,54.414221,TCGA-OL-A66L-01Z-00-DX1.E01BA275-57A5-49DF-9376-1AD0BDFFF7E2,cucim,2930.26,4
62,55.158736,TCGA-D8-A1JM-01Z-00-DX1.3CD15BC8-08B3-4BEE-9FD7-A8BEED33268E,cucim,1463.31,4
62,55.859067,TCGA-AO-A0JB-01Z-00-DX1.250FE098-345B-4981-9236-0519E1C9058E,cucim,1506.16,4
62,56.538600,TCGA-A2-A0YG-01Z-00-DX1.89A39319-F880-47DE-B311-DA1F6A64B6F3,cucim,1255.49,4
62,57.173781,TCGA-D8-A1XA-01Z-00-DX1.36A807F0-2D35-4CE3-8A27-CC59181B1A3D,cucim,1409.17,4
62,57.852257,TCGA-BH-A0E7-01Z-00-DX1.7FEE54C4-3795-403C-85B9-FF932BE56788,cucim,1226.67,4
62,58.447862,TCGA-E2-A1IH-01Z-00-DX1.816F0C54-D87E-4E23-891B-98169F5B439B,cucim,1127.91,4
62,59.052966,TCGA-D8-A1JC-01Z-00-DX2.854ABF5D-40F1-48AE-802F-97D75497F1FD,cucim,1173.15,4
62,59.624179,TCGA-D8-A1XR-01Z-00-DX1.7F443346-C564-47B6-9736-6944230CAF46,cucim,1139.45,4
62,60.210046,TCGA-E2-A14Y-01Z-00-DX1.804A22A3-FD8D-4C8A-A766-48D28434DE22,cucim,1548.43,4
62,60.801274,TCGA-A2-A4S0-01Z-00-DX1.5878187D-325F-4274-BE41-86BB2BA5F841,cucim,2013.45,4
62,61.361408,TCGA-BH-A0B8-01Z-00-DX1.380ABAE9-EA83-4E9B-BFB2-6476A86C1ADD,cucim,1060.61,4
62,61.900234,TCGA-E9-A22A-01Z-00-DX1.d986c9eb-2c54-4663-a54b-04c0756db6db,cucim,1477.65,4
62,62.434200,TCGA-B6-A0RP-01Z-00-DX1.02A55E9D-2AA9-497A-B481-85724EA813AD,cucim,1165.81,4
62,62.988820,TCGA-A8-A096-01Z-00-DX1.FCECFB0D-4E02-4C69-A0FE-7D6C7F9FEB07,cucim,1103.62,4
62,63.501358,TCGA-A7-A3J0-01Z-00-DX1.59DB32BC-F59C-43B3-8DDD-4A728EBA8AB8,cucim,810.51,4
62,63.993180,TCGA-C8-A12O-01Z-00-DX1.A77E552B-7B69-45B7-B341-A03571F2A06C,cucim,809.17,4
62,64.535854,TCGA-D8-A1JD-01Z-00-DX2.C6A7667E-25C9-48BD-A4E7-F4BB740FE589,cucim,1005.75,4
62,65.035448,TCGA-E9-A1NG-01Z-00-DX1.30d2a611-21ad-4ba0-a03c-31f36ecb83d5,cucim,1371.28,4
62,65.513111,TCGA-A1-A0SE-01Z-00-DX1.04B09232-C6C4-46EF-AA2C-41D078D0A80A,cucim,840.53,4
62,66.040911,TCGA-A8-A079-01Z-00-DX1.DC32BC20-A3BC-43B3-B69F-1E71E289EA34,cucim,1230.90,4
62,66.533649,TCGA-A2-A1G1-01Z-00-DX1.E52A474F-DE13-41CF-94D4-D00BAC46ECF4,cucim,1113.15,4
62,66.976913,TCGA-E2-A14P-01Z-00-DX1.663B02FF-C64B-41A6-8685-FD61CD76F9C6,cucim,1065.30,4
62,67.399252,TCGA-A2-A25F-01Z-00-DX1.87499CD4-E41C-46B1-AAF3-5CE881F2B8BC,cucim,1117.60,4
62,67.832593,TCGA-D8-A1XV-01Z-00-DX1.D0D78B02-2A0D-4107-8083-D2FE1D3F1207,cucim,805.32,4
62,68.286609,TCGA-A2-A0CP-01Z-00-DX1.ECFD263C-BB17-4ADA-8F2C-654C2AA4C45F,cucim,813.92,4
62,68.671386,TCGA-A8-A0A4-01Z-00-DX1.06C38F98-F34B-49F0-AFB5-7F0086188346,cucim,1068.47,4
62,69.035061,TCGA-AC-A3OD-01Z-00-DX1.E19B311B-BAB1-4CE8-9421-B49D5BE4537E,cucim,780.18,4
62,69.430182,TCGA-A8-A093-01Z-00-DX1.1C8056D1-11CD-482D-9A23-3A9D1B4E63F0,cucim,1435.64,4
62,69.838279,TCGA-A8-A09R-01Z-00-DX1.392580F3-0CE5-4EDB-91CF-814AAD0DB649,cucim,1036.87,4
63,11.347593,TCGA-A1-A0SH-01Z-00-DX1.90E71B08-E1D9-4FC2-85AC-062E56DDF17C,cucim,1258.85,4
63,12.633432,TCGA-A2-A0YH-01Z-00-DX1.FBA5E711-8275-45B3-BC20-5A786EE23548,cucim,3765.97,4
63,13.941573,TCGA-A1-A0SH-01Z-00-DX1.90E71B08-E1D9-4FC2-85AC-062E56DDF17C,cucim,4256.68,4
63,15.161967,TCGA-AN-A0FV-01Z-00-DX1.C0D02946-FCDA-472D-895D-7ACF5C96B264,cucim,5718.72,4
63,16.378125,TCGA-D8-A13Y-01Z-00-DX1.02321E77-A11E-41A5-95FE-BB897EA5CE58,cucim,1754.75,4
63,17.558739,TCGA-A8-A085-01Z-00-DX1.0DA29016-AEA4-4E5F-B679-83095A79F5B3,cucim,2488.58,4
63,18.817534,TCGA-A8-A09E-01Z-00-DX1.239A8E03-49EA-4C29-AF86-FC1BD8A9DB20,cucim,3118.29,4
63,20.048612,TCGA-A7-A6VY-01Z-00-DX1.38D4EBD7-40B0-4EE3-960A-1F00E8F83ADB,cucim,3752.72,4
63,21.393531,TCGA-D8-A1JE-01Z-00-DX2.CCF3DFEF-E851-425A-BCD0-0F7B377A00BC,cucim,1645.72,4
63,22.713974,TCGA-A7-A6VV-01Z-00-DX1.07AE0E16-A883-4C86-BC74-4E13081175F2,cucim,2534.02,4
63,23.857620,TCGA-GM-A2DK-01Z-00-DX1.4F81A585-9549-454C-8E15-2E4545795460,cucim,2693.76,4
63,24.996107,TCGA-AR-A0TX-01Z-00-DX1.5BEA4E65-8CEC-49B2-9F29-DBE53E8ED46E,cucim,1826.68,4
63,26.088868,TCGA-A8-A07S-01Z-00-DX1.34AFF327-E7FD-49E1-B918-0C09129581FB,cucim,1876.06,4
63,27.156832,TCGA-E9-A3HO-01Z-00-DX1.8C897764-4CD4-40DE-9F8B-7F1BE5FF89C7,cucim,3628.40,4
63,28.649741,TCGA-BH-A0DX-01Z-00-DX1.45C27E71-9A0A-400E-93A9-5CE7780F3C5E,cucim,5236.59,4
63,29.981252,TCGA-A8-A0A1-01Z-00-DX1.CA64E221-E2A8-42B5-B611-25B9FE5FB0B0,cucim,1893.09,4
63,31.077672,TCGA-LQ-A4E4-01Z-00-DX1.CF422C39-614F-4F14-813B-95BB7B171977,cucim,2164.65,4
63,32.315952,TCGA-E2-A1BC-01Z-00-DX1.FD19F2F8-497F-4D7D-97C6-271DC6B75173,cucim,2606.45,4
63,33.493865,TCGA-A8-A0A7-01Z-00-DX1.A0FD4EEF-B536-47C1-BDA1-7AC71BA3E978,cucim,1657.55,4
63,34.627492,TCGA-E2-A1LL-01Z-00-DX1.D1AA1613-902C-4579-9612-48A76042B0AE,cucim,1932.12,4
63,35.751754,TCGA-C8-A12K-01Z-00-DX1.D71C7974-65F7-4EF0-8FFB-9F27CEC85242,cucim,3279.52,4
63,36.953201,TCGA-E9-A1N9-01Z-00-DX1.982C83A6-0E06-47B3-A7C7-1773A2CD1771,cucim,2410.18,4
63,37.938146,TCGA-E2-A1IJ-01Z-00-DX1.00093877-7B01-42D3-857C-987BC1F604A3,cucim,1222.06,4
63,39.045477,TCGA-A2-A1G0-01Z-00-DX1.9ECB0B8A-EF4E-45A9-82AC-EF36375DEF65,cucim,1910.21,4
63,40.188384,TCGA-AC-A6NO-01Z-00-DX1.61B7F48C-6D6E-4C1B-B236-DD130ECBDA9D,cucim,3774.63,4
63,41.256027,TCGA-BH-A18M-01Z-00-DX1.56E6935A-62CB-4CBE-BDCA-60DA56422CE0,cucim,2680.75,4
63,42.425828,TCGA-GM-A2DH-01Z-00-DX1.5790F15F-2A0F-4929-8FE4-18A557007989,cucim,3829.25,4
63,43.454501,TCGA-AR-A1AV-01Z-00-DX1.93698893-7C5C-44C1-A488-ED358D523693,cucim,1483.72,4
63,44.501806,TCGA-BH-A204-01Z-00-DX1.9DCE8242-E862-45AB-9452-D7299110973F,cucim,3830.49,4
63,45.509704,TCGA-E9-A1N3-01Z-00-DX1.608fb360-17bf-4f85-b090-b8fc867831a3,cucim,1896.11,4
63,46.480907,TCGA-BH-A1FR-01Z-00-DX1.03E51FCD-DDF2-4924-827D-85A02280C9C7,cucim,2323.28,4
63,47.498180,TCGA-A8-A084-01Z-00-DX1.2B52D1B8-5AD4-4BD6-ADF7-9D65B8EE2621,cucim,2685.67,4
63,48.534642,TCGA-A7-A425-01Z-00-DX1.812A94B1-0403-4298-A6C5-F71AFD3A9995,cucim,1231.75,4
63,49.531550,TCGA-D8-A27L-01Z-00-DX1.6572593C-B015-4F9A-8C9B-B634CAA0D3B4,cucim,1423.56,4
63,50.327097,TCGA-A2-A1FZ-01Z-00-DX1.0BAAEF41-DCA4-4677-9A27-09E990033FA6,cucim,2071.69,4
63,51.176942,TCGA-D8-A1X8-01Z-00-DX1.DDA3866E-C7CC-4650-BE2B-5C9A98A2D531,cucim,1943.21,4
63,52.133310,TCGA-A1-A0SF-01Z-00-DX1.7F252D89-EA78-419F-A969-1B7313D77499,cucim,1280.73,4
63,52.882864,TCGA-D8-A3Z5-01Z-00-DX2.6196B9FF-F09E-4D44-873D-E53BFB2BF4E1,cucim,1508.59,4
63,53.683676,TCGA-AC-A6IX-01Z-00-DX1.45B63C4F-9DC3-4CED-9DF9-0F86E647BEA3,cucim,4615.23,4
63,54.498701,TCGA-GM-A2D9-01Z-00-DX1.AF4BF2DD-05FB-400B-A1BC-6E7C9B9DDF05,cucim,1676.98,4
63,55.243568,TCGA-A7-A426-01Z-00-DX1.3058E873-9442-4872-80DA-E8A5B35054D2,cucim,1767.77,4
63,55.880070,TCGA-E2-A1B4-01Z-00-DX1.E585C4FB-0D3E-4160-8192-53A329648F5C,cucim,1378.34,4
63,56.535772,TCGA-A8-A08S-01Z-00-DX1.C0E044C2-FC3F-4E3D-A779-A725FF375F21,cucim,1504.38,4
63,57.141800,TCGA-LL-A5YP-01Z-00-DX1.ADA978DF-6625-4C4D-AE0C-F589B2BA4897,cucim,1104.72,4
63,57.783648,TCGA-B6-A0RL-01Z-00-DX1.B5B6709B-5F38-4561-A0E7-C78F97B33F22,cucim,1507.66,4
63,58.428808,TCGA-UL-AAZ6-01Z-00-DX1.0488628B-C06B-4A1D-9198-EC29D0BACF6E,cucim,1597.53,4
63,59.068220,TCGA-A7-A0CG-01Z-00-DX1.D77019C2-96B1-4EF5-A61E-5F2D5B8D9852,cucim,1412.87,4
63,59.677554,TCGA-B6-A0RP-01Z-00-DX1.02A55E9D-2AA9-497A-B481-85724EA813AD,cucim,1503.76,4
63,60.223964,TCGA-D8-A1XT-01Z-00-DX1.9E4DEEEB-AB0A-45F6-A69B-65B3E6F22D46,cucim,1553.13,4
63,60.842544,TCGA-LD-A7W6-01Z-00-DX1.3E125146-B447-4973-AE09-6D374970B46C,cucim,1128.14,4
63,61.343808,TCGA-AR-A2LR-01Z-00-DX1.C686A7D6-0361-49EE-B6CA-672B3086243C,cucim,1654.51,4
63,61.878629,TCGA-A8-A082-01Z-00-DX1.5F82E38D-0DFD-4C2C-BC05-8F0EFEFC507C,cucim,1310.67,4
63,62.399393,TCGA-A7-A26J-01Z-00-DX1.86A92FBD-F346-4206-A1BE-0CBA1596135F,cucim,756.21,4
63,62.928241,TCGA-A7-A3J1-01Z-00-DX1.92895B92-5F95-4EA3-9237-4CAF63CDE3FF,cucim,1111.13,4
63,63.463583,TCGA-A7-A13F-01Z-00-DX1.AB4ADDD3-8E1C-4AB9-813E-D137A2CFB950,cucim,834.16,4
63,63.924727,TCGA-C8-A133-01Z-00-DX1.AFEE2057-2793-49E4-A477-E0DE3F6C67F9,cucim,960.11,4
63,64.431088,TCGA-UU-A93S-01Z-00-DX1.C4809779-DF5F-4F5D-A78C-B7F95F2D050F,cucim,1400.58,4
63,64.964248,TCGA-E2-A1LH-01Z-00-DX1.F85384B7-1EBF-4F57-A45B-4A668B68E535,cucim,797.52,4
63,65.460497,TCGA-EW-A1IX-01Z-00-DX1.72AE0E0F-B213-454F-8275-76A7C43FAB86,cucim,984.34,4
63,65.917887,TCGA-A2-A0CP-01Z-00-DX1.ECFD263C-BB17-4ADA-8F2C-654C2AA4C45F,cucim,906.29,4
63,66.398907,TCGA-AO-A1KP-01Z-00-DX1.612442AB-24E2-489B-9838-7CEE82BCD605,cucim,3018.82,4
63,66.900497,TCGA-BH-A1F2-01Z-00-DX1.17E2FD6F-0DCF-425B-864B-21ADCDAE734B,cucim,979.08,4
63,67.392511,TCGA-D8-A1XW-01Z-00-DX2.9849E503-BE3E-417C-ABE8-93A39583DDE0,cucim,975.75,4
63,67.880031,TCGA-A2-A259-01Z-00-DX1.7289CD72-CB74-41D4-B4AC-4EA5FDFEC666,cucim,1103.01,4
63,68.336369,TCGA-D8-A1Y0-01Z-00-DX2.7C25E941-12A6-46CE-B1A5-488D08E35684,cucim,910.59,4
63,68.799528,TCGA-C8-A12K-01Z-00-DX1.D71C7974-65F7-4EF0-8FFB-9F27CEC85242,cucim,786.36,4
63,69.242140,TCGA-BH-A0AW-01Z-00-DX1.9D50A0D2-B103-411C-831E-8520C3D50173,cucim,834.75,4
63,69.623457,TCGA-B6-A0IC-01Z-00-DX1.60ED7BBF-A448-4E4E-80F9-91527A697588,cucim,804.48,4
