step_idx,phase,t_step_start_s,t_step_end_s,step_duration_ms,t_dataload_ms,t_forward_ms,t_backward_ms,t_optimizer_ms,samples_per_step_per_rank,world_size,loss
0,ramp,0.000013,12.567613,12567.599,273.009,1608.044,10676.684,9.584,256,1,0.715614
1,ramp,12.567743,12.823628,255.885,26.262,88.320,140.982,0.274,256,1,0.707395
2,ramp,12.823670,13.086085,262.415,14.142,88.146,141.128,18.971,256,1,0.708878
3,ramp,13.086127,13.338109,251.981,14.212,88.307,141.223,8.214,256,1,1.437179
4,ramp,13.338152,13.584430,246.278,14.438,88.249,141.181,2.384,256,1,3.566308
5,ramp,13.584473,13.830404,245.931,14.205,88.293,141.021,2.386,256,1,1.693045
6,ramp,13.830444,14.075969,245.525,13.758,88.215,141.156,2.370,256,1,0.798246
7,ramp,14.076019,14.322097,246.078,14.301,88.241,141.134,2.376,256,1,2.331625
8,ramp,14.322137,14.567842,245.705,14.046,88.196,141.065,2.373,256,1,3.979286
9,ramp,14.567882,14.813902,246.021,14.318,88.181,141.108,2.388,256,1,3.180046
10,ramp,14.813942,15.060395,246.453,14.733,88.242,141.112,2.341,256,1,1.057460
11,ramp,15.060435,15.306482,246.048,14.095,88.265,141.149,2.511,256,1,2.434689
12,ramp,15.306539,15.552510,245.970,14.205,88.179,141.149,2.408,256,1,0.972395
13,ramp,15.552558,15.798432,245.873,14.065,88.277,141.125,2.378,256,1,1.458617
14,ramp,15.798478,16.044022,245.544,13.796,88.232,141.109,2.378,256,1,0.684248
15,ramp,16.044066,16.289890,245.823,14.131,88.178,141.072,2.415,256,1,1.175371
16,ramp,16.289929,16.536297,246.368,14.497,88.290,141.189,2.367,256,1,1.044404
17,ramp,16.536338,16.781925,245.588,13.876,88.285,141.051,2.351,256,1,0.829706
18,ramp,16.781965,17.027979,246.014,14.348,88.174,141.106,2.363,256,1,1.084206
19,ramp,17.028019,17.273777,245.758,14.003,88.181,141.186,2.362,256,1,0.809712
20,ramp,17.273818,17.519351,245.532,13.816,88.236,141.069,2.383,256,1,0.881762
21,ramp,17.519393,17.765523,246.130,13.981,88.275,141.107,2.738,256,1,1.068039
22,ramp,17.765576,18.013108,247.532,15.585,88.358,141.164,2.393,256,1,0.685440
23,ramp,18.013150,18.258806,245.656,13.823,88.236,141.183,2.387,256,1,0.779711
24,ramp,18.258848,18.504301,245.454,13.771,88.218,141.064,2.374,256,1,0.776789
25,ramp,18.504342,18.749959,245.617,13.979,88.158,141.091,2.361,256,1,0.752982
26,ramp,18.750002,18.995676,245.674,13.949,88.200,141.124,2.375,256,1,0.805395
27,ramp,18.995717,19.241139,245.422,13.723,88.157,141.150,2.363,256,1,1.456157
28,ramp,19.241180,19.486790,245.610,13.799,88.288,141.136,2.358,256,1,1.075338
29,ramp,19.486831,19.732334,245.504,13.763,88.208,141.077,2.426,256,1,1.160529
30,ramp,19.732375,19.977988,245.612,13.804,88.238,141.181,2.361,256,1,0.890259
31,ramp,19.978030,20.223930,245.901,13.939,88.360,141.188,2.385,256,1,1.063281
32,ramp,20.223971,20.469666,245.695,13.921,88.227,141.154,2.363,256,1,1.441900
33,ramp,20.469707,20.715199,245.491,13.730,88.202,141.159,2.373,256,1,1.512046
34,ramp,20.715240,20.960976,245.736,13.940,88.250,141.142,2.375,256,1,0.706003
35,ramp,20.961020,21.206160,245.141,13.448,88.130,141.180,2.354,256,1,1.082784
36,ramp,21.206201,21.452502,246.301,14.472,88.302,141.095,2.405,256,1,0.918635
37,ramp,21.452544,21.698345,245.801,13.944,88.303,141.125,2.401,256,1,0.674138
38,ramp,21.698385,21.944328,245.943,14.007,88.382,141.151,2.376,256,1,0.759425
39,ramp,21.944369,22.190207,245.838,14.154,88.174,141.093,2.389,256,1,0.714123
40,ramp,22.190249,22.436245,245.996,14.067,88.267,141.251,2.385,256,1,0.756323
41,ramp,22.436286,22.681495,245.209,13.497,88.207,141.073,2.403,256,1,0.680816
42,ramp,22.681538,22.926999,245.461,13.727,88.230,141.110,2.365,256,1,1.821353
43,ramp,22.927041,23.172429,245.388,13.659,88.214,141.088,2.390,256,1,0.729454
44,ramp,23.172472,23.418577,246.105,14.173,88.360,141.188,2.356,256,1,0.743640
45,ramp,23.418618,23.664319,245.701,13.895,88.205,141.194,2.380,256,1,1.076270
46,ramp,23.664362,23.910182,245.820,13.962,88.329,141.122,2.380,256,1,0.872456
47,ramp,23.910223,24.156043,245.820,14.001,88.232,141.188,2.372,256,1,0.718562
48,ramp,24.156085,24.401711,245.626,13.833,88.346,141.035,2.385,256,1,0.756291
49,ramp,24.401753,24.647731,245.978,14.195,88.205,141.177,2.372,256,1,0.688689
50,ramp,24.647771,24.893256,245.485,13.540,88.295,141.223,2.398,256,1,0.836949
51,ramp,24.893364,25.139510,246.146,14.210,88.323,141.215,2.367,256,1,0.899932
52,ramp,25.139550,25.385072,245.522,13.491,88.259,141.364,2.380,256,1,2.320838
53,ramp,25.385114,25.630812,245.698,13.836,88.221,141.172,2.441,256,1,0.664649
54,ramp,25.630855,25.877225,246.370,14.248,88.325,141.320,2.448,256,1,1.463155
55,ramp,25.877266,26.122998,245.732,13.897,88.298,141.181,2.331,256,1,1.002381
56,ramp,26.123036,26.368528,245.492,13.572,88.373,141.158,2.363,256,1,1.077669
57,ramp,26.368567,26.613994,245.427,13.543,88.331,141.181,2.346,256,1,0.761447
58,ramp,26.614032,26.859599,245.567,13.944,88.268,140.977,2.353,256,1,0.660742
59,ramp,26.859637,27.105047,245.410,13.669,88.241,141.116,2.358,256,1,0.761575
60,ramp,27.105086,27.351012,245.926,14.114,88.250,141.181,2.355,256,1,0.684782
61,ramp,27.351052,27.596967,245.914,14.174,88.279,141.062,2.367,256,1,0.763801
62,ramp,27.597004,27.842711,245.707,13.809,88.447,141.071,2.354,256,1,0.987246
63,ramp,27.842749,28.088289,245.540,13.821,88.258,141.106,2.331,256,1,0.784067
64,ramp,28.088328,28.333761,245.433,13.623,88.286,141.141,2.358,256,1,0.720308
65,ramp,28.333800,28.579268,245.468,13.666,88.274,141.140,2.363,256,1,0.818850
66,ramp,28.579307,28.825156,245.849,13.860,88.348,141.178,2.437,256,1,0.777368
67,ramp,28.825197,29.071357,246.160,14.330,88.317,141.105,2.382,256,1,0.660526
68,ramp,29.071398,29.316941,245.543,13.663,88.363,141.123,2.369,256,1,0.646158
69,ramp,29.316981,29.562550,245.569,13.675,88.275,141.200,2.394,256,1,0.758212
70,ramp,29.562588,29.808435,245.847,13.897,88.296,141.249,2.380,256,1,0.720342
71,ramp,29.808474,30.054857,246.383,14.461,88.311,141.209,2.378,256,1,0.710917
72,ramp,30.054895,30.300233,245.338,13.505,88.306,141.132,2.371,256,1,0.720632
73,ramp,30.300271,30.546601,246.331,14.471,88.294,141.168,2.374,256,1,0.670610
74,ramp,30.546639,30.792119,245.479,13.616,88.341,141.145,2.352,256,1,0.651248
75,ramp,30.792157,31.037685,245.528,13.798,88.355,140.985,2.364,256,1,0.685493
76,ramp,31.037723,31.283236,245.513,13.647,88.347,141.136,2.358,256,1,0.652563
77,ramp,31.283275,31.531153,247.877,16.020,88.369,141.108,2.353,256,1,0.655679
78,ramp,31.531193,31.776955,245.763,13.830,88.238,141.269,2.399,256,1,0.672660
79,ramp,31.776995,32.022439,245.444,13.847,88.190,141.009,2.374,256,1,0.703522
80,ramp,32.022477,32.268296,245.819,13.974,88.260,141.189,2.372,256,1,1.075577
81,ramp,32.268335,32.514296,245.961,14.004,88.330,141.229,2.373,256,1,1.620349
82,ramp,32.514334,32.760007,245.673,13.810,88.240,141.245,2.351,256,1,1.972394
83,ramp,32.760047,33.005204,245.157,13.302,88.315,141.158,2.356,256,1,0.671846
84,ramp,33.005243,33.250662,245.419,13.632,88.312,141.106,2.344,256,1,0.658681
85,ramp,33.250701,33.495866,245.165,13.307,88.343,141.114,2.360,256,1,0.627384
86,ramp,33.495905,33.741858,245.953,14.042,88.329,141.189,2.366,256,1,0.665020
87,ramp,33.741897,33.987505,245.608,13.784,88.329,141.064,2.404,256,1,0.619213
88,ramp,33.987544,34.233896,246.352,14.445,88.339,141.183,2.358,256,1,0.691852
89,ramp,34.233934,34.479311,245.377,13.606,88.310,141.090,2.345,256,1,0.762589
90,ramp,34.479349,34.725012,245.663,13.776,88.369,141.150,2.341,256,1,0.633581
91,ramp,34.725052,34.971176,246.125,14.056,88.380,141.274,2.389,256,1,0.862126
92,ramp,34.971218,35.217270,246.052,14.239,88.259,141.136,2.392,256,1,0.811118
93,ramp,35.217310,35.462991,245.681,13.872,88.324,141.090,2.372,256,1,0.894739
94,ramp,35.463029,35.709005,245.975,14.185,88.384,141.010,2.374,256,1,0.666845
95,ramp,35.709044,35.954836,245.792,13.856,88.392,141.169,2.352,256,1,1.140596
96,ramp,35.954875,36.202600,247.726,15.802,88.279,141.207,2.413,256,1,0.945907
97,ramp,36.202640,36.447959,245.319,13.521,88.286,141.128,2.358,256,1,0.648224
98,ramp,36.447999,36.695551,247.552,15.893,88.224,141.041,2.370,256,1,0.762720
99,ramp,36.695590,36.941546,245.956,14.131,88.277,141.150,2.373,256,1,0.722667
100,ramp,36.941586,37.187532,245.945,14.108,88.315,141.109,2.387,256,1,0.661166
101,ramp,37.187637,37.433675,246.037,14.096,88.317,141.268,2.328,256,1,0.939223
102,ramp,37.433714,37.678992,245.278,13.506,88.335,141.058,2.354,256,1,0.691938
103,ramp,37.679031,37.924742,245.711,13.953,88.264,141.089,2.381,256,1,0.679372
104,ramp,37.924781,38.170701,245.920,14.029,88.315,141.184,2.366,256,1,0.653061
105,ramp,38.170759,38.415925,245.166,13.341,88.326,141.089,2.383,256,1,0.670889
106,ramp,38.415965,38.661639,245.674,13.892,88.228,141.174,2.354,256,1,0.651851
107,ramp,38.661680,38.906991,245.311,13.587,88.178,141.148,2.373,256,1,0.663457
108,ramp,38.907030,39.152797,245.767,13.995,88.223,141.146,2.379,256,1,0.624270
109,ramp,39.152836,39.398622,245.786,13.940,88.366,141.092,2.363,256,1,0.649156
110,ramp,39.398662,39.645254,246.592,14.690,88.361,141.150,2.366,256,1,0.604613
111,ramp,39.645292,39.890536,245.244,13.309,88.289,141.273,2.348,256,1,0.667027
112,ramp,39.890574,40.136566,245.992,14.022,88.345,141.244,2.354,256,1,0.647323
113,ramp,40.136606,40.382067,245.461,13.725,88.176,141.147,2.388,256,1,0.621764
114,ramp,40.382105,40.627882,245.777,13.842,88.332,141.229,2.349,256,1,0.651735
115,ramp,40.627921,40.873781,245.860,14.085,88.293,141.124,2.334,256,1,0.673294
116,ramp,40.873817,41.119437,245.620,13.704,88.397,141.136,2.356,256,1,0.633413
117,ramp,41.119477,41.365140,245.663,13.911,88.308,141.079,2.339,256,1,0.612410
118,ramp,41.365179,41.611287,246.109,14.186,88.358,141.183,2.355,256,1,0.574439
119,ramp,41.611327,41.856856,245.528,13.571,88.321,141.191,2.419,256,1,0.639031
120,ramp,41.856895,42.102571,245.676,13.847,88.284,141.108,2.410,256,1,0.617147
121,ramp,42.102613,42.348930,246.316,14.331,88.398,141.183,2.377,256,1,0.616771
122,ramp,42.348969,42.594545,245.576,13.758,88.244,141.190,2.359,256,1,0.637410
123,ramp,42.594583,42.840217,245.634,13.845,88.239,141.169,2.356,256,1,0.640127
124,ramp,42.840258,43.085489,245.231,13.416,88.268,141.186,2.336,256,1,0.635088
125,ramp,43.085528,43.330794,245.266,13.426,88.204,141.234,2.376,256,1,0.584735
126,ramp,43.330834,43.576471,245.637,13.782,88.307,141.155,2.365,256,1,0.599165
127,ramp,43.576512,43.822188,245.676,13.774,88.346,141.171,2.358,256,1,0.602201
128,ramp,43.822227,44.068811,246.583,14.458,88.328,141.405,2.367,256,1,0.692603
129,ramp,44.068850,44.314159,245.309,13.501,88.233,141.190,2.360,256,1,0.611496
130,ramp,44.314197,44.559835,245.638,13.771,88.312,141.182,2.347,256,1,0.648703
131,ramp,44.559875,44.805484,245.609,13.733,88.330,141.178,2.342,256,1,0.676611
132,ramp,44.805522,45.051504,245.981,14.081,88.254,141.262,2.358,256,1,0.629273
133,ramp,45.051545,45.296943,245.399,13.559,88.204,141.253,2.357,256,1,0.583431
134,ramp,45.296981,45.542666,245.685,13.829,88.330,141.148,2.352,256,1,0.641370
135,ramp,45.542705,45.788822,246.117,14.098,88.328,141.294,2.373,256,1,0.733276
136,ramp,45.788860,46.034181,245.321,13.477,88.284,141.181,2.354,256,1,0.581124
137,ramp,46.034219,46.279676,245.457,13.551,88.312,141.213,2.356,256,1,0.616114
138,ramp,46.279716,46.526739,247.023,15.056,88.381,141.236,2.325,256,1,0.621072
139,ramp,46.526778,46.772923,246.145,14.030,88.345,141.399,2.347,256,1,0.680387
140,ramp,46.772961,47.018511,245.550,13.652,88.241,141.282,2.351,256,1,0.592074
141,ramp,47.018551,47.264050,245.500,13.623,88.244,141.245,2.362,256,1,0.619506
142,ramp,47.264092,47.509604,245.512,13.599,88.343,141.191,2.351,256,1,0.610238
143,ramp,47.509643,47.755507,245.864,13.807,88.414,141.237,2.381,256,1,0.756114
144,ramp,47.755546,48.001415,245.869,13.988,88.325,141.153,2.378,256,1,0.576558
145,ramp,48.001456,48.247387,245.932,13.835,88.366,141.341,2.363,256,1,0.598811
146,ramp,48.247427,48.493307,245.880,13.911,88.404,141.200,2.339,256,1,0.578301
147,ramp,48.493345,48.738934,245.589,13.552,88.341,141.337,2.334,256,1,0.601799
148,ramp,48.738973,48.984818,245.845,13.924,88.319,141.223,2.354,256,1,0.607993
149,ramp,48.984857,49.230368,245.511,13.410,88.423,141.296,2.357,256,1,0.620531
150,ramp,49.230407,49.476180,245.773,13.711,88.449,141.264,2.324,256,1,0.616190
151,ramp,49.476499,49.722362,245.863,13.882,88.309,141.283,2.358,256,1,0.869710
152,ramp,49.722401,49.968175,245.775,13.700,88.274,141.364,2.412,256,1,0.565167
153,ramp,49.968214,50.213485,245.271,13.269,88.336,141.296,2.344,256,1,0.525254
154,ramp,50.213525,50.459589,246.064,14.038,88.371,141.287,2.344,256,1,0.628088
155,ramp,50.459629,50.705440,245.812,13.922,88.436,141.098,2.330,256,1,0.613482
156,ramp,50.705479,50.951078,245.599,13.640,88.311,141.265,2.357,256,1,0.587636
157,ramp,50.951118,51.197229,246.111,14.231,88.258,141.253,2.345,256,1,0.589762
158,ramp,51.197268,51.443183,245.915,13.851,88.370,141.258,2.412,256,1,0.548910
159,ramp,51.443223,51.688935,245.712,13.725,88.339,141.256,2.366,256,1,0.563483
160,ramp,51.688974,51.934673,245.699,13.718,88.304,141.307,2.346,256,1,0.553200
161,ramp,51.934711,52.180751,246.040,14.142,88.298,141.230,2.344,256,1,0.578266
162,ramp,52.180790,52.426358,245.568,13.499,88.362,141.340,2.342,256,1,0.593233
163,ramp,52.426397,52.672255,245.858,13.758,88.447,141.260,2.369,256,1,0.599309
164,ramp,52.672294,52.918081,245.787,13.792,88.323,141.328,2.318,256,1,0.649381
165,ramp,52.918120,53.164041,245.921,13.833,88.442,141.245,2.376,256,1,0.587039
166,ramp,53.164081,53.410217,246.136,14.138,88.337,141.287,2.350,256,1,0.609833
167,ramp,53.410256,53.656025,245.769,13.721,88.340,141.317,2.365,256,1,0.881990
168,ramp,53.656065,53.902214,246.150,14.002,88.350,141.429,2.344,256,1,0.635575
169,ramp,53.902252,54.148367,246.115,13.975,88.348,141.390,2.379,256,1,0.554115
170,ramp,54.148405,54.396456,248.051,15.842,88.387,141.443,2.355,256,1,0.790009
171,ramp,54.396494,54.642458,245.964,13.848,88.294,141.423,2.374,256,1,0.809123
172,ramp,54.642496,54.888456,245.961,13.837,88.346,141.423,2.331,256,1,0.757725
173,ramp,54.888494,55.134131,245.638,13.440,88.463,141.366,2.343,256,1,0.785011
174,ramp,55.134170,55.380402,246.233,14.112,88.377,141.361,2.358,256,1,0.638598
175,ramp,55.380441,55.626168,245.727,13.519,88.391,141.229,2.563,256,1,0.567066
176,ramp,55.626217,55.872291,246.074,13.708,88.505,141.410,2.425,256,1,0.954107
177,ramp,55.872336,56.118602,246.266,14.080,88.406,141.388,2.367,256,1,0.657916
178,ramp,56.118644,56.364724,246.080,13.773,88.423,141.492,2.366,256,1,0.642342
179,ramp,56.364765,56.610507,245.742,13.753,88.337,141.268,2.359,256,1,0.683844
180,ramp,56.610547,56.856315,245.768,13.717,88.385,141.257,2.385,256,1,0.636302
181,ramp,56.856355,57.102315,245.960,13.764,88.350,141.431,2.391,256,1,0.640036
182,ramp,57.102356,57.348387,246.030,13.821,88.407,141.427,2.352,256,1,0.623120
183,ramp,57.348426,57.594693,246.267,14.113,88.435,141.329,2.365,256,1,0.843584
184,ramp,57.594732,57.840571,245.839,13.747,88.389,141.343,2.336,256,1,0.729174
185,ramp,57.840609,58.086506,245.897,13.736,88.515,141.270,2.352,256,1,0.563000
186,ramp,58.086545,58.333637,247.092,14.773,88.451,141.490,2.353,256,1,0.675415
187,ramp,58.333675,58.579655,245.981,14.026,88.355,141.224,2.350,256,1,0.705415
188,ramp,58.579696,58.825250,245.555,13.432,88.424,141.327,2.346,256,1,0.571323
189,ramp,58.825288,59.070894,245.605,13.580,88.409,141.251,2.341,256,1,0.585787
190,ramp,59.070934,59.316609,245.675,13.523,88.402,141.380,2.344,256,1,0.587855
191,ramp,59.316648,59.562452,245.805,13.775,88.328,141.320,2.357,256,1,0.610452
192,ramp,59.562491,59.808493,246.002,13.871,88.319,141.445,2.343,256,1,0.728255
193,ramp,59.808532,60.054783,246.252,14.008,88.443,141.448,2.329,256,1,0.664128
194,ramp,60.054823,60.302351,247.528,15.342,88.435,141.343,2.384,256,1,0.542502
195,ramp,60.302388,60.548341,245.952,13.822,88.328,141.437,2.341,256,1,0.594396
196,ramp,60.548380,60.795773,247.394,15.338,88.357,141.336,2.339,256,1,0.645612
197,ramp,60.795812,61.041425,245.614,13.668,88.343,141.235,2.342,256,1,0.757659
198,ramp,61.041466,61.287334,245.868,13.807,88.360,141.323,2.351,256,1,0.626063
199,ramp,61.287373,61.533655,246.282,14.033,88.518,141.363,2.343,256,1,0.551065
200,ramp,61.533694,61.779729,246.035,13.677,88.456,141.493,2.384,256,1,0.626514
201,ramp,61.779840,62.026266,246.427,14.131,88.375,141.526,2.364,256,1,0.671778
202,ramp,62.026306,62.272705,246.399,14.130,88.415,141.464,2.364,256,1,0.593184
203,ramp,62.272745,62.519045,246.300,14.075,88.428,141.432,2.342,256,1,0.527012
204,ramp,62.519093,62.764561,245.468,13.387,88.332,141.389,2.334,256,1,0.579723
205,ramp,62.764602,63.010435,245.833,13.793,88.331,141.340,2.345,256,1,0.553555
206,ramp,63.010473,63.256028,245.555,13.296,88.459,141.428,2.346,256,1,0.710822
207,ramp,63.256068,63.502882,246.815,14.608,88.388,141.455,2.338,256,1,0.649489
208,ramp,63.502921,63.748780,245.859,13.738,88.409,141.328,2.359,256,1,0.967067
209,ramp,63.748819,63.994688,245.869,13.831,88.302,141.361,2.350,256,1,0.557640
210,ramp,63.994728,64.240672,245.944,13.708,88.483,141.373,2.355,256,1,0.597732
211,ramp,64.240712,64.486386,245.674,13.438,88.447,141.404,2.340,256,1,0.646886
212,ramp,64.486424,64.732822,246.398,14.036,88.424,141.404,2.507,256,1,0.669344
213,ramp,64.732876,64.978941,246.065,13.665,88.419,141.503,2.449,256,1,0.670148
214,ramp,64.978989,65.225123,246.133,13.948,88.305,141.405,2.449,256,1,0.615113
215,ramp,65.225169,65.471831,246.662,14.489,88.485,141.206,2.457,256,1,0.622446
216,ramp,65.471881,65.718034,246.153,13.935,88.330,141.403,2.458,256,1,0.562402
217,ramp,65.718082,65.964653,246.571,14.029,88.523,141.512,2.481,256,1,0.538245
218,ramp,65.964701,66.210813,246.113,13.877,88.391,141.355,2.463,256,1,0.597459
219,ramp,66.210861,66.457059,246.198,13.912,88.383,141.404,2.471,256,1,0.589092
220,ramp,66.457105,66.703278,246.173,13.863,88.418,141.411,2.456,256,1,0.598030
221,ramp,66.703327,66.949237,245.910,13.632,88.288,141.483,2.480,256,1,0.905450
222,ramp,66.949285,67.195319,246.034,13.745,88.457,141.363,2.440,256,1,0.498697
223,ramp,67.195368,67.442136,246.768,14.300,88.371,141.543,2.523,256,1,0.578780
224,ramp,67.442187,67.688345,246.158,13.754,88.374,141.539,2.465,256,1,0.589719
225,ramp,67.688394,67.934727,246.333,14.091,88.365,141.396,2.455,256,1,0.617972
226,ramp,67.934775,68.182620,247.844,15.384,88.459,141.474,2.502,256,1,0.802714
227,ramp,68.182670,68.428358,245.688,13.436,88.353,141.447,2.427,256,1,0.555916
228,ramp,68.428407,68.674137,245.729,13.538,88.412,141.283,2.471,256,1,0.531956
229,ramp,68.674183,68.920362,246.179,13.795,88.405,141.512,2.441,256,1,0.603551
230,ramp,68.920408,69.166875,246.467,14.050,88.393,141.507,2.491,256,1,0.987244
231,ramp,69.166923,69.413001,246.079,13.722,88.420,141.486,2.425,256,1,0.636024
232,ramp,69.413049,69.659307,246.258,13.886,88.434,141.464,2.450,256,1,0.540859
233,ramp,69.659355,69.905758,246.403,13.861,88.436,141.602,2.479,256,1,0.815743
234,ramp,69.905806,70.152342,246.536,14.081,88.417,141.516,2.495,256,1,0.567714
235,ramp,70.152390,70.398772,246.382,14.043,88.390,141.481,2.441,256,1,0.536643
236,ramp,70.398820,70.644995,246.176,13.866,88.351,141.459,2.474,256,1,0.570294
237,ramp,70.645043,70.891090,246.047,13.702,88.458,141.407,2.451,256,1,0.570641
238,ramp,70.891139,71.137354,246.215,13.757,88.362,141.556,2.511,256,1,0.605079
239,ramp,71.137403,71.383686,246.283,13.888,88.504,141.420,2.443,256,1,0.582551
240,ramp,71.383738,71.630028,246.290,13.813,88.365,141.609,2.474,256,1,0.527531
241,ramp,71.630077,71.876358,246.281,13.849,88.407,141.546,2.453,256,1,0.511620
242,ramp,71.876406,72.122529,246.123,13.787,88.407,141.401,2.501,256,1,0.527666
243,ramp,72.122579,72.369003,246.424,13.979,88.440,141.437,2.543,256,1,0.516564
244,ramp,72.369054,72.615179,246.126,13.703,88.449,141.486,2.460,256,1,0.530298
245,ramp,72.615228,72.861836,246.608,14.078,88.486,141.591,2.426,256,1,0.858915
246,ramp,72.861885,73.107839,245.954,13.579,88.388,141.503,2.457,256,1,0.504978
247,ramp,73.107887,73.355320,247.433,14.811,88.561,141.572,2.462,256,1,0.642970
248,ramp,73.355369,73.601595,246.227,13.631,88.484,141.622,2.462,256,1,0.575388
249,ramp,73.601645,73.848519,246.874,14.527,88.455,141.427,2.438,256,1,0.526970
250,ramp,73.848565,74.094764,246.199,13.787,88.404,141.520,2.463,256,1,0.566642
251,ramp,74.094887,74.341161,246.274,13.865,88.346,141.577,2.455,256,1,0.553799
252,ramp,74.341209,74.587400,246.191,13.649,88.446,141.611,2.455,256,1,0.607525
253,ramp,74.587448,74.833470,246.021,13.569,88.457,141.537,2.430,256,1,0.623901
254,ramp,74.833517,75.080057,246.541,13.894,88.559,141.568,2.492,256,1,0.539893
255,ramp,75.080109,75.326502,246.393,14.079,88.376,141.437,2.473,256,1,0.493918
256,ramp,75.326551,75.573000,246.449,14.041,88.350,141.500,2.529,256,1,0.778949
257,ramp,75.573051,75.819487,246.437,13.765,88.504,141.680,2.461,256,1,0.717862
258,ramp,75.819535,76.065971,246.436,13.888,88.553,141.510,2.459,256,1,0.520538
259,ramp,76.066019,76.312257,246.239,13.792,88.420,141.548,2.451,256,1,0.598337
260,ramp,76.312309,76.558880,246.571,14.055,88.462,141.566,2.460,256,1,0.533508
261,ramp,76.558929,76.805501,246.572,14.105,88.413,141.532,2.494,256,1,0.470418
262,ramp,76.805550,77.052083,246.533,14.154,88.433,141.461,2.460,256,1,0.667675
263,ramp,77.052132,77.298987,246.855,14.324,88.499,141.510,2.495,256,1,0.567383
264,ramp,77.299036,77.545349,246.313,13.879,88.515,141.400,2.491,256,1,0.525218
265,ramp,77.545399,77.791686,246.287,13.706,88.500,141.560,2.492,256,1,0.466244
266,ramp,77.791741,78.038068,246.327,13.849,88.444,141.580,2.426,256,1,0.660063
267,ramp,78.038116,78.284489,246.373,13.943,88.387,141.533,2.483,256,1,0.606395
268,ramp,78.284538,78.532150,247.612,15.289,88.399,141.482,2.415,256,1,0.494274
269,ramp,78.532199,78.778635,246.436,13.959,88.417,141.556,2.478,256,1,0.520934
270,ramp,78.778681,79.025059,246.378,14.005,88.367,141.518,2.462,256,1,0.540170
271,ramp,79.025107,79.271341,246.234,13.747,88.472,141.505,2.484,256,1,0.549271
272,ramp,79.271389,79.518474,247.084,14.484,88.463,141.710,2.397,256,1,0.532339
273,ramp,79.518518,79.767160,248.642,16.221,88.401,141.552,2.442,256,1,0.569106
274,ramp,79.767209,80.014024,246.815,14.207,88.429,141.692,2.461,256,1,0.618854
275,ramp,80.014072,80.260225,246.154,13.680,88.434,141.542,2.472,256,1,0.491003
276,ramp,80.260273,80.506049,245.776,13.421,88.466,141.427,2.436,256,1,0.564049
277,ramp,80.506096,80.752480,246.384,13.947,88.413,141.578,2.420,256,1,0.499714
278,ramp,80.752527,80.998721,246.194,13.565,88.394,141.734,2.476,256,1,0.555087
279,ramp,80.998768,81.245527,246.759,14.314,88.438,141.531,2.451,256,1,0.461499
280,ramp,81.245573,81.492086,246.513,13.951,88.470,141.627,2.439,256,1,0.526369
281,ramp,81.492132,81.738072,245.939,13.645,88.342,141.485,2.442,256,1,0.472850
282,ramp,81.738118,81.984182,246.064,13.670,88.383,141.541,2.441,256,1,0.498518
283,ramp,81.984229,82.230859,246.630,14.185,88.445,141.531,2.441,256,1,0.532428
284,ramp,82.230907,82.477465,246.558,13.815,88.572,141.626,2.517,256,1,0.562795
285,ramp,82.477514,82.723875,246.361,13.869,88.406,141.607,2.454,256,1,0.513382
286,ramp,82.723922,82.969920,245.997,13.787,88.457,141.310,2.417,256,1,0.515644
287,ramp,82.969966,83.216486,246.520,13.955,88.460,141.606,2.473,256,1,0.474490
288,ramp,83.216535,83.462828,246.294,13.991,88.422,141.433,2.422,256,1,0.486974
289,ramp,83.462875,83.709036,246.161,13.661,88.523,141.492,2.460,256,1,0.556935
290,ramp,83.709083,83.955123,246.040,13.842,88.386,141.371,2.416,256,1,0.594555
291,ramp,83.955168,84.201507,246.339,13.882,88.394,141.554,2.481,256,1,0.498957
292,ramp,84.201556,84.448362,246.806,14.420,88.368,141.551,2.438,256,1,0.613814
293,ramp,84.448408,84.694560,246.152,13.836,88.393,141.432,2.467,256,1,0.558989
294,ramp,84.694605,84.941084,246.478,14.047,88.486,141.493,2.426,256,1,0.542989
295,ramp,84.941130,85.188353,247.223,14.867,88.359,141.510,2.461,256,1,0.486566
296,ramp,85.188398,85.434563,246.165,13.942,88.331,141.433,2.432,256,1,0.536595
297,ramp,85.434611,85.680778,246.167,13.618,88.485,141.527,2.508,256,1,0.544404
298,ramp,85.680827,85.926822,245.996,13.703,88.360,141.485,2.421,256,1,0.590554
299,ramp,85.926867,86.173372,246.505,14.110,88.464,141.496,2.409,256,1,0.696947
300,ramp,86.173417,86.419851,246.434,14.152,88.386,141.437,2.434,256,1,0.542551
301,ramp,86.419967,86.666242,246.275,13.888,88.444,141.518,2.395,256,1,0.519080
302,ramp,86.666286,86.912773,246.488,13.805,88.441,141.613,2.602,256,1,0.544065
303,ramp,86.912827,87.159458,246.631,13.850,88.391,141.511,2.849,256,1,0.502876
304,ramp,87.159532,87.406330,246.798,14.203,88.441,141.580,2.537,256,1,0.568341
305,ramp,87.406385,87.653685,247.300,15.021,88.349,141.466,2.437,256,1,0.475843
306,ramp,87.653734,87.900393,246.659,14.245,88.468,141.488,2.432,256,1,0.507921
307,ramp,87.900439,88.147181,246.742,14.332,88.409,141.575,2.399,256,1,0.484621
308,ramp,88.147225,88.393420,246.194,13.818,88.460,141.455,2.435,256,1,0.542840
309,ramp,88.393464,88.640105,246.640,14.300,88.452,141.485,2.377,256,1,0.541293
310,ramp,88.640149,88.888034,247.885,15.508,88.430,141.497,2.424,256,1,0.527195
311,ramp,88.888081,89.134400,246.320,13.797,88.438,141.652,2.406,256,1,0.489471
312,ramp,89.134445,89.380803,246.357,13.918,88.492,141.495,2.425,256,1,0.712754
313,ramp,89.380848,89.627405,246.557,13.989,88.521,141.604,2.416,256,1,0.505064
314,ramp,89.627450,89.873931,246.482,14.055,88.496,141.520,2.385,256,1,0.901204
315,ramp,89.873975,90.119986,246.011,13.555,88.436,141.572,2.423,256,1,0.472892
316,ramp,90.120030,90.366148,246.118,13.716,88.448,141.518,2.412,256,1,0.493907
317,ramp,90.366194,90.612623,246.430,13.921,88.458,141.570,2.453,256,1,0.741363
318,ramp,90.612667,90.858462,245.795,13.440,88.370,141.541,2.419,256,1,0.461773
319,ramp,90.858506,91.105740,247.234,14.763,88.447,141.552,2.448,256,1,0.505348
320,ramp,91.105785,91.352369,246.584,14.385,88.399,141.341,2.434,256,1,0.498697
321,ramp,91.352412,91.599029,246.617,14.180,88.444,141.519,2.449,256,1,0.472061
322,ramp,91.599080,91.845598,246.518,14.126,88.455,141.526,2.385,256,1,0.442336
323,ramp,91.845643,92.091660,246.018,13.619,88.454,141.453,2.463,256,1,0.492707
324,ramp,92.091709,92.337508,245.799,13.362,88.487,141.496,2.427,256,1,0.486287
325,ramp,92.337553,92.584152,246.599,14.183,88.427,141.440,2.522,256,1,0.472698
326,ramp,92.584203,92.830505,246.302,13.813,88.453,141.569,2.442,256,1,0.481006
327,ramp,92.830553,93.076773,246.220,13.691,88.455,141.570,2.478,256,1,0.522267
328,ramp,93.076821,93.322995,246.174,13.828,88.355,141.536,2.429,256,1,0.510532
329,ramp,93.323042,93.569308,246.265,13.828,88.420,141.523,2.458,256,1,0.526784
330,ramp,93.569354,93.815364,246.010,13.545,88.407,141.599,2.434,256,1,0.498671
331,ramp,93.815411,94.061679,246.268,13.670,88.536,141.564,2.471,256,1,0.462965
332,ramp,94.061727,94.308358,246.631,13.982,88.511,141.679,2.432,256,1,0.481129
333,ramp,94.308402,94.554639,246.237,13.834,88.376,141.570,2.431,256,1,0.537445
334,ramp,94.554686,94.801675,246.989,14.359,88.560,141.597,2.447,256,1,0.494963
335,ramp,94.801723,95.051613,249.890,17.459,88.465,141.537,2.400,256,1,0.526724
336,ramp,95.051661,95.298080,246.419,14.074,88.393,141.467,2.458,256,1,0.541506
337,ramp,95.298125,95.544685,246.560,14.164,88.414,141.534,2.422,256,1,0.519304
338,ramp,95.544730,95.790939,246.209,13.636,88.513,141.590,2.441,256,1,0.524422
339,ramp,95.790985,96.037381,246.397,13.966,88.395,141.588,2.421,256,1,0.540915
340,ramp,96.037425,96.283693,246.267,13.751,88.445,141.606,2.438,256,1,0.501551
341,ramp,96.283740,96.531535,247.795,15.408,88.416,141.552,2.392,256,1,0.485991
342,ramp,96.531582,96.777801,246.219,13.742,88.492,141.500,2.457,256,1,0.537402
343,ramp,96.777846,97.024826,246.980,14.371,88.598,141.578,2.408,256,1,0.476889
344,ramp,97.024870,97.271086,246.216,13.668,88.454,141.583,2.482,256,1,0.530081
345,ramp,97.271133,97.517397,246.264,13.624,88.506,141.629,2.476,256,1,0.631822
346,ramp,97.517445,97.764195,246.750,14.172,88.385,141.706,2.462,256,1,0.550058
347,ramp,97.764243,98.010623,246.379,14.086,88.391,141.471,2.407,256,1,0.461938
348,ramp,98.010670,98.256575,245.906,13.590,88.363,141.471,2.457,256,1,0.464797
349,ramp,98.256621,98.502965,246.345,13.939,88.377,141.624,2.379,256,1,0.455558
350,ramp,98.503009,98.749796,246.787,14.117,88.534,141.684,2.427,256,1,0.442327
351,ramp,98.749921,98.996193,246.273,13.743,88.403,141.687,2.411,256,1,0.839979
352,ramp,98.996237,99.242417,246.180,13.464,88.545,141.625,2.521,256,1,0.446390
353,ramp,99.242464,99.488947,246.483,14.016,88.406,141.651,2.383,256,1,0.584050
354,ramp,99.488991,99.735361,246.370,13.794,88.522,141.591,2.437,256,1,0.425856
355,ramp,99.735407,99.982137,246.730,14.188,88.461,141.659,2.397,256,1,0.447957
356,ramp,99.982183,100.233521,251.338,18.766,88.514,141.591,2.442,256,1,0.524696
357,ramp,100.233567,100.480306,246.740,14.372,88.378,141.579,2.385,256,1,0.488925
358,ramp,100.480351,100.727068,246.717,14.269,88.448,141.501,2.467,256,1,0.492986
359,ramp,100.727115,100.973806,246.691,14.213,88.439,141.612,2.401,256,1,0.430999
360,ramp,100.973850,101.220749,246.899,14.243,88.624,141.537,2.469,256,1,0.398194
361,ramp,101.220795,101.467173,246.378,13.889,88.420,141.636,2.406,256,1,0.475248
362,ramp,101.467218,101.713693,246.475,13.957,88.353,141.693,2.444,256,1,0.429074
363,ramp,101.713738,101.960364,246.626,14.056,88.396,141.715,2.433,256,1,0.547444
364,ramp,101.960411,102.207098,246.688,13.946,88.565,141.680,2.472,256,1,0.518456
365,ramp,102.207147,102.453499,246.352,13.748,88.506,141.683,2.388,256,1,0.502335
366,ramp,102.453545,102.701477,247.933,15.460,88.385,141.572,2.488,256,1,0.462495
367,ramp,102.701527,102.948094,246.568,14.027,88.418,141.697,2.397,256,1,0.495241
368,ramp,102.948140,103.196020,247.880,15.396,88.498,141.506,2.452,256,1,0.495771
369,ramp,103.196067,103.442224,246.156,13.633,88.490,141.605,2.402,256,1,0.457829
370,ramp,103.442269,103.689038,246.769,14.283,88.444,141.569,2.447,256,1,0.480611
371,ramp,103.689083,103.935626,246.543,13.995,88.377,141.753,2.392,256,1,0.642793
372,ramp,103.935670,104.181857,246.187,13.663,88.407,141.660,2.431,256,1,0.500399
373,ramp,104.181902,104.428338,246.436,14.024,88.411,141.552,2.423,256,1,0.529257
374,ramp,104.428383,104.674816,246.433,13.833,88.456,141.694,2.425,256,1,0.501487
375,ramp,104.674861,104.920645,245.784,13.444,88.319,141.564,2.433,256,1,0.460083
376,ramp,104.920689,105.167156,246.467,14.125,88.332,141.581,2.402,256,1,0.437865
377,ramp,105.167202,105.413873,246.671,13.822,88.611,141.771,2.442,256,1,0.507711
378,ramp,105.413920,105.660363,246.443,13.737,88.627,141.642,2.412,256,1,0.486709
379,ramp,105.660407,105.906619,246.212,13.642,88.508,141.606,2.430,256,1,0.460554
380,ramp,105.906665,106.153183,246.518,13.845,88.599,141.634,2.417,256,1,0.438167
381,ramp,106.153227,106.399493,246.267,13.710,88.426,141.665,2.439,256,1,0.428596
382,ramp,106.399539,106.646941,247.402,14.687,88.504,141.721,2.464,256,1,0.464098
383,ramp,106.646987,106.894102,247.114,14.451,88.533,141.631,2.474,256,1,0.368020
384,ramp,106.894148,107.141298,247.150,14.722,88.448,141.536,2.416,256,1,0.441041
385,ramp,107.141344,107.388073,246.729,14.177,88.434,141.662,2.428,256,1,0.440389
386,ramp,107.388119,107.634453,246.334,13.758,88.476,141.522,2.552,256,1,0.472903
387,ramp,107.634503,107.881007,246.504,13.941,88.430,141.619,2.486,256,1,0.423659
388,ramp,107.881054,108.127817,246.763,14.270,88.373,141.653,2.438,256,1,0.376831
389,ramp,108.127864,108.374533,246.668,14.052,88.574,141.570,2.446,256,1,0.506383
390,ramp,108.374580,108.621120,246.541,13.938,88.428,141.744,2.404,256,1,0.431475
391,ramp,108.621167,108.867649,246.482,13.938,88.438,141.644,2.436,256,1,0.482458
392,ramp,108.867695,109.114520,246.825,14.147,88.428,141.809,2.415,256,1,0.527135
393,ramp,109.114564,109.361070,246.506,13.967,88.410,141.629,2.474,256,1,0.431970
394,ramp,109.361117,109.607941,246.824,14.188,88.455,141.744,2.409,256,1,0.465543
395,ramp,109.607987,109.854650,246.663,14.061,88.473,141.660,2.444,256,1,0.385155
396,ramp,109.854694,110.101306,246.612,14.106,88.506,141.588,2.386,256,1,0.485455
397,ramp,110.101351,110.348020,246.669,13.941,88.490,141.771,2.440,256,1,0.463454
398,ramp,110.348066,110.594743,246.678,14.096,88.570,141.600,2.385,256,1,0.423243
399,ramp,110.594787,110.841478,246.691,14.076,88.502,141.643,2.443,256,1,0.441855
400,ramp,110.841523,111.088367,246.844,14.178,88.451,141.759,2.429,256,1,0.533578
401,ramp,111.088488,111.335586,247.098,13.862,88.602,141.729,2.872,256,1,0.403058
402,ramp,111.335657,111.583285,247.628,15.050,88.434,141.733,2.380,256,1,0.443623
403,ramp,111.583328,111.830373,247.045,14.413,88.536,141.695,2.372,256,1,0.450984
404,ramp,111.830413,112.078095,247.682,15.257,88.411,141.617,2.369,256,1,0.429731
405,ramp,112.078136,112.325227,247.091,14.519,88.514,141.659,2.371,256,1,0.430016
406,ramp,112.325268,112.572592,247.324,14.417,88.636,141.846,2.397,256,1,0.398373
407,ramp,112.572633,112.819436,246.803,14.202,88.464,141.742,2.366,256,1,0.459441
408,ramp,112.819475,113.066206,246.730,14.152,88.527,141.674,2.349,256,1,0.459552
409,ramp,113.066243,113.312893,246.650,14.004,88.532,141.713,2.377,256,1,0.441499
410,ramp,113.312932,113.559471,246.539,13.922,88.541,141.693,2.358,256,1,0.398595
411,ramp,113.559511,113.806316,246.806,14.239,88.538,141.647,2.357,256,1,0.459980
412,ramp,113.806355,114.053094,246.740,14.029,88.603,141.690,2.393,256,1,0.454049
413,ramp,114.053133,114.299626,246.492,13.983,88.457,141.679,2.349,256,1,0.448638
414,ramp,114.299664,114.546171,246.507,13.897,88.589,141.654,2.340,256,1,0.502533
415,ramp,114.546209,114.793049,246.840,14.232,88.579,141.628,2.377,256,1,0.371126
416,ramp,114.793087,115.039562,246.474,13.870,88.576,141.655,2.347,256,1,0.386503
417,ramp,115.039601,115.286057,246.456,13.844,88.490,141.748,2.350,256,1,0.428575
418,ramp,115.286095,115.533225,247.130,14.399,88.422,141.726,2.557,256,1,0.347658
419,ramp,115.533277,115.779918,246.642,14.050,88.460,141.717,2.388,256,1,0.403418
420,ramp,115.779961,116.026388,246.427,13.796,88.423,141.834,2.348,256,1,0.442387
421,ramp,116.026428,116.273330,246.902,14.351,88.461,141.725,2.341,256,1,0.492304
422,ramp,116.273370,116.519488,246.118,13.631,88.446,141.664,2.352,256,1,0.436887
423,ramp,116.519527,116.765922,246.395,13.777,88.495,141.732,2.366,256,1,0.452209
424,ramp,116.765960,117.012728,246.767,14.158,88.568,141.642,2.375,256,1,0.419049
425,ramp,117.012767,117.259302,246.534,13.996,88.516,141.594,2.404,256,1,0.407214
426,ramp,117.259342,117.506211,246.869,14.095,88.587,141.815,2.348,256,1,0.462035
427,ramp,117.506250,117.753127,246.877,14.323,88.471,141.695,2.363,256,1,0.481385
428,ramp,117.753165,118.000246,247.081,14.360,88.603,141.755,2.339,256,1,0.418460
429,ramp,118.000284,118.247197,246.913,14.184,88.457,141.910,2.337,256,1,0.399984
430,ramp,118.247236,118.493219,245.983,13.472,88.508,141.639,2.338,256,1,0.400085
431,ramp,118.493258,118.740218,246.960,14.430,88.467,141.687,2.352,256,1,0.411086
432,ramp,118.740258,118.986764,246.506,13.843,88.512,141.775,2.352,256,1,0.551783
433,ramp,118.986803,119.233495,246.693,13.975,88.535,141.804,2.355,256,1,0.431886
434,ramp,119.233534,119.480457,246.923,14.303,88.422,141.815,2.357,256,1,0.501293
435,ramp,119.480496,119.727618,247.122,14.376,88.645,141.721,2.357,256,1,0.465476
436,ramp,119.727657,119.973769,246.112,13.484,88.487,141.773,2.344,256,1,0.478041
437,ramp,119.973809,120.219527,245.718,13.179,88.517,141.659,2.338,256,1,0.380957
438,ramp,120.219566,120.465699,246.132,13.407,88.610,141.768,2.323,256,1,0.504910
439,ramp,120.465737,120.712236,246.499,13.946,88.458,141.714,2.356,256,1,0.462618
440,ramp,120.712274,120.959066,246.792,13.972,88.672,141.779,2.338,256,1,0.431613
441,ramp,120.959106,121.206138,247.032,14.249,88.519,141.879,2.360,256,1,0.446967
442,ramp,121.206177,121.452888,246.710,14.167,88.449,141.706,2.364,256,1,0.398650
443,ramp,121.452926,121.699475,246.548,13.621,88.542,141.705,2.653,256,1,0.393257
444,ramp,121.699536,121.946124,246.587,13.831,88.584,141.874,2.271,256,1,0.466041
445,ramp,121.946170,122.193237,247.067,14.315,88.610,141.859,2.259,256,1,0.579421
446,ramp,122.193282,122.439725,246.443,13.916,88.568,141.649,2.284,256,1,0.457799
447,ramp,122.439772,122.686499,246.727,14.012,88.603,141.834,2.252,256,1,0.468643
448,ramp,122.686542,122.932765,246.223,13.658,88.485,141.829,2.226,256,1,0.442678
449,ramp,122.932807,123.179243,246.435,13.990,88.480,141.697,2.244,256,1,0.397836
450,ramp,123.179286,123.425723,246.436,13.912,88.478,141.761,2.260,256,1,0.415248
451,ramp,123.425836,123.672196,246.360,13.715,88.561,141.832,2.222,256,1,0.445577
452,ramp,123.672240,123.918762,246.522,14.019,88.508,141.736,2.233,256,1,0.450506
453,ramp,123.918803,124.165049,246.246,13.675,88.601,141.705,2.241,256,1,0.404285
454,ramp,124.165091,124.411660,246.568,14.031,88.491,141.773,2.247,256,1,0.444699
455,ramp,124.411702,124.659008,247.306,14.762,88.452,141.844,2.221,256,1,0.423908
456,ramp,124.659052,124.905534,246.482,13.732,88.665,141.820,2.231,256,1,0.408233
457,ramp,124.905574,125.151868,246.294,13.630,88.617,141.796,2.226,256,1,0.409236
458,ramp,125.151909,125.398086,246.177,13.627,88.471,141.828,2.225,256,1,0.438454
459,ramp,125.398126,125.644890,246.763,14.117,88.593,141.802,2.226,256,1,0.378235
460,ramp,125.644931,125.891181,246.250,13.615,88.522,141.858,2.230,256,1,0.441704
461,ramp,125.891223,126.137773,246.549,13.941,88.480,141.849,2.254,256,1,0.426866
462,ramp,126.137815,126.384010,246.195,13.667,88.523,141.735,2.245,256,1,0.385100
463,ramp,126.384054,126.630263,246.209,13.495,88.610,141.849,2.231,256,1,0.450504
464,ramp,126.630306,126.876296,245.991,13.465,88.511,141.774,2.216,256,1,0.438139
465,ramp,126.876337,127.122901,246.564,13.862,88.544,141.903,2.229,256,1,0.425946
466,ramp,127.122942,127.370260,247.318,14.520,88.572,141.919,2.282,256,1,0.420186
467,ramp,127.370304,127.616952,246.648,14.131,88.439,141.815,2.238,256,1,0.455825
468,ramp,127.616994,127.863833,246.839,14.188,88.507,141.885,2.233,256,1,0.496076
469,ramp,127.863874,128.110456,246.583,13.928,88.637,141.781,2.212,256,1,0.415725
470,ramp,128.110497,128.356776,246.279,13.598,88.547,141.850,2.258,256,1,0.537713
471,ramp,128.356816,128.603461,246.645,13.852,88.619,141.925,2.222,256,1,0.329442
472,ramp,128.603504,128.850749,247.244,14.676,88.480,141.840,2.222,256,1,0.353061
473,ramp,128.850791,129.097273,246.483,13.757,88.538,141.924,2.236,256,1,0.487292
474,ramp,129.097315,129.343902,246.588,13.870,88.532,141.941,2.220,256,1,0.498593
475,ramp,129.343945,129.590423,246.479,13.925,88.471,141.813,2.245,256,1,0.419980
476,ramp,129.590465,129.837177,246.712,13.929,88.625,141.890,2.244,256,1,0.384243
477,ramp,129.837218,130.083788,246.570,13.910,88.478,141.929,2.226,256,1,0.370823
478,ramp,130.083828,130.330399,246.571,13.913,88.567,141.853,2.214,256,1,0.413828
479,ramp,130.330438,130.576724,246.286,13.574,88.499,141.937,2.252,256,1,0.399902
480,ramp,130.576767,130.822768,246.001,13.518,88.457,141.774,2.227,256,1,0.385610
481,ramp,130.822809,131.069128,246.319,13.775,88.475,141.813,2.232,256,1,0.442949
482,ramp,131.069167,131.315277,246.110,13.442,88.527,141.875,2.240,256,1,0.448728
483,ramp,131.315318,131.561431,246.113,13.298,88.591,141.921,2.276,256,1,0.430168
484,ramp,131.561475,131.808458,246.982,14.173,88.637,141.885,2.261,256,1,0.397402
485,ramp,131.808498,132.055510,247.012,14.218,88.651,141.892,2.226,256,1,0.405985
486,ramp,132.055551,132.302024,246.473,13.778,88.444,142.001,2.224,256,1,0.407563
487,ramp,132.302067,132.548229,246.162,13.489,88.540,141.872,2.236,256,1,0.475675
488,ramp,132.548270,132.794627,246.357,13.650,88.522,141.930,2.230,256,1,0.503319
489,ramp,132.794669,133.040830,246.160,13.467,88.591,141.853,2.224,256,1,0.436162
490,ramp,133.040873,133.287204,246.331,13.462,88.671,141.950,2.220,256,1,0.415001
491,ramp,133.287245,133.533381,246.136,13.494,88.556,141.847,2.215,256,1,0.425730
492,ramp,133.533422,133.779945,246.524,13.860,88.604,141.806,2.228,256,1,0.448420
493,ramp,133.779986,134.026307,246.322,13.591,88.624,141.858,2.223,256,1,0.346229
494,ramp,134.026348,134.272648,246.300,13.697,88.482,141.857,2.239,256,1,0.431204
495,ramp,134.272688,134.518862,246.174,13.493,88.442,141.990,2.225,256,1,0.423726
496,ramp,134.518901,134.765554,246.653,13.901,88.555,141.948,2.224,256,1,0.405125
497,ramp,134.765596,135.011793,246.198,13.528,88.554,141.864,2.225,256,1,0.473200
498,ramp,135.011835,135.258581,246.746,13.901,88.571,142.031,2.217,256,1,0.415427
499,ramp,135.258622,135.504846,246.224,13.377,88.663,141.909,2.250,256,1,0.482494
500,ramp,135.504886,135.751554,246.668,13.917,88.638,141.860,2.227,256,1,0.440142
501,ramp,135.751656,135.998346,246.689,13.935,88.554,141.946,2.224,256,1,0.387557
502,ramp,135.998385,136.245245,246.859,13.899,88.719,141.971,2.245,256,1,0.392711
503,ramp,136.245285,136.491860,246.575,13.836,88.542,141.937,2.234,256,1,0.399853
504,ramp,136.491903,136.738714,246.811,13.990,88.518,142.035,2.242,256,1,0.451916
505,ramp,136.738754,136.985462,246.708,13.884,88.613,141.949,2.236,256,1,0.403969
506,ramp,136.985503,137.232402,246.899,14.085,88.549,141.991,2.250,256,1,0.426358
507,ramp,137.232441,137.478857,246.416,13.761,88.522,141.877,2.230,256,1,0.461647
508,ramp,137.478897,137.725489,246.591,13.805,88.608,141.921,2.233,256,1,0.377661
509,ramp,137.725529,137.972071,246.541,13.675,88.591,142.008,2.242,256,1,0.367313
510,ramp,137.972113,138.219138,247.025,14.239,88.607,141.889,2.265,256,1,0.407550
511,ramp,138.219180,138.465914,246.734,14.034,88.553,141.885,2.234,256,1,0.391457
512,ramp,138.465957,138.712680,246.723,13.917,88.535,141.977,2.269,256,1,0.425661
513,ramp,138.712722,138.959693,246.971,14.135,88.583,141.992,2.236,256,1,0.393479
514,ramp,138.959733,139.206195,246.462,13.641,88.681,141.891,2.224,256,1,0.465027
515,ramp,139.206235,139.452779,246.544,13.896,88.618,141.776,2.229,256,1,0.353851
516,ramp,139.452818,139.699185,246.367,13.808,88.437,141.880,2.215,256,1,0.413205
517,ramp,139.699226,139.946139,246.913,14.103,88.556,142.013,2.215,256,1,0.586424
518,ramp,139.946180,140.193644,247.464,14.684,88.477,142.050,2.228,256,1,0.381994
519,ramp,140.193685,140.440543,246.858,14.278,88.515,141.822,2.219,256,1,0.441492
520,ramp,140.440584,140.687440,246.856,14.006,88.682,141.905,2.237,256,1,0.414324
521,ramp,140.687482,140.934163,246.681,13.664,88.667,142.098,2.227,256,1,0.474871
522,ramp,140.934205,141.180884,246.680,13.809,88.543,142.070,2.232,256,1,0.416128
523,ramp,141.180927,141.427289,246.362,13.501,88.667,141.921,2.248,256,1,0.414056
524,ramp,141.427331,141.674652,247.321,14.514,88.591,141.953,2.237,256,1,0.513290
525,ramp,141.674693,141.921253,246.561,13.823,88.535,141.940,2.237,256,1,0.361402
526,ramp,141.921297,142.168099,246.801,13.907,88.700,141.936,2.232,256,1,0.403599
527,ramp,142.168140,142.415017,246.878,13.909,88.738,141.982,2.222,256,1,0.335288
528,ramp,142.415067,142.662360,247.293,14.458,88.599,141.968,2.242,256,1,0.389499
529,ramp,142.662400,142.908781,246.380,13.631,88.492,141.989,2.244,256,1,0.369497
530,ramp,142.908820,143.155200,246.380,13.507,88.641,141.984,2.223,256,1,0.454219
531,ramp,143.155240,143.402031,246.791,13.764,88.648,142.128,2.225,256,1,0.447600
532,ramp,143.402072,143.648727,246.656,13.754,88.541,142.102,2.234,256,1,0.450366
533,ramp,143.648768,143.895535,246.767,13.778,88.593,142.128,2.243,256,1,0.482733
534,ramp,143.895576,144.142754,247.178,14.191,88.615,142.135,2.212,256,1,0.502322
535,ramp,144.142793,144.389498,246.705,13.899,88.577,141.974,2.230,256,1,0.408611
536,ramp,144.389538,144.635778,246.240,13.292,88.673,142.040,2.210,256,1,0.415608
537,ramp,144.635818,144.882499,246.681,13.913,88.450,142.063,2.230,256,1,0.437989
538,ramp,144.882540,145.129306,246.766,13.785,88.625,142.103,2.229,256,1,0.435404
539,ramp,145.129346,145.375887,246.541,13.576,88.644,142.078,2.219,256,1,0.384020
540,ramp,145.375927,145.622232,246.305,13.427,88.498,142.112,2.244,256,1,0.422676
541,ramp,145.622274,145.868728,246.454,13.582,88.561,142.041,2.246,256,1,0.413632
542,ramp,145.868769,146.115974,247.205,14.157,88.542,142.248,2.231,256,1,0.411711
543,ramp,146.116016,146.362549,246.533,13.471,88.743,142.049,2.244,256,1,0.402773
544,ramp,146.362587,146.609256,246.669,13.734,88.660,142.036,2.216,256,1,0.366804
545,ramp,146.609295,146.855475,246.180,13.353,88.672,141.912,2.218,256,1,0.361376
546,ramp,146.855516,147.102348,246.832,13.927,88.588,142.038,2.253,256,1,0.453194
547,ramp,147.102388,147.349082,246.694,13.732,88.616,142.095,2.227,256,1,0.345858
548,ramp,147.349123,147.596205,247.082,14.293,88.608,141.949,2.208,256,1,0.371313
549,ramp,147.596244,147.842798,246.554,13.768,88.664,141.886,2.211,256,1,0.429505
550,ramp,147.842837,148.089342,246.505,13.620,88.581,142.057,2.224,256,1,0.404690
551,ramp,148.089458,148.336442,246.984,13.861,88.662,142.201,2.232,256,1,0.406819
552,ramp,148.336481,148.582997,246.516,13.564,88.813,141.902,2.214,256,1,0.358667
553,ramp,148.583036,148.829469,246.434,13.575,88.588,142.040,2.206,256,1,0.361472
554,ramp,148.829509,149.076204,246.696,13.834,88.563,142.040,2.233,256,1,0.347718
555,ramp,149.076245,149.322578,246.333,13.365,88.692,142.008,2.242,256,1,0.373314
556,ramp,149.322616,149.569182,246.565,13.606,88.653,142.065,2.217,256,1,0.356565
557,ramp,149.569220,149.815553,246.333,13.479,88.612,142.010,2.207,256,1,0.358248
558,ramp,149.815592,150.062438,246.846,13.957,88.631,142.003,2.230,256,1,0.373036
559,ramp,150.062478,150.309053,246.574,13.506,88.733,142.085,2.226,256,1,0.404511
560,ramp,150.309093,150.555781,246.689,13.668,88.625,142.152,2.219,256,1,0.359426
561,ramp,150.555823,150.803173,247.351,14.497,88.546,142.069,2.214,256,1,0.373066
562,ramp,150.803214,151.049920,246.706,13.903,88.619,141.938,2.221,256,1,0.517793
563,ramp,151.049959,151.299471,249.511,16.477,88.710,142.077,2.223,256,1,0.399388
564,ramp,151.299512,151.546618,247.106,13.976,88.762,142.127,2.215,256,1,0.373734
565,ramp,151.546657,151.795289,248.632,15.751,88.629,142.007,2.220,256,1,0.382080
566,ramp,151.795328,152.042328,247.000,14.079,88.592,142.083,2.222,256,1,0.390889
567,ramp,152.042367,152.289031,246.664,13.900,88.492,142.020,2.227,256,1,0.366968
568,ramp,152.289069,152.536018,246.949,13.642,88.592,142.184,2.503,256,1,0.348750
569,ramp,152.536074,152.782846,246.772,13.698,88.679,141.965,2.402,256,1,0.333114
570,ramp,152.782893,153.029508,246.616,13.458,88.692,142.070,2.372,256,1,0.442461
571,ramp,153.029553,153.276331,246.778,13.744,88.551,142.061,2.398,256,1,0.323149
572,ramp,153.276375,153.523323,246.948,13.855,88.589,142.086,2.391,256,1,0.332880
573,ramp,153.523368,153.770699,247.331,13.768,88.729,142.055,2.751,256,1,0.372410
574,ramp,153.770775,154.017953,247.179,14.046,88.613,142.121,2.367,256,1,0.435535
575,ramp,154.018000,154.265005,247.005,13.758,88.761,142.008,2.449,256,1,0.368743
576,ramp,154.265050,154.511575,246.526,13.466,88.612,142.035,2.385,256,1,0.307940
577,ramp,154.511619,154.757988,246.370,13.487,88.488,141.992,2.375,256,1,0.417464
578,ramp,154.758030,155.005294,247.263,14.249,88.639,141.982,2.369,256,1,0.378011
579,ramp,155.005337,155.251780,246.443,13.280,88.591,142.107,2.439,256,1,0.416535
580,ramp,155.251824,155.498682,246.858,13.898,88.572,141.991,2.370,256,1,0.426053
581,ramp,155.498724,155.745314,246.590,13.566,88.631,141.984,2.385,256,1,0.412390
582,ramp,155.745357,155.992631,247.274,14.084,88.726,142.039,2.400,256,1,0.357458
583,ramp,155.992673,156.239635,246.963,13.706,88.653,142.138,2.440,256,1,0.410814
584,ramp,156.239681,156.486396,246.715,13.794,88.514,141.970,2.409,256,1,0.398707
585,ramp,156.486442,156.733314,246.872,13.565,88.858,142.050,2.372,256,1,0.380527
586,ramp,156.733355,156.979930,246.575,13.473,88.560,142.132,2.386,256,1,0.378233
587,ramp,156.979974,157.226853,246.880,13.802,88.594,142.038,2.420,256,1,0.425279
588,ramp,157.226896,157.473613,246.717,13.594,88.687,142.040,2.372,256,1,0.343054
589,ramp,157.473655,157.720576,246.921,13.948,88.590,141.977,2.381,256,1,0.380596
590,ramp,157.720620,157.967101,246.481,13.585,88.564,141.916,2.388,256,1,0.371251
591,ramp,157.967149,158.214245,247.096,13.747,88.605,142.048,2.663,256,1,0.383982
592,ramp,158.214302,158.461225,246.923,14.066,88.558,141.863,2.402,256,1,0.355895
593,ramp,158.461269,158.708488,247.219,14.088,88.586,142.146,2.374,256,1,0.317388
594,ramp,158.708528,158.954942,246.414,13.385,88.604,142.015,2.387,256,1,0.412273
595,ramp,158.954984,159.201531,246.547,13.485,88.691,141.982,2.363,256,1,0.332068
596,ramp,159.201575,159.449567,247.991,15.004,88.559,142.039,2.364,256,1,0.388524
597,ramp,159.449608,159.696261,246.653,13.519,88.623,142.079,2.407,256,1,0.312404
598,ramp,159.696304,159.943702,247.398,14.261,88.658,142.083,2.371,256,1,0.368728
599,ramp,159.943743,160.190705,246.962,13.833,88.606,142.106,2.393,256,1,0.405777
600,ramp,160.190768,160.439303,248.535,15.562,88.556,141.995,2.394,256,1,0.335091
601,ramp,160.439410,160.686256,246.846,13.876,88.559,142.012,2.371,256,1,0.375545
602,ramp,160.686298,160.933341,247.043,13.749,88.672,142.233,2.364,256,1,0.346193
603,ramp,160.933382,161.180057,246.675,13.710,88.530,142.019,2.391,256,1,0.336269
604,ramp,161.180099,161.426577,246.478,13.398,88.637,142.006,2.412,256,1,0.373663
605,ramp,161.426619,161.672911,246.292,13.315,88.559,142.010,2.383,256,1,0.370837
606,ramp,161.672953,161.919670,246.718,13.626,88.599,142.037,2.431,256,1,0.353545
607,ramp,161.919714,162.166334,246.620,13.577,88.561,142.035,2.423,256,1,0.395919
608,ramp,162.166379,162.413243,246.865,13.811,88.613,141.984,2.430,256,1,0.421224
609,ramp,162.413289,162.660187,246.899,13.855,88.621,142.010,2.383,256,1,0.381671
610,ramp,162.660230,162.909011,248.782,15.839,88.543,142.000,2.374,256,1,0.347418
611,ramp,162.909054,163.155828,246.773,13.637,88.606,142.132,2.374,256,1,0.368151
612,ramp,163.155870,163.402499,246.628,13.624,88.517,142.020,2.442,256,1,0.482894
613,ramp,163.402543,163.649485,246.942,14.020,88.611,141.902,2.383,256,1,0.400804
614,ramp,163.649527,163.896072,246.545,13.620,88.620,141.904,2.377,256,1,0.390580
615,ramp,163.896116,164.142919,246.804,13.827,88.550,141.982,2.419,256,1,0.448145
616,ramp,164.142962,164.389787,246.826,13.550,88.736,142.081,2.433,256,1,0.404983
617,ramp,164.389834,164.636640,246.806,13.786,88.608,141.985,2.398,256,1,0.375255
618,ramp,164.636688,164.883289,246.601,13.608,88.536,142.057,2.372,256,1,0.368481
619,ramp,164.883333,165.130024,246.691,13.542,88.632,142.118,2.373,256,1,0.392316
620,ramp,165.130068,165.376779,246.711,13.666,88.586,142.007,2.428,256,1,0.342392
621,ramp,165.376819,165.623467,246.648,13.588,88.604,142.050,2.382,256,1,0.357953
622,ramp,165.623509,165.870386,246.877,13.846,88.609,141.999,2.398,256,1,0.381018
623,ramp,165.870431,166.116961,246.530,13.730,88.476,141.909,2.389,256,1,0.318362
624,ramp,166.117015,166.363532,246.518,13.397,88.638,142.018,2.436,256,1,0.291882
625,ramp,166.363575,166.610106,246.530,13.433,88.650,141.980,2.441,256,1,0.354756
626,ramp,166.610150,166.857345,247.195,14.079,88.766,141.955,2.370,256,1,0.427029
627,ramp,166.857391,167.103761,246.369,13.371,88.580,141.999,2.390,256,1,0.318097
628,ramp,167.103805,167.350153,246.348,13.206,88.622,142.067,2.428,256,1,0.391544
629,ramp,167.350197,167.596873,246.676,13.831,88.541,141.902,2.377,256,1,0.359852
630,ramp,167.596918,167.843247,246.329,13.363,88.619,141.959,2.362,256,1,0.410077
631,ramp,167.843289,168.089606,246.317,13.396,88.478,142.046,2.373,256,1,0.316876
632,ramp,168.089648,168.336391,246.743,13.614,88.631,142.023,2.450,256,1,0.341400
633,ramp,168.336436,168.583173,246.738,13.840,88.504,142.012,2.357,256,1,0.424381
634,ramp,168.583216,168.830090,246.874,13.731,88.584,142.149,2.386,256,1,0.320596
635,ramp,168.830132,169.076295,246.163,13.272,88.644,141.852,2.371,256,1,0.304203
636,ramp,169.076337,169.323203,246.866,13.768,88.605,142.088,2.379,256,1,0.360605
637,ramp,169.323245,169.569703,246.458,13.664,88.489,141.924,2.356,256,1,0.323465
638,ramp,169.569745,169.816146,246.402,13.389,88.591,141.961,2.434,256,1,0.364608
639,ramp,169.816189,170.062927,246.738,13.559,88.674,142.107,2.375,256,1,0.353019
640,ramp,170.062969,170.309740,246.772,13.599,88.597,142.124,2.426,256,1,0.358716
641,ramp,170.309785,170.556571,246.786,13.857,88.622,141.906,2.377,256,1,0.361848
642,ramp,170.556614,170.802953,246.339,13.549,88.567,141.832,2.366,256,1,0.313008
643,ramp,170.802994,171.050704,247.710,14.851,88.456,142.009,2.369,256,1,0.356275
644,ramp,171.050764,171.297243,246.478,13.432,88.589,142.010,2.420,256,1,0.319807
645,ramp,171.297286,171.543987,246.701,13.792,88.605,141.908,2.372,256,1,0.305820
646,ramp,171.544031,171.790527,246.496,13.497,88.580,142.021,2.374,256,1,0.337789
647,ramp,171.790569,172.037105,246.535,13.354,88.786,142.002,2.369,256,1,0.342533
648,ramp,172.037146,172.283759,246.613,13.570,88.675,141.925,2.418,256,1,0.344299
649,ramp,172.283803,172.530576,246.773,13.596,88.586,142.218,2.348,256,1,0.443475
650,ramp,172.530618,172.777212,246.594,13.656,88.559,142.011,2.343,256,1,0.387757
651,ramp,172.777317,173.023925,246.608,13.516,88.626,142.104,2.334,256,1,0.360635
652,ramp,173.023965,173.270963,246.998,13.930,88.608,142.050,2.385,256,1,0.325868
653,ramp,173.271006,173.517795,246.788,13.928,88.564,141.901,2.370,256,1,0.367944
654,ramp,173.517835,173.764524,246.690,13.675,88.562,142.073,2.355,256,1,0.385252
655,ramp,173.764565,174.011219,246.655,13.607,88.544,142.103,2.376,256,1,0.376393
656,ramp,174.011262,174.258172,246.910,13.869,88.576,141.995,2.443,256,1,0.314144
657,ramp,174.258212,174.504710,246.499,13.478,88.590,142.026,2.380,256,1,0.310782
658,ramp,174.504751,174.751394,246.643,13.614,88.619,141.991,2.393,256,1,0.412186
659,ramp,174.751436,174.997778,246.341,13.296,88.671,141.975,2.374,256,1,0.375837
660,ramp,174.997819,175.244380,246.561,13.558,88.612,141.971,2.395,256,1,0.351103
661,ramp,175.244421,175.491086,246.665,13.716,88.662,141.897,2.364,256,1,0.369271
662,ramp,175.491129,175.737616,246.487,13.588,88.623,141.893,2.357,256,1,0.405012
663,ramp,175.737657,175.984330,246.673,13.551,88.637,142.102,2.358,256,1,0.356414
664,ramp,175.984371,176.230586,246.215,13.340,88.500,141.931,2.420,256,1,0.323598
665,ramp,176.230629,176.477301,246.672,13.595,88.568,142.090,2.394,256,1,0.355740
666,ramp,176.477344,176.724528,247.184,14.203,88.652,141.945,2.360,256,1,0.321583
667,ramp,176.724570,176.970923,246.353,13.378,88.531,142.052,2.367,256,1,0.359873
668,ramp,176.970968,177.217489,246.521,13.517,88.579,142.000,2.399,256,1,0.368444
669,ramp,177.217533,177.464461,246.928,13.801,88.685,142.009,2.408,256,1,0.387272
670,ramp,177.464504,177.711114,246.609,13.727,88.552,141.947,2.356,256,1,0.486309
671,ramp,177.711158,177.957755,246.597,13.582,88.617,141.928,2.441,256,1,0.341711
672,ramp,177.957800,178.204723,246.923,13.838,88.613,142.014,2.432,256,1,0.377603
673,ramp,178.204767,178.451718,246.951,13.878,88.559,142.075,2.414,256,1,0.432887
674,ramp,178.451765,178.698083,246.317,13.401,88.596,141.912,2.382,256,1,0.345030
675,ramp,178.698128,178.944753,246.626,13.654,88.576,141.976,2.393,256,1,0.404230
676,ramp,178.944797,179.192136,247.338,14.305,88.639,141.969,2.395,256,1,0.410806
677,ramp,179.192178,179.438766,246.587,13.572,88.623,141.970,2.397,256,1,0.329439
678,ramp,179.438810,179.685608,246.798,13.784,88.531,142.058,2.400,256,1,0.366183
679,ramp,179.685653,179.932182,246.529,13.314,88.691,142.096,2.403,256,1,0.394041
680,ramp,179.932224,180.180580,248.356,15.328,88.608,141.938,2.453,256,1,0.350897
681,ramp,180.180629,180.427270,246.641,13.493,88.620,142.065,2.432,256,1,0.437635
682,ramp,180.427315,180.674942,247.627,14.555,88.634,142.037,2.373,256,1,0.416725
683,ramp,180.674986,180.921706,246.720,13.733,88.590,141.983,2.387,256,1,0.339634
684,ramp,180.921752,181.168424,246.672,13.548,88.623,142.076,2.396,256,1,0.427892
685,ramp,181.168468,181.414951,246.483,13.509,88.548,141.974,2.426,256,1,0.365152
686,ramp,181.414994,181.661463,246.468,13.470,88.596,142.004,2.371,256,1,0.430055
687,ramp,181.661509,181.907774,246.264,13.418,88.488,141.937,2.396,256,1,0.391403
688,ramp,181.907816,182.154485,246.669,13.549,88.702,142.018,2.377,256,1,0.414466
689,ramp,182.154528,182.401259,246.731,13.623,88.670,141.980,2.432,256,1,0.372443
690,ramp,182.401304,182.648028,246.724,13.719,88.618,142.005,2.356,256,1,0.547312
691,ramp,182.648071,182.897058,248.988,15.860,88.661,142.047,2.394,256,1,0.498831
692,ramp,182.897102,183.143713,246.611,13.634,88.551,142.034,2.366,256,1,0.456733
693,ramp,183.143757,183.390444,246.687,13.635,88.551,142.045,2.431,256,1,0.415092
694,ramp,183.390485,183.637202,246.717,13.594,88.671,142.065,2.363,256,1,0.473238
695,ramp,183.637244,183.883731,246.487,13.562,88.547,142.000,2.353,256,1,0.426272
696,ramp,183.883775,184.130213,246.438,13.449,88.541,142.044,2.379,256,1,0.328695
697,ramp,184.130253,184.379046,248.793,15.680,88.662,142.008,2.418,256,1,0.346327
698,ramp,184.379095,184.625783,246.688,13.534,88.772,141.998,2.359,256,1,0.373979
699,ramp,184.625824,184.872580,246.756,13.690,88.693,141.993,2.357,256,1,0.334373
700,ramp,184.872622,185.119403,246.781,13.677,88.603,142.108,2.369,256,1,0.357985
701,ramp,185.119513,185.368383,248.870,15.746,88.740,141.989,2.366,256,1,0.343193
702,ramp,185.368426,185.615277,246.852,13.614,88.819,142.009,2.385,256,1,0.367076
703,ramp,185.615320,185.861829,246.509,13.616,88.509,141.895,2.463,256,1,0.315373
704,ramp,185.861876,186.108894,247.018,13.901,88.582,142.107,2.401,256,1,0.337100
705,ramp,186.108937,186.355282,246.345,13.377,88.552,142.013,2.378,256,1,0.350130
706,ramp,186.355326,186.601868,246.541,13.447,88.612,142.084,2.375,256,1,0.348498
707,ramp,186.601911,186.848829,246.917,13.786,88.616,142.095,2.394,256,1,0.359127
708,ramp,186.848870,187.095366,246.496,13.442,88.600,142.050,2.380,256,1,0.390313
709,ramp,187.095409,187.342665,247.256,14.329,88.579,141.905,2.417,256,1,0.357372
710,ramp,187.342705,187.589713,247.008,13.967,88.624,142.011,2.381,256,1,0.336627
711,ramp,187.589754,187.836019,246.266,13.452,88.475,141.938,2.377,256,1,0.330514
712,ramp,187.836061,188.082589,246.529,13.565,88.543,142.017,2.379,256,1,0.387210
713,ramp,188.082632,188.329134,246.502,13.443,88.601,142.039,2.396,256,1,0.378842
714,ramp,188.329174,188.575933,246.759,13.499,88.721,142.131,2.383,256,1,0.379328
715,ramp,188.575974,188.823285,247.311,14.115,88.643,142.154,2.374,256,1,0.384088
716,ramp,188.823327,189.070103,246.776,13.945,88.580,141.855,2.372,256,1,0.335987
717,ramp,189.070144,189.316738,246.594,13.653,88.613,141.904,2.400,256,1,0.379104
718,ramp,189.316780,189.563493,246.713,13.658,88.610,142.051,2.368,256,1,0.307503
719,ramp,189.563535,189.809953,246.418,13.393,88.603,142.040,2.358,256,1,0.460173
720,ramp,189.809994,190.056870,246.876,13.836,88.604,142.031,2.381,256,1,0.393755
721,ramp,190.056910,190.303785,246.875,13.647,88.607,142.178,2.420,256,1,0.379183
722,ramp,190.303827,190.550316,246.489,13.579,88.604,141.925,2.356,256,1,0.389526
723,ramp,190.550357,190.797045,246.688,13.586,88.619,142.094,2.363,256,1,0.429050
724,ramp,190.797086,191.043991,246.905,13.751,88.615,142.123,2.391,256,1,0.469515
725,ramp,191.044035,191.291020,246.986,13.715,88.753,142.060,2.432,256,1,0.439384
726,ramp,191.291068,191.537550,246.483,13.622,88.557,141.907,2.371,256,1,0.374717
727,ramp,191.537592,191.784351,246.759,13.616,88.651,142.088,2.380,256,1,0.357105
728,ramp,191.784394,192.031461,247.067,13.977,88.665,142.023,2.377,256,1,0.336825
729,ramp,192.031504,192.278433,246.929,13.799,88.659,142.023,2.423,256,1,0.342966
730,ramp,192.278473,192.526203,247.730,14.722,88.573,142.042,2.370,256,1,0.325070
731,ramp,192.526246,192.772888,246.643,13.578,88.654,141.982,2.404,256,1,0.358574
732,ramp,192.772930,193.019737,246.808,13.519,88.765,142.110,2.389,256,1,0.365486
733,ramp,193.019780,193.266743,246.964,13.845,88.599,142.073,2.422,256,1,0.420242
734,ramp,193.266784,193.513808,247.024,13.853,88.596,142.169,2.381,256,1,0.446364
735,ramp,193.513848,193.760713,246.865,13.718,88.564,142.148,2.412,256,1,0.382912
736,ramp,193.760774,194.007832,247.058,13.894,88.597,142.095,2.445,256,1,0.335805
737,ramp,194.007878,194.254762,246.884,13.839,88.561,142.026,2.431,256,1,0.317568
738,ramp,194.254807,194.501420,246.613,13.514,88.574,142.111,2.388,256,1,0.305751
739,ramp,194.501464,194.748271,246.807,13.801,88.584,142.028,2.369,256,1,0.340386
740,ramp,194.748312,194.995924,247.611,14.467,88.617,142.122,2.380,256,1,0.405802
741,ramp,194.995966,195.242483,246.517,13.349,88.681,142.055,2.406,256,1,0.346593
742,ramp,195.242525,195.489068,246.543,13.580,88.536,142.025,2.379,256,1,0.358101
743,ramp,195.489110,195.736319,247.209,14.014,88.615,142.169,2.386,256,1,0.342344
744,ramp,195.736361,195.983307,246.946,13.797,88.663,142.111,2.351,256,1,0.444492
745,ramp,195.983349,196.230442,247.093,13.926,88.699,142.043,2.400,256,1,0.359379
746,ramp,196.230482,196.477314,246.832,13.799,88.540,142.099,2.369,256,1,0.249659
747,ramp,196.477356,196.723714,246.358,13.379,88.513,142.077,2.364,256,1,0.311771
748,ramp,196.723756,196.970390,246.634,13.526,88.623,142.076,2.384,256,1,0.323396
749,ramp,196.970431,197.217026,246.595,13.740,88.522,141.924,2.384,256,1,0.298112
750,ramp,197.217067,197.463859,246.792,13.759,88.654,141.992,2.361,256,1,0.348968
751,ramp,197.463966,197.710533,246.567,13.639,88.569,141.958,2.372,256,1,0.295793
752,ramp,197.710573,197.957182,246.608,13.592,88.548,142.083,2.360,256,1,0.281809
753,ramp,197.957222,198.204033,246.811,13.841,88.520,142.070,2.356,256,1,0.252413
754,ramp,198.204075,198.450757,246.683,13.732,88.504,142.048,2.373,256,1,0.371455
755,ramp,198.450799,198.700009,249.210,16.235,88.559,142.034,2.356,256,1,0.293658
756,ramp,198.700049,198.946632,246.583,13.537,88.627,142.015,2.379,256,1,0.369185
757,ramp,198.946672,199.195780,249.108,16.097,88.623,141.991,2.372,256,1,0.328502
758,ramp,199.195822,199.442290,246.468,13.606,88.565,141.889,2.383,256,1,0.339208
759,ramp,199.442332,199.691277,248.945,16.106,88.531,141.922,2.361,256,1,0.313212
760,ramp,199.691320,199.937678,246.358,13.326,88.625,142.022,2.360,256,1,0.300715
761,ramp,199.937719,200.185266,247.546,14.557,88.592,142.018,2.355,256,1,0.362311
762,ramp,200.185305,200.432308,247.003,13.826,88.784,141.986,2.384,256,1,0.302447
763,ramp,200.432351,200.678804,246.453,13.623,88.504,141.943,2.358,256,1,0.285545
764,ramp,200.678846,200.925388,246.543,13.464,88.612,142.075,2.369,256,1,0.368025
765,ramp,200.925428,201.172104,246.676,13.742,88.616,141.935,2.359,256,1,0.343345
766,ramp,201.172144,201.418735,246.591,13.733,88.527,141.902,2.404,256,1,0.320692
767,ramp,201.418776,201.665614,246.837,13.821,88.567,142.077,2.348,256,1,0.318439
768,ramp,201.665655,201.912327,246.673,13.656,88.603,142.022,2.367,256,1,0.330747
769,ramp,201.912369,202.158685,246.316,13.516,88.485,141.898,2.392,256,1,0.309759
770,ramp,202.158725,202.405230,246.505,13.506,88.613,141.947,2.416,256,1,0.281305
771,ramp,202.405271,202.651967,246.696,13.771,88.551,141.971,2.377,256,1,0.390062
772,ramp,202.652010,202.898409,246.399,13.523,88.483,142.009,2.359,256,1,0.309508
773,ramp,202.898451,203.145688,247.237,14.421,88.553,141.868,2.371,256,1,0.359073
774,ramp,203.145730,203.391922,246.192,13.279,88.568,141.917,2.403,256,1,0.308702
775,ramp,203.391963,203.638785,246.822,13.894,88.566,141.980,2.357,256,1,0.340835
776,ramp,203.638827,203.885449,246.622,13.766,88.577,141.901,2.354,256,1,0.316861
777,ramp,203.885489,204.132019,246.530,13.750,88.605,141.793,2.358,256,1,0.294197
778,ramp,204.132060,204.378525,246.464,13.627,88.681,141.749,2.382,256,1,0.326352
779,ramp,204.378565,204.624918,246.353,13.431,88.604,141.910,2.384,256,1,0.284445
780,ramp,204.624960,204.871222,246.262,13.447,88.580,141.829,2.381,256,1,0.309097
781,ramp,204.871266,205.118073,246.808,13.990,88.554,141.872,2.364,256,1,0.387431
782,ramp,205.118115,205.364609,246.494,13.746,88.528,141.782,2.413,256,1,0.314874
783,ramp,205.364651,205.611248,246.597,13.725,88.544,141.924,2.379,256,1,0.345402
784,ramp,205.611292,205.857825,246.534,13.868,88.494,141.763,2.384,256,1,0.360929
785,ramp,205.857866,206.104382,246.517,13.942,88.419,141.755,2.377,256,1,0.326277
786,ramp,206.104424,206.351111,246.688,13.980,88.510,141.772,2.400,256,1,0.288321
787,ramp,206.351156,206.597462,246.306,13.449,88.607,141.853,2.372,256,1,0.293724
788,ramp,206.597504,206.843886,246.382,13.732,88.485,141.773,2.367,256,1,0.368705
789,ramp,206.843928,207.090585,246.657,13.840,88.536,141.901,2.355,256,1,0.329215
790,ramp,207.090627,207.336984,246.357,13.624,88.505,141.802,2.401,256,1,0.274550
791,ramp,207.337027,207.583830,246.803,14.025,88.531,141.852,2.371,256,1,0.263124
792,ramp,207.583873,207.830307,246.435,13.699,88.577,141.775,2.358,256,1,0.299587
793,ramp,207.830350,208.076877,246.527,13.736,88.580,141.839,2.347,256,1,0.325650
794,ramp,208.076919,208.323373,246.454,13.621,88.590,141.838,2.380,256,1,0.338298
795,ramp,208.323415,208.569779,246.364,13.726,88.558,141.695,2.360,256,1,0.265102
796,ramp,208.569820,208.816277,246.457,13.725,88.504,141.856,2.347,256,1,0.362248
797,ramp,208.816318,209.062786,246.468,13.835,88.457,141.792,2.358,256,1,0.342733
798,ramp,209.062826,209.308839,246.014,13.297,88.506,141.788,2.397,256,1,0.379956
799,ramp,209.308879,209.555309,246.430,13.670,88.618,141.750,2.367,256,1,0.329768
800,ramp,209.555351,209.801991,246.640,13.946,88.489,141.814,2.366,256,1,0.411167
801,ramp,209.802103,210.048216,246.113,13.523,88.470,141.721,2.371,256,1,0.286365
802,ramp,210.048257,210.295410,247.153,14.417,88.514,141.818,2.380,256,1,0.407335
803,ramp,210.295452,210.542025,246.573,13.996,88.413,141.778,2.360,256,1,0.310616
804,ramp,210.542067,210.789578,247.511,14.746,88.567,141.814,2.359,256,1,0.359385
805,ramp,210.789618,211.036181,246.564,13.783,88.579,141.816,2.360,256,1,0.344522
806,ramp,211.036223,211.282703,246.480,13.857,88.439,141.773,2.386,256,1,0.362050
807,ramp,211.282744,211.528990,246.246,13.619,88.479,141.746,2.378,256,1,0.323470
808,ramp,211.529031,211.775297,246.266,13.562,88.570,141.740,2.369,256,1,0.277958
809,ramp,211.775340,212.021603,246.263,13.687,88.450,141.732,2.368,256,1,0.308819
810,ramp,212.021644,212.268252,246.608,13.947,88.448,141.774,2.413,256,1,0.298328
811,ramp,212.268294,212.514825,246.531,13.931,88.508,141.705,2.361,256,1,0.309527
812,ramp,212.514867,212.760985,246.118,13.433,88.558,141.731,2.372,256,1,0.397207
813,ramp,212.761028,213.007311,246.283,13.564,88.482,141.855,2.358,256,1,0.386856
814,ramp,213.007352,213.253660,246.307,13.639,88.524,141.728,2.392,256,1,0.336930
815,ramp,213.253702,213.499674,245.972,13.388,88.486,141.716,2.356,256,1,0.303045
816,ramp,213.499716,213.745736,246.020,13.443,88.511,141.673,2.369,256,1,0.325331
817,ramp,213.745776,213.991934,246.158,13.425,88.541,141.801,2.365,256,1,0.321204
818,ramp,213.991975,214.238493,246.518,13.799,88.472,141.824,2.397,256,1,0.331397
819,ramp,214.238534,214.484633,246.100,13.557,88.482,141.649,2.388,256,1,0.288230
820,ramp,214.484675,214.730564,245.888,13.405,88.492,141.592,2.376,256,1,0.302904
821,ramp,214.730604,214.977060,246.457,13.779,88.485,141.781,2.387,256,1,0.379116
822,ramp,214.977101,215.222931,245.830,13.068,88.583,141.773,2.380,256,1,0.395484
823,ramp,215.222972,215.469095,246.123,13.540,88.539,141.641,2.379,256,1,0.348582
824,ramp,215.469136,215.715386,246.249,13.556,88.551,141.785,2.333,256,1,0.348578
825,ramp,215.715427,215.961440,246.013,13.577,88.451,141.584,2.375,256,1,0.350166
826,ramp,215.961484,216.207790,246.306,13.790,88.429,141.690,2.372,256,1,0.349516
827,ramp,216.207833,216.454350,246.516,13.753,88.578,141.817,2.344,256,1,0.341372
828,ramp,216.454390,216.702309,247.920,15.400,88.371,141.731,2.394,256,1,0.369343
829,ramp,216.702351,216.964395,262.044,29.607,88.488,141.571,2.353,256,1,0.370635
830,ramp,216.964436,217.210853,246.417,13.834,88.617,141.590,2.350,256,1,0.331117
831,ramp,217.210894,217.457266,246.372,13.724,88.538,141.732,2.352,256,1,0.304303
832,ramp,217.457307,217.705937,248.630,16.110,88.411,141.729,2.356,256,1,0.360976
833,ramp,217.705980,217.952362,246.383,13.749,88.494,141.746,2.369,256,1,0.291479
834,ramp,217.952405,218.198439,246.034,13.383,88.511,141.768,2.347,256,1,0.432622
835,ramp,218.198481,218.444391,245.910,13.605,88.459,141.479,2.342,256,1,0.335899
836,ramp,218.444433,218.692684,248.251,15.877,88.486,141.488,2.377,256,1,0.341282
837,ramp,218.692725,218.939254,246.529,13.824,88.649,141.686,2.345,256,1,0.297123
838,ramp,218.939295,219.185291,245.996,13.594,88.458,141.585,2.332,256,1,0.342063
839,ramp,219.185334,219.444862,259.527,26.943,88.569,141.633,2.355,256,1,0.315191
840,ramp,219.444903,219.692910,248.007,15.455,88.475,141.697,2.356,256,1,0.326740
841,ramp,219.692951,219.938981,246.030,13.526,88.378,141.732,2.369,256,1,0.289804
842,ramp,219.939021,220.185741,246.720,14.219,88.449,141.671,2.348,256,1,0.308637
843,ramp,220.185782,220.432018,246.237,13.685,88.567,141.575,2.386,256,1,0.342232
844,ramp,220.432060,220.678333,246.274,13.926,88.423,141.553,2.347,256,1,0.291229
845,ramp,220.678376,220.924451,246.075,13.583,88.489,141.624,2.354,256,1,0.325183
846,ramp,220.924492,221.170354,245.862,13.453,88.353,141.705,2.328,256,1,0.322158
847,ramp,221.170395,221.416644,246.249,13.689,88.459,141.670,2.405,256,1,0.290576
848,ramp,221.416687,221.662647,245.960,13.603,88.411,141.551,2.371,256,1,0.310345
849,ramp,221.662690,221.908783,246.093,13.563,88.404,141.738,2.364,256,1,0.332005
850,ramp,221.908825,222.155020,246.195,13.648,88.550,141.627,2.345,256,1,0.274112
851,ramp,222.155134,222.401138,246.004,13.533,88.420,141.645,2.377,256,1,0.291483
852,ramp,222.401182,222.647838,246.656,14.120,88.482,141.672,2.356,256,1,0.360763
853,ramp,222.647880,222.894060,246.179,13.773,88.505,141.511,2.365,256,1,0.242270
854,ramp,222.894100,223.140999,246.898,14.270,88.478,141.763,2.362,256,1,0.343469
855,ramp,223.141042,223.387274,246.232,13.838,88.392,141.603,2.374,256,1,0.285012
856,ramp,223.387316,223.633887,246.571,13.838,88.675,141.688,2.344,256,1,0.262934
857,ramp,223.633928,223.880160,246.232,13.817,88.401,141.636,2.353,256,1,0.314942
858,ramp,223.880202,224.126351,246.150,13.707,88.487,141.576,2.355,256,1,0.247320
859,ramp,224.126394,224.372658,246.265,13.538,88.553,141.744,2.404,256,1,0.310341
860,ramp,224.372701,224.619204,246.502,13.782,88.590,141.755,2.349,256,1,0.379716
861,ramp,224.619245,224.865538,246.293,13.966,88.489,141.462,2.351,256,1,0.324204
862,ramp,224.865578,225.111832,246.253,13.744,88.493,141.639,2.351,256,1,0.299517
863,ramp,225.111873,225.357936,246.062,13.672,88.428,141.552,2.385,256,1,0.356112
864,ramp,225.357976,225.604253,246.277,13.802,88.398,141.700,2.353,256,1,0.302651
865,ramp,225.604295,225.850217,245.923,13.534,88.486,141.529,2.349,256,1,0.315372
866,ramp,225.850258,226.096561,246.303,13.796,88.443,141.679,2.359,256,1,0.330540
867,ramp,226.096601,226.343228,246.627,14.203,88.381,141.628,2.391,256,1,0.430195
868,ramp,226.343271,226.589647,246.377,13.818,88.411,141.755,2.367,256,1,0.345188
869,ramp,226.589689,226.835740,246.051,13.600,88.488,141.589,2.349,256,1,0.269460
870,ramp,226.835782,227.081614,245.832,13.415,88.416,141.625,2.350,256,1,0.319478
871,ramp,227.081656,227.327776,246.120,13.692,88.424,141.588,2.389,256,1,0.376640
872,ramp,227.327818,227.573902,246.084,13.531,88.521,141.654,2.353,256,1,0.341505
873,ramp,227.573942,227.820215,246.273,13.778,88.486,141.641,2.344,256,1,0.286497
874,ramp,227.820255,228.066084,245.829,13.483,88.413,141.566,2.342,256,1,0.346629
875,ramp,228.066125,228.311947,245.822,13.467,88.414,141.536,2.380,256,1,0.333571
876,ramp,228.311990,228.558332,246.342,13.873,88.426,141.672,2.345,256,1,0.263469
877,ramp,228.558373,228.804195,245.822,13.454,88.462,141.528,2.353,256,1,0.313884
878,ramp,228.804235,229.055009,250.774,18.371,88.470,141.557,2.352,256,1,0.276072
879,ramp,229.055059,229.302562,247.503,14.919,88.493,141.669,2.395,256,1,0.335357
880,ramp,229.302604,229.548815,246.211,13.760,88.465,141.606,2.355,256,1,0.336974
881,ramp,229.548857,229.795013,246.156,13.761,88.444,141.569,2.357,256,1,0.320883
882,ramp,229.795062,230.042180,247.118,14.796,88.393,141.555,2.348,256,1,0.286982
883,ramp,230.042222,230.288685,246.463,13.935,88.499,141.617,2.387,256,1,0.317716
884,ramp,230.288727,230.535332,246.605,14.055,88.455,141.710,2.359,256,1,0.375261
885,ramp,230.535374,230.781241,245.867,13.473,88.350,141.645,2.372,256,1,0.286619
886,ramp,230.781284,231.027548,246.264,13.612,88.609,141.678,2.339,256,1,0.344754
887,ramp,231.027589,231.273591,246.002,13.432,88.468,141.701,2.375,256,1,0.223532
888,ramp,231.273632,231.519884,246.252,13.848,88.480,141.536,2.363,256,1,0.341524
889,ramp,231.519926,231.765956,246.030,13.463,88.574,141.604,2.363,256,1,0.313989
890,ramp,231.765997,232.012841,246.844,14.235,88.543,141.681,2.361,256,1,0.322316
891,ramp,232.012884,232.258968,246.085,13.626,88.436,141.630,2.367,256,1,0.320051
892,ramp,232.259011,232.505485,246.475,13.980,88.482,141.630,2.349,256,1,0.323875
893,ramp,232.505527,232.752575,247.048,14.402,88.613,141.640,2.370,256,1,0.354273
894,ramp,232.752616,232.999097,246.481,14.105,88.461,141.527,2.362,256,1,0.317640
895,ramp,232.999138,233.246147,247.009,14.328,88.551,141.724,2.380,256,1,0.365006
896,ramp,233.246189,233.492411,246.222,13.760,88.417,141.642,2.378,256,1,0.339348
897,ramp,233.492453,233.738975,246.522,14.034,88.390,141.707,2.367,256,1,0.290129
898,ramp,233.739016,233.984878,245.862,13.521,88.407,141.541,2.357,256,1,0.253760
899,ramp,233.984921,234.231167,246.246,13.855,88.357,141.627,2.381,256,1,0.282759
900,ramp,234.231211,234.477245,246.035,13.559,88.450,141.649,2.350,256,1,0.315680
901,ramp,234.477349,234.723231,245.882,13.443,88.408,141.649,2.353,256,1,0.258394
902,ramp,234.723273,234.969547,246.274,13.487,88.673,141.721,2.369,256,1,0.325941
903,ramp,234.969589,235.215871,246.281,13.885,88.373,141.635,2.362,256,1,0.356050
904,ramp,235.215912,235.462098,246.186,13.789,88.498,141.520,2.353,256,1,0.278289
905,ramp,235.462140,235.708037,245.897,13.578,88.492,141.459,2.342,256,1,0.252600
906,ramp,235.708079,235.954204,246.125,13.681,88.510,141.550,2.360,256,1,0.297511
907,ramp,235.954246,236.200275,246.029,13.621,88.376,141.656,2.351,256,1,0.327230
908,ramp,236.200315,236.446688,246.373,13.894,88.418,141.694,2.342,256,1,0.263763
909,ramp,236.446730,236.692725,245.996,13.584,88.457,141.556,2.374,256,1,0.354604
910,ramp,236.692768,236.940902,248.133,15.755,88.395,141.593,2.364,256,1,0.235953
911,ramp,236.940945,237.187081,246.136,13.695,88.498,141.555,2.362,256,1,0.323319
912,ramp,237.187125,237.433205,246.080,13.551,88.448,141.666,2.389,256,1,0.331506
913,ramp,237.433246,237.679398,246.152,13.875,88.440,141.468,2.344,256,1,0.295713
914,ramp,237.679439,237.925685,246.245,13.744,88.423,141.687,2.366,256,1,0.267511
915,ramp,237.925726,238.172584,246.858,14.231,88.519,141.712,2.371,256,1,0.303649
916,ramp,238.172626,238.418579,245.952,13.539,88.455,141.527,2.406,256,1,0.271536
917,ramp,238.418621,238.664944,246.324,13.805,88.411,141.711,2.371,256,1,0.333878
918,ramp,238.664987,238.912338,247.351,14.847,88.383,141.701,2.393,256,1,0.256327
919,ramp,238.912379,239.158393,246.014,13.441,88.530,141.646,2.371,256,1,0.313204
920,ramp,239.158436,239.405124,246.689,14.132,88.428,141.721,2.384,256,1,0.386271
921,ramp,239.405167,239.653455,248.287,15.911,88.478,141.511,2.362,256,1,0.288392
922,ramp,239.653496,239.899782,246.286,13.783,88.470,141.646,2.362,256,1,0.397296
923,ramp,239.899827,240.145886,246.060,13.658,88.380,141.641,2.355,256,1,0.373429
924,ramp,240.145928,240.392921,246.993,14.558,88.438,141.566,2.406,256,1,0.322725
925,ramp,240.392962,240.639350,246.388,13.905,88.491,141.593,2.374,256,1,0.346917
926,ramp,240.639396,240.885325,245.929,13.517,88.446,141.575,2.364,256,1,0.283924
927,ramp,240.885368,241.131919,246.551,14.118,88.470,141.581,2.357,256,1,0.320437
928,ramp,241.131960,241.378156,246.196,13.808,88.355,141.622,2.385,256,1,0.323966
929,ramp,241.378198,241.624370,246.172,13.711,88.448,141.620,2.367,256,1,0.336010
930,ramp,241.624412,241.870884,246.472,13.831,88.459,141.763,2.393,256,1,0.329926
931,ramp,241.870927,242.117119,246.191,13.790,88.397,141.587,2.390,256,1,0.247653
932,ramp,242.117162,242.363413,246.251,13.754,88.454,141.580,2.436,256,1,0.374066
933,ramp,242.363459,242.609472,246.013,13.673,88.441,141.503,2.370,256,1,0.300094
934,ramp,242.609514,242.855586,246.071,13.637,88.439,141.598,2.373,256,1,0.310656
935,ramp,242.855630,243.101755,246.125,13.712,88.392,141.609,2.386,256,1,0.266269
936,ramp,243.101800,243.348302,246.502,13.835,88.454,141.772,2.416,256,1,0.339174
937,ramp,243.348346,243.595034,246.688,14.264,88.399,141.646,2.350,256,1,0.377117
938,ramp,243.595076,243.841177,246.101,13.753,88.355,141.618,2.349,256,1,0.293662
939,ramp,243.841219,244.087068,245.850,13.442,88.425,141.588,2.368,256,1,0.357230
940,ramp,244.087113,244.333291,246.178,13.766,88.403,141.595,2.390,256,1,0.317220
941,ramp,244.333333,244.579441,246.108,13.699,88.510,141.495,2.379,256,1,0.258119
942,ramp,244.579484,244.825322,245.838,13.486,88.413,141.556,2.359,256,1,0.294394
943,ramp,244.825364,245.071397,246.033,13.632,88.480,141.534,2.361,256,1,0.392202
944,ramp,245.071440,245.317365,245.925,13.586,88.420,141.494,2.399,256,1,0.369916
945,ramp,245.317408,245.563684,246.276,13.867,88.459,141.561,2.363,256,1,0.300728
946,ramp,245.563727,245.809810,246.083,13.536,88.488,141.666,2.369,256,1,0.284601
947,ramp,245.809853,246.056186,246.334,14.066,88.437,141.453,2.353,256,1,0.273575
948,ramp,246.056229,246.302457,246.228,13.734,88.502,141.578,2.389,256,1,0.314226
949,ramp,246.302497,246.548626,246.128,13.671,88.432,141.638,2.363,256,1,0.278281
950,ramp,246.548668,246.795024,246.356,13.793,88.593,141.588,2.357,256,1,0.333870
951,ramp,246.795133,247.044300,249.167,16.769,88.456,141.550,2.362,256,1,0.296309
952,ramp,247.044341,247.290436,246.095,13.702,88.404,141.576,2.388,256,1,0.281814
953,ramp,247.290478,247.536796,246.318,13.768,88.487,141.675,2.363,256,1,0.297949
954,ramp,247.536838,247.782821,245.983,13.413,88.380,141.789,2.376,256,1,0.345807
955,ramp,247.782863,248.029109,246.245,13.838,88.427,141.579,2.377,256,1,0.276546
956,ramp,248.029151,248.275411,246.260,13.659,88.578,141.612,2.386,256,1,0.356865
957,ramp,248.275453,248.524811,249.358,16.823,88.535,141.593,2.381,256,1,0.368985
958,ramp,248.524854,248.770944,246.090,13.687,88.508,141.517,2.352,256,1,0.284944
959,ramp,248.770986,249.017318,246.332,13.841,88.514,141.579,2.372,256,1,0.311638
960,ramp,249.017359,249.263674,246.315,13.872,88.390,141.650,2.377,256,1,0.370440
961,ramp,249.263716,249.509637,245.921,13.550,88.393,141.596,2.358,256,1,0.298810
962,ramp,249.509678,249.755696,246.018,13.593,88.419,141.587,2.395,256,1,0.264415
963,ramp,249.755738,250.001743,246.004,13.544,88.406,141.642,2.386,256,1,0.319141
964,ramp,250.001786,250.247968,246.182,13.827,88.402,141.551,2.376,256,1,0.362012
965,ramp,250.248011,250.495046,247.035,14.631,88.356,141.657,2.365,256,1,0.364025
966,ramp,250.495088,250.741206,246.117,13.701,88.457,141.554,2.379,256,1,0.237726
967,ramp,250.741249,250.987200,245.951,13.392,88.506,141.655,2.371,256,1,0.261260
968,ramp,250.987242,251.233859,246.618,14.156,88.492,141.556,2.387,256,1,0.267364
969,ramp,251.233902,251.479900,245.998,13.608,88.451,141.541,2.373,256,1,0.336751
970,ramp,251.479942,251.726272,246.330,13.936,88.433,141.582,2.353,256,1,0.257251
971,ramp,251.726312,251.972842,246.529,14.093,88.377,141.651,2.384,256,1,0.277843
972,ramp,251.972883,252.219096,246.213,13.901,88.443,141.458,2.386,256,1,0.292130
973,ramp,252.219138,252.465196,246.058,13.771,88.408,141.485,2.369,256,1,0.247839
974,ramp,252.465238,252.711773,246.535,14.017,88.458,141.679,2.354,256,1,0.317940
975,ramp,252.711816,252.957793,245.977,13.749,88.338,141.508,2.357,256,1,0.278241
976,ramp,252.957835,253.203920,246.085,13.734,88.439,141.533,2.354,256,1,0.356351
977,ramp,253.203961,253.450236,246.275,13.872,88.374,141.639,2.364,256,1,0.298472
978,ramp,253.450278,253.698606,248.328,15.810,88.488,141.648,2.357,256,1,0.323564
979,ramp,253.698646,253.944825,246.179,13.800,88.467,141.522,2.364,256,1,0.284399
980,ramp,253.944866,254.191378,246.512,14.138,88.479,141.508,2.362,256,1,0.295179
981,ramp,254.191421,254.438594,247.173,14.514,88.508,141.737,2.387,256,1,0.289677
982,ramp,254.438636,254.684413,245.777,13.418,88.359,141.622,2.353,256,1,0.266588
983,ramp,254.684455,254.930451,245.996,13.637,88.387,141.593,2.355,256,1,0.317356
984,ramp,254.930494,255.176735,246.241,13.825,88.399,141.617,2.375,256,1,0.358360
985,ramp,255.176777,255.422925,246.147,13.655,88.472,141.593,2.403,256,1,0.346876
986,ramp,255.422967,255.669183,246.216,13.670,88.527,141.643,2.352,256,1,0.333032
987,ramp,255.669226,255.915261,246.035,13.483,88.491,141.676,2.360,256,1,0.275291
988,ramp,255.915303,256.161300,245.997,13.530,88.514,141.554,2.374,256,1,0.277201
989,ramp,256.161343,256.407842,246.499,13.879,88.554,141.643,2.396,256,1,0.247979
990,ramp,256.407884,256.654088,246.205,13.804,88.411,141.586,2.378,256,1,0.223195
991,ramp,256.654132,256.900677,246.545,14.096,88.476,141.572,2.376,256,1,0.297986
992,ramp,256.900737,257.146925,246.187,13.591,88.502,141.702,2.364,256,1,0.261558
993,ramp,257.146965,257.395489,248.524,16.085,88.371,141.647,2.396,256,1,0.262635
994,ramp,257.395531,257.641865,246.334,13.767,88.503,141.690,2.348,256,1,0.328319
995,ramp,257.641908,257.888273,246.365,13.854,88.576,141.500,2.408,256,1,0.239367
996,ramp,257.888314,258.134695,246.381,13.939,88.498,141.555,2.364,256,1,0.330400
997,ramp,258.134738,258.381214,246.476,13.918,88.540,141.596,2.396,256,1,0.298564
998,ramp,258.381257,258.627590,246.333,13.660,88.496,141.782,2.369,256,1,0.318747
999,ramp,258.627631,258.873708,246.077,13.501,88.479,141.706,2.366,256,1,0.273243
1000,ramp,258.873749,259.120065,246.316,13.846,88.483,141.593,2.369,256,1,0.342276
1001,ramp,259.120163,259.366175,246.012,13.383,88.433,141.761,2.405,256,1,0.272932
1002,ramp,259.366217,259.612530,246.314,13.674,88.566,141.673,2.376,256,1,0.356937
1003,ramp,259.612572,259.860887,248.315,15.707,88.494,141.716,2.372,256,1,0.361815
1004,ramp,259.860929,260.107231,246.301,13.958,88.365,141.612,2.340,256,1,0.325530
1005,ramp,260.107272,260.353276,246.003,13.630,88.372,141.582,2.393,256,1,0.315956
1006,ramp,260.353317,260.599488,246.170,13.611,88.568,141.611,2.355,256,1,0.256463
1007,ramp,260.599530,260.845552,246.022,13.683,88.381,141.586,2.345,256,1,0.330086
1008,ramp,260.845592,261.092301,246.709,14.360,88.369,141.581,2.374,256,1,0.321877
1009,ramp,261.092342,261.338431,246.089,13.490,88.451,141.728,2.394,256,1,0.345583
1010,ramp,261.338472,261.584987,246.515,13.912,88.517,141.689,2.372,256,1,0.280027
1011,ramp,261.585028,261.831159,246.131,13.874,88.420,141.444,2.366,256,1,0.287582
1012,ramp,261.831203,262.076993,245.790,13.449,88.425,141.526,2.363,256,1,0.257004
1013,ramp,262.077036,262.323041,246.004,13.608,88.456,141.552,2.362,256,1,0.338618
1014,ramp,262.323083,262.569292,246.208,13.552,88.538,141.730,2.360,256,1,0.342114
1015,ramp,262.569335,262.815639,246.304,13.784,88.327,141.644,2.520,256,1,0.389887
1016,ramp,262.815695,263.062937,247.242,14.773,88.471,141.487,2.482,256,1,0.295291
1017,ramp,263.062986,263.309505,246.518,13.998,88.412,141.657,2.424,256,1,0.256830
1018,ramp,263.309553,263.556190,246.636,14.046,88.471,141.655,2.437,256,1,0.258369
1019,ramp,263.556238,263.803044,246.807,14.305,88.538,141.509,2.420,256,1,0.312802
1020,ramp,263.803101,264.054313,251.212,18.550,88.534,141.627,2.470,256,1,0.270506
1021,ramp,264.054364,264.300848,246.484,13.735,88.482,141.755,2.485,256,1,0.210238
1022,ramp,264.300898,264.549245,248.346,15.760,88.536,141.517,2.506,256,1,0.280029
1023,ramp,264.549293,264.795840,246.547,13.991,88.422,141.659,2.447,256,1,0.266873
1024,ramp,264.795892,265.043431,247.539,15.073,88.386,141.620,2.432,256,1,0.252034
1025,ramp,265.043480,265.289906,246.426,13.826,88.453,141.648,2.471,256,1,0.264309
1026,ramp,265.289956,265.536198,246.242,13.739,88.458,141.561,2.456,256,1,0.264996
1027,ramp,265.536249,265.782801,246.552,13.784,88.525,141.734,2.482,256,1,0.318592
1028,ramp,265.782851,266.029257,246.405,13.806,88.471,141.649,2.454,256,1,0.269994
1029,ramp,266.029305,266.275591,246.286,13.773,88.462,141.568,2.456,256,1,0.229054
1030,ramp,266.275639,266.526170,250.531,18.125,88.463,141.469,2.444,256,1,0.254484
1031,ramp,266.526219,266.772236,246.017,13.280,88.420,141.583,2.705,256,1,0.260554
1032,ramp,266.772301,267.019020,246.719,14.041,88.480,141.734,2.435,256,1,0.284746
1033,ramp,267.019077,267.266036,246.959,13.970,88.430,141.639,2.891,256,1,0.291757
1034,ramp,267.266111,267.512595,246.485,13.873,88.449,141.569,2.563,256,1,0.277115
1035,ramp,267.512650,267.760120,247.470,14.793,88.452,141.693,2.501,256,1,0.225257
1036,ramp,267.760176,268.006849,246.673,14.007,88.474,141.727,2.436,256,1,0.307178
1037,ramp,268.006898,268.253267,246.369,13.739,88.457,141.623,2.523,256,1,0.305004
1038,ramp,268.253316,268.499908,246.592,13.915,88.526,141.712,2.412,256,1,0.331460
1039,ramp,268.499957,268.747005,247.048,14.533,88.406,141.636,2.446,256,1,0.287827
1040,ramp,268.747062,268.993962,246.900,14.248,88.432,141.768,2.424,256,1,0.258580
1041,ramp,268.994010,269.241210,247.200,14.538,88.460,141.729,2.444,256,1,0.353558
1042,ramp,269.241260,269.487809,246.549,14.139,88.416,141.539,2.425,256,1,0.232706
1043,ramp,269.487858,269.734286,246.428,14.062,88.371,141.539,2.428,256,1,0.290212
1044,ramp,269.734334,269.981026,246.692,14.174,88.399,141.659,2.433,256,1,0.271432
1045,ramp,269.981076,270.227603,246.527,14.097,88.401,141.574,2.426,256,1,0.275533
1046,ramp,270.227651,270.474064,246.413,13.878,88.410,141.677,2.422,256,1,0.251897
1047,ramp,270.474110,270.720900,246.790,14.270,88.419,141.614,2.460,256,1,0.356361
1048,ramp,270.720949,270.967386,246.437,13.880,88.419,141.665,2.445,256,1,0.258081
1049,ramp,270.967436,271.214194,246.758,14.097,88.452,141.755,2.425,256,1,0.325768
1050,ramp,271.214243,271.460966,246.723,14.141,88.483,141.617,2.455,256,1,0.320661
1051,ramp,271.461087,271.707951,246.864,14.310,88.501,141.604,2.417,256,1,0.330095
1052,ramp,271.707997,271.954337,246.340,13.773,88.395,141.697,2.449,256,1,0.310092
1053,ramp,271.954384,272.201411,247.027,14.460,88.435,141.682,2.423,256,1,0.290365
1054,ramp,272.201459,272.448353,246.895,14.391,88.373,141.678,2.426,256,1,0.265544
1055,ramp,272.448401,272.695065,246.664,14.072,88.450,141.688,2.428,256,1,0.313555
1056,ramp,272.695116,272.942318,247.203,14.429,88.503,141.778,2.466,256,1,0.239790
1057,ramp,272.942365,273.188936,246.571,13.929,88.444,141.728,2.444,256,1,0.321471
1058,ramp,273.188983,273.436387,247.403,14.675,88.558,141.692,2.452,256,1,0.257036
1059,ramp,273.436434,273.683235,246.800,14.241,88.464,141.642,2.428,256,1,0.375482
1060,ramp,273.683284,273.929647,246.362,13.802,88.421,141.657,2.456,256,1,0.250583
1061,ramp,273.929695,274.176494,246.799,14.141,88.507,141.670,2.454,256,1,0.276928
1062,ramp,274.176543,274.423621,247.078,14.482,88.480,141.642,2.446,256,1,0.258917
1063,ramp,274.423670,274.670358,246.687,14.096,88.445,141.704,2.416,256,1,0.297239
1064,ramp,274.670407,274.917241,246.835,14.055,88.544,141.740,2.467,256,1,0.373193
1065,ramp,274.917288,275.164058,246.770,14.053,88.492,141.736,2.463,256,1,0.408007
1066,ramp,275.164109,275.410413,246.304,13.788,88.429,141.626,2.434,256,1,0.254297
1067,ramp,275.410462,275.657144,246.682,13.913,88.422,141.824,2.498,256,1,0.252747
1068,ramp,275.657195,275.903784,246.589,13.820,88.514,141.784,2.444,256,1,0.260902
1069,ramp,275.903833,276.150555,246.722,13.993,88.479,141.777,2.447,256,1,0.224100
1070,ramp,276.150601,276.397367,246.766,13.939,88.515,141.867,2.421,256,1,0.289892
1071,ramp,276.397415,276.644093,246.677,14.059,88.534,141.633,2.426,256,1,0.287711
1072,ramp,276.644140,276.890667,246.528,13.911,88.460,141.710,2.420,256,1,0.463615
1073,ramp,276.890713,277.137244,246.531,13.958,88.485,141.564,2.470,256,1,0.277379
1074,ramp,277.137293,277.384732,247.438,14.834,88.538,141.591,2.447,256,1,0.271839
1075,ramp,277.384779,277.631647,246.867,14.238,88.514,141.648,2.440,256,1,0.271417
1076,ramp,277.631696,277.878678,246.983,14.272,88.461,141.773,2.448,256,1,0.306902
1077,ramp,277.878724,278.125640,246.917,14.305,88.433,141.702,2.451,256,1,0.288515
1078,ramp,278.125686,278.372385,246.699,13.955,88.520,141.731,2.469,256,1,0.275150
1079,ramp,278.372432,278.619727,247.295,14.450,88.664,141.725,2.430,256,1,0.240129
1080,ramp,278.619775,278.866461,246.686,14.131,88.450,141.644,2.434,256,1,0.240448
1081,ramp,278.866508,279.113216,246.708,13.957,88.563,141.708,2.456,256,1,0.315556
1082,ramp,279.113265,279.360413,247.148,14.337,88.589,141.741,2.455,256,1,0.293506
1083,ramp,279.360460,279.616289,255.829,23.152,88.493,141.711,2.446,256,1,0.316935
1084,ramp,279.616337,279.862934,246.596,13.913,88.426,141.746,2.483,256,1,0.283032
1085,ramp,279.862984,280.130080,267.096,34.432,88.508,141.618,2.510,256,1,0.296182
1086,ramp,280.130130,280.376737,246.607,13.836,88.528,141.755,2.461,256,1,0.262811
1087,ramp,280.376785,280.623295,246.510,13.832,88.486,141.738,2.427,256,1,0.367791
1088,ramp,280.623343,280.869808,246.465,13.690,88.526,141.781,2.441,256,1,0.340231
1089,ramp,280.869854,281.116294,246.441,13.724,88.465,141.778,2.447,256,1,0.324797
1090,ramp,281.116342,281.362974,246.632,13.890,88.515,141.766,2.435,256,1,0.296370
1091,ramp,281.363023,281.609253,246.230,13.620,88.436,141.697,2.452,256,1,0.304154
1092,ramp,281.609302,281.855903,246.601,13.779,88.531,141.826,2.437,256,1,0.279512
1093,ramp,281.855950,282.102535,246.584,13.908,88.482,141.700,2.468,256,1,0.283750
1094,ramp,282.102580,282.350433,247.852,15.023,88.509,141.881,2.412,256,1,0.287260
1095,ramp,282.350479,282.596922,246.443,13.713,88.542,141.735,2.426,256,1,0.288567
1096,ramp,282.596967,282.844550,247.583,14.773,88.522,141.856,2.405,256,1,0.245780
1097,ramp,282.844596,283.091249,246.652,13.982,88.484,141.715,2.442,256,1,0.275449
1098,ramp,283.091299,283.338933,247.634,14.808,88.556,141.812,2.431,256,1,0.306404
1099,ramp,283.338980,283.585404,246.424,13.676,88.506,141.789,2.427,256,1,0.289118
1100,ramp,283.585455,283.832594,247.139,14.134,88.647,141.880,2.444,256,1,0.251336
1101,ramp,283.832715,284.079683,246.969,14.186,88.584,141.660,2.509,256,1,0.292143
1102,ramp,284.079736,284.326494,246.758,14.053,88.538,141.730,2.412,256,1,0.260418
1103,ramp,284.326541,284.572877,246.336,13.575,88.497,141.765,2.473,256,1,0.270842
1104,ramp,284.572924,284.819467,246.542,14.023,88.493,141.568,2.433,256,1,0.247841
1105,ramp,284.819517,285.066101,246.584,13.776,88.470,141.873,2.437,256,1,0.316869
1106,ramp,285.066150,285.312798,246.647,13.973,88.442,141.735,2.468,256,1,0.231675
1107,ramp,285.312844,285.560165,247.322,14.537,88.487,141.848,2.425,256,1,0.205046
1108,ramp,285.560212,285.807384,247.172,14.377,88.557,141.793,2.419,256,1,0.285163
1109,ramp,285.807430,286.054313,246.883,13.857,88.527,142.024,2.448,256,1,0.256802
1110,ramp,286.054359,286.301384,247.025,14.082,88.634,141.868,2.412,256,1,0.246485
1111,ramp,286.301433,286.548611,247.178,14.210,88.559,141.939,2.441,256,1,0.334898
1112,ramp,286.548658,286.795934,247.276,14.175,88.711,141.945,2.418,256,1,0.301405
1113,ramp,286.795980,287.047099,251.119,18.320,88.488,141.859,2.426,256,1,0.289846
1114,ramp,287.047145,287.294073,246.927,14.117,88.493,141.861,2.430,256,1,0.293607
1115,ramp,287.294119,287.540778,246.659,13.907,88.518,141.787,2.421,256,1,0.276972
1116,ramp,287.540826,287.787334,246.508,13.805,88.502,141.775,2.398,256,1,0.332265
1117,ramp,287.787380,288.034303,246.923,14.053,88.561,141.862,2.421,256,1,0.294972
1118,ramp,288.034351,288.281705,247.354,14.359,88.575,141.991,2.397,256,1,0.342080
1119,ramp,288.281753,288.529314,247.561,14.708,88.473,141.895,2.456,256,1,0.291308
1120,ramp,288.529359,288.776780,247.421,14.460,88.648,141.828,2.460,256,1,0.216940
1121,ramp,288.776828,289.023553,246.725,13.817,88.537,141.893,2.452,256,1,0.259794
1122,ramp,289.023601,289.270440,246.838,14.039,88.488,141.841,2.442,256,1,0.274753
1123,ramp,289.270490,289.516996,246.506,13.746,88.494,141.770,2.468,256,1,0.209944
1124,ramp,289.517045,289.764280,247.234,14.119,88.698,141.910,2.481,256,1,0.307403
1125,ramp,289.764329,290.010694,246.364,13.552,88.657,141.688,2.441,256,1,0.247014
1126,ramp,290.010762,290.257617,246.855,13.860,88.490,142.029,2.450,256,1,0.290439
1127,ramp,290.257666,290.504500,246.834,14.058,88.579,141.768,2.403,256,1,0.246127
1128,ramp,290.504548,290.751276,246.728,13.652,88.666,141.978,2.406,256,1,0.246694
1129,ramp,290.751324,291.000468,249.144,16.190,88.664,141.835,2.428,256,1,0.279494
1130,ramp,291.000516,291.247445,246.929,13.933,88.619,141.918,2.433,256,1,0.293693
1131,ramp,291.247492,291.496438,248.946,15.984,88.582,141.962,2.392,256,1,0.279839
1132,ramp,291.496486,291.743332,246.847,13.836,88.527,141.974,2.486,256,1,0.295190
1133,ramp,291.743396,291.990479,247.083,13.966,88.702,141.944,2.446,256,1,0.296317
1134,ramp,291.990528,292.237760,247.231,14.527,88.403,141.810,2.468,256,1,0.254077
1135,ramp,292.237809,292.485512,247.703,14.739,88.664,141.903,2.373,256,1,0.280945
1136,ramp,292.485560,292.732505,246.945,13.852,88.736,141.894,2.441,256,1,0.255151
1137,ramp,292.732552,292.979291,246.740,13.989,88.549,141.766,2.413,256,1,0.253117
1138,ramp,292.979339,293.226441,247.101,14.156,88.607,141.881,2.432,256,1,0.252774
1139,ramp,293.226489,293.473238,246.749,13.838,88.574,141.926,2.387,256,1,0.281993
1140,ramp,293.473283,293.720214,246.930,13.909,88.564,141.991,2.443,256,1,0.320695
1141,ramp,293.720261,293.966876,246.616,13.724,88.572,141.899,2.396,256,1,0.325333
1142,ramp,293.966923,294.213651,246.728,13.814,88.528,141.917,2.443,256,1,0.250511
1143,ramp,294.213699,294.460262,246.563,13.814,88.469,141.851,2.403,256,1,0.243099
1144,ramp,294.460308,294.707409,247.101,14.057,88.556,142.021,2.441,256,1,0.320837
1145,ramp,294.707457,294.954562,247.105,14.197,88.522,141.929,2.430,256,1,0.278521
1146,ramp,294.954609,295.201369,246.760,13.765,88.597,141.908,2.464,256,1,0.257271
1147,ramp,295.201418,295.448288,246.870,13.965,88.555,141.890,2.433,256,1,0.300599
1148,ramp,295.448334,295.695403,247.069,13.928,88.629,142.051,2.434,256,1,0.283256
1149,ramp,295.695451,295.943058,247.607,14.473,88.648,142.037,2.420,256,1,0.250362
1150,ramp,295.943107,296.189993,246.886,13.778,88.699,141.929,2.453,256,1,0.228916
1151,ramp,296.190106,296.436847,246.741,13.797,88.522,141.956,2.436,256,1,0.391489
1152,ramp,296.436895,296.683671,246.775,13.894,88.460,141.969,2.425,256,1,0.251250
1153,ramp,296.683719,296.934653,250.934,17.799,88.695,141.936,2.477,256,1,0.258636
1154,ramp,296.934704,297.182226,247.522,14.183,88.567,141.929,2.813,256,1,0.331382
1155,ramp,297.182298,297.429467,247.168,13.973,88.672,142.031,2.465,256,1,0.244307
1156,ramp,297.429518,297.677126,247.608,14.395,88.650,142.104,2.433,256,1,0.275648
1157,ramp,297.677173,297.924494,247.320,14.102,88.664,142.078,2.449,256,1,0.314242
1158,ramp,297.924542,298.171452,246.909,13.923,88.501,142.033,2.426,256,1,0.337082
1159,ramp,298.171501,298.418298,246.796,13.845,88.541,141.949,2.434,256,1,0.274714
1160,ramp,298.418344,298.665424,247.080,14.057,88.539,142.049,2.409,256,1,0.276283
1161,ramp,298.665470,298.912396,246.926,14.071,88.584,141.800,2.446,256,1,0.254664
1162,ramp,298.912444,299.159218,246.774,13.835,88.615,141.863,2.435,256,1,0.290861
1163,ramp,299.159267,299.406484,247.217,14.144,88.633,141.980,2.433,256,1,0.309819
1164,ramp,299.406534,299.653783,247.249,14.106,88.601,142.107,2.410,256,1,0.347644
1165,ramp,299.653830,299.901308,247.478,14.119,88.701,142.161,2.472,256,1,0.267486
1166,ramp,299.901357,300.148308,246.951,13.834,88.682,142.012,2.395,256,1,0.295452
1167,steady,300.148355,300.395362,247.007,13.891,88.624,142.049,2.418,256,1,0.258479
1168,steady,300.395421,300.642405,246.984,13.971,88.550,142.022,2.415,256,1,0.252918
1169,steady,300.642460,300.891386,248.926,16.123,88.607,141.741,2.428,256,1,0.246224
1170,steady,300.891444,301.138351,246.907,13.914,88.609,141.957,2.399,256,1,0.240890
1171,steady,301.138406,301.385423,247.017,13.935,88.551,142.071,2.433,256,1,0.258240
1172,steady,301.385482,301.633010,247.528,14.316,88.628,142.095,2.461,256,1,0.254234
1173,steady,301.633067,301.880500,247.433,14.121,88.667,142.183,2.435,256,1,0.272365
1174,steady,301.880555,302.127691,247.135,13.893,88.723,142.049,2.443,256,1,0.251386
1175,steady,302.127752,302.374635,246.883,13.835,88.667,141.931,2.425,256,1,0.282063
1176,steady,302.374695,302.621488,246.793,13.603,88.626,142.086,2.449,256,1,0.273836
1177,steady,302.621549,302.868611,247.062,13.818,88.677,142.074,2.465,256,1,0.253815
1178,steady,302.868672,303.115551,246.879,13.589,88.704,142.120,2.438,256,1,0.277861
1179,steady,303.115611,303.362336,246.724,13.769,88.563,141.938,2.426,256,1,0.236937
1180,steady,303.362395,303.609279,246.884,13.741,88.707,141.976,2.433,256,1,0.238766
1181,steady,303.609337,303.856096,246.759,13.593,88.605,142.118,2.417,256,1,0.250218
1182,steady,303.856155,304.103090,246.935,13.864,88.689,141.933,2.422,256,1,0.218024
1183,steady,304.103149,304.350052,246.903,13.661,88.681,142.057,2.474,256,1,0.301908
1184,steady,304.350112,304.597262,247.150,13.937,88.651,142.114,2.422,256,1,0.292379
1185,steady,304.597321,304.844479,247.158,13.961,88.649,142.095,2.426,256,1,0.250955
1186,steady,304.844540,305.094058,249.517,16.342,88.726,141.991,2.433,256,1,0.267929
1187,steady,305.094119,305.341517,247.399,14.017,88.695,142.201,2.458,256,1,0.285072
1188,steady,305.341580,305.588903,247.322,14.165,88.560,142.150,2.419,256,1,0.229911
1189,steady,305.588966,305.836319,247.353,13.985,88.681,142.245,2.415,256,1,0.255346
1190,steady,305.836378,306.083990,247.612,14.349,88.687,142.127,2.423,256,1,0.299425
1191,steady,306.084050,306.330867,246.817,13.638,88.587,142.126,2.437,256,1,0.316061
1192,steady,306.330931,306.578010,247.079,13.922,88.726,142.011,2.394,256,1,0.248701
1193,steady,306.578070,306.825305,247.235,13.891,88.678,142.182,2.458,256,1,0.235449
1194,steady,306.825366,307.072589,247.223,13.991,88.666,142.082,2.457,256,1,0.287510
1195,steady,307.072650,307.319825,247.176,13.939,88.667,142.095,2.446,256,1,0.305114
1196,steady,307.319887,307.567153,247.266,14.045,88.574,142.196,2.424,256,1,0.300763
1197,steady,307.567213,307.814619,247.406,14.008,88.689,142.248,2.435,256,1,0.254482
1198,steady,307.814682,308.062015,247.333,13.676,88.898,142.296,2.438,256,1,0.295331
1199,steady,308.062076,308.309195,247.119,13.801,88.688,142.153,2.449,256,1,0.273901
1200,steady,308.309256,308.557138,247.882,14.372,88.742,142.319,2.424,256,1,0.338110
1201,steady,308.557266,308.804339,247.073,13.545,88.776,142.297,2.426,256,1,0.292991
1202,steady,308.804399,309.052117,247.718,14.126,88.767,142.373,2.424,256,1,0.262759
1203,steady,309.052179,309.300249,248.070,14.460,88.780,142.319,2.484,256,1,0.313475
1204,steady,309.300308,309.547502,247.194,13.670,88.792,142.286,2.420,256,1,0.250129
1205,steady,309.547561,309.794670,247.109,13.624,88.685,142.323,2.449,256,1,0.237147
1206,steady,309.794730,310.042044,247.314,13.838,88.677,142.388,2.385,256,1,0.290354
1207,steady,310.042103,310.291341,249.238,15.947,88.787,142.044,2.434,256,1,0.220064
1208,steady,310.291401,310.538944,247.543,14.209,88.658,142.244,2.405,256,1,0.267648
1209,steady,310.539002,310.786729,247.727,14.312,88.794,142.197,2.398,256,1,0.245477
1210,steady,310.786788,311.033912,247.124,13.936,88.657,142.097,2.407,256,1,0.205975
1211,steady,311.033971,311.281416,247.445,14.041,88.670,142.289,2.418,256,1,0.290229
1212,steady,311.281477,311.529163,247.686,14.321,88.722,142.198,2.419,256,1,0.262284
1213,steady,311.529219,311.776069,246.850,13.529,88.698,142.137,2.460,256,1,0.266728
1214,steady,311.776130,312.023540,247.410,14.053,88.644,142.212,2.471,256,1,0.248952
1215,steady,312.023603,312.271191,247.587,14.209,88.606,142.289,2.452,256,1,0.298000
1216,steady,312.271251,312.519550,248.299,14.820,88.647,142.291,2.511,256,1,0.267672
1217,steady,312.519612,312.767206,247.595,14.142,88.866,142.119,2.438,256,1,0.222000
1218,steady,312.767266,313.014435,247.170,14.012,88.765,141.885,2.476,256,1,0.233358
1219,steady,313.014499,313.261993,247.494,14.581,88.529,141.898,2.459,256,1,0.242009
1220,steady,313.262050,313.508671,246.621,13.540,88.636,141.975,2.445,256,1,0.324124
1221,steady,313.508728,313.755902,247.175,13.991,88.739,141.991,2.428,256,1,0.197035
1222,steady,313.755962,314.002450,246.487,13.489,88.614,141.904,2.454,256,1,0.209748
1223,steady,314.002509,314.248917,246.409,13.432,88.542,141.988,2.421,256,1,0.270530
1224,steady,314.248978,314.496120,247.142,14.098,88.534,142.020,2.464,256,1,0.245508
1225,steady,314.496182,314.743850,247.668,14.461,88.706,142.041,2.432,256,1,0.258818
1226,steady,314.743910,314.991180,247.270,14.294,88.572,141.921,2.455,256,1,0.229424
1227,steady,314.991242,315.237792,246.550,13.592,88.514,141.991,2.425,256,1,0.330387
1228,steady,315.237851,315.484822,246.971,13.958,88.585,141.953,2.448,256,1,0.272310
1229,steady,315.484882,315.731974,247.092,14.289,88.553,141.785,2.437,256,1,0.216394
1230,steady,315.732052,315.979123,247.071,14.074,88.576,141.956,2.435,256,1,0.301806
1231,steady,315.979182,316.226014,246.832,14.054,88.440,141.867,2.444,256,1,0.220470
1232,steady,316.226074,316.473662,247.588,14.714,88.611,141.786,2.450,256,1,0.250390
1233,steady,316.473722,316.720268,246.546,13.682,88.606,141.792,2.440,256,1,0.214528
1234,steady,316.720327,316.967184,246.856,13.920,88.574,141.893,2.442,256,1,0.311488
1235,steady,316.967245,317.213757,246.513,13.590,88.669,141.786,2.433,256,1,0.225408
1236,steady,317.213817,317.461107,247.290,14.434,88.504,141.867,2.458,256,1,0.271321
1237,steady,317.461168,317.707886,246.718,13.990,88.499,141.762,2.440,256,1,0.363681
1238,steady,317.707947,317.954552,246.605,13.832,88.457,141.838,2.451,256,1,0.298213
1239,steady,317.954612,318.202643,248.031,15.036,88.576,141.917,2.475,256,1,0.311215
1240,steady,318.202703,318.449262,246.559,13.702,88.529,141.855,2.446,256,1,0.308998
1241,steady,318.449321,318.696373,247.052,14.276,88.528,141.785,2.437,256,1,0.309142
1242,steady,318.696434,318.943720,247.287,14.490,88.494,141.808,2.468,256,1,0.299683
1243,steady,318.943782,319.191122,247.340,14.584,88.520,141.762,2.447,256,1,0.305316
1244,steady,319.191182,319.437988,246.806,14.094,88.425,141.804,2.455,256,1,0.336573
1245,steady,319.438048,319.684971,246.923,13.974,88.454,141.730,2.735,256,1,0.301801
1246,steady,319.685034,319.934120,249.086,16.285,88.536,141.796,2.438,256,1,0.256168
1247,steady,319.934182,320.181652,247.470,14.523,88.558,141.887,2.475,256,1,0.283187
1248,steady,320.181715,320.429046,247.331,14.597,88.431,141.811,2.465,256,1,0.321032
1249,steady,320.429107,320.675310,246.204,13.546,88.554,141.638,2.439,256,1,0.305895
1250,steady,320.675369,320.921660,246.291,13.475,88.553,141.809,2.428,256,1,0.233204
1251,steady,320.921786,321.168697,246.911,14.296,88.541,141.575,2.468,256,1,0.198873
1252,steady,321.168756,321.415073,246.316,13.607,88.453,141.779,2.447,256,1,0.255410
1253,steady,321.415134,321.662207,247.073,14.391,88.472,141.728,2.455,256,1,0.298240
1254,steady,321.662266,321.909436,247.170,14.438,88.468,141.774,2.463,256,1,0.240873
1255,steady,321.909495,322.156309,246.814,14.445,88.360,141.543,2.439,256,1,0.278858
1256,steady,322.156368,322.403412,247.044,14.295,88.476,141.845,2.402,256,1,0.324347
1257,steady,322.403469,322.650195,246.726,14.076,88.445,141.757,2.422,256,1,0.315000
1258,steady,322.650252,322.896899,246.646,13.893,88.585,141.723,2.420,256,1,0.251243
1259,steady,322.896955,323.143990,247.034,14.391,88.476,141.695,2.446,256,1,0.254570
1260,steady,323.144047,323.391031,246.984,14.341,88.509,141.704,2.403,256,1,0.238804
1261,steady,323.391095,323.637866,246.770,14.119,88.493,141.685,2.446,256,1,0.271352
1262,steady,323.637923,323.884867,246.944,14.296,88.474,141.719,2.431,256,1,0.337023
1263,steady,323.884924,324.131887,246.963,14.269,88.453,141.804,2.412,256,1,0.187883
1264,steady,324.131945,324.378534,246.589,13.903,88.539,141.695,2.425,256,1,0.252443
1265,steady,324.378595,324.625691,247.097,14.518,88.454,141.650,2.447,256,1,0.266639
1266,steady,324.625750,324.872698,246.948,14.292,88.433,141.739,2.457,256,1,0.295452
1267,steady,324.872758,325.119626,246.868,14.361,88.446,141.593,2.440,256,1,0.261333
1268,steady,325.119688,325.366542,246.854,14.267,88.509,141.604,2.446,256,1,0.191788
1269,steady,325.366599,325.613369,246.770,14.274,88.411,141.638,2.422,256,1,0.186072
1270,steady,325.613426,325.860497,247.071,14.397,88.468,141.733,2.447,256,1,0.392840
1271,steady,325.860555,326.107435,246.880,14.356,88.449,141.649,2.400,256,1,0.268347
1272,steady,326.107494,326.354137,246.643,14.138,88.419,141.623,2.435,256,1,0.254994
1273,steady,326.354196,326.601509,247.313,14.893,88.421,141.540,2.431,256,1,0.222610
1274,steady,326.601569,326.848585,247.016,14.281,88.437,141.643,2.627,256,1,0.265229
1275,steady,326.848659,327.095430,246.771,14.391,88.404,141.529,2.417,256,1,0.385900
1276,steady,327.095489,327.343156,247.666,14.440,88.486,141.825,2.885,256,1,0.314790
1277,steady,327.343246,327.590032,246.786,14.261,88.415,141.599,2.477,256,1,0.322565
1278,steady,327.590093,327.837752,247.659,14.899,88.527,141.564,2.638,256,1,0.277942
1279,steady,327.837824,328.084358,246.533,14.007,88.450,141.574,2.472,256,1,0.280694
1280,steady,328.084418,328.331177,246.759,14.011,88.564,141.691,2.463,256,1,0.298500
1281,steady,328.331238,328.578138,246.900,14.269,88.473,141.682,2.448,256,1,0.282489
1282,steady,328.578196,328.824750,246.554,14.148,88.445,141.529,2.404,256,1,0.365394
1283,steady,328.824806,329.070940,246.134,13.786,88.420,141.451,2.447,256,1,0.265394
1284,steady,329.071000,329.317925,246.925,14.524,88.344,141.568,2.462,256,1,0.268753
1285,steady,329.317984,329.565422,247.438,14.983,88.396,141.537,2.495,256,1,0.393363
1286,steady,329.565481,329.812108,246.627,13.916,88.471,141.749,2.465,256,1,0.383322
1287,steady,329.812171,330.058286,246.115,13.690,88.399,141.526,2.472,256,1,0.318680
1288,steady,330.058345,330.305587,247.242,14.759,88.423,141.605,2.428,256,1,0.272920
1289,steady,330.305646,330.552704,247.058,14.558,88.417,141.583,2.473,256,1,0.272560
1290,steady,330.552761,330.799164,246.403,13.873,88.531,141.532,2.439,256,1,0.260641
1291,steady,330.799221,331.048302,249.081,16.541,88.481,141.603,2.430,256,1,0.330785
1292,steady,331.048359,331.295233,246.874,14.468,88.350,141.609,2.422,256,1,0.298569
1293,steady,331.295290,331.541915,246.626,14.358,88.438,141.403,2.399,256,1,0.246478
1294,steady,331.541972,331.788840,246.868,14.459,88.386,141.524,2.473,256,1,0.225973
1295,steady,331.788898,332.035166,246.268,13.809,88.565,141.487,2.381,256,1,0.273616
1296,steady,332.035223,332.281267,246.044,13.708,88.444,141.427,2.437,256,1,0.216536
1297,steady,332.281327,332.527837,246.510,14.052,88.521,141.511,2.399,256,1,0.223883
1298,steady,332.527893,332.774007,246.113,13.755,88.428,141.465,2.440,256,1,0.270987
1299,steady,332.774065,333.020610,246.546,14.085,88.460,141.517,2.459,256,1,0.242839
1300,steady,333.020664,333.267543,246.879,14.410,88.501,141.508,2.432,256,1,0.286483
1301,steady,333.267678,333.514580,246.902,14.586,88.369,141.517,2.399,256,1,0.320174
1302,steady,333.514637,333.760994,246.357,13.911,88.466,141.476,2.474,256,1,0.262872
1303,steady,333.761054,334.007074,246.019,13.803,88.372,141.369,2.434,256,1,0.289844
1304,steady,334.007132,334.253502,246.370,13.761,88.520,141.579,2.482,256,1,0.306881
1305,steady,334.253561,334.499741,246.180,13.933,88.364,141.431,2.425,256,1,0.194063
1306,steady,334.499797,334.746381,246.584,14.180,88.478,141.431,2.465,256,1,0.247402
1307,steady,334.746439,334.992926,246.487,14.298,88.336,141.417,2.409,256,1,0.269616
1308,steady,334.992982,335.239498,246.516,14.129,88.432,141.464,2.466,256,1,0.239957
1309,steady,335.239555,335.485432,245.878,13.567,88.467,141.431,2.385,256,1,0.242256
1310,steady,335.485488,335.732003,246.516,14.185,88.460,141.420,2.424,256,1,0.267380
1311,steady,335.732061,335.978002,245.941,13.619,88.444,141.416,2.436,256,1,0.196133
1312,steady,335.978059,336.224306,246.247,13.800,88.461,141.473,2.486,256,1,0.283736
1313,steady,336.224366,336.470828,246.462,14.296,88.297,141.420,2.420,256,1,0.270419
1314,steady,336.470885,336.717311,246.426,14.062,88.454,141.431,2.452,256,1,0.332527
1315,steady,336.717368,336.964066,246.699,14.321,88.471,141.417,2.464,256,1,0.188512
1316,steady,336.964126,337.210708,246.582,14.090,88.395,141.587,2.481,256,1,0.304281
1317,steady,337.210805,337.457222,246.417,14.098,88.287,141.531,2.467,256,1,0.246172
1318,steady,337.457283,337.703764,246.481,13.990,88.518,141.465,2.479,256,1,0.256928
1319,steady,337.703825,337.950511,246.686,14.361,88.408,141.400,2.489,256,1,0.315235
1320,steady,337.950573,338.197441,246.869,14.358,88.547,141.446,2.491,256,1,0.276218
1321,steady,338.197501,338.444146,246.645,14.378,88.360,141.443,2.436,256,1,0.238957
1322,steady,338.444204,338.690965,246.760,14.589,88.453,141.228,2.463,256,1,0.224475
1323,steady,338.691025,338.937777,246.752,14.110,88.446,141.699,2.469,256,1,0.326877
1324,steady,338.937834,339.183973,246.138,13.941,88.458,141.263,2.449,256,1,0.230460
1325,steady,339.184032,339.430207,246.175,13.687,88.396,141.617,2.448,256,1,0.321162
1326,steady,339.430264,339.676743,246.479,14.152,88.402,141.370,2.528,256,1,0.273805
1327,steady,339.676804,339.928271,251.467,19.183,88.288,141.509,2.459,256,1,0.231059
1328,steady,339.928331,340.174956,246.625,14.201,88.416,141.470,2.509,256,1,0.253789
1329,steady,340.175017,340.421327,246.310,13.953,88.418,141.485,2.425,256,1,0.275095
1330,steady,340.421384,340.668067,246.683,14.181,88.449,141.560,2.465,256,1,0.242137
1331,steady,340.668126,340.914253,246.127,13.712,88.371,141.536,2.479,256,1,0.251831
1332,steady,340.914311,341.160756,246.445,13.914,88.449,141.586,2.468,256,1,0.239336
1333,steady,341.160814,341.407579,246.765,14.224,88.522,141.559,2.432,256,1,0.249434
1334,steady,341.407635,341.653974,246.339,13.911,88.393,141.551,2.458,256,1,0.310914
1335,steady,341.654031,341.900538,246.506,13.957,88.410,141.631,2.481,256,1,0.313024
1336,steady,341.900595,342.147419,246.824,14.294,88.413,141.582,2.506,256,1,0.258176
1337,steady,342.147483,342.394386,246.903,14.598,88.338,141.482,2.457,256,1,0.226887
1338,steady,342.394445,342.641064,246.619,14.021,88.406,141.699,2.466,256,1,0.271292
1339,steady,342.641124,342.887748,246.624,14.209,88.447,141.479,2.462,256,1,0.252806
1340,steady,342.887808,343.134354,246.546,14.313,88.350,141.373,2.482,256,1,0.250437
1341,steady,343.134414,343.380886,246.472,14.008,88.428,141.543,2.465,256,1,0.231390
1342,steady,343.380944,343.627890,246.946,14.540,88.411,141.523,2.443,256,1,0.298908
1343,steady,343.627951,343.875070,247.119,14.693,88.401,141.525,2.465,256,1,0.212446
1344,steady,343.875128,344.122141,247.014,14.490,88.409,141.615,2.472,256,1,0.246158
1345,steady,344.122199,344.368913,246.714,14.188,88.463,141.579,2.457,256,1,0.251880
1346,steady,344.368971,344.615874,246.903,14.353,88.483,141.563,2.477,256,1,0.235060
1347,steady,344.615932,344.863044,247.112,14.643,88.461,141.574,2.406,256,1,0.230189
1348,steady,344.863111,345.109510,246.398,14.070,88.379,141.457,2.464,256,1,0.346188
1349,steady,345.109570,345.356574,247.003,14.423,88.431,141.654,2.469,256,1,0.260340
1350,steady,345.356638,345.603406,246.768,14.096,88.489,141.695,2.458,256,1,0.270401
1351,steady,345.603539,345.850368,246.829,14.230,88.431,141.552,2.585,256,1,0.254561
1352,steady,345.850433,346.096765,246.333,13.981,88.379,141.434,2.512,256,1,0.237698
1353,steady,346.096825,346.343274,246.449,14.176,88.317,141.444,2.485,256,1,0.204547
1354,steady,346.343333,346.589466,246.133,13.750,88.422,141.471,2.464,256,1,0.195678
1355,steady,346.589527,346.836386,246.860,14.436,88.376,141.551,2.470,256,1,0.199546
1356,steady,346.836445,347.083645,247.200,14.829,88.459,141.396,2.488,256,1,0.277812
1357,steady,347.083707,347.330448,246.742,14.330,88.365,141.552,2.468,256,1,0.277563
1358,steady,347.330506,347.576675,246.168,13.817,88.471,141.397,2.458,256,1,0.267490
1359,steady,347.576731,347.823440,246.709,14.393,88.393,141.398,2.498,256,1,0.274870
1360,steady,347.823499,348.070577,247.079,14.428,88.556,141.595,2.474,256,1,0.281002
1361,steady,348.070635,348.316675,246.039,13.772,88.372,141.372,2.496,256,1,0.224726
1362,steady,348.316735,348.563157,246.423,14.139,88.385,141.442,2.431,256,1,0.206944
1363,steady,348.563217,348.809874,246.657,14.262,88.382,141.516,2.470,256,1,0.215541
1364,steady,348.809932,349.056441,246.509,14.140,88.452,141.440,2.451,256,1,0.258183
1365,steady,349.056498,349.302846,246.348,14.035,88.349,141.445,2.492,256,1,0.278875
1366,steady,349.302906,349.549663,246.757,14.337,88.458,141.443,2.492,256,1,0.194400
1367,steady,349.549722,349.796250,246.528,13.974,88.462,141.580,2.485,256,1,0.261921
1368,steady,349.796310,350.043945,247.634,15.204,88.398,141.541,2.466,256,1,0.219725
1369,steady,350.044002,350.290406,246.404,13.944,88.382,141.583,2.467,256,1,0.259291
1370,steady,350.290465,350.537188,246.723,14.158,88.526,141.580,2.432,256,1,0.280122
1371,steady,350.537244,350.783516,246.272,14.020,88.382,141.351,2.492,256,1,0.228232
1372,steady,350.783580,351.030530,246.950,14.490,88.456,141.536,2.441,256,1,0.269069
1373,steady,351.030587,351.277184,246.597,14.165,88.334,141.610,2.462,256,1,0.260553
1374,steady,351.277243,351.523831,246.588,14.251,88.412,141.462,2.437,256,1,0.359075
1375,steady,351.523890,351.770423,246.533,14.096,88.566,141.370,2.473,256,1,0.228110
1376,steady,351.770481,352.016960,246.479,14.028,88.489,141.501,2.434,256,1,0.208175
1377,steady,352.017016,352.262918,245.902,13.555,88.360,141.483,2.477,256,1,0.242468
1378,steady,352.262976,352.509304,246.328,13.923,88.490,141.484,2.405,256,1,0.258656
1379,steady,352.509360,352.755973,246.613,14.076,88.392,141.654,2.463,256,1,0.291868
1380,steady,352.756032,353.003261,247.229,14.617,88.393,141.501,2.689,256,1,0.240156
1381,steady,353.003322,353.249708,246.386,14.043,88.401,141.431,2.480,256,1,0.263036
1382,steady,353.249767,353.496360,246.593,14.334,88.325,141.468,2.438,256,1,0.300361
1383,steady,353.496421,353.743742,247.321,14.808,88.414,141.570,2.499,256,1,0.261099
1384,steady,353.743805,353.990446,246.641,14.337,88.413,141.388,2.474,256,1,0.212088
1385,steady,353.990508,354.236429,245.921,13.668,88.312,141.437,2.477,256,1,0.202862
1386,steady,354.236490,354.482813,246.323,13.810,88.528,141.465,2.492,256,1,0.229454
1387,steady,354.482874,354.729084,246.210,13.760,88.404,141.523,2.493,256,1,0.293471
1388,steady,354.729145,354.975454,246.309,13.934,88.386,141.477,2.480,256,1,0.242786
1389,steady,354.975515,355.221423,245.908,13.636,88.355,141.439,2.448,256,1,0.233145
1390,steady,355.221483,355.467593,246.111,13.746,88.367,141.512,2.456,256,1,0.252531
1391,steady,355.467652,355.714001,246.349,13.893,88.444,141.525,2.457,256,1,0.297943
1392,steady,355.714061,355.960357,246.296,13.941,88.428,141.455,2.444,256,1,0.245229
1393,steady,355.960415,356.207106,246.691,14.354,88.467,141.390,2.450,256,1,0.258663
1394,steady,356.207166,356.453481,246.315,13.810,88.505,141.480,2.490,256,1,0.230243
1395,steady,356.453540,356.700268,246.728,14.044,88.556,141.542,2.555,256,1,0.254709
1396,steady,356.700331,356.948433,248.102,15.510,88.514,141.554,2.493,256,1,0.246857
1397,steady,356.948494,357.194630,246.135,13.474,88.367,141.420,2.845,256,1,0.254502
1398,steady,357.194716,357.440800,246.084,13.932,88.289,141.343,2.488,256,1,0.222219
1399,steady,357.440867,357.687860,246.993,14.488,88.502,141.503,2.470,256,1,0.287284
1400,steady,357.687919,357.934296,246.377,13.822,88.490,141.582,2.456,256,1,0.305437
1401,steady,357.934426,358.180848,246.423,14.045,88.419,141.482,2.445,256,1,0.364395
1402,steady,358.180906,358.426817,245.911,13.441,88.487,141.510,2.445,256,1,0.284084
1403,steady,358.426874,358.673797,246.923,14.543,88.333,141.551,2.469,256,1,0.240512
1404,steady,358.673855,358.920449,246.594,14.001,88.524,141.586,2.456,256,1,0.243126
1405,steady,358.920506,359.167252,246.747,14.417,88.344,141.483,2.476,256,1,0.239352
1406,steady,359.167311,359.413240,245.929,13.559,88.379,141.509,2.454,256,1,0.357536
1407,steady,359.413299,359.659700,246.400,14.018,88.404,141.478,2.473,256,1,0.245260
1408,steady,359.659760,359.907828,248.068,15.780,88.348,141.400,2.511,256,1,0.200194
1409,steady,359.907894,360.154227,246.334,13.967,88.377,141.466,2.493,256,1,0.300563
1410,steady,360.154290,360.400252,245.962,13.724,88.312,141.451,2.448,256,1,0.236854
1411,steady,360.400311,360.646552,246.241,13.945,88.324,141.505,2.440,256,1,0.206091
1412,steady,360.646611,360.894906,248.294,15.961,88.397,141.432,2.478,256,1,0.275878
1413,steady,360.894965,361.141195,246.230,13.817,88.364,141.538,2.483,256,1,0.266626
1414,steady,361.141256,361.387069,245.813,13.528,88.373,141.413,2.470,256,1,0.275148
1415,steady,361.387130,361.633061,245.931,13.573,88.263,141.524,2.544,256,1,0.307671
1416,steady,361.633125,361.879628,246.503,13.950,88.521,141.507,2.498,256,1,0.292250
1417,steady,361.879688,362.126115,246.427,13.951,88.417,141.553,2.477,256,1,0.329111
1418,steady,362.126176,362.372580,246.404,13.937,88.424,141.550,2.467,256,1,0.314524
1419,steady,362.372639,362.618724,246.085,13.636,88.455,141.502,2.465,256,1,0.320367
1420,steady,362.618782,362.864996,246.214,13.874,88.353,141.511,2.450,256,1,0.300243
1421,steady,362.865053,363.111230,246.177,13.714,88.430,141.546,2.459,256,1,0.233317
1422,steady,363.111289,363.357205,245.916,13.589,88.375,141.464,2.461,256,1,0.218673
1423,steady,363.357262,363.604054,246.792,14.413,88.387,141.508,2.458,256,1,0.288348
1424,steady,363.604112,363.851876,247.764,15.198,88.453,141.627,2.458,256,1,0.326997
1425,steady,363.851933,364.098134,246.201,13.944,88.332,141.433,2.464,256,1,0.331643
1426,steady,364.098191,364.344329,246.138,13.937,88.345,141.392,2.439,256,1,0.285301
1427,steady,364.344387,364.592292,247.905,15.758,88.314,141.364,2.442,256,1,0.313932
1428,steady,364.592350,364.838607,246.257,13.957,88.356,141.428,2.490,256,1,0.281455
1429,steady,364.838667,365.084853,246.186,13.866,88.449,141.385,2.460,256,1,0.265726
1430,steady,365.084914,365.330974,246.060,13.707,88.376,141.478,2.472,256,1,0.301878
1431,steady,365.331035,365.577011,245.976,13.644,88.427,141.418,2.454,256,1,0.328031
1432,steady,365.577069,365.823176,246.107,13.790,88.395,141.434,2.461,256,1,0.255893
1433,steady,365.823235,366.069106,245.871,13.518,88.316,141.548,2.463,256,1,0.356992
1434,steady,366.069166,366.315055,245.889,13.591,88.387,141.403,2.472,256,1,0.243792
1435,steady,366.315115,366.561536,246.421,14.192,88.307,141.453,2.441,256,1,0.303799
1436,steady,366.561595,366.807231,245.636,13.424,88.370,141.422,2.394,256,1,0.293119
1437,steady,366.807290,367.053436,246.145,13.962,88.340,141.378,2.438,256,1,0.248435
1438,steady,367.053493,367.299207,245.713,13.354,88.404,141.443,2.483,256,1,0.231119
1439,steady,367.299266,367.546267,247.000,14.674,88.504,141.357,2.438,256,1,0.222972
1440,steady,367.546324,367.792501,246.178,13.819,88.396,141.468,2.469,256,1,0.312052
1441,steady,367.792558,368.040825,248.266,16.059,88.377,141.371,2.431,256,1,0.305093
1442,steady,368.040883,368.286756,245.873,13.541,88.420,141.411,2.474,256,1,0.272687
1443,steady,368.286815,368.532988,246.172,13.938,88.311,141.443,2.455,256,1,0.258700
1444,steady,368.533044,368.779321,246.277,14.111,88.323,141.344,2.472,256,1,0.264719
1445,steady,368.779381,369.025774,246.393,13.905,88.529,141.487,2.444,256,1,0.235773
1446,steady,369.025831,369.272035,246.204,13.839,88.368,141.489,2.481,256,1,0.210511
1447,steady,369.272095,369.520342,248.247,15.873,88.484,141.423,2.440,256,1,0.219031
1448,steady,369.520399,369.766556,246.157,13.811,88.408,141.423,2.488,256,1,0.188913
1449,steady,369.766617,370.012668,246.051,13.754,88.424,141.360,2.486,256,1,0.225464
1450,steady,370.012728,370.259489,246.762,14.236,88.416,141.607,2.474,256,1,0.305268
1451,steady,370.259622,370.505485,245.863,13.539,88.383,141.457,2.451,256,1,0.255155
1452,steady,370.505544,370.751902,246.358,13.883,88.452,141.512,2.483,256,1,0.300016
1453,steady,370.751963,370.998798,246.835,14.637,88.374,141.331,2.463,256,1,0.243391
1454,steady,370.998856,371.245569,246.713,14.460,88.354,141.403,2.466,256,1,0.255772
1455,steady,371.245628,371.491671,246.043,13.689,88.315,141.524,2.486,256,1,0.249887
1456,steady,371.491733,371.737863,246.130,13.533,88.492,141.602,2.475,256,1,0.278618
1457,steady,371.737921,371.984069,246.148,13.749,88.412,141.491,2.468,256,1,0.232274
1458,steady,371.984128,372.230278,246.150,13.951,88.321,141.380,2.472,256,1,0.292669
1459,steady,372.230338,372.476302,245.964,13.679,88.422,141.348,2.485,256,1,0.237480
1460,steady,372.476363,372.722456,246.092,13.721,88.335,141.516,2.490,256,1,0.253348
1461,steady,372.722514,372.968716,246.202,13.787,88.387,141.501,2.497,256,1,0.230453
1462,steady,372.968785,373.215265,246.480,14.157,88.335,141.486,2.472,256,1,0.327050
1463,steady,373.215327,373.461238,245.912,13.673,88.285,141.419,2.504,256,1,0.244929
1464,steady,373.461299,373.707346,246.046,13.473,88.484,141.593,2.466,256,1,0.279305
1465,steady,373.707406,373.953206,245.800,13.256,88.393,141.533,2.590,256,1,0.237295
1466,steady,373.953268,374.199560,246.292,13.767,88.414,141.454,2.626,256,1,0.202196
1467,steady,374.199632,374.446223,246.591,14.157,88.386,141.532,2.485,256,1,0.252835
1468,steady,374.446287,374.692584,246.297,14.001,88.399,141.427,2.442,256,1,0.198060
1469,steady,374.692641,374.939822,247.181,14.700,88.438,141.503,2.513,256,1,0.281483
1470,steady,374.939885,375.186090,246.204,13.762,88.350,141.562,2.504,256,1,0.287569
1471,steady,375.186150,375.432020,245.870,13.557,88.369,141.472,2.444,256,1,0.223858
1472,steady,375.432080,375.678105,246.026,13.733,88.457,141.344,2.462,256,1,0.283240
1473,steady,375.678164,375.924600,246.436,14.119,88.364,141.464,2.460,256,1,0.264917
1474,steady,375.924660,376.171010,246.350,13.884,88.433,141.512,2.491,256,1,0.270585
1475,steady,376.171087,376.417601,246.514,14.173,88.412,141.444,2.452,256,1,0.271516
1476,steady,376.417663,376.665073,247.410,15.119,88.346,141.470,2.443,256,1,0.238116
1477,steady,376.665132,376.911290,246.158,13.899,88.383,141.412,2.433,256,1,0.364895
1478,steady,376.911351,377.158278,246.926,14.515,88.537,141.383,2.461,256,1,0.173038
1479,steady,377.158334,377.404548,246.214,13.950,88.362,141.433,2.443,256,1,0.314752
1480,steady,377.404606,377.651217,246.611,14.252,88.417,141.486,2.429,256,1,0.311591
1481,steady,377.651274,377.898685,247.411,15.068,88.373,141.503,2.438,256,1,0.279300
1482,steady,377.898741,378.145151,246.410,14.120,88.378,141.437,2.448,256,1,0.230177
1483,steady,378.145208,378.391111,245.903,13.550,88.361,141.560,2.405,256,1,0.307369
1484,steady,378.391170,378.637413,246.243,13.930,88.403,141.463,2.420,256,1,0.247649
1485,steady,378.637468,378.883361,245.893,13.590,88.336,141.362,2.575,256,1,0.262250
1486,steady,378.883427,379.129627,246.201,13.865,88.361,141.513,2.433,256,1,0.233688
1487,steady,379.129686,379.376391,246.705,14.372,88.411,141.452,2.444,256,1,0.236477
1488,steady,379.376449,379.622701,246.253,13.801,88.566,141.441,2.419,256,1,0.264304
1489,steady,379.622757,379.868758,246.000,13.690,88.366,141.437,2.481,256,1,0.284162
1490,steady,379.868815,380.114840,246.025,13.609,88.521,141.469,2.400,256,1,0.270979
1491,steady,380.114896,380.361193,246.297,13.774,88.526,141.519,2.452,256,1,0.247790
1492,steady,380.361252,380.607456,246.204,13.998,88.395,141.385,2.401,256,1,0.295871
1493,steady,380.607513,380.853662,246.150,13.734,88.521,141.417,2.451,256,1,0.242417
1494,steady,380.853719,381.099731,246.011,13.760,88.363,141.444,2.419,256,1,0.224897
1495,steady,381.099789,381.345985,246.196,13.997,88.335,141.388,2.448,256,1,0.257728
1496,steady,381.346041,381.592241,246.200,13.928,88.378,141.437,2.430,256,1,0.278089
1497,steady,381.592296,381.838076,245.781,13.680,88.308,141.305,2.462,256,1,0.265583
1498,steady,381.838135,382.084608,246.473,13.830,88.559,141.609,2.450,256,1,0.248386
1499,steady,382.084666,382.330704,246.037,13.743,88.401,141.433,2.435,256,1,0.212495
1500,steady,382.330778,382.576576,245.798,13.561,88.386,141.392,2.432,256,1,0.245534
1501,steady,382.576698,382.822833,246.136,13.693,88.486,141.470,2.458,256,1,0.228522
1502,steady,382.822889,383.069167,246.278,13.982,88.432,141.357,2.481,256,1,0.223379
1503,steady,383.069225,383.315259,246.035,13.712,88.370,141.471,2.456,256,1,0.176900
1504,steady,383.315317,383.561759,246.442,14.171,88.416,141.386,2.440,256,1,0.301881
1505,steady,383.561818,383.808148,246.329,14.073,88.418,141.382,2.430,256,1,0.235754
1506,steady,383.808208,384.054334,246.126,13.659,88.508,141.500,2.432,256,1,0.271646
1507,steady,384.054391,384.301070,246.679,14.529,88.349,141.317,2.456,256,1,0.209529
1508,steady,384.301128,384.546997,245.869,13.552,88.405,141.436,2.449,256,1,0.220498
1509,steady,384.547062,384.793563,246.501,14.108,88.424,141.499,2.441,256,1,0.250327
1510,steady,384.793621,385.043787,250.166,17.770,88.382,141.529,2.457,256,1,0.201636
1511,steady,385.043846,385.290148,246.302,13.896,88.401,141.494,2.484,256,1,0.236237
1512,steady,385.290209,385.536679,246.470,14.062,88.374,141.555,2.451,256,1,0.231469
1513,steady,385.536739,385.783175,246.436,14.085,88.422,141.434,2.467,256,1,0.256973
1514,steady,385.783236,386.029297,246.061,13.760,88.330,141.493,2.450,256,1,0.164779
1515,steady,386.029353,386.275325,245.972,13.431,88.524,141.486,2.503,256,1,0.248423
1516,steady,386.275386,386.521871,246.484,14.077,88.429,141.512,2.437,256,1,0.253556
1517,steady,386.521930,386.768201,246.271,13.768,88.336,141.426,2.710,256,1,0.206755
1518,steady,386.768276,387.014593,246.316,13.850,88.448,141.541,2.448,256,1,0.233850
1519,steady,387.014650,387.261242,246.592,13.935,88.456,141.302,2.868,256,1,0.208497
1520,steady,387.261328,387.507881,246.552,13.838,88.503,141.497,2.681,256,1,0.238874
1521,steady,387.507957,387.754156,246.199,13.907,88.346,141.426,2.491,256,1,0.198904
1522,steady,387.754213,388.000832,246.619,14.209,88.449,141.440,2.492,256,1,0.273246
1523,steady,388.000898,388.246783,245.885,13.410,88.420,141.543,2.482,256,1,0.196812
1524,steady,388.246843,388.493804,246.961,14.604,88.309,141.602,2.421,256,1,0.235787
1525,steady,388.493862,388.740334,246.472,14.137,88.399,141.424,2.486,256,1,0.246416
1526,steady,388.740394,388.986539,246.145,13.574,88.454,141.464,2.625,256,1,0.187952
1527,steady,388.986610,389.233513,246.903,14.600,88.323,141.476,2.476,256,1,0.291757
1528,steady,389.233572,389.479840,246.268,13.944,88.466,141.392,2.438,256,1,0.184341
1529,steady,389.479897,389.726098,246.201,13.834,88.461,141.379,2.497,256,1,0.220417
1530,steady,389.726160,389.972976,246.816,14.497,88.364,141.440,2.486,256,1,0.243295
1531,steady,389.973033,390.219166,246.133,13.660,88.391,141.558,2.489,256,1,0.318022
1532,steady,390.219226,390.465368,246.142,13.867,88.402,141.392,2.455,256,1,0.247566
1533,steady,390.465425,390.712201,246.776,14.364,88.457,141.437,2.489,256,1,0.279983
1534,steady,390.712263,390.959043,246.780,14.467,88.499,141.353,2.432,256,1,0.187761
1535,steady,390.959112,391.206005,246.893,14.474,88.434,141.472,2.485,256,1,0.239550
1536,steady,391.206066,391.452962,246.896,14.579,88.388,141.450,2.449,256,1,0.216565
1537,steady,391.453021,391.699921,246.899,14.506,88.459,141.429,2.475,256,1,0.231098
1538,steady,391.699978,391.947661,247.683,15.263,88.470,141.470,2.451,256,1,0.241885
1539,steady,391.947717,392.193863,246.146,13.829,88.334,141.456,2.500,256,1,0.200930
1540,steady,392.193922,392.441658,247.736,15.307,88.441,141.519,2.440,256,1,0.277846
1541,steady,392.441720,392.688616,246.895,14.386,88.505,141.514,2.461,256,1,0.250835
1542,steady,392.688677,392.935092,246.415,14.138,88.338,141.476,2.435,256,1,0.185475
1543,steady,392.935151,393.181514,246.363,14.051,88.284,141.506,2.495,256,1,0.259732
1544,steady,393.181575,393.427716,246.141,13.884,88.346,141.466,2.416,256,1,0.243725
1545,steady,393.427773,393.674721,246.948,14.552,88.440,141.464,2.464,256,1,0.194131
1546,steady,393.674780,393.920935,246.155,13.770,88.386,141.465,2.506,256,1,0.197270
1547,steady,393.920997,394.167152,246.155,13.755,88.480,141.411,2.480,256,1,0.206471
1548,steady,394.167216,394.413270,246.054,13.778,88.371,141.411,2.465,256,1,0.211695
1549,steady,394.413332,394.659969,246.636,14.248,88.419,141.481,2.461,256,1,0.255207
1550,steady,394.660029,394.906730,246.702,14.234,88.450,141.515,2.475,256,1,0.244847
1551,steady,394.906878,395.153895,247.017,14.485,88.429,141.523,2.547,256,1,0.241869
1552,steady,395.153962,395.400907,246.945,14.388,88.414,141.616,2.497,256,1,0.199233
1553,steady,395.400968,395.647544,246.576,14.053,88.458,141.568,2.465,256,1,0.200727
1554,steady,395.647606,395.894351,246.745,14.361,88.417,141.470,2.468,256,1,0.224954
1555,steady,395.894411,396.141489,247.077,14.612,88.524,141.404,2.505,256,1,0.235098
1556,steady,396.141549,396.388143,246.594,14.138,88.439,141.479,2.507,256,1,0.239850
1557,steady,396.388206,396.635149,246.943,14.572,88.349,141.544,2.447,256,1,0.283914
1558,steady,396.635212,396.881843,246.631,14.194,88.413,141.531,2.465,256,1,0.211490
1559,steady,396.881901,397.127790,245.889,13.507,88.436,141.464,2.456,256,1,0.213517
1560,steady,397.127848,397.373937,246.088,13.820,88.373,141.432,2.433,256,1,0.255579
1561,steady,397.373994,397.621014,247.021,14.572,88.428,141.514,2.481,256,1,0.221182
1562,steady,397.621074,397.867856,246.782,14.489,88.391,141.426,2.448,256,1,0.301433
1563,steady,397.867914,398.114508,246.594,14.222,88.410,141.475,2.459,256,1,0.217960
1564,steady,398.114566,398.361127,246.560,13.977,88.579,141.521,2.456,256,1,0.235423
1565,steady,398.361185,398.607872,246.687,14.244,88.446,141.516,2.454,256,1,0.264145
1566,steady,398.607931,398.854158,246.227,13.711,88.543,141.511,2.436,256,1,0.274947
1567,steady,398.854217,399.100766,246.549,14.066,88.374,141.626,2.457,256,1,0.207768
1568,steady,399.100824,399.347134,246.311,13.840,88.533,141.479,2.431,256,1,0.288256
1569,steady,399.347190,399.593734,246.544,14.163,88.393,141.516,2.446,256,1,0.200032
1570,steady,399.593792,399.841291,247.499,14.913,88.493,141.627,2.439,256,1,0.199495
1571,steady,399.841350,400.087656,246.306,13.961,88.357,141.422,2.538,256,1,0.205589
1572,steady,400.087720,400.334300,246.580,14.051,88.362,141.668,2.472,256,1,0.268986
1573,steady,400.334357,400.580695,246.338,13.931,88.334,141.588,2.458,256,1,0.237974
1574,steady,400.580774,400.826631,245.857,13.536,88.365,141.501,2.427,256,1,0.238194
1575,steady,400.826689,401.073117,246.428,13.983,88.443,141.518,2.458,256,1,0.250302
1576,steady,401.073176,401.319830,246.654,14.086,88.448,141.691,2.403,256,1,0.278460
1577,steady,401.319885,401.566505,246.620,14.160,88.381,141.643,2.409,256,1,0.298251
1578,steady,401.566562,401.813470,246.908,14.429,88.434,141.555,2.465,256,1,0.259956
1579,steady,401.813528,402.060276,246.749,14.314,88.529,141.423,2.456,256,1,0.224322
1580,steady,402.060334,402.307274,246.940,14.488,88.448,141.508,2.470,256,1,0.314299
1581,steady,402.307333,402.553780,246.448,13.984,88.423,141.560,2.454,256,1,0.208794
1582,steady,402.553836,402.799879,246.044,13.724,88.299,141.561,2.434,256,1,0.272889
1583,steady,402.799938,403.046537,246.599,14.162,88.494,141.477,2.440,256,1,0.210888
1584,steady,403.046595,403.293133,246.538,14.065,88.507,141.495,2.443,256,1,0.288148
1585,steady,403.293189,403.539875,246.686,14.285,88.444,141.491,2.438,256,1,0.276796
1586,steady,403.539932,403.786274,246.342,14.066,88.433,141.369,2.447,256,1,0.240738
1587,steady,403.786331,404.032774,246.444,14.052,88.436,141.454,2.475,256,1,0.232692
1588,steady,404.032833,404.279241,246.408,14.081,88.382,141.518,2.401,256,1,0.219701
1589,steady,404.279300,404.526178,246.877,14.510,88.404,141.511,2.427,256,1,0.232085
1590,steady,404.526236,404.772585,246.349,14.026,88.456,141.386,2.455,256,1,0.200345
1591,steady,404.772642,405.019476,246.834,14.127,88.715,141.517,2.448,256,1,0.248680
1592,steady,405.019533,405.265780,246.247,13.755,88.459,141.545,2.462,256,1,0.287520
1593,steady,405.265838,405.512567,246.729,14.389,88.402,141.450,2.463,256,1,0.214045
1594,steady,405.512624,405.759383,246.759,14.275,88.407,141.617,2.434,256,1,0.221000
1595,steady,405.759440,406.006284,246.844,14.322,88.425,141.617,2.454,256,1,0.249295
1596,steady,406.006343,406.253091,246.747,14.197,88.567,141.506,2.452,256,1,0.210791
1597,steady,406.253149,406.499883,246.734,14.235,88.454,141.591,2.427,256,1,0.286717
1598,steady,406.499941,406.746291,246.351,14.134,88.362,141.387,2.442,256,1,0.260750
1599,steady,406.746349,406.993540,247.191,14.726,88.428,141.599,2.414,256,1,0.298049
1600,steady,406.993598,407.240280,246.682,14.158,88.353,141.709,2.437,256,1,0.220628
1601,steady,407.240409,407.486744,246.335,13.877,88.449,141.573,2.406,256,1,0.275496
1602,steady,407.486802,407.733502,246.700,14.122,88.500,141.619,2.432,256,1,0.251233
1603,steady,407.733560,407.980094,246.534,14.061,88.399,141.582,2.466,256,1,0.229478
1604,steady,407.980152,408.226733,246.581,14.197,88.464,141.433,2.460,256,1,0.185242
1605,steady,408.226790,408.473177,246.387,13.990,88.502,141.414,2.454,256,1,0.230416
1606,steady,408.473235,408.719439,246.205,13.876,88.408,141.463,2.431,256,1,0.241957
1607,steady,408.719498,408.966683,247.185,14.626,88.508,141.561,2.463,256,1,0.207702
1608,steady,408.966741,409.213499,246.758,14.352,88.330,141.613,2.437,256,1,0.225859
1609,steady,409.213557,409.460094,246.537,14.178,88.474,141.411,2.448,256,1,0.208779
1610,steady,409.460149,409.706997,246.848,14.384,88.460,141.517,2.460,256,1,0.265295
1611,steady,409.707054,409.953367,246.313,13.739,88.423,141.627,2.498,256,1,0.187389
1612,steady,409.953426,410.200455,247.029,14.389,88.425,141.657,2.531,256,1,0.216369
1613,steady,410.200518,410.447966,247.448,14.837,88.527,141.633,2.426,256,1,0.216854
1614,steady,410.448025,410.696762,248.737,16.156,88.475,141.581,2.499,256,1,0.287273
1615,steady,410.696822,410.943429,246.608,14.002,88.549,141.594,2.435,256,1,0.315453
1616,steady,410.943488,411.189927,246.439,14.065,88.398,141.508,2.442,256,1,0.226974
1617,steady,411.189985,411.436513,246.528,14.119,88.314,141.633,2.436,256,1,0.228650
1618,steady,411.436572,411.683179,246.607,14.087,88.533,141.548,2.412,256,1,0.240086
1619,steady,411.683236,411.929621,246.385,13.950,88.429,141.518,2.463,256,1,0.276798
1620,steady,411.929679,412.177437,247.758,15.358,88.379,141.525,2.470,256,1,0.211764
1621,steady,412.177496,412.424185,246.689,14.260,88.399,141.546,2.458,256,1,0.196187
1622,steady,412.424244,412.671044,246.800,14.346,88.385,141.598,2.444,256,1,0.241897
1623,steady,412.671113,412.917504,246.391,13.679,88.549,141.695,2.440,256,1,0.229022
1624,steady,412.917563,413.164154,246.591,14.136,88.471,141.512,2.446,256,1,0.203610
1625,steady,413.164213,413.410375,246.162,13.715,88.458,141.483,2.478,256,1,0.171220
1626,steady,413.410435,413.656498,246.063,13.482,88.440,141.662,2.453,256,1,0.261297
1627,steady,413.656557,413.902837,246.280,13.839,88.438,141.497,2.480,256,1,0.236909
1628,steady,413.902896,414.148994,246.098,13.582,88.507,141.502,2.479,256,1,0.208356
1629,steady,414.149052,414.395665,246.613,14.021,88.456,141.642,2.468,256,1,0.227590
1630,steady,414.395724,414.643130,247.407,14.960,88.383,141.600,2.435,256,1,0.198473
1631,steady,414.643188,414.889594,246.406,13.843,88.431,141.633,2.473,256,1,0.208340
1632,steady,414.889653,415.135706,246.053,13.659,88.440,141.468,2.460,256,1,0.219595
1633,steady,415.135766,415.382477,246.711,14.290,88.420,141.490,2.484,256,1,0.226451
1634,steady,415.382538,415.629309,246.770,14.443,88.410,141.513,2.379,256,1,0.249471
1635,steady,415.629365,415.875633,246.268,13.853,88.422,141.562,2.404,256,1,0.212271
1636,steady,415.875692,416.122214,246.522,13.949,88.562,141.538,2.446,256,1,0.156868
1637,steady,416.122272,416.368846,246.574,14.059,88.452,141.557,2.480,256,1,0.199809
1638,steady,416.368904,416.615356,246.452,13.823,88.422,141.768,2.412,256,1,0.255908
1639,steady,416.615414,416.862202,246.788,13.891,88.481,141.693,2.695,256,1,0.257077
1640,steady,416.862275,417.109117,246.842,14.129,88.482,141.754,2.447,256,1,0.294475
1641,steady,417.109174,417.356273,247.098,14.240,88.443,141.577,2.808,256,1,0.222872
1642,steady,417.356353,417.602957,246.603,14.112,88.381,141.558,2.521,256,1,0.240731
1643,steady,417.603020,417.850486,247.466,15.277,88.318,141.387,2.457,256,1,0.160262
1644,steady,417.850546,418.096886,246.340,13.882,88.503,141.434,2.494,256,1,0.243915
1645,steady,418.096946,418.343509,246.564,13.988,88.493,141.584,2.472,256,1,0.306746
1646,steady,418.343568,418.590193,246.625,14.179,88.502,141.466,2.451,256,1,0.277447
1647,steady,418.590252,418.836822,246.570,14.084,88.452,141.572,2.437,256,1,0.189749
1648,steady,418.836880,419.083655,246.775,14.436,88.369,141.485,2.459,256,1,0.221963
1649,steady,419.083713,419.330639,246.925,14.387,88.534,141.535,2.443,256,1,0.230588
1650,steady,419.330697,419.577340,246.643,14.252,88.454,141.462,2.450,256,1,0.183270
1651,steady,419.577467,419.823958,246.491,14.067,88.340,141.599,2.455,256,1,0.226094
1652,steady,419.824017,420.070252,246.235,13.850,88.385,141.495,2.477,256,1,0.232830
1653,steady,420.070311,420.316597,246.287,13.978,88.399,141.397,2.487,256,1,0.247946
1654,steady,420.316657,420.563382,246.725,14.240,88.470,141.518,2.471,256,1,0.353460
1655,steady,420.563440,420.809461,246.021,13.542,88.424,141.565,2.462,256,1,0.259323
1656,steady,420.809519,421.056016,246.497,14.028,88.412,141.574,2.457,256,1,0.263525
1657,steady,421.056074,421.302533,246.460,14.033,88.497,141.470,2.434,256,1,0.225371
1658,steady,421.302591,421.548718,246.127,13.744,88.363,141.540,2.454,256,1,0.274091
1659,steady,421.548774,421.795384,246.609,14.204,88.424,141.543,2.410,256,1,0.320549
1660,steady,421.795443,422.042542,247.099,14.634,88.488,141.463,2.487,256,1,0.234946
1661,steady,422.042601,422.289185,246.584,14.197,88.422,141.489,2.448,256,1,0.217902
1662,steady,422.289241,422.535858,246.616,14.198,88.342,141.610,2.439,256,1,0.177896
1663,steady,422.535915,422.782432,246.517,14.082,88.437,141.545,2.427,256,1,0.221149
1664,steady,422.782487,423.028643,246.157,13.789,88.279,141.626,2.436,256,1,0.281130
1665,steady,423.028701,423.275152,246.451,14.047,88.400,141.566,2.410,256,1,0.229564
1666,steady,423.275208,423.521991,246.783,14.190,88.579,141.563,2.425,256,1,0.218356
1667,steady,423.522047,423.768572,246.525,14.120,88.463,141.509,2.407,256,1,0.186938
1668,steady,423.768630,424.014971,246.341,13.952,88.333,141.583,2.446,256,1,0.251363
1669,steady,424.015028,424.261816,246.789,14.479,88.334,141.529,2.420,256,1,0.235047
1670,steady,424.261875,424.508286,246.411,13.902,88.449,141.607,2.427,256,1,0.239012
1671,steady,424.508342,424.754912,246.570,14.026,88.412,141.666,2.439,256,1,0.253851
1672,steady,424.754969,425.001718,246.749,14.248,88.514,141.566,2.394,256,1,0.245388
1673,steady,425.001775,425.248752,246.977,14.461,88.379,141.623,2.484,256,1,0.342669
1674,steady,425.248813,425.495460,246.647,14.246,88.439,141.540,2.395,256,1,0.201193
1675,steady,425.495516,425.741456,245.940,13.649,88.349,141.492,2.423,256,1,0.200284
1676,steady,425.741514,425.987602,246.088,13.686,88.393,141.540,2.439,256,1,0.196208
1677,steady,425.987661,426.234539,246.878,14.317,88.455,141.601,2.479,256,1,0.220335
1678,steady,426.234599,426.481308,246.709,14.086,88.543,141.624,2.428,256,1,0.258813
1679,steady,426.481366,426.728089,246.723,14.089,88.575,141.579,2.454,256,1,0.219196
1680,steady,426.728149,426.974683,246.534,13.877,88.568,141.659,2.404,256,1,0.232556
1681,steady,426.974739,427.221436,246.697,14.177,88.414,141.617,2.461,256,1,0.246465
1682,steady,427.221494,427.467629,246.135,13.819,88.367,141.521,2.400,256,1,0.180898
1683,steady,427.467685,427.714028,246.343,13.916,88.403,141.559,2.438,256,1,0.222821
1684,steady,427.714083,427.960620,246.537,14.024,88.387,141.657,2.443,256,1,0.193087
1685,steady,427.960678,428.207182,246.505,13.861,88.411,141.761,2.445,256,1,0.247298
1686,steady,428.207242,428.453482,246.241,13.763,88.403,141.657,2.390,256,1,0.224994
1687,steady,428.453542,428.699725,246.183,13.814,88.390,141.533,2.419,256,1,0.189822
1688,steady,428.699784,428.945722,245.938,13.459,88.479,141.567,2.407,256,1,0.255175
1689,steady,428.945777,429.193448,247.670,15.055,88.461,141.698,2.430,256,1,0.210210
1690,steady,429.193507,429.439519,246.012,13.607,88.440,141.509,2.431,256,1,0.222797
1691,steady,429.439575,429.687920,248.345,15.839,88.455,141.577,2.446,256,1,0.245581
1692,steady,429.687977,429.935247,247.269,14.681,88.445,141.697,2.419,256,1,0.208256
1693,steady,429.935303,430.184367,249.063,16.614,88.418,141.543,2.461,256,1,0.172413
1694,steady,430.184428,430.430777,246.349,13.949,88.411,141.475,2.486,256,1,0.185187
1695,steady,430.430842,430.677532,246.690,14.176,88.393,141.602,2.491,256,1,0.200345
1696,steady,430.677592,430.924202,246.610,14.097,88.418,141.618,2.448,256,1,0.235930
1697,steady,430.924263,431.170739,246.476,13.848,88.541,141.593,2.461,256,1,0.265043
1698,steady,431.170801,431.417400,246.599,13.947,88.474,141.700,2.450,256,1,0.252831
1699,steady,431.417460,431.663934,246.474,13.764,88.521,141.691,2.471,256,1,0.210202
1700,steady,431.663999,431.911183,247.184,14.405,88.613,141.692,2.442,256,1,0.174870
1701,steady,431.911309,432.158255,246.946,14.288,88.390,141.783,2.455,256,1,0.231670
1702,steady,432.158314,432.404834,246.520,13.831,88.599,141.567,2.498,256,1,0.188877
1703,steady,432.404894,432.651597,246.703,14.254,88.460,141.519,2.441,256,1,0.199115
1704,steady,432.651657,432.898088,246.430,13.914,88.455,141.617,2.415,256,1,0.223338
1705,steady,432.898145,433.145073,246.928,14.205,88.523,141.655,2.519,256,1,0.214678
1706,steady,433.145132,433.392068,246.935,14.357,88.464,141.671,2.416,256,1,0.200573
1707,steady,433.392127,433.639545,247.418,14.952,88.499,141.507,2.433,256,1,0.181469
1708,steady,433.639602,433.886173,246.571,13.935,88.544,141.597,2.466,256,1,0.192365
1709,steady,433.886232,434.133328,247.096,14.453,88.535,141.631,2.449,256,1,0.235157
1710,steady,434.133384,434.379948,246.564,13.978,88.528,141.592,2.439,256,1,0.162906
1711,steady,434.380008,434.626988,246.980,14.353,88.508,141.623,2.468,256,1,0.211035
1712,steady,434.627056,434.873771,246.715,14.194,88.520,141.521,2.449,256,1,0.221419
1713,steady,434.873831,435.120295,246.464,13.743,88.487,141.764,2.442,256,1,0.208313
1714,steady,435.120353,435.366776,246.423,13.766,88.456,141.687,2.486,256,1,0.196662
1715,steady,435.366839,435.613417,246.578,13.971,88.455,141.682,2.443,256,1,0.178230
1716,steady,435.613475,435.860281,246.805,14.242,88.439,141.665,2.433,256,1,0.267113
1717,steady,435.860337,436.107141,246.804,14.161,88.497,141.670,2.448,256,1,0.203496
1718,steady,436.107201,436.354168,246.967,14.272,88.445,141.776,2.446,256,1,0.212898
1719,steady,436.354227,436.601065,246.838,14.155,88.539,141.655,2.462,256,1,0.149528
1720,steady,436.601125,436.848428,247.304,14.283,88.613,141.902,2.478,256,1,0.211813
1721,steady,436.848484,437.095245,246.760,14.009,88.483,141.772,2.469,256,1,0.270289
1722,steady,437.095304,437.342708,247.403,14.627,88.529,141.762,2.459,256,1,0.240942
1723,steady,437.342764,437.589443,246.679,13.881,88.528,141.786,2.458,256,1,0.231173
1724,steady,437.589502,437.836887,247.385,14.787,88.431,141.674,2.467,256,1,0.248839
1725,steady,437.836946,438.083547,246.601,13.904,88.540,141.668,2.462,256,1,0.201389
1726,steady,438.083607,438.330010,246.403,13.805,88.458,141.645,2.467,256,1,0.226046
1727,steady,438.330068,438.576627,246.558,13.982,88.509,141.592,2.449,256,1,0.224131
1728,steady,438.576686,438.823535,246.849,14.165,88.468,141.752,2.436,256,1,0.243560
1729,steady,438.823594,439.070819,247.224,14.537,88.485,141.733,2.441,256,1,0.212177
1730,steady,439.070877,439.317456,246.579,14.025,88.435,141.650,2.441,256,1,0.204289
1731,steady,439.317514,439.564538,247.024,14.220,88.562,141.747,2.468,256,1,0.232647
1732,steady,439.564599,439.811591,246.992,14.158,88.588,141.709,2.508,256,1,0.165955
1733,steady,439.811654,440.059040,247.387,14.617,88.529,141.769,2.443,256,1,0.196138
1734,steady,440.059096,440.306283,247.187,14.238,88.516,141.959,2.437,256,1,0.218287
1735,steady,440.306339,440.553575,247.236,14.355,88.628,141.738,2.488,256,1,0.241962
1736,steady,440.553637,440.800424,246.787,14.120,88.525,141.696,2.419,256,1,0.221330
1737,steady,440.800482,441.047898,247.416,14.643,88.487,141.821,2.436,256,1,0.290828
1738,steady,441.047956,441.294398,246.442,13.808,88.461,141.732,2.413,256,1,0.265541
1739,steady,441.294458,441.541303,246.845,13.920,88.628,141.805,2.464,256,1,0.212043
1740,steady,441.541362,441.788242,246.880,14.099,88.564,141.720,2.468,256,1,0.256363
1741,steady,441.788302,442.035482,247.180,14.452,88.498,141.748,2.455,256,1,0.173728
1742,steady,442.035542,442.282735,247.194,14.083,88.665,141.937,2.480,256,1,0.221694
1743,steady,442.282794,442.529571,246.777,14.125,88.534,141.649,2.442,256,1,0.214079
1744,steady,442.529628,442.776231,246.603,13.918,88.524,141.708,2.428,256,1,0.236801
1745,steady,442.776288,443.023288,247.000,14.333,88.523,141.689,2.428,256,1,0.241828
1746,steady,443.023345,443.270202,246.856,14.081,88.588,141.745,2.410,256,1,0.244411
1747,steady,443.270260,443.517454,247.194,14.297,88.568,141.875,2.427,256,1,0.252778
1748,steady,443.517512,443.764518,247.005,14.232,88.570,141.743,2.436,256,1,0.205464
1749,steady,443.764575,444.011813,247.238,14.318,88.593,141.856,2.443,256,1,0.213721
1750,steady,444.011872,444.258888,247.016,14.248,88.566,141.733,2.441,256,1,0.201279
1751,steady,444.259016,444.505832,246.816,13.984,88.502,141.847,2.455,256,1,0.268620
1752,steady,444.505888,444.752559,246.670,13.728,88.558,141.868,2.488,256,1,0.208658
1753,steady,444.752618,445.000921,248.302,15.467,88.435,141.872,2.498,256,1,0.190154
1754,steady,445.000980,445.248203,247.223,14.346,88.603,141.794,2.448,256,1,0.242442
1755,steady,445.248263,445.495597,247.334,14.340,88.606,141.886,2.472,256,1,0.217448
1756,steady,445.495660,445.742545,246.885,14.039,88.514,141.838,2.465,256,1,0.202823
1757,steady,445.742603,445.990182,247.579,14.777,88.580,141.741,2.454,256,1,0.213074
1758,steady,445.990244,446.237377,247.132,14.414,88.539,141.719,2.433,256,1,0.232644
1759,steady,446.237435,446.485689,248.254,15.437,88.474,141.882,2.436,256,1,0.252901
1760,steady,446.485746,446.732675,246.928,13.854,88.620,141.708,2.721,256,1,0.199802
1761,steady,446.732746,446.979948,247.203,14.369,88.493,141.859,2.453,256,1,0.249560
1762,steady,446.980007,447.227549,247.542,14.085,88.491,142.108,2.828,256,1,0.250008
1763,steady,447.227633,447.474727,247.095,14.049,88.503,141.855,2.654,256,1,0.176627
1764,steady,447.474799,447.721938,247.138,14.236,88.604,141.812,2.460,256,1,0.187138
1765,steady,447.721997,447.968859,246.862,14.058,88.461,141.848,2.468,256,1,0.174739
1766,steady,447.968939,448.216217,247.278,14.298,88.533,141.961,2.454,256,1,0.204965
1767,steady,448.216274,448.463086,246.812,13.990,88.562,141.750,2.482,256,1,0.193974
1768,steady,448.463155,448.710432,247.277,14.469,88.522,141.812,2.447,256,1,0.259999
1769,steady,448.710490,448.957624,247.134,14.410,88.609,141.627,2.461,256,1,0.182654
1770,steady,448.957686,449.204483,246.797,14.039,88.505,141.767,2.457,256,1,0.190364
1771,steady,449.204545,449.451397,246.852,14.130,88.459,141.785,2.448,256,1,0.173341
1772,steady,449.451459,449.698868,247.409,14.597,88.489,141.841,2.450,256,1,0.207209
1773,steady,449.698925,449.946108,247.183,14.186,88.490,142.003,2.478,256,1,0.202239
1774,steady,449.946166,450.195222,249.055,16.029,88.609,141.915,2.475,256,1,0.265399
1775,steady,450.195281,450.441991,246.710,13.803,88.488,141.956,2.437,256,1,0.253565
1776,steady,450.442048,450.690933,248.885,15.867,88.480,142.011,2.500,256,1,0.187158
1777,steady,450.690999,450.938196,247.197,14.246,88.549,141.950,2.423,256,1,0.225496
1778,steady,450.938252,451.187175,248.923,16.030,88.568,141.861,2.438,256,1,0.206615
1779,steady,451.187231,451.434263,247.032,14.013,88.543,142.009,2.440,256,1,0.313356
1780,steady,451.434319,451.683237,248.918,15.975,88.699,141.778,2.441,256,1,0.217828
1781,steady,451.683296,451.930115,246.819,13.927,88.502,141.936,2.428,256,1,0.228951
1782,steady,451.930172,452.178003,247.832,14.764,88.651,141.938,2.454,256,1,0.216266
1783,steady,452.178061,452.424887,246.826,13.979,88.468,141.903,2.448,256,1,0.157012
1784,steady,452.424942,452.672031,247.088,14.247,88.531,141.856,2.428,256,1,0.186018
1785,steady,452.672088,452.919233,247.145,14.157,88.620,141.920,2.421,256,1,0.256108
1786,steady,452.919290,453.166124,246.833,13.842,88.536,141.996,2.431,256,1,0.257976
1787,steady,453.166180,453.413047,246.866,13.849,88.655,141.944,2.398,256,1,0.227946
1788,steady,453.413104,453.659850,246.747,13.970,88.521,141.785,2.451,256,1,0.168001
1789,steady,453.659909,453.906558,246.650,13.691,88.531,141.952,2.457,256,1,0.276812
1790,steady,453.906615,454.153509,246.894,13.676,88.610,142.044,2.544,256,1,0.333744
1791,steady,454.153568,454.400596,247.028,14.221,88.485,141.849,2.454,256,1,0.193343
1792,steady,454.400653,454.648057,247.405,14.391,88.658,141.889,2.447,256,1,0.179047
1793,steady,454.648116,454.894726,246.610,13.535,88.565,141.995,2.495,256,1,0.195037
1794,steady,454.894784,455.142768,247.985,14.756,88.651,142.061,2.498,256,1,0.244733
1795,steady,455.142828,455.390111,247.283,14.539,88.501,141.795,2.428,256,1,0.208480
1796,steady,455.390168,455.637645,247.477,14.336,88.639,141.996,2.485,256,1,0.264396
1797,steady,455.637703,455.885450,247.747,14.817,88.542,141.932,2.432,256,1,0.286532
1798,steady,455.885508,456.133006,247.498,14.548,88.531,141.859,2.534,256,1,0.193778
1799,steady,456.133068,456.380018,246.950,13.976,88.510,141.988,2.449,256,1,0.251906
1800,steady,456.380078,456.626995,246.917,13.985,88.572,141.854,2.478,256,1,0.279487
1801,steady,456.627135,456.874145,247.010,13.877,88.621,142.003,2.479,256,1,0.205848
1802,steady,456.874205,457.121817,247.613,14.374,88.639,142.081,2.492,256,1,0.208436
1803,steady,457.121880,457.368726,246.846,13.911,88.504,141.935,2.467,256,1,0.207528
1804,steady,457.368785,457.617938,249.154,16.090,88.578,141.983,2.476,256,1,0.211086
1805,steady,457.617996,457.864840,246.844,13.778,88.528,141.995,2.517,256,1,0.258907
1806,steady,457.864899,458.111523,246.625,13.579,88.562,142.002,2.453,256,1,0.242933
1807,steady,458.111583,458.358500,246.917,14.064,88.550,141.824,2.448,256,1,0.219364
1808,steady,458.358558,458.605835,247.277,13.944,88.680,142.163,2.464,256,1,0.329749
1809,steady,458.605891,458.853055,247.164,14.145,88.572,141.962,2.459,256,1,0.223737
1810,steady,458.853112,459.099988,246.876,13.691,88.579,142.105,2.474,256,1,0.286273
1811,steady,459.100046,459.347452,247.406,14.518,88.513,141.926,2.423,256,1,0.206388
1812,steady,459.347509,459.594324,246.814,13.800,88.532,142.012,2.444,256,1,0.243897
1813,steady,459.594381,459.841852,247.471,14.568,88.523,141.899,2.455,256,1,0.169992
1814,steady,459.841911,460.088577,246.665,13.762,88.596,141.807,2.471,256,1,0.222658
1815,steady,460.088633,460.336934,248.301,15.143,88.632,142.021,2.478,256,1,0.210091
1816,steady,460.336993,460.584247,247.253,14.035,88.692,142.002,2.499,256,1,0.208627
1817,steady,460.584306,460.832253,247.947,14.802,88.592,142.066,2.461,256,1,0.220233
1818,steady,460.832314,461.079646,247.332,14.124,88.662,142.075,2.444,256,1,0.223513
1819,steady,461.079703,461.326889,247.185,14.236,88.564,141.917,2.442,256,1,0.237292
1820,steady,461.326945,461.573686,246.742,13.700,88.583,141.959,2.473,256,1,0.198014
1821,steady,461.573747,461.821124,247.377,14.338,88.551,141.982,2.476,256,1,0.235504
1822,steady,461.821184,462.068415,247.230,14.137,88.712,141.891,2.462,256,1,0.225667
1823,steady,462.068472,462.315696,247.224,13.882,88.799,142.029,2.486,256,1,0.233763
1824,steady,462.315758,462.563042,247.284,14.128,88.594,142.057,2.473,256,1,0.180405
1825,steady,462.563114,462.810501,247.388,14.298,88.545,142.070,2.441,256,1,0.228045
1826,steady,462.810559,463.057333,246.774,13.808,88.547,141.941,2.451,256,1,0.233704
1827,steady,463.057392,463.304284,246.893,13.753,88.629,142.036,2.449,256,1,0.227730
1828,steady,463.304341,463.551611,247.270,14.033,88.571,142.169,2.469,256,1,0.179968
1829,steady,463.551673,463.798724,247.050,14.116,88.499,141.928,2.476,256,1,0.202033
1830,steady,463.798785,464.046570,247.785,14.661,88.692,141.946,2.458,256,1,0.207961
1831,steady,464.046629,464.293904,247.275,14.050,88.634,142.097,2.467,256,1,0.165200
1832,steady,464.293964,464.541473,247.509,14.440,88.611,141.963,2.467,256,1,0.155780
1833,steady,464.541536,464.788935,247.399,14.257,88.562,142.085,2.465,256,1,0.210922
1834,steady,464.788997,465.036660,247.664,14.378,88.729,142.031,2.499,256,1,0.189105
1835,steady,465.036725,465.284034,247.308,14.032,88.633,142.135,2.477,256,1,0.211267
1836,steady,465.284102,465.531332,247.230,13.915,88.671,142.146,2.466,256,1,0.217594
1837,steady,465.531393,465.779698,248.305,14.785,88.681,142.279,2.529,256,1,0.193362
1838,steady,465.779762,466.027189,247.427,14.050,88.660,142.215,2.474,256,1,0.190775
1839,steady,466.027250,466.274710,247.460,14.197,88.659,142.094,2.483,256,1,0.213472
1840,steady,466.274771,466.522782,248.011,14.807,88.621,142.098,2.459,256,1,0.240214
1841,steady,466.522839,466.769853,247.014,13.789,88.622,142.097,2.478,256,1,0.246337
1842,steady,466.769915,467.017299,247.384,14.291,88.506,142.103,2.459,256,1,0.196784
1843,steady,467.017358,467.264746,247.388,14.050,88.708,142.123,2.480,256,1,0.253177
1844,steady,467.264806,467.512133,247.328,14.212,88.677,141.988,2.424,256,1,0.225409
1845,steady,467.512193,467.759558,247.365,14.021,88.625,142.202,2.490,256,1,0.271455
1846,steady,467.759619,468.006890,247.271,14.091,88.599,142.121,2.432,256,1,0.275950
1847,steady,468.006947,468.254377,247.430,14.201,88.578,142.141,2.485,256,1,0.251879
1848,steady,468.254438,468.501900,247.462,14.054,88.703,142.249,2.430,256,1,0.229505
1849,steady,468.501959,468.749643,247.685,14.336,88.644,142.217,2.464,256,1,0.226225
1850,steady,468.749700,468.997624,247.923,14.415,88.784,142.259,2.440,256,1,0.263698
1851,steady,468.997752,469.244746,246.993,13.837,88.593,142.040,2.492,256,1,0.178564
1852,steady,469.244807,469.492985,248.178,14.818,88.660,142.162,2.512,256,1,0.162973
1853,steady,469.493052,469.740974,247.923,14.581,88.649,142.244,2.422,256,1,0.200478
1854,steady,469.741032,469.988651,247.619,13.961,88.789,142.451,2.391,256,1,0.245255
1855,steady,469.988705,470.237035,248.329,14.566,88.898,142.433,2.404,256,1,0.300031
1856,steady,470.237094,470.484500,247.406,13.880,88.789,142.317,2.393,256,1,0.243690
1857,steady,470.484556,470.731957,247.401,13.673,88.886,142.433,2.384,256,1,0.179742
1858,steady,470.732012,470.979160,247.148,13.746,88.710,142.304,2.361,256,1,0.210538
1859,steady,470.979215,471.227297,248.082,14.664,88.724,142.279,2.387,256,1,0.231884
1860,steady,471.227352,471.474648,247.296,13.855,88.705,142.314,2.396,256,1,0.258651
1861,steady,471.474699,471.721687,246.988,13.499,88.699,142.388,2.376,256,1,0.233913
1862,steady,471.721743,471.968739,246.996,13.630,88.678,142.290,2.370,256,1,0.257528
1863,steady,471.968793,472.215716,246.923,13.287,88.802,142.431,2.377,256,1,0.251054
1864,steady,472.215770,472.462762,246.992,13.619,88.703,142.222,2.423,256,1,0.245338
1865,steady,472.462818,472.709960,247.142,13.665,88.747,142.310,2.393,256,1,0.227401
1866,steady,472.710018,472.957385,247.367,13.698,88.742,142.518,2.382,256,1,0.352234
1867,steady,472.957439,473.204102,246.663,13.385,88.621,142.272,2.360,256,1,0.185242
1868,steady,473.204159,473.451490,247.330,13.852,88.789,142.262,2.400,256,1,0.224763
1869,steady,473.451544,473.698539,246.995,13.624,88.698,142.252,2.394,256,1,0.179513
1870,steady,473.698592,473.945553,246.961,13.543,88.774,142.247,2.373,256,1,0.233154
1871,steady,473.945606,474.192757,247.151,13.650,88.710,142.343,2.423,256,1,0.192883
1872,steady,474.192811,474.440971,248.160,14.672,88.713,142.337,2.410,256,1,0.200183
1873,steady,474.441027,474.688159,247.133,13.666,88.760,142.278,2.400,256,1,0.255423
1874,steady,474.688215,474.935215,247.000,13.510,88.697,142.397,2.370,256,1,0.286538
1875,steady,474.935269,475.182655,247.386,13.957,88.666,142.345,2.391,256,1,0.226657
1876,steady,475.182709,475.430150,247.441,13.696,88.924,142.391,2.404,256,1,0.191482
1877,steady,475.430204,475.677137,246.933,13.453,88.748,142.317,2.390,256,1,0.176361
1878,steady,475.677193,475.924516,247.323,13.762,88.714,142.429,2.392,256,1,0.252278
1879,steady,475.924569,476.171584,247.015,13.569,88.727,142.290,2.402,256,1,0.206192
1880,steady,476.171640,476.418540,246.900,13.350,88.729,142.368,2.427,256,1,0.291923
1881,steady,476.418595,476.665437,246.842,13.577,88.678,142.167,2.394,256,1,0.256476
1882,steady,476.665491,476.912315,246.824,13.360,88.789,142.257,2.392,256,1,0.189264
1883,steady,476.912368,477.160090,247.722,14.423,88.595,142.306,2.372,256,1,0.265122
1884,steady,477.160145,477.408337,248.193,14.913,88.611,142.222,2.421,256,1,0.215189
1885,steady,477.408392,477.655496,247.103,13.740,88.670,142.264,2.403,256,1,0.244044
1886,steady,477.655549,477.902315,246.766,13.398,88.696,142.244,2.402,256,1,0.215897
1887,steady,477.902369,478.149395,247.026,13.746,88.626,142.241,2.388,256,1,0.280907
1888,steady,478.149448,478.396272,246.825,13.524,88.772,142.085,2.418,256,1,0.226768
1889,steady,478.396328,478.643092,246.764,13.418,88.794,142.148,2.380,256,1,0.223730
1890,steady,478.643147,478.890087,246.940,13.557,88.743,142.248,2.366,256,1,0.280486
1891,steady,478.890140,479.137016,246.877,13.569,88.700,142.203,2.380,256,1,0.219788
1892,steady,479.137069,479.383575,246.505,13.377,88.611,142.085,2.407,256,1,0.174242
1893,steady,479.383629,479.630426,246.798,13.510,88.794,142.077,2.391,256,1,0.214443
1894,steady,479.630481,479.877140,246.658,13.714,88.603,141.910,2.407,256,1,0.177383
1895,steady,479.877191,480.123658,246.467,13.638,88.588,141.828,2.387,256,1,0.207600
1896,steady,480.123712,480.370094,246.383,13.421,88.568,141.967,2.400,256,1,0.217734
1897,steady,480.370146,480.616604,246.458,13.403,88.593,142.054,2.382,256,1,0.237663
1898,steady,480.616657,480.863332,246.675,13.609,88.707,141.963,2.371,256,1,0.191137
1899,steady,480.863385,481.110058,246.673,13.833,88.540,141.902,2.373,256,1,0.210487
1900,steady,481.110111,481.356846,246.736,13.739,88.592,141.939,2.439,256,1,0.265204
1901,steady,481.356969,481.603513,246.544,13.699,88.598,141.820,2.398,256,1,0.231878
1902,steady,481.603568,481.849782,246.214,13.420,88.572,141.806,2.390,256,1,0.227874
1903,steady,481.849837,482.096477,246.640,13.686,88.504,142.031,2.394,256,1,0.202082
1904,steady,482.096532,482.342950,246.418,13.679,88.519,141.764,2.432,256,1,0.196470
1905,steady,482.343003,482.589242,246.239,13.337,88.543,141.927,2.406,256,1,0.222835
1906,steady,482.589297,482.835944,246.647,13.781,88.515,141.927,2.399,256,1,0.192379
1907,steady,482.835998,483.082937,246.940,14.279,88.479,141.774,2.383,256,1,0.181894
1908,steady,483.082991,483.329494,246.502,13.689,88.545,141.823,2.419,256,1,0.145270
1909,steady,483.329549,483.576084,246.535,13.634,88.558,141.926,2.392,256,1,0.243337
1910,steady,483.576139,483.823101,246.962,14.087,88.576,141.879,2.393,256,1,0.199014
1911,steady,483.823157,484.069612,246.455,13.760,88.562,141.729,2.379,256,1,0.203180
1912,steady,484.069664,484.316235,246.570,13.644,88.581,141.920,2.399,256,1,0.190760
1913,steady,484.316289,484.562789,246.500,13.843,88.507,141.723,2.402,256,1,0.233434
1914,steady,484.562843,484.809380,246.536,13.655,88.526,141.967,2.362,256,1,0.287926
1915,steady,484.809432,485.056122,246.690,13.940,88.547,141.807,2.372,256,1,0.172251
1916,steady,485.056174,485.302848,246.674,13.788,88.582,141.889,2.390,256,1,0.172676
1917,steady,485.302901,485.549157,246.255,13.598,88.430,141.832,2.372,256,1,0.210201
1918,steady,485.549208,485.795582,246.374,13.482,88.532,141.947,2.387,256,1,0.255744
1919,steady,485.795634,486.042590,246.956,14.195,88.504,141.844,2.387,256,1,0.205478
1920,steady,486.042643,486.289052,246.409,13.487,88.622,141.858,2.417,256,1,0.221027
1921,steady,486.289106,486.535589,246.483,13.804,88.528,141.765,2.361,256,1,0.203879
1922,steady,486.535641,486.782091,246.450,13.617,88.547,141.890,2.371,256,1,0.254697
1923,steady,486.782143,487.028379,246.237,13.458,88.489,141.898,2.366,256,1,0.238186
1924,steady,487.028431,487.274626,246.195,13.365,88.596,141.798,2.410,256,1,0.228121
1925,steady,487.274680,487.523072,248.392,15.880,88.473,141.643,2.372,256,1,0.177808
1926,steady,487.523126,487.769602,246.476,13.758,88.493,141.835,2.364,256,1,0.180986
1927,steady,487.769652,488.016989,247.337,14.619,88.609,141.717,2.366,256,1,0.211287
1928,steady,488.017040,488.263224,246.184,13.417,88.552,141.816,2.374,256,1,0.245619
1929,steady,488.263276,488.509597,246.321,13.706,88.550,141.703,2.338,256,1,0.196281
1930,steady,488.509650,488.756202,246.552,13.865,88.525,141.785,2.353,256,1,0.188055
1931,steady,488.756254,489.003097,246.843,14.098,88.562,141.811,2.347,256,1,0.170909
1932,steady,489.003151,489.249590,246.439,13.598,88.605,141.826,2.385,256,1,0.229516
1933,steady,489.249641,489.495558,245.917,13.375,88.480,141.683,2.354,256,1,0.213253
1934,steady,489.495610,489.742164,246.554,13.732,88.612,141.828,2.357,256,1,0.207946
1935,steady,489.742214,489.988334,246.120,13.503,88.519,141.709,2.363,256,1,0.290557
1936,steady,489.988385,490.234659,246.275,13.528,88.493,141.867,2.362,256,1,0.191725
1937,steady,490.234709,490.481047,246.338,13.830,88.456,141.660,2.366,256,1,0.212761
1938,steady,490.481101,490.727370,246.269,13.729,88.525,141.638,2.348,256,1,0.198464
1939,steady,490.727421,490.973396,245.975,13.480,88.409,141.705,2.355,256,1,0.237883
1940,steady,490.973447,491.219491,246.044,13.502,88.535,141.609,2.372,256,1,0.218023
1941,steady,491.219543,491.465964,246.421,13.933,88.500,141.608,2.355,256,1,0.182948
1942,steady,491.466017,491.712357,246.340,13.677,88.563,141.700,2.376,256,1,0.175979
1943,steady,491.712408,491.958435,246.027,13.477,88.419,141.760,2.346,256,1,0.239998
1944,steady,491.958486,492.205034,246.548,13.771,88.613,141.802,2.336,256,1,0.217790
1945,steady,492.205085,492.451207,246.123,13.478,88.544,141.736,2.338,256,1,0.226813
1946,steady,492.451260,492.697526,246.266,13.502,88.605,141.782,2.349,256,1,0.225862
1947,steady,492.697576,492.943932,246.356,13.801,88.521,141.675,2.336,256,1,0.255745
1948,steady,492.943983,493.191767,247.784,15.240,88.497,141.689,2.332,256,1,0.165742
1949,steady,493.191820,493.437980,246.160,13.657,88.556,141.543,2.379,256,1,0.202566
1950,steady,493.438033,493.686183,248.150,15.576,88.456,141.755,2.338,256,1,0.165996
1951,steady,493.686295,493.932693,246.397,13.727,88.500,141.785,2.357,256,1,0.282853
1952,steady,493.932744,494.179275,246.532,14.009,88.591,141.573,2.333,256,1,0.250193
1953,steady,494.179328,494.425323,245.995,13.419,88.584,141.603,2.364,256,1,0.208060
1954,steady,494.425375,494.671654,246.280,13.600,88.554,141.755,2.344,256,1,0.264570
1955,steady,494.671708,494.917625,245.917,13.579,88.400,141.579,2.333,256,1,0.167328
1956,steady,494.917677,495.163574,245.897,13.342,88.435,141.743,2.352,256,1,0.191988
1957,steady,495.163625,495.410221,246.596,14.076,88.432,141.698,2.365,256,1,0.277704
1958,steady,495.410272,495.656391,246.119,13.653,88.458,141.615,2.367,256,1,0.228469
1959,steady,495.656442,495.902727,246.285,13.754,88.463,141.689,2.354,256,1,0.174980
1960,steady,495.902779,496.148905,246.126,13.708,88.420,141.618,2.355,256,1,0.219775
1961,steady,496.148955,496.394853,245.898,13.600,88.374,141.516,2.383,256,1,0.204735
1962,steady,496.394905,496.641705,246.800,14.419,88.485,141.516,2.354,256,1,0.200876
1963,steady,496.641758,496.887797,246.039,13.699,88.384,141.588,2.343,256,1,0.152429
1964,steady,496.887850,497.133781,245.932,13.433,88.438,141.679,2.356,256,1,0.249947
1965,steady,497.133834,497.380369,246.536,14.032,88.523,141.582,2.375,256,1,0.206973
1966,steady,497.380421,497.626934,246.514,14.075,88.493,141.572,2.350,256,1,0.180431
1967,steady,497.626985,497.872825,245.840,13.294,88.499,141.650,2.372,256,1,0.160015
1968,steady,497.872876,498.118680,245.804,13.369,88.544,141.514,2.352,256,1,0.158848
1969,steady,498.118730,498.364636,245.906,13.465,88.436,141.604,2.377,256,1,0.288693
1970,steady,498.364685,498.610614,245.929,13.423,88.430,141.695,2.356,256,1,0.194800
1971,steady,498.610664,498.856813,246.149,13.718,88.473,141.571,2.361,256,1,0.227675
1972,steady,498.856863,499.103068,246.206,13.665,88.476,141.687,2.352,256,1,0.205060
1973,steady,499.103120,499.348995,245.875,13.614,88.402,141.438,2.395,256,1,0.198259
1974,steady,499.349046,499.594816,245.770,13.316,88.399,141.691,2.340,256,1,0.185444
1975,steady,499.594867,499.840569,245.701,13.393,88.389,141.542,2.352,256,1,0.201850
1976,steady,499.840620,500.086425,245.805,13.314,88.476,141.653,2.338,256,1,0.204878
1977,steady,500.086476,500.332417,245.941,13.444,88.427,141.664,2.380,256,1,0.195291
1978,steady,500.332466,500.578628,246.162,13.843,88.432,141.513,2.349,256,1,0.172346
1979,steady,500.578679,500.824504,245.825,13.479,88.435,141.561,2.324,256,1,0.222519
1980,steady,500.824554,501.070760,246.205,13.828,88.425,141.576,2.349,256,1,0.211228
1981,steady,501.070811,501.316767,245.956,13.526,88.498,141.511,2.395,256,1,0.194820
1982,steady,501.316818,501.562712,245.893,13.633,88.313,141.536,2.386,256,1,0.197070
1983,steady,501.562762,501.808841,246.079,13.574,88.454,141.675,2.350,256,1,0.267103
1984,steady,501.808893,502.055241,246.348,13.852,88.498,141.625,2.347,256,1,0.245243
1985,steady,502.055292,502.301295,246.004,13.622,88.451,141.524,2.381,256,1,0.231500
1986,steady,502.301348,502.547325,245.977,13.411,88.579,141.591,2.371,256,1,0.155328
1987,steady,502.547377,502.793365,245.988,13.509,88.445,141.656,2.352,256,1,0.173993
1988,steady,502.793416,503.040011,246.595,14.200,88.458,141.539,2.373,256,1,0.184319
1989,steady,503.040065,503.286472,246.407,13.851,88.605,141.520,2.405,256,1,0.186557
1990,steady,503.286524,503.533311,246.787,14.326,88.494,141.579,2.362,256,1,0.167652
1991,steady,503.533363,503.779138,245.775,13.535,88.386,141.470,2.360,256,1,0.146452
1992,steady,503.779191,504.025279,246.088,13.868,88.369,141.473,2.351,256,1,0.208180
1993,steady,504.025330,504.271054,245.725,13.292,88.448,141.581,2.377,256,1,0.264218
1994,steady,504.271107,504.518288,247.181,14.771,88.443,141.588,2.353,256,1,0.282077
1995,steady,504.518340,504.764296,245.956,13.615,88.351,141.597,2.367,256,1,0.149068
1996,steady,504.764346,505.010555,246.209,13.961,88.439,141.417,2.366,256,1,0.199990
1997,steady,505.010606,505.257054,246.448,13.846,88.414,141.762,2.401,256,1,0.211544
1998,steady,505.257106,505.503186,246.080,13.642,88.413,141.628,2.371,256,1,0.280734
1999,steady,505.503238,505.749746,246.507,14.001,88.355,141.759,2.366,256,1,0.217688
2000,steady,505.749797,505.996303,246.506,14.317,88.364,141.447,2.353,256,1,0.226527
2001,steady,505.996419,506.242807,246.388,14.034,88.470,141.454,2.401,256,1,0.161489
2002,steady,506.242858,506.488854,245.997,13.324,88.577,141.704,2.366,256,1,0.249687
2003,steady,506.488906,506.735556,246.650,14.258,88.438,141.563,2.364,256,1,0.211921
2004,steady,506.735608,506.981877,246.268,13.841,88.426,141.616,2.359,256,1,0.228178
2005,steady,506.981927,507.227999,246.072,13.461,88.506,141.714,2.364,256,1,0.219989
2006,steady,507.228051,507.474186,246.135,13.680,88.415,141.656,2.357,256,1,0.264608
2007,steady,507.474237,507.720436,246.199,13.692,88.517,141.604,2.361,256,1,0.175341
2008,steady,507.720488,507.966744,246.256,13.829,88.395,141.639,2.368,256,1,0.230865
2009,steady,507.966796,508.212522,245.726,13.469,88.346,141.509,2.378,256,1,0.163859
2010,steady,508.212574,508.458514,245.940,13.474,88.438,141.635,2.369,256,1,0.238565
2011,steady,508.458565,508.704685,246.120,13.621,88.474,141.633,2.369,256,1,0.252908
2012,steady,508.704736,508.950582,245.846,13.523,88.468,141.470,2.360,256,1,0.164309
2013,steady,508.950633,509.196659,246.025,13.747,88.332,141.559,2.362,256,1,0.222914
2014,steady,509.196711,509.442552,245.841,13.507,88.435,141.470,2.404,256,1,0.184203
2015,steady,509.442605,509.688536,245.931,13.587,88.386,141.574,2.358,256,1,0.193982
2016,steady,509.688586,509.934721,246.136,13.788,88.416,141.536,2.371,256,1,0.176227
2017,steady,509.934774,510.181183,246.410,13.948,88.472,141.612,2.352,256,1,0.218380
2018,steady,510.181237,510.427282,246.045,13.551,88.474,141.618,2.376,256,1,0.178815
2019,steady,510.427334,510.673160,245.826,13.609,88.295,141.530,2.365,256,1,0.200400
2020,steady,510.673211,510.919312,246.101,13.786,88.420,141.511,2.359,256,1,0.153590
2021,steady,510.919364,511.165198,245.833,13.486,88.351,141.613,2.357,256,1,0.217298
2022,steady,511.165247,511.411419,246.172,13.567,88.528,141.676,2.375,256,1,0.210127
2023,steady,511.411471,511.657577,246.105,13.823,88.315,141.584,2.357,256,1,0.205130
2024,steady,511.657628,511.903547,245.918,13.364,88.391,141.783,2.355,256,1,0.235777
2025,steady,511.903599,512.149632,246.033,13.636,88.411,141.595,2.366,256,1,0.181470
2026,steady,512.149685,512.395768,246.083,13.508,88.526,141.648,2.377,256,1,0.245700
2027,steady,512.395821,512.641714,245.893,13.417,88.521,141.570,2.358,256,1,0.258093
2028,steady,512.641767,512.890109,248.341,15.793,88.605,141.563,2.355,256,1,0.216341
2029,steady,512.890161,513.136344,246.183,13.871,88.388,141.549,2.351,256,1,0.256774
2030,steady,513.136398,513.384706,248.308,15.840,88.426,141.614,2.402,256,1,0.173262
2031,steady,513.384758,513.630904,246.146,13.843,88.377,141.530,2.369,256,1,0.221025
2032,steady,513.630958,513.876814,245.856,13.507,88.455,141.519,2.349,256,1,0.207748
2033,steady,513.876867,514.122998,246.131,13.719,88.445,141.573,2.370,256,1,0.229171
2034,steady,514.123058,514.368744,245.686,13.491,88.371,141.389,2.408,256,1,0.128022
2035,steady,514.368795,514.614737,245.942,13.457,88.457,141.641,2.362,256,1,0.135244
2036,steady,514.614789,514.860822,246.033,13.662,88.517,141.453,2.376,256,1,0.239586
2037,steady,514.860874,515.106690,245.816,13.489,88.351,141.585,2.364,256,1,0.189500
2038,steady,515.106743,515.352769,246.026,13.609,88.441,141.512,2.439,256,1,0.177821
2039,steady,515.352821,515.599134,246.313,13.583,88.381,141.495,2.825,256,1,0.190840
2040,steady,515.599215,515.845901,246.686,14.313,88.436,141.556,2.352,256,1,0.190453
2041,steady,515.845953,516.091976,246.023,13.728,88.456,141.438,2.375,256,1,0.256190
2042,steady,516.092027,516.339643,247.616,15.182,88.440,141.607,2.360,256,1,0.259212
2043,steady,516.339696,516.586249,246.553,14.133,88.476,141.576,2.342,256,1,0.236737
2044,steady,516.586300,516.832351,246.050,13.885,88.410,141.380,2.349,256,1,0.181555
2045,steady,516.832401,517.079679,247.278,14.806,88.426,141.686,2.335,256,1,0.145600
2046,steady,517.079729,517.325850,246.121,13.704,88.429,141.633,2.330,256,1,0.205906
2047,steady,517.325900,517.572117,246.217,13.974,88.464,141.406,2.347,256,1,0.152237
2048,steady,517.572168,517.818388,246.220,13.720,88.457,141.672,2.344,256,1,0.237876
2049,steady,517.818436,518.064834,246.398,13.934,88.405,141.698,2.335,256,1,0.319499
2050,steady,518.064884,518.310878,245.994,13.670,88.369,141.599,2.330,256,1,0.154207
2051,steady,518.310992,518.557686,246.693,14.344,88.415,141.587,2.316,256,1,0.197719
2052,steady,518.557735,518.804356,246.621,14.234,88.474,141.549,2.338,256,1,0.172782
2053,steady,518.804404,519.051183,246.779,14.430,88.418,141.552,2.349,256,1,0.185192
2054,steady,519.051233,519.298079,246.846,14.407,88.460,141.630,2.320,256,1,0.194968
2055,steady,519.298127,519.544065,245.938,13.626,88.413,141.533,2.339,256,1,0.192460
2056,steady,519.544116,519.805858,261.743,29.310,88.477,141.594,2.336,256,1,0.142222
2057,steady,519.805907,520.064886,258.980,26.644,88.447,141.498,2.364,256,1,0.242556
2058,steady,520.064935,520.311047,246.112,13.919,88.356,141.477,2.329,256,1,0.198325
2059,steady,520.311096,520.557898,246.802,14.494,88.375,141.573,2.332,256,1,0.189881
2060,steady,520.557947,520.804189,246.242,13.904,88.454,141.538,2.319,256,1,0.218574
2061,steady,520.804239,521.050931,246.692,14.410,88.455,141.458,2.342,256,1,0.258661
2062,steady,521.050982,521.297110,246.128,13.642,88.577,141.543,2.339,256,1,0.140702
2063,steady,521.297161,521.543685,246.525,14.206,88.370,141.583,2.338,256,1,0.158615
2064,steady,521.543735,521.790139,246.404,13.968,88.501,141.574,2.334,256,1,0.205213
2065,steady,521.790188,522.037144,246.956,14.627,88.517,141.450,2.335,256,1,0.130289
2066,steady,522.037194,522.284143,246.948,14.352,88.601,141.651,2.317,256,1,0.155883
2067,steady,522.284193,522.531035,246.841,14.695,88.338,141.444,2.335,256,1,0.216124
2068,steady,522.531093,522.777286,246.193,13.923,88.312,141.598,2.330,256,1,0.211494
2069,steady,522.777336,523.023070,245.734,13.394,88.411,141.575,2.327,256,1,0.274418
2070,steady,523.023120,523.269264,246.144,13.832,88.392,141.552,2.344,256,1,0.221093
2071,steady,523.269313,523.515334,246.021,13.678,88.409,141.583,2.326,256,1,0.196807
2072,steady,523.515384,523.761188,245.804,13.469,88.373,141.586,2.349,256,1,0.218069
2073,steady,523.761238,524.008874,247.635,15.328,88.412,141.530,2.339,256,1,0.231711
2074,steady,524.008924,524.255047,246.123,13.873,88.406,141.465,2.353,256,1,0.150017
2075,steady,524.255106,524.501626,246.521,14.228,88.407,141.525,2.334,256,1,0.240943
2076,steady,524.501678,524.748018,246.340,14.055,88.348,141.583,2.328,256,1,0.161061
2077,steady,524.748069,524.994448,246.379,14.204,88.251,141.564,2.333,256,1,0.145578
2078,steady,524.994497,525.240534,246.037,13.586,88.456,141.631,2.338,256,1,0.229494
2079,steady,525.240583,525.486736,246.153,13.927,88.358,141.509,2.336,256,1,0.189844
2080,steady,525.486785,525.733119,246.334,14.065,88.334,141.558,2.353,256,1,0.234012
2081,steady,525.733169,525.982121,248.952,16.574,88.448,141.586,2.319,256,1,0.230815
2082,steady,525.982170,526.228569,246.399,14.060,88.484,141.464,2.367,256,1,0.172752
2083,steady,526.228619,526.474333,245.714,13.281,88.387,141.662,2.357,256,1,0.229166
2084,steady,526.474383,526.720408,246.025,13.650,88.442,141.575,2.333,256,1,0.197845
2085,steady,526.720457,526.966396,245.939,13.604,88.344,141.615,2.352,256,1,0.141658
2086,steady,526.966445,527.212430,245.986,13.621,88.365,141.591,2.384,256,1,0.240518
2087,steady,527.212483,527.459247,246.764,14.335,88.494,141.543,2.366,256,1,0.208423
2088,steady,527.459298,527.705499,246.200,13.788,88.372,141.634,2.381,256,1,0.250990
2089,steady,527.705548,527.951814,246.266,14.082,88.345,141.473,2.341,256,1,0.185615
2090,steady,527.951866,528.197863,245.997,13.527,88.415,141.671,2.358,256,1,0.231841
2091,steady,528.197913,528.444041,246.128,13.954,88.391,141.414,2.344,256,1,0.221841
2092,steady,528.444089,528.690198,246.109,13.900,88.368,141.455,2.359,256,1,0.215022
2093,steady,528.690247,528.936173,245.927,13.637,88.413,141.499,2.352,256,1,0.223394
2094,steady,528.936222,529.182570,246.347,14.043,88.403,141.503,2.373,256,1,0.196074
2095,steady,529.182618,529.428664,246.046,13.859,88.355,141.437,2.369,256,1,0.224183
2096,steady,529.428713,529.675588,246.876,14.445,88.399,141.634,2.373,256,1,0.244204
2097,steady,529.675640,529.922442,246.802,14.287,88.405,141.686,2.399,256,1,0.216767
2098,steady,529.922493,530.168567,246.074,13.734,88.435,141.531,2.350,256,1,0.203904
2099,steady,530.168616,530.414872,246.256,13.887,88.533,141.475,2.337,256,1,0.180889
2100,steady,530.414923,530.661632,246.709,14.440,88.339,141.542,2.361,256,1,0.228378
2101,steady,530.661746,530.907923,246.178,13.917,88.365,141.494,2.372,256,1,0.211062
2102,steady,530.907973,531.154025,246.052,13.947,88.290,141.435,2.353,256,1,0.149400
2103,steady,531.154073,531.400194,246.120,13.718,88.390,141.624,2.363,256,1,0.201054
2104,steady,531.400243,531.646578,246.335,14.033,88.389,141.518,2.370,256,1,0.197760
2105,steady,531.646628,531.892889,246.260,13.740,88.532,141.577,2.386,256,1,0.269395
2106,steady,531.892938,532.139226,246.289,14.045,88.389,141.447,2.382,256,1,0.189174
2107,steady,532.139277,532.385685,246.408,13.942,88.458,141.643,2.339,256,1,0.312244
2108,steady,532.385734,532.632270,246.536,14.146,88.360,141.640,2.365,256,1,0.174839
2109,steady,532.632319,532.879001,246.681,14.385,88.375,141.524,2.372,256,1,0.189058
2110,steady,532.879060,533.125546,246.486,14.001,88.438,141.662,2.358,256,1,0.187455
2111,steady,533.125594,533.371374,245.779,13.444,88.402,141.554,2.354,256,1,0.207179
2112,steady,533.371424,533.617845,246.421,13.969,88.396,141.667,2.363,256,1,0.216733
2113,steady,533.617893,533.864007,246.114,13.798,88.375,141.557,2.358,256,1,0.186790
2114,steady,533.864057,534.110794,246.737,14.310,88.440,141.568,2.391,256,1,0.168596
2115,steady,534.110845,534.356809,245.964,13.568,88.403,141.607,2.359,256,1,0.153289
2116,steady,534.356860,534.603000,246.140,13.798,88.356,141.630,2.330,256,1,0.248215
2117,steady,534.603048,534.849446,246.397,14.010,88.385,141.612,2.355,256,1,0.196859
2118,steady,534.849494,535.095492,245.997,13.624,88.441,141.534,2.373,256,1,0.228236
2119,steady,535.095542,535.342081,246.538,14.153,88.377,141.636,2.346,256,1,0.187448
2120,steady,535.342130,535.588903,246.774,14.274,88.464,141.448,2.561,256,1,0.171700
2121,steady,535.588967,535.835219,246.252,13.798,88.497,141.553,2.376,256,1,0.157473
2122,steady,535.835270,536.081502,246.232,13.894,88.399,141.553,2.360,256,1,0.260676
2123,steady,536.081552,536.327499,245.947,13.728,88.397,141.426,2.371,256,1,0.169727
2124,steady,536.327550,536.573360,245.810,13.347,88.508,141.562,2.366,256,1,0.175167
2125,steady,536.573410,536.819014,245.605,13.286,88.393,141.539,2.360,256,1,0.236139
2126,steady,536.819071,537.065497,246.427,14.018,88.418,141.596,2.368,256,1,0.314404
2127,steady,537.065546,537.311771,246.225,13.790,88.379,141.665,2.363,256,1,0.182879
2128,steady,537.311822,537.557887,246.065,13.771,88.357,141.542,2.367,256,1,0.214429
2129,steady,537.557936,537.804447,246.511,14.113,88.419,141.595,2.359,256,1,0.189374
2130,steady,537.804498,538.052048,247.550,15.357,88.368,141.444,2.355,256,1,0.186520
2131,steady,538.052097,538.298422,246.325,13.950,88.420,141.595,2.335,256,1,0.163488
2132,steady,538.298471,538.544422,245.952,13.662,88.415,141.513,2.337,256,1,0.178777
2133,steady,538.544472,538.790638,246.166,13.580,88.429,141.767,2.366,256,1,0.227658
2134,steady,538.790687,539.037934,247.247,14.771,88.409,141.669,2.373,256,1,0.227556
2135,steady,539.037985,539.284611,246.626,14.370,88.406,141.444,2.381,256,1,0.229017
2136,steady,539.284660,539.531079,246.419,14.018,88.504,141.515,2.356,256,1,0.195215
2137,steady,539.531129,539.778286,247.157,14.738,88.441,141.578,2.374,256,1,0.166340
2138,steady,539.778335,540.024516,246.181,13.869,88.381,141.559,2.347,256,1,0.186143
2139,steady,540.024565,540.271044,246.478,13.908,88.479,141.734,2.333,256,1,0.236500
2140,steady,540.271099,540.518383,247.284,14.802,88.439,141.666,2.350,256,1,0.317618
2141,steady,540.518432,540.764421,245.989,13.756,88.288,141.569,2.351,256,1,0.218314
2142,steady,540.764470,541.010943,246.473,14.119,88.396,141.578,2.354,256,1,0.155685
2143,steady,541.010995,541.257059,246.064,13.729,88.476,141.458,2.375,256,1,0.169314
2144,steady,541.257107,541.503665,246.558,14.142,88.477,141.583,2.332,256,1,0.189167
2145,steady,541.503713,541.750044,246.331,13.910,88.432,141.592,2.372,256,1,0.169991
2146,steady,541.750093,541.996628,246.535,14.070,88.486,141.569,2.385,256,1,0.230682
2147,steady,541.996677,542.242824,246.147,13.640,88.410,141.681,2.390,256,1,0.170521
2148,steady,542.242873,542.490307,247.433,15.010,88.559,141.454,2.386,256,1,0.192563
2149,steady,542.490357,542.737113,246.756,14.250,88.522,141.587,2.373,256,1,0.171240
2150,steady,542.737164,542.983326,246.163,13.766,88.434,141.561,2.378,256,1,0.216782
2151,steady,542.983447,543.229857,246.411,13.829,88.562,141.594,2.397,256,1,0.208518
2152,steady,543.229907,543.476098,246.191,13.597,88.552,141.636,2.382,256,1,0.247617
2153,steady,543.476151,543.722251,246.100,13.863,88.398,141.420,2.393,256,1,0.192192
2154,steady,543.722304,543.968189,245.885,13.477,88.381,141.624,2.377,256,1,0.185079
2155,steady,543.968243,544.216836,248.593,16.266,88.439,141.465,2.397,256,1,0.252461
2156,steady,544.216887,544.463429,246.542,14.228,88.366,141.547,2.374,256,1,0.241799
2157,steady,544.463483,544.710140,246.658,14.312,88.431,141.523,2.365,256,1,0.188905
2158,steady,544.710193,544.956605,246.412,13.995,88.467,141.578,2.346,256,1,0.172640
2159,steady,544.956658,545.202900,246.242,13.837,88.431,141.563,2.385,256,1,0.215287
2160,steady,545.202951,545.448974,246.023,13.667,88.398,141.585,2.348,256,1,0.185419
2161,steady,545.449027,545.695186,246.159,13.913,88.373,141.485,2.361,256,1,0.218042
2162,steady,545.695238,545.941824,246.585,14.138,88.470,141.533,2.417,256,1,0.157946
2163,steady,545.941877,546.187995,246.118,13.761,88.309,141.627,2.394,256,1,0.156123
2164,steady,546.188048,546.434429,246.381,13.821,88.436,141.714,2.384,256,1,0.195190
2165,steady,546.434482,546.680436,245.954,13.671,88.356,141.553,2.348,256,1,0.229578
2166,steady,546.680490,546.926565,246.075,13.656,88.525,141.503,2.365,256,1,0.233830
2167,steady,546.926616,547.173002,246.385,13.934,88.375,141.693,2.358,256,1,0.223983
2168,steady,547.173054,547.419226,246.172,13.766,88.483,141.533,2.363,256,1,0.212978
2169,steady,547.419277,547.665271,245.994,13.691,88.313,141.565,2.399,256,1,0.196692
2170,steady,547.665324,547.911745,246.421,13.861,88.412,141.725,2.397,256,1,0.222572
2171,steady,547.911801,548.157986,246.185,13.762,88.457,141.541,2.396,256,1,0.226357
2172,steady,548.158038,548.404460,246.422,14.061,88.467,141.481,2.387,256,1,0.180553
2173,steady,548.404511,548.650783,246.272,13.904,88.432,141.570,2.341,256,1,0.218922
2174,steady,548.650835,548.896781,245.946,13.561,88.435,141.557,2.367,256,1,0.177244
2175,steady,548.896831,549.143511,246.680,14.119,88.505,141.665,2.365,256,1,0.266236
2176,steady,549.143563,549.389711,246.148,13.722,88.378,141.664,2.358,256,1,0.212445
2177,steady,549.389762,549.636695,246.933,14.567,88.374,141.595,2.372,256,1,0.178846
2178,steady,549.636747,549.882813,246.066,13.528,88.468,141.643,2.403,256,1,0.213281
2179,steady,549.882864,550.129158,246.294,13.782,88.472,141.621,2.394,256,1,0.176657
2180,steady,550.129208,550.375857,246.650,14.355,88.328,141.561,2.380,256,1,0.207996
2181,steady,550.375908,550.621911,246.003,13.568,88.434,141.610,2.366,256,1,0.210081
2182,steady,550.621963,550.868456,246.493,13.783,88.513,141.791,2.381,256,1,0.191294
2183,steady,550.868507,551.114712,246.205,13.739,88.478,141.579,2.385,256,1,0.133747
2184,steady,551.114763,551.363370,248.607,16.181,88.417,141.611,2.373,256,1,0.206013
2185,steady,551.363422,551.609533,246.111,13.726,88.421,141.573,2.365,256,1,0.176948
2186,steady,551.609583,551.855748,246.165,13.555,88.459,141.734,2.392,256,1,0.247322
2187,steady,551.855797,552.101783,245.986,13.639,88.428,141.510,2.384,256,1,0.155062
2188,steady,552.101833,552.347823,245.989,13.617,88.369,141.613,2.363,256,1,0.164311
2189,steady,552.347873,552.594120,246.247,13.753,88.381,141.721,2.366,256,1,0.251212
2190,steady,552.594171,552.840355,246.185,13.724,88.464,141.592,2.379,256,1,0.229428
2191,steady,552.840405,553.086514,246.109,13.572,88.493,141.637,2.382,256,1,0.193806
2192,steady,553.086566,553.333484,246.918,14.351,88.507,141.658,2.376,256,1,0.179552
2193,steady,553.333534,553.579782,246.248,13.779,88.360,141.708,2.374,256,1,0.239027
2194,steady,553.579833,553.826028,246.195,13.714,88.436,141.616,2.404,256,1,0.178154
2195,steady,553.826079,554.072658,246.579,13.872,88.560,141.751,2.369,256,1,0.253007
2196,steady,554.072709,554.319180,246.471,13.794,88.565,141.730,2.357,256,1,0.210081
2197,steady,554.319231,554.565493,246.261,13.850,88.412,141.636,2.338,256,1,0.244209
2198,steady,554.565542,554.811602,246.059,13.444,88.478,141.771,2.341,256,1,0.260369
2199,steady,554.811653,555.058092,246.438,13.941,88.397,141.736,2.338,256,1,0.245507
2200,steady,555.058142,555.304176,246.034,13.536,88.453,141.667,2.353,256,1,0.213874
2201,steady,555.304288,555.551087,246.799,14.374,88.352,141.686,2.358,256,1,0.209814
2202,steady,555.551138,555.797310,246.173,13.757,88.446,141.588,2.354,256,1,0.174387
2203,steady,555.797360,556.044845,247.484,14.876,88.518,141.713,2.353,256,1,0.205143
2204,steady,556.044894,556.290790,245.896,13.391,88.393,141.716,2.370,256,1,0.219975
2205,steady,556.290842,556.537188,246.345,13.807,88.435,141.718,2.359,256,1,0.245016
2206,steady,556.537238,556.783430,246.192,13.669,88.556,141.602,2.340,256,1,0.198183
2207,steady,556.783482,557.029821,246.339,13.736,88.470,141.740,2.366,256,1,0.208854
2208,steady,557.029871,557.276215,246.344,13.929,88.493,141.560,2.337,256,1,0.160666
2209,steady,557.276265,557.522347,246.082,13.783,88.417,141.474,2.382,256,1,0.245648
2210,steady,557.522396,557.768777,246.381,13.781,88.415,141.800,2.359,256,1,0.202625
2211,steady,557.768828,558.014887,246.058,13.558,88.435,141.672,2.368,256,1,0.206716
2212,steady,558.014936,558.261328,246.392,13.863,88.536,141.611,2.355,256,1,0.247071
2213,steady,558.261378,558.507601,246.223,13.840,88.376,141.644,2.337,256,1,0.186559
2214,steady,558.507653,558.753962,246.310,13.848,88.362,141.739,2.335,256,1,0.206123
2215,steady,558.754014,558.999708,245.694,13.200,88.483,141.641,2.345,256,1,0.199690
2216,steady,558.999758,559.245892,246.134,13.826,88.390,141.546,2.346,256,1,0.191509
2217,steady,559.245944,559.492679,246.735,14.208,88.526,141.594,2.382,256,1,0.175181
2218,steady,559.492730,559.738643,245.913,13.494,88.390,141.630,2.374,256,1,0.197482
2219,steady,559.738692,559.985085,246.392,14.056,88.352,141.613,2.347,256,1,0.239946
2220,steady,559.985135,560.231287,246.152,13.516,88.551,141.703,2.355,256,1,0.216087
2221,steady,560.231338,560.478175,246.837,14.418,88.409,141.615,2.368,256,1,0.177930
2222,steady,560.478226,560.724506,246.280,13.718,88.529,141.669,2.339,256,1,0.246001
2223,steady,560.724557,560.970959,246.402,13.752,88.439,141.846,2.340,256,1,0.239683
2224,steady,560.971011,561.216960,245.949,13.433,88.464,141.696,2.329,256,1,0.189880
2225,steady,561.217011,561.463268,246.258,13.829,88.518,141.542,2.343,256,1,0.173721
2226,steady,561.463319,561.709346,246.027,13.441,88.521,141.683,2.357,256,1,0.190620
2227,steady,561.709397,561.955653,246.257,13.654,88.466,141.728,2.384,256,1,0.251778
2228,steady,561.955705,562.201855,246.149,13.637,88.380,141.753,2.352,256,1,0.207635
2229,steady,562.201906,562.447981,246.075,13.551,88.495,141.663,2.339,256,1,0.178132
2230,steady,562.448030,562.695526,247.496,15.030,88.542,141.552,2.346,256,1,0.199405
2231,steady,562.695576,562.941520,245.944,13.659,88.402,141.471,2.384,256,1,0.149063
2232,steady,562.941570,563.201826,260.256,27.816,88.421,141.617,2.374,256,1,0.188496
2233,steady,563.201878,563.448099,246.221,13.754,88.541,141.525,2.374,256,1,0.172891
2234,steady,563.448150,563.696115,247.965,15.466,88.529,141.585,2.358,256,1,0.161975
2235,steady,563.696166,563.942336,246.170,13.628,88.521,141.612,2.383,256,1,0.232604
2236,steady,563.942387,564.190518,248.131,15.528,88.436,141.787,2.355,256,1,0.204424
2237,steady,564.190569,564.436629,246.060,13.453,88.611,141.620,2.350,256,1,0.181826
2238,steady,564.436681,564.685445,248.763,16.305,88.494,141.602,2.337,256,1,0.183503
2239,steady,564.685495,564.931726,246.232,13.599,88.495,141.770,2.341,256,1,0.256695
2240,steady,564.931778,565.180166,248.388,15.871,88.511,141.620,2.358,256,1,0.152515
2241,steady,565.180218,565.426497,246.279,13.722,88.431,141.752,2.348,256,1,0.173288
2242,steady,565.426550,565.673042,246.493,13.999,88.494,141.619,2.355,256,1,0.208034
2243,steady,565.673092,565.920153,247.062,14.604,88.432,141.620,2.379,256,1,0.161201
2244,steady,565.920204,566.166532,246.328,13.744,88.499,141.716,2.343,256,1,0.148698
2245,steady,566.166581,566.412741,246.160,13.542,88.546,141.675,2.373,256,1,0.230973
2246,steady,566.412790,566.658985,246.195,13.578,88.596,141.663,2.332,256,1,0.187432
2247,steady,566.659035,566.905396,246.362,13.853,88.495,141.654,2.336,256,1,0.208267
2248,steady,566.905446,567.151567,246.121,13.709,88.403,141.623,2.359,256,1,0.195418
2249,steady,567.151619,567.403947,252.329,19.831,88.441,141.677,2.354,256,1,0.183794
2250,steady,567.403999,567.651238,247.239,14.501,88.528,141.848,2.338,256,1,0.215402
2251,steady,567.651357,567.897445,246.088,13.455,88.505,141.747,2.352,256,1,0.130682
2252,steady,567.897494,568.143618,246.125,13.438,88.472,141.849,2.341,256,1,0.191636
2253,steady,568.143669,568.390137,246.468,13.872,88.388,141.793,2.390,256,1,0.209030
2254,steady,568.390187,568.636223,246.035,13.531,88.461,141.691,2.327,256,1,0.172822
2255,steady,568.636274,568.882426,246.153,13.514,88.404,141.817,2.392,256,1,0.201154
2256,steady,568.882477,569.128968,246.490,13.683,88.603,141.843,2.337,256,1,0.238443
2257,steady,569.129017,569.375530,246.513,13.928,88.475,141.738,2.347,256,1,0.261360
2258,steady,569.375581,569.622046,246.465,13.762,88.533,141.746,2.398,256,1,0.190106
2259,steady,569.622096,569.868834,246.738,14.139,88.514,141.659,2.400,256,1,0.181626
2260,steady,569.868886,570.115471,246.585,13.826,88.576,141.786,2.373,256,1,0.179568
2261,steady,570.115524,570.361887,246.363,13.597,88.505,141.869,2.366,256,1,0.191151
2262,steady,570.361940,570.608389,246.449,13.895,88.461,141.719,2.348,256,1,0.182511
2263,steady,570.608442,570.854739,246.297,13.672,88.509,141.735,2.356,256,1,0.230008
2264,steady,570.854790,571.101347,246.557,13.876,88.491,141.789,2.374,256,1,0.214382
2265,steady,571.101402,571.347787,246.385,13.769,88.552,141.674,2.362,256,1,0.240895
2266,steady,571.347840,571.594538,246.698,14.070,88.497,141.767,2.340,256,1,0.195996
2267,steady,571.594589,571.841136,246.547,13.705,88.487,141.923,2.404,256,1,0.224074
2268,steady,571.841189,572.087263,246.073,13.391,88.553,141.736,2.366,256,1,0.172841
2269,steady,572.087318,572.334025,246.707,13.954,88.535,141.817,2.376,256,1,0.208674
2270,steady,572.334075,572.580209,246.134,13.610,88.494,141.657,2.347,256,1,0.169070
2271,steady,572.580261,572.826453,246.191,13.499,88.577,141.729,2.360,256,1,0.177771
2272,steady,572.826504,573.072764,246.260,13.487,88.464,141.916,2.366,256,1,0.191420
2273,steady,573.072814,573.319520,246.706,14.076,88.556,141.690,2.359,256,1,0.255831
2274,steady,573.319571,573.565951,246.380,13.615,88.434,141.963,2.342,256,1,0.213710
2275,steady,573.566001,573.812464,246.463,13.654,88.586,141.829,2.367,256,1,0.149993
2276,steady,573.812516,574.058837,246.321,13.633,88.535,141.793,2.333,256,1,0.220294
2277,steady,574.058888,574.305562,246.674,13.931,88.584,141.789,2.344,256,1,0.212575
2278,steady,574.305613,574.551739,246.126,13.338,88.527,141.890,2.346,256,1,0.194942
2279,steady,574.551791,574.797958,246.167,13.409,88.525,141.871,2.337,256,1,0.269348
2280,steady,574.798010,575.046512,248.502,15.788,88.524,141.819,2.346,256,1,0.175393
2281,steady,575.046562,575.292885,246.323,13.633,88.543,141.763,2.358,256,1,0.195303
2282,steady,575.292934,575.539298,246.364,13.651,88.500,141.844,2.342,256,1,0.204263
2283,steady,575.539348,575.786297,246.949,14.281,88.480,141.814,2.349,256,1,0.205244
2284,steady,575.786347,576.032522,246.175,13.346,88.500,141.924,2.380,256,1,0.226249
2285,steady,576.032573,576.279128,246.554,13.862,88.584,141.720,2.363,256,1,0.156978
2286,steady,576.279180,576.525583,246.404,13.764,88.463,141.783,2.370,256,1,0.192639
2287,steady,576.525634,576.771784,246.150,13.444,88.550,141.786,2.344,256,1,0.248145
2288,steady,576.771835,577.018083,246.248,13.491,88.564,141.810,2.357,256,1,0.221316
2289,steady,577.018134,577.264655,246.521,13.749,88.555,141.843,2.348,256,1,0.225266
2290,steady,577.264707,577.511071,246.364,13.611,88.507,141.876,2.339,256,1,0.259069
2291,steady,577.511123,577.757520,246.397,13.704,88.434,141.869,2.363,256,1,0.219208
2292,steady,577.757570,578.004377,246.807,13.945,88.477,142.008,2.351,256,1,0.161026
2293,steady,578.004426,578.250796,246.371,13.611,88.546,141.820,2.367,256,1,0.172880
2294,steady,578.250848,578.497581,246.733,13.980,88.493,141.897,2.337,256,1,0.226934
2295,steady,578.497630,578.746605,248.975,16.157,88.541,141.906,2.345,256,1,0.176563
2296,steady,578.746655,578.993598,246.943,14.001,88.788,141.784,2.346,256,1,0.212286
2297,steady,578.993648,579.240212,246.564,13.886,88.543,141.776,2.335,256,1,0.169828
2298,steady,579.240262,579.486685,246.423,13.888,88.546,141.615,2.348,256,1,0.162467
2299,steady,579.486736,579.758755,272.019,39.133,88.634,141.854,2.374,256,1,0.188008
2300,steady,579.758805,580.005356,246.551,13.786,88.507,141.902,2.332,256,1,0.210087
2301,steady,580.005467,580.251954,246.487,13.698,88.641,141.746,2.373,256,1,0.223558
2302,steady,580.252005,580.518976,266.972,34.455,88.499,141.647,2.345,256,1,0.149510
2303,steady,580.519028,580.765594,246.566,13.822,88.487,141.869,2.362,256,1,0.166789
2304,steady,580.765644,581.012662,247.018,14.051,88.584,141.972,2.384,256,1,0.282860
2305,steady,581.012713,581.259318,246.605,13.828,88.546,141.879,2.326,256,1,0.182317
2306,steady,581.259368,581.506261,246.893,14.029,88.611,141.879,2.348,256,1,0.187697
2307,steady,581.506311,581.753094,246.783,13.797,88.606,141.989,2.366,256,1,0.198833
2308,steady,581.753144,581.999982,246.838,13.971,88.521,141.964,2.356,256,1,0.186262
2309,steady,582.000034,582.246238,246.204,13.361,88.510,141.891,2.416,256,1,0.169752
2310,steady,582.246289,582.492896,246.607,13.750,88.609,141.851,2.372,256,1,0.254147
2311,steady,582.492946,582.739985,247.039,14.078,88.575,141.978,2.383,256,1,0.181218
2312,steady,582.740035,582.986821,246.786,13.827,88.570,141.990,2.375,256,1,0.180938
2313,steady,582.986873,583.233421,246.549,13.757,88.530,141.910,2.327,256,1,0.235206
2314,steady,583.233471,583.479937,246.466,13.711,88.475,141.914,2.340,256,1,0.163328
2315,steady,583.479988,583.726753,246.764,13.828,88.550,141.992,2.368,256,1,0.178170
2316,steady,583.726802,583.973505,246.703,13.919,88.448,141.969,2.341,256,1,0.165131
2317,steady,583.973556,584.220196,246.640,13.722,88.518,142.003,2.372,256,1,0.183057
2318,steady,584.220246,584.466740,246.494,13.517,88.564,142.021,2.367,256,1,0.225734
2319,steady,584.466791,584.713692,246.901,14.007,88.539,141.993,2.337,256,1,0.227364
2320,steady,584.713741,584.960225,246.483,13.712,88.491,141.875,2.381,256,1,0.231063
2321,steady,584.960277,585.206947,246.670,13.669,88.535,142.097,2.343,256,1,0.243799
2322,steady,585.206997,585.453484,246.487,13.408,88.671,142.040,2.340,256,1,0.196892
2323,steady,585.453534,585.699849,246.316,13.620,88.551,141.710,2.408,256,1,0.149895
2324,steady,585.699900,585.946159,246.259,13.295,88.550,141.996,2.392,256,1,0.191234
2325,steady,585.946209,586.193058,246.849,13.950,88.522,141.972,2.380,256,1,0.251791
2326,steady,586.193108,586.439830,246.723,13.725,88.576,142.065,2.332,256,1,0.246203
2327,steady,586.439882,586.686128,246.247,13.488,88.525,141.866,2.343,256,1,0.166454
2328,steady,586.686179,586.932809,246.630,13.584,88.646,141.982,2.393,256,1,0.179949
2329,steady,586.932859,587.180107,247.248,14.480,88.519,141.882,2.341,256,1,0.208503
2330,steady,587.180157,587.427046,246.889,13.803,88.621,142.069,2.369,256,1,0.271054
2331,steady,587.427105,587.673909,246.803,13.861,88.565,142.013,2.338,256,1,0.225980
2332,steady,587.673958,587.920706,246.749,13.683,88.608,142.060,2.373,256,1,0.216844
2333,steady,587.920773,588.167846,247.073,13.996,88.583,142.111,2.356,256,1,0.202802
2334,steady,588.167898,588.414760,246.862,13.775,88.659,142.068,2.335,256,1,0.215414
2335,steady,588.414811,588.661299,246.487,13.601,88.528,141.999,2.334,256,1,0.178432
2336,steady,588.661350,588.907503,246.154,13.375,88.501,141.923,2.328,256,1,0.173060
2337,steady,588.907553,589.154178,246.624,13.566,88.586,142.095,2.352,256,1,0.263783
2338,steady,589.154229,589.400743,246.515,13.490,88.590,142.047,2.347,256,1,0.194670
2339,steady,589.400794,589.647442,246.648,13.653,88.564,142.054,2.350,256,1,0.226035
2340,steady,589.647493,589.894297,246.804,13.764,88.619,142.054,2.341,256,1,0.248215
2341,steady,589.894347,590.141077,246.730,13.664,88.500,142.188,2.351,256,1,0.218827
2342,steady,590.141128,590.387704,246.576,13.502,88.639,142.070,2.340,256,1,0.209667
2343,steady,590.387754,590.634159,246.405,13.409,88.553,142.077,2.340,256,1,0.205789
2344,steady,590.634208,590.881565,247.358,14.204,88.699,142.076,2.351,256,1,0.171099
2345,steady,590.881618,591.128256,246.638,13.683,88.611,141.980,2.339,256,1,0.242603
2346,steady,591.128306,591.375034,246.727,13.729,88.550,142.071,2.352,256,1,0.231570
2347,steady,591.375095,591.621882,246.788,13.666,88.608,142.148,2.341,256,1,0.198267
2348,steady,591.621932,591.868661,246.729,13.617,88.546,142.193,2.347,256,1,0.214078
2349,steady,591.868711,592.115575,246.865,13.863,88.623,142.020,2.333,256,1,0.169088
2350,steady,592.115626,592.362619,246.993,13.810,88.681,142.108,2.367,256,1,0.231266
2351,steady,592.362732,592.609609,246.877,13.846,88.632,142.024,2.346,256,1,0.224858
2352,steady,592.609658,592.856693,247.035,14.094,88.570,142.002,2.344,256,1,0.147172
2353,steady,592.856743,593.103518,246.774,13.612,88.631,142.171,2.335,256,1,0.163374
2354,steady,593.103566,593.350169,246.603,13.544,88.561,142.117,2.355,256,1,0.142004
2355,steady,593.350220,593.597352,247.132,14.071,88.626,142.063,2.347,256,1,0.182162
2356,steady,593.597402,593.844673,247.271,14.147,88.606,142.087,2.405,256,1,0.189575
2357,steady,593.844724,594.091352,246.628,13.513,88.681,142.061,2.347,256,1,0.199879
2358,steady,594.091404,594.338567,247.163,13.905,88.655,142.225,2.351,256,1,0.190970
2359,steady,594.338617,594.585439,246.822,13.799,88.602,142.056,2.340,256,1,0.188610
2360,steady,594.585489,594.832393,246.904,13.758,88.658,142.081,2.383,256,1,0.238091
2361,steady,594.832443,595.079669,247.226,13.981,88.660,142.209,2.350,256,1,0.182743
2362,steady,595.079720,595.326783,247.063,14.019,88.586,142.105,2.327,256,1,0.194741
2363,steady,595.326833,595.573609,246.776,13.670,88.599,142.148,2.334,256,1,0.166840
2364,steady,595.573659,595.820571,246.912,13.878,88.599,142.064,2.347,256,1,0.168276
2365,steady,595.820621,596.067990,247.369,14.315,88.546,142.145,2.338,256,1,0.178886
2366,steady,596.068040,596.314852,246.812,13.642,88.694,142.103,2.347,256,1,0.254056
2367,steady,596.314901,596.561797,246.896,13.637,88.709,142.185,2.339,256,1,0.178712
2368,steady,596.561848,596.808938,247.089,13.796,88.793,142.125,2.350,256,1,0.221633
2369,steady,596.808988,597.055771,246.784,13.572,88.663,142.162,2.362,256,1,0.195006
2370,steady,597.055823,597.302945,247.123,13.900,88.671,142.191,2.336,256,1,0.142582
2371,steady,597.302995,597.550426,247.431,14.330,88.559,142.190,2.327,256,1,0.161936
2372,steady,597.550476,597.797400,246.924,13.655,88.702,142.156,2.387,256,1,0.202033
2373,steady,597.797451,598.044642,247.191,13.912,88.679,142.228,2.346,256,1,0.220307
2374,steady,598.044691,598.291098,246.407,13.204,88.652,142.189,2.337,256,1,0.152314
2375,steady,598.291151,598.538073,246.922,13.659,88.682,142.225,2.330,256,1,0.196922
2376,steady,598.538123,598.784710,246.588,13.480,88.664,142.077,2.341,256,1,0.186182
2377,steady,598.784759,599.031878,247.119,13.962,88.632,142.119,2.380,256,1,0.233909
2378,steady,599.031929,599.278636,246.707,13.371,88.695,142.275,2.341,256,1,0.186194
2379,steady,599.278686,599.525503,246.818,13.646,88.686,142.126,2.335,256,1,0.163601
2380,steady,599.525554,599.772346,246.792,13.497,88.621,142.288,2.361,256,1,0.211297
2381,steady,599.772396,600.019476,247.080,13.845,88.625,142.242,2.343,256,1,0.191381
2382,steady,600.019527,600.266145,246.617,13.519,88.562,142.147,2.365,256,1,0.191288
2383,steady,600.266195,600.514557,248.362,15.117,88.800,142.058,2.362,256,1,0.167877
2384,steady,600.514606,600.761394,246.788,13.376,88.750,142.277,2.359,256,1,0.173144
2385,steady,600.761444,601.008322,246.879,13.566,88.729,142.196,2.362,256,1,0.205895
2386,steady,601.008372,601.255623,247.251,13.761,88.851,142.250,2.363,256,1,0.213959
2387,steady,601.255674,601.502867,247.193,13.958,88.660,142.206,2.344,256,1,0.177138
2388,steady,601.502917,601.749617,246.700,13.606,88.538,142.158,2.373,256,1,0.210697
2389,steady,601.749667,601.996902,247.235,13.902,88.667,142.244,2.399,256,1,0.189575
2390,steady,601.996954,602.244031,247.077,13.847,88.648,142.188,2.371,256,1,0.249517
2391,steady,602.244083,602.490918,246.835,13.708,88.588,142.140,2.372,256,1,0.256523
2392,steady,602.490971,602.737928,246.958,13.701,88.565,142.307,2.359,256,1,0.178858
2393,steady,602.737980,602.986929,248.949,15.584,88.656,142.321,2.363,256,1,0.231359
2394,steady,602.986980,603.233479,246.499,13.378,88.580,142.169,2.348,256,1,0.163784
2395,steady,603.233530,603.480576,247.047,13.720,88.671,142.251,2.381,256,1,0.204542
2396,steady,603.480628,603.727718,247.090,13.836,88.690,142.166,2.374,256,1,0.214473
2397,steady,603.727769,603.974607,246.837,13.651,88.534,142.247,2.380,256,1,0.247111
2398,steady,603.974657,604.221887,247.229,14.147,88.542,142.138,2.376,256,1,0.198368
2399,steady,604.221939,604.468775,246.835,13.738,88.570,142.114,2.389,256,1,0.169316
2400,steady,604.468827,604.715889,247.062,13.885,88.637,142.130,2.384,256,1,0.323459
2401,steady,604.716014,604.962926,246.911,13.773,88.623,142.109,2.378,256,1,0.222196
2402,steady,604.962977,605.210169,247.192,14.047,88.603,142.149,2.370,256,1,0.255138
2403,steady,605.210220,605.457252,247.032,13.753,88.670,142.207,2.378,256,1,0.242328
2404,steady,605.457304,605.704502,247.198,14.017,88.674,142.109,2.373,256,1,0.198096
2405,steady,605.704553,605.952524,247.972,14.767,88.723,142.071,2.385,256,1,0.194604
2406,steady,605.952576,606.199769,247.193,13.749,88.801,142.231,2.388,256,1,0.238003
2407,steady,606.199821,606.446760,246.939,13.718,88.625,142.194,2.378,256,1,0.213613
2408,steady,606.446810,606.693544,246.734,13.471,88.651,142.168,2.420,256,1,0.217004
2409,steady,606.693594,606.941383,247.790,14.744,88.513,142.138,2.371,256,1,0.215000
2410,steady,606.941436,607.188274,246.838,13.577,88.661,142.189,2.386,256,1,0.278848
2411,steady,607.188325,607.436078,247.753,14.346,88.817,142.174,2.391,256,1,0.261722
2412,steady,607.436129,607.683104,246.975,13.919,88.644,142.032,2.355,256,1,0.172828
2413,steady,607.683157,607.932706,249.549,16.499,88.603,142.027,2.395,256,1,0.208464
2414,steady,607.932756,608.179906,247.150,14.168,88.659,141.924,2.375,256,1,0.224624
2415,steady,608.179957,608.426813,246.857,13.724,88.555,142.193,2.359,256,1,0.207131
2416,steady,608.426864,608.674181,247.317,13.970,88.642,142.295,2.386,256,1,0.209752
2417,steady,608.674233,608.920924,246.690,13.718,88.492,142.059,2.396,256,1,0.206838
2418,steady,608.920977,609.167787,246.810,13.798,88.572,142.060,2.355,256,1,0.199419
2419,steady,609.167839,609.414591,246.752,13.631,88.618,142.076,2.402,256,1,0.170888
2420,steady,609.414641,609.660971,246.331,13.396,88.471,142.043,2.395,256,1,0.207621
2421,steady,609.661026,609.907969,246.943,13.785,88.669,142.029,2.434,256,1,0.150713
2422,steady,609.908022,610.154750,246.728,13.714,88.572,142.036,2.381,256,1,0.165760
2423,steady,610.154802,610.401955,247.153,14.012,88.668,142.103,2.346,256,1,0.192966
2424,steady,610.402007,610.648898,246.892,13.843,88.587,142.041,2.395,256,1,0.174256
2425,steady,610.648949,610.895973,247.024,13.785,88.672,142.151,2.392,256,1,0.221036
2426,steady,610.896025,611.142843,246.817,13.681,88.593,142.152,2.366,256,1,0.202329
2427,steady,611.142893,611.389441,246.548,13.401,88.618,142.123,2.382,256,1,0.251690
2428,steady,611.389493,611.636415,246.923,13.841,88.574,142.099,2.384,256,1,0.202925
2429,steady,611.636467,611.883519,247.052,13.927,88.691,142.048,2.361,256,1,0.154626
2430,steady,611.883572,612.130533,246.961,13.777,88.566,142.226,2.367,256,1,0.264043
2431,steady,612.130584,612.377405,246.821,13.769,88.564,142.082,2.382,256,1,0.156337
2432,steady,612.377456,612.624554,247.098,13.963,88.666,142.073,2.372,256,1,0.164644
2433,steady,612.624605,612.872048,247.443,14.063,88.757,142.198,2.400,256,1,0.155870
2434,steady,612.872100,613.118723,246.623,13.521,88.648,142.055,2.374,256,1,0.207369
2435,steady,613.118774,613.365586,246.811,13.712,88.623,142.052,2.399,256,1,0.215840
2436,steady,613.365636,613.612626,246.989,13.766,88.663,142.144,2.392,256,1,0.190535
2437,steady,613.612678,613.859379,246.701,13.681,88.588,142.043,2.364,256,1,0.322708
2438,steady,613.859430,614.106491,247.062,14.020,88.618,142.025,2.374,256,1,0.200304
2439,steady,614.106542,614.353404,246.862,13.564,88.626,142.282,2.365,256,1,0.202646
2440,steady,614.353454,614.600228,246.774,13.580,88.734,142.059,2.377,256,1,0.176603
2441,steady,614.600281,614.846724,246.443,13.405,88.603,142.029,2.382,256,1,0.251140
2442,steady,614.846775,615.093726,246.951,13.791,88.651,142.076,2.409,256,1,0.177397
2443,steady,615.093776,615.340886,247.110,14.282,88.520,141.904,2.379,256,1,0.183045
2444,steady,615.340937,615.587488,246.551,13.445,88.623,142.091,2.367,256,1,0.238326
2445,steady,615.587539,615.835154,247.615,14.273,88.688,142.244,2.386,256,1,0.234783
2446,steady,615.835205,616.082067,246.862,13.863,88.556,142.057,2.361,256,1,0.224746
2447,steady,616.082117,616.328972,246.855,13.733,88.562,142.157,2.379,256,1,0.247605
2448,steady,616.329023,616.576006,246.983,13.925,88.557,142.098,2.379,256,1,0.195778
2449,steady,616.576055,616.822701,246.646,13.559,88.586,142.086,2.390,256,1,0.239751
2450,steady,616.822753,617.069492,246.740,13.536,88.627,142.142,2.411,256,1,0.231259
2451,steady,617.069604,617.316091,246.487,13.352,88.609,142.113,2.385,256,1,0.249198
2452,steady,617.316141,617.563046,246.904,13.877,88.643,142.015,2.345,256,1,0.220589
2453,steady,617.563104,617.810028,246.923,13.770,88.637,141.993,2.495,256,1,0.195581
2454,steady,617.810084,618.056884,246.800,13.816,88.606,141.968,2.385,256,1,0.209385
2455,steady,618.056937,618.303488,246.551,13.608,88.566,142.011,2.342,256,1,0.226056
2456,steady,618.303541,618.550372,246.830,13.653,88.669,142.116,2.367,256,1,0.231644
2457,steady,618.550423,618.797162,246.739,13.693,88.604,142.039,2.379,256,1,0.188519
2458,steady,618.797214,619.044405,247.191,13.998,88.611,142.172,2.386,256,1,0.257159
2459,steady,619.044456,619.291338,246.882,13.776,88.656,142.041,2.384,256,1,0.233363
2460,steady,619.291391,619.537984,246.593,13.635,88.437,142.130,2.366,256,1,0.232843
2461,steady,619.538033,619.785040,247.007,14.000,88.580,142.009,2.394,256,1,0.185498
2462,steady,619.785090,620.031825,246.735,13.699,88.648,142.014,2.349,256,1,0.189625
2463,steady,620.031877,620.278492,246.615,13.600,88.632,142.014,2.342,256,1,0.203542
2464,steady,620.278542,620.525328,246.786,13.822,88.541,142.055,2.345,256,1,0.201548
2465,steady,620.525377,620.771990,246.613,13.618,88.603,141.996,2.373,256,1,0.189699
2466,steady,620.772041,621.018794,246.753,13.829,88.517,142.011,2.372,256,1,0.145317
2467,steady,621.018844,621.265625,246.780,13.643,88.647,142.080,2.387,256,1,0.167698
2468,steady,621.265676,621.512773,247.098,13.991,88.588,142.105,2.390,256,1,0.215074
2469,steady,621.512825,621.760066,247.241,14.159,88.707,141.982,2.369,256,1,0.264893
2470,steady,621.760117,622.007264,247.147,13.640,88.681,142.120,2.678,256,1,0.170927
2471,steady,622.007341,622.254706,247.365,14.166,88.601,142.196,2.375,256,1,0.145507
2472,steady,622.254759,622.501555,246.796,13.793,88.542,142.064,2.372,256,1,0.195544
2473,steady,622.501610,622.748582,246.972,13.900,88.579,142.079,2.389,256,1,0.194443
2474,steady,622.748635,622.995383,246.748,13.659,88.606,142.083,2.376,256,1,0.164996
2475,steady,622.995435,623.242326,246.891,13.822,88.589,142.067,2.388,256,1,0.152767
2476,steady,623.242377,623.489409,247.032,13.942,88.585,142.104,2.378,256,1,0.178542
2477,steady,623.489460,623.736334,246.874,13.862,88.541,142.066,2.381,256,1,0.205745
2478,steady,623.736384,623.983671,247.288,14.263,88.619,142.028,2.354,256,1,0.163675
2479,steady,623.983722,624.231048,247.326,14.111,88.623,142.185,2.380,256,1,0.213236
2480,steady,624.231106,624.477675,246.569,13.503,88.733,141.958,2.349,256,1,0.159523
2481,steady,624.477725,624.724464,246.739,13.866,88.482,142.002,2.365,256,1,0.201933
2482,steady,624.724514,624.971413,246.899,13.903,88.634,141.974,2.363,256,1,0.152116
2483,steady,624.971466,625.218620,247.154,13.999,88.673,142.100,2.356,256,1,0.176687
2484,steady,625.218668,625.465391,246.723,13.711,88.616,142.012,2.359,256,1,0.210310
2485,steady,625.465442,625.712242,246.800,13.797,88.505,142.079,2.394,256,1,0.191917
2486,steady,625.712291,625.958890,246.599,13.633,88.615,141.984,2.343,256,1,0.200829
2487,steady,625.958938,626.205812,246.874,13.875,88.686,141.933,2.356,256,1,0.176529
2488,steady,626.205874,626.452691,246.817,13.814,88.538,142.056,2.385,256,1,0.161825
2489,steady,626.452739,626.699569,246.829,13.910,88.565,141.963,2.367,256,1,0.216265
2490,steady,626.699619,626.949081,249.462,16.353,88.575,142.120,2.390,256,1,0.215471
2491,steady,626.949133,627.196083,246.950,13.835,88.668,142.036,2.387,256,1,0.219620
2492,steady,627.196135,627.442944,246.809,13.671,88.575,142.177,2.360,256,1,0.168999
2493,steady,627.442994,627.689862,246.868,13.735,88.625,142.107,2.378,256,1,0.160914
2494,steady,627.689913,627.937054,247.141,14.213,88.544,141.997,2.362,256,1,0.184041
2495,steady,627.937104,628.184497,247.393,14.376,88.582,142.031,2.380,256,1,0.150049
2496,steady,628.184547,628.431744,247.197,13.945,88.627,142.234,2.366,256,1,0.187141
2497,steady,628.431796,628.678653,246.857,13.717,88.719,142.034,2.362,256,1,0.200989
2498,steady,628.678703,628.925464,246.761,13.721,88.609,142.054,2.354,256,1,0.164034
2499,steady,628.925513,629.172494,246.980,13.915,88.532,142.136,2.373,256,1,0.233857
2500,steady,629.172542,629.419698,247.157,14.078,88.722,141.985,2.348,256,1,0.128656
2501,steady,629.419816,629.667167,247.351,14.503,88.527,141.932,2.361,256,1,0.219173
2502,steady,629.667217,629.913949,246.733,13.718,88.635,142.001,2.353,256,1,0.176380
2503,steady,629.913997,630.161216,247.219,14.270,88.637,141.944,2.342,256,1,0.176608
2504,steady,630.161266,630.408303,247.037,13.872,88.634,142.160,2.345,256,1,0.246480
2505,steady,630.408351,630.655086,246.735,13.560,88.684,142.093,2.366,256,1,0.233280
2506,steady,630.655136,630.901921,246.785,13.631,88.733,142.043,2.353,256,1,0.186863
2507,steady,630.901971,631.148577,246.606,13.481,88.592,142.155,2.354,256,1,0.130922
2508,steady,631.148627,631.395451,246.825,13.841,88.535,142.057,2.366,256,1,0.239297
2509,steady,631.395502,631.643103,247.601,14.488,88.604,142.115,2.370,256,1,0.175283
2510,steady,631.643154,631.890030,246.876,13.935,88.477,142.078,2.362,256,1,0.230549
2511,steady,631.890079,632.136589,246.509,13.582,88.569,141.993,2.341,256,1,0.180482
2512,steady,632.136638,632.383483,246.844,13.722,88.661,142.104,2.332,256,1,0.161377
2513,steady,632.383534,632.630097,246.563,13.532,88.553,142.102,2.351,256,1,0.181501
2514,steady,632.630148,632.877044,246.896,13.769,88.609,142.136,2.356,256,1,0.146729
2515,steady,632.877094,633.124153,247.059,13.935,88.710,142.010,2.379,256,1,0.204315
2516,steady,633.124202,633.371920,247.718,14.672,88.592,142.078,2.350,256,1,0.161437
2517,steady,633.371970,633.619042,247.072,14.040,88.574,142.053,2.379,256,1,0.205323
2518,steady,633.619102,633.866082,246.981,13.792,88.640,142.145,2.378,256,1,0.198863
2519,steady,633.866134,634.113130,246.996,13.773,88.731,142.106,2.362,256,1,0.181765
2520,steady,634.113182,634.360088,246.906,13.914,88.543,142.064,2.358,256,1,0.197439
2521,steady,634.360137,634.607252,247.115,14.010,88.694,142.024,2.361,256,1,0.186379
2522,steady,634.607301,634.854144,246.843,13.698,88.718,142.040,2.360,256,1,0.143872
2523,steady,634.854193,635.100887,246.694,13.662,88.624,142.025,2.357,256,1,0.199396
2524,steady,635.100938,635.347539,246.601,13.466,88.634,142.119,2.356,256,1,0.183968
2525,steady,635.347589,635.594163,246.574,13.777,88.517,141.896,2.358,256,1,0.136775
2526,steady,635.594213,635.841143,246.929,13.842,88.605,142.087,2.371,256,1,0.187783
2527,steady,635.841195,636.088324,247.130,13.806,88.685,142.220,2.393,256,1,0.167232
2528,steady,636.088375,636.335641,247.265,14.218,88.565,142.062,2.396,256,1,0.155194
2529,steady,636.335690,636.582933,247.243,14.106,88.666,142.065,2.380,256,1,0.199603
2530,steady,636.582983,636.830161,247.179,14.070,88.542,142.166,2.376,256,1,0.264188
2531,steady,636.830211,637.077274,247.063,13.986,88.587,142.109,2.356,256,1,0.139752
2532,steady,637.077323,637.325425,248.102,14.984,88.560,142.162,2.372,256,1,0.149222
2533,steady,637.325473,637.572226,246.753,13.636,88.711,142.011,2.371,256,1,0.134139
2534,steady,637.572275,637.819265,246.990,13.704,88.807,142.071,2.383,256,1,0.150202
2535,steady,637.819317,638.066116,246.800,13.656,88.662,142.082,2.375,256,1,0.177394
2536,steady,638.066166,638.313478,247.312,14.104,88.687,142.119,2.378,256,1,0.137156
2537,steady,638.313528,638.560586,247.058,13.856,88.604,142.179,2.393,256,1,0.167860
2538,steady,638.560637,638.807773,247.136,14.088,88.638,142.029,2.355,256,1,0.242375
2539,steady,638.807823,639.054832,247.009,13.913,88.613,142.104,2.354,256,1,0.192140
2540,steady,639.054883,639.301724,246.842,13.736,88.591,142.131,2.357,256,1,0.222389
2541,steady,639.301775,639.548693,246.918,13.862,88.557,142.082,2.392,256,1,0.170632
2542,steady,639.548743,639.795942,247.199,14.008,88.582,142.166,2.417,256,1,0.157059
2543,steady,639.795994,640.043187,247.193,14.107,88.607,142.075,2.379,256,1,0.191033
2544,steady,640.043238,640.290754,247.517,14.519,88.594,141.980,2.398,256,1,0.190453
2545,steady,640.290806,640.537600,246.794,13.776,88.523,142.110,2.360,256,1,0.199344
2546,steady,640.537650,640.785227,247.577,14.339,88.624,142.198,2.391,256,1,0.211501
2547,steady,640.785277,641.032062,246.786,13.577,88.755,142.054,2.375,256,1,0.176719
2548,steady,641.032112,641.278936,246.824,13.762,88.663,142.011,2.364,256,1,0.120797
2549,steady,641.278986,641.525419,246.433,13.681,88.517,141.858,2.354,256,1,0.177956
2550,steady,641.525469,641.772212,246.744,13.906,88.522,141.900,2.390,256,1,0.214816
2551,steady,641.772324,642.019251,246.927,13.902,88.583,142.008,2.404,256,1,0.188190
2552,steady,642.019306,642.266198,246.892,13.996,88.508,141.993,2.370,256,1,0.152073
2553,steady,642.266250,642.513927,247.677,14.755,88.584,141.947,2.366,256,1,0.203675
2554,steady,642.513980,642.760504,246.523,13.748,88.462,141.912,2.377,256,1,0.167941
2555,steady,642.760557,643.007189,246.632,13.604,88.605,142.002,2.395,256,1,0.210424
2556,steady,643.007240,643.253801,246.561,13.668,88.510,141.984,2.373,256,1,0.147849
2557,steady,643.253852,643.500581,246.729,13.811,88.646,141.863,2.385,256,1,0.159403
2558,steady,643.500634,643.746919,246.285,13.401,88.494,141.984,2.382,256,1,0.212331
2559,steady,643.746969,643.993390,246.421,13.625,88.552,141.872,2.346,256,1,0.156937
2560,steady,643.993441,644.240128,246.687,13.632,88.626,142.022,2.382,256,1,0.185136
2561,steady,644.240179,644.487223,247.043,14.137,88.578,141.926,2.378,256,1,0.209878
2562,steady,644.487275,644.733576,246.301,13.315,88.547,142.055,2.359,256,1,0.152724
2563,steady,644.733627,644.981061,247.434,14.499,88.538,142.007,2.363,256,1,0.172048
2564,steady,644.981113,645.227757,246.644,13.614,88.591,142.022,2.391,256,1,0.205030
2565,steady,645.227808,645.474493,246.684,13.789,88.578,141.944,2.349,256,1,0.132113
2566,steady,645.474542,645.720924,246.382,13.539,88.470,141.942,2.405,256,1,0.205898
2567,steady,645.720979,645.968460,247.481,14.413,88.683,141.951,2.400,256,1,0.126763
2568,steady,645.968515,646.215419,246.904,14.159,88.478,141.840,2.398,256,1,0.132452
2569,steady,646.215470,646.462301,246.831,13.823,88.587,142.003,2.391,256,1,0.242343
2570,steady,646.462352,646.708756,246.404,13.705,88.493,141.826,2.355,256,1,0.202605
2571,steady,646.708807,646.955005,246.198,13.454,88.426,141.920,2.373,256,1,0.158480
2572,steady,646.955055,647.201916,246.861,14.044,88.544,141.861,2.387,256,1,0.151207
2573,steady,647.201969,647.448773,246.804,13.966,88.559,141.894,2.361,256,1,0.203331
2574,steady,647.448823,647.695489,246.665,13.929,88.535,141.825,2.351,256,1,0.188669
2575,steady,647.695541,647.942126,246.585,13.756,88.534,141.908,2.360,256,1,0.236584
2576,steady,647.942178,648.189839,247.660,14.861,88.495,141.915,2.360,256,1,0.230260
2577,steady,648.189890,648.436641,246.751,13.977,88.573,141.822,2.353,256,1,0.162418
2578,steady,648.436693,648.683376,246.683,13.893,88.494,141.915,2.355,256,1,0.191240
2579,steady,648.683428,648.932347,248.920,16.191,88.464,141.865,2.373,256,1,0.145660
2580,steady,648.932398,649.179470,247.072,14.129,88.596,141.952,2.369,256,1,0.208252
2581,steady,649.179522,649.426239,246.717,14.055,88.527,141.764,2.347,256,1,0.219783
2582,steady,649.426290,649.672914,246.624,13.864,88.481,141.889,2.366,256,1,0.162856
2583,steady,649.672967,649.919674,246.707,13.988,88.481,141.850,2.363,256,1,0.181160
2584,steady,649.919726,650.166200,246.475,13.621,88.569,141.893,2.366,256,1,0.206973
2585,steady,650.166250,650.412847,246.598,13.800,88.532,141.874,2.368,256,1,0.193547
2586,steady,650.412899,650.659209,246.311,13.582,88.493,141.875,2.335,256,1,0.163745
2587,steady,650.659260,650.905593,246.333,13.648,88.589,141.723,2.348,256,1,0.168246
2588,steady,650.905640,651.152647,247.007,14.230,88.534,141.843,2.374,256,1,0.139171
2589,steady,651.152699,651.399380,246.681,13.978,88.499,141.838,2.341,256,1,0.260433
2590,steady,651.399430,651.645910,246.480,13.717,88.582,141.819,2.336,256,1,0.243174
2591,steady,651.645960,651.892447,246.486,13.991,88.405,141.690,2.377,256,1,0.231587
2592,steady,651.892497,652.139292,246.794,14.220,88.487,141.708,2.353,256,1,0.158193
2593,steady,652.139342,652.385681,246.339,13.669,88.544,141.730,2.371,256,1,0.159270
2594,steady,652.385730,652.632450,246.720,14.065,88.449,141.793,2.388,256,1,0.198329
2595,steady,652.632502,652.878853,246.351,13.773,88.441,141.772,2.342,256,1,0.242034
2596,steady,652.878903,653.125023,246.121,13.415,88.494,141.831,2.356,256,1,0.191194
2597,steady,653.125073,653.371298,246.225,13.569,88.506,141.755,2.369,256,1,0.138107
2598,steady,653.371350,653.617922,246.572,13.908,88.425,141.863,2.350,256,1,0.181433
2599,steady,653.617972,653.864187,246.214,13.548,88.480,141.802,2.358,256,1,0.207583
2600,steady,653.864236,654.110162,245.926,13.562,88.407,141.584,2.347,256,1,0.162729
2601,steady,654.110279,654.356521,246.242,13.725,88.471,141.659,2.358,256,1,0.160822
2602,steady,654.356572,654.602515,245.943,13.486,88.421,141.650,2.361,256,1,0.158417
2603,steady,654.602565,654.848955,246.389,13.896,88.442,141.663,2.363,256,1,0.180445
2604,steady,654.849006,655.095205,246.199,13.735,88.373,141.713,2.351,256,1,0.251147
2605,steady,655.095258,655.342468,247.210,14.609,88.410,141.756,2.410,256,1,0.224841
2606,steady,655.342520,655.588881,246.361,13.784,88.398,141.680,2.474,256,1,0.163494
2607,steady,655.588936,655.836013,247.077,14.632,88.408,141.611,2.399,256,1,0.230867
2608,steady,655.836066,656.082451,246.384,13.703,88.481,141.781,2.394,256,1,0.176036
2609,steady,656.082504,656.328768,246.264,13.805,88.421,141.628,2.385,256,1,0.151642
2610,steady,656.328819,656.575063,246.243,13.669,88.437,141.713,2.399,256,1,0.165391
2611,steady,656.575124,656.821306,246.182,13.499,88.490,141.792,2.374,256,1,0.235398
2612,steady,656.821359,657.067666,246.308,13.755,88.404,141.750,2.372,256,1,0.179364
2613,steady,657.067718,657.314046,246.328,13.704,88.400,141.825,2.374,256,1,0.196822
2614,steady,657.314097,657.560347,246.250,13.861,88.349,141.682,2.334,256,1,0.163395
2615,steady,657.560397,657.806801,246.404,13.852,88.426,141.741,2.359,256,1,0.157883
2616,steady,657.806852,658.052928,246.076,13.642,88.444,141.594,2.371,256,1,0.121605
2617,steady,658.052979,658.299363,246.384,13.897,88.428,141.682,2.352,256,1,0.208036
2618,steady,658.299415,658.545528,246.112,13.782,88.380,141.574,2.351,256,1,0.223450
2619,steady,658.545578,658.791990,246.413,14.013,88.473,141.551,2.352,256,1,0.148126
2620,steady,658.792041,659.038566,246.525,13.863,88.544,141.735,2.358,256,1,0.139340
2621,steady,659.038618,659.284822,246.204,13.705,88.460,141.649,2.364,256,1,0.178253
2622,steady,659.284875,659.532083,247.208,14.691,88.484,141.657,2.350,256,1,0.189942
2623,steady,659.532134,659.778076,245.942,13.598,88.380,141.562,2.376,256,1,0.180778
2624,steady,659.778128,660.024570,246.442,13.937,88.490,141.626,2.364,256,1,0.175145
2625,steady,660.024621,660.270546,245.926,13.585,88.363,141.597,2.356,256,1,0.187481
2626,steady,660.270598,660.517413,246.816,14.419,88.457,141.561,2.353,256,1,0.147989
2627,steady,660.517465,660.763840,246.375,13.719,88.486,141.787,2.357,256,1,0.190809
2628,steady,660.763891,661.010318,246.427,13.924,88.494,141.611,2.372,256,1,0.198817
2629,steady,661.010368,661.256535,246.167,13.803,88.473,141.513,2.354,256,1,0.169586
2630,steady,661.256585,661.502967,246.382,13.761,88.504,141.744,2.348,256,1,0.156991
2631,steady,661.503017,661.751367,248.350,16.054,88.380,141.525,2.364,256,1,0.198370
2632,steady,661.751419,661.997389,245.970,13.588,88.416,141.555,2.385,256,1,0.188424
2633,steady,661.997440,662.243618,246.177,13.846,88.333,141.616,2.357,256,1,0.184587
2634,steady,662.243670,662.489831,246.161,13.746,88.431,141.614,2.345,256,1,0.241461
2635,steady,662.489882,662.736070,246.188,13.640,88.510,141.666,2.347,256,1,0.191554
2636,steady,662.736121,662.983084,246.963,14.465,88.436,141.672,2.364,256,1,0.187845
2637,steady,662.983136,663.229208,246.071,13.626,88.456,141.571,2.391,256,1,0.225798
2638,steady,663.229259,663.475110,245.851,13.599,88.344,141.501,2.383,256,1,0.149098
2639,steady,663.475161,663.721088,245.927,13.594,88.369,141.581,2.356,256,1,0.174022
2640,steady,663.721139,663.967353,246.213,13.789,88.436,141.607,2.356,256,1,0.161777
2641,steady,663.967406,664.213859,246.454,13.853,88.410,141.796,2.370,256,1,0.238189
2642,steady,664.213910,664.459970,246.060,13.671,88.395,141.605,2.363,256,1,0.176572
2643,steady,664.460021,664.706094,246.073,13.655,88.464,141.564,2.365,256,1,0.227112
2644,steady,664.706143,664.951974,245.831,13.414,88.388,141.646,2.358,256,1,0.189811
2645,steady,664.952026,665.198146,246.120,13.554,88.441,141.720,2.381,256,1,0.191369
2646,steady,665.198196,665.444287,246.091,13.619,88.433,141.655,2.359,256,1,0.176176
2647,steady,665.444336,665.690076,245.740,13.521,88.326,141.495,2.373,256,1,0.189315
2648,steady,665.690126,665.936061,245.934,13.570,88.373,141.610,2.356,256,1,0.182201
2649,steady,665.936110,666.182866,246.756,14.437,88.326,141.562,2.406,256,1,0.239903
2650,steady,666.182915,666.428739,245.824,13.390,88.447,141.567,2.394,256,1,0.187221
2651,steady,666.428857,666.675173,246.315,13.891,88.338,141.668,2.387,256,1,0.167787
2652,steady,666.675223,666.921393,246.170,13.763,88.391,141.576,2.414,256,1,0.219179
2653,steady,666.921447,667.168711,247.263,14.744,88.390,141.697,2.406,256,1,0.194362
2654,steady,667.168764,667.415253,246.489,14.157,88.377,141.560,2.370,256,1,0.184625
2655,steady,667.415307,667.661633,246.327,13.937,88.433,141.564,2.366,256,1,0.152027
2656,steady,667.661686,667.908057,246.370,13.978,88.320,141.678,2.366,256,1,0.216883
2657,steady,667.908111,668.154468,246.357,13.955,88.399,141.591,2.386,256,1,0.183075
2658,steady,668.154520,668.400652,246.132,13.829,88.342,141.563,2.375,256,1,0.179520
2659,steady,668.400706,668.646777,246.071,13.641,88.403,141.622,2.360,256,1,0.167732
2660,steady,668.646828,668.893172,246.344,13.974,88.379,141.607,2.358,256,1,0.208025
2661,steady,668.893223,669.138992,245.769,13.477,88.376,141.520,2.370,256,1,0.233788
2662,steady,669.139045,669.385463,246.417,14.056,88.437,141.523,2.369,256,1,0.186792
2663,steady,669.385517,669.632110,246.593,14.393,88.358,141.441,2.376,256,1,0.157075
2664,steady,669.632164,669.878323,246.159,13.752,88.416,141.592,2.373,256,1,0.174378
2665,steady,669.878375,670.124454,246.079,13.847,88.291,141.539,2.377,256,1,0.161975
2666,steady,670.124507,670.370672,246.164,13.841,88.423,141.492,2.382,256,1,0.192468
2667,steady,670.370744,670.616869,246.125,13.707,88.440,141.572,2.380,256,1,0.161493
2668,steady,670.616923,670.862943,246.020,13.648,88.347,141.630,2.370,256,1,0.228240
2669,steady,670.862995,671.108988,245.993,13.710,88.403,141.463,2.392,256,1,0.116047
2670,steady,671.109041,671.355192,246.151,13.752,88.346,141.665,2.363,256,1,0.228221
2671,steady,671.355245,671.601418,246.173,13.886,88.292,141.600,2.366,256,1,0.170947
2672,steady,671.601474,671.847853,246.380,13.887,88.575,141.526,2.364,256,1,0.158185
2673,steady,671.847907,672.093930,246.023,13.704,88.333,141.571,2.390,256,1,0.181189
2674,steady,672.093983,672.340198,246.215,13.940,88.293,141.561,2.395,256,1,0.163187
2675,steady,672.340250,672.586372,246.123,13.675,88.468,141.567,2.386,256,1,0.213587
2676,steady,672.586425,672.832985,246.560,14.270,88.344,141.537,2.382,256,1,0.168527
2677,steady,672.833035,673.079160,246.125,13.821,88.449,141.439,2.389,256,1,0.135122
2678,steady,673.079214,673.326334,247.120,14.805,88.339,141.576,2.374,256,1,0.175513
2679,steady,673.326385,673.572174,245.789,13.484,88.452,141.439,2.388,256,1,0.196302
2680,steady,673.572227,673.818296,246.068,13.655,88.311,141.658,2.420,256,1,0.236732
2681,steady,673.818350,674.064295,245.945,13.595,88.366,141.581,2.379,256,1,0.205386
2682,steady,674.064349,674.310233,245.884,13.542,88.405,141.515,2.398,256,1,0.135184
2683,steady,674.310286,674.556105,245.819,13.622,88.289,141.509,2.373,256,1,0.169145
2684,steady,674.556155,674.801682,245.527,13.416,88.351,141.363,2.369,256,1,0.176789
2685,steady,674.801734,675.047743,246.009,13.684,88.469,141.449,2.380,256,1,0.220726
2686,steady,675.047795,675.293750,245.955,13.520,88.432,141.604,2.375,256,1,0.149395
2687,steady,675.293802,675.539734,245.932,13.696,88.301,141.487,2.422,256,1,0.187805
2688,steady,675.539788,675.785739,245.951,13.684,88.431,141.399,2.411,256,1,0.222113
2689,steady,675.785792,676.032451,246.659,14.331,88.333,141.565,2.403,256,1,0.195660
2690,steady,676.032506,676.278862,246.356,14.019,88.385,141.553,2.375,256,1,0.216171
2691,steady,676.278915,676.525050,246.136,13.866,88.406,141.460,2.378,256,1,0.245094
2692,steady,676.525104,676.771061,245.958,13.601,88.442,141.530,2.354,256,1,0.193715
2693,steady,676.771114,677.017380,246.265,13.875,88.402,141.593,2.370,256,1,0.150768
2694,steady,677.017433,677.263447,246.014,13.718,88.400,141.498,2.373,256,1,0.232139
2695,steady,677.263498,677.509423,245.925,13.722,88.408,141.410,2.358,256,1,0.137542
2696,steady,677.509476,677.755454,245.978,13.604,88.417,141.543,2.388,256,1,0.234324
2697,steady,677.755507,678.001801,246.294,14.026,88.388,141.450,2.402,256,1,0.190691
2698,steady,678.001855,678.248130,246.275,13.867,88.420,141.586,2.377,256,1,0.210147
2699,steady,678.248183,678.494231,246.048,13.782,88.381,141.489,2.370,256,1,0.236680
2700,steady,678.494284,678.740588,246.305,13.754,88.606,141.523,2.397,256,1,0.200061
2701,steady,678.740701,678.987105,246.404,14.107,88.449,141.381,2.412,256,1,0.177715
2702,steady,678.987165,679.233439,246.274,13.946,88.366,141.535,2.396,256,1,0.233164
2703,steady,679.233490,679.479260,245.770,13.536,88.305,141.514,2.389,256,1,0.211956
2704,steady,679.479313,679.725424,246.111,13.760,88.358,141.564,2.402,256,1,0.227020
2705,steady,679.725476,679.971648,246.171,13.680,88.502,141.567,2.395,256,1,0.204274
2706,steady,679.971701,680.218145,246.444,13.933,88.441,141.630,2.412,256,1,0.189843
2707,steady,680.218198,680.464074,245.875,13.625,88.333,141.501,2.390,256,1,0.180052
2708,steady,680.464127,680.710079,245.953,13.651,88.380,141.514,2.379,256,1,0.195266
2709,steady,680.710133,680.956048,245.915,13.558,88.455,141.486,2.391,256,1,0.179175
2710,steady,680.956101,681.202123,246.022,13.767,88.342,141.503,2.383,256,1,0.164107
2711,steady,681.202179,681.447983,245.804,13.510,88.395,141.491,2.381,256,1,0.187259
2712,steady,681.448037,681.694398,246.361,14.021,88.357,141.569,2.388,256,1,0.159950
2713,steady,681.694452,681.940473,246.021,13.873,88.331,141.384,2.408,256,1,0.243125
2714,steady,681.940527,682.186559,246.031,13.620,88.452,141.557,2.373,256,1,0.216647
2715,steady,682.186616,682.433090,246.473,13.962,88.411,141.678,2.392,256,1,0.155671
2716,steady,682.433143,682.679188,246.045,13.762,88.370,141.509,2.377,256,1,0.207474
2717,steady,682.679245,682.925119,245.875,13.671,88.396,141.374,2.405,256,1,0.174352
2718,steady,682.925173,683.171701,246.528,14.148,88.317,141.652,2.384,256,1,0.169263
2719,steady,683.171756,683.417954,246.198,13.859,88.470,141.472,2.373,256,1,0.197383
2720,steady,683.418008,683.664762,246.754,14.485,88.382,141.472,2.390,256,1,0.184346
2721,steady,683.664815,683.910611,245.796,13.518,88.341,141.530,2.382,256,1,0.234166
2722,steady,683.910663,684.156910,246.246,13.984,88.351,141.489,2.398,256,1,0.174455
2723,steady,684.156964,684.402988,246.024,13.754,88.439,141.441,2.365,256,1,0.158820
2724,steady,684.403043,684.649710,246.667,14.190,88.467,141.568,2.405,256,1,0.149658
2725,steady,684.649764,684.895493,245.730,13.566,88.355,141.428,2.354,256,1,0.170861
2726,steady,684.895548,685.141766,246.218,13.869,88.408,141.550,2.364,256,1,0.268464
2727,steady,685.141820,685.387749,245.930,13.755,88.372,141.403,2.373,256,1,0.236651
2728,steady,685.387803,685.633799,245.996,13.617,88.457,141.531,2.365,256,1,0.219941
2729,steady,685.633851,685.879602,245.751,13.509,88.399,141.433,2.383,256,1,0.204413
2730,steady,685.879658,686.125586,245.928,13.691,88.343,141.500,2.365,256,1,0.146291
2731,steady,686.125638,686.371651,246.013,13.746,88.351,141.494,2.395,256,1,0.199772
2732,steady,686.371705,686.617825,246.120,13.903,88.318,141.503,2.371,256,1,0.231828
2733,steady,686.617876,686.863924,246.048,13.558,88.607,141.468,2.390,256,1,0.216883
2734,steady,686.863978,687.110340,246.362,13.966,88.348,141.650,2.371,256,1,0.159309
2735,steady,687.110392,687.359008,248.617,16.234,88.445,141.539,2.372,256,1,0.174972
2736,steady,687.359069,687.605135,246.067,13.760,88.442,141.461,2.377,256,1,0.185346
2737,steady,687.605186,687.853153,247.966,15.467,88.521,141.566,2.386,256,1,0.180248
2738,steady,687.853206,688.098982,245.776,13.568,88.378,141.422,2.383,256,1,0.197343
2739,steady,688.099034,688.345010,245.975,13.697,88.265,141.572,2.405,256,1,0.241609
2740,steady,688.345063,688.591488,246.425,14.132,88.478,141.413,2.377,256,1,0.185588
2741,steady,688.591542,688.837499,245.957,13.726,88.397,141.430,2.378,256,1,0.167151
2742,steady,688.837553,689.084417,246.864,14.553,88.386,141.501,2.399,256,1,0.197490
2743,steady,689.084470,689.330334,245.865,13.691,88.239,141.529,2.379,256,1,0.222885
2744,steady,689.330388,689.576535,246.147,13.668,88.475,141.610,2.369,256,1,0.167973
2745,steady,689.576588,689.822569,245.981,13.657,88.361,141.493,2.444,256,1,0.197228
2746,steady,689.822622,690.069281,246.659,14.347,88.328,141.558,2.401,256,1,0.217248
2747,steady,690.069336,690.315364,246.028,13.762,88.468,141.400,2.371,256,1,0.197715
2748,steady,690.315417,690.561431,246.013,13.592,88.504,141.488,2.402,256,1,0.205892
2749,steady,690.561485,690.807306,245.821,13.461,88.405,141.535,2.394,256,1,0.184126
2750,steady,690.807356,691.053436,246.080,13.946,88.331,141.395,2.383,256,1,0.179548
2751,steady,691.053558,691.299761,246.203,13.890,88.349,141.557,2.379,256,1,0.166311
2752,steady,691.299813,691.545808,245.995,13.619,88.498,141.483,2.370,256,1,0.149572
2753,steady,691.545861,691.791800,245.939,13.675,88.399,141.467,2.372,256,1,0.200404
2754,steady,691.791854,692.038379,246.525,14.347,88.365,141.423,2.363,256,1,0.162585
2755,steady,692.038431,692.284249,245.818,13.608,88.298,141.488,2.397,256,1,0.180417
2756,steady,692.284302,692.531136,246.834,14.439,88.410,141.592,2.365,256,1,0.136310
2757,steady,692.531189,692.777480,246.291,14.129,88.367,141.400,2.366,256,1,0.214377
2758,steady,692.777533,693.023820,246.287,13.976,88.359,141.566,2.361,256,1,0.155441
2759,steady,693.023874,693.270162,246.288,14.028,88.387,141.458,2.389,256,1,0.165270
2760,steady,693.270215,693.516482,246.267,14.068,88.453,141.336,2.384,256,1,0.130143
2761,steady,693.516538,693.762594,246.056,13.606,88.453,141.566,2.406,256,1,0.180169
2762,steady,693.762649,694.008691,246.042,13.737,88.353,141.539,2.388,256,1,0.160983
2763,steady,694.008743,694.255030,246.286,14.065,88.378,141.421,2.397,256,1,0.191293
2764,steady,694.255092,694.501075,245.983,13.790,88.324,141.457,2.384,256,1,0.222184
2765,steady,694.501131,694.747250,246.119,13.938,88.393,141.382,2.380,256,1,0.185579
2766,steady,694.747306,694.993352,246.046,13.793,88.346,141.501,2.381,256,1,0.263305
2767,steady,694.993404,695.239243,245.839,13.479,88.359,141.576,2.399,256,1,0.150649
2768,steady,695.239297,695.485557,246.259,13.879,88.502,141.448,2.404,256,1,0.188169
2769,steady,695.485609,695.731556,245.947,13.599,88.518,141.551,2.253,256,1,0.172464
2770,steady,695.731611,695.977523,245.912,13.694,88.446,141.473,2.273,256,1,0.208392
2771,steady,695.977578,696.223782,246.204,13.765,88.599,141.566,2.250,256,1,0.216438
2772,steady,696.223835,696.469717,245.881,13.621,88.414,141.588,2.232,256,1,0.115385
2773,steady,696.469769,696.715036,245.266,13.357,88.284,141.341,2.259,256,1,0.198951
2774,steady,696.715097,696.960736,245.639,13.574,88.393,141.392,2.247,256,1,0.204720
2775,steady,696.960790,697.207187,246.397,14.057,88.447,141.630,2.234,256,1,0.285042
2776,steady,697.207241,697.452765,245.524,13.407,88.409,141.427,2.255,256,1,0.142411
2777,steady,697.452821,697.698819,245.998,13.764,88.479,141.493,2.238,256,1,0.206567
2778,steady,697.698872,697.944844,245.972,13.839,88.403,141.416,2.289,256,1,0.143666
2779,steady,697.944901,698.190882,245.981,13.746,88.359,141.577,2.273,256,1,0.139744
2780,steady,698.190939,698.437221,246.282,14.102,88.437,141.459,2.257,256,1,0.140596
2781,steady,698.437277,698.682963,245.686,13.557,88.344,141.513,2.249,256,1,0.165720
2782,steady,698.683017,698.928995,245.977,13.776,88.281,141.638,2.257,256,1,0.203823
2783,steady,698.929049,699.175050,246.000,14.005,88.385,141.317,2.261,256,1,0.216123
2784,steady,699.175110,699.420853,245.744,13.658,88.382,141.429,2.245,256,1,0.116149
2785,steady,699.420910,699.667372,246.461,14.242,88.336,141.595,2.260,256,1,0.170932
2786,steady,699.667427,699.913179,245.752,13.591,88.307,141.563,2.264,256,1,0.192228
2787,steady,699.913234,700.159651,246.417,14.248,88.334,141.546,2.264,256,1,0.148848
2788,steady,700.159707,700.405630,245.922,13.816,88.432,141.389,2.260,256,1,0.131026
2789,steady,700.405686,700.651609,245.923,13.765,88.438,141.440,2.255,256,1,0.151350
2790,steady,700.651666,700.897544,245.878,13.857,88.350,141.385,2.260,256,1,0.121811
2791,steady,700.897599,701.143495,245.895,13.807,88.306,141.516,2.241,256,1,0.163121
2792,steady,701.143552,701.389605,246.053,13.798,88.430,141.513,2.287,256,1,0.154555
2793,steady,701.389661,701.635636,245.975,13.898,88.338,141.436,2.275,256,1,0.184789
2794,steady,701.635692,701.881389,245.697,13.508,88.358,141.524,2.277,256,1,0.169228
2795,steady,701.881446,702.127549,246.103,13.882,88.481,141.463,2.249,256,1,0.172645
2796,steady,702.127605,702.373498,245.893,13.611,88.496,141.495,2.264,256,1,0.300855
2797,steady,702.373553,702.619615,246.062,13.826,88.396,141.560,2.254,256,1,0.164303
2798,steady,702.619669,702.865385,245.716,13.563,88.420,141.444,2.263,256,1,0.152812
2799,steady,702.865441,703.111332,245.891,13.779,88.362,141.466,2.257,256,1,0.130564
2800,steady,703.111387,703.357199,245.811,13.614,88.456,141.453,2.260,256,1,0.192961
2801,steady,703.357317,703.603068,245.751,13.704,88.387,141.359,2.270,256,1,0.136483
2802,steady,703.603124,703.848870,245.746,13.642,88.324,141.518,2.238,256,1,0.234686
2803,steady,703.848925,704.095083,246.159,13.954,88.430,141.492,2.258,256,1,0.235573
2804,steady,704.095138,704.340941,245.803,13.778,88.330,141.416,2.251,256,1,0.148644
2805,steady,704.340996,704.586772,245.775,13.619,88.355,141.513,2.262,256,1,0.192113
2806,steady,704.586826,704.832972,246.147,13.980,88.392,141.497,2.251,256,1,0.195938
2807,steady,704.833026,705.079614,246.587,14.449,88.449,141.419,2.246,256,1,0.180353
2808,steady,705.079668,705.325463,245.795,13.750,88.263,141.518,2.239,256,1,0.179400
2809,steady,705.325517,705.571277,245.759,13.672,88.293,141.517,2.250,256,1,0.167404
2810,steady,705.571332,705.817172,245.840,13.740,88.393,141.439,2.241,256,1,0.196934
2811,steady,705.817227,706.062894,245.667,13.559,88.292,141.523,2.265,256,1,0.199453
2812,steady,706.062948,706.309072,246.124,13.634,88.560,141.660,2.244,256,1,0.184918
2813,steady,706.309125,706.554909,245.784,13.463,88.357,141.688,2.251,256,1,0.191749
2814,steady,706.554962,706.801258,246.296,13.918,88.490,141.604,2.258,256,1,0.176711
2815,steady,706.801313,707.047227,245.914,13.692,88.420,141.519,2.256,256,1,0.210728
2816,steady,707.047283,707.293074,245.792,13.603,88.415,141.481,2.266,256,1,0.162907
2817,steady,707.293128,707.539112,245.984,13.764,88.461,141.483,2.249,256,1,0.222354
2818,steady,707.539167,707.785342,246.175,13.900,88.360,141.619,2.269,256,1,0.259993
2819,steady,707.785397,708.031900,246.503,14.319,88.380,141.521,2.257,256,1,0.208435
2820,steady,708.031954,708.277951,245.997,13.722,88.454,141.548,2.249,256,1,0.174228
2821,steady,708.278005,708.523881,245.875,13.700,88.408,141.500,2.241,256,1,0.169386
2822,steady,708.523936,708.769604,245.669,13.407,88.487,141.508,2.241,256,1,0.168430
2823,steady,708.769656,709.016091,246.435,14.190,88.445,141.518,2.256,256,1,0.223957
2824,steady,709.016146,709.262513,246.367,14.068,88.402,141.626,2.246,256,1,0.224926
2825,steady,709.262567,709.509899,247.332,15.188,88.473,141.396,2.250,256,1,0.216603
2826,steady,709.509953,709.755827,245.874,13.805,88.364,141.430,2.249,256,1,0.170544
2827,steady,709.755881,710.001955,246.074,13.890,88.459,141.438,2.260,256,1,0.117533
2828,steady,710.002010,710.248262,246.252,14.062,88.445,141.478,2.242,256,1,0.202291
2829,steady,710.248316,710.494061,245.745,13.576,88.373,141.519,2.251,256,1,0.220319
2830,steady,710.494115,710.740092,245.977,13.768,88.418,141.523,2.239,256,1,0.197366
2831,steady,710.740145,710.986210,246.065,13.855,88.354,141.592,2.239,256,1,0.174742
2832,steady,710.986265,711.232323,246.057,13.814,88.484,141.470,2.265,256,1,0.188347
2833,steady,711.232377,711.477956,245.579,13.501,88.392,141.424,2.237,256,1,0.134320
2834,steady,711.478010,711.723819,245.809,13.693,88.334,141.525,2.231,256,1,0.184534
2835,steady,711.723874,711.969822,245.949,13.713,88.496,141.473,2.242,256,1,0.210008
2836,steady,711.969876,712.216113,246.237,13.911,88.455,141.603,2.243,256,1,0.162630
2837,steady,712.216168,712.462198,246.030,13.909,88.349,141.487,2.259,256,1,0.138851
2838,steady,712.462252,712.708632,246.380,14.034,88.478,141.609,2.235,256,1,0.181323
2839,steady,712.708685,712.954761,246.077,13.887,88.373,141.551,2.242,256,1,0.215136
2840,steady,712.954814,713.200917,246.103,13.729,88.475,141.614,2.258,256,1,0.166340
2841,steady,713.200972,713.446987,246.015,13.779,88.414,141.538,2.257,256,1,0.167240
2842,steady,713.447048,713.693195,246.147,14.080,88.308,141.495,2.237,256,1,0.184054
2843,steady,713.693248,713.939100,245.852,13.669,88.312,141.579,2.264,256,1,0.192574
2844,steady,713.939156,714.185080,245.924,13.848,88.330,141.452,2.268,256,1,0.125731
2845,steady,714.185136,714.430909,245.773,13.585,88.414,141.508,2.241,256,1,0.241314
2846,steady,714.430964,714.676992,246.027,13.856,88.375,141.511,2.260,256,1,0.201936
2847,steady,714.677045,714.922850,245.804,13.594,88.383,141.564,2.238,256,1,0.198083
2848,steady,714.922904,715.169064,246.161,13.964,88.446,141.463,2.263,256,1,0.137886
2849,steady,715.169118,715.415119,246.002,13.765,88.398,141.576,2.237,256,1,0.160179
2850,steady,715.415174,715.661027,245.854,13.576,88.483,141.509,2.259,256,1,0.156650
2851,steady,715.661148,715.906889,245.741,13.430,88.406,141.633,2.242,256,1,0.197960
2852,steady,715.906942,716.152913,245.971,13.621,88.374,141.697,2.254,256,1,0.167616
2853,steady,716.152968,716.398802,245.834,13.651,88.413,141.507,2.238,256,1,0.251159
2854,steady,716.398855,716.644936,246.081,13.804,88.430,141.563,2.259,256,1,0.130862
2855,steady,716.644990,716.890856,245.865,13.791,88.365,141.435,2.250,256,1,0.151620
2856,steady,716.890910,717.136735,245.825,13.681,88.367,141.508,2.244,256,1,0.170045
2857,steady,717.136788,717.387976,251.188,18.969,88.448,141.507,2.238,256,1,0.173127
2858,steady,717.388030,717.636859,248.830,16.630,88.469,141.449,2.257,256,1,0.160567
2859,steady,717.636913,717.883150,246.237,13.950,88.390,141.644,2.228,256,1,0.170858
2860,steady,717.883204,718.128965,245.761,13.632,88.372,141.484,2.248,256,1,0.151900
2861,steady,718.129020,718.375054,246.034,13.673,88.460,141.629,2.241,256,1,0.161198
2862,steady,718.375109,718.621450,246.341,13.897,88.452,141.722,2.245,256,1,0.235351
2863,steady,718.621506,718.867439,245.932,13.656,88.378,141.609,2.261,256,1,0.204893
2864,steady,718.867494,719.113520,246.026,13.674,88.403,141.674,2.249,256,1,0.159287
2865,steady,719.113574,719.359318,245.744,13.444,88.482,141.551,2.241,256,1,0.192771
2866,steady,719.359371,719.605569,246.198,13.820,88.500,141.603,2.249,256,1,0.218813
2867,steady,719.605622,719.851616,245.994,13.934,88.317,141.472,2.246,256,1,0.169002
2868,steady,719.851670,720.097334,245.664,13.385,88.334,141.665,2.253,256,1,0.183406
2869,steady,720.097389,720.343205,245.816,13.594,88.354,141.601,2.242,256,1,0.163761
2870,steady,720.343259,720.589204,245.945,13.837,88.414,141.438,2.230,256,1,0.147923
2871,steady,720.589258,720.835162,245.905,13.523,88.612,141.510,2.234,256,1,0.138114
2872,steady,720.835217,721.081086,245.869,13.712,88.386,141.498,2.247,256,1,0.191313
2873,steady,721.081142,721.327693,246.551,14.388,88.301,141.596,2.238,256,1,0.213617
2874,steady,721.327747,721.573507,245.760,13.502,88.423,141.577,2.233,256,1,0.239371
2875,steady,721.573560,721.819226,245.666,13.338,88.405,141.660,2.236,256,1,0.170787
2876,steady,721.819282,722.064904,245.622,13.426,88.383,141.530,2.257,256,1,0.150405
2877,steady,722.064959,722.311031,246.073,13.748,88.329,141.716,2.253,256,1,0.163748
2878,steady,722.311093,722.557044,245.951,13.523,88.562,141.586,2.253,256,1,0.195650
2879,steady,722.557097,722.803216,246.119,13.705,88.398,141.741,2.249,256,1,0.176049
2880,steady,722.803270,723.049197,245.927,13.509,88.465,141.689,2.238,256,1,0.184378
2881,steady,723.049250,723.295234,245.984,13.669,88.478,141.545,2.266,256,1,0.113130
2882,steady,723.295290,723.541592,246.302,13.961,88.409,141.649,2.256,256,1,0.155586
2883,steady,723.541646,723.787422,245.776,13.541,88.319,141.644,2.245,256,1,0.130756
2884,steady,723.787478,724.033470,245.992,13.677,88.422,141.607,2.260,256,1,0.185994
2885,steady,724.033524,724.279490,245.966,13.678,88.396,141.612,2.254,256,1,0.123918
2886,steady,724.279544,724.525566,246.022,13.592,88.457,141.707,2.239,256,1,0.187937
2887,steady,724.525620,724.771458,245.838,13.522,88.506,141.537,2.246,256,1,0.184461
2888,steady,724.771512,725.017436,245.924,13.658,88.461,141.543,2.235,256,1,0.152365
2889,steady,725.017489,725.263508,246.020,13.699,88.516,141.525,2.254,256,1,0.147433
2890,steady,725.263562,725.510191,246.629,14.505,88.393,141.463,2.243,256,1,0.152386
2891,steady,725.510245,725.756393,246.148,13.778,88.437,141.661,2.248,256,1,0.177355
2892,steady,725.756446,726.002524,246.078,13.602,88.438,141.728,2.284,256,1,0.255840
2893,steady,726.002578,726.249157,246.579,14.060,88.509,141.738,2.247,256,1,0.224039
2894,steady,726.249209,726.495335,246.125,13.875,88.357,141.619,2.249,256,1,0.174498
2895,steady,726.495389,726.741285,245.897,13.632,88.393,141.597,2.248,256,1,0.104006
2896,steady,726.741339,726.987309,245.970,13.629,88.489,141.586,2.237,256,1,0.266866
2897,steady,726.987363,727.233395,246.032,13.638,88.448,141.671,2.250,256,1,0.145255
2898,steady,727.233448,727.479477,246.029,13.613,88.455,141.693,2.242,256,1,0.170955
2899,steady,727.479532,727.725557,246.025,13.552,88.426,141.776,2.245,256,1,0.358537
2900,steady,727.725610,727.971679,246.069,13.631,88.509,141.669,2.233,256,1,0.175133
2901,steady,727.971801,728.218004,246.203,13.532,88.672,141.722,2.248,256,1,0.182564
2902,steady,728.218056,728.464005,245.949,13.467,88.491,141.738,2.228,256,1,0.238209
2903,steady,728.464060,728.709994,245.934,13.707,88.349,141.603,2.250,256,1,0.241341
2904,steady,728.710047,728.956146,246.098,13.565,88.592,141.666,2.249,256,1,0.200167
2905,steady,728.956200,729.202035,245.836,13.393,88.550,141.625,2.242,256,1,0.207233
2906,steady,729.202088,729.448453,246.365,13.885,88.485,141.725,2.246,256,1,0.248562
2907,steady,729.448506,729.694796,246.289,14.073,88.334,141.613,2.245,256,1,0.182266
2908,steady,729.694849,729.941139,246.290,13.679,88.543,141.799,2.241,256,1,0.160408
2909,steady,729.941191,730.187298,246.107,13.736,88.438,141.673,2.233,256,1,0.187676
2910,steady,730.187353,730.433204,245.851,13.458,88.428,141.705,2.233,256,1,0.235421
2911,steady,730.433256,730.681233,247.977,15.534,88.437,141.732,2.248,256,1,0.167749
2912,steady,730.681286,730.927230,245.943,13.538,88.444,141.692,2.243,256,1,0.178482
2913,steady,730.927284,731.173513,246.229,13.918,88.460,141.571,2.254,256,1,0.313175
2914,steady,731.173566,731.419712,246.147,13.674,88.493,141.709,2.246,256,1,0.248398
2915,steady,731.419765,731.665711,245.946,13.509,88.523,141.649,2.238,256,1,0.147203
2916,steady,731.665765,731.911987,246.222,13.751,88.492,141.701,2.253,256,1,0.173528
2917,steady,731.912041,732.158062,246.021,13.740,88.461,141.565,2.228,256,1,0.203437
2918,steady,732.158116,732.404314,246.199,13.760,88.475,141.708,2.231,256,1,0.196074
2919,steady,732.404368,732.650664,246.296,13.922,88.446,141.658,2.245,256,1,0.203090
2920,steady,732.650733,732.896813,246.080,13.584,88.501,141.707,2.258,256,1,0.240977
2921,steady,732.896867,733.143042,246.176,13.859,88.397,141.657,2.237,256,1,0.195671
2922,steady,733.143104,733.389457,246.353,13.970,88.631,141.478,2.248,256,1,0.152694
2923,steady,733.389511,733.635454,245.943,13.350,88.452,141.875,2.239,256,1,0.165563
2924,steady,733.635511,733.881518,246.007,13.734,88.379,141.619,2.247,256,1,0.130363
2925,steady,733.881574,734.127287,245.713,13.366,88.479,141.606,2.233,256,1,0.232706
2926,steady,734.127344,734.372925,245.581,13.391,88.372,141.534,2.258,256,1,0.146577
2927,steady,734.372980,734.619392,246.411,13.959,88.445,141.735,2.246,256,1,0.198630
2928,steady,734.619447,734.865530,246.083,13.734,88.484,141.594,2.247,256,1,0.171569
2929,steady,734.865585,735.111938,246.353,13.846,88.453,141.793,2.235,256,1,0.181612
2930,steady,735.111994,735.360026,248.032,15.670,88.416,141.665,2.253,256,1,0.160437
2931,steady,735.360082,735.606288,246.206,13.583,88.550,141.785,2.261,256,1,0.216385
2932,steady,735.606344,735.854750,248.406,15.970,88.438,141.711,2.261,256,1,0.206379
2933,steady,735.854806,736.100408,245.602,13.329,88.445,141.560,2.240,256,1,0.161357
2934,steady,736.100465,736.346931,246.466,13.870,88.619,141.711,2.241,256,1,0.172016
2935,steady,736.346986,736.592791,245.805,13.455,88.416,141.665,2.242,256,1,0.198168
2936,steady,736.592845,736.838936,246.091,13.782,88.372,141.665,2.246,256,1,0.170184
2937,steady,736.838988,737.085128,246.139,13.690,88.425,141.761,2.237,256,1,0.162382
2938,steady,737.085183,737.331722,246.540,14.128,88.357,141.795,2.233,256,1,0.232230
2939,steady,737.331778,737.577909,246.131,13.732,88.392,141.726,2.255,256,1,0.128015
2940,steady,737.577963,737.824435,246.472,14.053,88.457,141.690,2.246,256,1,0.156979
2941,steady,737.824490,738.070695,246.205,13.715,88.477,141.731,2.255,256,1,0.187624
2942,steady,738.070770,738.316783,246.013,13.527,88.518,141.685,2.257,256,1,0.144632
2943,steady,738.316839,738.562803,245.964,13.398,88.430,141.868,2.241,256,1,0.170879
2944,steady,738.562858,738.808723,245.865,13.470,88.512,141.603,2.254,256,1,0.157746
2945,steady,738.808779,739.054810,246.031,13.588,88.471,141.690,2.255,256,1,0.166424
2946,steady,739.054862,739.300825,245.963,13.585,88.458,141.644,2.249,256,1,0.132227
2947,steady,739.300881,739.546990,246.109,13.567,88.542,141.734,2.239,256,1,0.157305
2948,steady,739.547045,739.792846,245.801,13.427,88.430,141.665,2.253,256,1,0.120206
2949,steady,739.792901,740.040416,247.516,15.111,88.456,141.690,2.232,256,1,0.136483
2950,steady,740.040471,740.286451,245.980,13.430,88.565,141.706,2.252,256,1,0.124210
2951,steady,740.286571,740.532603,246.032,13.387,88.454,141.913,2.249,256,1,0.251566
2952,steady,740.532657,740.778771,246.114,13.697,88.497,141.654,2.240,256,1,0.188244
2953,steady,740.778826,741.024900,246.075,13.621,88.499,141.671,2.256,256,1,0.157137
2954,steady,741.024955,741.271164,246.210,13.741,88.499,141.696,2.246,256,1,0.222987
2955,steady,741.271220,741.517812,246.593,14.002,88.649,141.671,2.244,256,1,0.186323
2956,steady,741.517866,741.763795,245.930,13.564,88.419,141.678,2.244,256,1,0.136563
2957,steady,741.763849,742.010351,246.502,14.075,88.499,141.655,2.247,256,1,0.223017
2958,steady,742.010404,742.256602,246.198,13.578,88.530,141.825,2.240,256,1,0.142030
2959,steady,742.256653,742.503521,246.868,14.508,88.444,141.658,2.232,256,1,0.177038
2960,steady,742.503576,742.749668,246.092,13.670,88.442,141.718,2.235,256,1,0.148472
2961,steady,742.749722,742.995922,246.200,13.513,88.621,141.797,2.242,256,1,0.177871
2962,steady,742.995977,743.242433,246.456,13.865,88.514,141.789,2.261,256,1,0.194762
2963,steady,743.242489,743.489120,246.631,14.083,88.456,141.831,2.231,256,1,0.193803
2964,steady,743.489176,743.735327,246.151,13.585,88.509,141.751,2.278,256,1,0.201006
2965,steady,743.735382,743.981850,246.468,13.782,88.570,141.832,2.256,256,1,0.175911
2966,steady,743.981904,744.228202,246.298,13.834,88.481,141.720,2.235,256,1,0.177712
2967,steady,744.228256,744.476745,248.489,16.012,88.486,141.715,2.249,256,1,0.123895
2968,steady,744.476798,744.722866,246.068,13.406,88.575,141.816,2.247,256,1,0.150737
2969,steady,744.722919,744.969129,246.210,13.788,88.431,141.737,2.229,256,1,0.197867
2970,steady,744.969182,745.215867,246.685,14.008,88.508,141.910,2.233,256,1,0.238865
2971,steady,745.215922,745.462396,246.474,13.899,88.524,141.761,2.264,256,1,0.170302
2972,steady,745.462450,745.709102,246.652,14.042,88.478,141.876,2.229,256,1,0.157370
2973,steady,745.709155,745.955617,246.462,13.898,88.557,141.740,2.239,256,1,0.157805
2974,steady,745.955673,746.202149,246.476,13.830,88.484,141.875,2.261,256,1,0.197132
2975,steady,746.202204,746.448404,246.200,13.637,88.468,141.835,2.233,256,1,0.225272
2976,steady,746.448458,746.694581,246.123,13.622,88.469,141.772,2.233,256,1,0.186789
2977,steady,746.694635,746.943628,248.993,16.269,88.509,141.940,2.248,256,1,0.200282
2978,steady,746.943683,747.190123,246.440,13.782,88.507,141.887,2.236,256,1,0.183327
2979,steady,747.190179,747.437354,247.175,14.574,88.542,141.798,2.234,256,1,0.172603
2980,steady,747.437410,747.683328,245.918,13.561,88.455,141.634,2.241,256,1,0.144612
2981,steady,747.683382,747.930484,247.101,14.377,88.551,141.901,2.246,256,1,0.170431
2982,steady,747.930538,748.176935,246.397,13.798,88.541,141.794,2.237,256,1,0.243921
2983,steady,748.176988,748.423062,246.075,13.690,88.414,141.698,2.248,256,1,0.140965
2984,steady,748.423126,748.669561,246.436,13.791,88.581,141.806,2.231,256,1,0.180811
2985,steady,748.669615,748.915778,246.162,13.538,88.483,141.871,2.245,256,1,0.145572
2986,steady,748.915833,749.162221,246.387,13.827,88.522,141.769,2.244,256,1,0.195225
2987,steady,749.162276,749.408738,246.462,13.702,88.503,141.974,2.256,256,1,0.165121
2988,steady,749.408793,749.655085,246.292,13.414,88.742,141.870,2.238,256,1,0.143671
2989,steady,749.655139,749.901635,246.496,13.779,88.557,141.886,2.248,256,1,0.148366
2990,steady,749.901691,750.147736,246.045,13.603,88.523,141.639,2.253,256,1,0.231612
2991,steady,750.147792,750.394178,246.387,13.638,88.559,141.926,2.236,256,1,0.210952
2992,steady,750.394231,750.640736,246.505,13.530,88.615,142.068,2.252,256,1,0.189446
2993,steady,750.640794,750.886911,246.118,13.510,88.458,141.873,2.250,256,1,0.231639
2994,steady,750.886965,751.133884,246.918,14.234,88.558,141.867,2.233,256,1,0.172060
2995,steady,751.133936,751.380887,246.951,14.081,88.539,142.060,2.245,256,1,0.230774
2996,steady,751.380943,751.628462,247.519,14.702,88.654,141.897,2.239,256,1,0.220278
2997,steady,751.628517,751.874798,246.281,13.678,88.433,141.895,2.237,256,1,0.166366
2998,steady,751.874851,752.120876,246.024,13.467,88.407,141.879,2.244,256,1,0.159574
2999,steady,752.120932,752.368229,247.297,14.640,88.496,141.894,2.241,256,1,0.150105
3000,steady,752.368282,752.614882,246.600,13.968,88.450,141.908,2.247,256,1,0.175050
3001,steady,752.615009,752.861447,246.438,13.757,88.530,141.869,2.252,256,1,0.177687
3002,steady,752.861503,753.108122,246.619,13.927,88.543,141.886,2.235,256,1,0.284596
3003,steady,753.108177,753.354355,246.178,13.496,88.636,141.782,2.237,256,1,0.194135
3004,steady,753.354408,753.600745,246.337,13.654,88.525,141.875,2.255,256,1,0.204617
3005,steady,753.600802,753.849414,248.612,15.913,88.511,141.918,2.243,256,1,0.163663
3006,steady,753.849468,754.096320,246.851,13.912,88.568,142.100,2.246,256,1,0.185268
3007,steady,754.096375,754.342735,246.361,13.788,88.461,141.830,2.256,256,1,0.125690
3008,steady,754.342787,754.589525,246.738,13.818,88.618,142.026,2.250,256,1,0.147246
3009,steady,754.589578,754.835965,246.387,13.754,88.534,141.833,2.239,256,1,0.205457
3010,steady,754.836019,755.083229,247.209,14.566,88.538,141.824,2.255,256,1,0.139380
3011,steady,755.083285,755.329780,246.495,13.863,88.441,141.918,2.246,256,1,0.204052
3012,steady,755.329834,755.577185,247.351,14.429,88.609,142.042,2.246,256,1,0.164809
3013,steady,755.577239,755.823872,246.634,14.008,88.541,141.811,2.248,256,1,0.173772
3014,steady,755.823928,756.070120,246.191,13.460,88.517,141.948,2.240,256,1,0.188607
3015,steady,756.070174,756.316650,246.476,13.832,88.464,141.907,2.249,256,1,0.149639
3016,steady,756.316703,756.562996,246.292,13.673,88.544,141.809,2.239,256,1,0.168642
3017,steady,756.563052,756.809841,246.789,13.921,88.598,142.003,2.241,256,1,0.148274
3018,steady,756.809894,757.056526,246.632,13.758,88.678,141.917,2.254,256,1,0.170424
3019,steady,757.056580,757.303026,246.446,13.614,88.512,142.055,2.238,256,1,0.163888
3020,steady,757.303089,757.549530,246.441,13.546,88.560,142.059,2.250,256,1,0.163313
3021,steady,757.549583,757.796271,246.688,13.763,88.574,142.067,2.260,256,1,0.202113
3022,steady,757.796324,758.042977,246.652,13.759,88.616,142.004,2.248,256,1,0.194278
3023,steady,758.043030,758.289525,246.496,13.678,88.570,141.981,2.241,256,1,0.165071
3024,steady,758.289580,758.537453,247.873,15.106,88.575,141.924,2.242,256,1,0.232498
3025,steady,758.537506,758.783811,246.305,13.512,88.506,142.021,2.241,256,1,0.167129
3026,steady,758.783865,759.032211,248.346,15.364,88.668,142.038,2.250,256,1,0.151693
3027,steady,759.032265,759.278701,246.436,13.388,88.545,142.240,2.237,256,1,0.223969
3028,steady,759.278754,759.525228,246.474,13.536,88.554,142.122,2.235,256,1,0.158906
3029,steady,759.525282,759.772138,246.856,13.994,88.606,141.984,2.249,256,1,0.189950
3030,steady,759.772192,760.019192,247.001,14.040,88.561,142.126,2.247,256,1,0.181081
3031,steady,760.019246,760.265828,246.582,13.730,88.536,142.055,2.235,256,1,0.142545
3032,steady,760.265880,760.512466,246.586,13.813,88.536,141.957,2.255,256,1,0.153150
3033,steady,760.512517,760.758850,246.334,13.577,88.567,141.938,2.228,256,1,0.193144
3034,steady,760.758902,761.005114,246.213,13.463,88.530,141.970,2.225,256,1,0.186115
3035,steady,761.005167,761.251809,246.642,13.832,88.566,141.987,2.231,256,1,0.158807
3036,steady,761.251861,761.498343,246.482,13.728,88.527,141.980,2.219,256,1,0.178613
3037,steady,761.498394,761.745521,247.128,14.197,88.644,142.035,2.227,256,1,0.200345
3038,steady,761.745572,761.992575,247.003,14.171,88.589,141.977,2.241,256,1,0.189665
3039,steady,761.992626,762.239434,246.808,13.897,88.601,142.053,2.230,256,1,0.149046
3040,steady,762.239485,762.486854,247.369,14.475,88.605,142.045,2.219,256,1,0.144480
3041,steady,762.486905,762.733250,246.345,13.511,88.607,141.976,2.227,256,1,0.161373
3042,steady,762.733301,762.984040,250.740,17.635,88.697,142.157,2.227,256,1,0.173972
3043,steady,762.984092,763.230389,246.297,13.326,88.625,142.085,2.235,256,1,0.175692
3044,steady,763.230440,763.478245,247.806,14.809,88.704,142.052,2.218,256,1,0.178919
3045,steady,763.478296,763.724713,246.417,13.616,88.506,142.039,2.230,256,1,0.164786
3046,steady,763.724764,763.971458,246.695,13.716,88.739,141.978,2.236,256,1,0.224376
3047,steady,763.971512,764.218134,246.621,13.696,88.571,142.091,2.237,256,1,0.147693
3048,steady,764.218184,764.465562,247.378,14.301,88.664,142.154,2.233,256,1,0.173398
3049,steady,764.465612,764.712034,246.422,13.699,88.429,142.031,2.238,256,1,0.148555
3050,steady,764.712084,764.958493,246.409,13.436,88.699,142.022,2.226,256,1,0.144864
3051,steady,764.958607,765.205159,246.552,13.516,88.611,142.163,2.234,256,1,0.117235
3052,steady,765.205211,765.451890,246.679,13.820,88.541,142.056,2.237,256,1,0.188042
3053,steady,765.451944,765.698586,246.642,13.608,88.632,142.145,2.232,256,1,0.196036
3054,steady,765.698638,765.945570,246.932,13.821,88.756,142.108,2.221,256,1,0.158932
3055,steady,765.945620,766.192146,246.526,13.578,88.652,142.028,2.242,256,1,0.161488
3056,steady,766.192198,766.439162,246.964,13.905,88.655,142.153,2.227,256,1,0.192710
3057,steady,766.439213,766.686234,247.021,14.054,88.633,142.089,2.221,256,1,0.124837
3058,steady,766.686285,766.933103,246.818,13.586,88.727,142.237,2.243,256,1,0.144139
3059,steady,766.933154,767.179850,246.696,13.633,88.603,142.201,2.234,256,1,0.183109
3060,steady,767.179903,767.426519,246.616,13.704,88.625,142.033,2.228,256,1,0.170086
3061,steady,767.426572,767.674061,247.489,14.532,88.587,142.119,2.226,256,1,0.136304
3062,steady,767.674113,767.920998,246.886,13.872,88.613,142.153,2.222,256,1,0.103988
3063,steady,767.921052,768.168490,247.438,14.399,88.641,142.146,2.227,256,1,0.223554
3064,steady,768.168541,768.415229,246.688,13.626,88.619,142.193,2.225,256,1,0.165922
3065,steady,768.415282,768.662089,246.808,13.660,88.712,142.179,2.231,256,1,0.139459
3066,steady,768.662142,768.909267,247.125,13.872,88.789,142.218,2.221,256,1,0.179980
3067,steady,768.909316,769.156531,247.215,14.105,88.601,142.251,2.234,256,1,0.187258
3068,steady,769.156582,769.403166,246.584,13.588,88.609,142.152,2.211,256,1,0.161156
3069,steady,769.403218,769.649743,246.525,13.524,88.581,142.177,2.218,256,1,0.151930
3070,steady,769.649794,769.896698,246.904,13.725,88.736,142.178,2.239,256,1,0.179861
3071,steady,769.896749,770.143709,246.961,13.733,88.695,142.282,2.226,256,1,0.137203
3072,steady,770.143762,770.390580,246.818,13.681,88.709,142.175,2.227,256,1,0.146218
3073,steady,770.390631,770.637517,246.886,13.654,88.696,142.281,2.231,256,1,0.198472
3074,steady,770.637567,770.884652,247.085,13.769,88.660,142.386,2.247,256,1,0.132846
3075,steady,770.884704,771.131326,246.622,13.527,88.625,142.221,2.224,256,1,0.163964
3076,steady,771.131379,771.378042,246.662,13.701,88.560,142.131,2.246,256,1,0.189156
3077,steady,771.378094,771.625853,247.759,14.591,88.681,142.236,2.226,256,1,0.188548
3078,steady,771.625905,771.872499,246.594,13.516,88.685,142.128,2.241,256,1,0.130972
3079,steady,771.872550,772.119182,246.631,13.610,88.624,142.146,2.226,256,1,0.182360
3080,steady,772.119233,772.366328,247.094,13.869,88.759,142.212,2.229,256,1,0.146756
3081,steady,772.366379,772.613465,247.086,13.713,88.694,142.411,2.243,256,1,0.171451
3082,steady,772.613516,772.863005,249.489,16.120,88.795,142.316,2.234,256,1,0.158557
3083,steady,772.863057,773.109804,246.746,13.367,88.680,142.451,2.223,256,1,0.156015
3084,steady,773.109854,773.356780,246.926,13.588,88.761,142.320,2.230,256,1,0.169633
3085,steady,773.356830,773.603885,247.055,13.708,88.714,142.364,2.245,256,1,0.162194
3086,steady,773.603938,773.851177,247.239,13.815,88.719,142.452,2.227,256,1,0.150715
3087,steady,773.851232,774.098445,247.213,13.639,88.807,142.496,2.245,256,1,0.166532
3088,steady,774.098499,774.345964,247.464,13.976,88.791,142.421,2.251,256,1,0.109736
3089,steady,774.346016,774.593100,247.084,13.727,88.717,142.374,2.241,256,1,0.166938
3090,steady,774.593151,774.840195,247.044,13.630,88.815,142.338,2.235,256,1,0.160152
3091,steady,774.840246,775.087537,247.291,13.715,88.761,142.558,2.230,256,1,0.164546
3092,steady,775.087589,775.335922,248.333,14.788,88.892,142.376,2.251,256,1,0.187016
3093,steady,775.335973,775.583514,247.542,14.038,88.838,142.421,2.219,256,1,0.200450
3094,steady,775.583566,775.830756,247.190,13.952,88.866,142.115,2.231,256,1,0.149648
3095,steady,775.830808,776.078277,247.469,14.181,88.766,142.257,2.238,256,1,0.144288
3096,steady,776.078329,776.325800,247.471,14.273,88.594,142.362,2.219,256,1,0.148768
3097,steady,776.325851,776.572397,246.546,13.270,88.759,142.261,2.231,256,1,0.109536
3098,steady,776.572447,776.819792,247.345,14.003,88.750,142.356,2.209,256,1,0.171505
3099,steady,776.819844,777.067185,247.342,13.836,88.718,142.530,2.232,256,1,0.226184
3100,steady,777.067236,777.313803,246.567,13.448,88.616,142.271,2.207,256,1,0.142234
3101,steady,777.313930,777.560601,246.672,13.353,88.748,142.302,2.239,256,1,0.148643
3102,steady,777.560651,777.807929,247.278,14.028,88.717,142.282,2.225,256,1,0.197097
3103,steady,777.807981,778.054638,246.657,13.439,88.682,142.285,2.224,256,1,0.155915
3104,steady,778.054689,778.301653,246.964,13.709,88.673,142.334,2.222,256,1,0.243027
3105,steady,778.301704,778.548951,247.247,14.100,88.759,142.120,2.242,256,1,0.156782
3106,steady,778.549002,778.796086,247.085,13.863,88.729,142.248,2.219,256,1,0.208860
3107,steady,778.796138,779.043317,247.179,13.680,88.790,142.440,2.243,256,1,0.206317
3108,steady,779.043370,779.290652,247.282,14.320,88.649,142.062,2.226,256,1,0.149670
3109,steady,779.290705,779.537442,246.737,13.728,88.671,142.056,2.237,256,1,0.141226
3110,steady,779.537493,779.784510,247.017,13.746,88.747,142.253,2.247,256,1,0.215934
3111,steady,779.784563,780.034224,249.661,16.593,88.621,142.196,2.227,256,1,0.144127
3112,steady,780.034276,780.281066,246.790,13.900,88.654,141.982,2.229,256,1,0.169540
3113,steady,780.281118,780.527968,246.849,13.954,88.586,142.054,2.229,256,1,0.185681
3114,steady,780.528019,780.774763,246.744,13.777,88.682,142.021,2.238,256,1,0.128230
3115,steady,780.774814,781.021557,246.742,13.713,88.615,142.156,2.232,256,1,0.202954
3116,steady,781.021609,781.268012,246.403,13.529,88.639,141.981,2.228,256,1,0.172006
3117,steady,781.268063,781.515556,247.493,14.584,88.490,142.165,2.228,256,1,0.121612
3118,steady,781.515608,781.762389,246.780,13.856,88.633,142.011,2.254,256,1,0.175775
3119,steady,781.762442,782.009068,246.627,13.681,88.585,142.099,2.236,256,1,0.211216
3120,steady,782.009122,782.255974,246.852,13.950,88.684,141.963,2.229,256,1,0.168362
3121,steady,782.256025,782.502990,246.966,14.008,88.661,142.053,2.217,256,1,0.196463
3122,steady,782.503042,782.749621,246.579,13.627,88.615,142.085,2.227,256,1,0.136244
3123,steady,782.749671,782.996438,246.766,13.910,88.577,142.018,2.237,256,1,0.142279
3124,steady,782.996489,783.243008,246.519,13.492,88.630,142.133,2.239,256,1,0.157353
3125,steady,783.243058,783.489339,246.281,13.589,88.452,142.002,2.213,256,1,0.183064
3126,steady,783.489390,783.735827,246.437,13.508,88.619,142.055,2.229,256,1,0.187287
3127,steady,783.735877,783.982365,246.488,13.786,88.491,141.935,2.251,256,1,0.220343
3128,steady,783.982417,784.229364,246.947,14.034,88.681,141.994,2.212,256,1,0.285923
3129,steady,784.229414,784.475817,246.403,13.616,88.537,142.002,2.222,256,1,0.211031
3130,steady,784.475868,784.722452,246.584,13.611,88.653,142.039,2.256,256,1,0.175891
3131,steady,784.722503,784.968927,246.424,13.793,88.532,141.846,2.229,256,1,0.150619
3132,steady,784.968978,785.215627,246.649,13.715,88.575,142.119,2.215,256,1,0.147164
3133,steady,785.215679,785.462360,246.682,13.790,88.534,142.092,2.241,256,1,0.193293
3134,steady,785.462411,785.709324,246.913,14.169,88.580,141.911,2.228,256,1,0.225976
3135,steady,785.709376,785.955860,246.484,13.715,88.538,141.969,2.236,256,1,0.193930
3136,steady,785.955911,786.202698,246.787,13.959,88.534,142.014,2.254,256,1,0.174361
3137,steady,786.202750,786.449342,246.592,13.782,88.544,142.003,2.238,256,1,0.193120
3138,steady,786.449394,786.695761,246.366,13.642,88.593,141.870,2.235,256,1,0.136834
3139,steady,786.695814,786.942531,246.717,14.017,88.436,141.999,2.241,256,1,0.160362
3140,steady,786.942581,787.188864,246.283,13.341,88.736,141.943,2.238,256,1,0.127721
3141,steady,787.188916,787.435028,246.112,13.439,88.481,141.935,2.233,256,1,0.166437
3142,steady,787.435079,787.682606,247.527,14.699,88.621,141.932,2.244,256,1,0.117802
3143,steady,787.682656,787.929586,246.930,14.153,88.581,141.936,2.236,256,1,0.257944
3144,steady,787.929640,788.176457,246.817,13.900,88.537,142.105,2.250,256,1,0.157571
3145,steady,788.176511,788.423416,246.906,13.920,88.774,141.967,2.220,256,1,0.156451
3146,steady,788.423469,788.670248,246.778,13.971,88.576,141.974,2.233,256,1,0.165002
3147,steady,788.670299,788.916789,246.490,13.770,88.508,141.961,2.225,256,1,0.241638
3148,steady,788.916840,789.163465,246.625,14.044,88.514,141.816,2.226,256,1,0.125344
3149,steady,789.163518,789.410164,246.646,13.815,88.671,141.917,2.218,256,1,0.198382
3150,steady,789.410216,789.656751,246.535,13.615,88.748,141.910,2.238,256,1,0.211021
3151,steady,789.656868,789.903261,246.393,13.794,88.494,141.853,2.224,256,1,0.159539
3152,steady,789.903314,790.149732,246.418,13.616,88.571,141.972,2.233,256,1,0.161134
3153,steady,790.149783,790.396028,246.246,13.782,88.484,141.741,2.213,256,1,0.167562
3154,steady,790.396080,790.642750,246.670,14.004,88.528,141.885,2.227,256,1,0.229660
3155,steady,790.642802,790.889647,246.845,13.987,88.652,141.961,2.221,256,1,0.175748
3156,steady,790.889699,791.135888,246.189,13.448,88.541,141.930,2.245,256,1,0.198747
3157,steady,791.135939,791.382297,246.357,13.608,88.556,141.916,2.253,256,1,0.153867
3158,steady,791.382348,791.628696,246.348,13.595,88.627,141.861,2.239,256,1,0.165117
3159,steady,791.628748,791.874789,246.041,13.449,88.511,141.820,2.235,256,1,0.180334
3160,steady,791.874840,792.121315,246.474,13.835,88.578,141.809,2.226,256,1,0.140684
3161,steady,792.121366,792.368261,246.895,14.218,88.513,141.906,2.232,256,1,0.152763
3162,steady,792.368314,792.614616,246.303,13.821,88.499,141.730,2.227,256,1,0.140837
3163,steady,792.614668,792.861399,246.731,14.014,88.587,141.865,2.239,256,1,0.179010
3164,steady,792.861449,793.108029,246.580,13.832,88.551,141.956,2.214,256,1,0.133193
3165,steady,793.108081,793.356474,248.393,15.806,88.479,141.850,2.234,256,1,0.177713
3166,steady,793.356524,793.603097,246.573,13.979,88.504,141.842,2.216,256,1,0.182167
3167,steady,793.603148,793.849523,246.375,13.837,88.556,141.726,2.231,256,1,0.179092
3168,steady,793.849574,794.096046,246.472,13.791,88.494,141.926,2.236,256,1,0.201873
3169,steady,794.096099,794.342921,246.823,14.165,88.477,141.925,2.232,256,1,0.194828
3170,steady,794.342972,794.589507,246.535,13.873,88.558,141.861,2.219,256,1,0.190071
3171,steady,794.589559,794.836094,246.535,13.873,88.464,141.939,2.234,256,1,0.136230
3172,steady,794.836147,795.082353,246.206,13.451,88.531,141.925,2.273,256,1,0.169153
3173,steady,795.082406,795.329216,246.810,14.305,88.499,141.759,2.223,256,1,0.150599
3174,steady,795.329268,795.575582,246.315,13.839,88.484,141.741,2.227,256,1,0.166592
3175,steady,795.575635,795.822185,246.550,13.898,88.538,141.859,2.230,256,1,0.183230
3176,steady,795.822237,796.068164,245.927,13.401,88.445,141.835,2.221,256,1,0.156869
3177,steady,796.068216,796.314455,246.239,13.670,88.446,141.873,2.225,256,1,0.136232
3178,steady,796.314507,796.560737,246.230,13.575,88.655,141.736,2.224,256,1,0.182985
3179,steady,796.560787,796.806655,245.868,13.392,88.466,141.747,2.237,256,1,0.159451
3180,steady,796.806707,797.052711,246.004,13.467,88.514,141.732,2.268,256,1,0.154900
3181,steady,797.052761,797.299173,246.413,13.675,88.730,141.752,2.231,256,1,0.200992
3182,steady,797.299226,797.545806,246.580,13.981,88.599,141.746,2.229,256,1,0.172037
3183,steady,797.545857,797.792510,246.653,13.967,88.614,141.788,2.260,256,1,0.125019
3184,steady,797.792564,798.039200,246.637,14.160,88.407,141.804,2.241,256,1,0.138085
3185,steady,798.039254,798.285356,246.102,13.630,88.417,141.779,2.251,256,1,0.179566
3186,steady,798.285409,798.532274,246.865,14.169,88.602,141.825,2.244,256,1,0.156936
3187,steady,798.532326,798.778963,246.637,14.032,88.510,141.837,2.232,256,1,0.144088
3188,steady,798.779016,799.025433,246.417,13.783,88.463,141.891,2.253,256,1,0.171087
3189,steady,799.025484,799.271811,246.327,13.839,88.542,141.680,2.239,256,1,0.152227
3190,steady,799.271864,799.518126,246.262,13.806,88.456,141.737,2.235,256,1,0.131369
3191,steady,799.518177,799.764378,246.201,13.550,88.605,141.782,2.238,256,1,0.169891
3192,steady,799.764430,800.010500,246.070,13.452,88.537,141.808,2.248,256,1,0.164387
3193,steady,800.010552,800.256818,246.266,13.572,88.466,141.959,2.244,256,1,0.181726
3194,steady,800.256870,800.506025,249.155,16.674,88.501,141.714,2.239,256,1,0.165985
3195,steady,800.506077,800.752460,246.383,13.674,88.666,141.773,2.246,256,1,0.123381
3196,steady,800.752512,800.998697,246.185,13.576,88.574,141.774,2.235,256,1,0.118352
3197,steady,800.998748,801.244786,246.038,13.469,88.542,141.756,2.246,256,1,0.169628
3198,steady,801.244839,801.491103,246.264,13.701,88.620,141.671,2.245,256,1,0.126500
3199,steady,801.491156,801.737542,246.386,13.850,88.553,141.722,2.234,256,1,0.176310
3200,steady,801.737595,801.983589,245.994,13.529,88.521,141.682,2.237,256,1,0.155233
3201,steady,801.983703,802.229655,245.952,13.422,88.481,141.779,2.240,256,1,0.153541
3202,steady,802.229707,802.476805,247.098,14.489,88.479,141.870,2.235,256,1,0.161791
3203,steady,802.476856,802.722869,246.013,13.565,88.460,141.726,2.236,256,1,0.136916
3204,steady,802.722920,802.968897,245.977,13.398,88.492,141.825,2.236,256,1,0.174696
3205,steady,802.968948,803.215271,246.323,13.653,88.574,141.825,2.246,256,1,0.131460
3206,steady,803.215323,803.461941,246.618,13.966,88.567,141.846,2.214,256,1,0.199840
3207,steady,803.461993,803.708517,246.523,14.014,88.483,141.781,2.221,256,1,0.201020
3208,steady,803.708567,803.954529,245.962,13.400,88.491,141.827,2.219,256,1,0.122389
3209,steady,803.954580,804.201184,246.605,14.000,88.563,141.780,2.236,256,1,0.182483
3210,steady,804.201237,804.447496,246.259,13.545,88.668,141.799,2.220,256,1,0.175928
3211,steady,804.447547,804.693846,246.299,13.668,88.556,141.820,2.231,256,1,0.219185
3212,steady,804.693896,804.939788,245.891,13.585,88.432,141.626,2.222,256,1,0.137239
3213,steady,804.939839,805.186260,246.421,13.943,88.491,141.741,2.220,256,1,0.146877
3214,steady,805.186310,805.432420,246.110,13.658,88.489,141.694,2.245,256,1,0.200983
3215,steady,805.432472,805.678858,246.386,13.935,88.441,141.761,2.225,256,1,0.228121
3216,steady,805.678910,805.925205,246.295,13.852,88.391,141.802,2.224,256,1,0.194687
3217,steady,805.925256,806.173285,248.029,15.618,88.394,141.762,2.232,256,1,0.174434
3218,steady,806.173335,806.419574,246.239,13.714,88.522,141.746,2.231,256,1,0.128613
3219,steady,806.419626,806.665799,246.173,13.649,88.484,141.782,2.233,256,1,0.185840
3220,steady,806.665851,806.911638,245.787,13.553,88.376,141.611,2.221,256,1,0.185650
3221,steady,806.911691,807.157458,245.768,13.489,88.460,141.554,2.238,256,1,0.165960
3222,steady,807.157509,807.409963,252.454,19.974,88.537,141.695,2.224,256,1,0.205958
3223,steady,807.410013,807.656455,246.442,13.703,88.669,141.824,2.221,256,1,0.196809
3224,steady,807.656504,807.903240,246.736,14.343,88.478,141.672,2.218,256,1,0.128045
3225,steady,807.903291,808.149174,245.883,13.456,88.476,141.698,2.227,256,1,0.199942
3226,steady,808.149224,808.395739,246.515,14.158,88.530,141.582,2.219,256,1,0.120189
3227,steady,808.395790,808.642432,246.642,14.306,88.495,141.575,2.242,256,1,0.195522
3228,steady,808.642482,808.888169,245.686,13.329,88.465,141.636,2.230,256,1,0.122514
3229,steady,808.888220,809.134529,246.309,13.672,88.569,141.807,2.235,256,1,0.182923
3230,steady,809.134581,809.380442,245.861,13.447,88.443,141.719,2.227,256,1,0.167073
3231,steady,809.380493,809.626743,246.250,13.594,88.509,141.888,2.235,256,1,0.182134
3232,steady,809.626794,809.872922,246.128,13.561,88.531,141.758,2.253,256,1,0.158851
3233,steady,809.872972,810.119292,246.320,13.752,88.647,141.664,2.232,256,1,0.172846
3234,steady,810.119343,810.365640,246.297,13.653,88.536,141.858,2.225,256,1,0.186605
3235,steady,810.365691,810.611751,246.060,13.718,88.414,141.670,2.231,256,1,0.159274
3236,steady,810.611802,810.857652,245.850,13.456,88.454,141.691,2.222,256,1,0.165881
3237,steady,810.857702,811.103998,246.296,13.840,88.444,141.747,2.238,256,1,0.104887
3238,steady,811.104048,811.350076,246.028,13.537,88.467,141.768,2.230,256,1,0.120941
3239,steady,811.350127,811.596500,246.372,13.923,88.444,141.756,2.225,256,1,0.179611
3240,steady,811.596549,811.842758,246.208,13.696,88.481,141.762,2.244,256,1,0.150086
3241,steady,811.842808,812.089366,246.558,14.084,88.474,141.734,2.240,256,1,0.118846
3242,steady,812.089416,812.335484,246.068,13.605,88.442,141.772,2.225,256,1,0.165729
3243,steady,812.335532,812.581451,245.920,13.628,88.443,141.604,2.219,256,1,0.171302
3244,steady,812.581503,812.827840,246.337,13.939,88.401,141.741,2.229,256,1,0.122911
3245,steady,812.827889,813.073752,245.863,13.504,88.477,141.619,2.238,256,1,0.148360
3246,steady,813.073804,813.319954,246.151,13.707,88.423,141.771,2.224,256,1,0.148955
3247,steady,813.320004,813.566122,246.118,13.600,88.514,141.757,2.223,256,1,0.175559
3248,steady,813.566172,813.811912,245.739,13.242,88.493,141.768,2.212,256,1,0.154895
3249,steady,813.811961,814.058027,246.065,13.680,88.498,141.636,2.226,256,1,0.161979
3250,steady,814.058076,814.304098,246.022,13.549,88.531,141.691,2.226,256,1,0.124936
3251,steady,814.304227,814.550244,246.017,13.539,88.465,141.757,2.226,256,1,0.157990
3252,steady,814.550296,814.796198,245.902,13.537,88.466,141.649,2.223,256,1,0.122898
3253,steady,814.796248,815.042183,245.935,13.608,88.439,141.637,2.226,256,1,0.171245
3254,steady,815.042233,815.288062,245.829,13.569,88.398,141.617,2.220,256,1,0.143877
3255,steady,815.288112,815.534357,246.245,13.788,88.419,141.778,2.234,256,1,0.128541
3256,steady,815.534406,815.780407,246.000,13.594,88.473,141.686,2.221,256,1,0.173523
3257,steady,815.780457,816.026693,246.236,13.745,88.528,141.693,2.246,256,1,0.208765
3258,steady,816.026743,816.273106,246.363,13.941,88.459,141.703,2.234,256,1,0.108137
3259,steady,816.273155,816.519407,246.252,13.771,88.550,141.688,2.218,256,1,0.132800
3260,steady,816.519459,816.765727,246.268,13.779,88.492,141.741,2.231,256,1,0.189120
3261,steady,816.765778,817.011799,246.021,13.457,88.572,141.749,2.217,256,1,0.155390
3262,steady,817.011849,817.257749,245.900,13.389,88.546,141.725,2.214,256,1,0.161103
3263,steady,817.257799,817.505102,247.303,14.817,88.480,141.742,2.238,256,1,0.148487
3264,steady,817.505152,817.751564,246.412,14.004,88.450,141.706,2.226,256,1,0.198026
3265,steady,817.751616,817.997600,245.984,13.723,88.397,141.612,2.225,256,1,0.202232
3266,steady,817.997649,818.243866,246.217,13.726,88.512,141.737,2.217,256,1,0.181282
3267,steady,818.243917,818.490166,246.249,13.985,88.420,141.587,2.230,256,1,0.158437
3268,steady,818.490215,818.736541,246.326,14.022,88.523,141.539,2.216,256,1,0.152758
3269,steady,818.736591,818.982934,246.343,13.907,88.438,141.751,2.222,256,1,0.135769
3270,steady,818.982983,819.233789,250.806,18.365,88.476,141.711,2.228,256,1,0.204808
3271,steady,819.233838,819.480489,246.651,14.182,88.443,141.774,2.228,256,1,0.274053
3272,steady,819.480537,819.726901,246.364,13.929,88.450,141.724,2.236,256,1,0.161322
3273,steady,819.726952,819.973285,246.333,13.961,88.526,141.593,2.227,256,1,0.169599
3274,steady,819.973334,820.235315,261.981,29.675,88.468,141.597,2.216,256,1,0.156065
3275,steady,820.235364,820.481786,246.421,13.954,88.422,141.795,2.223,256,1,0.196490
3276,steady,820.481837,820.728361,246.524,13.992,88.478,141.810,2.219,256,1,0.145297
3277,steady,820.728411,820.974534,246.123,13.755,88.436,141.671,2.235,256,1,0.142138
3278,steady,820.974584,821.221296,246.712,14.256,88.482,141.715,2.233,256,1,0.179573
3279,steady,821.221348,821.467317,245.969,13.571,88.448,141.713,2.211,256,1,0.158343
3280,steady,821.467366,821.713685,246.319,13.927,88.470,141.665,2.231,256,1,0.131689
3281,steady,821.713736,821.960228,246.492,13.976,88.549,141.713,2.229,256,1,0.164701
3282,steady,821.960280,822.206644,246.364,13.824,88.484,141.796,2.235,256,1,0.156696
3283,steady,822.206694,822.452909,246.215,13.757,88.532,141.670,2.230,256,1,0.176309
3284,steady,822.452958,822.699319,246.361,14.023,88.449,141.652,2.212,256,1,0.153917
3285,steady,822.699369,822.945442,246.072,13.796,88.472,141.537,2.242,256,1,0.130763
3286,steady,822.945491,823.191604,246.113,13.669,88.446,141.744,2.227,256,1,0.129012
3287,steady,823.191656,823.437702,246.046,13.758,88.386,141.654,2.221,256,1,0.168437
3288,steady,823.437750,823.684100,246.350,13.953,88.395,141.748,2.227,256,1,0.213743
3289,steady,823.684151,823.930990,246.838,14.407,88.436,141.749,2.221,256,1,0.186475
3290,steady,823.931039,824.179723,248.683,16.280,88.514,141.619,2.238,256,1,0.106508
3291,steady,824.179774,824.426161,246.387,13.844,88.528,141.751,2.238,256,1,0.196360
3292,steady,824.426211,824.691554,265.343,32.834,88.402,141.856,2.225,256,1,0.135036
3293,steady,824.691606,824.947615,256.009,23.530,88.469,141.746,2.238,256,1,0.165592
3294,steady,824.947666,825.194164,246.498,13.956,88.556,141.734,2.227,256,1,0.167214
3295,steady,825.194215,825.440582,246.367,13.918,88.522,141.658,2.246,256,1,0.179968
3296,steady,825.440633,825.686868,246.235,13.741,88.424,141.809,2.235,256,1,0.141029
3297,steady,825.686921,825.933258,246.337,13.949,88.428,141.709,2.226,256,1,0.190965
3298,steady,825.933311,826.179593,246.282,13.738,88.514,141.756,2.247,256,1,0.170162
3299,steady,826.179646,826.425479,245.833,13.443,88.487,141.646,2.230,256,1,0.161679
3300,steady,826.425530,826.671399,245.869,13.482,88.419,141.705,2.237,256,1,0.144924
3301,steady,826.671720,826.917878,246.158,13.576,88.522,141.795,2.235,256,1,0.108125
3302,steady,826.917930,827.164309,246.380,13.955,88.465,141.699,2.234,256,1,0.116172
3303,steady,827.164363,827.410336,245.973,13.530,88.482,141.706,2.226,256,1,0.170631
3304,steady,827.410385,827.656717,246.332,13.869,88.522,141.668,2.248,256,1,0.136163
3305,steady,827.656769,827.903012,246.242,13.822,88.423,141.735,2.236,256,1,0.152182
3306,steady,827.903074,828.149528,246.454,14.006,88.442,141.748,2.232,256,1,0.124741
3307,steady,828.149580,828.395985,246.405,13.778,88.601,141.754,2.246,256,1,0.142294
3308,steady,828.396039,828.642253,246.214,13.881,88.450,141.615,2.243,256,1,0.102777
3309,steady,828.642307,828.888757,246.450,14.016,88.446,141.730,2.232,256,1,0.136104
3310,steady,828.888810,829.135139,246.329,13.837,88.600,141.618,2.249,256,1,0.151335
3311,steady,829.135192,829.381582,246.389,13.757,88.575,141.796,2.234,256,1,0.172857
3312,steady,829.381638,829.628020,246.382,13.805,88.503,141.812,2.233,256,1,0.173739
3313,steady,829.628072,829.874156,246.085,13.881,88.356,141.579,2.244,256,1,0.150212
3314,steady,829.874206,830.120176,245.969,13.530,88.494,141.688,2.231,256,1,0.113177
3315,steady,830.120227,830.366508,246.281,13.767,88.442,141.827,2.219,256,1,0.241809
3316,steady,830.366560,830.612422,245.862,13.372,88.489,141.730,2.245,256,1,0.175203
3317,steady,830.612475,830.858666,246.191,13.706,88.522,141.697,2.242,256,1,0.175161
3318,steady,830.858717,831.104996,246.279,13.885,88.391,141.728,2.250,256,1,0.245074
3319,steady,831.105047,831.351106,246.059,13.695,88.472,141.631,2.234,256,1,0.145796
3320,steady,831.351157,831.597271,246.113,13.511,88.537,141.802,2.235,256,1,0.134567
3321,steady,831.597323,831.843580,246.258,13.773,88.514,141.709,2.236,256,1,0.106554
3322,steady,831.843633,832.089934,246.301,13.863,88.446,141.723,2.243,256,1,0.142968
3323,steady,832.089985,832.335990,246.005,13.602,88.502,141.633,2.242,256,1,0.192189
3324,steady,832.336043,832.582197,246.154,13.843,88.415,141.650,2.219,256,1,0.173193
3325,steady,832.582249,832.828446,246.198,13.783,88.489,141.662,2.238,256,1,0.156083
3326,steady,832.828497,833.074860,246.363,13.818,88.477,141.797,2.245,256,1,0.182751
3327,steady,833.074911,833.320984,246.073,13.631,88.440,141.735,2.239,256,1,0.178866
3328,steady,833.321037,833.567605,246.568,14.013,88.622,141.666,2.238,256,1,0.164050
3329,steady,833.567658,833.813844,246.186,13.603,88.551,141.771,2.235,256,1,0.157057
3330,steady,833.813896,834.060053,246.157,13.690,88.547,141.671,2.222,256,1,0.179787
3331,steady,834.060104,834.305873,245.769,13.329,88.399,141.770,2.245,256,1,0.205786
3332,steady,834.305925,834.552176,246.251,13.704,88.493,141.797,2.231,256,1,0.236869
3333,steady,834.552229,834.798887,246.658,14.033,88.429,141.937,2.233,256,1,0.179747
3334,steady,834.798937,835.045263,246.326,13.868,88.424,141.771,2.237,256,1,0.129450
3335,steady,835.045316,835.291311,245.994,13.663,88.311,141.759,2.234,256,1,0.164695
3336,steady,835.291365,835.537685,246.319,13.873,88.526,141.654,2.239,256,1,0.207314
3337,steady,835.537736,835.783989,246.253,13.722,88.506,141.763,2.235,256,1,0.148509
3338,steady,835.784041,836.032682,248.642,16.161,88.573,141.627,2.252,256,1,0.192717
3339,steady,836.032734,836.279189,246.455,14.058,88.526,141.610,2.236,256,1,0.180360
3340,steady,836.279242,836.525474,246.233,13.708,88.477,141.796,2.225,256,1,0.133182
3341,steady,836.525526,836.771653,246.128,13.659,88.573,141.647,2.223,256,1,0.196114
3342,steady,836.771707,837.018374,246.667,14.098,88.517,141.797,2.228,256,1,0.115025
3343,steady,837.018425,837.264634,246.209,13.805,88.529,141.616,2.234,256,1,0.142542
3344,steady,837.264685,837.510809,246.124,13.737,88.408,141.722,2.230,256,1,0.146595
3345,steady,837.510863,837.757421,246.559,13.976,88.516,141.804,2.236,256,1,0.106043
3346,steady,837.757475,838.004163,246.689,14.154,88.488,141.791,2.231,256,1,0.162779
3347,steady,838.004219,838.250314,246.095,13.686,88.533,141.612,2.238,256,1,0.168789
3348,steady,838.250366,838.496483,246.117,13.701,88.433,141.723,2.235,256,1,0.185057
3349,steady,838.496537,838.742431,245.894,13.554,88.460,141.602,2.254,256,1,0.180613
3350,steady,838.742482,838.988635,246.153,13.726,88.480,141.688,2.234,256,1,0.111359
3351,steady,838.988756,839.234956,246.200,13.737,88.498,141.695,2.241,256,1,0.151793
3352,steady,839.235010,839.481639,246.629,14.093,88.457,141.814,2.238,256,1,0.198310
3353,steady,839.481694,839.728337,246.643,14.142,88.539,141.689,2.248,256,1,0.145538
3354,steady,839.728390,839.974591,246.201,13.666,88.509,141.765,2.235,256,1,0.178565
3355,steady,839.974643,840.220982,246.339,13.857,88.502,141.723,2.229,256,1,0.119886
3356,steady,840.221037,840.467127,246.090,13.642,88.427,141.767,2.227,256,1,0.153107
3357,steady,840.467180,840.713924,246.743,14.009,88.596,141.878,2.234,256,1,0.195784
3358,steady,840.713976,840.960370,246.395,13.660,88.592,141.881,2.236,256,1,0.200536
3359,steady,840.960424,841.206945,246.521,13.743,88.633,141.895,2.225,256,1,0.117351
3360,steady,841.206997,841.453382,246.385,13.937,88.446,141.733,2.243,256,1,0.111790
3361,steady,841.453434,841.699901,246.468,13.931,88.489,141.788,2.233,256,1,0.157798
3362,steady,841.699954,841.946422,246.468,13.879,88.562,141.772,2.229,256,1,0.243709
3363,steady,841.946472,842.192845,246.373,13.815,88.424,141.856,2.253,256,1,0.171333
3364,steady,842.192899,842.438818,245.919,13.533,88.456,141.674,2.231,256,1,0.203607
3365,steady,842.438870,842.685004,246.134,13.447,88.565,141.829,2.267,256,1,0.178891
3366,steady,842.685056,842.931284,246.228,13.841,88.468,141.647,2.245,256,1,0.182323
3367,steady,842.931337,843.177719,246.382,14.028,88.365,141.724,2.238,256,1,0.141447
3368,steady,843.177772,843.424174,246.402,13.804,88.505,141.831,2.234,256,1,0.167427
3369,steady,843.424230,843.670281,246.051,13.550,88.547,141.691,2.237,256,1,0.149985
3370,steady,843.670334,843.916278,245.944,13.547,88.447,141.683,2.243,256,1,0.156829
3371,steady,843.916331,844.162994,246.663,14.144,88.386,141.870,2.236,256,1,0.229209
3372,steady,844.163054,844.409292,246.238,13.556,88.531,141.882,2.242,256,1,0.201234
3373,steady,844.409345,844.655497,246.151,13.804,88.397,141.694,2.231,256,1,0.133555
3374,steady,844.655550,844.901758,246.208,13.728,88.402,141.803,2.248,256,1,0.189764
3375,steady,844.901813,845.148016,246.203,13.686,88.421,141.839,2.229,256,1,0.199372
3376,steady,845.148068,845.394316,246.248,13.666,88.501,141.823,2.230,256,1,0.140841
3377,steady,845.394367,845.640535,246.168,13.608,88.462,141.838,2.234,256,1,0.159908
3378,steady,845.640587,845.886554,245.967,13.454,88.504,141.750,2.232,256,1,0.149742
3379,steady,845.886607,846.133066,246.459,14.194,88.475,141.528,2.237,256,1,0.150745
3380,steady,846.133119,846.379912,246.793,14.057,88.547,141.920,2.243,256,1,0.164919
3381,steady,846.379966,846.626219,246.252,13.717,88.514,141.771,2.225,256,1,0.154826
3382,steady,846.626270,846.872597,246.327,13.593,88.557,141.889,2.263,256,1,0.190659
3383,steady,846.872650,847.118616,245.966,13.401,88.536,141.762,2.241,256,1,0.107585
3384,steady,847.118668,847.364780,246.112,13.607,88.489,141.749,2.241,256,1,0.150041
3385,steady,847.364832,847.611310,246.478,13.760,88.609,141.843,2.238,256,1,0.143731
3386,steady,847.611363,847.857973,246.610,13.952,88.461,141.944,2.226,256,1,0.191702
3387,steady,847.858026,848.104058,246.032,13.610,88.368,141.810,2.219,256,1,0.178621
3388,steady,848.104110,848.350190,246.081,13.507,88.482,141.839,2.227,256,1,0.200878
3389,steady,848.350243,848.596398,246.156,13.661,88.443,141.798,2.229,256,1,0.180960
3390,steady,848.596451,848.842956,246.505,13.712,88.611,141.923,2.234,256,1,0.193231
3391,steady,848.843007,849.089240,246.233,13.730,88.485,141.758,2.235,256,1,0.129120
3392,steady,849.089294,849.335643,246.349,13.564,88.576,141.952,2.231,256,1,0.191858
3393,steady,849.335698,849.582249,246.551,13.823,88.656,141.804,2.243,256,1,0.144551
3394,steady,849.582304,849.829508,247.204,14.606,88.508,141.800,2.265,256,1,0.141200
3395,steady,849.829562,850.075996,246.434,13.878,88.471,141.827,2.233,256,1,0.112561
3396,steady,850.076050,850.322390,246.340,13.672,88.534,141.865,2.244,256,1,0.203641
3397,steady,850.322443,850.568904,246.461,13.770,88.554,141.867,2.245,256,1,0.185687
3398,steady,850.568957,850.815549,246.591,13.821,88.619,141.894,2.231,256,1,0.165873
3399,steady,850.815601,851.061565,245.964,13.387,88.464,141.847,2.238,256,1,0.163461
3400,steady,851.061618,851.307766,246.148,13.759,88.488,141.628,2.246,256,1,0.155647
3401,steady,851.307886,851.554317,246.432,13.879,88.511,141.782,2.229,256,1,0.158881
3402,steady,851.554369,851.800752,246.383,13.677,88.582,141.842,2.257,256,1,0.122702
3403,steady,851.800806,852.046969,246.163,13.632,88.564,141.686,2.255,256,1,0.196882
3404,steady,852.047024,852.293536,246.512,13.934,88.546,141.783,2.223,256,1,0.160436
3405,steady,852.293589,852.540081,246.492,13.877,88.562,141.797,2.231,256,1,0.136284
3406,steady,852.540135,852.786881,246.746,13.821,88.617,142.030,2.253,256,1,0.163642
3407,steady,852.786934,853.038084,251.151,18.520,88.489,141.869,2.248,256,1,0.155341
3408,steady,853.038138,853.284475,246.337,13.593,88.585,141.902,2.232,256,1,0.199892
3409,steady,853.284527,853.531179,246.652,14.218,88.494,141.669,2.245,256,1,0.121468
3410,steady,853.531231,853.777823,246.592,13.727,88.557,142.046,2.235,256,1,0.135603
3411,steady,853.777874,854.024180,246.306,13.813,88.479,141.766,2.223,256,1,0.114020
3412,steady,854.024230,854.270545,246.314,13.668,88.508,141.882,2.229,256,1,0.126981
3413,steady,854.270595,854.516916,246.321,13.498,88.609,141.946,2.243,256,1,0.207002
3414,steady,854.516969,854.763704,246.734,14.100,88.534,141.843,2.232,256,1,0.187407
3415,steady,854.763756,855.010229,246.473,13.876,88.565,141.760,2.245,256,1,0.157650
3416,steady,855.010280,855.256326,246.046,13.577,88.527,141.683,2.236,256,1,0.149442
3417,steady,855.256376,855.503014,246.638,13.886,88.569,141.934,2.225,256,1,0.158335
3418,steady,855.503074,855.749510,246.436,13.830,88.446,141.899,2.236,256,1,0.225990
3419,steady,855.749561,855.995996,246.435,13.833,88.491,141.865,2.220,256,1,0.177423
3420,steady,855.996049,856.242696,246.647,13.837,88.650,141.889,2.248,256,1,0.174414
3421,steady,856.242747,856.489042,246.295,13.639,88.535,141.862,2.235,256,1,0.128758
3422,steady,856.489092,856.735452,246.360,13.641,88.498,141.979,2.216,256,1,0.221752
3423,steady,856.735505,856.981872,246.368,13.776,88.479,141.856,2.231,256,1,0.197086
3424,steady,856.981924,857.228285,246.361,13.669,88.490,141.940,2.236,256,1,0.159798
3425,steady,857.228337,857.475046,246.709,14.070,88.406,141.987,2.222,256,1,0.171062
3426,steady,857.475105,857.721471,246.366,13.463,88.671,141.974,2.232,256,1,0.173511
3427,steady,857.721522,857.968274,246.752,13.900,88.525,142.066,2.235,256,1,0.188119
3428,steady,857.968326,858.214802,246.476,13.749,88.553,141.915,2.233,256,1,0.160446
3429,steady,858.214852,858.461392,246.539,13.795,88.509,141.966,2.241,256,1,0.173587
3430,steady,858.461443,858.707852,246.409,13.604,88.495,142.048,2.233,256,1,0.169436
3431,steady,858.707905,858.954478,246.574,13.983,88.524,141.809,2.233,256,1,0.229932
3432,steady,858.954528,859.201186,246.658,13.859,88.686,141.852,2.236,256,1,0.221076
3433,steady,859.201238,859.448622,247.384,14.629,88.652,141.831,2.247,256,1,0.138301
3434,steady,859.448674,859.694804,246.130,13.510,88.482,141.883,2.229,256,1,0.161713
3435,steady,859.694857,859.941542,246.686,14.028,88.568,141.840,2.224,256,1,0.177629
3436,steady,859.941597,860.188522,246.925,14.010,88.556,142.071,2.262,256,1,0.143012
3437,steady,860.188575,860.434778,246.204,13.508,88.583,141.836,2.252,256,1,0.153865
3438,steady,860.434831,860.681304,246.473,13.751,88.576,141.868,2.253,256,1,0.230133
3439,steady,860.681357,860.927879,246.521,13.694,88.580,141.972,2.248,256,1,0.228771
3440,steady,860.927931,861.175414,247.483,14.465,88.741,142.010,2.241,256,1,0.146665
3441,steady,861.175468,861.421656,246.188,13.396,88.615,141.884,2.265,256,1,0.136273
3442,steady,861.421711,861.668654,246.943,14.167,88.539,141.963,2.248,256,1,0.167014
3443,steady,861.668707,861.915217,246.510,13.662,88.613,141.958,2.253,256,1,0.160735
3444,steady,861.915270,862.161676,246.406,13.587,88.544,142.010,2.238,256,1,0.123874
3445,steady,862.161731,862.408146,246.415,13.620,88.627,141.901,2.242,256,1,0.139846
3446,steady,862.408199,862.654850,246.651,13.801,88.638,141.954,2.233,256,1,0.150814
3447,steady,862.654902,862.901127,246.225,13.434,88.603,141.910,2.251,256,1,0.193985
3448,steady,862.901182,863.147619,246.437,13.695,88.562,141.924,2.229,256,1,0.159107
3449,steady,863.147672,863.394360,246.688,13.766,88.554,142.095,2.246,256,1,0.186825
3450,steady,863.394414,863.642185,247.771,14.930,88.651,141.924,2.241,256,1,0.149066
3451,steady,863.642301,863.888532,246.231,13.444,88.609,141.916,2.233,256,1,0.151678
3452,steady,863.888583,864.135169,246.587,13.683,88.640,142.007,2.231,256,1,0.224756
3453,steady,864.135223,864.381665,246.443,13.641,88.615,141.935,2.225,256,1,0.176652
3454,steady,864.381718,864.628053,246.335,13.635,88.503,141.924,2.246,256,1,0.150468
3455,steady,864.628106,864.875066,246.961,14.110,88.584,142.014,2.226,256,1,0.162975
3456,steady,864.875121,865.121657,246.536,13.772,88.461,142.038,2.239,256,1,0.177919
3457,steady,865.121711,865.368184,246.472,13.621,88.619,141.975,2.230,256,1,0.136515
3458,steady,865.368235,865.614832,246.597,13.613,88.572,142.153,2.234,256,1,0.192965
3459,steady,865.614884,865.861347,246.464,13.692,88.578,141.927,2.241,256,1,0.202064
3460,steady,865.861401,866.107655,246.254,13.403,88.561,142.019,2.246,256,1,0.146457
3461,steady,866.107708,866.354216,246.508,13.661,88.517,142.061,2.244,256,1,0.148895
3462,steady,866.354268,866.600737,246.469,13.656,88.598,141.932,2.244,256,1,0.111317
3463,steady,866.600789,866.847563,246.774,13.861,88.716,141.940,2.230,256,1,0.138022
3464,steady,866.847614,867.093900,246.286,13.535,88.521,141.964,2.242,256,1,0.187561
3465,steady,867.093953,867.340384,246.431,13.684,88.584,141.909,2.229,256,1,0.125075
3466,steady,867.340436,867.587272,246.836,13.967,88.699,141.921,2.223,256,1,0.127885
3467,steady,867.587325,867.834154,246.829,13.932,88.613,142.011,2.246,256,1,0.152344
3468,steady,867.834206,868.080990,246.784,13.854,88.583,142.070,2.251,256,1,0.132108
3469,steady,868.081045,868.326979,245.934,13.260,88.586,141.822,2.239,256,1,0.126792
3470,steady,868.327032,868.573640,246.608,13.489,88.660,142.204,2.230,256,1,0.146716
3471,steady,868.573692,868.819949,246.257,13.397,88.603,141.996,2.236,256,1,0.159655
3472,steady,868.820003,869.066454,246.451,13.779,88.493,141.907,2.247,256,1,0.148474
3473,steady,869.066508,869.313403,246.895,13.959,88.600,142.073,2.238,256,1,0.145678
3474,steady,869.313461,869.560533,247.072,14.140,88.526,142.138,2.242,256,1,0.164438
3475,steady,869.560589,869.807070,246.481,13.616,88.543,142.048,2.239,256,1,0.225057
3476,steady,869.807132,870.053893,246.762,13.868,88.605,142.022,2.239,256,1,0.128691
3477,steady,870.053948,870.300918,246.970,14.055,88.574,142.066,2.248,256,1,0.167212
3478,steady,870.300974,870.547773,246.798,13.873,88.615,142.039,2.245,256,1,0.165387
3479,steady,870.547828,870.794420,246.592,13.695,88.549,142.065,2.257,256,1,0.144157
3480,steady,870.794476,871.041321,246.845,13.848,88.645,142.074,2.252,256,1,0.140491
3481,steady,871.041377,871.288335,246.958,13.875,88.714,142.102,2.241,256,1,0.235683
3482,steady,871.288389,871.535013,246.624,13.793,88.546,142.015,2.245,256,1,0.133521
3483,steady,871.535077,871.781598,246.521,13.636,88.663,141.951,2.243,256,1,0.135095
3484,steady,871.781653,872.028680,247.027,14.066,88.694,141.999,2.241,256,1,0.158534
3485,steady,872.028734,872.275731,246.997,13.916,88.695,142.117,2.244,256,1,0.117754
3486,steady,872.275785,872.522716,246.931,13.767,88.685,142.198,2.255,256,1,0.171443
3487,steady,872.522771,872.769270,246.500,13.435,88.680,142.109,2.250,256,1,0.114878
3488,steady,872.769328,873.016415,247.086,14.083,88.608,142.127,2.244,256,1,0.226396
3489,steady,873.016469,873.263436,246.967,13.807,88.621,142.272,2.240,256,1,0.245823
3490,steady,873.263491,873.510147,246.656,13.608,88.684,142.090,2.248,256,1,0.172196
3491,steady,873.510202,873.757326,247.124,14.045,88.609,142.210,2.234,256,1,0.184520
3492,steady,873.757382,874.004059,246.677,13.696,88.593,142.119,2.243,256,1,0.153308
3493,steady,874.004113,874.250906,246.793,13.761,88.637,142.129,2.238,256,1,0.156149
3494,steady,874.250960,874.498050,247.090,14.026,88.705,142.097,2.236,256,1,0.163855
3495,steady,874.498106,874.744980,246.874,13.997,88.558,142.049,2.245,256,1,0.130697
3496,steady,874.745033,874.991786,246.753,13.649,88.549,142.287,2.243,256,1,0.166092
3497,steady,874.991843,875.238615,246.772,13.754,88.622,142.138,2.230,256,1,0.155415
3498,steady,875.238669,875.485235,246.566,13.589,88.585,142.134,2.232,256,1,0.120840
3499,steady,875.485290,875.732149,246.860,13.886,88.587,142.112,2.249,256,1,0.154721
3500,steady,875.732205,875.979295,247.091,14.005,88.641,142.169,2.250,256,1,0.171167
3501,steady,875.979423,876.226002,246.580,13.584,88.650,142.075,2.242,256,1,0.145742
3502,steady,876.226055,876.472678,246.622,13.693,88.525,142.109,2.269,256,1,0.165202
3503,steady,876.472732,876.719492,246.760,13.746,88.677,142.064,2.246,256,1,0.153349
3504,steady,876.719545,876.966586,247.041,13.763,88.767,142.221,2.262,256,1,0.121681
3505,steady,876.966638,877.213904,247.266,14.146,88.694,142.134,2.266,256,1,0.218413
3506,steady,877.213961,877.461072,247.110,13.936,88.651,142.237,2.260,256,1,0.186328
3507,steady,877.461127,877.707789,246.662,13.492,88.740,142.147,2.255,256,1,0.163461
3508,steady,877.707842,877.954508,246.666,13.517,88.698,142.192,2.234,256,1,0.114687
3509,steady,877.954560,878.201369,246.809,13.670,88.764,142.119,2.231,256,1,0.130887
3510,steady,878.201424,878.447966,246.542,13.402,88.678,142.200,2.236,256,1,0.207301
3511,steady,878.448018,878.694785,246.767,13.827,88.540,142.132,2.242,256,1,0.136060
3512,steady,878.694836,878.942035,247.199,13.863,88.716,142.364,2.230,256,1,0.179071
3513,steady,878.942087,879.188642,246.555,13.512,88.691,142.085,2.243,256,1,0.130652
3514,steady,879.188692,879.448415,259.723,26.357,88.711,142.416,2.213,256,1,0.206929
3515,steady,879.448465,879.700935,252.471,19.177,88.701,142.336,2.230,256,1,0.199219
3516,steady,879.700988,879.947730,246.742,13.337,88.725,142.406,2.249,256,1,0.121496
3517,steady,879.947782,880.200125,252.343,18.870,88.834,142.384,2.228,256,1,0.154614
3518,steady,880.200177,880.446903,246.726,13.397,88.726,142.352,2.226,256,1,0.157215
3519,steady,880.446953,880.693828,246.875,13.490,88.690,142.434,2.236,256,1,0.138204
3520,steady,880.693878,880.940901,247.023,13.767,88.672,142.317,2.242,256,1,0.146431
3521,steady,880.940954,881.187462,246.507,13.264,88.649,142.347,2.222,256,1,0.178494
3522,steady,881.187513,881.434180,246.667,13.441,88.710,142.276,2.216,256,1,0.193660
3523,steady,881.434231,881.680842,246.611,13.482,88.609,142.261,2.233,256,1,0.147565
3524,steady,881.680895,881.927845,246.950,13.520,88.747,142.434,2.223,256,1,0.118888
3525,steady,881.927897,882.175632,247.735,14.174,88.803,142.510,2.223,256,1,0.154609
3526,steady,882.175684,882.422684,247.000,13.672,88.663,142.402,2.238,256,1,0.207384
3527,steady,882.422733,882.669426,246.693,13.631,88.641,142.164,2.232,256,1,0.116678
3528,steady,882.669478,882.916848,247.370,14.111,88.692,142.316,2.228,256,1,0.150164
3529,steady,882.916900,883.163995,247.095,13.660,88.803,142.367,2.238,256,1,0.113385
3530,steady,883.164047,883.410998,246.951,13.689,88.752,142.252,2.232,256,1,0.153848
3531,steady,883.411052,883.658336,247.284,13.997,88.700,142.322,2.233,256,1,0.164986
3532,steady,883.658389,883.905174,246.785,13.572,88.639,142.319,2.231,256,1,0.154201
3533,steady,883.905225,884.152688,247.463,14.350,88.718,142.130,2.239,256,1,0.117885
3534,steady,884.152739,884.400052,247.313,13.909,88.715,142.438,2.226,256,1,0.149242
3535,steady,884.400105,884.646766,246.661,13.470,88.730,142.224,2.213,256,1,0.139261
3536,steady,884.646816,884.893616,246.800,13.621,88.633,142.303,2.217,256,1,0.163603
3537,steady,884.893665,885.140903,247.237,13.908,88.743,142.338,2.222,256,1,0.224213
3538,steady,885.140955,885.387921,246.966,13.497,88.906,142.320,2.217,256,1,0.126508
3539,steady,885.387973,885.634535,246.563,13.355,88.676,142.280,2.225,256,1,0.181240
3540,steady,885.634586,885.881921,247.336,14.074,88.969,142.047,2.220,256,1,0.197931
3541,steady,885.881971,886.128831,246.860,13.683,88.659,142.253,2.239,256,1,0.185181
3542,steady,886.128883,886.375944,247.062,14.059,88.678,142.072,2.225,256,1,0.189617
3543,steady,886.375997,886.622862,246.865,13.786,88.705,142.122,2.228,256,1,0.167230
3544,steady,886.622914,886.870062,247.147,13.993,88.611,142.300,2.218,256,1,0.133602
3545,steady,886.870113,887.117051,246.938,13.744,88.705,142.222,2.244,256,1,0.218037
3546,steady,887.117102,887.363707,246.604,13.702,88.617,142.043,2.217,256,1,0.159893
3547,steady,887.363758,887.610849,247.091,14.156,88.658,142.022,2.228,256,1,0.155546
3548,steady,887.610901,887.857909,247.008,13.972,88.726,142.059,2.225,256,1,0.172809
3549,steady,887.857959,888.104622,246.664,13.727,88.624,142.055,2.232,256,1,0.112008
3550,steady,888.104673,888.351639,246.966,13.906,88.626,142.189,2.219,256,1,0.158195
3551,steady,888.351760,888.598610,246.850,14.056,88.602,141.930,2.233,256,1,0.181220
3552,steady,888.598663,888.845162,246.498,13.738,88.550,141.956,2.228,256,1,0.177901
3553,steady,888.845215,889.091913,246.697,13.822,88.616,141.997,2.238,256,1,0.157674
3554,steady,889.091966,889.338671,246.705,13.803,88.563,142.079,2.235,256,1,0.134411
3555,steady,889.338725,889.585049,246.324,13.545,88.536,141.989,2.228,256,1,0.153882
3556,steady,889.585102,889.832587,247.485,14.707,88.571,141.927,2.254,256,1,0.180465
3557,steady,889.832641,890.078919,246.278,13.618,88.437,141.947,2.251,256,1,0.143178
3558,steady,890.078974,890.325761,246.786,14.025,88.559,141.946,2.231,256,1,0.133304
3559,steady,890.325816,890.572410,246.594,13.824,88.532,141.954,2.260,256,1,0.141131
3560,steady,890.572465,890.819183,246.718,13.927,88.613,141.920,2.231,256,1,0.153713
3561,steady,890.819238,891.065799,246.560,13.777,88.549,141.960,2.248,256,1,0.128012
3562,steady,891.065854,891.312771,246.917,14.182,88.516,141.946,2.250,256,1,0.189381
3563,steady,891.312825,891.559008,246.184,13.454,88.519,141.942,2.245,256,1,0.148219
3564,steady,891.559062,891.805477,246.415,13.639,88.591,141.904,2.246,256,1,0.179285
3565,steady,891.805532,892.051618,246.087,13.435,88.549,141.829,2.248,256,1,0.093681
3566,steady,892.051675,892.298162,246.487,13.714,88.613,141.896,2.236,256,1,0.172341
3567,steady,892.298216,892.544553,246.337,13.589,88.531,141.966,2.226,256,1,0.100710
3568,steady,892.544609,892.791128,246.519,13.555,88.649,142.045,2.245,256,1,0.148669
3569,steady,892.791185,893.038683,247.498,14.820,88.520,141.885,2.246,256,1,0.122473
3570,steady,893.038738,893.285070,246.332,13.723,88.398,141.956,2.230,256,1,0.131879
3571,steady,893.285125,893.531463,246.339,13.773,88.528,141.774,2.238,256,1,0.177860
3572,steady,893.531519,893.777801,246.282,13.566,88.564,141.879,2.247,256,1,0.154981
3573,steady,893.777856,894.024393,246.537,13.849,88.525,141.911,2.226,256,1,0.123826
3574,steady,894.024446,894.270485,246.039,13.333,88.505,141.935,2.241,256,1,0.191309
3575,steady,894.270537,894.516736,246.198,13.572,88.507,141.838,2.254,256,1,0.132729
3576,steady,894.516789,894.763068,246.279,13.544,88.616,141.857,2.237,256,1,0.121007
3577,steady,894.763129,895.009848,246.719,13.883,88.593,141.974,2.245,256,1,0.139115
3578,steady,895.009901,895.255977,246.076,13.474,88.481,141.862,2.233,256,1,0.187123
3579,steady,895.256034,895.506457,250.423,17.873,88.460,141.820,2.244,256,1,0.115135
3580,steady,895.506509,895.753070,246.562,14.016,88.520,141.746,2.255,256,1,0.172387
3581,steady,895.753124,895.999219,246.096,13.633,88.543,141.655,2.239,256,1,0.182395
3582,steady,895.999274,896.245485,246.211,13.527,88.498,141.929,2.230,256,1,0.149615
3583,steady,896.245537,896.493134,247.597,14.834,88.518,141.968,2.252,256,1,0.195197
3584,steady,896.493188,896.739721,246.533,13.742,88.654,141.866,2.246,256,1,0.142998
3585,steady,896.739775,896.986002,246.227,13.849,88.404,141.710,2.237,256,1,0.196313
3586,steady,896.986056,897.232210,246.154,13.632,88.445,141.817,2.235,256,1,0.179685
3587,steady,897.232266,897.478503,246.236,13.808,88.438,141.738,2.227,256,1,0.135219
3588,steady,897.478554,897.724849,246.296,13.677,88.507,141.851,2.235,256,1,0.231588
3589,steady,897.724900,897.971154,246.254,13.619,88.498,141.853,2.257,256,1,0.156684
3590,steady,897.971209,898.217082,245.873,13.394,88.491,141.728,2.234,256,1,0.162666
3591,steady,898.217135,898.463512,246.377,13.765,88.484,141.869,2.233,256,1,0.150338
3592,steady,898.463564,898.710073,246.509,13.925,88.492,141.824,2.239,256,1,0.191910
3593,steady,898.710125,898.956409,246.284,13.748,88.417,141.854,2.239,256,1,0.196642
3594,steady,898.956461,899.202344,245.882,13.290,88.475,141.854,2.239,256,1,0.198448
3595,steady,899.202396,899.448389,245.993,13.416,88.470,141.864,2.219,256,1,0.167536
3596,steady,899.448442,899.694482,246.040,13.491,88.486,141.810,2.228,256,1,0.149408
3597,steady,899.694535,899.940977,246.442,13.918,88.455,141.813,2.230,256,1,0.210200
3598,steady,899.941031,900.187469,246.438,13.774,88.529,141.881,2.228,256,1,0.190872
3599,steady,900.187521,900.433851,246.330,13.875,88.488,141.724,2.218,256,1,0.136372
3600,steady,900.433904,900.680555,246.652,14.210,88.489,141.688,2.239,256,1,0.155603
3601,steady,900.680842,900.926864,246.022,13.394,88.562,141.808,2.228,256,1,0.203324
3602,steady,900.926915,901.173033,246.118,13.721,88.414,141.711,2.247,256,1,0.123203
3603,steady,901.173085,901.419301,246.215,13.789,88.383,141.779,2.238,256,1,0.188885
3604,steady,901.419354,901.665306,245.952,13.532,88.408,141.757,2.228,256,1,0.227676
3605,steady,901.665361,901.911125,245.764,13.293,88.408,141.791,2.244,256,1,0.152176
3606,steady,901.911180,902.157358,246.178,13.605,88.452,141.856,2.238,256,1,0.177778
3607,steady,902.157412,902.403400,245.988,13.485,88.403,141.846,2.228,256,1,0.207905
3608,steady,902.403454,902.649497,246.043,13.551,88.543,141.699,2.224,256,1,0.135123
3609,steady,902.649551,902.895757,246.206,13.871,88.394,141.673,2.242,256,1,0.147127
3610,steady,902.895810,903.142067,246.257,13.969,88.424,141.600,2.237,256,1,0.109774
3611,steady,903.142118,903.388037,245.919,13.634,88.365,141.672,2.222,256,1,0.153063
3612,steady,903.388090,903.633771,245.681,13.313,88.478,141.627,2.238,256,1,0.180265
3613,steady,903.633822,903.879969,246.147,13.829,88.422,141.640,2.232,256,1,0.201546
3614,steady,903.880021,904.125971,245.950,13.513,88.452,141.724,2.235,256,1,0.138370
3615,steady,904.126023,904.371798,245.775,13.584,88.406,141.526,2.233,256,1,0.196638
3616,steady,904.371850,904.617904,246.055,13.713,88.416,141.681,2.218,256,1,0.116357
3617,steady,904.617958,904.864268,246.310,13.951,88.500,141.610,2.223,256,1,0.150983
3618,steady,904.864321,905.110309,245.989,13.569,88.488,141.660,2.246,256,1,0.192974
3619,steady,905.110361,905.356255,245.893,13.600,88.426,141.608,2.233,256,1,0.133065
3620,steady,905.356307,905.602316,246.009,13.555,88.489,141.696,2.244,256,1,0.150011
3621,steady,905.602369,905.848330,245.961,13.597,88.417,141.676,2.246,256,1,0.149404
3622,steady,905.848382,906.094318,245.936,13.474,88.616,141.594,2.228,256,1,0.151245
3623,steady,906.094371,906.340683,246.312,13.865,88.480,141.696,2.247,256,1,0.185687
3624,steady,906.340753,906.586821,246.068,13.631,88.508,141.670,2.232,256,1,0.106923
3625,steady,906.586872,906.833244,246.372,14.003,88.416,141.682,2.246,256,1,0.174126
3626,steady,906.833297,907.079062,245.765,13.430,88.562,141.525,2.222,256,1,0.135675
3627,steady,907.079122,907.325194,246.071,13.484,88.513,141.820,2.228,256,1,0.221211
3628,steady,907.325245,907.573316,248.071,15.657,88.511,141.654,2.224,256,1,0.162904
3629,steady,907.573368,907.819286,245.919,13.688,88.471,141.514,2.222,256,1,0.167096
3630,steady,907.819339,908.065380,246.041,13.587,88.439,141.752,2.237,256,1,0.202579
3631,steady,908.065428,908.311644,246.216,13.885,88.420,141.658,2.225,256,1,0.192686
3632,steady,908.311696,908.557607,245.911,13.693,88.356,141.604,2.231,256,1,0.151143
3633,steady,908.557659,908.803930,246.271,14.003,88.474,141.538,2.232,256,1,0.156863
3634,steady,908.803983,909.049840,245.857,13.599,88.401,141.597,2.235,256,1,0.114897
3635,steady,909.049892,909.296268,246.377,13.781,88.559,141.775,2.237,256,1,0.176325
3636,steady,909.296320,909.542242,245.923,13.497,88.542,141.631,2.228,256,1,0.217740
3637,steady,909.542294,909.788351,246.057,13.771,88.380,141.647,2.233,256,1,0.160635
3638,steady,909.788403,910.036289,247.887,15.585,88.343,141.701,2.232,256,1,0.172739
3639,steady,910.036340,910.282594,246.254,13.747,88.438,141.792,2.251,256,1,0.127723
3640,steady,910.282646,910.528481,245.835,13.475,88.498,141.618,2.217,256,1,0.163415
3641,steady,910.528535,910.774574,246.038,13.688,88.438,141.649,2.238,256,1,0.173374
3642,steady,910.774627,911.020577,245.950,13.530,88.554,141.609,2.231,256,1,0.185270
3643,steady,911.020628,911.266560,245.932,13.610,88.289,141.774,2.233,256,1,0.144284
3644,steady,911.266611,911.512578,245.967,13.524,88.596,141.577,2.244,256,1,0.148971
3645,steady,911.512629,911.758509,245.880,13.476,88.472,141.660,2.246,256,1,0.130051
3646,steady,911.758561,912.004741,246.180,13.683,88.599,141.619,2.253,256,1,0.142160
3647,steady,912.004791,912.250610,245.819,13.358,88.479,141.720,2.238,256,1,0.171495
3648,steady,912.250660,912.497093,246.434,14.107,88.475,141.594,2.233,256,1,0.180378
3649,steady,912.497143,912.743239,246.096,13.877,88.437,141.524,2.231,256,1,0.155851
3650,steady,912.743287,912.989095,245.807,13.531,88.491,141.527,2.232,256,1,0.136777
3651,steady,912.989211,913.235104,245.893,13.501,88.539,141.582,2.241,256,1,0.110881
3652,steady,913.235162,913.481484,246.322,13.958,88.405,141.697,2.234,256,1,0.132272
3653,steady,913.481537,913.727338,245.801,13.651,88.419,141.471,2.233,256,1,0.130506
3654,steady,913.727389,913.973322,245.933,13.644,88.435,141.601,2.229,256,1,0.135329
3655,steady,913.973374,914.219369,245.995,13.810,88.439,141.481,2.239,256,1,0.124563
3656,steady,914.219419,914.467552,248.133,15.951,88.447,141.481,2.227,256,1,0.135231
3657,steady,914.467603,914.713647,246.044,13.818,88.530,141.449,2.222,256,1,0.118765
3658,steady,914.713697,914.959747,246.050,13.637,88.385,141.778,2.224,256,1,0.197460
3659,steady,914.959798,915.205839,246.040,13.716,88.513,141.550,2.237,256,1,0.159028
3660,steady,915.205891,915.451680,245.789,13.632,88.409,141.499,2.223,256,1,0.113453
3661,steady,915.451731,915.697566,245.834,13.504,88.412,141.653,2.239,256,1,0.130723
3662,steady,915.697618,915.943488,245.869,13.540,88.487,141.579,2.238,256,1,0.163031
3663,steady,915.943540,916.189873,246.333,13.920,88.436,141.716,2.235,256,1,0.139528
3664,steady,916.189925,916.436090,246.165,13.885,88.478,141.539,2.237,256,1,0.220731
3665,steady,916.436143,916.682419,246.276,13.923,88.346,141.740,2.242,256,1,0.162171
3666,steady,916.682473,916.928352,245.879,13.710,88.355,141.563,2.227,256,1,0.113450
3667,steady,916.928404,917.175039,246.635,14.412,88.379,141.573,2.244,256,1,0.104816
3668,steady,917.175100,917.421343,246.243,13.785,88.445,141.731,2.255,256,1,0.157830
3669,steady,917.421398,917.667032,245.634,13.564,88.382,141.421,2.239,256,1,0.140273
3670,steady,917.667091,917.913307,246.216,13.997,88.435,141.526,2.231,256,1,0.214738
3671,steady,917.913359,918.159639,246.280,13.824,88.456,141.726,2.247,256,1,0.127088
3672,steady,918.159692,918.405609,245.917,13.667,88.408,141.576,2.239,256,1,0.162768
3673,steady,918.405663,918.652178,246.516,14.089,88.517,141.648,2.237,256,1,0.144361
3674,steady,918.652231,918.897848,245.617,13.413,88.466,141.467,2.245,256,1,0.157218
3675,steady,918.897898,919.143850,245.952,13.773,88.385,141.532,2.236,256,1,0.211294
3676,steady,919.143901,919.390050,246.149,13.826,88.420,141.640,2.235,256,1,0.200733
3677,steady,919.390104,919.635936,245.832,13.611,88.421,141.543,2.230,256,1,0.144075
3678,steady,919.635988,919.882370,246.383,13.982,88.447,141.690,2.237,256,1,0.274784
3679,steady,919.882424,920.128329,245.906,13.631,88.453,141.556,2.240,256,1,0.191169
3680,steady,920.128383,920.374120,245.738,13.602,88.457,141.411,2.241,256,1,0.154610
3681,steady,920.374172,920.620106,245.934,13.497,88.508,141.675,2.226,256,1,0.184348
3682,steady,920.620157,920.867394,247.237,15.107,88.315,141.537,2.251,256,1,0.171965
3683,steady,920.867449,921.113420,245.971,13.843,88.366,141.511,2.225,256,1,0.111148
3684,steady,921.113472,921.360082,246.610,14.265,88.490,141.601,2.228,256,1,0.193988
3685,steady,921.360135,921.606201,246.066,13.779,88.426,141.599,2.235,256,1,0.142265
3686,steady,921.606252,921.852300,246.047,13.641,88.553,141.586,2.241,256,1,0.130231
3687,steady,921.852353,922.098230,245.877,13.646,88.395,141.579,2.230,256,1,0.163335
3688,steady,922.098282,922.344227,245.944,13.604,88.549,141.546,2.220,256,1,0.147513
3689,steady,922.344279,922.590635,246.356,14.027,88.553,141.531,2.218,256,1,0.196040
3690,steady,922.590687,922.836969,246.282,13.853,88.488,141.676,2.239,256,1,0.239760
3691,steady,922.837021,923.083248,246.228,14.022,88.423,141.519,2.237,256,1,0.230944
3692,steady,923.083304,923.329164,245.860,13.610,88.448,141.542,2.233,256,1,0.181139
3693,steady,923.329215,923.575831,246.616,14.083,88.339,141.627,2.538,256,1,0.116607
3694,steady,923.575899,923.822297,246.398,14.017,88.401,141.512,2.442,256,1,0.177766
3695,steady,923.822354,924.069109,246.755,14.528,88.367,141.442,2.391,256,1,0.170611
3696,steady,924.069167,924.315623,246.457,13.895,88.486,141.629,2.419,256,1,0.133493
3697,steady,924.315681,924.562334,246.653,14.087,88.338,141.767,2.434,256,1,0.174992
3698,steady,924.562389,924.809205,246.816,14.265,88.414,141.723,2.388,256,1,0.223166
3699,steady,924.809257,925.055594,246.337,13.846,88.476,141.618,2.372,256,1,0.196097
3700,steady,925.055646,925.302252,246.605,14.088,88.484,141.630,2.376,256,1,0.125880
3701,steady,925.302481,925.549097,246.615,14.065,88.438,141.674,2.408,256,1,0.139162
3702,steady,925.549149,925.795509,246.360,14.028,88.442,141.497,2.367,256,1,0.149588
3703,steady,925.795562,926.041355,245.793,13.496,88.489,141.428,2.353,256,1,0.169803
3704,steady,926.041407,926.287588,246.181,13.879,88.432,141.487,2.356,256,1,0.127182
3705,steady,926.287639,926.534044,246.404,14.104,88.395,141.532,2.349,256,1,0.203090
3706,steady,926.534095,926.780475,246.380,14.130,88.404,141.446,2.375,256,1,0.192962
3707,steady,926.780527,927.029046,248.519,16.192,88.355,141.540,2.406,256,1,0.126453
3708,steady,927.029098,927.275143,246.045,13.796,88.407,141.448,2.369,256,1,0.158746
3709,steady,927.275195,927.521507,246.313,13.831,88.554,141.534,2.365,256,1,0.148847
3710,steady,927.521559,927.768201,246.642,14.296,88.473,141.473,2.375,256,1,0.141712
3711,steady,927.768252,928.014676,246.424,14.018,88.402,141.613,2.365,256,1,0.112609
3712,steady,928.014726,928.261155,246.429,14.033,88.430,141.573,2.366,256,1,0.130918
3713,steady,928.261208,928.508297,247.089,14.600,88.658,141.433,2.373,256,1,0.137549
3714,steady,928.508348,928.754569,246.221,13.658,88.518,141.641,2.379,256,1,0.162609
3715,steady,928.754620,929.000761,246.141,13.713,88.513,141.473,2.412,256,1,0.151371
3716,steady,929.000813,929.247047,246.234,13.830,88.495,141.527,2.354,256,1,0.103299
3717,steady,929.247106,929.492819,245.713,13.424,88.410,141.462,2.391,256,1,0.144984
3718,steady,929.492871,929.739215,246.343,13.768,88.538,141.661,2.351,256,1,0.224849
3719,steady,929.739268,929.985885,246.617,14.160,88.429,141.606,2.397,256,1,0.151408
3720,steady,929.985939,930.232394,246.455,14.271,88.374,141.364,2.421,256,1,0.106733
3721,steady,930.232447,930.478409,245.961,13.666,88.465,141.431,2.375,256,1,0.146370
3722,steady,930.478460,930.725175,246.715,14.522,88.329,141.483,2.357,256,1,0.131674
3723,steady,930.725225,930.971217,245.992,13.774,88.322,141.501,2.368,256,1,0.137746
3724,steady,930.971269,931.217295,246.026,13.731,88.302,141.597,2.370,256,1,0.201616
3725,steady,931.217347,931.463559,246.213,13.882,88.424,141.505,2.376,256,1,0.136564
3726,steady,931.463612,931.709602,245.989,13.653,88.406,141.555,2.350,256,1,0.123726
3727,steady,931.709653,931.956126,246.473,14.084,88.422,141.587,2.353,256,1,0.127768
3728,steady,931.956177,932.202230,246.052,13.563,88.481,141.585,2.397,256,1,0.176073
3729,steady,932.202280,932.448159,245.879,13.625,88.302,141.571,2.355,256,1,0.108465
3730,steady,932.448212,932.694181,245.970,13.661,88.385,141.532,2.364,256,1,0.170936
3731,steady,932.694231,932.940042,245.811,13.604,88.381,141.432,2.367,256,1,0.166587
3732,steady,932.940093,933.186228,246.136,13.598,88.498,141.640,2.375,256,1,0.141961
3733,steady,933.186280,933.432517,246.238,13.753,88.504,141.541,2.414,256,1,0.125014
3734,steady,933.432566,933.680627,248.060,15.653,88.391,141.592,2.397,256,1,0.131548
3735,steady,933.680678,933.926360,245.682,13.417,88.361,141.515,2.360,256,1,0.192667
3736,steady,933.926410,934.174866,248.456,16.071,88.454,141.532,2.373,256,1,0.188651
3737,steady,934.174917,934.421059,246.142,13.824,88.324,141.558,2.408,256,1,0.148775
3738,steady,934.421114,934.667858,246.744,14.292,88.453,141.616,2.354,256,1,0.170998
3739,steady,934.667907,934.914211,246.304,13.949,88.393,141.572,2.364,256,1,0.171712
3740,steady,934.914260,935.160648,246.388,13.931,88.445,141.577,2.408,256,1,0.181513
3741,steady,935.160698,935.406827,246.129,13.859,88.426,141.462,2.356,256,1,0.147939
3742,steady,935.406878,935.653748,246.870,14.355,88.544,141.548,2.398,256,1,0.159205
3743,steady,935.653798,935.899875,246.076,13.677,88.470,141.535,2.368,256,1,0.182084
3744,steady,935.899926,936.146107,246.182,13.828,88.431,141.503,2.393,256,1,0.148928
3745,steady,936.146158,936.393511,247.353,14.861,88.413,141.530,2.520,256,1,0.135135
3746,steady,936.393575,936.640321,246.746,14.232,88.411,141.644,2.431,256,1,0.164890
3747,steady,936.640378,936.886540,246.162,13.756,88.438,141.558,2.384,256,1,0.190087
3748,steady,936.886593,937.133135,246.541,14.140,88.440,141.540,2.395,256,1,0.117257
3749,steady,937.133187,937.379830,246.642,14.321,88.383,141.531,2.381,256,1,0.132174
3750,steady,937.379882,937.626263,246.381,14.171,88.322,141.535,2.326,256,1,0.156445
3751,steady,937.626382,937.872861,246.479,14.046,88.373,141.615,2.414,256,1,0.111666
3752,steady,937.872912,938.119298,246.386,14.038,88.419,141.538,2.363,256,1,0.118752
3753,steady,938.119348,938.365624,246.276,14.006,88.372,141.484,2.387,256,1,0.126640
3754,steady,938.365676,938.611935,246.259,13.793,88.492,141.582,2.366,256,1,0.152263
3755,steady,938.611986,938.858565,246.579,14.228,88.332,141.629,2.363,256,1,0.139391
3756,steady,938.858615,939.104710,246.094,13.776,88.336,141.566,2.391,256,1,0.149230
3757,steady,939.104760,939.351122,246.361,13.655,88.548,141.756,2.376,256,1,0.121387
3758,steady,939.351173,939.597908,246.735,14.313,88.409,141.617,2.367,256,1,0.149770
3759,steady,939.597957,939.844306,246.349,14.130,88.351,141.516,2.327,256,1,0.154851
3760,steady,939.844356,940.090369,246.014,13.600,88.501,141.524,2.363,256,1,0.136588
3761,steady,940.090418,940.336668,246.250,13.912,88.407,141.536,2.369,256,1,0.159733
3762,steady,940.336719,940.582766,246.047,13.560,88.399,141.687,2.376,256,1,0.147890
3763,steady,940.582817,940.829127,246.310,13.885,88.530,141.481,2.390,256,1,0.103872
3764,steady,940.829177,941.075425,246.248,13.839,88.475,141.535,2.374,256,1,0.192335
3765,steady,941.075476,941.321866,246.389,14.025,88.382,141.580,2.374,256,1,0.118355
3766,steady,941.321917,941.568690,246.772,14.357,88.389,141.630,2.371,256,1,0.158516
3767,steady,941.568740,941.814939,246.200,13.785,88.485,141.552,2.353,256,1,0.130896
3768,steady,941.814991,942.061127,246.137,13.965,88.379,141.390,2.376,256,1,0.182599
3769,steady,942.061181,942.307754,246.573,14.277,88.438,141.454,2.378,256,1,0.132321
3770,steady,942.307807,942.554257,246.450,14.076,88.392,141.594,2.362,256,1,0.130626
3771,steady,942.554305,942.800681,246.376,14.240,88.305,141.441,2.366,256,1,0.137432
3772,steady,942.800752,943.047764,247.011,14.499,88.562,141.543,2.379,256,1,0.213682
3773,steady,943.047814,943.294488,246.674,14.187,88.416,141.690,2.355,256,1,0.167965
3774,steady,943.294538,943.541165,246.627,14.069,88.466,141.703,2.362,256,1,0.158853
3775,steady,943.541216,943.787653,246.437,13.867,88.437,141.766,2.340,256,1,0.174919
3776,steady,943.787705,944.034403,246.697,14.261,88.401,141.691,2.318,256,1,0.141286
3777,steady,944.034452,944.280553,246.101,13.682,88.431,141.595,2.369,256,1,0.216887
3778,steady,944.280604,944.526922,246.318,13.828,88.424,141.681,2.360,256,1,0.166616
3779,steady,944.526973,944.773184,246.211,13.827,88.411,141.587,2.361,256,1,0.137803
3780,steady,944.773237,945.019299,246.062,13.785,88.379,141.495,2.377,256,1,0.170276
3781,steady,945.019350,945.265620,246.270,13.990,88.404,141.499,2.352,256,1,0.216844
3782,steady,945.265670,945.511719,246.049,13.736,88.404,141.514,2.370,256,1,0.118319
3783,steady,945.511771,945.758338,246.567,14.182,88.429,141.567,2.362,256,1,0.155642
3784,steady,945.758388,946.004851,246.463,14.087,88.473,141.488,2.390,256,1,0.255846
3785,steady,946.004903,946.251008,246.105,13.774,88.343,141.611,2.351,256,1,0.182343
3786,steady,946.251067,946.498556,247.489,15.173,88.376,141.567,2.345,256,1,0.145299
3787,steady,946.498606,946.744839,246.233,13.870,88.425,141.569,2.343,256,1,0.189210
3788,steady,946.744890,946.990894,246.004,13.647,88.364,141.630,2.337,256,1,0.120149
3789,steady,946.990946,947.236828,245.882,13.498,88.424,141.583,2.351,256,1,0.181051
3790,steady,947.236878,947.482986,246.108,13.825,88.409,141.506,2.344,256,1,0.129470
3791,steady,947.483037,947.728938,245.901,13.644,88.358,141.500,2.364,256,1,0.129217
3792,steady,947.728987,947.975349,246.362,14.115,88.447,141.437,2.338,256,1,0.146621
3793,steady,947.975399,948.221256,245.857,13.448,88.451,141.576,2.356,256,1,0.178113
3794,steady,948.221307,948.467485,246.178,13.950,88.347,141.499,2.355,256,1,0.174461
3795,steady,948.467538,948.714199,246.661,14.177,88.475,141.640,2.344,256,1,0.136335
3796,steady,948.714249,948.960976,246.727,14.313,88.483,141.548,2.358,256,1,0.144876
3797,steady,948.961028,949.207060,246.033,13.651,88.475,141.538,2.343,256,1,0.135787
3798,steady,949.207111,949.453230,246.120,13.813,88.368,141.578,2.336,256,1,0.179711
3799,steady,949.453280,949.699346,246.066,13.774,88.367,141.535,2.365,256,1,0.163416
3800,steady,949.699396,949.945573,246.177,13.693,88.419,141.674,2.361,256,1,0.192386
3801,steady,949.945707,950.192095,246.388,13.898,88.554,141.631,2.274,256,1,0.157709
3802,steady,950.192152,950.438180,246.028,13.775,88.386,141.581,2.261,256,1,0.121582
3803,steady,950.438238,950.684383,246.146,13.790,88.475,141.607,2.249,256,1,0.141473
3804,steady,950.684439,950.930910,246.470,14.186,88.418,141.563,2.276,256,1,0.176725
3805,steady,950.930967,951.176945,245.977,13.730,88.405,141.557,2.258,256,1,0.133885
3806,steady,951.177000,951.423366,246.367,14.053,88.421,141.613,2.253,256,1,0.158135
3807,steady,951.423423,951.669628,246.206,14.019,88.381,141.531,2.247,256,1,0.147690
3808,steady,951.669685,951.915948,246.263,14.035,88.342,141.616,2.244,256,1,0.211550
3809,steady,951.916003,952.162401,246.398,14.096,88.399,141.615,2.261,256,1,0.119449
3810,steady,952.162457,952.408300,245.843,13.608,88.403,141.559,2.249,256,1,0.155172
3811,steady,952.408354,952.654378,246.024,13.747,88.503,141.496,2.251,256,1,0.126934
3812,steady,952.654432,952.900631,246.199,13.892,88.432,141.602,2.249,256,1,0.189728
3813,steady,952.900686,953.146781,246.094,13.956,88.363,141.512,2.238,256,1,0.173862
3814,steady,953.146834,953.392780,245.947,13.724,88.336,141.581,2.277,256,1,0.179826
3815,steady,953.392839,953.638635,245.797,13.504,88.552,141.441,2.271,256,1,0.150434
3816,steady,953.638691,953.885588,246.897,14.419,88.537,141.647,2.266,256,1,0.142595
3817,steady,953.885641,954.131588,245.947,13.717,88.490,141.480,2.233,256,1,0.126535
3818,steady,954.131643,954.377549,245.906,13.426,88.532,141.680,2.242,256,1,0.151759
3819,steady,954.377600,954.624901,247.301,14.991,88.436,141.602,2.247,256,1,0.174512
3820,steady,954.624952,954.870821,245.869,13.674,88.431,141.507,2.231,256,1,0.167430
3821,steady,954.870874,955.116799,245.925,13.576,88.483,141.591,2.250,256,1,0.163746
3822,steady,955.116853,955.362509,245.656,13.372,88.524,141.488,2.247,256,1,0.153345
3823,steady,955.362561,955.608555,245.994,13.749,88.405,141.570,2.244,256,1,0.163963
3824,steady,955.608608,955.854834,246.226,13.865,88.461,141.642,2.232,256,1,0.170781
3825,steady,955.854885,956.100761,245.875,13.593,88.417,141.587,2.252,256,1,0.138514
3826,steady,956.100814,956.347198,246.384,13.883,88.559,141.680,2.235,256,1,0.120404
3827,steady,956.347250,956.593303,246.053,13.698,88.396,141.699,2.234,256,1,0.098229
3828,steady,956.593354,956.839278,245.925,13.530,88.487,141.631,2.250,256,1,0.130431
3829,steady,956.839331,957.085503,246.172,13.790,88.346,141.784,2.227,256,1,0.150394
3830,steady,957.085556,957.331467,245.912,13.600,88.408,141.657,2.221,256,1,0.218921
3831,steady,957.331521,957.577569,246.049,13.764,88.434,141.603,2.222,256,1,0.158596
3832,steady,957.577619,957.824187,246.568,14.286,88.436,141.591,2.230,256,1,0.166094
3833,steady,957.824240,958.070160,245.920,13.636,88.453,141.575,2.230,256,1,0.126374
3834,steady,958.070212,958.316852,246.640,14.235,88.418,141.724,2.238,256,1,0.187404
3835,steady,958.316903,958.562993,246.090,13.782,88.390,141.651,2.242,256,1,0.139029
3836,steady,958.563051,958.809039,245.988,13.691,88.448,141.590,2.232,256,1,0.132612
3837,steady,958.809090,959.054864,245.774,13.508,88.372,141.637,2.231,256,1,0.157070
3838,steady,959.054916,959.300974,246.058,13.698,88.458,141.639,2.237,256,1,0.213077
3839,steady,959.301028,959.547357,246.329,13.964,88.438,141.659,2.241,256,1,0.185110
3840,steady,959.547409,959.793308,245.898,13.559,88.422,141.649,2.242,256,1,0.118230
3841,steady,959.793360,960.039882,246.523,14.062,88.457,141.746,2.231,256,1,0.153340
3842,steady,960.039935,960.285784,245.850,13.494,88.447,141.641,2.242,256,1,0.125644
3843,steady,960.285836,960.531826,245.990,13.837,88.307,141.575,2.244,256,1,0.165021
3844,steady,960.531878,960.777501,245.622,13.398,88.404,141.564,2.230,256,1,0.161261
3845,steady,960.777553,961.025552,247.999,15.669,88.456,141.612,2.238,256,1,0.153649
3846,steady,961.025604,961.271734,246.130,13.945,88.402,141.521,2.232,256,1,0.172469
3847,steady,961.271786,961.517670,245.884,13.471,88.429,141.715,2.243,256,1,0.178678
3848,steady,961.517724,961.763437,245.713,13.431,88.424,141.598,2.234,256,1,0.156317
3849,steady,961.763490,962.009172,245.682,13.588,88.311,141.538,2.220,256,1,0.156326
3850,steady,962.009224,962.255379,246.155,13.881,88.423,141.582,2.243,256,1,0.167972
3851,steady,962.255503,962.501418,245.915,13.558,88.475,141.612,2.239,256,1,0.137445
3852,steady,962.501474,962.747638,246.164,13.912,88.430,141.567,2.229,256,1,0.129065
3853,steady,962.747690,962.993326,245.636,13.421,88.515,141.437,2.237,256,1,0.187060
3854,steady,962.993378,963.239540,246.161,13.705,88.500,141.688,2.243,256,1,0.128327
3855,steady,963.239593,963.485576,245.984,13.640,88.485,141.595,2.239,256,1,0.199398
3856,steady,963.485630,963.731762,246.132,13.819,88.418,141.624,2.244,256,1,0.140340
3857,steady,963.731817,963.978934,247.117,14.804,88.393,141.651,2.243,256,1,0.142748
3858,steady,963.978986,964.224817,245.832,13.508,88.322,141.732,2.244,256,1,0.139499
3859,steady,964.224868,964.471275,246.407,13.992,88.479,141.668,2.241,256,1,0.134216
3860,steady,964.471331,964.717349,246.018,13.724,88.498,141.540,2.229,256,1,0.199147
3861,steady,964.717404,964.963670,246.265,13.731,88.566,141.704,2.238,256,1,0.190442
3862,steady,964.963723,965.209695,245.972,13.590,88.452,141.658,2.246,256,1,0.108856
3863,steady,965.209749,965.455988,246.239,13.882,88.506,141.588,2.235,256,1,0.139763
3864,steady,965.456042,965.702192,246.149,13.736,88.447,141.714,2.226,256,1,0.213998
3865,steady,965.702245,965.948489,246.244,13.870,88.486,141.630,2.232,256,1,0.158864
3866,steady,965.948541,966.194837,246.296,13.833,88.504,141.701,2.232,256,1,0.128071
3867,steady,966.194889,966.441736,246.847,14.297,88.461,141.828,2.235,256,1,0.202674
3868,steady,966.441790,966.687793,246.003,13.643,88.419,141.681,2.232,256,1,0.140412
3869,steady,966.687844,966.933801,245.957,13.530,88.458,141.705,2.238,256,1,0.109487
3870,steady,966.933852,967.180379,246.526,14.173,88.465,141.630,2.233,256,1,0.147848
3871,steady,967.180430,967.426417,245.987,13.690,88.466,141.565,2.241,256,1,0.183686
3872,steady,967.426469,967.672591,246.122,13.723,88.477,141.641,2.256,256,1,0.164958
3873,steady,967.672644,967.919270,246.625,14.255,88.546,141.555,2.245,256,1,0.149203
3874,steady,967.919322,968.165732,246.410,14.000,88.479,141.673,2.232,256,1,0.120634
3875,steady,968.165785,968.412126,246.341,13.880,88.505,141.695,2.234,256,1,0.190189
3876,steady,968.412178,968.658147,245.968,13.418,88.578,141.719,2.228,256,1,0.216160
3877,steady,968.658199,968.904449,246.250,13.660,88.535,141.792,2.238,256,1,0.115053
3878,steady,968.904501,969.151557,247.056,14.586,88.453,141.758,2.232,256,1,0.100109
3879,steady,969.151611,969.397376,245.765,13.398,88.472,141.640,2.229,256,1,0.124832
3880,steady,969.397427,969.643219,245.792,13.379,88.470,141.689,2.228,256,1,0.123725
3881,steady,969.643272,969.889422,246.150,13.861,88.374,141.660,2.229,256,1,0.165344
3882,steady,969.889474,970.135480,246.006,13.470,88.514,141.767,2.229,256,1,0.115967
3883,steady,970.135533,970.381478,245.945,13.602,88.472,141.616,2.228,256,1,0.254606
3884,steady,970.381533,970.627705,246.173,13.787,88.505,141.631,2.222,256,1,0.121074
3885,steady,970.627759,970.873418,245.660,13.207,88.449,141.737,2.241,256,1,0.161141
3886,steady,970.873472,971.119353,245.881,13.380,88.480,141.764,2.233,256,1,0.217059
3887,steady,971.119405,971.365448,246.043,13.509,88.419,141.856,2.233,256,1,0.255652
3888,steady,971.365501,971.611564,246.063,13.508,88.428,141.866,2.234,256,1,0.215144
3889,steady,971.611619,971.857834,246.215,13.750,88.453,141.745,2.242,256,1,0.190485
3890,steady,971.857886,972.103839,245.952,13.552,88.553,141.590,2.232,256,1,0.168822
3891,steady,972.103892,972.349969,246.077,13.446,88.444,141.914,2.247,256,1,0.143390
3892,steady,972.350022,972.596036,246.014,13.653,88.496,141.599,2.242,256,1,0.118965
3893,steady,972.596090,972.842240,246.150,13.595,88.527,141.775,2.226,256,1,0.142325
3894,steady,972.842292,973.088325,246.032,13.512,88.480,141.781,2.233,256,1,0.141419
3895,steady,973.088377,973.334653,246.277,13.652,88.579,141.778,2.243,256,1,0.185677
3896,steady,973.334707,973.581098,246.392,13.876,88.460,141.784,2.246,256,1,0.252027
3897,steady,973.581153,973.827143,245.990,13.592,88.481,141.640,2.250,256,1,0.144520
3898,steady,973.827196,974.073929,246.734,14.136,88.489,141.851,2.231,256,1,0.139265
3899,steady,974.073983,974.319915,245.932,13.382,88.374,141.905,2.245,256,1,0.124311
3900,steady,974.319969,974.565941,245.972,13.481,88.452,141.771,2.242,256,1,0.260999
3901,steady,974.566059,974.812327,246.269,13.567,88.600,141.823,2.250,256,1,0.159885
3902,steady,974.812382,975.058198,245.817,13.555,88.404,141.599,2.232,256,1,0.176075
3903,steady,975.058250,975.304458,246.208,13.657,88.560,141.701,2.264,256,1,0.155688
3904,steady,975.304509,975.550738,246.228,13.618,88.544,141.805,2.232,256,1,0.160416
3905,steady,975.550793,975.796857,246.065,13.566,88.486,141.732,2.255,256,1,0.156165
3906,steady,975.796910,976.043336,246.427,13.930,88.457,141.776,2.236,256,1,0.239687
3907,steady,976.043391,976.289367,245.977,13.616,88.524,141.570,2.242,256,1,0.158193
3908,steady,976.289420,976.535179,245.759,13.295,88.424,141.777,2.237,256,1,0.162212
3909,steady,976.535232,976.781241,246.010,13.396,88.565,141.790,2.232,256,1,0.138496
3910,steady,976.781296,977.028096,246.800,14.297,88.488,141.756,2.233,256,1,0.187758
3911,steady,977.028147,977.274201,246.054,13.579,88.548,141.662,2.237,256,1,0.111794
3912,steady,977.274253,977.520592,246.339,13.791,88.558,141.713,2.251,256,1,0.129656
3913,steady,977.520643,977.766321,245.678,13.174,88.474,141.748,2.257,256,1,0.131963
3914,steady,977.766374,978.012445,246.071,13.586,88.463,141.728,2.268,256,1,0.160949
3915,steady,978.012497,978.258580,246.083,13.627,88.476,141.712,2.242,256,1,0.157576
3916,steady,978.258634,978.504926,246.293,13.773,88.503,141.733,2.257,256,1,0.116266
3917,steady,978.504981,978.750924,245.944,13.320,88.501,141.864,2.231,256,1,0.083816
3918,steady,978.750980,978.996799,245.819,13.419,88.447,141.673,2.253,256,1,0.154678
3919,steady,978.996853,979.242932,246.078,13.473,88.474,141.870,2.236,256,1,0.154731
3920,steady,979.242983,979.489148,246.165,13.564,88.677,141.672,2.226,256,1,0.215677
3921,steady,979.489201,979.735520,246.319,13.626,88.538,141.898,2.231,256,1,0.188268
3922,steady,979.735575,979.981944,246.369,13.707,88.504,141.875,2.256,256,1,0.134862
3923,steady,979.981998,980.228657,246.659,14.080,88.466,141.836,2.251,256,1,0.165698
3924,steady,980.228710,980.475637,246.927,14.146,88.596,141.912,2.248,256,1,0.136392
3925,steady,980.475691,980.721777,246.086,13.625,88.454,141.753,2.227,256,1,0.207623
3926,steady,980.721831,980.968641,246.810,14.128,88.614,141.793,2.249,256,1,0.201993
3927,steady,980.968692,981.215060,246.368,13.644,88.622,141.826,2.244,256,1,0.208592
3928,steady,981.215113,981.461395,246.282,13.585,88.537,141.891,2.242,256,1,0.139109
3929,steady,981.461452,981.707761,246.309,13.785,88.501,141.757,2.238,256,1,0.151348
3930,steady,981.707814,981.953797,245.984,13.513,88.451,141.749,2.245,256,1,0.155766
3931,steady,981.953849,982.200110,246.260,13.640,88.534,141.821,2.240,256,1,0.178125
3932,steady,982.200163,982.446030,245.867,13.464,88.398,141.753,2.227,256,1,0.120839
3933,steady,982.446082,982.692054,245.972,13.415,88.518,141.788,2.225,256,1,0.173186
3934,steady,982.692106,982.938453,246.347,13.725,88.451,141.914,2.229,256,1,0.170597
3935,steady,982.938503,983.184756,246.253,13.528,88.594,141.860,2.246,256,1,0.191238
3936,steady,983.184808,983.431143,246.335,13.665,88.596,141.818,2.230,256,1,0.122116
3937,steady,983.431195,983.677491,246.296,13.638,88.522,141.859,2.251,256,1,0.171496
3938,steady,983.677544,983.923926,246.382,13.896,88.495,141.741,2.225,256,1,0.147916
3939,steady,983.923978,984.170541,246.562,13.973,88.523,141.808,2.233,256,1,0.141681
3940,steady,984.170593,984.416726,246.132,13.528,88.441,141.893,2.245,256,1,0.237784
3941,steady,984.416778,984.662849,246.071,13.360,88.650,141.798,2.237,256,1,0.122634
3942,steady,984.662899,984.909088,246.188,13.587,88.616,141.730,2.230,256,1,0.122042
3943,steady,984.909139,985.155708,246.569,13.905,88.417,141.983,2.238,256,1,0.119849
3944,steady,985.155761,985.401798,246.037,13.459,88.529,141.776,2.247,256,1,0.116263
3945,steady,985.401851,985.648681,246.831,13.913,88.606,142.029,2.257,256,1,0.134243
3946,steady,985.648734,985.895641,246.907,14.113,88.575,141.949,2.245,256,1,0.182811
3947,steady,985.895694,986.142019,246.325,13.607,88.639,141.825,2.227,256,1,0.137324
3948,steady,986.142071,986.388405,246.334,13.675,88.506,141.894,2.232,256,1,0.203744
3949,steady,986.388457,986.634879,246.421,13.639,88.521,142.005,2.230,256,1,0.161878
3950,steady,986.634931,986.881212,246.281,13.699,88.496,141.830,2.230,256,1,0.142507
3951,steady,986.881326,987.127621,246.295,13.501,88.541,141.997,2.226,256,1,0.158480
3952,steady,987.127674,987.375693,248.019,15.115,88.680,141.966,2.231,256,1,0.171714
3953,steady,987.375745,987.621967,246.222,13.587,88.488,141.890,2.232,256,1,0.170135
3954,steady,987.622018,987.870174,248.155,15.507,88.661,141.724,2.238,256,1,0.169295
3955,steady,987.870226,988.116657,246.431,13.622,88.523,142.010,2.252,256,1,0.151159
3956,steady,988.116710,988.362845,246.135,13.503,88.491,141.881,2.233,256,1,0.141788
3957,steady,988.362898,988.609211,246.313,13.519,88.575,141.963,2.230,256,1,0.169815
3958,steady,988.609266,988.855910,246.645,14.055,88.581,141.741,2.243,256,1,0.139029
3959,steady,988.855964,989.102217,246.253,13.530,88.530,141.939,2.229,256,1,0.140834
3960,steady,989.102271,989.351061,248.790,15.825,88.600,142.091,2.242,256,1,0.101076
3961,steady,989.351116,989.597528,246.412,13.782,88.486,141.864,2.253,256,1,0.191059
3962,steady,989.597582,989.844540,246.959,14.371,88.502,141.828,2.232,256,1,0.171384
3963,steady,989.844594,990.091649,247.055,14.308,88.628,141.855,2.238,256,1,0.148510
3964,steady,990.091704,990.338627,246.923,14.145,88.586,141.930,2.234,256,1,0.149622
3965,steady,990.338679,990.585836,247.157,14.426,88.562,141.907,2.236,256,1,0.122759
3966,steady,990.585889,990.833302,247.413,14.655,88.568,141.923,2.242,256,1,0.105235
3967,steady,990.833354,991.080119,246.765,13.976,88.604,141.921,2.237,256,1,0.212725
3968,steady,991.080174,991.327252,247.077,14.125,88.644,142.047,2.236,256,1,0.131752
3969,steady,991.327304,991.573755,246.451,13.619,88.622,141.946,2.238,256,1,0.202100
3970,steady,991.573806,991.820402,246.596,13.730,88.556,142.043,2.243,256,1,0.168581
3971,steady,991.820454,992.067227,246.773,13.952,88.549,142.004,2.242,256,1,0.107882
3972,steady,992.067283,992.314407,247.124,14.445,88.529,141.879,2.246,256,1,0.144774
3973,steady,992.314458,992.561301,246.843,14.081,88.516,141.992,2.228,256,1,0.167636
3974,steady,992.561353,992.808164,246.810,14.063,88.481,142.014,2.225,256,1,0.112363
3975,steady,992.808218,993.054995,246.777,13.992,88.459,142.068,2.233,256,1,0.148105
3976,steady,993.055045,993.301677,246.631,13.739,88.686,141.934,2.240,256,1,0.148231
3977,steady,993.301729,993.548492,246.762,13.873,88.639,141.990,2.233,256,1,0.150638
3978,steady,993.548543,993.795680,247.137,14.621,88.459,141.792,2.239,256,1,0.085970
3979,steady,993.795733,994.042202,246.469,13.620,88.577,142.013,2.232,256,1,0.118148
3980,steady,994.042253,994.289301,247.048,14.127,88.761,141.911,2.224,256,1,0.105001
3981,steady,994.289353,994.536135,246.782,13.986,88.529,142.019,2.224,256,1,0.125431
3982,steady,994.536186,994.782946,246.760,13.778,88.682,142.042,2.232,256,1,0.214937
3983,steady,994.782999,995.030142,247.144,14.292,88.629,141.969,2.229,256,1,0.145870
3984,steady,995.030195,995.276841,246.646,13.844,88.602,141.941,2.235,256,1,0.113250
3985,steady,995.276893,995.523659,246.766,13.898,88.679,141.948,2.216,256,1,0.149628
3986,steady,995.523711,995.770606,246.894,13.846,88.705,142.088,2.228,256,1,0.135589
3987,steady,995.770657,996.018167,247.510,14.774,88.496,141.981,2.235,256,1,0.174974
3988,steady,996.018218,996.265020,246.802,13.798,88.561,142.174,2.245,256,1,0.214881
3989,steady,996.265074,996.511518,246.444,13.628,88.600,141.951,2.237,256,1,0.225738
3990,steady,996.511571,996.757983,246.412,13.478,88.541,142.138,2.229,256,1,0.170414
3991,steady,996.758034,997.004682,246.647,13.686,88.646,142.053,2.238,256,1,0.106189
3992,steady,997.004733,997.251485,246.752,14.008,88.540,141.959,2.218,256,1,0.139299
3993,steady,997.251539,997.501978,250.440,17.410,88.707,142.076,2.221,256,1,0.126836
3994,steady,997.502029,997.748709,246.680,13.534,88.766,142.115,2.241,256,1,0.184754
3995,steady,997.748760,997.995664,246.903,13.802,88.626,142.210,2.239,256,1,0.169356
3996,steady,997.995715,998.242780,247.065,14.190,88.599,142.014,2.236,256,1,0.164258
3997,steady,998.242835,998.489769,246.934,14.008,88.612,142.061,2.227,256,1,0.158597
3998,steady,998.489821,998.736771,246.950,13.867,88.732,142.077,2.250,256,1,0.228084
3999,steady,998.736822,998.983225,246.403,13.579,88.580,141.974,2.245,256,1,0.193258
4000,steady,998.983278,999.230336,247.058,14.029,88.613,142.152,2.238,256,1,0.106965
4001,steady,999.230460,999.477382,246.922,13.998,88.621,142.041,2.234,256,1,0.189530
4002,steady,999.477433,999.724151,246.718,13.781,88.618,142.054,2.239,256,1,0.156775
4003,steady,999.724203,999.971855,247.652,14.594,88.618,142.182,2.231,256,1,0.170186
4004,steady,999.971909,1000.219687,247.779,14.662,88.535,142.320,2.234,256,1,0.145636
4005,steady,1000.219743,1000.466831,247.087,13.996,88.596,142.236,2.234,256,1,0.110373
4006,steady,1000.466882,1000.713987,247.105,13.914,88.673,142.253,2.239,256,1,0.237261
4007,steady,1000.714040,1000.960825,246.784,13.830,88.567,142.115,2.247,256,1,0.165467
4008,steady,1000.960878,1001.207411,246.533,13.700,88.508,142.082,2.217,256,1,0.131944
4009,steady,1001.207464,1001.454222,246.758,13.821,88.556,142.113,2.243,256,1,0.124252
4010,steady,1001.454273,1001.700973,246.699,13.604,88.644,142.174,2.251,256,1,0.147200
4011,steady,1001.701027,1001.948206,247.179,14.187,88.589,142.135,2.243,256,1,0.140487
4012,steady,1001.948260,1002.195003,246.742,13.735,88.557,142.183,2.241,256,1,0.112396
4013,steady,1002.195055,1002.441407,246.352,13.298,88.619,142.158,2.244,256,1,0.179269
4014,steady,1002.441461,1002.688477,247.016,13.896,88.700,142.163,2.231,256,1,0.165902
4015,steady,1002.688529,1002.935050,246.521,13.400,88.609,142.240,2.247,256,1,0.125472
4016,steady,1002.935112,1003.181393,246.281,13.432,88.612,141.983,2.228,256,1,0.088000
4017,steady,1003.181447,1003.428027,246.580,13.456,88.634,142.224,2.239,256,1,0.115957
4018,steady,1003.428080,1003.675044,246.964,13.746,88.674,142.292,2.226,256,1,0.189550
4019,steady,1003.675104,1003.922338,247.234,13.969,88.658,142.312,2.268,256,1,0.190717
4020,steady,1003.922392,1004.169192,246.801,13.721,88.629,142.189,2.235,256,1,0.130079
4021,steady,1004.169244,1004.416460,247.216,14.047,88.668,142.240,2.236,256,1,0.203174
4022,steady,1004.416512,1004.663257,246.745,13.531,88.636,142.325,2.227,256,1,0.160965
4023,steady,1004.663309,1004.910092,246.783,13.571,88.773,142.191,2.223,256,1,0.164630
4024,steady,1004.910143,1005.156865,246.722,13.729,88.613,142.119,2.235,256,1,0.092044
4025,steady,1005.156919,1005.404079,247.160,13.864,88.713,142.316,2.244,256,1,0.133427
4026,steady,1005.404133,1005.651046,246.913,13.761,88.611,142.298,2.217,256,1,0.131427
4027,steady,1005.651104,1005.897998,246.893,13.634,88.742,142.257,2.233,256,1,0.143827
4028,steady,1005.898050,1006.145512,247.463,14.284,88.729,142.195,2.230,256,1,0.144087
4029,steady,1006.145565,1006.392229,246.664,13.416,88.723,142.275,2.225,256,1,0.116054
4030,steady,1006.392280,1006.638916,246.636,13.588,88.611,142.172,2.239,256,1,0.120086
4031,steady,1006.638968,1006.886251,247.282,13.974,88.734,142.317,2.233,256,1,0.121681
4032,steady,1006.886301,1007.133149,246.847,13.744,88.598,142.255,2.225,256,1,0.171276
4033,steady,1007.133199,1007.379826,246.627,13.439,88.623,142.303,2.236,256,1,0.157334
4034,steady,1007.379878,1007.628399,248.521,15.418,88.658,142.201,2.218,256,1,0.141652
4035,steady,1007.628451,1007.875636,247.185,13.942,88.652,142.331,2.234,256,1,0.186498
4036,steady,1007.875687,1008.120773,245.086,13.616,88.785,142.370,0.278,256,1,0.202924
4037,steady,1008.120825,1008.370008,249.182,15.799,88.695,142.372,2.291,256,1,0.135477
4038,steady,1008.370062,1008.617139,247.077,13.550,88.730,142.525,2.247,256,1,0.191672
4039,steady,1008.617192,1008.863800,246.608,13.352,88.699,142.300,2.231,256,1,0.132611
4040,steady,1008.863852,1009.110879,247.028,13.714,88.702,142.366,2.221,256,1,0.127370
4041,steady,1009.110930,1009.357988,247.057,13.688,88.746,142.369,2.229,256,1,0.135634
4042,steady,1009.358039,1009.605324,247.285,13.892,88.688,142.442,2.237,256,1,0.142519
4043,steady,1009.605375,1009.852590,247.214,13.823,88.699,142.404,2.264,256,1,0.150353
4044,steady,1009.852643,1010.099941,247.298,13.772,88.768,142.504,2.229,256,1,0.191525
4045,steady,1010.099995,1010.346940,246.945,13.465,88.828,142.393,2.233,256,1,0.166432
4046,steady,1010.346992,1010.593660,246.668,13.385,88.751,142.287,2.221,256,1,0.169609
4047,steady,1010.593712,1010.840835,247.122,13.747,88.714,142.395,2.241,256,1,0.119365
4048,steady,1010.840889,1011.087843,246.954,13.747,88.681,142.273,2.226,256,1,0.170401
4049,steady,1011.087895,1011.334962,247.067,13.583,88.804,142.433,2.222,256,1,0.105028
4050,steady,1011.335015,1011.582169,247.154,13.757,88.911,142.246,2.217,256,1,0.138907
4051,steady,1011.582292,1011.829639,247.348,13.979,88.718,142.391,2.232,256,1,0.137933
4052,steady,1011.829690,1012.076635,246.945,13.507,88.781,142.396,2.236,256,1,0.094661
4053,steady,1012.076687,1012.324281,247.595,14.221,88.675,142.439,2.233,256,1,0.160913
4054,steady,1012.324332,1012.571425,247.093,13.650,88.764,142.413,2.241,256,1,0.143458
4055,steady,1012.571480,1012.818483,247.003,13.660,88.807,142.289,2.221,256,1,0.124495
4056,steady,1012.818535,1013.065394,246.860,13.710,88.687,142.211,2.227,256,1,0.153460
4057,steady,1013.065444,1013.312842,247.398,14.155,88.731,142.239,2.249,256,1,0.145430
4058,steady,1013.312894,1013.559767,246.873,13.597,88.751,142.269,2.229,256,1,0.121122
4059,steady,1013.559819,1013.806340,246.521,13.524,88.556,142.179,2.236,256,1,0.166150
4060,steady,1013.806391,1014.053565,247.175,13.890,88.803,142.241,2.217,256,1,0.226032
4061,steady,1014.053617,1014.301011,247.395,14.203,88.641,142.289,2.236,256,1,0.125241
4062,steady,1014.301064,1014.548023,246.959,13.689,88.688,142.325,2.231,256,1,0.162685
4063,steady,1014.548075,1014.794582,246.508,13.489,88.672,142.093,2.228,256,1,0.114178
4064,steady,1014.794634,1015.041388,246.753,13.835,88.589,142.086,2.218,256,1,0.089904
4065,steady,1015.041441,1015.288266,246.826,13.690,88.626,142.248,2.236,256,1,0.146308
4066,steady,1015.288318,1015.535000,246.683,13.695,88.651,142.081,2.232,256,1,0.142542
4067,steady,1015.535051,1015.781769,246.718,13.664,88.692,142.095,2.233,256,1,0.133008
4068,steady,1015.781822,1016.029319,247.497,14.437,88.619,142.176,2.240,256,1,0.150658
4069,steady,1016.029371,1016.276164,246.793,13.919,88.609,142.013,2.226,256,1,0.195853
4070,steady,1016.276217,1016.522524,246.307,13.420,88.543,142.081,2.236,256,1,0.166976
4071,steady,1016.522576,1016.769035,246.459,13.384,88.714,142.119,2.217,256,1,0.193246
4072,steady,1016.769086,1017.015852,246.766,13.801,88.569,142.151,2.221,256,1,0.187957
4073,steady,1017.015903,1017.262492,246.590,13.650,88.611,142.077,2.228,256,1,0.232237
4074,steady,1017.262544,1017.509162,246.619,13.710,88.564,142.090,2.230,256,1,0.180469
4075,steady,1017.509214,1017.755674,246.460,13.649,88.523,142.034,2.230,256,1,0.129874
4076,steady,1017.755725,1018.002080,246.355,13.618,88.609,141.858,2.244,256,1,0.143408
4077,steady,1018.002133,1018.248773,246.640,13.893,88.599,141.890,2.234,256,1,0.146929
4078,steady,1018.248824,1018.495290,246.466,13.716,88.580,141.926,2.219,256,1,0.126353
4079,steady,1018.495343,1018.742045,246.702,13.887,88.578,141.983,2.228,256,1,0.153205
4080,steady,1018.742096,1018.988659,246.563,13.829,88.540,141.925,2.245,256,1,0.157180
4081,steady,1018.988711,1019.235306,246.595,13.917,88.610,141.820,2.223,256,1,0.145310
4082,steady,1019.235357,1019.481809,246.452,13.726,88.578,141.878,2.243,256,1,0.184151
4083,steady,1019.481863,1019.728765,246.902,14.052,88.569,142.028,2.228,256,1,0.163681
4084,steady,1019.728817,1019.975947,247.130,14.211,88.754,141.903,2.235,256,1,0.194129
4085,steady,1019.976000,1020.222946,246.945,14.007,88.596,142.079,2.238,256,1,0.178582
4086,steady,1020.222998,1020.469653,246.655,13.927,88.535,141.947,2.222,256,1,0.177408
4087,steady,1020.469704,1020.715924,246.220,13.646,88.411,141.916,2.220,256,1,0.128436
4088,steady,1020.715977,1020.962341,246.364,13.507,88.518,142.071,2.244,256,1,0.166798
4089,steady,1020.962392,1021.208875,246.483,13.780,88.565,141.886,2.228,256,1,0.134961
4090,steady,1021.208926,1021.455591,246.665,13.988,88.542,141.881,2.228,256,1,0.170450
4091,steady,1021.455644,1021.702376,246.732,13.964,88.591,141.914,2.237,256,1,0.255770
4092,steady,1021.702430,1021.948897,246.467,13.763,88.549,141.890,2.241,256,1,0.172573
4093,steady,1021.948949,1022.195402,246.453,13.818,88.526,141.861,2.224,256,1,0.121392
4094,steady,1022.195454,1022.441943,246.489,13.769,88.574,141.880,2.241,256,1,0.144506
4095,steady,1022.441995,1022.688550,246.555,13.827,88.577,141.907,2.218,256,1,0.092513
4096,steady,1022.688600,1022.934732,246.133,13.521,88.517,141.831,2.239,256,1,0.152462
4097,steady,1022.934784,1023.181236,246.452,13.707,88.586,141.905,2.228,256,1,0.192237
4098,steady,1023.181289,1023.427852,246.563,13.962,88.516,141.841,2.218,256,1,0.163331
4099,steady,1023.427903,1023.674195,246.292,13.919,88.457,141.661,2.229,256,1,0.104395
4100,steady,1023.674249,1023.920736,246.487,13.839,88.520,141.856,2.228,256,1,0.145044
4101,steady,1023.920858,1024.169599,248.741,15.990,88.592,141.904,2.225,256,1,0.106202
4102,steady,1024.169650,1024.416058,246.409,13.939,88.471,141.755,2.220,256,1,0.113723
4103,steady,1024.416111,1024.662338,246.227,13.463,88.538,141.955,2.246,256,1,0.164618
4104,steady,1024.662389,1024.908832,246.443,13.727,88.454,142.013,2.224,256,1,0.152077
4105,steady,1024.908882,1025.154862,245.981,13.472,88.510,141.750,2.224,256,1,0.101033
4106,steady,1025.154914,1025.401209,246.295,13.833,88.426,141.790,2.219,256,1,0.197572
4107,steady,1025.401262,1025.647596,246.334,13.769,88.547,141.764,2.228,256,1,0.164773
4108,steady,1025.647649,1025.893800,246.151,13.664,88.473,141.745,2.245,256,1,0.128344
4109,steady,1025.893853,1026.140374,246.522,13.871,88.464,141.912,2.249,256,1,0.195566
4110,steady,1026.140426,1026.386781,246.355,13.734,88.446,141.906,2.244,256,1,0.141045
4111,steady,1026.386833,1026.632715,245.882,13.401,88.495,141.696,2.264,256,1,0.144144
4112,steady,1026.632768,1026.879210,246.442,13.883,88.537,141.756,2.239,256,1,0.158580
4113,steady,1026.879264,1027.125285,246.021,13.458,88.505,141.792,2.240,256,1,0.172978
4114,steady,1027.125338,1027.373339,248.000,15.661,88.398,141.676,2.241,256,1,0.157417
4115,steady,1027.373395,1027.620386,246.991,14.409,88.529,141.793,2.235,256,1,0.145283
4116,steady,1027.620441,1027.866646,246.205,13.690,88.454,141.790,2.245,256,1,0.133916
4117,steady,1027.866699,1028.112779,246.079,13.640,88.424,141.709,2.279,256,1,0.118275
4118,steady,1028.112834,1028.359048,246.214,13.610,88.513,141.816,2.251,256,1,0.174994
4119,steady,1028.359108,1028.605194,246.086,13.672,88.401,141.750,2.235,256,1,0.176519
4120,steady,1028.605246,1028.851494,246.248,13.677,88.539,141.752,2.253,256,1,0.113967
4121,steady,1028.851549,1029.097649,246.100,13.649,88.579,141.595,2.251,256,1,0.156476
4122,steady,1029.097704,1029.343944,246.240,13.739,88.452,141.771,2.254,256,1,0.204405
4123,steady,1029.343998,1029.590223,246.225,13.852,88.518,141.581,2.247,256,1,0.118342
4124,steady,1029.590278,1029.836190,245.912,13.431,88.441,141.776,2.238,256,1,0.225038
4125,steady,1029.836244,1030.082995,246.751,14.143,88.588,141.739,2.255,256,1,0.123404
4126,steady,1030.083049,1030.329560,246.511,13.884,88.658,141.694,2.249,256,1,0.125468
4127,steady,1030.329614,1030.575708,246.095,13.763,88.355,141.709,2.243,256,1,0.119699
4128,steady,1030.575763,1030.822675,246.911,14.191,88.561,141.879,2.255,256,1,0.166634
4129,steady,1030.822727,1031.068890,246.163,13.778,88.497,141.611,2.251,256,1,0.166075
4130,steady,1031.068943,1031.316073,247.130,14.707,88.432,141.706,2.259,256,1,0.142978
4131,steady,1031.316128,1031.562548,246.420,13.888,88.479,141.766,2.261,256,1,0.169368
4132,steady,1031.562601,1031.808607,246.006,13.659,88.421,141.653,2.246,256,1,0.133091
4133,steady,1031.808660,1032.054831,246.171,13.737,88.530,141.637,2.243,256,1,0.131745
4134,steady,1032.054885,1032.301324,246.440,13.932,88.532,141.684,2.264,256,1,0.166876
4135,steady,1032.301381,1032.547564,246.183,13.921,88.409,141.560,2.267,256,1,0.110262
4136,steady,1032.547618,1032.793839,246.221,13.595,88.636,141.728,2.235,256,1,0.134165
4137,steady,1032.793894,1033.040243,246.349,13.993,88.520,141.571,2.240,256,1,0.122411
4138,steady,1033.040298,1033.286283,245.986,13.569,88.475,141.677,2.239,256,1,0.167370
4139,steady,1033.286336,1033.532435,246.099,13.755,88.370,141.677,2.271,256,1,0.149833
4140,steady,1033.532489,1033.778806,246.317,13.647,88.634,141.754,2.256,256,1,0.140036
4141,steady,1033.778860,1034.025947,247.087,14.741,88.389,141.678,2.253,256,1,0.134949
4142,steady,1034.025999,1034.272180,246.181,13.646,88.525,141.746,2.237,256,1,0.127370
4143,steady,1034.272235,1034.518484,246.249,13.692,88.514,141.757,2.260,256,1,0.177149
4144,steady,1034.518537,1034.764767,246.230,13.808,88.464,141.692,2.238,256,1,0.133543
4145,steady,1034.764821,1035.010736,245.915,13.483,88.499,141.647,2.243,256,1,0.135390
4146,steady,1035.010791,1035.256666,245.875,13.540,88.448,141.607,2.253,256,1,0.132188
4147,steady,1035.256720,1035.503291,246.571,14.168,88.578,141.558,2.241,256,1,0.100598
4148,steady,1035.503346,1035.749541,246.195,13.718,88.602,141.619,2.230,256,1,0.147216
4149,steady,1035.749594,1035.995791,246.197,13.841,88.479,141.610,2.242,256,1,0.147983
4150,steady,1035.995843,1036.242363,246.520,13.989,88.464,141.770,2.270,256,1,0.133028
4151,steady,1036.242480,1036.488590,246.110,13.764,88.515,141.544,2.257,256,1,0.146482
4152,steady,1036.488643,1036.734366,245.722,13.339,88.522,141.591,2.246,256,1,0.110752
4153,steady,1036.734418,1036.980679,246.261,14.002,88.428,141.557,2.250,256,1,0.126844
4154,steady,1036.980752,1037.226509,245.758,13.485,88.383,141.631,2.232,256,1,0.105093
4155,steady,1037.226563,1037.472494,245.931,13.467,88.470,141.718,2.252,256,1,0.087926
4156,steady,1037.472547,1037.718581,246.034,13.764,88.462,141.546,2.237,256,1,0.161971
4157,steady,1037.718632,1037.964491,245.859,13.720,88.372,141.499,2.241,256,1,0.145004
4158,steady,1037.964543,1038.210522,245.979,13.640,88.436,141.650,2.228,256,1,0.134841
4159,steady,1038.210574,1038.457265,246.691,14.214,88.577,141.637,2.238,256,1,0.138479
4160,steady,1038.457318,1038.703231,245.913,13.526,88.484,141.642,2.235,256,1,0.117170
4161,steady,1038.703284,1038.949528,246.245,13.717,88.463,141.782,2.256,256,1,0.148334
4162,steady,1038.949582,1039.195528,245.946,13.654,88.340,141.681,2.246,256,1,0.177409
4163,steady,1039.195582,1039.441709,246.127,13.672,88.475,141.699,2.254,256,1,0.150934
4164,steady,1039.441762,1039.687951,246.190,13.629,88.564,141.730,2.242,256,1,0.132017
4165,steady,1039.688004,1039.933763,245.759,13.628,88.367,141.495,2.242,256,1,0.151647
4166,steady,1039.933815,1040.179906,246.091,13.750,88.502,141.587,2.225,256,1,0.130121
4167,steady,1040.179958,1040.426265,246.307,13.957,88.550,141.527,2.246,256,1,0.181396
4168,steady,1040.426317,1040.672521,246.203,13.962,88.385,141.571,2.259,256,1,0.121651
4169,steady,1040.672574,1040.918977,246.404,14.144,88.351,141.650,2.234,256,1,0.173405
4170,steady,1040.919030,1041.165238,246.207,13.871,88.442,141.647,2.222,256,1,0.150016
4171,steady,1041.165290,1041.411034,245.744,13.372,88.439,141.661,2.245,256,1,0.152691
4172,steady,1041.411096,1041.657201,246.105,13.852,88.415,141.571,2.239,256,1,0.143251
4173,steady,1041.657255,1041.903182,245.927,13.596,88.411,141.634,2.260,256,1,0.152237
4174,steady,1041.903237,1042.149364,246.127,13.924,88.411,141.529,2.237,256,1,0.198418
4175,steady,1042.149418,1042.395600,246.183,13.968,88.348,141.596,2.245,256,1,0.107179
4176,steady,1042.395653,1042.642152,246.499,13.987,88.481,141.767,2.239,256,1,0.178815
4177,steady,1042.642205,1042.888055,245.850,13.755,88.365,141.465,2.239,256,1,0.156746
4178,steady,1042.888107,1043.134251,246.145,13.821,88.436,141.622,2.240,256,1,0.139121
4179,steady,1043.134305,1043.380379,246.074,13.739,88.475,141.597,2.236,256,1,0.156365
4180,steady,1043.380436,1043.626429,245.993,13.635,88.417,141.673,2.239,256,1,0.126649
4181,steady,1043.626482,1043.873063,246.581,14.356,88.401,141.554,2.246,256,1,0.152154
4182,steady,1043.873117,1044.118913,245.796,13.509,88.413,141.598,2.251,256,1,0.160841
4183,steady,1044.118966,1044.365029,246.063,13.877,88.410,141.480,2.271,256,1,0.153176
4184,steady,1044.365083,1044.611095,246.012,13.664,88.511,141.552,2.258,256,1,0.159171
4185,steady,1044.611150,1044.856957,245.807,13.604,88.412,141.511,2.254,256,1,0.147524
4186,steady,1044.857013,1045.103129,246.117,13.780,88.456,141.611,2.246,256,1,0.191189
4187,steady,1045.103184,1045.349297,246.114,13.663,88.532,141.630,2.263,256,1,0.138588
4188,steady,1045.349352,1045.595617,246.265,14.071,88.447,141.485,2.237,256,1,0.116613
4189,steady,1045.595670,1045.841725,246.055,13.749,88.400,141.621,2.258,256,1,0.157428
4190,steady,1045.841782,1046.087825,246.043,13.742,88.464,141.558,2.251,256,1,0.165228
4191,steady,1046.087880,1046.334172,246.292,13.959,88.471,141.564,2.272,256,1,0.150235
4192,steady,1046.334227,1046.580157,245.930,13.779,88.382,141.481,2.261,256,1,0.138654
4193,steady,1046.580214,1046.826432,246.218,14.009,88.389,141.564,2.230,256,1,0.141090
4194,steady,1046.826487,1047.071874,245.387,13.276,88.411,141.422,2.253,256,1,0.150732
4195,steady,1047.071930,1047.318131,246.201,13.899,88.430,141.597,2.249,256,1,0.141346
4196,steady,1047.318187,1047.564321,246.135,13.904,88.401,141.537,2.265,256,1,0.154190
4197,steady,1047.564375,1047.810738,246.363,14.066,88.379,141.621,2.257,256,1,0.128527
4198,steady,1047.810794,1048.056892,246.098,13.775,88.487,141.561,2.249,256,1,0.141600
4199,steady,1048.056947,1048.303194,246.248,13.913,88.514,141.542,2.254,256,1,0.094573
4200,steady,1048.303250,1048.549716,246.465,14.181,88.367,141.628,2.262,256,1,0.207756
4201,steady,1048.549840,1048.796334,246.494,14.263,88.392,141.531,2.279,256,1,0.148636
4202,steady,1048.796389,1049.042391,246.003,13.784,88.361,141.567,2.266,256,1,0.140002
4203,steady,1049.042444,1049.288758,246.314,14.123,88.443,141.471,2.252,256,1,0.137859
4204,steady,1049.288812,1049.534568,245.755,13.666,88.371,141.441,2.251,256,1,0.121276
4205,steady,1049.534624,1049.780366,245.742,13.503,88.439,141.500,2.274,256,1,0.156794
4206,steady,1049.780422,1050.026965,246.543,14.499,88.324,141.439,2.255,256,1,0.171635
4207,steady,1050.027020,1050.275032,248.012,15.766,88.321,141.627,2.272,256,1,0.179918
4208,steady,1050.275095,1050.520955,245.860,13.528,88.434,141.601,2.269,256,1,0.145900
4209,steady,1050.521014,1050.769117,248.103,15.724,88.463,141.626,2.263,256,1,0.158040
4210,steady,1050.769173,1051.015267,246.094,13.837,88.403,141.569,2.259,256,1,0.108214
4211,steady,1051.015324,1051.261529,246.206,14.022,88.276,141.634,2.249,256,1,0.132724
4212,steady,1051.261585,1051.507472,245.886,13.574,88.381,141.636,2.268,256,1,0.186159
4213,steady,1051.507527,1051.753258,245.730,13.477,88.431,141.539,2.256,256,1,0.142554
4214,steady,1051.753313,1051.999423,246.110,13.828,88.376,141.629,2.251,256,1,0.156123
4215,steady,1051.999477,1052.245461,245.984,13.736,88.443,141.529,2.250,256,1,0.171400
4216,steady,1052.245518,1052.491538,246.020,13.836,88.390,141.517,2.251,256,1,0.117928
4217,steady,1052.491595,1052.737670,246.074,13.784,88.442,141.562,2.260,256,1,0.155519
4218,steady,1052.737724,1052.984146,246.422,14.127,88.389,141.625,2.255,256,1,0.146002
4219,steady,1052.984201,1053.230172,245.971,13.749,88.407,141.513,2.275,256,1,0.132015
4220,steady,1053.230227,1053.478388,248.162,15.912,88.378,141.601,2.245,256,1,0.164846
4221,steady,1053.478444,1053.724523,246.079,14.036,88.327,141.449,2.242,256,1,0.154343
4222,steady,1053.724579,1053.970921,246.342,14.068,88.437,141.567,2.244,256,1,0.184629
4223,steady,1053.970978,1054.217093,246.115,13.699,88.537,141.592,2.260,256,1,0.143050
4224,steady,1054.217151,1054.463830,246.679,14.545,88.369,141.491,2.247,256,1,0.130448
4225,steady,1054.463887,1054.709822,245.935,13.587,88.472,141.594,2.256,256,1,0.211530
4226,steady,1054.709878,1054.955777,245.899,13.474,88.456,141.692,2.252,256,1,0.114591
4227,steady,1054.955831,1055.201397,245.565,13.399,88.366,141.520,2.253,256,1,0.205917
4228,steady,1055.201453,1055.447065,245.611,13.490,88.229,141.598,2.267,256,1,0.110865
4229,steady,1055.447123,1055.693116,245.993,13.817,88.461,141.444,2.245,256,1,0.123079
4230,steady,1055.693173,1055.939064,245.891,13.690,88.348,141.565,2.262,256,1,0.155829
4231,steady,1055.939119,1056.185111,245.992,13.801,88.415,141.482,2.267,256,1,0.186761
4232,steady,1056.185166,1056.431043,245.878,13.603,88.415,141.568,2.264,256,1,0.152285
4233,steady,1056.431108,1056.677143,246.035,13.889,88.348,141.513,2.259,256,1,0.128878
4234,steady,1056.677200,1056.922941,245.741,13.777,88.391,141.298,2.250,256,1,0.107859
4235,steady,1056.922997,1057.169579,246.582,14.469,88.420,141.412,2.255,256,1,0.102295
4236,steady,1057.169636,1057.415457,245.821,13.575,88.432,141.519,2.269,256,1,0.128554
4237,steady,1057.415514,1057.661394,245.880,13.795,88.326,141.477,2.255,256,1,0.168582
4238,steady,1057.661450,1057.907415,245.965,13.751,88.492,141.433,2.263,256,1,0.116015
4239,steady,1057.907473,1058.153752,246.279,13.943,88.432,141.606,2.272,256,1,0.170768
4240,steady,1058.153808,1058.399689,245.881,13.741,88.402,141.459,2.252,256,1,0.107472
4241,steady,1058.399743,1058.650783,251.041,18.925,88.355,141.482,2.251,256,1,0.151526
4242,steady,1058.650839,1058.896918,246.079,13.928,88.357,141.534,2.233,256,1,0.123174
4243,steady,1058.896970,1059.142927,245.956,13.816,88.404,141.470,2.242,256,1,0.143743
4244,steady,1059.142981,1059.388667,245.686,13.524,88.374,141.523,2.241,256,1,0.128183
4245,steady,1059.388720,1059.634857,246.137,13.753,88.472,141.643,2.245,256,1,0.172645
4246,steady,1059.634911,1059.880981,246.069,13.774,88.502,141.526,2.236,256,1,0.164162
4247,steady,1059.881041,1060.127127,246.087,14.009,88.349,141.451,2.246,256,1,0.136591
4248,steady,1060.127182,1060.373276,246.095,13.708,88.483,141.619,2.258,256,1,0.157129
4249,steady,1060.373331,1060.619377,246.046,14.125,88.275,141.360,2.259,256,1,0.128109
4250,steady,1060.619432,1060.865396,245.964,13.887,88.314,141.471,2.266,256,1,0.120727
4251,steady,1060.865517,1061.111288,245.771,13.673,88.383,141.425,2.260,256,1,0.157383
4252,steady,1061.111343,1061.357541,246.199,13.895,88.466,141.550,2.259,256,1,0.134006
4253,steady,1061.357594,1061.603609,246.014,13.824,88.380,141.541,2.243,256,1,0.120142
4254,steady,1061.603664,1061.849813,246.149,13.887,88.452,141.515,2.267,256,1,0.146022
4255,steady,1061.849867,1062.095786,245.919,13.669,88.503,141.479,2.243,256,1,0.113124
4256,steady,1062.095841,1062.342000,246.159,14.151,88.308,141.412,2.260,256,1,0.122805
4257,steady,1062.342057,1062.587840,245.783,13.770,88.276,141.454,2.257,256,1,0.107691
4258,steady,1062.587896,1062.834150,246.254,13.971,88.410,141.594,2.253,256,1,0.117595
4259,steady,1062.834205,1063.080401,246.196,14.019,88.401,141.499,2.251,256,1,0.149759
4260,steady,1063.080457,1063.326224,245.767,13.641,88.281,141.561,2.258,256,1,0.171448
4261,steady,1063.326277,1063.574412,248.134,16.013,88.464,141.389,2.242,256,1,0.144453
4262,steady,1063.574465,1063.820332,245.867,13.764,88.343,141.487,2.248,256,1,0.152329
4263,steady,1063.820385,1064.066168,245.782,13.703,88.340,141.439,2.274,256,1,0.197520
4264,steady,1064.066221,1064.313204,246.983,14.741,88.419,141.556,2.243,256,1,0.140707
4265,steady,1064.313258,1064.559182,245.925,13.782,88.356,141.505,2.257,256,1,0.138896
4266,steady,1064.559238,1064.805107,245.870,13.736,88.418,141.430,2.261,256,1,0.136834
4267,steady,1064.805161,1065.050967,245.807,13.683,88.360,141.493,2.245,256,1,0.159538
4268,steady,1065.051022,1065.296861,245.839,13.537,88.366,141.631,2.278,256,1,0.144927
4269,steady,1065.296915,1065.542738,245.824,13.707,88.423,141.399,2.268,256,1,0.154846
4270,steady,1065.542793,1065.789159,246.366,13.978,88.334,141.464,2.563,256,1,0.179020
4271,steady,1065.789231,1066.036054,246.824,14.602,88.276,141.618,2.295,256,1,0.113231
4272,steady,1066.036112,1066.282201,246.090,13.911,88.390,141.484,2.276,256,1,0.129067
4273,steady,1066.282259,1066.528202,245.943,13.757,88.295,141.601,2.262,256,1,0.188915
4274,steady,1066.528256,1066.774109,245.853,13.743,88.362,141.467,2.252,256,1,0.138183
4275,steady,1066.774164,1067.022581,248.416,16.245,88.434,141.440,2.269,256,1,0.120724
4276,steady,1067.022637,1067.268600,245.964,13.786,88.475,141.421,2.254,256,1,0.183798
4277,steady,1067.268658,1067.514559,245.901,13.669,88.363,141.588,2.252,256,1,0.139940
4278,steady,1067.514615,1067.760440,245.825,13.763,88.421,141.361,2.249,256,1,0.115305
4279,steady,1067.760496,1068.006405,245.908,13.762,88.436,141.428,2.256,256,1,0.133495
4280,steady,1068.006460,1068.252697,246.238,14.054,88.433,141.468,2.258,256,1,0.125164
4281,steady,1068.252751,1068.499855,247.104,14.921,88.406,141.487,2.263,256,1,0.124116
4282,steady,1068.499910,1068.746588,246.679,14.550,88.416,141.449,2.236,256,1,0.173579
4283,steady,1068.746640,1068.992727,246.087,14.035,88.323,141.445,2.259,256,1,0.155697
4284,steady,1068.992782,1069.239367,246.585,14.375,88.498,141.436,2.250,256,1,0.173848
4285,steady,1069.239420,1069.485796,246.376,14.153,88.441,141.503,2.253,256,1,0.166111
4286,steady,1069.485850,1069.731978,246.127,14.037,88.387,141.447,2.230,256,1,0.105417
4287,steady,1069.732032,1069.978342,246.311,14.144,88.367,141.529,2.243,256,1,0.095377
4288,steady,1069.978395,1070.224294,245.899,13.744,88.426,141.457,2.246,256,1,0.157975
4289,steady,1070.224348,1070.470624,246.276,14.090,88.347,141.584,2.229,256,1,0.112909
4290,steady,1070.470677,1070.716902,246.225,14.005,88.428,141.500,2.265,256,1,0.202632
4291,steady,1070.716954,1070.963040,246.086,13.721,88.639,141.457,2.244,256,1,0.142309
4292,steady,1070.963101,1071.209121,246.020,13.823,88.396,141.525,2.250,256,1,0.114036
4293,steady,1071.209175,1071.454947,245.773,13.573,88.351,141.586,2.237,256,1,0.193229
4294,steady,1071.454998,1071.700841,245.844,13.567,88.416,141.601,2.232,256,1,0.133328
4295,steady,1071.700895,1071.947333,246.438,14.137,88.430,141.603,2.242,256,1,0.113478
4296,steady,1071.947387,1072.193186,245.799,13.548,88.458,141.516,2.252,256,1,0.153871
4297,steady,1072.193239,1072.439484,246.245,14.027,88.561,141.387,2.245,256,1,0.117601
4298,steady,1072.439538,1072.685501,245.963,13.760,88.375,141.565,2.237,256,1,0.122073
4299,steady,1072.685555,1072.931623,246.068,13.954,88.279,141.545,2.263,256,1,0.125733
4300,steady,1072.931680,1073.178064,246.383,14.070,88.489,141.566,2.231,256,1,0.107917
4301,steady,1073.178185,1073.425097,246.912,14.651,88.465,141.508,2.258,256,1,0.133142
4302,steady,1073.425149,1073.671504,246.355,14.123,88.438,141.527,2.242,256,1,0.151126
4303,steady,1073.671559,1073.917539,245.980,13.972,88.407,141.315,2.258,256,1,0.157107
4304,steady,1073.917593,1074.163458,245.865,13.790,88.323,141.464,2.262,256,1,0.126983
4305,steady,1074.163512,1074.409194,245.682,13.578,88.331,141.516,2.230,256,1,0.141466
4306,steady,1074.409247,1074.655224,245.976,13.853,88.395,141.450,2.252,256,1,0.155716
4307,steady,1074.655277,1074.901485,246.208,13.883,88.531,141.521,2.246,256,1,0.116211
4308,steady,1074.901538,1075.147533,245.995,13.856,88.427,141.441,2.244,256,1,0.116748
4309,steady,1075.147587,1075.393561,245.974,13.861,88.284,141.548,2.255,256,1,0.130428
4310,steady,1075.393613,1075.639546,245.933,13.869,88.390,141.425,2.222,256,1,0.138277
4311,steady,1075.639600,1075.886018,246.418,14.125,88.501,141.529,2.237,256,1,0.178596
4312,steady,1075.886070,1076.132181,246.111,13.923,88.352,141.560,2.250,256,1,0.109091
4313,steady,1076.132235,1076.378856,246.622,14.537,88.408,141.409,2.242,256,1,0.102966
4314,steady,1076.378909,1076.625132,246.223,13.814,88.543,141.598,2.241,256,1,0.132972
4315,steady,1076.625183,1076.871068,245.885,13.620,88.426,141.568,2.243,256,1,0.104139
4316,steady,1076.871122,1077.116708,245.585,13.613,88.403,141.310,2.232,256,1,0.106987
4317,steady,1077.116762,1077.362327,245.566,13.487,88.433,141.373,2.247,256,1,0.157469
4318,steady,1077.362380,1077.608281,245.901,13.809,88.371,141.459,2.235,256,1,0.134742
4319,steady,1077.608332,1077.854046,245.714,13.599,88.336,141.521,2.233,256,1,0.098592
4320,steady,1077.854099,1078.100069,245.970,13.555,88.409,141.739,2.242,256,1,0.160251
4321,steady,1078.100123,1078.345854,245.732,13.539,88.470,141.463,2.234,256,1,0.163127
4322,steady,1078.345907,1078.591906,245.999,13.806,88.371,141.556,2.241,256,1,0.155916
4323,steady,1078.591960,1078.837739,245.779,13.544,88.433,141.545,2.232,256,1,0.173596
4324,steady,1078.837791,1079.083345,245.554,13.124,88.480,141.680,2.245,256,1,0.116399
4325,steady,1079.083397,1079.329122,245.724,13.540,88.347,141.565,2.246,256,1,0.141850
4326,steady,1079.329174,1079.575883,246.709,14.387,88.434,141.629,2.232,256,1,0.157468
4327,steady,1079.575936,1079.821991,246.055,14.026,88.321,141.439,2.243,256,1,0.180703
4328,steady,1079.822042,1080.068050,246.007,13.835,88.362,141.553,2.232,256,1,0.186152
4329,steady,1080.068102,1080.314603,246.501,14.144,88.548,141.523,2.259,256,1,0.199805
4330,steady,1080.314656,1080.560397,245.741,13.533,88.418,141.520,2.244,256,1,0.116289
4331,steady,1080.560451,1080.806570,246.119,13.760,88.413,141.674,2.247,256,1,0.157451
4332,steady,1080.806623,1081.052676,246.054,13.804,88.462,141.518,2.245,256,1,0.213866
4333,steady,1081.052729,1081.298606,245.877,13.684,88.404,141.531,2.231,256,1,0.104974
4334,steady,1081.298659,1081.544826,246.167,13.889,88.422,141.595,2.236,256,1,0.136916
4335,steady,1081.544878,1081.791460,246.583,14.104,88.507,141.712,2.232,256,1,0.153415
4336,steady,1081.791514,1082.037166,245.652,13.342,88.477,141.574,2.233,256,1,0.142387
4337,steady,1082.037219,1082.283404,246.185,13.836,88.607,141.479,2.238,256,1,0.158086
4338,steady,1082.283457,1082.529532,246.074,13.766,88.443,141.590,2.251,256,1,0.169982
4339,steady,1082.529586,1082.776973,247.388,15.155,88.426,141.526,2.255,256,1,0.156272
4340,steady,1082.777025,1083.024912,247.887,15.460,88.629,141.534,2.237,256,1,0.172917
4341,steady,1083.024964,1083.273042,248.078,15.872,88.274,141.666,2.240,256,1,0.211615
4342,steady,1083.273093,1083.519203,246.109,13.862,88.484,141.506,2.231,256,1,0.147933
4343,steady,1083.519256,1083.765407,246.151,13.926,88.433,141.539,2.228,256,1,0.147931
4344,steady,1083.765461,1084.011590,246.130,14.123,88.315,141.433,2.233,256,1,0.174633
4345,steady,1084.011644,1084.257982,246.338,13.993,88.387,141.607,2.323,256,1,0.157051
4346,steady,1084.258035,1084.505739,247.703,15.411,88.369,141.623,2.270,256,1,0.122135
4347,steady,1084.505793,1084.751691,245.899,13.841,88.316,141.464,2.251,256,1,0.112773
4348,steady,1084.751744,1084.997620,245.875,13.521,88.385,141.698,2.244,256,1,0.217774
4349,steady,1084.997671,1085.243780,246.109,13.889,88.378,141.595,2.222,256,1,0.126088
4350,steady,1085.243833,1085.490109,246.276,13.960,88.412,141.641,2.238,256,1,0.176806
4351,steady,1085.490230,1085.736202,245.973,13.813,88.416,141.481,2.232,256,1,0.154348
4352,steady,1085.736256,1085.981959,245.704,13.482,88.455,141.505,2.236,256,1,0.141697
4353,steady,1085.982012,1086.227808,245.795,13.537,88.447,141.549,2.237,256,1,0.132646
4354,steady,1086.227863,1086.474590,246.727,14.469,88.453,141.541,2.236,256,1,0.132193
4355,steady,1086.474643,1086.720510,245.866,13.652,88.357,141.596,2.237,256,1,0.128246
4356,steady,1086.720564,1086.966436,245.872,13.476,88.445,141.684,2.242,256,1,0.150462
4357,steady,1086.966489,1087.213079,246.590,14.409,88.431,141.476,2.249,256,1,0.133972
4358,steady,1087.213133,1087.459426,246.293,13.943,88.439,141.656,2.229,256,1,0.216095
4359,steady,1087.459478,1087.705303,245.825,13.563,88.401,141.609,2.227,256,1,0.142310
4360,steady,1087.705356,1087.951467,246.110,13.891,88.332,141.630,2.230,256,1,0.174658
4361,steady,1087.951519,1088.197965,246.446,14.136,88.453,141.590,2.239,256,1,0.152426
4362,steady,1088.198016,1088.444485,246.468,14.061,88.408,141.726,2.248,256,1,0.184407
4363,steady,1088.444536,1088.690393,245.857,13.714,88.327,141.549,2.242,256,1,0.142902
4364,steady,1088.690445,1088.936458,246.013,13.835,88.340,141.587,2.225,256,1,0.134196
4365,steady,1088.936511,1089.182180,245.669,13.430,88.394,141.591,2.230,256,1,0.168378
4366,steady,1089.182231,1089.428225,245.994,13.640,88.476,141.617,2.234,256,1,0.154077
4367,steady,1089.428277,1089.673790,245.513,13.376,88.411,141.454,2.245,256,1,0.110991
4368,steady,1089.673845,1089.920892,247.047,14.777,88.446,141.525,2.272,256,1,0.132062
4369,steady,1089.920948,1090.166727,245.779,13.431,88.424,141.643,2.256,256,1,0.175537
4370,steady,1090.166781,1090.412753,245.972,13.656,88.406,141.629,2.256,256,1,0.121905
4371,steady,1090.412806,1090.659027,246.221,13.978,88.408,141.550,2.260,256,1,0.151523
4372,steady,1090.659091,1090.905292,246.201,13.865,88.408,141.657,2.245,256,1,0.141726
4373,steady,1090.905345,1091.151304,245.959,13.701,88.409,141.572,2.251,256,1,0.147784
4374,steady,1091.151359,1091.397570,246.212,14.010,88.400,141.540,2.234,256,1,0.129087
4375,steady,1091.397624,1091.644068,246.444,14.157,88.432,141.605,2.224,256,1,0.173435
4376,steady,1091.644122,1091.890333,246.211,13.885,88.393,141.661,2.248,256,1,0.106505
4377,steady,1091.890386,1092.136554,246.168,13.938,88.394,141.570,2.242,256,1,0.155417
4378,steady,1092.136606,1092.382791,246.185,14.034,88.351,141.541,2.234,256,1,0.133507
4379,steady,1092.382842,1092.629015,246.173,13.910,88.464,141.525,2.248,256,1,0.132625
4380,steady,1092.629067,1092.875081,246.014,13.839,88.390,141.514,2.246,256,1,0.140935
4381,steady,1092.875133,1093.121430,246.297,14.107,88.431,141.512,2.221,256,1,0.118143
4382,steady,1093.121482,1093.367642,246.159,13.683,88.417,141.810,2.223,256,1,0.168603
4383,steady,1093.367693,1093.614289,246.596,14.277,88.335,141.739,2.220,256,1,0.170234
4384,steady,1093.614343,1093.860283,245.940,13.626,88.417,141.637,2.236,256,1,0.115200
4385,steady,1093.860334,1094.106429,246.095,13.711,88.541,141.597,2.221,256,1,0.146501
4386,steady,1094.106481,1094.352753,246.272,14.123,88.404,141.465,2.255,256,1,0.132393
4387,steady,1094.352807,1094.599099,246.292,13.990,88.368,141.678,2.230,256,1,0.094900
4388,steady,1094.599152,1094.845315,246.163,13.828,88.445,141.628,2.236,256,1,0.098219
4389,steady,1094.845368,1095.091289,245.921,13.664,88.433,141.565,2.232,256,1,0.109058
4390,steady,1095.091344,1095.337715,246.371,13.955,88.376,141.779,2.234,256,1,0.162617
4391,steady,1095.337767,1095.583801,246.034,13.845,88.398,141.527,2.238,256,1,0.117605
4392,steady,1095.583854,1095.830204,246.349,14.063,88.450,141.571,2.241,256,1,0.129861
4393,steady,1095.830257,1096.076327,246.070,13.815,88.420,141.572,2.236,256,1,0.111412
4394,steady,1096.076379,1096.322341,245.962,13.413,88.563,141.706,2.254,256,1,0.132071
4395,steady,1096.322395,1096.568506,246.112,13.684,88.424,141.733,2.247,256,1,0.156478
4396,steady,1096.568559,1096.814479,245.920,13.593,88.419,141.648,2.234,256,1,0.135786
4397,steady,1096.814532,1097.061512,246.980,14.626,88.396,141.680,2.253,256,1,0.226717
4398,steady,1097.061569,1097.307788,246.219,13.931,88.444,141.569,2.249,256,1,0.121034
4399,steady,1097.307841,1097.553825,245.983,13.683,88.448,141.573,2.254,256,1,0.148393
4400,steady,1097.553878,1097.800454,246.576,14.335,88.405,141.562,2.249,256,1,0.120483
4401,steady,1097.800574,1098.046827,246.253,13.930,88.449,141.598,2.248,256,1,0.126246
4402,steady,1098.046879,1098.293177,246.298,13.820,88.541,141.671,2.241,256,1,0.203828
4403,steady,1098.293230,1098.539131,245.900,13.563,88.474,141.584,2.255,256,1,0.113682
4404,steady,1098.539185,1098.785508,246.322,13.943,88.405,141.703,2.245,256,1,0.109707
4405,steady,1098.785559,1099.031996,246.437,14.127,88.406,141.653,2.225,256,1,0.130786
4406,steady,1099.032050,1099.278286,246.236,13.951,88.409,141.611,2.239,256,1,0.179989
4407,steady,1099.278338,1099.524542,246.204,13.778,88.418,141.737,2.245,256,1,0.185606
4408,steady,1099.524596,1099.770382,245.786,13.500,88.453,141.577,2.230,256,1,0.163240
4409,steady,1099.770434,1100.016609,246.175,13.971,88.395,141.544,2.238,256,1,0.106578
4410,steady,1100.016663,1100.262687,246.024,13.691,88.485,141.572,2.251,256,1,0.151739
4411,steady,1100.262740,1100.508739,245.999,13.674,88.461,141.580,2.258,256,1,0.150469
4412,steady,1100.508792,1100.754617,245.825,13.465,88.541,141.564,2.228,256,1,0.181667
4413,steady,1100.754668,1101.001063,246.395,13.900,88.420,141.804,2.245,256,1,0.168701
4414,steady,1101.001120,1101.247559,246.440,13.874,88.476,141.821,2.243,256,1,0.145916
4415,steady,1101.247612,1101.494035,246.423,13.984,88.573,141.594,2.248,256,1,0.132771
4416,steady,1101.494088,1101.740754,246.666,14.095,88.506,141.790,2.249,256,1,0.144464
4417,steady,1101.740806,1101.986725,245.919,13.637,88.421,141.599,2.233,256,1,0.148529
4418,steady,1101.986777,1102.233177,246.400,14.031,88.447,141.654,2.242,256,1,0.132535
4419,steady,1102.233231,1102.479430,246.199,13.891,88.382,141.659,2.240,256,1,0.089970
4420,steady,1102.479483,1102.726047,246.564,14.136,88.607,141.566,2.229,256,1,0.169433
4421,steady,1102.726100,1102.974109,248.008,15.534,88.447,141.765,2.237,256,1,0.142205
4422,steady,1102.974162,1103.220382,246.220,13.930,88.354,141.659,2.251,256,1,0.117631
4423,steady,1103.220434,1103.466624,246.190,13.768,88.465,141.678,2.254,256,1,0.178321
4424,steady,1103.466678,1103.713168,246.490,13.908,88.572,141.743,2.239,256,1,0.145023
4425,steady,1103.713222,1103.959378,246.156,13.805,88.436,141.640,2.249,256,1,0.138530
4426,steady,1103.959432,1104.205787,246.355,13.628,88.496,141.677,2.526,256,1,0.130718
4427,steady,1104.205845,1104.452529,246.684,14.194,88.422,141.773,2.265,256,1,0.145891
4428,steady,1104.452584,1104.698946,246.362,13.857,88.486,141.747,2.246,256,1,0.172444
4429,steady,1104.698997,1104.945605,246.608,14.201,88.505,141.629,2.248,256,1,0.164541
4430,steady,1104.945658,1105.192041,246.383,14.028,88.432,141.667,2.229,256,1,0.141227
4431,steady,1105.192095,1105.438157,246.063,13.487,88.570,141.734,2.247,256,1,0.166898
4432,steady,1105.438209,1105.684713,246.504,13.825,88.497,141.913,2.245,256,1,0.237089
4433,steady,1105.684767,1105.931362,246.595,14.091,88.561,141.660,2.256,256,1,0.144464
4434,steady,1105.931419,1106.178211,246.792,14.238,88.581,141.699,2.246,256,1,0.110365
4435,steady,1106.178265,1106.424603,246.339,13.937,88.362,141.758,2.257,256,1,0.173997
4436,steady,1106.424655,1106.670875,246.221,13.811,88.501,141.670,2.212,256,1,0.139254
4437,steady,1106.670927,1106.917118,246.191,13.799,88.444,141.697,2.225,256,1,0.145367
4438,steady,1106.917167,1107.163346,246.178,13.879,88.497,141.552,2.225,256,1,0.164462
4439,steady,1107.163396,1107.414164,250.769,18.277,88.506,141.713,2.247,256,1,0.130647
4440,steady,1107.414215,1107.660226,246.011,13.637,88.390,141.729,2.231,256,1,0.150891
4441,steady,1107.660277,1107.906562,246.285,13.769,88.422,141.828,2.239,256,1,0.218486
4442,steady,1107.906613,1108.153773,247.160,14.783,88.557,141.566,2.229,256,1,0.156507
4443,steady,1108.153826,1108.400012,246.185,13.811,88.429,141.678,2.242,256,1,0.111273
4444,steady,1108.400064,1108.646931,246.867,14.398,88.419,141.795,2.229,256,1,0.139137
4445,steady,1108.646984,1108.893759,246.775,14.105,88.609,141.795,2.242,256,1,0.163574
4446,steady,1108.893811,1109.140243,246.432,13.889,88.530,141.746,2.240,256,1,0.100206
4447,steady,1109.140295,1109.386343,246.047,13.603,88.423,141.766,2.230,256,1,0.143335
4448,steady,1109.386395,1109.632663,246.268,13.650,88.592,141.754,2.247,256,1,0.148130
4449,steady,1109.632715,1109.879828,247.112,14.613,88.496,141.740,2.238,256,1,0.165516
4450,steady,1109.879881,1110.125765,245.884,13.342,88.533,141.758,2.225,256,1,0.256561
4451,steady,1110.125892,1110.371990,246.098,13.467,88.548,141.814,2.239,256,1,0.183970
4452,steady,1110.372043,1110.617976,245.933,13.474,88.465,141.743,2.226,256,1,0.137502
4453,steady,1110.618030,1110.866194,248.165,15.614,88.533,141.767,2.227,256,1,0.110360
4454,steady,1110.866246,1111.112418,246.172,13.592,88.485,141.828,2.243,256,1,0.172527
4455,steady,1111.112472,1111.360230,247.758,15.285,88.481,141.728,2.238,256,1,0.113054
4456,steady,1111.360284,1111.606638,246.355,13.886,88.439,141.765,2.239,256,1,0.167764
4457,steady,1111.606690,1111.853167,246.476,13.911,88.520,141.786,2.234,256,1,0.154871
4458,steady,1111.853220,1112.100267,247.047,14.352,88.536,141.882,2.251,256,1,0.168431
4459,steady,1112.100320,1112.347889,247.569,15.168,88.460,141.668,2.246,256,1,0.146028
4460,steady,1112.347943,1112.594135,246.192,13.583,88.538,141.815,2.230,256,1,0.160096
4461,steady,1112.594188,1112.840287,246.098,13.491,88.523,141.823,2.236,256,1,0.186036
4462,steady,1112.840339,1113.086326,245.987,13.585,88.479,141.674,2.225,256,1,0.116612
4463,steady,1113.086378,1113.333021,246.643,13.994,88.659,141.722,2.243,256,1,0.147345
4464,steady,1113.333075,1113.579740,246.666,13.899,88.594,141.907,2.239,256,1,0.153259
4465,steady,1113.579794,1113.826083,246.289,13.829,88.501,141.666,2.266,256,1,0.111685
4466,steady,1113.826137,1114.072771,246.635,14.032,88.562,141.751,2.264,256,1,0.109962
4467,steady,1114.072825,1114.319020,246.195,13.527,88.562,141.840,2.241,256,1,0.214469
4468,steady,1114.319080,1114.565107,246.027,13.583,88.497,141.656,2.264,256,1,0.133977
4469,steady,1114.565162,1114.811522,246.360,13.711,88.571,141.807,2.245,256,1,0.109870
4470,steady,1114.811579,1115.057979,246.400,13.820,88.550,141.756,2.246,256,1,0.156208
4471,steady,1115.058031,1115.303701,245.670,13.183,88.559,141.660,2.241,256,1,0.119998
4472,steady,1115.303755,1115.549796,246.041,13.591,88.510,141.684,2.229,256,1,0.143113
4473,steady,1115.549847,1115.796247,246.400,13.823,88.522,141.785,2.246,256,1,0.109344
4474,steady,1115.796300,1116.042724,246.424,13.726,88.545,141.874,2.253,256,1,0.098164
4475,steady,1116.042777,1116.289304,246.527,13.929,88.482,141.847,2.242,256,1,0.123111
4476,steady,1116.289358,1116.536108,246.750,14.001,88.508,141.978,2.237,256,1,0.167690
4477,steady,1116.536163,1116.781983,245.820,13.372,88.573,141.603,2.248,256,1,0.102454
4478,steady,1116.782036,1117.032105,250.069,17.465,88.513,141.824,2.242,256,1,0.120137
4479,steady,1117.032159,1117.278193,246.034,13.453,88.527,141.809,2.219,256,1,0.084845
4480,steady,1117.278246,1117.524543,246.297,13.699,88.549,141.781,2.242,256,1,0.138684
4481,steady,1117.524595,1117.783958,259.363,27.015,88.430,141.647,2.245,256,1,0.111258
4482,steady,1117.784009,1118.034012,250.002,17.516,88.445,141.788,2.228,256,1,0.150564
4483,steady,1118.034062,1118.280438,246.376,13.794,88.488,141.831,2.237,256,1,0.159260
4484,steady,1118.280490,1118.526869,246.380,13.599,88.668,141.854,2.233,256,1,0.070861
4485,steady,1118.526920,1118.773619,246.699,14.150,88.464,141.829,2.228,256,1,0.073528
4486,steady,1118.773670,1119.022067,248.396,15.735,88.503,141.888,2.247,256,1,0.151090
4487,steady,1119.022120,1119.268553,246.434,13.839,88.512,141.826,2.232,256,1,0.158186
4488,steady,1119.268605,1119.515234,246.629,13.804,88.599,141.977,2.225,256,1,0.134685
4489,steady,1119.515286,1119.761833,246.547,14.017,88.541,141.723,2.239,256,1,0.107812
4490,steady,1119.761885,1120.008313,246.429,13.663,88.566,141.928,2.246,256,1,0.098251
4491,steady,1120.008365,1120.254753,246.388,13.920,88.450,141.763,2.229,256,1,0.127777
4492,steady,1120.254805,1120.502960,248.154,15.396,88.493,142.010,2.229,256,1,0.126287
4493,steady,1120.503009,1120.749755,246.746,13.980,88.605,141.929,2.208,256,1,0.131652
4494,steady,1120.749805,1120.996232,246.428,13.734,88.538,141.910,2.221,256,1,0.099966
4495,steady,1120.996283,1121.243146,246.863,14.202,88.577,141.827,2.230,256,1,0.121857
4496,steady,1121.243196,1121.490297,247.101,14.388,88.463,141.991,2.234,256,1,0.136272
4497,steady,1121.490348,1121.736995,246.647,13.869,88.489,142.003,2.260,256,1,0.159588
4498,steady,1121.737046,1121.983568,246.522,13.889,88.406,141.949,2.253,256,1,0.122107
4499,steady,1121.983622,1122.230315,246.694,13.916,88.534,141.978,2.239,256,1,0.193874
4500,steady,1122.230370,1122.476839,246.470,13.782,88.487,141.933,2.243,256,1,0.123044
4501,steady,1122.476968,1122.723132,246.163,13.556,88.556,141.781,2.241,256,1,0.140176
4502,steady,1122.723187,1122.970943,247.756,14.754,88.667,142.071,2.237,256,1,0.141408
4503,steady,1122.970997,1123.217733,246.736,14.185,88.520,141.774,2.230,256,1,0.127767
4504,steady,1123.217784,1123.464309,246.525,13.744,88.592,141.918,2.245,256,1,0.152892
4505,steady,1123.464361,1123.711118,246.756,14.219,88.499,141.775,2.236,256,1,0.155592
4506,steady,1123.711173,1123.957611,246.437,13.694,88.457,142.023,2.237,256,1,0.161549
4507,steady,1123.957663,1124.205480,247.817,15.123,88.570,141.860,2.238,256,1,0.175174
4508,steady,1124.205533,1124.451955,246.422,13.678,88.575,141.911,2.232,256,1,0.154941
4509,steady,1124.452008,1124.699140,247.133,14.167,88.641,142.076,2.224,256,1,0.139952
4510,steady,1124.699193,1124.945973,246.780,14.051,88.592,141.881,2.229,256,1,0.148398
4511,steady,1124.946024,1125.192810,246.786,14.016,88.546,141.956,2.243,256,1,0.138822
4512,steady,1125.192863,1125.439520,246.657,13.894,88.553,141.965,2.218,256,1,0.147360
4513,steady,1125.439573,1125.686264,246.691,13.754,88.694,141.988,2.229,256,1,0.224975
4514,steady,1125.686315,1125.932548,246.233,13.475,88.556,141.933,2.246,256,1,0.148810
4515,steady,1125.932599,1126.179307,246.708,13.932,88.564,141.961,2.225,256,1,0.135735
4516,steady,1126.179359,1126.426183,246.824,14.025,88.576,141.953,2.243,256,1,0.136912
4517,steady,1126.426236,1126.672960,246.725,13.767,88.617,142.061,2.255,256,1,0.126334
4518,steady,1126.673014,1126.920117,247.103,14.253,88.609,141.970,2.244,256,1,0.139382
4519,steady,1126.920169,1127.166658,246.489,13.746,88.507,141.971,2.239,256,1,0.116603
4520,steady,1127.166711,1127.412983,246.272,13.458,88.455,142.094,2.239,256,1,0.149879
4521,steady,1127.413035,1127.659659,246.624,13.834,88.536,141.986,2.244,256,1,0.164987
4522,steady,1127.659713,1127.906159,246.447,13.684,88.568,141.937,2.233,256,1,0.160541
4523,steady,1127.906211,1128.153225,247.014,14.121,88.533,142.093,2.242,256,1,0.133671
4524,steady,1128.153278,1128.399471,246.193,13.498,88.523,141.906,2.242,256,1,0.136542
4525,steady,1128.399523,1128.646001,246.478,13.678,88.593,141.947,2.232,256,1,0.116889
4526,steady,1128.646054,1128.892522,246.468,13.452,88.625,142.116,2.251,256,1,0.110062
4527,steady,1128.892575,1129.139039,246.464,13.702,88.551,141.948,2.237,256,1,0.111316
4528,steady,1129.139098,1129.385723,246.625,13.750,88.674,141.937,2.237,256,1,0.130615
4529,steady,1129.385776,1129.632415,246.639,13.688,88.627,142.045,2.254,256,1,0.198778
4530,steady,1129.632468,1129.879026,246.558,13.701,88.528,142.044,2.261,256,1,0.191537
4531,steady,1129.879089,1130.125618,246.529,13.704,88.585,141.962,2.252,256,1,0.116555
4532,steady,1130.125671,1130.372089,246.417,13.571,88.575,142.021,2.226,256,1,0.096304
4533,steady,1130.372141,1130.618707,246.566,13.775,88.579,141.937,2.249,256,1,0.121223
4534,steady,1130.618759,1130.865781,247.022,14.125,88.572,142.059,2.241,256,1,0.131985
4535,steady,1130.865834,1131.112214,246.379,13.404,88.656,142.060,2.235,256,1,0.104468
4536,steady,1131.112266,1131.358584,246.318,13.402,88.562,142.097,2.231,256,1,0.127989
4537,steady,1131.358636,1131.605111,246.475,13.574,88.579,142.048,2.249,256,1,0.116169
4538,steady,1131.605163,1131.851834,246.671,13.697,88.590,142.106,2.253,256,1,0.172159
4539,steady,1131.851889,1132.098654,246.765,13.851,88.561,142.083,2.244,256,1,0.174223
4540,steady,1132.098707,1132.345181,246.474,13.532,88.583,142.109,2.225,256,1,0.132431
4541,steady,1132.345232,1132.591468,246.236,13.260,88.544,142.155,2.251,256,1,0.115031
4542,steady,1132.591522,1132.837848,246.326,13.575,88.601,141.889,2.234,256,1,0.148274
4543,steady,1132.837901,1133.084711,246.810,13.815,88.554,142.164,2.252,256,1,0.127396
4544,steady,1133.084765,1133.332025,247.260,14.078,88.649,142.261,2.247,256,1,0.175346
4545,steady,1133.332080,1133.578619,246.538,13.654,88.623,141.977,2.257,256,1,0.100827
4546,steady,1133.578674,1133.826105,247.430,14.358,88.662,142.103,2.279,256,1,0.119331
4547,steady,1133.826160,1134.072953,246.793,13.822,88.554,142.123,2.266,256,1,0.167313
4548,steady,1134.073007,1134.320472,247.464,14.387,88.724,142.073,2.255,256,1,0.122299
4549,steady,1134.320525,1134.567078,246.553,13.543,88.596,142.132,2.249,256,1,0.163203
4550,steady,1134.567132,1134.813516,246.385,13.366,88.618,142.127,2.247,256,1,0.161314
4551,steady,1134.813636,1135.060375,246.739,13.908,88.528,142.027,2.248,256,1,0.146077
4552,steady,1135.060430,1135.307049,246.619,13.536,88.624,142.147,2.286,256,1,0.117303
4553,steady,1135.307111,1135.553897,246.786,13.676,88.611,142.050,2.422,256,1,0.106468
4554,steady,1135.553962,1135.800594,246.632,13.596,88.600,142.147,2.263,256,1,0.131802
4555,steady,1135.800651,1136.047685,247.034,14.018,88.690,142.045,2.256,256,1,0.135537
4556,steady,1136.047739,1136.294574,246.835,13.833,88.626,142.116,2.234,256,1,0.152054
4557,steady,1136.294626,1136.541358,246.733,13.618,88.632,142.212,2.245,256,1,0.141552
4558,steady,1136.541414,1136.788098,246.684,13.775,88.574,142.074,2.236,256,1,0.142044
4559,steady,1136.788152,1137.034949,246.797,13.806,88.600,142.128,2.238,256,1,0.125973
4560,steady,1137.035001,1137.281638,246.637,13.563,88.684,142.131,2.233,256,1,0.206544
4561,steady,1137.281694,1137.528422,246.728,13.617,88.656,142.193,2.236,256,1,0.144423
4562,steady,1137.528474,1137.775020,246.546,13.596,88.668,142.020,2.236,256,1,0.081964
4563,steady,1137.775082,1138.022169,247.087,13.787,88.879,142.129,2.264,256,1,0.116654
4564,steady,1138.022223,1138.268943,246.721,13.563,88.754,142.115,2.263,256,1,0.106884
4565,steady,1138.268999,1138.515696,246.696,13.744,88.567,142.081,2.278,256,1,0.211045
4566,steady,1138.515753,1138.762423,246.669,13.754,88.638,141.960,2.291,256,1,0.123135
4567,steady,1138.762479,1139.011038,248.558,15.315,88.602,142.370,2.246,256,1,0.159733
4568,steady,1139.011099,1139.257953,246.854,13.581,88.751,142.246,2.247,256,1,0.200444
4569,steady,1139.258009,1139.504688,246.679,13.603,88.629,142.141,2.276,256,1,0.128966
4570,steady,1139.504744,1139.753387,248.644,15.546,88.691,142.118,2.265,256,1,0.151553
4571,steady,1139.753441,1140.000172,246.731,13.640,88.650,142.143,2.271,256,1,0.154389
4572,steady,1140.000229,1140.246952,246.723,13.703,88.635,142.091,2.268,256,1,0.154560
4573,steady,1140.247008,1140.493977,246.969,13.482,88.720,142.284,2.458,256,1,0.160623
4574,steady,1140.494032,1140.741214,247.182,14.098,88.614,142.180,2.264,256,1,0.140374
4575,steady,1140.741270,1140.988098,246.828,13.760,88.671,142.105,2.266,256,1,0.116635
4576,steady,1140.988155,1141.234888,246.733,13.609,88.632,142.211,2.255,256,1,0.183024
4577,steady,1141.234943,1141.481698,246.755,13.709,88.620,142.155,2.245,256,1,0.132638
4578,steady,1141.481754,1141.728693,246.938,13.893,88.608,142.164,2.248,256,1,0.115559
4579,steady,1141.728750,1141.975739,246.990,13.996,88.632,142.074,2.262,256,1,0.189294
4580,steady,1141.975795,1142.222572,246.777,13.850,88.581,142.032,2.288,256,1,0.081482
4581,steady,1142.222627,1142.469440,246.813,13.779,88.549,142.198,2.261,256,1,0.158363
4582,steady,1142.469494,1142.715641,246.147,13.327,88.622,141.909,2.263,256,1,0.144589
4583,steady,1142.715697,1142.962564,246.867,13.852,88.558,142.147,2.286,256,1,0.194488
4584,steady,1142.962620,1143.209173,246.553,13.632,88.554,142.068,2.272,256,1,0.122398
4585,steady,1143.209229,1143.455696,246.467,13.688,88.579,141.911,2.261,256,1,0.156774
4586,steady,1143.455752,1143.702548,246.795,13.869,88.644,141.992,2.265,256,1,0.107263
4587,steady,1143.702604,1143.948951,246.347,13.623,88.468,141.955,2.275,256,1,0.170208
4588,steady,1143.949006,1144.195629,246.624,13.676,88.558,142.100,2.260,256,1,0.156443
4589,steady,1144.195694,1144.442451,246.758,13.804,88.628,142.011,2.283,256,1,0.154561
4590,steady,1144.442506,1144.689064,246.557,13.805,88.531,141.931,2.266,256,1,0.168557
4591,steady,1144.689119,1144.935347,246.228,13.295,88.614,142.024,2.269,256,1,0.169041
4592,steady,1144.935404,1145.182131,246.727,13.793,88.632,142.009,2.265,256,1,0.105961
4593,steady,1145.182187,1145.429010,246.824,14.059,88.542,141.936,2.261,256,1,0.151710
4594,steady,1145.429067,1145.675965,246.898,13.836,88.715,142.031,2.287,256,1,0.142429
4595,steady,1145.676021,1145.923024,247.003,14.145,88.539,142.011,2.280,256,1,0.153775
4596,steady,1145.923089,1146.170355,247.266,14.437,88.510,142.023,2.270,256,1,0.114157
4597,steady,1146.170411,1146.417053,246.642,13.834,88.559,141.940,2.284,256,1,0.113096
4598,steady,1146.417110,1146.663984,246.874,13.975,88.617,142.007,2.249,256,1,0.114856
4599,steady,1146.664041,1146.910467,246.426,13.744,88.631,141.775,2.251,256,1,0.121769
4600,steady,1146.910522,1147.156837,246.315,13.566,88.577,141.873,2.272,256,1,0.158943
4601,steady,1147.156962,1147.404406,247.444,14.724,88.513,141.905,2.274,256,1,0.208041
4602,steady,1147.404462,1147.651529,247.067,14.301,88.602,141.877,2.260,256,1,0.138259
4603,steady,1147.651583,1147.898120,246.537,13.674,88.578,141.996,2.262,256,1,0.126673
4604,steady,1147.898174,1148.144888,246.713,13.968,88.601,141.840,2.279,256,1,0.167325
4605,steady,1148.144942,1148.391458,246.516,13.673,88.591,141.959,2.267,256,1,0.103181
4606,steady,1148.391513,1148.638323,246.810,13.846,88.663,142.001,2.272,256,1,0.152183
4607,steady,1148.638377,1148.884615,246.238,13.449,88.623,141.900,2.242,256,1,0.142980
4608,steady,1148.884673,1149.131153,246.480,13.919,88.408,141.877,2.250,256,1,0.127372
4609,steady,1149.131208,1149.377740,246.532,13.987,88.390,141.870,2.258,256,1,0.142565
4610,steady,1149.377795,1149.623979,246.185,13.529,88.517,141.856,2.257,256,1,0.161479
4611,steady,1149.624034,1149.871037,247.004,14.332,88.525,141.865,2.254,256,1,0.179313
4612,steady,1149.871097,1150.117391,246.293,13.621,88.587,141.814,2.245,256,1,0.102790
4613,steady,1150.117444,1150.363846,246.401,13.711,88.499,141.908,2.258,256,1,0.133148
4614,steady,1150.363901,1150.609995,246.093,13.464,88.474,141.877,2.250,256,1,0.188294
4615,steady,1150.610052,1150.856466,246.415,13.712,88.586,141.826,2.261,256,1,0.150769
4616,steady,1150.856521,1151.102505,245.984,13.409,88.574,141.703,2.272,256,1,0.174936
4617,steady,1151.102559,1151.350737,248.178,15.524,88.581,141.777,2.253,256,1,0.144895
4618,steady,1151.350793,1151.596814,246.021,13.321,88.602,141.811,2.261,256,1,0.164452
4619,steady,1151.596868,1151.843036,246.168,13.624,88.455,141.812,2.252,256,1,0.147796
4620,steady,1151.843099,1152.089633,246.535,13.778,88.559,141.916,2.256,256,1,0.175519
4621,steady,1152.089685,1152.335878,246.193,13.587,88.446,141.856,2.279,256,1,0.135355
4622,steady,1152.335934,1152.582149,246.215,13.546,88.503,141.870,2.268,256,1,0.131987
4623,steady,1152.582204,1152.828448,246.245,13.543,88.562,141.860,2.256,256,1,0.114187
4624,steady,1152.828504,1153.074624,246.120,13.580,88.514,141.756,2.245,256,1,0.109260
4625,steady,1153.074679,1153.320982,246.303,13.759,88.508,141.749,2.260,256,1,0.165218
4626,steady,1153.321037,1153.567328,246.291,13.502,88.658,141.859,2.247,256,1,0.136052
4627,steady,1153.567382,1153.813437,246.054,13.731,88.362,141.661,2.274,256,1,0.155583
4628,steady,1153.813494,1154.059898,246.404,13.879,88.533,141.703,2.263,256,1,0.122046
4629,steady,1154.059953,1154.306238,246.285,13.685,88.521,141.799,2.254,256,1,0.189078
4630,steady,1154.306294,1154.552428,246.134,13.664,88.553,141.617,2.270,256,1,0.130360
4631,steady,1154.552482,1154.798842,246.359,13.937,88.470,141.671,2.256,256,1,0.089296
4632,steady,1154.798895,1155.045010,246.115,13.629,88.420,141.770,2.271,256,1,0.125088
4633,steady,1155.045065,1155.291214,246.149,13.722,88.444,141.703,2.254,256,1,0.154541
4634,steady,1155.291271,1155.536911,245.640,13.315,88.522,141.530,2.247,256,1,0.113716
4635,steady,1155.536965,1155.783362,246.397,13.812,88.444,141.859,2.256,256,1,0.197350
4636,steady,1155.783416,1156.029928,246.512,14.052,88.432,141.749,2.253,256,1,0.172151
4637,steady,1156.029982,1156.276097,246.115,13.799,88.457,141.590,2.245,256,1,0.128918
4638,steady,1156.276151,1156.522160,246.009,13.565,88.600,141.561,2.257,256,1,0.105755
4639,steady,1156.522214,1156.768070,245.856,13.338,88.506,141.739,2.248,256,1,0.181348
4640,steady,1156.768121,1157.014137,246.016,13.540,88.502,141.708,2.235,256,1,0.127570
4641,steady,1157.014210,1157.260539,246.329,13.876,88.565,141.618,2.235,256,1,0.152206
4642,steady,1157.260591,1157.506963,246.372,13.852,88.498,141.755,2.239,256,1,0.186279
4643,steady,1157.507017,1157.752804,245.787,13.550,88.331,141.624,2.257,256,1,0.187898
4644,steady,1157.752859,1157.998471,245.613,13.262,88.437,141.652,2.237,256,1,0.138932
4645,steady,1157.998525,1158.244514,245.989,13.313,88.543,141.855,2.253,256,1,0.150386
4646,steady,1158.244569,1158.490464,245.895,13.640,88.401,141.571,2.258,256,1,0.138995
4647,steady,1158.490519,1158.736455,245.936,13.746,88.319,141.620,2.225,256,1,0.120117
4648,steady,1158.736508,1158.982178,245.670,13.264,88.445,141.689,2.247,256,1,0.141845
4649,steady,1158.982232,1159.228083,245.850,13.441,88.448,141.697,2.239,256,1,0.192245
4650,steady,1159.228136,1159.473957,245.821,13.514,88.288,141.747,2.247,256,1,0.178385
4651,steady,1159.474083,1159.720490,246.408,14.094,88.423,141.613,2.249,256,1,0.130414
4652,steady,1159.720545,1159.966468,245.924,13.617,88.397,141.641,2.244,256,1,0.150046
4653,steady,1159.966522,1160.212373,245.851,13.465,88.575,141.531,2.255,256,1,0.117501
4654,steady,1160.212428,1160.458507,246.079,13.756,88.486,141.596,2.216,256,1,0.156055
4655,steady,1160.458560,1160.704480,245.920,13.633,88.374,141.644,2.245,256,1,0.178600
4656,steady,1160.704534,1160.950256,245.722,13.350,88.448,141.661,2.238,256,1,0.154441
4657,steady,1160.950310,1161.196047,245.737,13.613,88.426,141.437,2.235,256,1,0.100820
4658,steady,1161.196099,1161.441600,245.500,13.240,88.501,141.482,2.251,256,1,0.137639
4659,steady,1161.441655,1161.687393,245.738,13.257,88.536,141.688,2.231,256,1,0.132563
4660,steady,1161.687445,1161.933560,246.115,13.843,88.486,141.484,2.277,256,1,0.153316
4661,steady,1161.933616,1162.179229,245.613,13.374,88.448,141.518,2.248,256,1,0.113226
4662,steady,1162.179285,1162.425216,245.930,13.639,88.424,141.600,2.242,256,1,0.132749
4663,steady,1162.425270,1162.671027,245.757,13.691,88.320,141.473,2.247,256,1,0.108731
4664,steady,1162.671089,1162.917293,246.205,13.809,88.492,141.637,2.241,256,1,0.159626
4665,steady,1162.917347,1163.163232,245.885,13.345,88.521,141.756,2.239,256,1,0.182574
4666,steady,1163.163287,1163.409253,245.966,13.713,88.484,141.503,2.239,256,1,0.121017
4667,steady,1163.409305,1163.654889,245.584,13.472,88.400,141.456,2.230,256,1,0.121212
4668,steady,1163.654941,1163.900755,245.814,13.555,88.434,141.550,2.249,256,1,0.102521
4669,steady,1163.900810,1164.146774,245.964,13.873,88.337,141.487,2.241,256,1,0.133118
4670,steady,1164.146826,1164.392810,245.984,13.649,88.467,141.602,2.243,256,1,0.151428
4671,steady,1164.392863,1164.638715,245.852,13.480,88.588,141.519,2.239,256,1,0.151543
4672,steady,1164.638767,1164.884519,245.752,13.530,88.310,141.644,2.243,256,1,0.140957
4673,steady,1164.884571,1165.130140,245.568,13.521,88.417,141.362,2.242,256,1,0.138967
4674,steady,1165.130193,1165.375809,245.616,13.456,88.337,141.562,2.235,256,1,0.132763
4675,steady,1165.375862,1165.621542,245.679,13.366,88.342,141.697,2.249,256,1,0.138320
4676,steady,1165.621597,1165.867521,245.924,13.842,88.334,141.483,2.237,256,1,0.117252
4677,steady,1165.867573,1166.113114,245.541,13.309,88.432,141.541,2.232,256,1,0.097778
4678,steady,1166.113168,1166.358909,245.741,13.451,88.519,141.506,2.242,256,1,0.105774
4679,steady,1166.358961,1166.604782,245.822,13.646,88.379,141.529,2.243,256,1,0.114210
4680,steady,1166.604833,1166.850576,245.743,13.635,88.400,141.443,2.239,256,1,0.106835
4681,steady,1166.850627,1167.096341,245.714,13.521,88.400,141.532,2.235,256,1,0.147765
4682,steady,1167.096393,1167.342438,246.045,13.764,88.413,141.598,2.245,256,1,0.109920
4683,steady,1167.342490,1167.588161,245.672,13.642,88.385,141.392,2.228,256,1,0.134782
4684,steady,1167.588212,1167.834286,246.074,13.821,88.519,141.460,2.247,256,1,0.137089
4685,steady,1167.834338,1168.080483,246.145,13.894,88.502,141.500,2.223,256,1,0.126887
4686,steady,1168.080535,1168.326229,245.694,13.480,88.432,141.526,2.231,256,1,0.114241
4687,steady,1168.326281,1168.572104,245.823,13.546,88.438,141.580,2.233,256,1,0.191259
4688,steady,1168.572156,1168.818538,246.382,14.184,88.427,141.526,2.219,256,1,0.125865
4689,steady,1168.818590,1169.064423,245.832,13.586,88.493,141.492,2.236,256,1,0.122320
4690,steady,1169.064474,1169.310605,246.131,13.846,88.567,141.473,2.220,256,1,0.117667
4691,steady,1169.310658,1169.556394,245.737,13.710,88.288,141.477,2.236,256,1,0.124023
4692,steady,1169.556448,1169.802094,245.646,13.513,88.379,141.467,2.260,256,1,0.160917
4693,steady,1169.802147,1170.047547,245.400,13.354,88.276,141.489,2.255,256,1,0.178852
4694,steady,1170.047601,1170.293153,245.552,13.531,88.401,141.375,2.219,256,1,0.141420
4695,steady,1170.293205,1170.538732,245.527,13.401,88.378,141.499,2.223,256,1,0.135653
4696,steady,1170.538784,1170.784234,245.450,13.560,88.326,141.301,2.237,256,1,0.116358
4697,steady,1170.784284,1171.030519,246.235,14.051,88.360,141.556,2.243,256,1,0.112598
4698,steady,1171.030569,1171.276245,245.675,13.377,88.561,141.480,2.232,256,1,0.126874
4699,steady,1171.276297,1171.522004,245.707,13.431,88.453,141.553,2.246,256,1,0.168111
4700,steady,1171.522056,1171.767416,245.360,13.448,88.348,141.305,2.234,256,1,0.118218
4701,steady,1171.767542,1172.013040,245.498,13.502,88.282,141.445,2.239,256,1,0.108366
4702,steady,1172.013092,1172.258632,245.540,13.384,88.382,141.514,2.235,256,1,0.213969
4703,steady,1172.258685,1172.504076,245.390,13.316,88.364,141.450,2.234,256,1,0.100860
4704,steady,1172.504126,1172.749414,245.287,13.367,88.295,141.351,2.250,256,1,0.121881
4705,steady,1172.749465,1172.995192,245.727,13.646,88.441,141.392,2.222,256,1,0.103393
4706,steady,1172.995244,1173.241292,246.048,13.850,88.453,141.495,2.221,256,1,0.127906
4707,steady,1173.241344,1173.487048,245.703,13.671,88.333,141.436,2.236,256,1,0.101995
4708,steady,1173.487107,1173.732873,245.766,13.590,88.389,141.509,2.252,256,1,0.148755
4709,steady,1173.732926,1173.978464,245.538,13.354,88.444,141.465,2.250,256,1,0.183071
4710,steady,1173.978516,1174.224114,245.597,13.506,88.359,141.476,2.230,256,1,0.144904
4711,steady,1174.224164,1174.470182,246.018,13.895,88.477,141.392,2.229,256,1,0.115207
4712,steady,1174.470234,1174.715932,245.698,13.719,88.418,141.300,2.234,256,1,0.126701
4713,steady,1174.715982,1174.963636,247.654,15.547,88.374,141.469,2.237,256,1,0.111440
4714,steady,1174.963688,1175.209279,245.591,13.657,88.319,141.372,2.217,256,1,0.178209
4715,steady,1175.209328,1175.455290,245.961,13.947,88.366,141.390,2.233,256,1,0.120298
4716,steady,1175.455342,1175.701588,246.246,13.985,88.517,141.480,2.237,256,1,0.150406
4717,steady,1175.701640,1175.947826,246.186,14.094,88.322,141.499,2.245,256,1,0.187663
4718,steady,1175.947878,1176.193946,246.068,13.949,88.348,141.506,2.241,256,1,0.162987
4719,steady,1176.193997,1176.440413,246.416,14.180,88.519,141.433,2.260,256,1,0.146265
4720,steady,1176.440465,1176.686723,246.258,13.866,88.525,141.606,2.235,256,1,0.111047
4721,steady,1176.686774,1176.933489,246.715,14.653,88.379,141.438,2.220,256,1,0.137702
4722,steady,1176.933540,1177.179419,245.878,13.428,88.590,141.604,2.230,256,1,0.120106
4723,steady,1177.179470,1177.425153,245.683,13.496,88.411,141.513,2.236,256,1,0.097683
4724,steady,1177.425204,1177.671459,246.255,14.111,88.339,141.544,2.234,256,1,0.146033
4725,steady,1177.671513,1177.917381,245.869,13.632,88.432,141.520,2.258,256,1,0.149048
4726,steady,1177.917435,1178.163230,245.795,13.573,88.353,141.594,2.248,256,1,0.107942
4727,steady,1178.163285,1178.409271,245.986,13.752,88.419,141.538,2.251,256,1,0.131153
4728,steady,1178.409325,1178.655147,245.822,13.796,88.353,141.417,2.231,256,1,0.144033
4729,steady,1178.655200,1178.901298,246.098,13.781,88.426,141.611,2.252,256,1,0.204606
4730,steady,1178.901353,1179.146886,245.534,13.412,88.428,141.436,2.232,256,1,0.147111
4731,steady,1179.146938,1179.392773,245.835,13.561,88.404,141.560,2.282,256,1,0.121884
4732,steady,1179.392826,1179.638449,245.624,13.444,88.442,141.478,2.234,256,1,0.131022
4733,steady,1179.638503,1179.884389,245.886,13.626,88.485,141.497,2.253,256,1,0.147678
4734,steady,1179.884442,1180.131510,247.068,14.783,88.449,141.570,2.239,256,1,0.124215
4735,steady,1180.131564,1180.377525,245.960,13.584,88.445,141.663,2.241,256,1,0.213431
4736,steady,1180.377580,1180.623585,246.005,13.836,88.423,141.481,2.239,256,1,0.134437
4737,steady,1180.623639,1180.869335,245.696,13.499,88.314,141.623,2.234,256,1,0.127279
4738,steady,1180.869389,1181.115300,245.911,13.700,88.419,141.512,2.255,256,1,0.117995
4739,steady,1181.115355,1181.361518,246.163,14.109,88.374,141.400,2.252,256,1,0.108172
4740,steady,1181.361575,1181.607694,246.119,13.928,88.447,141.447,2.269,256,1,0.158413
4741,steady,1181.607749,1181.853349,245.599,13.492,88.383,141.445,2.252,256,1,0.140076
4742,steady,1181.853404,1182.099353,245.949,13.777,88.425,141.480,2.242,256,1,0.149822
4743,steady,1182.099407,1182.345374,245.967,13.866,88.429,141.382,2.264,256,1,0.108268
4744,steady,1182.345427,1182.591268,245.841,13.645,88.435,141.471,2.263,256,1,0.082692
4745,steady,1182.591323,1182.837236,245.913,13.721,88.376,141.537,2.252,256,1,0.109491
4746,steady,1182.837290,1183.083180,245.890,13.565,88.515,141.542,2.243,256,1,0.145745
4747,steady,1183.083234,1183.328760,245.526,13.346,88.416,141.483,2.255,256,1,0.124697
4748,steady,1183.328813,1183.574514,245.701,13.530,88.367,141.530,2.249,256,1,0.126081
4749,steady,1183.574567,1183.821218,246.651,14.450,88.407,141.509,2.260,256,1,0.132123
4750,steady,1183.821274,1184.067304,246.030,13.878,88.379,141.491,2.254,256,1,0.124054
4751,steady,1184.067425,1184.313694,246.269,14.167,88.328,141.489,2.255,256,1,0.142702
4752,steady,1184.313748,1184.559873,246.126,13.973,88.410,141.468,2.249,256,1,0.155212
4753,steady,1184.559928,1184.805773,245.845,13.673,88.331,141.558,2.257,256,1,0.168964
4754,steady,1184.805826,1185.051873,246.047,13.892,88.365,141.513,2.250,256,1,0.109765
4755,steady,1185.051927,1185.297719,245.791,13.730,88.337,141.446,2.251,256,1,0.112670
4756,steady,1185.297773,1185.543313,245.540,13.312,88.559,141.394,2.251,256,1,0.114405
4757,steady,1185.543368,1185.789315,245.947,13.648,88.437,141.582,2.254,256,1,0.130675
4758,steady,1185.789372,1186.035442,246.070,13.924,88.340,141.501,2.279,256,1,0.107332
4759,steady,1186.035499,1186.281746,246.248,14.124,88.392,141.439,2.267,256,1,0.172070
4760,steady,1186.281802,1186.527698,245.896,13.722,88.413,141.485,2.249,256,1,0.105409
4761,steady,1186.527754,1186.773788,246.033,13.785,88.351,141.609,2.261,256,1,0.108948
4762,steady,1186.773842,1187.023989,250.147,18.017,88.417,141.433,2.254,256,1,0.113871
4763,steady,1187.024045,1187.270096,246.051,13.767,88.421,141.578,2.258,256,1,0.139308
4764,steady,1187.270151,1187.515984,245.833,13.518,88.407,141.627,2.253,256,1,0.123588
4765,steady,1187.516038,1187.762223,246.185,14.068,88.359,141.469,2.261,256,1,0.150560
4766,steady,1187.762279,1188.008413,246.134,13.940,88.352,141.558,2.259,256,1,0.129997
4767,steady,1188.008469,1188.254647,246.178,13.801,88.434,141.644,2.273,256,1,0.203400
4768,steady,1188.254704,1188.500979,246.275,14.004,88.415,141.553,2.275,256,1,0.106904
4769,steady,1188.501034,1188.746894,245.860,13.707,88.491,141.384,2.250,256,1,0.102975
4770,steady,1188.746947,1188.993598,246.651,14.520,88.354,141.496,2.255,256,1,0.139285
4771,steady,1188.993651,1189.239658,246.007,13.873,88.402,141.445,2.261,256,1,0.113131
4772,steady,1189.239711,1189.485531,245.819,13.710,88.291,141.543,2.248,256,1,0.163001
4773,steady,1189.485585,1189.731247,245.662,13.629,88.325,141.425,2.257,256,1,0.152354
4774,steady,1189.731304,1189.976855,245.551,13.594,88.301,141.349,2.280,256,1,0.101038
4775,steady,1189.976910,1190.222784,245.874,13.653,88.362,141.579,2.254,256,1,0.119607
4776,steady,1190.222840,1190.469263,246.423,13.999,88.562,141.586,2.253,256,1,0.119102
4777,steady,1190.469319,1190.715229,245.909,13.547,88.529,141.546,2.261,256,1,0.138437
4778,steady,1190.715284,1190.960756,245.472,13.375,88.438,141.380,2.252,256,1,0.100613
4779,steady,1190.960812,1191.206452,245.640,13.571,88.316,141.469,2.258,256,1,0.130507
4780,steady,1191.206506,1191.452317,245.811,13.636,88.435,141.438,2.275,256,1,0.090340
4781,steady,1191.452369,1191.697841,245.472,13.483,88.347,141.362,2.255,256,1,0.121230
4782,steady,1191.697893,1191.943696,245.803,13.452,88.453,141.613,2.259,256,1,0.154552
4783,steady,1191.943749,1192.190075,246.325,14.005,88.506,141.549,2.241,256,1,0.104969
4784,steady,1192.190130,1192.435989,245.859,13.651,88.344,141.578,2.260,256,1,0.166272
4785,steady,1192.436044,1192.681614,245.570,13.456,88.325,141.523,2.239,256,1,0.144403
4786,steady,1192.681669,1192.927626,245.957,13.781,88.479,141.422,2.248,256,1,0.087130
4787,steady,1192.927682,1193.173390,245.709,13.519,88.309,141.613,2.242,256,1,0.132210
4788,steady,1193.173443,1193.418720,245.277,13.401,88.315,141.276,2.259,256,1,0.129991
4789,steady,1193.418773,1193.664615,245.842,13.656,88.484,141.428,2.249,256,1,0.127928
4790,steady,1193.664668,1193.910741,246.073,13.791,88.419,141.579,2.257,256,1,0.163794
4791,steady,1193.910797,1194.160200,249.402,17.211,88.412,141.493,2.259,256,1,0.122749
4792,steady,1194.160254,1194.406089,245.836,13.767,88.386,141.402,2.256,256,1,0.171306
4793,steady,1194.406143,1194.652354,246.211,13.982,88.419,141.524,2.261,256,1,0.130915
4794,steady,1194.652406,1194.898217,245.811,13.632,88.389,141.525,2.237,256,1,0.175770
4795,steady,1194.898271,1195.143847,245.575,13.413,88.392,141.497,2.248,256,1,0.157804
4796,steady,1195.143900,1195.389581,245.681,13.631,88.337,141.445,2.243,256,1,0.124924
4797,steady,1195.389634,1195.635281,245.647,13.485,88.421,141.478,2.237,256,1,0.169905
4798,steady,1195.635334,1195.881072,245.738,13.657,88.343,141.471,2.239,256,1,0.131733
4799,steady,1195.881128,1196.127079,245.951,13.774,88.432,141.469,2.248,256,1,0.134589
4800,steady,1196.127134,1196.373025,245.892,13.647,88.495,141.481,2.245,256,1,0.148023
4801,steady,1196.373237,1196.618788,245.550,13.438,88.454,141.386,2.243,256,1,0.079948
4802,steady,1196.618839,1196.866130,247.291,15.317,88.365,141.338,2.246,256,1,0.125643
4803,steady,1196.866185,1197.111965,245.780,13.695,88.371,141.449,2.239,256,1,0.108273
4804,steady,1197.112019,1197.358615,246.596,14.582,88.403,141.349,2.236,256,1,0.118646
4805,steady,1197.358670,1197.604275,245.605,13.620,88.389,141.341,2.230,256,1,0.100828
4806,steady,1197.604330,1197.849813,245.483,13.334,88.323,141.553,2.248,256,1,0.101974
4807,steady,1197.849866,1198.095409,245.543,13.532,88.374,141.357,2.255,256,1,0.113776
4808,steady,1198.095463,1198.341385,245.922,13.817,88.320,141.520,2.239,256,1,0.092059
4809,steady,1198.341442,1198.587133,245.692,13.435,88.449,141.536,2.245,256,1,0.134326
4810,steady,1198.587189,1198.833148,245.959,13.646,88.545,141.491,2.249,256,1,0.093798
4811,steady,1198.833201,1199.079338,246.137,13.959,88.443,141.463,2.247,256,1,0.191283
4812,steady,1199.079391,1199.324992,245.601,13.450,88.371,141.495,2.259,256,1,0.170380
4813,steady,1199.325045,1199.570798,245.753,13.471,88.406,141.599,2.250,256,1,0.140045
4814,steady,1199.570854,1199.816282,245.428,13.436,88.334,141.388,2.243,256,1,0.094206
4815,steady,1199.816335,1200.062329,245.994,13.719,88.521,141.474,2.256,256,1,0.104288
4816,steady,1200.062384,1200.308286,245.902,13.851,88.410,141.353,2.261,256,1,0.093458
4817,steady,1200.308342,1200.554411,246.069,13.791,88.434,141.561,2.256,256,1,0.122231
4818,steady,1200.554468,1200.800850,246.382,14.270,88.410,141.409,2.263,256,1,0.117008
4819,steady,1200.800906,1201.046578,245.672,13.573,88.404,141.411,2.255,256,1,0.112590
4820,steady,1201.046632,1201.292184,245.551,13.458,88.362,141.455,2.248,256,1,0.120834
4821,steady,1201.292238,1201.538122,245.884,13.811,88.461,141.347,2.237,256,1,0.110782
4822,steady,1201.538176,1201.783897,245.721,13.447,88.481,141.527,2.238,256,1,0.103725
4823,steady,1201.783951,1202.029782,245.831,13.654,88.464,141.404,2.280,256,1,0.170945
4824,steady,1202.029838,1202.276023,246.186,14.088,88.373,141.456,2.241,256,1,0.118030
4825,steady,1202.276088,1202.521709,245.621,13.633,88.376,141.322,2.259,256,1,0.124530
4826,steady,1202.521762,1202.767741,245.978,13.817,88.342,141.554,2.236,256,1,0.120657
4827,steady,1202.767794,1203.013930,246.135,13.969,88.416,141.480,2.242,256,1,0.093926
4828,steady,1203.013983,1203.260007,246.025,13.854,88.451,141.454,2.237,256,1,0.143470
4829,steady,1203.260060,1203.505815,245.754,13.587,88.346,141.548,2.247,256,1,0.112276
4830,steady,1203.505870,1203.753359,247.489,15.256,88.370,141.606,2.228,256,1,0.142569
4831,steady,1203.753414,1203.998967,245.553,13.473,88.409,141.382,2.262,256,1,0.099175
4832,steady,1203.999021,1204.245101,246.081,13.745,88.414,141.647,2.237,256,1,0.135584
4833,steady,1204.245154,1204.491343,246.189,13.997,88.426,141.481,2.256,256,1,0.122897
4834,steady,1204.491398,1204.737214,245.816,13.598,88.459,141.481,2.250,256,1,0.137329
4835,steady,1204.737268,1204.982922,245.654,13.626,88.314,141.441,2.244,256,1,0.144163
4836,steady,1204.982975,1205.228774,245.799,13.597,88.420,141.505,2.250,256,1,0.067756
4837,steady,1205.228829,1205.474261,245.432,13.411,88.334,141.402,2.256,256,1,0.121787
4838,steady,1205.474316,1205.720562,246.246,14.139,88.412,141.420,2.246,256,1,0.181193
4839,steady,1205.720615,1205.966217,245.602,13.468,88.443,141.401,2.262,256,1,0.130363
4840,steady,1205.966270,1206.212743,246.473,14.308,88.408,141.471,2.259,256,1,0.131170
4841,steady,1206.212796,1206.458936,246.140,13.951,88.332,141.555,2.274,256,1,0.155387
4842,steady,1206.458991,1206.705013,246.022,13.863,88.448,141.430,2.255,256,1,0.160898
4843,steady,1206.705064,1206.950979,245.914,13.902,88.346,141.409,2.230,256,1,0.157505
4844,steady,1206.951031,1207.196811,245.779,13.791,88.328,141.386,2.241,256,1,0.112297
4845,steady,1207.196863,1207.442274,245.410,13.212,88.394,141.534,2.246,256,1,0.122630
4846,steady,1207.442327,1207.688312,245.985,13.859,88.327,141.527,2.247,256,1,0.127611
4847,steady,1207.688365,1207.934110,245.745,13.529,88.340,141.571,2.278,256,1,0.131017
4848,steady,1207.934165,1208.179874,245.709,13.525,88.370,141.530,2.255,256,1,0.188498
4849,steady,1208.179938,1208.425584,245.646,13.477,88.309,141.569,2.260,256,1,0.154704
4850,steady,1208.425639,1208.673331,247.691,15.430,88.451,141.537,2.245,256,1,0.132788
4851,steady,1208.673454,1208.919116,245.662,13.511,88.405,141.478,2.239,256,1,0.180445
4852,steady,1208.919168,1209.167420,248.252,16.131,88.346,141.527,2.222,256,1,0.106617
4853,steady,1209.167472,1209.413183,245.711,13.583,88.362,141.507,2.233,256,1,0.128212
4854,steady,1209.413234,1209.659139,245.905,13.870,88.362,141.419,2.227,256,1,0.161253
4855,steady,1209.659193,1209.905026,245.833,13.703,88.412,141.413,2.278,256,1,0.112084
4856,steady,1209.905080,1210.150832,245.752,13.750,88.296,141.421,2.258,256,1,0.132768
4857,steady,1210.150889,1210.396371,245.482,13.361,88.305,141.536,2.253,256,1,0.157365
4858,steady,1210.396424,1210.642268,245.844,13.871,88.352,141.343,2.252,256,1,0.110808
4859,steady,1210.642322,1210.888178,245.856,13.739,88.381,141.471,2.239,256,1,0.149708
4860,steady,1210.888232,1211.133710,245.478,13.291,88.360,141.570,2.232,256,1,0.169199
4861,steady,1211.133762,1211.379596,245.834,13.641,88.430,141.485,2.253,256,1,0.128535
4862,steady,1211.379653,1211.625189,245.536,13.461,88.321,141.494,2.233,256,1,0.170028
4863,steady,1211.625242,1211.871443,246.201,14.161,88.286,141.483,2.244,256,1,0.157439
4864,steady,1211.871497,1212.117222,245.725,13.591,88.389,141.475,2.244,256,1,0.186698
4865,steady,1212.117276,1212.363015,245.738,13.405,88.434,141.636,2.238,256,1,0.186107
4866,steady,1212.363077,1212.608506,245.429,13.307,88.369,141.486,2.239,256,1,0.136615
4867,steady,1212.608559,1212.854430,245.871,13.698,88.433,141.455,2.260,256,1,0.154490
4868,steady,1212.854484,1213.099937,245.453,13.466,88.316,141.412,2.232,256,1,0.128152
4869,steady,1213.099990,1213.345981,245.991,13.813,88.356,141.551,2.245,256,1,0.147431
4870,steady,1213.346035,1213.592058,246.023,13.790,88.559,141.412,2.235,256,1,0.117446
4871,steady,1213.592112,1213.838005,245.893,13.874,88.326,141.424,2.242,256,1,0.149576
4872,steady,1213.838060,1214.083995,245.935,13.785,88.418,141.445,2.261,256,1,0.120445
4873,steady,1214.084051,1214.329736,245.685,13.555,88.417,141.440,2.247,256,1,0.124804
4874,steady,1214.329789,1214.575526,245.737,13.682,88.369,141.425,2.234,256,1,0.140531
4875,steady,1214.575580,1214.821183,245.603,13.459,88.545,141.340,2.233,256,1,0.115425
4876,steady,1214.821238,1215.067219,245.981,13.739,88.345,141.614,2.256,256,1,0.119064
4877,steady,1215.067275,1215.312774,245.499,13.391,88.351,141.483,2.248,256,1,0.165026
4878,steady,1215.312829,1215.558204,245.376,13.313,88.413,141.382,2.243,256,1,0.114895
4879,steady,1215.558256,1215.804072,245.816,13.633,88.402,141.510,2.246,256,1,0.131449
4880,steady,1215.804125,1216.049734,245.609,13.541,88.386,141.419,2.237,256,1,0.107150
4881,steady,1216.049786,1216.296021,246.235,14.023,88.570,141.368,2.249,256,1,0.170595
4882,steady,1216.296076,1216.541817,245.741,13.590,88.494,141.392,2.237,256,1,0.169606
4883,steady,1216.541870,1216.787512,245.642,13.504,88.332,141.536,2.243,256,1,0.166757
4884,steady,1216.787566,1217.033631,246.065,13.669,88.468,141.420,2.480,256,1,0.138432
4885,steady,1217.033697,1217.279983,246.286,14.063,88.429,141.423,2.345,256,1,0.152219
4886,steady,1217.280039,1217.526062,246.023,13.730,88.373,141.549,2.345,256,1,0.117391
4887,steady,1217.526114,1217.772654,246.540,14.411,88.391,141.356,2.355,256,1,0.119691
4888,steady,1217.772706,1218.020664,247.958,15.667,88.470,141.454,2.341,256,1,0.153741
4889,steady,1218.020731,1218.266561,245.830,13.649,88.312,141.502,2.338,256,1,0.162324
4890,steady,1218.266612,1218.512509,245.897,13.783,88.391,141.348,2.349,256,1,0.195796
4891,steady,1218.512559,1218.758807,246.248,14.131,88.367,141.395,2.330,256,1,0.145114
4892,steady,1218.758858,1219.004848,245.990,13.524,88.475,141.624,2.341,256,1,0.136293
4893,steady,1219.004899,1219.250680,245.781,13.487,88.385,141.553,2.331,256,1,0.123880
4894,steady,1219.250750,1219.497150,246.400,14.018,88.493,141.535,2.326,256,1,0.139395
4895,steady,1219.497201,1219.743154,245.954,13.696,88.392,141.510,2.330,256,1,0.127374
4896,steady,1219.743206,1219.989607,246.401,14.045,88.433,141.519,2.377,256,1,0.124929
4897,steady,1219.989672,1220.235708,246.037,13.857,88.389,141.485,2.279,256,1,0.124623
4898,steady,1220.235765,1220.481581,245.816,13.652,88.386,141.505,2.247,256,1,0.098586
4899,steady,1220.481637,1220.727704,246.067,13.651,88.455,141.669,2.263,256,1,0.156806
4900,steady,1220.727757,1220.973438,245.681,13.636,88.280,141.488,2.250,256,1,0.169124
4901,steady,1220.973553,1221.219726,246.173,13.988,88.403,141.490,2.261,256,1,0.196450
4902,steady,1221.219780,1221.467595,247.815,15.820,88.394,141.340,2.235,256,1,0.128225
4903,steady,1221.467649,1221.713387,245.737,13.680,88.390,141.403,2.239,256,1,0.128137
4904,steady,1221.713441,1221.959318,245.877,13.669,88.460,141.476,2.247,256,1,0.167439
4905,steady,1221.959371,1222.205329,245.958,13.718,88.459,141.514,2.239,256,1,0.105414
4906,steady,1222.205393,1222.451434,246.041,13.786,88.321,141.650,2.255,256,1,0.130954
4907,steady,1222.451488,1222.697174,245.685,13.585,88.413,141.422,2.238,256,1,0.107063
4908,steady,1222.697227,1222.943206,245.979,13.839,88.295,141.575,2.245,256,1,0.162107
4909,steady,1222.943257,1223.188825,245.569,13.415,88.379,141.487,2.260,256,1,0.117003
4910,steady,1223.188878,1223.434772,245.894,13.513,88.524,141.588,2.244,256,1,0.123812
4911,steady,1223.434824,1223.680798,245.974,13.835,88.403,141.438,2.269,256,1,0.097032
4912,steady,1223.680854,1223.926644,245.791,13.756,88.362,141.389,2.257,256,1,0.126898
4913,steady,1223.926701,1224.173053,246.351,14.121,88.389,141.567,2.249,256,1,0.162322
4914,steady,1224.173108,1224.418762,245.654,13.495,88.372,141.496,2.264,256,1,0.111996
4915,steady,1224.418820,1224.665367,246.547,14.320,88.272,141.679,2.250,256,1,0.145066
4916,steady,1224.665422,1224.911280,245.858,13.763,88.478,141.355,2.234,256,1,0.122381
4917,steady,1224.911336,1225.157814,246.479,14.219,88.410,141.594,2.228,256,1,0.146585
4918,steady,1225.157868,1225.403397,245.529,13.434,88.365,141.452,2.252,256,1,0.112829
4919,steady,1225.403450,1225.649693,246.242,14.028,88.383,141.543,2.261,256,1,0.122879
4920,steady,1225.649746,1225.895873,246.127,13.990,88.312,141.514,2.285,256,1,0.106112
4921,steady,1225.895926,1226.141769,245.842,13.791,88.244,141.534,2.247,256,1,0.128817
4922,steady,1226.141821,1226.388197,246.376,14.212,88.401,141.484,2.252,256,1,0.126287
4923,steady,1226.388251,1226.634382,246.130,13.905,88.389,141.564,2.248,256,1,0.153572
4924,steady,1226.634434,1226.880901,246.467,13.960,88.605,141.634,2.243,256,1,0.109337
4925,steady,1226.880955,1227.126724,245.769,13.518,88.402,141.600,2.223,256,1,0.149084
4926,steady,1227.126776,1227.372286,245.510,13.338,88.364,141.523,2.260,256,1,0.150001
4927,steady,1227.372339,1227.618576,246.237,14.101,88.460,141.413,2.237,256,1,0.134596
4928,steady,1227.618628,1227.864483,245.855,13.651,88.416,141.537,2.225,256,1,0.110970
4929,steady,1227.864534,1228.110602,246.068,13.904,88.419,141.489,2.231,256,1,0.089607
4930,steady,1228.110653,1228.356711,246.058,13.753,88.402,141.643,2.234,256,1,0.126579
4931,steady,1228.356763,1228.602454,245.691,13.592,88.367,141.457,2.249,256,1,0.129860
4932,steady,1228.602505,1228.848445,245.940,13.565,88.431,141.682,2.236,256,1,0.128534
4933,steady,1228.848498,1229.094043,245.545,13.388,88.466,141.419,2.247,256,1,0.161488
4934,steady,1229.094096,1229.340117,246.022,13.904,88.431,141.425,2.237,256,1,0.092113
4935,steady,1229.340170,1229.585895,245.725,13.780,88.316,141.374,2.230,256,1,0.097116
4936,steady,1229.585945,1229.832112,246.167,13.953,88.338,141.614,2.235,256,1,0.171603
4937,steady,1229.832165,1230.077824,245.659,13.425,88.410,141.548,2.250,256,1,0.118002
4938,steady,1230.077876,1230.323835,245.959,13.545,88.454,141.701,2.231,256,1,0.105993
4939,steady,1230.323888,1230.570030,246.142,13.978,88.374,141.523,2.241,256,1,0.127552
4940,steady,1230.570081,1230.815876,245.795,13.591,88.455,141.481,2.241,256,1,0.107140
4941,steady,1230.815927,1231.061873,245.945,13.690,88.385,141.603,2.241,256,1,0.117647
4942,steady,1231.061928,1231.308153,246.225,13.850,88.455,141.653,2.239,256,1,0.122676
4943,steady,1231.308208,1231.554340,246.132,13.913,88.453,141.509,2.230,256,1,0.131605
4944,steady,1231.554392,1231.800518,246.126,13.862,88.403,141.607,2.230,256,1,0.107552
4945,steady,1231.800570,1232.046289,245.720,13.507,88.419,141.531,2.236,256,1,0.123499
4946,steady,1232.046339,1232.292321,245.982,13.733,88.471,141.506,2.248,256,1,0.110908
4947,steady,1232.292373,1232.537781,245.408,13.286,88.442,141.428,2.227,256,1,0.133979
4948,steady,1232.537832,1232.783382,245.550,13.322,88.435,141.535,2.232,256,1,0.083746
4949,steady,1232.783435,1233.030430,246.995,14.668,88.506,141.571,2.223,256,1,0.151147
4950,steady,1233.030483,1233.276159,245.676,13.472,88.416,141.527,2.234,256,1,0.162269
4951,steady,1233.276281,1233.522337,246.055,13.859,88.428,141.481,2.259,256,1,0.095023
4952,steady,1233.522390,1233.768507,246.118,13.821,88.527,141.512,2.232,256,1,0.126327
4953,steady,1233.768561,1234.014315,245.754,13.523,88.445,141.521,2.239,256,1,0.184784
4954,steady,1234.014367,1234.260627,246.259,13.954,88.406,141.606,2.268,256,1,0.162255
4955,steady,1234.260680,1234.506776,246.096,13.854,88.378,141.600,2.238,256,1,0.124473
4956,steady,1234.506829,1234.752836,246.007,13.556,88.544,141.650,2.230,256,1,0.216265
4957,steady,1234.752888,1234.998775,245.887,13.568,88.540,141.527,2.227,256,1,0.145548
4958,steady,1234.998830,1235.244754,245.924,13.703,88.437,141.527,2.232,256,1,0.120040
4959,steady,1235.244806,1235.491448,246.642,14.287,88.455,141.641,2.233,256,1,0.130889
4960,steady,1235.491502,1235.738127,246.625,14.401,88.430,141.534,2.233,256,1,0.167388
4961,steady,1235.738177,1235.984038,245.862,13.672,88.386,141.536,2.242,256,1,0.142333
4962,steady,1235.984092,1236.230074,245.982,13.743,88.486,141.495,2.233,256,1,0.150005
4963,steady,1236.230125,1236.476268,246.142,13.881,88.437,141.541,2.259,256,1,0.146464
4964,steady,1236.476321,1236.722667,246.346,13.919,88.564,141.593,2.245,256,1,0.137146
4965,steady,1236.722721,1236.968819,246.097,13.895,88.442,141.494,2.242,256,1,0.124390
4966,steady,1236.968870,1237.215188,246.318,14.132,88.424,141.507,2.229,256,1,0.123326
4967,steady,1237.215241,1237.461052,245.811,13.530,88.433,141.594,2.229,256,1,0.112826
4968,steady,1237.461106,1237.707136,246.030,13.709,88.419,141.653,2.222,256,1,0.201773
4969,steady,1237.707190,1237.953100,245.910,13.691,88.434,141.529,2.229,256,1,0.152806
4970,steady,1237.953151,1238.199531,246.380,14.082,88.452,141.583,2.235,256,1,0.101450
4971,steady,1238.199584,1238.445783,246.199,14.028,88.410,141.494,2.239,256,1,0.153546
4972,steady,1238.445836,1238.691711,245.876,13.665,88.396,141.560,2.229,256,1,0.190304
4973,steady,1238.691767,1238.937827,246.060,13.717,88.401,141.684,2.230,256,1,0.249961
4974,steady,1238.937879,1239.183940,246.061,13.811,88.473,141.516,2.236,256,1,0.113865
4975,steady,1239.183992,1239.430512,246.520,14.014,88.489,141.763,2.228,256,1,0.151997
4976,steady,1239.430564,1239.677691,247.127,14.454,88.656,141.755,2.236,256,1,0.184788
4977,steady,1239.677743,1239.923708,245.964,13.669,88.503,141.519,2.248,256,1,0.135704
4978,steady,1239.923760,1240.169625,245.865,13.642,88.426,141.541,2.229,256,1,0.135850
4979,steady,1240.169678,1240.415968,246.290,14.026,88.537,141.452,2.249,256,1,0.119960
4980,steady,1240.416022,1240.662194,246.171,13.902,88.431,141.580,2.231,256,1,0.140510
4981,steady,1240.662245,1240.908545,246.300,14.101,88.436,141.509,2.229,256,1,0.155411
4982,steady,1240.908598,1241.154466,245.868,13.645,88.490,141.479,2.229,256,1,0.114456
4983,steady,1241.154518,1241.400868,246.350,13.829,88.432,141.818,2.247,256,1,0.123745
4984,steady,1241.400924,1241.646890,245.966,13.820,88.379,141.508,2.233,256,1,0.139518
4985,steady,1241.646941,1241.892643,245.701,13.362,88.426,141.617,2.270,256,1,0.167233
4986,steady,1241.892697,1242.138488,245.791,13.546,88.385,141.597,2.239,256,1,0.119413
4987,steady,1242.138539,1242.384752,246.212,13.890,88.433,141.630,2.234,256,1,0.126233
4988,steady,1242.384804,1242.631086,246.282,14.022,88.486,141.519,2.228,256,1,0.180762
4989,steady,1242.631140,1242.877035,245.895,13.536,88.462,141.629,2.241,256,1,0.132877
4990,steady,1242.877087,1243.123254,246.167,13.739,88.430,141.732,2.239,256,1,0.217752
4991,steady,1243.123309,1243.369259,245.950,13.854,88.363,141.468,2.240,256,1,0.116422
4992,steady,1243.369314,1243.616342,247.029,14.684,88.511,141.574,2.234,256,1,0.086298
4993,steady,1243.616394,1243.862380,245.986,13.660,88.515,141.537,2.249,256,1,0.110577
4994,steady,1243.862433,1244.108850,246.417,14.206,88.428,141.514,2.244,256,1,0.144012
4995,steady,1244.108903,1244.355564,246.661,14.090,88.563,141.758,2.223,256,1,0.103814
4996,steady,1244.355617,1244.601602,245.984,13.581,88.551,141.585,2.241,256,1,0.123906
4997,steady,1244.601655,1244.848142,246.486,14.120,88.474,141.637,2.230,256,1,0.116388
4998,steady,1244.848194,1245.094352,246.157,13.740,88.564,141.595,2.233,256,1,0.140429
4999,steady,1245.094405,1245.340422,246.017,13.819,88.349,141.588,2.237,256,1,0.139341
5000,steady,1245.340474,1245.586864,246.390,13.892,88.505,141.734,2.234,256,1,0.125619
5001,steady,1245.586982,1245.835102,248.120,15.705,88.453,141.693,2.239,256,1,0.171595
5002,steady,1245.835155,1246.080967,245.812,13.358,88.451,141.710,2.265,256,1,0.105440
5003,steady,1246.081022,1246.326971,245.949,13.576,88.559,141.537,2.251,256,1,0.154386
5004,steady,1246.327025,1246.572982,245.957,13.518,88.574,141.579,2.259,256,1,0.129697
5005,steady,1246.573036,1246.819213,246.177,13.714,88.510,141.691,2.235,256,1,0.140553
5006,steady,1246.819268,1247.066310,247.042,14.664,88.424,141.699,2.227,256,1,0.106405
5007,steady,1247.066364,1247.312543,246.179,13.849,88.493,141.541,2.269,256,1,0.075453
5008,steady,1247.312596,1247.559353,246.758,14.359,88.506,141.627,2.238,256,1,0.146791
5009,steady,1247.559407,1247.805575,246.168,13.931,88.395,141.574,2.242,256,1,0.090502
5010,steady,1247.805629,1248.052323,246.694,14.192,88.458,141.751,2.266,256,1,0.208841
5011,steady,1248.052376,1248.298767,246.392,13.812,88.525,141.771,2.258,256,1,0.147406
5012,steady,1248.298821,1248.545087,246.267,14.038,88.397,141.539,2.266,256,1,0.131131
5013,steady,1248.545142,1248.790976,245.834,13.561,88.461,141.537,2.248,256,1,0.170440
5014,steady,1248.791032,1249.037744,246.712,14.319,88.398,141.721,2.238,256,1,0.131855
5015,steady,1249.037798,1249.283951,246.153,13.645,88.452,141.765,2.264,256,1,0.135622
5016,steady,1249.284008,1249.530197,246.189,13.983,88.378,141.553,2.248,256,1,0.116016
5017,steady,1249.530251,1249.776757,246.505,13.969,88.615,141.629,2.266,256,1,0.114351
5018,steady,1249.776812,1250.022892,246.080,13.811,88.515,141.477,2.253,256,1,0.156667
5019,steady,1250.022947,1250.268643,245.696,13.684,88.342,141.388,2.257,256,1,0.137755
5020,steady,1250.268697,1250.514707,246.010,13.607,88.571,141.551,2.256,256,1,0.147371
5021,steady,1250.514761,1250.760971,246.210,13.915,88.415,141.591,2.263,256,1,0.183974
5022,steady,1250.761028,1251.007382,246.353,14.174,88.361,141.544,2.246,256,1,0.171066
5023,steady,1251.007435,1251.253539,246.104,13.787,88.334,141.710,2.247,256,1,0.142282
5024,steady,1251.253593,1251.500041,246.448,14.321,88.326,141.509,2.267,256,1,0.139241
5025,steady,1251.500096,1251.746064,245.968,13.710,88.367,141.624,2.241,256,1,0.150512
5026,steady,1251.746118,1251.991965,245.847,13.884,88.293,141.394,2.249,256,1,0.132769
5027,steady,1251.992020,1252.238353,246.333,14.000,88.419,141.631,2.258,256,1,0.107677
5028,steady,1252.238407,1252.484940,246.533,13.957,88.544,141.754,2.252,256,1,0.122115
5029,steady,1252.484995,1252.731290,246.295,14.087,88.482,141.463,2.238,256,1,0.111559
5030,steady,1252.731347,1252.977647,246.300,14.005,88.362,141.656,2.250,256,1,0.108681
5031,steady,1252.977702,1253.223804,246.102,13.740,88.461,141.647,2.227,256,1,0.170218
5032,steady,1253.223858,1253.470417,246.559,14.084,88.521,141.694,2.234,256,1,0.124322
5033,steady,1253.470470,1253.716473,246.003,13.638,88.470,141.622,2.248,256,1,0.139304
5034,steady,1253.716530,1253.962705,246.176,14.111,88.246,141.497,2.295,256,1,0.104552
5035,steady,1253.962761,1254.209011,246.251,13.885,88.499,141.584,2.256,256,1,0.132011
5036,steady,1254.209065,1254.455079,246.014,13.709,88.508,141.534,2.237,256,1,0.143124
5037,steady,1254.455135,1254.701068,245.933,13.778,88.362,141.522,2.245,256,1,0.133909
5038,steady,1254.701124,1254.946856,245.732,13.583,88.339,141.552,2.232,256,1,0.173281
5039,steady,1254.946910,1255.192866,245.956,13.766,88.343,141.577,2.246,256,1,0.176172
5040,steady,1255.192920,1255.438823,245.902,13.516,88.475,141.651,2.235,256,1,0.107110
5041,steady,1255.438876,1255.685120,246.244,13.654,88.381,141.707,2.474,256,1,0.173792
5042,steady,1255.685187,1255.931605,246.418,14.034,88.513,141.576,2.266,256,1,0.165759
5043,steady,1255.931662,1256.177764,246.101,13.772,88.508,141.557,2.238,256,1,0.140127
5044,steady,1256.177817,1256.423879,246.063,13.928,88.376,141.484,2.249,256,1,0.119478
5045,steady,1256.423934,1256.670035,246.101,13.784,88.381,141.672,2.237,256,1,0.136042
5046,steady,1256.670089,1256.916085,245.995,13.702,88.421,141.615,2.231,256,1,0.134097
5047,steady,1256.916137,1257.162429,246.292,14.069,88.429,141.513,2.255,256,1,0.093201
5048,steady,1257.162482,1257.414273,251.791,19.548,88.411,141.568,2.238,256,1,0.138850
5049,steady,1257.414326,1257.662564,248.238,15.769,88.519,141.664,2.260,256,1,0.143950
5050,steady,1257.662619,1257.909110,246.491,13.976,88.488,141.738,2.263,256,1,0.142485
5051,steady,1257.909230,1258.156067,246.837,14.481,88.439,141.650,2.237,256,1,0.135213
5052,steady,1258.156121,1258.402632,246.511,14.242,88.457,141.518,2.268,256,1,0.124812
5053,steady,1258.402684,1258.648497,245.813,13.574,88.410,141.572,2.231,256,1,0.110457
5054,steady,1258.648548,1258.894772,246.224,13.925,88.437,141.580,2.255,256,1,0.135496
5055,steady,1258.894824,1259.141165,246.340,14.051,88.422,141.607,2.234,256,1,0.122127
5056,steady,1259.141219,1259.387810,246.591,14.019,88.674,141.627,2.244,256,1,0.087151
5057,steady,1259.387864,1259.634076,246.212,13.922,88.463,141.561,2.241,256,1,0.117304
5058,steady,1259.634129,1259.880434,246.305,13.977,88.448,141.606,2.248,256,1,0.160082
5059,steady,1259.880489,1260.126545,246.057,13.746,88.398,141.647,2.242,256,1,0.100241
5060,steady,1260.126599,1260.372854,246.255,13.892,88.437,141.654,2.247,256,1,0.123582
5061,steady,1260.372907,1260.619801,246.894,14.465,88.497,141.671,2.235,256,1,0.105189
5062,steady,1260.619853,1260.866008,246.155,13.827,88.480,141.567,2.255,256,1,0.111028
5063,steady,1260.866060,1261.112223,246.162,13.664,88.504,141.731,2.238,256,1,0.144643
5064,steady,1261.112277,1261.359980,247.704,15.379,88.460,141.599,2.239,256,1,0.121364
5065,steady,1261.360034,1261.606056,246.021,13.642,88.487,141.608,2.259,256,1,0.085784
5066,steady,1261.606111,1261.852160,246.049,13.628,88.483,141.667,2.245,256,1,0.173118
5067,steady,1261.852216,1262.098306,246.089,13.703,88.425,141.687,2.249,256,1,0.127430
5068,steady,1262.098359,1262.344432,246.073,13.699,88.404,141.711,2.233,256,1,0.146126
5069,steady,1262.344486,1262.590352,245.866,13.607,88.307,141.689,2.237,256,1,0.132763
5070,steady,1262.590406,1262.836500,246.094,13.762,88.396,141.658,2.253,256,1,0.144077
5071,steady,1262.836555,1263.083200,246.645,14.197,88.543,141.612,2.267,256,1,0.132796
5072,steady,1263.083256,1263.329214,245.958,13.562,88.525,141.604,2.242,256,1,0.126391
5073,steady,1263.329267,1263.575727,246.460,14.065,88.499,141.623,2.248,256,1,0.127270
5074,steady,1263.575781,1263.822038,246.257,13.758,88.504,141.721,2.248,256,1,0.162145
5075,steady,1263.822093,1264.068205,246.112,13.818,88.452,141.566,2.251,256,1,0.148535
5076,steady,1264.068261,1264.314912,246.651,14.299,88.429,141.642,2.255,256,1,0.134525
5077,steady,1264.314964,1264.560540,245.576,13.392,88.352,141.567,2.239,256,1,0.124095
5078,steady,1264.560593,1264.806404,245.811,13.326,88.489,141.741,2.230,256,1,0.118389
5079,steady,1264.806457,1265.052969,246.512,13.982,88.442,141.797,2.265,256,1,0.175704
5080,steady,1265.053024,1265.299370,246.346,13.707,88.464,141.912,2.236,256,1,0.120115
5081,steady,1265.299424,1265.545734,246.310,13.817,88.475,141.754,2.238,256,1,0.135344
5082,steady,1265.545788,1265.791828,246.040,13.729,88.497,141.550,2.237,256,1,0.118804
5083,steady,1265.791886,1266.038540,246.655,14.104,88.482,141.775,2.267,256,1,0.146489
5084,steady,1266.038596,1266.284760,246.164,13.571,88.524,141.800,2.243,256,1,0.118631
5085,steady,1266.284812,1266.531127,246.316,13.840,88.445,141.756,2.247,256,1,0.123518
5086,steady,1266.531182,1266.777545,246.363,13.917,88.426,141.752,2.239,256,1,0.098451
5087,steady,1266.777600,1267.026993,249.393,16.823,88.545,141.740,2.260,256,1,0.119812
5088,steady,1267.027049,1267.273469,246.420,13.688,88.544,141.903,2.249,256,1,0.153136
5089,steady,1267.273522,1267.519921,246.399,13.801,88.576,141.746,2.251,256,1,0.097010
5090,steady,1267.519975,1267.768295,248.320,15.858,88.535,141.657,2.245,256,1,0.095032
5091,steady,1267.768349,1268.014973,246.624,14.207,88.533,141.621,2.238,256,1,0.120157
5092,steady,1268.015028,1268.262002,246.975,14.427,88.566,141.707,2.249,256,1,0.167892
5093,steady,1268.262056,1268.508324,246.267,13.873,88.372,141.741,2.257,256,1,0.139375
5094,steady,1268.508378,1268.756601,248.224,15.840,88.450,141.647,2.261,256,1,0.114018
5095,steady,1268.756654,1269.003200,246.545,14.074,88.533,141.676,2.237,256,1,0.155961
5096,steady,1269.003255,1269.249714,246.459,13.867,88.572,141.739,2.255,256,1,0.151557
5097,steady,1269.249768,1269.496722,246.954,14.405,88.511,141.749,2.262,256,1,0.130624
5098,steady,1269.496776,1269.742907,246.132,13.659,88.439,141.757,2.251,256,1,0.120942
5099,steady,1269.742961,1269.989413,246.452,13.757,88.516,141.916,2.237,256,1,0.118445
5100,steady,1269.989468,1270.235921,246.453,14.040,88.399,141.740,2.248,256,1,0.084736
5101,steady,1270.236040,1270.482685,246.645,14.073,88.454,141.824,2.263,256,1,0.115647
5102,steady,1270.482738,1270.729086,246.348,13.703,88.600,141.781,2.239,256,1,0.103101
5103,steady,1270.729141,1270.975559,246.418,13.951,88.477,141.708,2.256,256,1,0.154762
5104,steady,1270.975613,1271.221634,246.021,13.588,88.412,141.749,2.245,256,1,0.131489
5105,steady,1271.221689,1271.468353,246.664,14.103,88.413,141.873,2.249,256,1,0.144198
5106,steady,1271.468406,1271.714655,246.248,13.794,88.466,141.719,2.243,256,1,0.139154
5107,steady,1271.714709,1271.961368,246.659,14.171,88.440,141.786,2.235,256,1,0.178322
5108,steady,1271.961423,1272.207668,246.245,13.824,88.445,141.697,2.253,256,1,0.077735
5109,steady,1272.207722,1272.453938,246.216,13.624,88.535,141.798,2.232,256,1,0.111787
5110,steady,1272.453990,1272.700189,246.199,13.648,88.596,141.687,2.241,256,1,0.151664
5111,steady,1272.700243,1272.946589,246.346,13.792,88.436,141.853,2.239,256,1,0.069986
5112,steady,1272.946643,1273.192904,246.260,13.644,88.459,141.888,2.243,256,1,0.141426
5113,steady,1273.192956,1273.439705,246.748,14.194,88.554,141.733,2.241,256,1,0.131114
5114,steady,1273.439758,1273.686225,246.467,13.746,88.494,141.954,2.247,256,1,0.137379
5115,steady,1273.686278,1273.932671,246.393,13.862,88.430,141.755,2.318,256,1,0.167166
5116,steady,1273.932730,1274.179126,246.396,13.821,88.508,141.784,2.256,256,1,0.123036
5117,steady,1274.179181,1274.425716,246.535,13.743,88.616,141.905,2.246,256,1,0.167506
5118,steady,1274.425769,1274.671957,246.189,13.560,88.564,141.808,2.233,256,1,0.111507
5119,steady,1274.672008,1274.919138,247.130,14.338,88.559,141.976,2.231,256,1,0.151328
5120,steady,1274.919192,1275.165267,246.075,13.662,88.408,141.748,2.229,256,1,0.110708
5121,steady,1275.165321,1275.413877,248.556,15.948,88.514,141.830,2.236,256,1,0.163625
5122,steady,1275.413928,1275.660363,246.434,13.769,88.489,141.930,2.220,256,1,0.215885
5123,steady,1275.660416,1275.906619,246.203,13.484,88.575,141.879,2.238,256,1,0.194800
5124,steady,1275.906673,1276.152678,246.005,13.536,88.440,141.763,2.243,256,1,0.115543
5125,steady,1276.152730,1276.398962,246.232,13.652,88.507,141.805,2.243,256,1,0.106132
5126,steady,1276.399015,1276.645492,246.477,13.796,88.513,141.910,2.233,256,1,0.143836
5127,steady,1276.645545,1276.891651,246.106,13.389,88.558,141.906,2.227,256,1,0.099857
5128,steady,1276.891705,1277.137826,246.121,13.534,88.571,141.761,2.229,256,1,0.118406
5129,steady,1277.137877,1277.384029,246.152,13.468,88.483,141.942,2.233,256,1,0.146733
5130,steady,1277.384081,1277.630415,246.334,13.644,88.522,141.899,2.244,256,1,0.113769
5131,steady,1277.630465,1277.876859,246.394,13.901,88.457,141.768,2.242,256,1,0.107072
5132,steady,1277.876910,1278.123088,246.177,13.546,88.563,141.815,2.227,256,1,0.123699
5133,steady,1278.123142,1278.369299,246.157,13.439,88.518,141.941,2.232,256,1,0.152060
5134,steady,1278.369350,1278.615664,246.313,13.543,88.535,141.979,2.230,256,1,0.115414
5135,steady,1278.615718,1278.862499,246.782,13.914,88.480,142.107,2.256,256,1,0.154205
5136,steady,1278.862554,1279.109171,246.617,13.638,88.624,142.100,2.230,256,1,0.216467
5137,steady,1279.109224,1279.355756,246.532,13.839,88.545,141.871,2.251,256,1,0.117928
5138,steady,1279.355809,1279.602107,246.298,13.750,88.628,141.644,2.251,256,1,0.170846
5139,steady,1279.602159,1279.848945,246.786,14.055,88.554,141.915,2.236,256,1,0.135570
5140,steady,1279.848996,1280.095571,246.575,13.777,88.598,141.947,2.227,256,1,0.185853
5141,steady,1280.095624,1280.342203,246.580,13.757,88.579,141.985,2.233,256,1,0.117919
5142,steady,1280.342255,1280.589025,246.770,13.882,88.603,142.023,2.238,256,1,0.145410
5143,steady,1280.589076,1280.835706,246.630,13.838,88.561,141.979,2.226,256,1,0.149999
5144,steady,1280.835757,1281.082380,246.623,13.901,88.596,141.854,2.244,256,1,0.173030
5145,steady,1281.082431,1281.328995,246.564,13.875,88.505,141.923,2.236,256,1,0.158929
5146,steady,1281.329045,1281.575651,246.606,13.759,88.571,141.998,2.252,256,1,0.144528
5147,steady,1281.575704,1281.822025,246.321,13.483,88.554,142.008,2.249,256,1,0.093393
5148,steady,1281.822079,1282.068571,246.492,13.554,88.656,142.023,2.234,256,1,0.154047
5149,steady,1282.068623,1282.314689,246.065,13.423,88.521,141.863,2.233,256,1,0.162316
5150,steady,1282.314741,1282.561534,246.793,13.928,88.600,142.006,2.232,256,1,0.142424
5151,steady,1282.561652,1282.808764,247.113,14.263,88.510,142.071,2.239,256,1,0.169441
5152,steady,1282.808818,1283.055264,246.446,13.502,88.627,142.059,2.231,256,1,0.141904
5153,steady,1283.055315,1283.301753,246.438,13.651,88.538,141.988,2.234,256,1,0.118167
5154,steady,1283.301806,1283.548377,246.570,13.773,88.563,141.974,2.233,256,1,0.106083
5155,steady,1283.548429,1283.795700,247.271,14.470,88.508,142.036,2.230,256,1,0.162867
5156,steady,1283.795751,1284.041990,246.239,13.300,88.648,142.041,2.224,256,1,0.150634
5157,steady,1284.042043,1284.288389,246.346,13.625,88.514,141.955,2.227,256,1,0.168889
5158,steady,1284.288440,1284.535022,246.582,13.872,88.515,141.925,2.246,256,1,0.112843
5159,steady,1284.535081,1284.781721,246.640,13.704,88.610,142.071,2.228,256,1,0.167958
5160,steady,1284.781773,1285.028754,246.980,13.823,88.810,142.078,2.243,256,1,0.149773
5161,steady,1285.028804,1285.275441,246.637,13.818,88.545,142.010,2.238,256,1,0.146353
5162,steady,1285.275492,1285.522703,247.212,14.331,88.594,142.018,2.242,256,1,0.163887
5163,steady,1285.522753,1285.769618,246.865,13.764,88.643,142.201,2.232,256,1,0.169194
5164,steady,1285.769668,1286.016089,246.421,13.465,88.604,142.102,2.225,256,1,0.108604
5165,steady,1286.016139,1286.262846,246.707,13.791,88.649,142.009,2.232,256,1,0.125582
5166,steady,1286.262897,1286.509389,246.492,13.524,88.583,142.120,2.239,256,1,0.148165
5167,steady,1286.509442,1286.756226,246.784,14.103,88.483,141.933,2.239,256,1,0.068887
5168,steady,1286.756280,1287.002838,246.557,13.642,88.642,142.019,2.230,256,1,0.142898
5169,steady,1287.002890,1287.249394,246.504,13.477,88.651,142.123,2.227,256,1,0.175076
5170,steady,1287.249445,1287.496088,246.644,13.751,88.614,142.035,2.217,256,1,0.131693
5171,steady,1287.496141,1287.743032,246.891,13.901,88.592,142.142,2.230,256,1,0.166776
5172,steady,1287.743091,1287.989827,246.736,13.797,88.650,142.031,2.231,256,1,0.212449
5173,steady,1287.989877,1288.236781,246.904,14.018,88.613,141.992,2.255,256,1,0.130309
5174,steady,1288.236833,1288.484004,247.171,14.005,88.765,142.129,2.245,256,1,0.150873
5175,steady,1288.484058,1288.730861,246.803,13.808,88.646,142.090,2.230,256,1,0.100777
5176,steady,1288.730914,1288.977879,246.965,14.075,88.551,142.074,2.238,256,1,0.079501
5177,steady,1288.977933,1289.224757,246.824,13.857,88.576,142.127,2.238,256,1,0.114725
5178,steady,1289.224811,1289.471385,246.574,13.792,88.598,141.908,2.250,256,1,0.124423
5179,steady,1289.471439,1289.718185,246.746,13.909,88.561,142.011,2.239,256,1,0.095918
5180,steady,1289.718238,1289.965105,246.868,13.701,88.668,142.212,2.260,256,1,0.156077
5181,steady,1289.965160,1290.212059,246.900,13.846,88.682,142.095,2.250,256,1,0.150471
5182,steady,1290.212114,1290.458805,246.691,13.716,88.621,142.090,2.238,256,1,0.154936
5183,steady,1290.458858,1290.705248,246.390,13.420,88.707,142.003,2.235,256,1,0.114977
5184,steady,1290.705302,1290.951763,246.461,13.534,88.585,142.083,2.232,256,1,0.103489
5185,steady,1290.951816,1291.198595,246.779,13.678,88.632,142.220,2.222,256,1,0.121231
5186,steady,1291.198646,1291.445392,246.746,13.691,88.714,142.089,2.226,256,1,0.128218
5187,steady,1291.445444,1291.692613,247.168,13.981,88.742,142.163,2.258,256,1,0.123997
5188,steady,1291.692665,1291.939307,246.642,13.608,88.720,142.060,2.229,256,1,0.131118
5189,steady,1291.939360,1292.186123,246.763,13.664,88.579,142.261,2.233,256,1,0.086928
5190,steady,1292.186175,1292.433058,246.883,13.767,88.698,142.136,2.257,256,1,0.171876
5191,steady,1292.433112,1292.680095,246.984,13.753,88.746,142.225,2.234,256,1,0.147046
5192,steady,1292.680149,1292.926923,246.773,13.560,88.791,142.169,2.226,256,1,0.160938
5193,steady,1292.926976,1293.174182,247.206,14.195,88.654,142.111,2.222,256,1,0.097781
5194,steady,1293.174234,1293.420955,246.721,13.556,88.702,142.183,2.254,256,1,0.105004
5195,steady,1293.421010,1293.667813,246.803,13.819,88.591,142.129,2.237,256,1,0.123841
5196,steady,1293.667865,1293.914832,246.967,13.896,88.721,142.081,2.244,256,1,0.119543
5197,steady,1293.914884,1294.162122,247.238,14.174,88.754,142.050,2.234,256,1,0.129795
5198,steady,1294.162174,1294.409026,246.852,13.706,88.716,142.142,2.262,256,1,0.137364
5199,steady,1294.409076,1294.655882,246.806,13.651,88.624,142.272,2.232,256,1,0.168057
5200,steady,1294.655934,1294.903260,247.326,14.264,88.641,142.157,2.238,256,1,0.122180
5201,steady,1294.903381,1295.150340,246.958,13.737,88.755,142.213,2.225,256,1,0.153893
5202,steady,1295.150390,1295.397443,247.053,13.783,88.675,142.335,2.234,256,1,0.132384
5203,steady,1295.397495,1295.645106,247.611,14.173,88.701,142.465,2.248,256,1,0.164953
5204,steady,1295.645157,1295.892362,247.205,13.858,88.699,142.375,2.249,256,1,0.159348
5205,steady,1295.892415,1296.139448,247.033,13.631,88.798,142.345,2.234,256,1,0.169035
5206,steady,1296.139503,1296.386933,247.430,13.746,88.944,142.468,2.247,256,1,0.148863
5207,steady,1296.386987,1296.634543,247.556,14.059,88.744,142.468,2.261,256,1,0.119274
5208,steady,1296.634597,1296.881594,246.997,13.588,88.773,142.356,2.255,256,1,0.119639
5209,steady,1296.881650,1297.129182,247.532,14.140,88.714,142.410,2.243,256,1,0.110340
5210,steady,1297.129233,1297.376173,246.940,13.432,88.823,142.420,2.239,256,1,0.129315
5211,steady,1297.376228,1297.623412,247.184,13.687,88.803,142.431,2.237,256,1,0.158103
5212,steady,1297.623465,1297.875900,252.434,18.948,88.833,142.367,2.261,256,1,0.157823
5213,steady,1297.875954,1298.123181,247.228,13.822,88.707,142.432,2.239,256,1,0.134382
5214,steady,1298.123235,1298.370320,247.085,13.658,88.705,142.466,2.231,256,1,0.111430
5215,steady,1298.370373,1298.617352,246.979,13.535,88.775,142.413,2.232,256,1,0.128635
5216,steady,1298.617406,1298.864810,247.405,13.923,88.795,142.418,2.245,256,1,0.114499
5217,steady,1298.864862,1299.112435,247.573,14.007,88.839,142.452,2.251,256,1,0.146196
5218,steady,1299.112488,1299.359741,247.253,13.795,88.737,142.457,2.239,256,1,0.108091
5219,steady,1299.359796,1299.607007,247.211,13.928,88.796,142.219,2.243,256,1,0.107127
5220,steady,1299.607061,1299.854466,247.405,13.859,88.897,142.373,2.245,256,1,0.098426
5221,steady,1299.854519,1300.101635,247.117,13.755,88.771,142.334,2.231,256,1,0.117523
5222,steady,1300.101688,1300.349099,247.411,14.079,88.705,142.369,2.232,256,1,0.176260
5223,steady,1300.349152,1300.596661,247.509,14.045,88.687,142.501,2.252,256,1,0.141688
5224,steady,1300.596713,1300.843776,247.063,13.484,88.865,142.455,2.232,256,1,0.122388
5225,steady,1300.843829,1301.091277,247.449,14.007,88.738,142.442,2.234,256,1,0.089851
5226,steady,1301.091334,1301.339359,248.025,14.604,88.706,142.459,2.228,256,1,0.126091
5227,steady,1301.339411,1301.586460,247.050,13.721,88.789,142.262,2.253,256,1,0.123197
5228,steady,1301.586512,1301.834156,247.644,14.138,88.797,142.456,2.227,256,1,0.184346
5229,steady,1301.834208,1302.081047,246.839,13.528,88.690,142.346,2.250,256,1,0.104233
5230,steady,1302.081101,1302.328220,247.118,13.665,88.794,142.393,2.239,256,1,0.144099
5231,steady,1302.328272,1302.575148,246.876,13.463,88.772,142.376,2.238,256,1,0.102407
5232,steady,1302.575201,1302.822221,247.020,13.688,88.696,142.382,2.228,256,1,0.135718
5233,steady,1302.822273,1303.069034,246.761,13.424,88.758,142.315,2.239,256,1,0.162070
5234,steady,1303.069087,1303.316490,247.404,14.041,88.754,142.335,2.249,256,1,0.137103
5235,steady,1303.316542,1303.563512,246.969,13.587,88.799,142.314,2.245,256,1,0.105604
5236,steady,1303.563565,1303.810877,247.312,13.735,88.847,142.448,2.256,256,1,0.146401
5237,steady,1303.810931,1304.058386,247.456,13.896,88.836,142.463,2.234,256,1,0.119410
5238,steady,1304.058441,1304.306033,247.592,14.272,88.805,142.251,2.239,256,1,0.150667
5239,steady,1304.306085,1304.553376,247.291,13.873,88.667,142.481,2.245,256,1,0.115922
5240,steady,1304.553430,1304.800623,247.194,13.575,88.854,142.505,2.235,256,1,0.169712
5241,steady,1304.800675,1305.047674,247.000,13.839,88.646,142.261,2.228,256,1,0.113251
5242,steady,1305.047728,1305.295105,247.376,14.042,88.740,142.324,2.246,256,1,0.087221
5243,steady,1305.295158,1305.542411,247.253,13.919,88.789,142.256,2.263,256,1,0.107347
5244,steady,1305.542463,1305.790042,247.579,14.004,88.770,142.521,2.259,256,1,0.128689
5245,steady,1305.790096,1306.037344,247.248,13.888,88.709,142.368,2.257,256,1,0.091097
5246,steady,1306.037398,1306.284717,247.319,13.996,88.714,142.351,2.233,256,1,0.087779
5247,steady,1306.284771,1306.531862,247.091,13.775,88.746,142.294,2.249,256,1,0.157557
5248,steady,1306.531919,1306.779301,247.382,13.811,88.835,142.480,2.229,256,1,0.134634
5249,steady,1306.779354,1307.026882,247.528,14.224,88.812,142.210,2.255,256,1,0.110830
5250,steady,1307.026935,1307.273944,247.009,13.631,88.743,142.371,2.239,256,1,0.118764
5251,steady,1307.274061,1307.520810,246.749,13.594,88.598,142.263,2.264,256,1,0.079698
5252,steady,1307.520863,1307.768075,247.212,13.982,88.690,142.279,2.235,256,1,0.112125
5253,steady,1307.768129,1308.015980,247.851,14.568,88.769,142.239,2.250,256,1,0.108286
5254,steady,1308.016034,1308.263269,247.235,14.036,88.722,142.209,2.242,256,1,0.164416
5255,steady,1308.263325,1308.510478,247.153,14.008,88.704,142.172,2.244,256,1,0.130687
5256,steady,1308.510531,1308.757946,247.415,14.289,88.634,142.218,2.247,256,1,0.170910
5257,steady,1308.757999,1309.005475,247.475,14.091,88.735,142.371,2.253,256,1,0.120406
5258,steady,1309.005528,1309.252926,247.398,14.165,88.702,142.267,2.237,256,1,0.122841
5259,steady,1309.252980,1309.500688,247.708,14.538,88.756,142.137,2.252,256,1,0.099527
5260,steady,1309.500760,1309.747863,247.102,13.811,88.726,142.302,2.236,256,1,0.133054
5261,steady,1309.747916,1309.995254,247.338,13.973,88.744,142.362,2.234,256,1,0.093192
5262,steady,1309.995309,1310.242859,247.550,14.027,88.877,142.390,2.228,256,1,0.146232
5263,steady,1310.242911,1310.490060,247.148,14.276,88.612,141.993,2.242,256,1,0.103808
5264,steady,1310.490112,1310.737286,247.174,14.024,88.659,142.230,2.236,256,1,0.232975
5265,steady,1310.737339,1310.984310,246.970,14.084,88.605,142.012,2.244,256,1,0.098921
5266,steady,1310.984363,1311.231455,247.092,14.159,88.664,142.010,2.231,256,1,0.097742
5267,steady,1311.231509,1311.477973,246.464,13.651,88.595,141.951,2.242,256,1,0.091244
5268,steady,1311.478026,1311.724628,246.602,13.766,88.684,141.904,2.223,256,1,0.092799
5269,steady,1311.724678,1311.971688,247.010,14.015,88.656,142.083,2.230,256,1,0.093920
5270,steady,1311.971744,1312.218628,246.884,13.916,88.563,142.150,2.227,256,1,0.114648
5271,steady,1312.218682,1312.465508,246.826,13.896,88.681,141.997,2.227,256,1,0.087645
5272,steady,1312.465559,1312.711929,246.370,13.543,88.578,141.989,2.235,256,1,0.105925
5273,steady,1312.711982,1312.958726,246.744,13.928,88.558,142.010,2.221,256,1,0.114568
5274,steady,1312.958777,1313.205594,246.817,13.924,88.576,142.068,2.224,256,1,0.122387
5275,steady,1313.205645,1313.452316,246.671,13.826,88.582,141.984,2.255,256,1,0.122013
5276,steady,1313.452367,1313.698896,246.528,13.765,88.536,141.979,2.222,256,1,0.108004
5277,steady,1313.698946,1313.945833,246.887,14.055,88.571,141.991,2.245,256,1,0.154876
5278,steady,1313.945885,1314.192502,246.617,13.859,88.453,142.035,2.246,256,1,0.092048
5279,steady,1314.192552,1314.439473,246.921,13.967,88.693,142.010,2.225,256,1,0.123844
5280,steady,1314.439525,1314.685719,246.194,13.495,88.547,141.914,2.214,256,1,0.167506
5281,steady,1314.685771,1314.932231,246.460,13.586,88.575,142.051,2.224,256,1,0.122370
5282,steady,1314.932283,1315.179126,246.843,13.946,88.617,142.006,2.247,256,1,0.106217
5283,steady,1315.179182,1315.425858,246.677,13.866,88.569,141.952,2.261,256,1,0.106740
5284,steady,1315.425913,1315.672364,246.452,13.522,88.537,141.989,2.376,256,1,0.144558
5285,steady,1315.672425,1315.919192,246.767,13.936,88.608,141.933,2.265,256,1,0.154053
5286,steady,1315.919246,1316.165720,246.474,13.671,88.518,142.026,2.233,256,1,0.116663
5287,steady,1316.165772,1316.412585,246.813,14.171,88.478,141.902,2.238,256,1,0.118491
5288,steady,1316.412636,1316.658944,246.307,13.609,88.525,141.923,2.226,256,1,0.081587
5289,steady,1316.658995,1316.905865,246.870,13.969,88.582,142.080,2.215,256,1,0.131327
5290,steady,1316.905917,1317.152158,246.242,13.613,88.491,141.893,2.221,256,1,0.113608
5291,steady,1317.152210,1317.402663,250.452,17.861,88.485,141.843,2.236,256,1,0.146167
5292,steady,1317.402715,1317.650320,247.605,14.908,88.520,141.933,2.221,256,1,0.127326
5293,steady,1317.650369,1317.897040,246.670,13.773,88.606,142.032,2.234,256,1,0.163352
5294,steady,1317.897091,1318.143927,246.835,14.371,88.491,141.722,2.227,256,1,0.080358
5295,steady,1318.143979,1318.390544,246.565,13.812,88.612,141.886,2.229,256,1,0.088317
5296,steady,1318.390596,1318.637001,246.405,13.670,88.564,141.905,2.242,256,1,0.121774
5297,steady,1318.637054,1318.883657,246.604,13.738,88.591,142.021,2.228,256,1,0.159548
5298,steady,1318.883709,1319.129856,246.147,13.350,88.620,141.924,2.226,256,1,0.114268
5299,steady,1319.129908,1319.376490,246.582,13.803,88.571,141.955,2.228,256,1,0.134727
5300,steady,1319.376540,1319.622726,246.185,13.516,88.637,141.757,2.250,256,1,0.076597
5301,steady,1319.622847,1319.869063,246.216,13.684,88.484,141.792,2.227,256,1,0.145921
5302,steady,1319.869113,1320.115684,246.571,13.860,88.497,141.950,2.239,256,1,0.132604
5303,steady,1320.115737,1320.361909,246.172,13.559,88.437,141.924,2.227,256,1,0.139366
5304,steady,1320.361962,1320.608193,246.231,13.337,88.619,142.030,2.218,256,1,0.144218
5305,steady,1320.608246,1320.854787,246.541,13.798,88.565,141.918,2.234,256,1,0.104448
5306,steady,1320.854838,1321.101118,246.281,13.788,88.482,141.751,2.235,256,1,0.102765
5307,steady,1321.101170,1321.347303,246.133,13.358,88.675,141.840,2.233,256,1,0.093090
5308,steady,1321.347356,1321.593440,246.084,13.544,88.550,141.738,2.227,256,1,0.092846
5309,steady,1321.593490,1321.840143,246.653,13.890,88.559,141.928,2.251,256,1,0.194438
5310,steady,1321.840197,1322.086500,246.303,13.859,88.490,141.700,2.229,256,1,0.109222
5311,steady,1322.086554,1322.333047,246.494,13.876,88.468,141.887,2.236,256,1,0.086329
5312,steady,1322.333100,1322.579589,246.490,13.785,88.618,141.838,2.224,256,1,0.092821
5313,steady,1322.579641,1322.825864,246.223,13.653,88.441,141.874,2.230,256,1,0.116438
5314,steady,1322.825915,1323.072100,246.185,13.586,88.436,141.910,2.227,256,1,0.150850
5315,steady,1323.072153,1323.318721,246.569,14.032,88.567,141.722,2.223,256,1,0.113786
5316,steady,1323.318774,1323.566895,248.121,15.431,88.548,141.884,2.233,256,1,0.110657
5317,steady,1323.566949,1323.813084,246.135,13.541,88.489,141.851,2.229,256,1,0.150086
5318,steady,1323.813134,1324.059547,246.413,13.681,88.561,141.924,2.222,256,1,0.096663
5319,steady,1324.059601,1324.306027,246.426,13.887,88.491,141.782,2.241,256,1,0.105671
5320,steady,1324.306078,1324.552334,246.256,13.633,88.547,141.797,2.254,256,1,0.103939
5321,steady,1324.552387,1324.798803,246.416,13.718,88.593,141.857,2.222,256,1,0.172629
5322,steady,1324.798855,1325.045444,246.589,14.012,88.561,141.782,2.210,256,1,0.132942
5323,steady,1325.045494,1325.291865,246.371,13.711,88.489,141.909,2.234,256,1,0.207324
5324,steady,1325.291917,1325.538274,246.357,13.805,88.414,141.880,2.230,256,1,0.110513
5325,steady,1325.538326,1325.785169,246.844,14.230,88.559,141.795,2.234,256,1,0.159268
5326,steady,1325.785224,1326.031746,246.522,13.887,88.498,141.879,2.230,256,1,0.093217
5327,steady,1326.031801,1326.278178,246.378,13.739,88.519,141.866,2.228,256,1,0.134935
5328,steady,1326.278232,1326.524553,246.321,13.769,88.498,141.791,2.237,256,1,0.082253
5329,steady,1326.524604,1326.770573,245.969,13.382,88.467,141.847,2.248,256,1,0.087279
5330,steady,1326.770626,1327.019625,248.999,16.376,88.550,141.808,2.238,256,1,0.137792
5331,steady,1327.019680,1327.265713,246.033,13.546,88.422,141.800,2.239,256,1,0.149898
5332,steady,1327.265764,1327.512400,246.636,13.994,88.537,141.831,2.249,256,1,0.132659
5333,steady,1327.512452,1327.758862,246.410,13.650,88.560,141.945,2.230,256,1,0.136205
5334,steady,1327.758915,1328.005435,246.520,13.889,88.545,141.817,2.245,256,1,0.133696
5335,steady,1328.005486,1328.251403,245.918,13.421,88.374,141.888,2.210,256,1,0.139609
5336,steady,1328.251455,1328.498094,246.639,13.878,88.719,141.791,2.224,256,1,0.114117
5337,steady,1328.498145,1328.744399,246.254,13.727,88.462,141.816,2.224,256,1,0.101184
5338,steady,1328.744451,1328.990753,246.302,13.756,88.564,141.722,2.234,256,1,0.175696
5339,steady,1328.990805,1329.237269,246.464,13.852,88.436,141.920,2.230,256,1,0.159421
5340,steady,1329.237321,1329.483654,246.334,13.900,88.424,141.749,2.233,256,1,0.136078
5341,steady,1329.483708,1329.730320,246.612,14.030,88.466,141.855,2.236,256,1,0.137341
5342,steady,1329.730372,1329.976408,246.036,13.520,88.465,141.787,2.237,256,1,0.129212
5343,steady,1329.976461,1330.222484,246.023,13.519,88.493,141.732,2.254,256,1,0.129690
5344,steady,1330.222537,1330.469045,246.508,13.819,88.545,141.885,2.232,256,1,0.170720
5345,steady,1330.469097,1330.715258,246.161,13.535,88.595,141.762,2.243,256,1,0.150338
5346,steady,1330.715312,1330.961668,246.356,13.734,88.606,141.744,2.246,256,1,0.176635
5347,steady,1330.961722,1331.207909,246.187,13.711,88.467,141.737,2.245,256,1,0.102446
5348,steady,1331.207962,1331.454207,246.244,13.658,88.423,141.884,2.252,256,1,0.145657
5349,steady,1331.454263,1331.700625,246.363,13.934,88.421,141.720,2.263,256,1,0.148429
5350,steady,1331.700680,1331.947111,246.430,13.910,88.414,141.815,2.266,256,1,0.200565
5351,steady,1331.947237,1332.193772,246.536,14.035,88.482,141.744,2.247,256,1,0.118137
5352,steady,1332.193827,1332.440100,246.273,13.671,88.540,141.781,2.255,256,1,0.139767
5353,steady,1332.440153,1332.686522,246.369,13.896,88.517,141.686,2.246,256,1,0.113791
5354,steady,1332.686575,1332.932913,246.338,13.827,88.432,141.799,2.255,256,1,0.228734
5355,steady,1332.932967,1333.179313,246.346,13.726,88.602,141.737,2.255,256,1,0.104602
5356,steady,1333.179367,1333.425731,246.364,13.776,88.502,141.813,2.247,256,1,0.173477
5357,steady,1333.425786,1333.672082,246.296,13.868,88.437,141.726,2.239,256,1,0.190423
5358,steady,1333.672139,1333.918486,246.348,13.894,88.424,141.756,2.247,256,1,0.110731
5359,steady,1333.918541,1334.164495,245.953,13.424,88.470,141.786,2.249,256,1,0.115227
5360,steady,1334.164549,1334.411009,246.460,14.063,88.442,141.686,2.242,256,1,0.128825
5361,steady,1334.411073,1334.657061,245.987,13.488,88.561,141.658,2.253,256,1,0.132264
5362,steady,1334.657113,1334.903339,246.226,13.613,88.453,141.900,2.234,256,1,0.150723
5363,steady,1334.903392,1335.149489,246.098,13.646,88.340,141.830,2.255,256,1,0.137974
5364,steady,1335.149542,1335.395485,245.943,13.346,88.446,141.891,2.234,256,1,0.201819
5365,steady,1335.395539,1335.641732,246.193,13.732,88.509,141.684,2.241,256,1,0.112639
5366,steady,1335.641787,1335.888001,246.214,13.776,88.465,141.702,2.243,256,1,0.115857
5367,steady,1335.888054,1336.134554,246.500,13.894,88.522,141.814,2.246,256,1,0.156225
5368,steady,1336.134608,1336.380843,246.235,13.779,88.450,141.734,2.247,256,1,0.154402
5369,steady,1336.380899,1336.626909,246.010,13.407,88.518,141.815,2.245,256,1,0.143310
5370,steady,1336.626964,1336.873050,246.086,13.638,88.424,141.740,2.258,256,1,0.147922
5371,steady,1336.873103,1337.119558,246.455,13.888,88.493,141.802,2.247,256,1,0.093491
5372,steady,1337.119613,1337.366085,246.472,13.927,88.504,141.764,2.251,256,1,0.126867
5373,steady,1337.366138,1337.612925,246.787,14.308,88.471,141.740,2.245,256,1,0.151194
5374,steady,1337.612977,1337.859051,246.074,13.584,88.522,141.713,2.225,256,1,0.120669
5375,steady,1337.859106,1338.105264,246.158,13.882,88.435,141.578,2.238,256,1,0.125500
5376,steady,1338.105319,1338.351498,246.179,13.775,88.491,141.640,2.248,256,1,0.097534
5377,steady,1338.351553,1338.597760,246.207,13.594,88.562,141.787,2.238,256,1,0.118691
5378,steady,1338.597814,1338.844348,246.534,14.040,88.511,141.710,2.247,256,1,0.111395
5379,steady,1338.844403,1339.090865,246.462,14.090,88.489,141.616,2.241,256,1,0.102816
5380,steady,1339.090921,1339.336660,245.739,13.468,88.411,141.578,2.256,256,1,0.137606
5381,steady,1339.336714,1339.582841,246.127,13.482,88.560,141.800,2.259,256,1,0.147787
5382,steady,1339.582896,1339.829072,246.176,13.651,88.477,141.794,2.228,256,1,0.088649
5383,steady,1339.829127,1340.075163,246.036,13.708,88.452,141.603,2.248,256,1,0.136854
5384,steady,1340.075217,1340.321614,246.397,13.877,88.586,141.653,2.253,256,1,0.136258
5385,steady,1340.321669,1340.567763,246.094,13.441,88.555,141.825,2.246,256,1,0.147965
5386,steady,1340.567816,1340.814038,246.222,13.944,88.402,141.616,2.233,256,1,0.106992
5387,steady,1340.814092,1341.060219,246.127,13.574,88.615,141.656,2.257,256,1,0.105690
5388,steady,1341.060275,1341.307014,246.739,14.224,88.484,141.762,2.244,256,1,0.136504
5389,steady,1341.307074,1341.553333,246.259,13.722,88.523,141.748,2.240,256,1,0.172516
5390,steady,1341.553389,1341.799589,246.201,13.809,88.425,141.696,2.246,256,1,0.175763
5391,steady,1341.799644,1342.045690,246.046,13.490,88.554,141.727,2.249,256,1,0.114001
5392,steady,1342.045745,1342.291811,246.066,13.608,88.538,141.648,2.246,256,1,0.129431
5393,steady,1342.291867,1342.538052,246.185,13.728,88.477,141.700,2.255,256,1,0.151969
5394,steady,1342.538106,1342.784011,245.905,13.572,88.472,141.593,2.244,256,1,0.119458
5395,steady,1342.784065,1343.030053,245.988,13.627,88.426,141.657,2.251,256,1,0.083608
5396,steady,1343.030107,1343.275885,245.778,13.516,88.437,141.550,2.251,256,1,0.179793
5397,steady,1343.275941,1343.522302,246.361,13.892,88.433,141.752,2.258,256,1,0.125167
5398,steady,1343.522356,1343.768363,246.007,13.700,88.361,141.676,2.246,256,1,0.151746
5399,steady,1343.768419,1344.017749,249.330,16.855,88.435,141.781,2.234,256,1,0.122758
5400,steady,1344.017804,1344.263736,245.932,13.527,88.500,141.641,2.239,256,1,0.297251
5401,steady,1344.263854,1344.511334,247.481,15.001,88.420,141.779,2.250,256,1,0.131957
5402,steady,1344.511390,1344.757333,245.944,13.489,88.399,141.790,2.238,256,1,0.293856
5403,steady,1344.757389,1345.003536,246.147,13.762,88.505,141.606,2.249,256,1,0.088994
5404,steady,1345.003587,1345.250154,246.566,14.021,88.538,141.732,2.250,256,1,0.111325
5405,steady,1345.250204,1345.497258,247.054,14.573,88.521,141.693,2.243,256,1,0.170525
5406,steady,1345.497312,1345.743297,245.985,13.565,88.531,141.614,2.250,256,1,0.112399
5407,steady,1345.743352,1345.989681,246.329,13.825,88.483,141.739,2.257,256,1,0.155213
5408,steady,1345.989733,1346.236213,246.481,13.953,88.452,141.800,2.251,256,1,0.150805
5409,steady,1346.236266,1346.483584,247.319,14.983,88.385,141.688,2.237,256,1,0.141155
5410,steady,1346.483639,1346.729947,246.308,13.830,88.470,141.731,2.250,256,1,0.131240
5411,steady,1346.730003,1346.976008,246.006,13.642,88.451,141.648,2.236,256,1,0.125647
5412,steady,1346.976062,1347.222636,246.574,13.833,88.632,141.790,2.292,256,1,0.178964
5413,steady,1347.222690,1347.469071,246.381,13.751,88.582,141.767,2.256,256,1,0.161835
5414,steady,1347.469122,1347.715395,246.273,13.686,88.474,141.859,2.228,256,1,0.117824
5415,steady,1347.715448,1347.961410,245.961,13.494,88.481,141.732,2.229,256,1,0.137700
5416,steady,1347.961463,1348.208094,246.631,14.143,88.539,141.686,2.236,256,1,0.113442
5417,steady,1348.208150,1348.454262,246.112,13.716,88.516,141.592,2.263,256,1,0.092048
5418,steady,1348.454317,1348.700408,246.091,13.673,88.483,141.657,2.253,256,1,0.141915
5419,steady,1348.700462,1348.946602,246.140,13.597,88.453,141.811,2.255,256,1,0.200239
5420,steady,1348.946656,1349.193059,246.403,13.861,88.481,141.792,2.243,256,1,0.132008
5421,steady,1349.193112,1349.439353,246.241,13.781,88.429,141.756,2.248,256,1,0.181243
5422,steady,1349.439407,1349.685456,246.050,13.615,88.471,141.692,2.246,256,1,0.120789
5423,steady,1349.685512,1349.932102,246.590,13.955,88.562,141.796,2.251,256,1,0.169056
5424,steady,1349.932159,1350.178316,246.158,13.747,88.434,141.700,2.249,256,1,0.113766
5425,steady,1350.178373,1350.424475,246.102,13.653,88.419,141.747,2.257,256,1,0.136131
5426,steady,1350.424530,1350.670534,246.004,13.649,88.443,141.643,2.245,256,1,0.105836
5427,steady,1350.670590,1350.916751,246.160,13.699,88.435,141.740,2.261,256,1,0.175584
5428,steady,1350.916808,1351.163022,246.214,13.672,88.457,141.795,2.263,256,1,0.112746
5429,steady,1351.163085,1351.409167,246.082,13.706,88.478,141.607,2.266,256,1,0.106226
5430,steady,1351.409222,1351.655171,245.949,13.602,88.426,141.638,2.256,256,1,0.098129
5431,steady,1351.655227,1351.901329,246.102,13.625,88.420,141.782,2.246,256,1,0.174036
5432,steady,1351.901387,1352.147313,245.926,13.447,88.438,141.753,2.260,256,1,0.177782
5433,steady,1352.147369,1352.393361,245.992,13.594,88.444,141.678,2.250,256,1,0.125134
5434,steady,1352.393416,1352.640333,246.917,14.643,88.466,141.535,2.247,256,1,0.117094
5435,steady,1352.640387,1352.886623,246.236,13.831,88.470,141.674,2.235,256,1,0.103567
5436,steady,1352.886678,1353.132458,245.780,13.450,88.493,141.560,2.253,256,1,0.080687
5437,steady,1353.132511,1353.378453,245.943,13.544,88.476,141.652,2.244,256,1,0.153358
5438,steady,1353.378506,1353.624847,246.341,13.684,88.539,141.826,2.265,256,1,0.129481
5439,steady,1353.624901,1353.870896,245.995,13.618,88.454,141.628,2.265,256,1,0.170750
5440,steady,1353.870950,1354.117224,246.274,13.665,88.524,141.789,2.269,256,1,0.180726
5441,steady,1354.117279,1354.363846,246.566,13.887,88.474,141.906,2.274,256,1,0.158957
5442,steady,1354.363904,1354.609843,245.939,13.477,88.471,141.703,2.262,256,1,0.114443
5443,steady,1354.609901,1354.858317,248.416,15.682,88.523,141.917,2.267,256,1,0.166690
5444,steady,1354.858374,1355.104491,246.118,13.718,88.420,141.693,2.259,256,1,0.148313
5445,steady,1355.104550,1355.350705,246.155,13.560,88.422,141.880,2.263,256,1,0.114365
5446,steady,1355.350779,1355.597135,246.356,13.729,88.634,141.708,2.257,256,1,0.114500
5447,steady,1355.597191,1355.844769,247.578,14.969,88.529,141.782,2.272,256,1,0.159061
5448,steady,1355.844824,1356.090966,246.142,13.818,88.519,141.526,2.252,256,1,0.112800
5449,steady,1356.091022,1356.339235,248.213,15.702,88.463,141.755,2.258,256,1,0.108716
5450,steady,1356.339292,1356.585593,246.301,13.822,88.418,141.785,2.250,256,1,0.111065
5451,steady,1356.585723,1356.831940,246.218,13.866,88.479,141.580,2.263,256,1,0.113926
5452,steady,1356.831997,1357.078276,246.279,13.835,88.395,141.749,2.273,256,1,0.129494
5453,steady,1357.078332,1357.324098,245.766,13.470,88.468,141.535,2.266,256,1,0.082928
5454,steady,1357.324155,1357.570066,245.911,13.546,88.467,141.621,2.249,256,1,0.139971
5455,steady,1357.570121,1357.816389,246.268,13.572,88.589,141.835,2.246,256,1,0.126963
5456,steady,1357.816443,1358.062722,246.278,13.562,88.650,141.747,2.293,256,1,0.137666
5457,steady,1358.062777,1358.309094,246.317,13.687,88.534,141.824,2.245,256,1,0.158553
5458,steady,1358.309153,1358.555334,246.181,13.838,88.406,141.648,2.262,256,1,0.123559
5459,steady,1358.555393,1358.801375,245.982,13.529,88.423,141.737,2.264,256,1,0.114094
5460,steady,1358.801430,1359.047560,246.131,13.673,88.479,141.696,2.255,256,1,0.091802
5461,steady,1359.047617,1359.293471,245.854,13.562,88.505,141.498,2.261,256,1,0.106411
5462,steady,1359.293526,1359.539630,246.104,13.750,88.371,141.715,2.238,256,1,0.161844
5463,steady,1359.539685,1359.785684,245.999,13.655,88.373,141.685,2.260,256,1,0.123737
5464,steady,1359.785738,1360.032075,246.337,13.913,88.484,141.657,2.256,256,1,0.099713
5465,steady,1360.032131,1360.278408,246.277,13.838,88.446,141.704,2.260,256,1,0.145433
5466,steady,1360.278465,1360.525001,246.536,13.925,88.496,141.836,2.253,256,1,0.124356
5467,steady,1360.525059,1360.770836,245.777,13.474,88.445,141.578,2.253,256,1,0.102337
5468,steady,1360.770892,1361.017531,246.639,13.969,88.554,141.825,2.263,256,1,0.095618
5469,steady,1361.017586,1361.263577,245.991,13.524,88.484,141.685,2.271,256,1,0.112296
5470,steady,1361.263635,1361.509759,246.124,13.710,88.422,141.709,2.257,256,1,0.190329
5471,steady,1361.509816,1361.756243,246.428,13.899,88.518,141.714,2.270,256,1,0.146016
5472,steady,1361.756298,1362.002784,246.485,13.701,88.681,141.811,2.266,256,1,0.114355
5473,steady,1362.002841,1362.249204,246.363,13.815,88.536,141.728,2.257,256,1,0.126424
5474,steady,1362.249259,1362.496011,246.752,14.298,88.440,141.713,2.274,256,1,0.177281
5475,steady,1362.496067,1362.741930,245.863,13.453,88.410,141.716,2.257,256,1,0.107182
5476,steady,1362.741984,1362.988091,246.107,13.661,88.457,141.701,2.261,256,1,0.064745
5477,steady,1362.988149,1363.234402,246.253,13.764,88.492,141.714,2.256,256,1,0.126320
5478,steady,1363.234459,1363.480982,246.523,13.809,88.559,141.858,2.269,256,1,0.214214
5479,steady,1363.481040,1363.727146,246.105,13.594,88.460,141.771,2.253,256,1,0.157366
5480,steady,1363.727203,1363.973688,246.485,14.012,88.555,141.624,2.265,256,1,0.111865
5481,steady,1363.973743,1364.220300,246.557,14.011,88.485,141.766,2.268,256,1,0.109916
5482,steady,1364.220358,1364.466832,246.474,13.916,88.549,141.719,2.260,256,1,0.123874
5483,steady,1364.466890,1364.713142,246.252,13.831,88.497,141.644,2.255,256,1,0.108370
5484,steady,1364.713198,1364.959938,246.740,14.035,88.657,141.767,2.256,256,1,0.123558
5485,steady,1364.959994,1365.206211,246.217,13.660,88.641,141.631,2.258,256,1,0.112196
5486,steady,1365.206267,1365.452820,246.554,14.044,88.564,141.646,2.274,256,1,0.135145
5487,steady,1365.452875,1365.698875,246.000,13.542,88.435,141.743,2.255,256,1,0.116268
5488,steady,1365.698932,1365.945715,246.783,14.350,88.430,141.714,2.264,256,1,0.131312
5489,steady,1365.945772,1366.191869,246.096,13.663,88.492,141.661,2.254,256,1,0.116696
5490,steady,1366.191927,1366.438403,246.476,13.807,88.502,141.886,2.253,256,1,0.123885
5491,steady,1366.438458,1366.684457,245.999,13.599,88.498,141.632,2.244,256,1,0.128128
5492,steady,1366.684512,1366.931208,246.696,14.105,88.484,141.816,2.264,256,1,0.210804
5493,steady,1366.931266,1367.177593,246.327,13.822,88.548,141.676,2.254,256,1,0.123305
5494,steady,1367.177647,1367.423722,246.075,13.432,88.549,141.808,2.260,256,1,0.111763
5495,steady,1367.423778,1367.670007,246.229,13.750,88.475,141.722,2.255,256,1,0.162647
5496,steady,1367.670064,1367.915841,245.777,13.300,88.493,141.681,2.277,256,1,0.108302
5497,steady,1367.915898,1368.162877,246.979,14.190,88.641,141.865,2.257,256,1,0.132586
5498,steady,1368.162931,1368.409695,246.764,14.102,88.559,141.817,2.261,256,1,0.083838
5499,steady,1368.409752,1368.655983,246.231,13.604,88.514,141.824,2.262,256,1,0.152822
5500,steady,1368.656040,1368.902586,246.546,13.995,88.423,141.825,2.274,256,1,0.076731
5501,steady,1368.902714,1369.149444,246.731,13.998,88.569,141.871,2.262,256,1,0.114483
5502,steady,1369.149501,1369.396017,246.517,13.719,88.681,141.831,2.259,256,1,0.173802
5503,steady,1369.396073,1369.642591,246.517,13.834,88.617,141.766,2.273,256,1,0.162288
5504,steady,1369.642646,1369.888957,246.311,13.485,88.632,141.840,2.327,256,1,0.147861
5505,steady,1369.889017,1370.135347,246.330,13.840,88.414,141.755,2.293,256,1,0.128677
5506,steady,1370.135405,1370.382334,246.929,14.406,88.454,141.738,2.305,256,1,0.126620
5507,steady,1370.382391,1370.628933,246.542,13.995,88.519,141.729,2.272,256,1,0.077068
5508,steady,1370.628991,1370.875430,246.439,13.901,88.541,141.699,2.271,256,1,0.125965
5509,steady,1370.875487,1371.121882,246.394,13.774,88.448,141.877,2.267,256,1,0.113940
5510,steady,1371.121937,1371.368269,246.332,13.708,88.585,141.747,2.266,256,1,0.122651
5511,steady,1371.368324,1371.614631,246.307,13.742,88.430,141.854,2.256,256,1,0.124130
5512,steady,1371.614688,1371.861033,246.345,13.878,88.453,141.691,2.296,256,1,0.117536
5513,steady,1371.861089,1372.107291,246.202,13.766,88.462,141.682,2.263,256,1,0.100393
5514,steady,1372.107345,1372.353982,246.637,13.878,88.606,141.858,2.268,256,1,0.112028
5515,steady,1372.354037,1372.600601,246.564,14.177,88.401,141.672,2.287,256,1,0.140644
5516,steady,1372.600658,1372.847042,246.384,13.746,88.559,141.775,2.272,256,1,0.095380
5517,steady,1372.847097,1373.093472,246.375,13.943,88.531,141.607,2.268,256,1,0.127376
5518,steady,1373.093528,1373.340290,246.762,14.153,88.588,141.742,2.253,256,1,0.143873
5519,steady,1373.340345,1373.586527,246.182,13.727,88.509,141.668,2.252,256,1,0.146809
5520,steady,1373.586582,1373.833022,246.440,13.821,88.456,141.876,2.260,256,1,0.117786
5521,steady,1373.833078,1374.079518,246.440,13.824,88.527,141.798,2.264,256,1,0.193746
5522,steady,1374.079573,1374.326220,246.647,13.923,88.621,141.829,2.248,256,1,0.104043
5523,steady,1374.326275,1374.572544,246.269,13.729,88.526,141.723,2.267,256,1,0.101920
5524,steady,1374.572598,1374.818845,246.247,13.565,88.554,141.840,2.261,256,1,0.159119
5525,steady,1374.818900,1375.065379,246.479,13.848,88.534,141.812,2.260,256,1,0.079100
5526,steady,1375.065434,1375.312335,246.901,14.197,88.552,141.861,2.265,256,1,0.129894
5527,steady,1375.312390,1375.558602,246.212,13.578,88.450,141.797,2.360,256,1,0.132115
5528,steady,1375.558659,1375.805149,246.490,13.985,88.462,141.726,2.291,256,1,0.094270
5529,steady,1375.805205,1376.051480,246.275,13.608,88.534,141.835,2.268,256,1,0.096919
5530,steady,1376.051536,1376.298016,246.480,13.863,88.459,141.866,2.263,256,1,0.138495
5531,steady,1376.298071,1376.544000,245.929,13.307,88.576,141.769,2.249,256,1,0.097666
5532,steady,1376.544055,1376.790559,246.504,13.837,88.618,141.766,2.255,256,1,0.212431
5533,steady,1376.790614,1377.037029,246.415,13.633,88.572,141.924,2.258,256,1,0.132575
5534,steady,1377.037083,1377.283702,246.620,14.010,88.513,141.826,2.243,256,1,0.111178
5535,steady,1377.283756,1377.530028,246.272,13.727,88.484,141.781,2.252,256,1,0.194112
5536,steady,1377.530082,1377.776708,246.626,14.038,88.476,141.823,2.261,256,1,0.116946
5537,steady,1377.776762,1378.023790,247.028,14.344,88.577,141.812,2.268,256,1,0.102970
5538,steady,1378.023844,1378.270268,246.424,13.846,88.542,141.756,2.252,256,1,0.091004
5539,steady,1378.270321,1378.516955,246.633,13.793,88.551,142.009,2.253,256,1,0.169111
5540,steady,1378.517007,1378.763356,246.349,13.682,88.569,141.813,2.258,256,1,0.131537
5541,steady,1378.763411,1379.009695,246.285,13.794,88.549,141.660,2.254,256,1,0.103576
5542,steady,1379.009749,1379.255905,246.155,13.642,88.476,141.748,2.261,256,1,0.148898
5543,steady,1379.255960,1379.502549,246.589,13.932,88.622,141.746,2.261,256,1,0.126471
5544,steady,1379.502604,1379.748981,246.377,13.587,88.622,141.885,2.256,256,1,0.157388
5545,steady,1379.749035,1379.995436,246.401,13.776,88.510,141.827,2.261,256,1,0.101491
5546,steady,1379.995492,1380.241780,246.287,13.667,88.553,141.780,2.260,256,1,0.110698
5547,steady,1380.241836,1380.491104,249.269,16.584,88.477,141.912,2.267,256,1,0.132613
5548,steady,1380.491160,1380.737981,246.821,14.084,88.613,141.853,2.244,256,1,0.082958
5549,steady,1380.738034,1380.984288,246.254,13.699,88.509,141.780,2.241,256,1,0.153517
5550,steady,1380.984343,1381.230987,246.644,13.903,88.508,141.948,2.259,256,1,0.082158
5551,steady,1381.231123,1381.477214,246.091,13.295,88.613,141.882,2.272,256,1,0.128205
5552,steady,1381.477269,1381.723806,246.536,13.899,88.533,141.821,2.258,256,1,0.118303
5553,steady,1381.723863,1381.970127,246.264,13.538,88.561,141.895,2.245,256,1,0.142964
5554,steady,1381.970181,1382.217218,247.037,14.274,88.523,141.967,2.248,256,1,0.105301
5555,steady,1382.217272,1382.464170,246.898,14.343,88.574,141.699,2.256,256,1,0.098015
5556,steady,1382.464229,1382.710868,246.639,13.946,88.531,141.873,2.261,256,1,0.111340
5557,steady,1382.710927,1382.957637,246.710,14.002,88.573,141.850,2.258,256,1,0.106388
5558,steady,1382.957692,1383.204125,246.433,13.683,88.527,141.920,2.276,256,1,0.129828
5559,steady,1383.204182,1383.450487,246.305,13.760,88.509,141.768,2.243,256,1,0.104190
5560,steady,1383.450544,1383.697016,246.472,13.712,88.584,141.884,2.266,256,1,0.102119
5561,steady,1383.697072,1383.943637,246.565,13.861,88.582,141.844,2.251,256,1,0.142862
5562,steady,1383.943692,1384.189941,246.249,13.606,88.472,141.892,2.253,256,1,0.108254
5563,steady,1384.189997,1384.436604,246.607,13.979,88.521,141.816,2.266,256,1,0.085996
5564,steady,1384.436661,1384.683255,246.594,13.809,88.533,141.985,2.240,256,1,0.137766
5565,steady,1384.683312,1384.929864,246.552,13.897,88.487,141.893,2.251,256,1,0.099256
5566,steady,1384.929919,1385.176319,246.400,13.633,88.523,141.968,2.250,256,1,0.125589
5567,steady,1385.176375,1385.423071,246.696,13.868,88.649,141.881,2.271,256,1,0.148689
5568,steady,1385.423130,1385.669757,246.627,13.765,88.677,141.908,2.250,256,1,0.190319
5569,steady,1385.669813,1385.916698,246.885,14.186,88.530,141.882,2.261,256,1,0.126202
5570,steady,1385.916754,1386.165199,248.445,15.657,88.525,141.983,2.256,256,1,0.130223
5571,steady,1386.165253,1386.412073,246.820,13.936,88.646,141.954,2.258,256,1,0.106514
5572,steady,1386.412129,1386.658548,246.419,13.814,88.516,141.828,2.234,256,1,0.109210
5573,steady,1386.658604,1386.905118,246.514,13.712,88.606,141.912,2.258,256,1,0.135965
5574,steady,1386.905174,1387.151493,246.319,13.551,88.552,141.932,2.258,256,1,0.139724
5575,steady,1387.151551,1387.399314,247.763,15.165,88.489,141.811,2.269,256,1,0.126280
5576,steady,1387.399372,1387.645578,246.206,13.349,88.605,141.969,2.255,256,1,0.161029
5577,steady,1387.645635,1387.892017,246.382,13.635,88.523,141.937,2.261,256,1,0.143473
5578,steady,1387.892074,1388.138817,246.743,13.885,88.614,141.952,2.266,256,1,0.096808
5579,steady,1388.138874,1388.385713,246.839,14.194,88.499,141.855,2.265,256,1,0.098855
5580,steady,1388.385770,1388.633598,247.828,14.788,88.531,141.896,2.586,256,1,0.097652
5581,steady,1388.633671,1388.880622,246.950,14.174,88.458,141.867,2.424,256,1,0.110278
5582,steady,1388.880679,1389.127272,246.593,13.616,88.638,141.922,2.390,256,1,0.113672
5583,steady,1389.127325,1389.374882,247.557,14.559,88.522,142.070,2.379,256,1,0.127449
5584,steady,1389.374937,1389.622134,247.197,14.240,88.679,141.854,2.397,256,1,0.081940
5585,steady,1389.622188,1389.869509,247.321,14.499,88.499,141.915,2.381,256,1,0.133214
5586,steady,1389.869561,1390.116699,247.138,14.294,88.653,141.779,2.388,256,1,0.064252
5587,steady,1390.116751,1390.364093,247.343,14.397,88.553,142.000,2.366,256,1,0.104776
5588,steady,1390.364145,1390.611145,247.000,13.967,88.623,142.009,2.375,256,1,0.105470
5589,steady,1390.611199,1390.859627,248.427,15.466,88.630,141.962,2.341,256,1,0.122599
5590,steady,1390.859677,1391.106352,246.674,13.696,88.506,142.067,2.380,256,1,0.137784
5591,steady,1391.106403,1391.353560,247.157,14.148,88.609,142.002,2.372,256,1,0.148074
5592,steady,1391.353613,1391.600935,247.322,14.162,88.652,142.069,2.414,256,1,0.151569
5593,steady,1391.600988,1391.847817,246.829,14.141,88.479,141.772,2.410,256,1,0.076917
5594,steady,1391.847868,1392.095042,247.173,14.042,88.553,142.047,2.504,256,1,0.118193
5595,steady,1392.095109,1392.342369,247.260,14.118,88.660,142.054,2.402,256,1,0.141830
5596,steady,1392.342423,1392.589768,247.346,14.313,88.632,141.972,2.402,256,1,0.161943
5597,steady,1392.589820,1392.837000,247.179,14.262,88.495,141.963,2.434,256,1,0.145842
5598,steady,1392.837054,1393.083725,246.671,13.644,88.639,142.009,2.352,256,1,0.108091
5599,steady,1393.083779,1393.330397,246.618,13.722,88.508,142.011,2.349,256,1,0.127555
5600,steady,1393.330450,1393.577046,246.596,13.534,88.643,141.985,2.408,256,1,0.118883
5601,steady,1393.577166,1393.824429,247.262,14.252,88.653,141.985,2.344,256,1,0.128583
5602,steady,1393.824480,1394.071094,246.614,13.595,88.587,142.035,2.371,256,1,0.159955
5603,steady,1394.071148,1394.317874,246.726,13.825,88.544,141.851,2.478,256,1,0.094105
5604,steady,1394.317930,1394.565304,247.374,14.048,88.657,142.122,2.520,256,1,0.109166
5605,steady,1394.565366,1394.812500,247.134,13.961,88.612,142.136,2.398,256,1,0.124590
5606,steady,1394.812555,1395.059990,247.435,14.436,88.689,141.920,2.363,256,1,0.115036
5607,steady,1395.060045,1395.308017,247.973,14.956,88.593,142.014,2.383,256,1,0.090758
5608,steady,1395.308069,1395.555335,247.266,14.286,88.573,141.979,2.401,256,1,0.161400
5609,steady,1395.555388,1395.802466,247.078,13.913,88.671,142.075,2.392,256,1,0.084345
5610,steady,1395.802517,1396.049916,247.399,14.369,88.606,142.055,2.343,256,1,0.092968
5611,steady,1396.049966,1396.297253,247.287,14.368,88.575,141.953,2.362,256,1,0.144611
5612,steady,1396.297316,1396.543993,246.678,13.683,88.687,142.006,2.274,256,1,0.106983
5613,steady,1396.544053,1396.791000,246.947,13.982,88.679,141.986,2.272,256,1,0.100234
5614,steady,1396.791063,1397.037692,246.629,13.672,88.644,142.005,2.280,256,1,0.102696
5615,steady,1397.037750,1397.284247,246.497,13.620,88.595,141.991,2.265,256,1,0.156178
5616,steady,1397.284305,1397.530967,246.663,13.560,88.596,142.205,2.274,256,1,0.094279
5617,steady,1397.531025,1397.778222,247.197,14.152,88.635,142.101,2.282,256,1,0.144230
5618,steady,1397.778279,1398.025074,246.795,13.933,88.578,142.001,2.257,256,1,0.120810
5619,steady,1398.025132,1398.271819,246.687,13.805,88.516,142.085,2.255,256,1,0.123786
5620,steady,1398.271876,1398.519075,247.199,14.196,88.687,142.022,2.268,256,1,0.107537
5621,steady,1398.519131,1398.765882,246.752,13.831,88.629,142.004,2.261,256,1,0.106157
5622,steady,1398.765938,1399.013187,247.249,13.862,88.808,142.293,2.260,256,1,0.087464
5623,steady,1399.013242,1399.260182,246.940,13.810,88.690,142.142,2.272,256,1,0.087365
5624,steady,1399.260241,1399.507653,247.412,14.295,88.629,142.201,2.259,256,1,0.118691
5625,steady,1399.507708,1399.754522,246.814,13.871,88.614,142.034,2.268,256,1,0.102197
5626,steady,1399.754575,1400.001563,246.988,13.971,88.567,142.171,2.253,256,1,0.157826
5627,steady,1400.001619,1400.248660,247.041,13.980,88.636,142.125,2.272,256,1,0.143738
5628,steady,1400.248715,1400.499356,250.640,17.613,88.623,142.133,2.246,256,1,0.088636
5629,steady,1400.499411,1400.745948,246.537,13.557,88.569,142.121,2.265,256,1,0.154742
5630,steady,1400.746002,1400.992996,246.993,13.809,88.732,142.171,2.255,256,1,0.083699
5631,steady,1400.993049,1401.239953,246.904,13.774,88.632,142.216,2.255,256,1,0.119502
5632,steady,1401.240009,1401.486684,246.675,13.713,88.623,142.050,2.262,256,1,0.088956
5633,steady,1401.486737,1401.733861,247.123,14.255,88.568,142.009,2.266,256,1,0.097288
5634,steady,1401.733916,1401.980843,246.927,13.851,88.585,142.197,2.267,256,1,0.126277
5635,steady,1401.980898,1402.227834,246.935,13.680,88.809,142.169,2.250,256,1,0.112697
5636,steady,1402.227889,1402.474836,246.947,13.779,88.755,142.142,2.245,256,1,0.116343
5637,steady,1402.474892,1402.722056,247.164,13.870,88.741,142.276,2.251,256,1,0.152131
5638,steady,1402.722111,1402.969167,247.056,13.736,88.719,142.313,2.262,256,1,0.128868
5639,steady,1402.969223,1403.215966,246.743,13.591,88.636,142.220,2.268,256,1,0.164384
5640,steady,1403.216022,1403.462603,246.581,13.501,88.718,142.067,2.269,256,1,0.084967
5641,steady,1403.462658,1403.709453,246.794,13.596,88.744,142.189,2.242,256,1,0.128153
5642,steady,1403.709506,1403.956773,247.267,13.922,88.671,142.396,2.253,256,1,0.145037
5643,steady,1403.956827,1404.203633,246.806,13.761,88.639,142.141,2.239,256,1,0.130537
5644,steady,1404.203688,1404.450432,246.745,13.579,88.680,142.203,2.257,256,1,0.127952
5645,steady,1404.450487,1404.697739,247.251,14.114,88.652,142.210,2.250,256,1,0.158315
5646,steady,1404.697793,1404.944998,247.205,14.108,88.618,142.219,2.235,256,1,0.175995
5647,steady,1404.945052,1405.192079,247.027,13.942,88.660,142.165,2.235,256,1,0.098014
5648,steady,1405.192132,1405.438983,246.850,13.680,88.585,142.303,2.255,256,1,0.218543
5649,steady,1405.439037,1405.686306,247.268,14.184,88.602,142.235,2.224,256,1,0.152175
5650,steady,1405.686359,1405.933671,247.312,13.987,88.885,142.174,2.240,256,1,0.137670
5651,steady,1405.933788,1406.180893,247.104,13.760,88.940,142.133,2.243,256,1,0.096342
5652,steady,1406.180949,1406.427696,246.747,13.576,88.595,142.312,2.236,256,1,0.152064
5653,steady,1406.427752,1406.675052,247.300,14.107,88.661,142.270,2.236,256,1,0.204375
5654,steady,1406.675113,1406.921910,246.796,13.708,88.664,142.160,2.238,256,1,0.123020
5655,steady,1406.921964,1407.169598,247.634,14.361,88.680,142.332,2.236,256,1,0.136074
5656,steady,1407.169651,1407.421032,251.381,18.084,88.708,142.314,2.250,256,1,0.140391
5657,steady,1407.421087,1407.667780,246.693,13.794,88.663,141.966,2.244,256,1,0.110842
5658,steady,1407.667834,1407.915427,247.592,14.245,88.655,142.413,2.254,256,1,0.111526
5659,steady,1407.915481,1408.162830,247.349,13.823,88.788,142.471,2.243,256,1,0.162155
5660,steady,1408.162884,1408.410104,247.220,13.698,88.809,142.444,2.244,256,1,0.128634
5661,steady,1408.410156,1408.657560,247.405,13.799,88.810,142.510,2.261,256,1,0.169172
5662,steady,1408.657614,1408.904552,246.937,13.500,88.727,142.449,2.237,256,1,0.150045
5663,steady,1408.904606,1409.151595,246.990,13.514,88.788,142.414,2.247,256,1,0.175988
5664,steady,1409.151651,1409.399046,247.394,13.903,88.797,142.427,2.242,256,1,0.135472
5665,steady,1409.399107,1409.646682,247.574,13.866,88.862,142.570,2.252,256,1,0.151646
5666,steady,1409.646736,1409.893868,247.132,13.594,88.770,142.501,2.244,256,1,0.152872
5667,steady,1409.893922,1410.141852,247.930,14.397,88.787,142.478,2.242,256,1,0.137422
5668,steady,1410.141906,1410.388917,247.011,13.516,88.763,142.408,2.298,256,1,0.137583
5669,steady,1410.388969,1410.636216,247.247,13.744,88.784,142.449,2.246,256,1,0.165510
5670,steady,1410.636270,1410.882946,246.676,13.444,88.745,142.221,2.239,256,1,0.195964
5671,steady,1410.883001,1411.130270,247.269,13.821,88.710,142.474,2.241,256,1,0.166188
5672,steady,1411.130324,1411.377466,247.142,13.649,88.762,142.475,2.230,256,1,0.194326
5673,steady,1411.377519,1411.624765,247.246,13.786,88.752,142.424,2.260,256,1,0.152957
5674,steady,1411.624818,1411.872407,247.588,14.101,88.743,142.459,2.260,256,1,0.113690
5675,steady,1411.872459,1412.119915,247.456,13.987,88.746,142.446,2.253,256,1,0.115243
5676,steady,1412.119969,1412.367119,247.149,13.679,88.803,142.394,2.247,256,1,0.099424
5677,steady,1412.367173,1412.614270,247.097,13.600,88.708,142.523,2.239,256,1,0.130358
5678,steady,1412.614323,1412.861475,247.152,13.821,88.703,142.350,2.253,256,1,0.143370
5679,steady,1412.861528,1413.108990,247.462,14.066,88.673,142.455,2.243,256,1,0.149061
5680,steady,1413.109044,1413.356449,247.405,13.959,88.815,142.360,2.248,256,1,0.101801
5681,steady,1413.356502,1413.603462,246.960,13.597,88.746,142.365,2.227,256,1,0.072764
5682,steady,1413.603516,1413.850403,246.888,13.545,88.856,142.220,2.241,256,1,0.105055
5683,steady,1413.850453,1414.097992,247.539,14.157,88.674,142.449,2.233,256,1,0.122568
5684,steady,1414.098044,1414.345276,247.232,13.568,88.851,142.536,2.253,256,1,0.130471
5685,steady,1414.345329,1414.592276,246.947,13.564,88.792,142.323,2.245,256,1,0.157398
5686,steady,1414.592328,1414.839443,247.115,13.680,88.715,142.451,2.244,256,1,0.075118
5687,steady,1414.839496,1415.086841,247.345,13.940,88.735,142.411,2.234,256,1,0.120489
5688,steady,1415.086892,1415.333785,246.893,13.545,88.670,142.425,2.228,256,1,0.132565
5689,steady,1415.333836,1415.581021,247.186,13.673,88.767,142.476,2.244,256,1,0.160115
5690,steady,1415.581074,1415.828329,247.255,13.725,88.847,142.419,2.238,256,1,0.093606
5691,steady,1415.828380,1416.075370,246.990,13.677,88.835,142.214,2.237,256,1,0.116187
5692,steady,1416.075423,1416.322773,247.349,13.912,88.776,142.405,2.232,256,1,0.155679
5693,steady,1416.322825,1416.569949,247.124,13.825,88.784,142.259,2.230,256,1,0.094994
5694,steady,1416.570002,1416.817783,247.781,14.293,88.793,142.439,2.232,256,1,0.114426
5695,steady,1416.817835,1417.064885,247.049,13.822,88.687,142.267,2.248,256,1,0.108015
5696,steady,1417.064938,1417.312304,247.366,14.118,88.797,142.173,2.252,256,1,0.094363
5697,steady,1417.312356,1417.559890,247.535,14.209,88.808,142.264,2.227,256,1,0.107144
5698,steady,1417.559944,1417.807105,247.161,13.838,88.770,142.285,2.241,256,1,0.075239
5699,steady,1417.807157,1418.055357,248.200,14.828,88.770,142.346,2.229,256,1,0.136144
5700,steady,1418.055408,1418.302699,247.290,14.019,88.673,142.320,2.254,256,1,0.108097
5701,steady,1418.302822,1418.549950,247.128,13.770,88.795,142.288,2.248,256,1,0.134099
5702,steady,1418.550001,1418.797099,247.098,13.901,88.686,142.246,2.242,256,1,0.108943
5703,steady,1418.797150,1419.044029,246.879,13.730,88.663,142.219,2.242,256,1,0.155434
5704,steady,1419.044083,1419.304480,260.397,27.310,88.663,142.171,2.226,256,1,0.151855
5705,steady,1419.304532,1419.575306,270.774,37.834,88.566,142.121,2.227,256,1,0.141515
5706,steady,1419.575359,1419.842285,266.926,34.002,88.539,142.108,2.251,256,1,0.148154
5707,steady,1419.842336,1420.088891,246.555,13.561,88.677,142.044,2.249,256,1,0.111099
5708,steady,1420.088941,1420.335351,246.410,13.459,88.652,142.052,2.222,256,1,0.083735
5709,steady,1420.335403,1420.582044,246.641,13.737,88.574,142.079,2.225,256,1,0.124385
5710,steady,1420.582094,1420.829023,246.929,13.928,88.712,142.040,2.224,256,1,0.138877
5711,steady,1420.829073,1421.075705,246.632,13.847,88.579,141.952,2.228,256,1,0.100142
5712,steady,1421.075755,1421.322231,246.476,13.645,88.647,141.935,2.223,256,1,0.143884
5713,steady,1421.322283,1421.568938,246.655,13.694,88.631,142.071,2.234,256,1,0.101390
5714,steady,1421.568989,1421.815602,246.613,13.755,88.569,142.039,2.225,256,1,0.154171
5715,steady,1421.815653,1422.062203,246.549,13.470,88.665,142.157,2.232,256,1,0.146814
5716,steady,1422.062254,1422.308516,246.262,13.399,88.551,142.055,2.230,256,1,0.088259
5717,steady,1422.308566,1422.555201,246.634,13.609,88.718,142.052,2.229,256,1,0.133501
5718,steady,1422.555252,1422.802103,246.851,13.825,88.618,142.138,2.244,256,1,0.090399
5719,steady,1422.802154,1423.048596,246.442,13.698,88.516,141.969,2.234,256,1,0.094485
5720,steady,1423.048647,1423.295046,246.399,13.430,88.635,142.069,2.239,256,1,0.157924
5721,steady,1423.295105,1423.542044,246.939,13.805,88.697,142.177,2.235,256,1,0.153008
5722,steady,1423.542095,1423.788780,246.686,13.694,88.707,142.027,2.233,256,1,0.123783
5723,steady,1423.788832,1424.035431,246.599,13.628,88.539,142.181,2.224,256,1,0.123283
5724,steady,1424.035481,1424.282048,246.567,13.858,88.564,141.894,2.225,256,1,0.108539
5725,steady,1424.282097,1424.528456,246.359,13.564,88.620,141.926,2.223,256,1,0.096831
5726,steady,1424.528507,1424.774957,246.450,13.530,88.535,142.127,2.232,256,1,0.150651
5727,steady,1424.775008,1425.024433,249.425,16.430,88.722,142.023,2.224,256,1,0.117629
5728,steady,1425.024484,1425.271407,246.923,14.037,88.664,141.963,2.232,256,1,0.141301
5729,steady,1425.271460,1425.518107,246.647,13.773,88.656,141.964,2.227,256,1,0.080757
5730,steady,1425.518158,1425.764927,246.770,13.923,88.536,142.046,2.240,256,1,0.122280
5731,steady,1425.764979,1426.011610,246.631,13.735,88.573,142.053,2.244,256,1,0.108018
5732,steady,1426.011664,1426.258341,246.677,13.886,88.693,141.835,2.236,256,1,0.070986
5733,steady,1426.258392,1426.505483,247.091,14.407,88.463,141.969,2.227,256,1,0.084390
5734,steady,1426.505535,1426.752011,246.476,13.560,88.566,142.089,2.235,256,1,0.163265
5735,steady,1426.752062,1426.998303,246.241,13.440,88.558,141.998,2.221,256,1,0.133767
5736,steady,1426.998355,1427.244437,246.082,13.419,88.566,141.847,2.226,256,1,0.080114
5737,steady,1427.244489,1427.491275,246.786,14.017,88.535,141.975,2.234,256,1,0.100514
5738,steady,1427.491328,1427.738150,246.822,13.969,88.592,142.008,2.227,256,1,0.118937
5739,steady,1427.738203,1427.984884,246.681,13.784,88.677,141.966,2.229,256,1,0.090667
5740,steady,1427.984936,1428.231579,246.643,13.885,88.482,142.024,2.226,256,1,0.180516
5741,steady,1428.231633,1428.478528,246.894,14.110,88.558,141.952,2.250,256,1,0.110763
5742,steady,1428.478579,1428.725099,246.520,13.775,88.626,141.868,2.226,256,1,0.141704
5743,steady,1428.725150,1428.972297,247.147,14.332,88.580,141.965,2.246,256,1,0.105798
5744,steady,1428.972349,1429.218829,246.480,13.709,88.577,141.929,2.238,256,1,0.144205
5745,steady,1429.218895,1429.465363,246.467,13.804,88.499,141.919,2.219,256,1,0.149753
5746,steady,1429.465413,1429.712151,246.738,13.910,88.577,142.001,2.225,256,1,0.165938
5747,steady,1429.712202,1429.960099,247.897,15.036,88.623,141.974,2.239,256,1,0.145809
5748,steady,1429.960150,1430.206590,246.440,13.571,88.611,142.000,2.232,256,1,0.116136
5749,steady,1430.206640,1430.453005,246.365,13.630,88.495,141.969,2.245,256,1,0.102575
5750,steady,1430.453056,1430.699880,246.824,13.890,88.622,142.051,2.235,256,1,0.210344
5751,steady,1430.700001,1430.946426,246.425,13.641,88.668,141.855,2.231,256,1,0.107137
5752,steady,1430.946476,1431.193097,246.621,13.715,88.629,142.009,2.243,256,1,0.085512
5753,steady,1431.193149,1431.439574,246.426,13.724,88.535,141.910,2.231,256,1,0.157993
5754,steady,1431.439628,1431.685881,246.253,13.639,88.553,141.799,2.236,256,1,0.113531
5755,steady,1431.685934,1431.932433,246.498,13.734,88.517,141.952,2.269,256,1,0.100568
5756,steady,1431.932485,1432.179107,246.622,13.915,88.585,141.857,2.238,256,1,0.113464
5757,steady,1432.179162,1432.425679,246.518,13.817,88.487,141.954,2.234,256,1,0.117704
5758,steady,1432.425733,1432.672622,246.889,14.088,88.643,141.857,2.275,256,1,0.133959
5759,steady,1432.672676,1432.919151,246.475,13.762,88.557,141.889,2.243,256,1,0.112755
5760,steady,1432.919206,1433.165924,246.718,14.048,88.569,141.842,2.231,256,1,0.075826
5761,steady,1433.165977,1433.412719,246.742,14.052,88.495,141.898,2.271,256,1,0.149722
5762,steady,1433.412772,1433.660006,247.234,14.530,88.714,141.717,2.246,256,1,0.107258
5763,steady,1433.660058,1433.906511,246.453,13.723,88.479,141.996,2.229,256,1,0.107410
5764,steady,1433.906564,1434.153634,247.070,14.262,88.699,141.847,2.237,256,1,0.138158
5765,steady,1434.153687,1434.400614,246.927,14.171,88.509,141.983,2.238,256,1,0.137802
5766,steady,1434.400666,1434.647208,246.542,13.957,88.539,141.782,2.237,256,1,0.097572
5767,steady,1434.647262,1434.893725,246.462,13.726,88.629,141.833,2.248,256,1,0.077560
5768,steady,1434.893777,1435.140979,247.201,14.503,88.495,141.926,2.251,256,1,0.132574
5769,steady,1435.141034,1435.387492,246.459,13.798,88.473,141.918,2.243,256,1,0.118715
5770,steady,1435.387546,1435.634237,246.691,13.842,88.585,142.015,2.222,256,1,0.123888
5771,steady,1435.634289,1435.880942,246.653,13.853,88.594,141.924,2.254,256,1,0.129383
5772,steady,1435.880995,1436.127286,246.292,13.715,88.483,141.823,2.245,256,1,0.155576
5773,steady,1436.127340,1436.373633,246.293,13.675,88.435,141.919,2.236,256,1,0.157527
5774,steady,1436.373686,1436.619983,246.298,13.643,88.544,141.852,2.233,256,1,0.139610
5775,steady,1436.620038,1436.866134,246.096,13.548,88.470,141.809,2.244,256,1,0.105597
5776,steady,1436.866187,1437.112766,246.579,13.775,88.556,141.988,2.236,256,1,0.146165
5777,steady,1437.112819,1437.360323,247.504,14.906,88.505,141.829,2.238,256,1,0.108913
5778,steady,1437.360376,1437.606956,246.580,13.915,88.508,141.893,2.239,256,1,0.124526
5779,steady,1437.607008,1437.853095,246.087,13.460,88.530,141.836,2.235,256,1,0.098706
5780,steady,1437.853148,1438.099691,246.544,13.859,88.554,141.872,2.232,256,1,0.121740
5781,steady,1438.099746,1438.346139,246.394,13.750,88.572,141.816,2.229,256,1,0.100395
5782,steady,1438.346193,1438.592620,246.426,13.615,88.601,141.929,2.256,256,1,0.130086
5783,steady,1438.592673,1438.841443,248.769,15.923,88.626,141.956,2.238,256,1,0.133691
5784,steady,1438.841496,1439.088077,246.581,13.918,88.658,141.753,2.225,256,1,0.092276
5785,steady,1439.088130,1439.334403,246.273,13.634,88.530,141.834,2.250,256,1,0.125874
5786,steady,1439.334455,1439.580744,246.289,13.749,88.522,141.754,2.236,256,1,0.092894
5787,steady,1439.580799,1439.826998,246.199,13.390,88.599,141.944,2.241,256,1,0.116565
5788,steady,1439.827051,1440.073313,246.262,13.595,88.635,141.761,2.236,256,1,0.104660
5789,steady,1440.073365,1440.319686,246.320,13.845,88.445,141.766,2.238,256,1,0.117446
5790,steady,1440.319741,1440.566142,246.402,13.906,88.471,141.765,2.234,256,1,0.138289
5791,steady,1440.566197,1440.812882,246.685,13.922,88.573,141.911,2.254,256,1,0.108900
5792,steady,1440.812935,1441.059149,246.214,13.704,88.507,141.753,2.222,256,1,0.151517
5793,steady,1441.059205,1441.305509,246.304,13.681,88.561,141.801,2.234,256,1,0.096241
5794,steady,1441.305561,1441.551747,246.186,13.679,88.424,141.828,2.228,256,1,0.093485
5795,steady,1441.551802,1441.798417,246.616,13.941,88.493,141.910,2.245,256,1,0.137312
5796,steady,1441.798471,1442.044426,245.956,13.325,88.619,141.749,2.237,256,1,0.088993
5797,steady,1442.044479,1442.291321,246.842,14.137,88.571,141.868,2.238,256,1,0.098052
5798,steady,1442.291378,1442.538002,246.625,13.853,88.624,141.867,2.254,256,1,0.192134
5799,steady,1442.538057,1442.784401,246.344,13.763,88.590,141.723,2.243,256,1,0.112873
5800,steady,1442.784454,1443.030846,246.392,13.520,88.581,142.012,2.251,256,1,0.138911
5801,steady,1443.030971,1443.277227,246.256,13.816,88.393,141.784,2.233,256,1,0.092530
5802,steady,1443.277281,1443.523532,246.251,13.637,88.573,141.788,2.228,256,1,0.193861
5803,steady,1443.523587,1443.769948,246.361,13.761,88.560,141.773,2.241,256,1,0.119883
5804,steady,1443.770003,1444.016146,246.143,13.596,88.451,141.846,2.223,256,1,0.112293
5805,steady,1444.016201,1444.262445,246.244,13.678,88.507,141.780,2.253,256,1,0.088880
5806,steady,1444.262498,1444.510055,247.556,15.227,88.383,141.686,2.236,256,1,0.093477
5807,steady,1444.510107,1444.756517,246.410,13.801,88.477,141.870,2.235,256,1,0.145359
5808,steady,1444.756570,1445.002746,246.176,13.695,88.482,141.738,2.235,256,1,0.109664
5809,steady,1445.002798,1445.249052,246.253,13.773,88.424,141.785,2.245,256,1,0.145302
5810,steady,1445.249105,1445.495969,246.865,14.476,88.359,141.785,2.220,256,1,0.106027
5811,steady,1445.496022,1445.742464,246.442,13.799,88.515,141.857,2.245,256,1,0.177468
5812,steady,1445.742518,1445.989184,246.665,13.922,88.592,141.883,2.243,256,1,0.157490
5813,steady,1445.989235,1446.235952,246.717,13.937,88.547,141.974,2.233,256,1,0.125003
5814,steady,1446.236005,1446.483477,247.471,14.956,88.483,141.775,2.230,256,1,0.207257
5815,steady,1446.483529,1446.729798,246.269,13.672,88.549,141.789,2.232,256,1,0.120012
5816,steady,1446.729850,1446.976326,246.477,13.897,88.514,141.788,2.254,256,1,0.131915
5817,steady,1446.976378,1447.223012,246.633,13.853,88.611,141.911,2.232,256,1,0.180847
5818,steady,1447.223075,1447.469364,246.289,13.767,88.530,141.722,2.243,256,1,0.111024
5819,steady,1447.469419,1447.715619,246.200,13.734,88.478,141.723,2.239,256,1,0.102855
5820,steady,1447.715672,1447.963913,248.241,15.469,88.552,141.960,2.233,256,1,0.161562
5821,steady,1447.963966,1448.210212,246.246,13.751,88.461,141.787,2.221,256,1,0.137623
5822,steady,1448.210263,1448.456362,246.099,13.562,88.494,141.783,2.233,256,1,0.150474
5823,steady,1448.456413,1448.702825,246.412,13.819,88.502,141.839,2.226,256,1,0.150167
5824,steady,1448.702877,1448.949126,246.249,13.700,88.501,141.774,2.248,256,1,0.193767
5825,steady,1448.949178,1449.195588,246.410,13.815,88.408,141.927,2.233,256,1,0.184520
5826,steady,1449.195642,1449.441796,246.155,13.679,88.468,141.733,2.248,256,1,0.138859
5827,steady,1449.441852,1449.688114,246.262,13.724,88.410,141.857,2.244,256,1,0.118921
5828,steady,1449.688168,1449.934959,246.791,14.124,88.530,141.873,2.238,256,1,0.111400
5829,steady,1449.935011,1450.181359,246.348,13.667,88.563,141.849,2.242,256,1,0.124837
5830,steady,1450.181411,1450.427440,246.028,13.528,88.489,141.745,2.237,256,1,0.099141
5831,steady,1450.427493,1450.673925,246.432,13.805,88.487,141.880,2.234,256,1,0.128418
5832,steady,1450.673976,1450.920068,246.093,13.370,88.480,141.983,2.234,256,1,0.204360
5833,steady,1450.920122,1451.167641,247.519,14.796,88.603,141.859,2.234,256,1,0.112990
5834,steady,1451.167696,1451.413962,246.266,13.636,88.545,141.823,2.236,256,1,0.161248
5835,steady,1451.414014,1451.660089,246.075,13.776,88.435,141.605,2.232,256,1,0.091652
5836,steady,1451.660143,1451.906273,246.130,13.626,88.530,141.702,2.248,256,1,0.098728
5837,steady,1451.906327,1452.152492,246.166,13.675,88.526,141.697,2.242,256,1,0.155746
5838,steady,1452.152546,1452.398591,246.044,13.702,88.484,141.594,2.238,256,1,0.117780
5839,steady,1452.398645,1452.644917,246.272,13.658,88.585,141.754,2.247,256,1,0.148454
5840,steady,1452.644970,1452.891116,246.146,13.425,88.490,141.961,2.243,256,1,0.139828
5841,steady,1452.891171,1453.137548,246.377,13.697,88.553,141.864,2.235,256,1,0.090958
5842,steady,1453.137601,1453.383667,246.066,13.480,88.534,141.784,2.242,256,1,0.108690
5843,steady,1453.383721,1453.629869,246.148,13.745,88.407,141.750,2.219,256,1,0.160290
5844,steady,1453.629922,1453.875952,246.030,13.415,88.486,141.867,2.235,256,1,0.149958
5845,steady,1453.876005,1454.122030,246.025,13.606,88.478,141.680,2.235,256,1,0.113940
5846,steady,1454.122080,1454.368571,246.491,13.825,88.502,141.900,2.238,256,1,0.103324
5847,steady,1454.368623,1454.615342,246.719,14.066,88.560,141.831,2.236,256,1,0.097159
5848,steady,1454.615392,1454.861657,246.265,13.640,88.556,141.810,2.231,256,1,0.109431
5849,steady,1454.861712,1455.107527,245.815,13.443,88.429,141.680,2.234,256,1,0.145974
5850,steady,1455.107581,1455.353821,246.240,13.823,88.461,141.689,2.239,256,1,0.100133
5851,steady,1455.353937,1455.600526,246.589,13.953,88.558,141.815,2.234,256,1,0.109864
5852,steady,1455.600577,1455.846940,246.363,13.747,88.566,141.779,2.246,256,1,0.166404
5853,steady,1455.846994,1456.093874,246.880,14.293,88.411,141.909,2.240,256,1,0.162503
5854,steady,1456.093928,1456.339902,245.974,13.507,88.501,141.694,2.246,256,1,0.155389
5855,steady,1456.339954,1456.585985,246.031,13.474,88.515,141.788,2.228,256,1,0.138717
5856,steady,1456.586038,1456.832209,246.172,13.430,88.599,141.889,2.229,256,1,0.120987
5857,steady,1456.832263,1457.078199,245.937,13.403,88.520,141.743,2.245,256,1,0.121484
5858,steady,1457.078251,1457.324403,246.152,13.555,88.522,141.806,2.244,256,1,0.165061
5859,steady,1457.324456,1457.570647,246.191,13.744,88.428,141.757,2.236,256,1,0.099268
5860,steady,1457.570700,1457.816733,246.033,13.436,88.529,141.775,2.251,256,1,0.148582
5861,steady,1457.816788,1458.062919,246.131,13.477,88.548,141.838,2.242,256,1,0.166834
5862,steady,1458.062970,1458.309722,246.752,14.064,88.514,141.926,2.223,256,1,0.163051
5863,steady,1458.309775,1458.555946,246.171,13.480,88.542,141.878,2.247,256,1,0.152320
5864,steady,1458.555998,1458.802071,246.073,13.605,88.537,141.674,2.230,256,1,0.136511
5865,steady,1458.802123,1459.048354,246.231,13.808,88.462,141.701,2.235,256,1,0.123271
5866,steady,1459.048405,1459.294807,246.402,13.555,88.736,141.856,2.230,256,1,0.134266
5867,steady,1459.294859,1459.540943,246.085,13.483,88.576,141.752,2.246,256,1,0.094815
5868,steady,1459.540998,1459.787709,246.711,14.192,88.513,141.745,2.234,256,1,0.065824
5869,steady,1459.787762,1460.033642,245.880,13.380,88.509,141.731,2.234,256,1,0.095919
5870,steady,1460.033695,1460.279907,246.213,13.671,88.466,141.814,2.237,256,1,0.158070
5871,steady,1460.279960,1460.525995,246.035,13.589,88.496,141.685,2.241,256,1,0.146169
5872,steady,1460.526047,1460.772425,246.378,13.594,88.639,141.869,2.250,256,1,0.113217
5873,steady,1460.772477,1461.019491,247.014,14.482,88.541,141.735,2.230,256,1,0.109081
5874,steady,1461.019543,1461.265727,246.184,13.693,88.478,141.755,2.231,256,1,0.119180
5875,steady,1461.265782,1461.511690,245.907,13.486,88.411,141.746,2.236,256,1,0.148943
5876,steady,1461.511744,1461.758399,246.655,13.995,88.522,141.865,2.248,256,1,0.116390
5877,steady,1461.758451,1462.004666,246.215,13.691,88.475,141.782,2.243,256,1,0.157484
5878,steady,1462.004721,1462.250840,246.119,13.546,88.508,141.800,2.237,256,1,0.147275
5879,steady,1462.250892,1462.496899,246.007,13.505,88.451,141.779,2.246,256,1,0.124512
5880,steady,1462.496950,1462.742878,245.928,13.615,88.348,141.711,2.229,256,1,0.127637
5881,steady,1462.742930,1462.988891,245.961,13.475,88.473,141.749,2.238,256,1,0.082642
5882,steady,1462.988942,1463.235477,246.535,13.864,88.617,141.804,2.225,256,1,0.114808
5883,steady,1463.235528,1463.502896,267.369,34.775,88.514,141.822,2.231,256,1,0.143744
5884,steady,1463.502948,1463.749167,246.218,13.913,88.376,141.680,2.224,256,1,0.078949
5885,steady,1463.749217,1463.995637,246.420,13.781,88.516,141.882,2.216,256,1,0.155272
5886,steady,1463.995688,1464.241680,245.992,13.496,88.499,141.745,2.225,256,1,0.157860
5887,steady,1464.241732,1464.489293,247.561,15.118,88.383,141.805,2.229,256,1,0.192121
5888,steady,1464.489342,1464.735610,246.268,13.578,88.679,141.753,2.231,256,1,0.109349
5889,steady,1464.735661,1464.981612,245.951,13.504,88.523,141.679,2.219,256,1,0.116002
5890,steady,1464.981665,1465.228337,246.672,13.862,88.621,141.926,2.237,256,1,0.078660
5891,steady,1465.228389,1465.474444,246.056,13.604,88.424,141.778,2.225,256,1,0.138949
5892,steady,1465.474496,1465.721055,246.560,13.978,88.472,141.828,2.256,256,1,0.148498
5893,steady,1465.721108,1465.967457,246.349,13.672,88.498,141.926,2.226,256,1,0.100820
5894,steady,1465.967508,1466.213831,246.322,13.623,88.507,141.934,2.233,256,1,0.145943
5895,steady,1466.213880,1466.460535,246.655,14.171,88.484,141.742,2.233,256,1,0.107933
5896,steady,1466.460586,1466.706642,246.056,13.574,88.481,141.749,2.228,256,1,0.114088
5897,steady,1466.706692,1466.954941,248.249,15.798,88.569,141.625,2.233,256,1,0.098087
5898,steady,1466.954994,1467.201386,246.393,13.876,88.416,141.818,2.257,256,1,0.155425
5899,steady,1467.201439,1467.447458,246.019,13.518,88.527,141.723,2.226,256,1,0.104284
5900,steady,1467.447511,1467.693794,246.283,13.656,88.625,141.745,2.231,256,1,0.074946
5901,steady,1467.694207,1467.940751,246.544,14.075,88.439,141.759,2.241,256,1,0.098481
5902,steady,1467.940802,1468.186969,246.167,13.559,88.457,141.896,2.230,256,1,0.150859
5903,steady,1468.187020,1468.433317,246.297,13.704,88.587,141.735,2.247,256,1,0.109988
5904,steady,1468.433371,1468.679380,246.009,13.501,88.450,141.782,2.251,256,1,0.099959
5905,steady,1468.679432,1468.926012,246.580,14.023,88.521,141.777,2.234,256,1,0.119048
5906,steady,1468.926065,1469.172288,246.223,13.688,88.476,141.785,2.250,256,1,0.091306
5907,steady,1469.172342,1469.418533,246.191,13.507,88.550,141.869,2.241,256,1,0.109975
5908,steady,1469.418584,1469.664723,246.139,13.788,88.416,141.657,2.253,256,1,0.120176
5909,steady,1469.664776,1469.911566,246.790,14.225,88.519,141.763,2.257,256,1,0.108251
5910,steady,1469.911620,1470.159703,248.083,15.542,88.540,141.715,2.260,256,1,0.144759
5911,steady,1470.159757,1470.406147,246.389,13.785,88.478,141.834,2.266,256,1,0.118726
5912,steady,1470.406199,1470.652975,246.776,14.012,88.586,141.882,2.269,256,1,0.147977
5913,steady,1470.653029,1470.898955,245.926,13.327,88.591,141.729,2.254,256,1,0.106139
5914,steady,1470.899008,1471.145617,246.609,13.963,88.602,141.764,2.256,256,1,0.113230
5915,steady,1471.145670,1471.391937,246.267,13.609,88.437,141.939,2.257,256,1,0.095232
5916,steady,1471.391993,1471.640143,248.149,15.506,88.522,141.816,2.279,256,1,0.097345
5917,steady,1471.640199,1471.886318,246.119,13.607,88.481,141.749,2.257,256,1,0.091368
5918,steady,1471.886375,1472.133081,246.706,14.048,88.583,141.787,2.263,256,1,0.096353
5919,steady,1472.133136,1472.379615,246.479,13.819,88.552,141.834,2.247,256,1,0.087500
5920,steady,1472.379669,1472.626237,246.568,13.762,88.560,141.955,2.266,256,1,0.132764
5921,steady,1472.626293,1472.872813,246.521,13.895,88.511,141.790,2.299,256,1,0.148071
5922,steady,1472.872870,1473.119507,246.637,13.840,88.589,141.915,2.266,256,1,0.096321
5923,steady,1473.119563,1473.365927,246.364,13.715,88.546,141.823,2.255,256,1,0.109514
5924,steady,1473.365982,1473.613058,247.076,14.560,88.548,141.676,2.265,256,1,0.166438
5925,steady,1473.613111,1473.859401,246.289,13.638,88.559,141.788,2.278,256,1,0.092204
5926,steady,1473.859458,1474.106019,246.561,13.980,88.456,141.824,2.275,256,1,0.077562
5927,steady,1474.106076,1474.352447,246.371,13.784,88.545,141.753,2.263,256,1,0.150866
5928,steady,1474.352501,1474.598499,245.998,13.353,88.546,141.809,2.266,256,1,0.221037
5929,steady,1474.598553,1474.844684,246.131,13.509,88.544,141.754,2.297,256,1,0.126628
5930,steady,1474.844738,1475.091302,246.564,13.770,88.550,141.950,2.268,256,1,0.121482
5931,steady,1475.091360,1475.337772,246.413,13.750,88.570,141.776,2.290,256,1,0.189112
5932,steady,1475.337829,1475.584421,246.592,13.733,88.617,141.935,2.282,256,1,0.142852
5933,steady,1475.584477,1475.831148,246.671,13.942,88.551,141.885,2.264,256,1,0.184201
5934,steady,1475.831205,1476.077327,246.122,13.509,88.487,141.830,2.270,256,1,0.179978
5935,steady,1476.077381,1476.324123,246.741,14.058,88.505,141.886,2.266,256,1,0.143993
5936,steady,1476.324177,1476.570275,246.098,13.546,88.457,141.824,2.246,256,1,0.191950
5937,steady,1476.570329,1476.816721,246.392,13.640,88.613,141.855,2.258,256,1,0.140877
5938,steady,1476.816776,1477.063280,246.505,13.721,88.587,141.907,2.264,256,1,0.165202
5939,steady,1477.063335,1477.309786,246.451,13.603,88.603,141.948,2.271,256,1,0.185944
5940,steady,1477.309841,1477.556476,246.635,13.759,88.718,141.865,2.268,256,1,0.125796
5941,steady,1477.556532,1477.803443,246.911,14.080,88.609,141.937,2.260,256,1,0.145002
5942,steady,1477.803500,1478.049889,246.389,13.697,88.486,141.909,2.272,256,1,0.155432
5943,steady,1478.049944,1478.296687,246.743,14.065,88.507,141.884,2.260,256,1,0.122072
5944,steady,1478.296740,1478.543512,246.772,13.945,88.645,141.880,2.276,256,1,0.128296
5945,steady,1478.543568,1478.790460,246.892,14.207,88.561,141.829,2.269,256,1,0.112972
5946,steady,1478.790515,1479.036956,246.441,13.555,88.596,141.987,2.277,256,1,0.131203
5947,steady,1479.037009,1479.283430,246.421,13.697,88.455,141.963,2.280,256,1,0.130194
5948,steady,1479.283486,1479.530004,246.517,13.866,88.507,141.869,2.250,256,1,0.164087
5949,steady,1479.530058,1479.779218,249.160,16.420,88.522,141.919,2.274,256,1,0.184240
5950,steady,1479.779275,1480.025853,246.578,13.666,88.602,142.019,2.267,256,1,0.110826
5951,steady,1480.025974,1480.272763,246.789,14.257,88.542,141.683,2.278,256,1,0.143256
5952,steady,1480.272818,1480.519157,246.340,13.705,88.466,141.876,2.267,256,1,0.139773
5953,steady,1480.519212,1480.765719,246.507,13.756,88.635,141.827,2.263,256,1,0.129146
5954,steady,1480.765772,1481.014228,248.455,15.560,88.699,141.916,2.256,256,1,0.137796
5955,steady,1481.014281,1481.260588,246.307,13.602,88.483,141.922,2.274,256,1,0.136939
5956,steady,1481.260642,1481.506998,246.356,13.608,88.573,141.902,2.248,256,1,0.093701
5957,steady,1481.507062,1481.753637,246.575,13.940,88.517,141.817,2.276,256,1,0.124392
5958,steady,1481.753691,1482.000422,246.730,13.919,88.539,141.958,2.290,256,1,0.127200
5959,steady,1482.000478,1482.246748,246.270,13.650,88.459,141.877,2.260,256,1,0.138819
5960,steady,1482.246804,1482.495142,248.339,15.672,88.535,141.852,2.255,256,1,0.115239
5961,steady,1482.495196,1482.741593,246.396,13.674,88.542,141.912,2.242,256,1,0.171861
5962,steady,1482.741648,1482.988258,246.610,13.731,88.738,141.835,2.279,256,1,0.083912
5963,steady,1482.988312,1483.234398,246.086,13.569,88.510,141.727,2.253,256,1,0.122449
5964,steady,1483.234452,1483.481107,246.655,13.906,88.626,141.822,2.275,256,1,0.096486
5965,steady,1483.481163,1483.727537,246.374,13.715,88.539,141.837,2.256,256,1,0.154357
5966,steady,1483.727591,1483.974162,246.571,13.704,88.559,142.019,2.264,256,1,0.139084
5967,steady,1483.974216,1484.221061,246.845,14.021,88.553,141.970,2.274,256,1,0.135735
5968,steady,1484.221116,1484.467180,246.064,13.516,88.457,141.818,2.247,256,1,0.111714
5969,steady,1484.467234,1484.713684,246.450,13.769,88.477,141.924,2.256,256,1,0.095355
5970,steady,1484.713738,1484.960237,246.499,13.676,88.642,141.914,2.242,256,1,0.088248
5971,steady,1484.960291,1485.206599,246.307,13.595,88.526,141.896,2.266,256,1,0.098955
5972,steady,1485.206652,1485.453240,246.588,13.880,88.580,141.860,2.244,256,1,0.093868
5973,steady,1485.453294,1485.699297,246.004,13.398,88.413,141.915,2.252,256,1,0.107050
5974,steady,1485.699352,1485.945657,246.305,13.575,88.555,141.889,2.261,256,1,0.134912
5975,steady,1485.945711,1486.192240,246.530,13.789,88.561,141.898,2.258,256,1,0.121038
5976,steady,1486.192295,1486.438650,246.355,13.529,88.606,141.950,2.246,256,1,0.093428
5977,steady,1486.438704,1486.685391,246.686,13.854,88.509,142.033,2.265,256,1,0.135425
5978,steady,1486.685443,1486.931832,246.388,13.537,88.664,141.893,2.269,256,1,0.109083
5979,steady,1486.931889,1487.178483,246.593,13.664,88.561,142.074,2.268,256,1,0.158989
5980,steady,1487.178538,1487.425172,246.635,13.820,88.537,141.978,2.275,256,1,0.127724
5981,steady,1487.425226,1487.671630,246.404,13.648,88.622,141.849,2.258,256,1,0.087882
5982,steady,1487.671688,1487.918009,246.322,13.543,88.549,141.948,2.255,256,1,0.170789
5983,steady,1487.918063,1488.164670,246.607,13.818,88.538,141.954,2.271,256,1,0.124672
5984,steady,1488.164726,1488.411324,246.598,13.733,88.486,142.073,2.280,256,1,0.103352
5985,steady,1488.411380,1488.658154,246.773,14.054,88.510,141.930,2.253,256,1,0.083581
5986,steady,1488.658209,1488.904862,246.653,13.807,88.686,141.891,2.246,256,1,0.087011
5987,steady,1488.904916,1489.152460,247.544,14.716,88.527,142.006,2.271,256,1,0.110130
5988,steady,1489.152515,1489.398924,246.408,13.887,88.593,141.663,2.241,256,1,0.087524
5989,steady,1489.398977,1489.645105,246.128,13.382,88.573,141.873,2.275,256,1,0.211817
5990,steady,1489.645160,1489.891536,246.376,13.670,88.489,141.914,2.278,256,1,0.122095
5991,steady,1489.891594,1490.138794,247.201,14.274,88.563,142.067,2.270,256,1,0.089436
5992,steady,1490.138849,1490.385422,246.573,13.924,88.543,141.830,2.250,256,1,0.119591
5993,steady,1490.385476,1490.632232,246.756,13.766,88.681,142.022,2.263,256,1,0.140507
5994,steady,1490.632287,1490.878483,246.196,13.480,88.405,142.037,2.250,256,1,0.136103
5995,steady,1490.878536,1491.124990,246.454,13.641,88.567,141.957,2.264,256,1,0.189425
5996,steady,1491.125043,1491.371526,246.483,13.540,88.543,142.125,2.249,256,1,0.130852
5997,steady,1491.371582,1491.618028,246.445,13.596,88.535,142.035,2.252,256,1,0.097360
5998,steady,1491.618082,1491.864560,246.478,13.521,88.685,141.969,2.276,256,1,0.098455
5999,steady,1491.864615,1492.111092,246.476,13.696,88.502,141.998,2.254,256,1,0.094443
6000,steady,1492.111147,1492.357684,246.537,13.747,88.596,141.928,2.238,256,1,0.145924
6001,steady,1492.357797,1492.604311,246.514,13.581,88.624,142.012,2.267,256,1,0.101569
6002,steady,1492.604365,1492.851177,246.812,13.890,88.637,142.005,2.253,256,1,0.091028
6003,steady,1492.851232,1493.097805,246.573,13.818,88.450,142.032,2.247,256,1,0.117256
6004,steady,1493.097858,1493.344531,246.673,13.842,88.614,141.937,2.255,256,1,0.119193
6005,steady,1493.344584,1493.590983,246.399,13.617,88.579,141.929,2.249,256,1,0.106608
6006,steady,1493.591038,1493.839516,248.478,15.601,88.564,142.010,2.270,256,1,0.161800
6007,steady,1493.839573,1494.086263,246.690,13.769,88.581,142.047,2.266,256,1,0.108738
6008,steady,1494.086316,1494.333025,246.709,13.738,88.608,142.023,2.315,256,1,0.141256
6009,steady,1494.333082,1494.580046,246.964,13.932,88.645,142.099,2.263,256,1,0.118279
6010,steady,1494.580101,1494.826385,246.284,13.346,88.623,142.028,2.263,256,1,0.121300
6011,steady,1494.826440,1495.073054,246.614,13.744,88.511,142.061,2.274,256,1,0.122657
6012,steady,1495.073109,1495.319435,246.326,13.574,88.482,141.989,2.256,256,1,0.106438
6013,steady,1495.319489,1495.566876,247.387,14.178,88.667,142.115,2.400,256,1,0.162575
6014,steady,1495.566940,1495.813496,246.556,13.500,88.668,142.078,2.283,256,1,0.123665
6015,steady,1495.813553,1496.060443,246.890,13.986,88.545,142.063,2.270,256,1,0.096269
6016,steady,1496.060498,1496.307172,246.674,13.718,88.608,142.066,2.256,256,1,0.148146
6017,steady,1496.307226,1496.553881,246.655,13.593,88.687,142.091,2.260,256,1,0.121091
6018,steady,1496.553935,1496.800591,246.656,13.735,88.657,141.991,2.249,256,1,0.155460
6019,steady,1496.800643,1497.047106,246.463,13.568,88.684,141.924,2.261,256,1,0.134658
6020,steady,1497.047160,1497.294058,246.897,14.081,88.583,141.950,2.258,256,1,0.077240
6021,steady,1497.294111,1497.540984,246.873,13.761,88.700,142.135,2.251,256,1,0.096559
6022,steady,1497.541038,1497.787857,246.819,13.757,88.750,142.005,2.279,256,1,0.098614
6023,steady,1497.787912,1498.034635,246.723,13.790,88.646,141.974,2.287,256,1,0.084630
6024,steady,1498.034690,1498.281933,247.242,14.323,88.542,142.101,2.252,256,1,0.111010
6025,steady,1498.281987,1498.528779,246.792,13.724,88.661,142.127,2.254,256,1,0.118763
6026,steady,1498.528832,1498.775683,246.851,13.816,88.661,142.103,2.246,256,1,0.098897
6027,steady,1498.775736,1499.023186,247.449,14.486,88.667,142.034,2.237,256,1,0.115067
6028,steady,1499.023239,1499.269803,246.564,13.435,88.727,142.108,2.267,256,1,0.129867
6029,steady,1499.269857,1499.516786,246.928,13.926,88.645,142.070,2.262,256,1,0.108383
6030,steady,1499.516841,1499.763379,246.539,13.555,88.693,142.012,2.254,256,1,0.127221
6031,steady,1499.763432,1500.012295,248.863,15.714,88.666,142.171,2.287,256,1,0.090319
