step_idx,phase,t_step_start_s,t_step_end_s,step_duration_ms,t_dataload_ms,t_forward_ms,samples_per_step,slide_id_in_step,world_size
0,ramp,0.103951,1.597693,1493.742,19.325,1474.304,256,TCGA-A1-A0SH-01Z-00-DX1.90E71B08-E1D9-4FC2-85AC-062E56DDF17C,1
1,ramp,1.610560,2.673161,1062.601,1.762,1060.765,256,TCGA-A1-A0SH-01Z-00-DX1.90E71B08-E1D9-4FC2-85AC-062E56DDF17C,1
2,ramp,2.685206,3.749235,1064.029,1.756,1062.210,256,TCGA-A1-A0SH-01Z-00-DX1.90E71B08-E1D9-4FC2-85AC-062E56DDF17C,1
3,ramp,3.761655,4.825912,1064.257,1.754,1062.445,256,TCGA-A1-A0SH-01Z-00-DX1.90E71B08-E1D9-4FC2-85AC-062E56DDF17C,1
4,ramp,4.837349,5.904364,1067.015,1.746,1065.213,256,TCGA-A1-A0SH-01Z-00-DX1.90E71B08-E1D9-4FC2-85AC-062E56DDF17C,1
5,ramp,5.915882,6.984026,1068.143,1.759,1066.327,256,TCGA-A1-A0SH-01Z-00-DX1.90E71B08-E1D9-4FC2-85AC-062E56DDF17C,1
6,ramp,6.996145,8.064145,1068.001,1.745,1066.199,256,TCGA-A1-A0SH-01Z-00-DX1.90E71B08-E1D9-4FC2-85AC-062E56DDF17C,1
7,ramp,8.075752,9.144778,1069.026,1.742,1067.225,256,TCGA-A1-A0SH-01Z-00-DX1.90E71B08-E1D9-4FC2-85AC-062E56DDF17C,1
8,ramp,9.156638,10.224773,1068.135,1.755,1066.322,256,TCGA-A1-A0SH-01Z-00-DX1.90E71B08-E1D9-4FC2-85AC-062E56DDF17C,1
9,ramp,10.236383,11.305813,1069.429,1.751,1067.623,256,TCGA-A1-A0SH-01Z-00-DX1.90E71B08-E1D9-4FC2-85AC-062E56DDF17C,1
10,steady,11.317765,12.390210,1072.444,1.746,1070.641,256,TCGA-A1-A0SH-01Z-00-DX1.90E71B08-E1D9-4FC2-85AC-062E56DDF17C,1
11,steady,12.402206,13.476468,1074.262,1.751,1072.455,256,TCGA-A1-A0SH-01Z-00-DX1.90E71B08-E1D9-4FC2-85AC-062E56DDF17C,1
12,steady,13.488998,14.563682,1074.683,1.747,1072.881,256,TCGA-A1-A0SH-01Z-00-DX1.90E71B08-E1D9-4FC2-85AC-062E56DDF17C,1
13,steady,14.575306,15.650077,1074.770,1.752,1072.959,256,TCGA-A1-A0SH-01Z-00-DX1.90E71B08-E1D9-4FC2-85AC-062E56DDF17C,1
14,steady,15.662360,16.737062,1074.702,1.746,1072.902,256,TCGA-A1-A0SH-01Z-00-DX1.90E71B08-E1D9-4FC2-85AC-062E56DDF17C,1
15,steady,16.748826,17.823519,1074.693,1.753,1072.885,256,TCGA-A1-A0SH-01Z-00-DX1.90E71B08-E1D9-4FC2-85AC-062E56DDF17C,1
16,steady,17.835256,18.910151,1074.895,1.749,1073.088,256,TCGA-A1-A0SH-01Z-00-DX1.90E71B08-E1D9-4FC2-85AC-062E56DDF17C,1
17,steady,18.921808,19.996602,1074.794,1.741,1072.996,256,TCGA-A1-A0SH-01Z-00-DX1.90E71B08-E1D9-4FC2-85AC-062E56DDF17C,1
18,steady,20.008236,21.083093,1074.857,1.749,1073.050,256,TCGA-A1-A0SH-01Z-00-DX1.90E71B08-E1D9-4FC2-85AC-062E56DDF17C,1
19,steady,21.095824,22.171139,1075.315,1.746,1073.512,256,TCGA-A1-A0SH-01Z-00-DX1.90E71B08-E1D9-4FC2-85AC-062E56DDF17C,1
20,steady,22.182796,23.255433,1072.638,1.751,1070.828,256,TCGA-A1-A0SH-01Z-00-DX1.90E71B08-E1D9-4FC2-85AC-062E56DDF17C,1
21,steady,23.267650,24.340441,1072.791,1.752,1070.983,256,TCGA-A1-A0SH-01Z-00-DX1.90E71B08-E1D9-4FC2-85AC-062E56DDF17C,1
22,steady,24.352119,25.426532,1074.413,1.747,1072.611,256,TCGA-A1-A0SH-01Z-00-DX1.90E71B08-E1D9-4FC2-85AC-062E56DDF17C,1
23,steady,25.438303,26.513428,1075.125,1.752,1073.316,256,TCGA-A1-A0SH-01Z-00-DX1.90E71B08-E1D9-4FC2-85AC-062E56DDF17C,1
24,steady,26.524991,27.600047,1075.056,1.751,1073.250,256,TCGA-A1-A0SH-01Z-00-DX1.90E71B08-E1D9-4FC2-85AC-062E56DDF17C,1
25,steady,27.611539,28.687040,1075.501,1.745,1073.699,256,TCGA-A1-A0SH-01Z-00-DX1.90E71B08-E1D9-4FC2-85AC-062E56DDF17C,1
26,steady,28.698992,29.773501,1074.509,1.751,1072.701,256,TCGA-A1-A0SH-01Z-00-DX1.90E71B08-E1D9-4FC2-85AC-062E56DDF17C,1
27,steady,29.785197,30.860314,1075.117,1.745,1073.315,256,TCGA-A1-A0SH-01Z-00-DX1.90E71B08-E1D9-4FC2-85AC-062E56DDF17C,1
28,steady,30.871424,31.946978,1075.555,1.747,1073.752,256,TCGA-A1-A0SH-01Z-00-DX1.90E71B08-E1D9-4FC2-85AC-062E56DDF17C,1
29,steady,31.958602,33.037356,1078.753,1.750,1076.946,256,TCGA-A1-A0SH-01Z-00-DX1.90E71B08-E1D9-4FC2-85AC-062E56DDF17C,1
30,steady,33.049229,34.128922,1079.694,1.745,1077.892,256,TCGA-A1-A0SH-01Z-00-DX1.90E71B08-E1D9-4FC2-85AC-062E56DDF17C,1
31,steady,34.141819,35.222849,1081.030,1.750,1079.224,256,TCGA-A1-A0SH-01Z-00-DX1.90E71B08-E1D9-4FC2-85AC-062E56DDF17C,1
32,steady,35.234641,36.317978,1083.337,1.752,1081.523,256,TCGA-A1-A0SH-01Z-00-DX1.90E71B08-E1D9-4FC2-85AC-062E56DDF17C,1
33,steady,36.329666,37.412322,1082.656,1.752,1080.846,256,TCGA-A1-A0SH-01Z-00-DX1.90E71B08-E1D9-4FC2-85AC-062E56DDF17C,1
34,steady,37.423552,38.505652,1082.100,1.752,1080.294,256,TCGA-A1-A0SH-01Z-00-DX1.90E71B08-E1D9-4FC2-85AC-062E56DDF17C,1
35,steady,38.517270,39.590387,1073.117,1.748,1071.310,256,TCGA-A1-A0SH-01Z-00-DX1.90E71B08-E1D9-4FC2-85AC-062E56DDF17C,1
36,steady,39.598187,40.376444,778.257,1.050,777.157,157,TCGA-A1-A0SH-01Z-00-DX1.90E71B08-E1D9-4FC2-85AC-062E56DDF17C,1
37,steady,40.550603,41.630043,1079.440,1.797,1077.564,256,TCGA-A2-A0EO-01Z-00-DX1.D7A09E23-2CAB-4B3B-814C-BF0BA75B7589,1
38,steady,41.641054,42.720130,1079.076,1.748,1077.272,256,TCGA-A2-A0EO-01Z-00-DX1.D7A09E23-2CAB-4B3B-814C-BF0BA75B7589,1
39,steady,42.731875,43.814074,1082.199,1.756,1080.387,256,TCGA-A2-A0EO-01Z-00-DX1.D7A09E23-2CAB-4B3B-814C-BF0BA75B7589,1
40,steady,43.825562,44.908365,1082.803,1.749,1080.996,256,TCGA-A2-A0EO-01Z-00-DX1.D7A09E23-2CAB-4B3B-814C-BF0BA75B7589,1
41,steady,44.919165,46.002201,1083.036,1.746,1081.235,256,TCGA-A2-A0EO-01Z-00-DX1.D7A09E23-2CAB-4B3B-814C-BF0BA75B7589,1
42,steady,46.014216,47.096746,1082.530,1.754,1080.718,256,TCGA-A2-A0EO-01Z-00-DX1.D7A09E23-2CAB-4B3B-814C-BF0BA75B7589,1
43,steady,47.108063,48.191870,1083.807,1.743,1082.008,256,TCGA-A2-A0EO-01Z-00-DX1.D7A09E23-2CAB-4B3B-814C-BF0BA75B7589,1
44,steady,48.203409,49.288412,1085.003,1.755,1083.191,256,TCGA-A2-A0EO-01Z-00-DX1.D7A09E23-2CAB-4B3B-814C-BF0BA75B7589,1
45,steady,49.300300,50.385753,1085.453,1.761,1083.635,256,TCGA-A2-A0EO-01Z-00-DX1.D7A09E23-2CAB-4B3B-814C-BF0BA75B7589,1
46,steady,50.395931,51.484237,1088.306,1.757,1086.493,256,TCGA-A2-A0EO-01Z-00-DX1.D7A09E23-2CAB-4B3B-814C-BF0BA75B7589,1
47,steady,51.496444,52.586716,1090.272,1.806,1088.372,256,TCGA-A2-A0EO-01Z-00-DX1.D7A09E23-2CAB-4B3B-814C-BF0BA75B7589,1
48,steady,52.598242,53.688275,1090.033,1.756,1088.218,256,TCGA-A2-A0EO-01Z-00-DX1.D7A09E23-2CAB-4B3B-814C-BF0BA75B7589,1
49,steady,53.699682,54.790635,1090.953,1.756,1089.139,256,TCGA-A2-A0EO-01Z-00-DX1.D7A09E23-2CAB-4B3B-814C-BF0BA75B7589,1
50,steady,54.802459,55.899259,1096.799,1.752,1094.988,256,TCGA-A2-A0EO-01Z-00-DX1.D7A09E23-2CAB-4B3B-814C-BF0BA75B7589,1
51,steady,55.910361,57.005352,1094.991,1.748,1093.188,256,TCGA-A2-A0EO-01Z-00-DX1.D7A09E23-2CAB-4B3B-814C-BF0BA75B7589,1
52,steady,57.017091,58.113625,1096.534,1.764,1094.712,256,TCGA-A2-A0EO-01Z-00-DX1.D7A09E23-2CAB-4B3B-814C-BF0BA75B7589,1
53,steady,58.125588,59.225053,1099.466,1.756,1097.656,256,TCGA-A2-A0EO-01Z-00-DX1.D7A09E23-2CAB-4B3B-814C-BF0BA75B7589,1
54,steady,59.236105,60.337023,1100.918,1.747,1099.115,256,TCGA-A2-A0EO-01Z-00-DX1.D7A09E23-2CAB-4B3B-814C-BF0BA75B7589,1
55,steady,60.350484,61.456313,1105.829,1.752,1104.021,256,TCGA-A2-A0EO-01Z-00-DX1.D7A09E23-2CAB-4B3B-814C-BF0BA75B7589,1
56,steady,61.466852,62.570822,1103.970,1.770,1102.139,256,TCGA-A2-A0EO-01Z-00-DX1.D7A09E23-2CAB-4B3B-814C-BF0BA75B7589,1
57,steady,62.584412,63.693786,1109.374,1.744,1107.574,256,TCGA-A2-A0EO-01Z-00-DX1.D7A09E23-2CAB-4B3B-814C-BF0BA75B7589,1
58,steady,63.704717,64.813019,1108.303,1.753,1106.493,256,TCGA-A2-A0EO-01Z-00-DX1.D7A09E23-2CAB-4B3B-814C-BF0BA75B7589,1
59,steady,64.824698,65.933814,1109.116,1.748,1107.312,256,TCGA-A2-A0EO-01Z-00-DX1.D7A09E23-2CAB-4B3B-814C-BF0BA75B7589,1
60,steady,65.945345,67.056130,1110.784,1.760,1108.970,256,TCGA-A2-A0EO-01Z-00-DX1.D7A09E23-2CAB-4B3B-814C-BF0BA75B7589,1
61,steady,67.067615,68.183043,1115.429,1.756,1113.615,256,TCGA-A2-A0EO-01Z-00-DX1.D7A09E23-2CAB-4B3B-814C-BF0BA75B7589,1
62,steady,68.195092,69.308035,1112.943,1.758,1111.132,256,TCGA-A2-A0EO-01Z-00-DX1.D7A09E23-2CAB-4B3B-814C-BF0BA75B7589,1
63,steady,69.319982,70.438266,1118.284,1.753,1116.475,256,TCGA-A2-A0EO-01Z-00-DX1.D7A09E23-2CAB-4B3B-814C-BF0BA75B7589,1
64,steady,70.449628,71.577654,1128.026,1.756,1126.214,256,TCGA-A2-A0EO-01Z-00-DX1.D7A09E23-2CAB-4B3B-814C-BF0BA75B7589,1
65,steady,71.590271,72.725688,1135.417,1.753,1133.611,256,TCGA-A2-A0EO-01Z-00-DX1.D7A09E23-2CAB-4B3B-814C-BF0BA75B7589,1
66,steady,72.736871,73.869408,1132.537,1.756,1130.726,256,TCGA-A2-A0EO-01Z-00-DX1.D7A09E23-2CAB-4B3B-814C-BF0BA75B7589,1
67,steady,73.881149,75.017167,1136.018,1.749,1134.218,256,TCGA-A2-A0EO-01Z-00-DX1.D7A09E23-2CAB-4B3B-814C-BF0BA75B7589,1
68,steady,75.028618,76.163407,1134.789,1.756,1132.981,256,TCGA-A2-A0EO-01Z-00-DX1.D7A09E23-2CAB-4B3B-814C-BF0BA75B7589,1
69,steady,76.174798,77.306262,1131.464,1.757,1129.653,256,TCGA-A2-A0EO-01Z-00-DX1.D7A09E23-2CAB-4B3B-814C-BF0BA75B7589,1
70,steady,77.317766,78.451412,1133.646,1.761,1131.832,256,TCGA-A2-A0EO-01Z-00-DX1.D7A09E23-2CAB-4B3B-814C-BF0BA75B7589,1
71,steady,78.463160,79.590052,1126.893,1.754,1125.089,256,TCGA-A2-A0EO-01Z-00-DX1.D7A09E23-2CAB-4B3B-814C-BF0BA75B7589,1
72,steady,79.601361,80.725018,1123.657,1.749,1121.859,256,TCGA-A2-A0EO-01Z-00-DX1.D7A09E23-2CAB-4B3B-814C-BF0BA75B7589,1
73,steady,80.736352,81.859365,1123.013,1.756,1121.202,256,TCGA-A2-A0EO-01Z-00-DX1.D7A09E23-2CAB-4B3B-814C-BF0BA75B7589,1
74,steady,81.870687,82.978560,1107.873,1.759,1106.061,256,TCGA-A2-A0EO-01Z-00-DX1.D7A09E23-2CAB-4B3B-814C-BF0BA75B7589,1
75,steady,82.990317,84.097517,1107.199,1.750,1105.394,256,TCGA-A2-A0EO-01Z-00-DX1.D7A09E23-2CAB-4B3B-814C-BF0BA75B7589,1
76,steady,84.108472,85.213868,1105.396,1.754,1103.585,256,TCGA-A2-A0EO-01Z-00-DX1.D7A09E23-2CAB-4B3B-814C-BF0BA75B7589,1
77,steady,85.225566,86.331187,1105.622,1.758,1103.807,256,TCGA-A2-A0EO-01Z-00-DX1.D7A09E23-2CAB-4B3B-814C-BF0BA75B7589,1
78,steady,86.342915,87.448640,1105.725,1.751,1103.918,256,TCGA-A2-A0EO-01Z-00-DX1.D7A09E23-2CAB-4B3B-814C-BF0BA75B7589,1
79,steady,87.460095,88.561078,1100.982,1.746,1099.184,256,TCGA-A2-A0EO-01Z-00-DX1.D7A09E23-2CAB-4B3B-814C-BF0BA75B7589,1
80,steady,88.573062,89.670890,1097.828,1.761,1096.015,256,TCGA-A2-A0EO-01Z-00-DX1.D7A09E23-2CAB-4B3B-814C-BF0BA75B7589,1
81,steady,89.682275,90.783052,1100.776,1.756,1098.971,256,TCGA-A2-A0EO-01Z-00-DX1.D7A09E23-2CAB-4B3B-814C-BF0BA75B7589,1
82,steady,90.941990,92.040099,1098.109,1.790,1096.245,256,TCGA-A2-A0ER-01Z-00-DX1.18123C1B-A0CC-4957-9373-5FFAB985C2E8,1
83,steady,92.051902,93.152012,1100.110,1.750,1098.309,256,TCGA-A2-A0ER-01Z-00-DX1.18123C1B-A0CC-4957-9373-5FFAB985C2E8,1
84,steady,93.163682,94.264819,1101.137,1.759,1099.328,256,TCGA-A2-A0ER-01Z-00-DX1.18123C1B-A0CC-4957-9373-5FFAB985C2E8,1
85,steady,94.276972,95.377726,1100.754,1.754,1098.947,256,TCGA-A2-A0ER-01Z-00-DX1.18123C1B-A0CC-4957-9373-5FFAB985C2E8,1
86,steady,95.389305,96.489896,1100.591,1.752,1098.784,256,TCGA-A2-A0ER-01Z-00-DX1.18123C1B-A0CC-4957-9373-5FFAB985C2E8,1
87,steady,96.501744,97.602405,1100.661,1.750,1098.852,256,TCGA-A2-A0ER-01Z-00-DX1.18123C1B-A0CC-4957-9373-5FFAB985C2E8,1
88,steady,97.614063,98.714134,1100.071,1.762,1098.256,256,TCGA-A2-A0ER-01Z-00-DX1.18123C1B-A0CC-4957-9373-5FFAB985C2E8,1
89,steady,98.725823,99.824401,1098.577,1.756,1096.763,256,TCGA-A2-A0ER-01Z-00-DX1.18123C1B-A0CC-4957-9373-5FFAB985C2E8,1
90,steady,99.836394,100.935281,1098.886,1.759,1097.073,256,TCGA-A2-A0ER-01Z-00-DX1.18123C1B-A0CC-4957-9373-5FFAB985C2E8,1
91,steady,100.947054,102.044793,1097.740,1.751,1095.931,256,TCGA-A2-A0ER-01Z-00-DX1.18123C1B-A0CC-4957-9373-5FFAB985C2E8,1
92,steady,102.056405,103.153513,1097.109,1.760,1095.289,256,TCGA-A2-A0ER-01Z-00-DX1.18123C1B-A0CC-4957-9373-5FFAB985C2E8,1
93,steady,103.165583,104.263138,1097.555,1.758,1095.741,256,TCGA-A2-A0ER-01Z-00-DX1.18123C1B-A0CC-4957-9373-5FFAB985C2E8,1
94,steady,104.274950,105.372535,1097.585,1.754,1095.775,256,TCGA-A2-A0ER-01Z-00-DX1.18123C1B-A0CC-4957-9373-5FFAB985C2E8,1
95,steady,105.388518,106.486306,1097.788,1.747,1095.982,256,TCGA-A2-A0ER-01Z-00-DX1.18123C1B-A0CC-4957-9373-5FFAB985C2E8,1
96,steady,106.498162,107.595200,1097.038,1.751,1095.230,256,TCGA-A2-A0ER-01Z-00-DX1.18123C1B-A0CC-4957-9373-5FFAB985C2E8,1
97,steady,107.606748,108.703200,1096.453,1.746,1094.653,256,TCGA-A2-A0ER-01Z-00-DX1.18123C1B-A0CC-4957-9373-5FFAB985C2E8,1
98,steady,108.714719,109.811325,1096.606,1.751,1094.798,256,TCGA-A2-A0ER-01Z-00-DX1.18123C1B-A0CC-4957-9373-5FFAB985C2E8,1
99,steady,109.822876,110.918419,1095.542,1.753,1093.730,256,TCGA-A2-A0ER-01Z-00-DX1.18123C1B-A0CC-4957-9373-5FFAB985C2E8,1
100,steady,110.929800,112.026653,1096.854,1.757,1095.038,256,TCGA-A2-A0ER-01Z-00-DX1.18123C1B-A0CC-4957-9373-5FFAB985C2E8,1
101,steady,112.038785,113.137578,1098.793,1.761,1096.972,256,TCGA-A2-A0ER-01Z-00-DX1.18123C1B-A0CC-4957-9373-5FFAB985C2E8,1
102,steady,113.149597,114.248152,1098.555,1.758,1096.740,256,TCGA-A2-A0ER-01Z-00-DX1.18123C1B-A0CC-4957-9373-5FFAB985C2E8,1
103,steady,114.259984,115.355171,1095.187,1.761,1093.366,256,TCGA-A2-A0ER-01Z-00-DX1.18123C1B-A0CC-4957-9373-5FFAB985C2E8,1
104,steady,115.366955,116.463236,1096.281,1.761,1094.457,256,TCGA-A2-A0ER-01Z-00-DX1.18123C1B-A0CC-4957-9373-5FFAB985C2E8,1
105,steady,116.475052,117.572249,1097.197,1.750,1095.389,256,TCGA-A2-A0ER-01Z-00-DX1.18123C1B-A0CC-4957-9373-5FFAB985C2E8,1
106,steady,117.584091,118.679912,1095.821,1.756,1094.006,256,TCGA-A2-A0ER-01Z-00-DX1.18123C1B-A0CC-4957-9373-5FFAB985C2E8,1
107,steady,118.691916,119.787391,1095.475,1.748,1093.671,256,TCGA-A2-A0ER-01Z-00-DX1.18123C1B-A0CC-4957-9373-5FFAB985C2E8,1
108,steady,119.798832,120.893478,1094.646,1.755,1092.824,256,TCGA-A2-A0ER-01Z-00-DX1.18123C1B-A0CC-4957-9373-5FFAB985C2E8,1
109,steady,120.905262,122.000818,1095.555,1.756,1093.740,256,TCGA-A2-A0ER-01Z-00-DX1.18123C1B-A0CC-4957-9373-5FFAB985C2E8,1
110,steady,122.012152,123.108870,1096.718,1.761,1094.900,256,TCGA-A2-A0ER-01Z-00-DX1.18123C1B-A0CC-4957-9373-5FFAB985C2E8,1
111,steady,123.120602,124.216650,1096.048,1.763,1094.220,256,TCGA-A2-A0ER-01Z-00-DX1.18123C1B-A0CC-4957-9373-5FFAB985C2E8,1
112,steady,124.228538,125.324270,1095.732,1.758,1093.914,256,TCGA-A2-A0ER-01Z-00-DX1.18123C1B-A0CC-4957-9373-5FFAB985C2E8,1
113,steady,125.327747,125.631540,303.793,0.155,303.595,53,TCGA-A2-A0ER-01Z-00-DX1.18123C1B-A0CC-4957-9373-5FFAB985C2E8,1
114,steady,125.888013,126.979678,1091.665,1.805,1089.771,256,TCGA-A2-A0EY-01Z-00-DX1.2F2428B3-0767-48E0-AC22-443C244CBD16,1
115,steady,126.992004,128.089032,1097.028,1.772,1095.189,256,TCGA-A2-A0EY-01Z-00-DX1.2F2428B3-0767-48E0-AC22-443C244CBD16,1
116,steady,128.100955,129.195643,1094.688,1.760,1092.870,256,TCGA-A2-A0EY-01Z-00-DX1.2F2428B3-0767-48E0-AC22-443C244CBD16,1
117,steady,129.207328,130.303596,1096.268,1.762,1094.448,256,TCGA-A2-A0EY-01Z-00-DX1.2F2428B3-0767-48E0-AC22-443C244CBD16,1
118,steady,130.315183,131.410636,1095.454,1.769,1093.627,256,TCGA-A2-A0EY-01Z-00-DX1.2F2428B3-0767-48E0-AC22-443C244CBD16,1
119,steady,131.422268,132.519161,1096.893,1.760,1095.074,256,TCGA-A2-A0EY-01Z-00-DX1.2F2428B3-0767-48E0-AC22-443C244CBD16,1
120,steady,132.530765,133.628843,1098.078,1.752,1096.268,256,TCGA-A2-A0EY-01Z-00-DX1.2F2428B3-0767-48E0-AC22-443C244CBD16,1
121,steady,133.640865,134.738896,1098.030,1.756,1096.214,256,TCGA-A2-A0EY-01Z-00-DX1.2F2428B3-0767-48E0-AC22-443C244CBD16,1
122,steady,134.750840,135.848774,1097.934,1.754,1096.113,256,TCGA-A2-A0EY-01Z-00-DX1.2F2428B3-0767-48E0-AC22-443C244CBD16,1
123,steady,135.860448,136.959132,1098.684,1.761,1096.864,256,TCGA-A2-A0EY-01Z-00-DX1.2F2428B3-0767-48E0-AC22-443C244CBD16,1
124,steady,136.970790,138.069126,1098.336,1.775,1096.504,256,TCGA-A2-A0EY-01Z-00-DX1.2F2428B3-0767-48E0-AC22-443C244CBD16,1
125,steady,138.080988,139.180345,1099.357,1.757,1097.541,256,TCGA-A2-A0EY-01Z-00-DX1.2F2428B3-0767-48E0-AC22-443C244CBD16,1
126,steady,139.192634,140.290829,1098.195,1.756,1096.381,256,TCGA-A2-A0EY-01Z-00-DX1.2F2428B3-0767-48E0-AC22-443C244CBD16,1
127,steady,140.302341,141.401712,1099.370,1.754,1097.559,256,TCGA-A2-A0EY-01Z-00-DX1.2F2428B3-0767-48E0-AC22-443C244CBD16,1
128,steady,141.413449,142.512253,1098.804,1.749,1096.997,256,TCGA-A2-A0EY-01Z-00-DX1.2F2428B3-0767-48E0-AC22-443C244CBD16,1
129,steady,142.523995,143.623693,1099.699,1.762,1097.876,256,TCGA-A2-A0EY-01Z-00-DX1.2F2428B3-0767-48E0-AC22-443C244CBD16,1
130,steady,143.635656,144.735578,1099.921,1.752,1098.110,256,TCGA-A2-A0EY-01Z-00-DX1.2F2428B3-0767-48E0-AC22-443C244CBD16,1
131,steady,144.747368,145.848393,1101.024,1.763,1099.203,256,TCGA-A2-A0EY-01Z-00-DX1.2F2428B3-0767-48E0-AC22-443C244CBD16,1
132,steady,145.859827,146.961322,1101.494,1.760,1099.676,256,TCGA-A2-A0EY-01Z-00-DX1.2F2428B3-0767-48E0-AC22-443C244CBD16,1
133,steady,146.973095,148.074652,1101.557,1.761,1099.737,256,TCGA-A2-A0EY-01Z-00-DX1.2F2428B3-0767-48E0-AC22-443C244CBD16,1
134,steady,148.086275,149.189184,1102.909,1.748,1101.103,256,TCGA-A2-A0EY-01Z-00-DX1.2F2428B3-0767-48E0-AC22-443C244CBD16,1
135,steady,149.200758,150.303841,1103.084,1.747,1101.278,256,TCGA-A2-A0EY-01Z-00-DX1.2F2428B3-0767-48E0-AC22-443C244CBD16,1
136,steady,150.316055,151.419107,1103.053,1.755,1101.239,256,TCGA-A2-A0EY-01Z-00-DX1.2F2428B3-0767-48E0-AC22-443C244CBD16,1
137,steady,151.430818,152.533675,1102.857,1.762,1101.017,256,TCGA-A2-A0EY-01Z-00-DX1.2F2428B3-0767-48E0-AC22-443C244CBD16,1
138,steady,152.545589,153.648968,1103.379,1.762,1101.556,256,TCGA-A2-A0EY-01Z-00-DX1.2F2428B3-0767-48E0-AC22-443C244CBD16,1
139,steady,153.660254,154.764827,1104.572,1.759,1102.752,256,TCGA-A2-A0EY-01Z-00-DX1.2F2428B3-0767-48E0-AC22-443C244CBD16,1
140,steady,154.776361,155.882012,1105.651,1.757,1103.832,256,TCGA-A2-A0EY-01Z-00-DX1.2F2428B3-0767-48E0-AC22-443C244CBD16,1
141,steady,155.893440,156.998913,1105.473,1.759,1103.657,256,TCGA-A2-A0EY-01Z-00-DX1.2F2428B3-0767-48E0-AC22-443C244CBD16,1
142,steady,157.010392,158.114926,1104.534,1.750,1102.727,256,TCGA-A2-A0EY-01Z-00-DX1.2F2428B3-0767-48E0-AC22-443C244CBD16,1
143,steady,158.126495,159.232396,1105.901,1.765,1104.075,256,TCGA-A2-A0EY-01Z-00-DX1.2F2428B3-0767-48E0-AC22-443C244CBD16,1
144,steady,159.244080,160.350422,1106.342,1.756,1104.527,256,TCGA-A2-A0EY-01Z-00-DX1.2F2428B3-0767-48E0-AC22-443C244CBD16,1
145,steady,160.361993,161.469752,1107.758,1.766,1105.934,256,TCGA-A2-A0EY-01Z-00-DX1.2F2428B3-0767-48E0-AC22-443C244CBD16,1
146,steady,161.481830,162.590438,1108.607,1.756,1106.789,256,TCGA-A2-A0EY-01Z-00-DX1.2F2428B3-0767-48E0-AC22-443C244CBD16,1
147,steady,162.601980,163.711361,1109.381,1.767,1107.546,256,TCGA-A2-A0EY-01Z-00-DX1.2F2428B3-0767-48E0-AC22-443C244CBD16,1
148,steady,163.723190,164.832552,1109.362,1.782,1107.501,256,TCGA-A2-A0EY-01Z-00-DX1.2F2428B3-0767-48E0-AC22-443C244CBD16,1
149,steady,164.846195,165.956584,1110.389,1.766,1108.558,256,TCGA-A2-A0EY-01Z-00-DX1.2F2428B3-0767-48E0-AC22-443C244CBD16,1
150,steady,165.968219,167.079485,1111.266,1.766,1109.438,256,TCGA-A2-A0EY-01Z-00-DX1.2F2428B3-0767-48E0-AC22-443C244CBD16,1
151,steady,167.091113,168.203476,1112.363,1.750,1110.556,256,TCGA-A2-A0EY-01Z-00-DX1.2F2428B3-0767-48E0-AC22-443C244CBD16,1
152,steady,168.215067,169.328406,1113.339,1.759,1111.514,256,TCGA-A2-A0EY-01Z-00-DX1.2F2428B3-0767-48E0-AC22-443C244CBD16,1
153,steady,169.342711,170.456937,1114.225,1.758,1112.410,256,TCGA-A2-A0EY-01Z-00-DX1.2F2428B3-0767-48E0-AC22-443C244CBD16,1
154,steady,170.468638,171.583176,1114.538,1.761,1112.711,256,TCGA-A2-A0EY-01Z-00-DX1.2F2428B3-0767-48E0-AC22-443C244CBD16,1
155,steady,171.595028,172.711564,1116.536,1.764,1114.713,256,TCGA-A2-A0EY-01Z-00-DX1.2F2428B3-0767-48E0-AC22-443C244CBD16,1
156,steady,172.723384,173.840176,1116.792,1.760,1114.975,256,TCGA-A2-A0EY-01Z-00-DX1.2F2428B3-0767-48E0-AC22-443C244CBD16,1
157,steady,173.851839,174.971294,1119.454,1.762,1117.629,256,TCGA-A2-A0EY-01Z-00-DX1.2F2428B3-0767-48E0-AC22-443C244CBD16,1
158,steady,174.982735,176.102157,1119.423,1.745,1117.618,256,TCGA-A2-A0EY-01Z-00-DX1.2F2428B3-0767-48E0-AC22-443C244CBD16,1
159,steady,176.113804,177.234474,1120.670,1.764,1118.847,256,TCGA-A2-A0EY-01Z-00-DX1.2F2428B3-0767-48E0-AC22-443C244CBD16,1
160,steady,177.246004,178.366798,1120.793,1.752,1118.983,256,TCGA-A2-A0EY-01Z-00-DX1.2F2428B3-0767-48E0-AC22-443C244CBD16,1
161,steady,178.378673,179.500339,1121.665,1.761,1119.844,256,TCGA-A2-A0EY-01Z-00-DX1.2F2428B3-0767-48E0-AC22-443C244CBD16,1
162,steady,179.511850,180.634399,1122.548,1.751,1120.737,256,TCGA-A2-A0EY-01Z-00-DX1.2F2428B3-0767-48E0-AC22-443C244CBD16,1
163,steady,180.646044,181.769587,1123.543,1.756,1121.731,256,TCGA-A2-A0EY-01Z-00-DX1.2F2428B3-0767-48E0-AC22-443C244CBD16,1
164,steady,181.781085,182.902707,1121.622,1.757,1119.800,256,TCGA-A2-A0EY-01Z-00-DX1.2F2428B3-0767-48E0-AC22-443C244CBD16,1
165,steady,182.914250,184.035153,1120.904,1.756,1119.091,256,TCGA-A2-A0EY-01Z-00-DX1.2F2428B3-0767-48E0-AC22-443C244CBD16,1
166,steady,184.047234,185.167746,1120.512,1.752,1118.703,256,TCGA-A2-A0EY-01Z-00-DX1.2F2428B3-0767-48E0-AC22-443C244CBD16,1
167,steady,185.179434,186.296586,1117.152,1.761,1115.333,256,TCGA-A2-A0EY-01Z-00-DX1.2F2428B3-0767-48E0-AC22-443C244CBD16,1
168,steady,186.308369,187.425184,1116.815,1.753,1115.002,256,TCGA-A2-A0EY-01Z-00-DX1.2F2428B3-0767-48E0-AC22-443C244CBD16,1
169,steady,187.436545,188.551875,1115.330,1.758,1113.513,256,TCGA-A2-A0EY-01Z-00-DX1.2F2428B3-0767-48E0-AC22-443C244CBD16,1
170,steady,188.563372,189.678258,1114.886,1.752,1113.076,256,TCGA-A2-A0EY-01Z-00-DX1.2F2428B3-0767-48E0-AC22-443C244CBD16,1
171,steady,189.689666,190.804273,1114.607,1.751,1112.797,256,TCGA-A2-A0EY-01Z-00-DX1.2F2428B3-0767-48E0-AC22-443C244CBD16,1
172,steady,190.815818,191.929537,1113.720,1.756,1111.903,256,TCGA-A2-A0EY-01Z-00-DX1.2F2428B3-0767-48E0-AC22-443C244CBD16,1
173,steady,191.941083,193.052745,1111.662,1.772,1109.823,256,TCGA-A2-A0EY-01Z-00-DX1.2F2428B3-0767-48E0-AC22-443C244CBD16,1
174,steady,193.064140,194.177390,1113.250,1.751,1111.444,256,TCGA-A2-A0EY-01Z-00-DX1.2F2428B3-0767-48E0-AC22-443C244CBD16,1
175,steady,194.188815,195.300417,1111.603,1.769,1109.773,256,TCGA-A2-A0EY-01Z-00-DX1.2F2428B3-0767-48E0-AC22-443C244CBD16,1
176,steady,195.312301,196.422682,1110.381,1.763,1108.563,256,TCGA-A2-A0EY-01Z-00-DX1.2F2428B3-0767-48E0-AC22-443C244CBD16,1
177,steady,196.434221,197.543554,1109.333,1.759,1107.518,256,TCGA-A2-A0EY-01Z-00-DX1.2F2428B3-0767-48E0-AC22-443C244CBD16,1
178,steady,197.554912,198.664015,1109.103,1.752,1107.295,256,TCGA-A2-A0EY-01Z-00-DX1.2F2428B3-0767-48E0-AC22-443C244CBD16,1
179,steady,198.675451,199.783539,1108.088,1.753,1106.278,256,TCGA-A2-A0EY-01Z-00-DX1.2F2428B3-0767-48E0-AC22-443C244CBD16,1
180,steady,199.795071,200.902937,1107.867,1.746,1106.065,256,TCGA-A2-A0EY-01Z-00-DX1.2F2428B3-0767-48E0-AC22-443C244CBD16,1
181,steady,200.916365,202.023235,1106.870,1.754,1105.058,256,TCGA-A2-A0EY-01Z-00-DX1.2F2428B3-0767-48E0-AC22-443C244CBD16,1
182,steady,202.034740,203.141559,1106.819,1.758,1104.999,256,TCGA-A2-A0EY-01Z-00-DX1.2F2428B3-0767-48E0-AC22-443C244CBD16,1
183,steady,203.153078,204.258262,1105.185,1.760,1103.360,256,TCGA-A2-A0EY-01Z-00-DX1.2F2428B3-0767-48E0-AC22-443C244CBD16,1
184,steady,204.269604,205.375060,1105.456,1.748,1103.650,256,TCGA-A2-A0EY-01Z-00-DX1.2F2428B3-0767-48E0-AC22-443C244CBD16,1
185,steady,205.387087,206.495305,1108.219,1.768,1106.390,256,TCGA-A2-A0EY-01Z-00-DX1.2F2428B3-0767-48E0-AC22-443C244CBD16,1
186,steady,206.526347,207.629891,1103.544,1.757,1101.727,256,TCGA-A2-A0EY-01Z-00-DX1.2F2428B3-0767-48E0-AC22-443C244CBD16,1
187,steady,207.641553,208.746968,1105.415,1.758,1103.599,256,TCGA-A2-A0EY-01Z-00-DX1.2F2428B3-0767-48E0-AC22-443C244CBD16,1
188,steady,208.758506,209.864001,1105.495,1.754,1103.682,256,TCGA-A2-A0EY-01Z-00-DX1.2F2428B3-0767-48E0-AC22-443C244CBD16,1
189,steady,209.875577,210.980080,1104.503,1.761,1102.676,256,TCGA-A2-A0EY-01Z-00-DX1.2F2428B3-0767-48E0-AC22-443C244CBD16,1
190,steady,210.991768,212.095866,1104.098,1.750,1102.289,256,TCGA-A2-A0EY-01Z-00-DX1.2F2428B3-0767-48E0-AC22-443C244CBD16,1
191,steady,212.109171,213.212752,1103.581,1.765,1101.751,256,TCGA-A2-A0EY-01Z-00-DX1.2F2428B3-0767-48E0-AC22-443C244CBD16,1
192,steady,213.224461,214.329794,1105.333,1.785,1103.489,256,TCGA-A2-A0EY-01Z-00-DX1.2F2428B3-0767-48E0-AC22-443C244CBD16,1
193,steady,214.341298,215.445853,1104.556,1.750,1102.748,256,TCGA-A2-A0EY-01Z-00-DX1.2F2428B3-0767-48E0-AC22-443C244CBD16,1
194,steady,215.457492,216.562774,1105.282,1.760,1103.462,256,TCGA-A2-A0EY-01Z-00-DX1.2F2428B3-0767-48E0-AC22-443C244CBD16,1
195,steady,216.574631,217.679195,1104.565,1.755,1102.751,256,TCGA-A2-A0EY-01Z-00-DX1.2F2428B3-0767-48E0-AC22-443C244CBD16,1
196,steady,217.690759,218.795558,1104.799,1.763,1102.973,256,TCGA-A2-A0EY-01Z-00-DX1.2F2428B3-0767-48E0-AC22-443C244CBD16,1
197,steady,218.807204,219.910775,1103.571,1.765,1101.744,256,TCGA-A2-A0EY-01Z-00-DX1.2F2428B3-0767-48E0-AC22-443C244CBD16,1
198,steady,219.922168,221.027155,1104.987,1.756,1103.164,256,TCGA-A2-A0EY-01Z-00-DX1.2F2428B3-0767-48E0-AC22-443C244CBD16,1
199,steady,221.039420,222.144024,1104.604,1.763,1102.781,256,TCGA-A2-A0EY-01Z-00-DX1.2F2428B3-0767-48E0-AC22-443C244CBD16,1
200,steady,222.155538,223.260870,1105.333,1.760,1103.504,256,TCGA-A2-A0EY-01Z-00-DX1.2F2428B3-0767-48E0-AC22-443C244CBD16,1
201,steady,223.272834,224.376728,1103.894,1.760,1102.075,256,TCGA-A2-A0EY-01Z-00-DX1.2F2428B3-0767-48E0-AC22-443C244CBD16,1
202,steady,224.388434,225.493158,1104.725,1.803,1102.830,256,TCGA-A2-A0EY-01Z-00-DX1.2F2428B3-0767-48E0-AC22-443C244CBD16,1
203,steady,225.504583,226.608134,1103.551,1.758,1101.734,256,TCGA-A2-A0EY-01Z-00-DX1.2F2428B3-0767-48E0-AC22-443C244CBD16,1
204,steady,226.619751,227.724390,1104.640,1.761,1102.821,256,TCGA-A2-A0EY-01Z-00-DX1.2F2428B3-0767-48E0-AC22-443C244CBD16,1
205,steady,227.738014,228.842827,1104.813,1.755,1102.999,256,TCGA-A2-A0EY-01Z-00-DX1.2F2428B3-0767-48E0-AC22-443C244CBD16,1
206,steady,228.854445,229.960656,1106.211,1.780,1104.375,256,TCGA-A2-A0EY-01Z-00-DX1.2F2428B3-0767-48E0-AC22-443C244CBD16,1
207,steady,229.972108,231.077593,1105.485,1.758,1103.669,256,TCGA-A2-A0EY-01Z-00-DX1.2F2428B3-0767-48E0-AC22-443C244CBD16,1
208,steady,231.089606,232.194700,1105.095,1.751,1103.288,256,TCGA-A2-A0EY-01Z-00-DX1.2F2428B3-0767-48E0-AC22-443C244CBD16,1
209,steady,232.206592,233.311967,1105.374,1.754,1103.564,256,TCGA-A2-A0EY-01Z-00-DX1.2F2428B3-0767-48E0-AC22-443C244CBD16,1
210,steady,233.323472,234.428755,1105.283,1.754,1103.476,256,TCGA-A2-A0EY-01Z-00-DX1.2F2428B3-0767-48E0-AC22-443C244CBD16,1
211,steady,234.440467,235.547506,1107.038,1.758,1105.226,256,TCGA-A2-A0EY-01Z-00-DX1.2F2428B3-0767-48E0-AC22-443C244CBD16,1
212,steady,235.559180,236.665996,1106.816,1.753,1105.010,256,TCGA-A2-A0EY-01Z-00-DX1.2F2428B3-0767-48E0-AC22-443C244CBD16,1
213,steady,236.677423,237.783656,1106.233,1.758,1104.419,256,TCGA-A2-A0EY-01Z-00-DX1.2F2428B3-0767-48E0-AC22-443C244CBD16,1
214,steady,237.795119,238.903065,1107.947,1.753,1106.138,256,TCGA-A2-A0EY-01Z-00-DX1.2F2428B3-0767-48E0-AC22-443C244CBD16,1
215,steady,238.914801,240.022695,1107.894,1.762,1106.074,256,TCGA-A2-A0EY-01Z-00-DX1.2F2428B3-0767-48E0-AC22-443C244CBD16,1
216,steady,240.034450,241.142601,1108.152,1.780,1106.315,256,TCGA-A2-A0EY-01Z-00-DX1.2F2428B3-0767-48E0-AC22-443C244CBD16,1
217,steady,241.154004,242.263098,1109.095,1.766,1107.271,256,TCGA-A2-A0EY-01Z-00-DX1.2F2428B3-0767-48E0-AC22-443C244CBD16,1
218,steady,242.555721,243.651437,1095.715,1.803,1093.828,256,TCGA-A2-A0SW-01Z-00-DX1.E1EA0407-B831-4D75-826E-80B82B821797,1
219,steady,243.663070,244.766410,1103.341,1.754,1101.529,256,TCGA-A2-A0SW-01Z-00-DX1.E1EA0407-B831-4D75-826E-80B82B821797,1
220,steady,244.777730,245.890821,1113.091,1.764,1111.268,256,TCGA-A2-A0SW-01Z-00-DX1.E1EA0407-B831-4D75-826E-80B82B821797,1
221,steady,245.902339,247.013433,1111.095,1.758,1109.279,256,TCGA-A2-A0SW-01Z-00-DX1.E1EA0407-B831-4D75-826E-80B82B821797,1
222,steady,247.024850,248.137271,1112.421,1.761,1110.602,256,TCGA-A2-A0SW-01Z-00-DX1.E1EA0407-B831-4D75-826E-80B82B821797,1
223,steady,248.148487,249.260518,1112.031,1.763,1110.208,256,TCGA-A2-A0SW-01Z-00-DX1.E1EA0407-B831-4D75-826E-80B82B821797,1
224,steady,249.272177,250.386258,1114.081,1.761,1112.263,256,TCGA-A2-A0SW-01Z-00-DX1.E1EA0407-B831-4D75-826E-80B82B821797,1
225,steady,250.397790,251.512257,1114.467,1.751,1112.660,256,TCGA-A2-A0SW-01Z-00-DX1.E1EA0407-B831-4D75-826E-80B82B821797,1
226,steady,251.523779,252.639249,1115.470,1.755,1113.659,256,TCGA-A2-A0SW-01Z-00-DX1.E1EA0407-B831-4D75-826E-80B82B821797,1
227,steady,252.650701,253.766883,1116.182,1.755,1114.368,256,TCGA-A2-A0SW-01Z-00-DX1.E1EA0407-B831-4D75-826E-80B82B821797,1
228,steady,253.778300,254.895004,1116.704,1.754,1114.892,256,TCGA-A2-A0SW-01Z-00-DX1.E1EA0407-B831-4D75-826E-80B82B821797,1
229,steady,254.906246,256.023761,1117.516,1.762,1115.694,256,TCGA-A2-A0SW-01Z-00-DX1.E1EA0407-B831-4D75-826E-80B82B821797,1
230,steady,256.035557,257.153988,1118.431,1.761,1116.612,256,TCGA-A2-A0SW-01Z-00-DX1.E1EA0407-B831-4D75-826E-80B82B821797,1
231,steady,257.165817,258.285337,1119.519,1.757,1117.709,256,TCGA-A2-A0SW-01Z-00-DX1.E1EA0407-B831-4D75-826E-80B82B821797,1
232,steady,258.296802,259.417807,1121.005,1.774,1119.172,256,TCGA-A2-A0SW-01Z-00-DX1.E1EA0407-B831-4D75-826E-80B82B821797,1
233,steady,259.429058,260.550932,1121.874,1.748,1120.073,256,TCGA-A2-A0SW-01Z-00-DX1.E1EA0407-B831-4D75-826E-80B82B821797,1
234,steady,260.562844,261.685763,1122.919,1.765,1121.085,256,TCGA-A2-A0SW-01Z-00-DX1.E1EA0407-B831-4D75-826E-80B82B821797,1
235,steady,261.697269,262.820694,1123.425,1.760,1121.606,256,TCGA-A2-A0SW-01Z-00-DX1.E1EA0407-B831-4D75-826E-80B82B821797,1
236,steady,262.831856,263.957400,1125.543,1.755,1123.734,256,TCGA-A2-A0SW-01Z-00-DX1.E1EA0407-B831-4D75-826E-80B82B821797,1
237,steady,263.968966,265.093749,1124.784,1.755,1122.971,256,TCGA-A2-A0SW-01Z-00-DX1.E1EA0407-B831-4D75-826E-80B82B821797,1
238,steady,265.105096,266.229606,1124.510,1.760,1122.694,256,TCGA-A2-A0SW-01Z-00-DX1.E1EA0407-B831-4D75-826E-80B82B821797,1
239,steady,266.241205,267.364684,1123.479,1.752,1121.669,256,TCGA-A2-A0SW-01Z-00-DX1.E1EA0407-B831-4D75-826E-80B82B821797,1
240,steady,267.376404,268.498875,1122.471,1.762,1120.652,256,TCGA-A2-A0SW-01Z-00-DX1.E1EA0407-B831-4D75-826E-80B82B821797,1
241,steady,268.510241,269.630360,1120.119,1.757,1118.306,256,TCGA-A2-A0SW-01Z-00-DX1.E1EA0407-B831-4D75-826E-80B82B821797,1
242,steady,269.641679,270.759031,1117.352,1.763,1115.534,256,TCGA-A2-A0SW-01Z-00-DX1.E1EA0407-B831-4D75-826E-80B82B821797,1
243,steady,270.770425,271.887137,1116.712,1.754,1114.906,256,TCGA-A2-A0SW-01Z-00-DX1.E1EA0407-B831-4D75-826E-80B82B821797,1
244,steady,271.902500,273.018566,1116.065,1.773,1114.237,256,TCGA-A2-A0SW-01Z-00-DX1.E1EA0407-B831-4D75-826E-80B82B821797,1
245,steady,273.030034,274.143052,1113.019,1.756,1111.210,256,TCGA-A2-A0SW-01Z-00-DX1.E1EA0407-B831-4D75-826E-80B82B821797,1
246,steady,274.154604,275.267553,1112.949,1.757,1111.137,256,TCGA-A2-A0SW-01Z-00-DX1.E1EA0407-B831-4D75-826E-80B82B821797,1
247,steady,275.278941,276.391136,1112.195,1.755,1110.385,256,TCGA-A2-A0SW-01Z-00-DX1.E1EA0407-B831-4D75-826E-80B82B821797,1
248,steady,276.402393,277.513530,1111.136,1.755,1109.328,256,TCGA-A2-A0SW-01Z-00-DX1.E1EA0407-B831-4D75-826E-80B82B821797,1
249,steady,277.524926,278.634788,1109.862,1.749,1108.057,256,TCGA-A2-A0SW-01Z-00-DX1.E1EA0407-B831-4D75-826E-80B82B821797,1
250,steady,278.646273,279.754174,1107.901,1.760,1106.088,256,TCGA-A2-A0SW-01Z-00-DX1.E1EA0407-B831-4D75-826E-80B82B821797,1
251,steady,279.765859,280.873086,1107.227,1.746,1105.427,256,TCGA-A2-A0SW-01Z-00-DX1.E1EA0407-B831-4D75-826E-80B82B821797,1
252,steady,280.884757,281.990761,1106.004,1.756,1104.195,256,TCGA-A2-A0SW-01Z-00-DX1.E1EA0407-B831-4D75-826E-80B82B821797,1
253,steady,282.002304,283.106642,1104.339,1.758,1102.523,256,TCGA-A2-A0SW-01Z-00-DX1.E1EA0407-B831-4D75-826E-80B82B821797,1
254,steady,283.117935,284.222082,1104.147,1.772,1102.318,256,TCGA-A2-A0SW-01Z-00-DX1.E1EA0407-B831-4D75-826E-80B82B821797,1
255,steady,284.233490,285.336267,1102.777,1.753,1100.968,256,TCGA-A2-A0SW-01Z-00-DX1.E1EA0407-B831-4D75-826E-80B82B821797,1
256,steady,285.347985,286.449481,1101.496,1.770,1099.670,256,TCGA-A2-A0SW-01Z-00-DX1.E1EA0407-B831-4D75-826E-80B82B821797,1
257,steady,286.461047,287.562906,1101.859,1.752,1100.055,256,TCGA-A2-A0SW-01Z-00-DX1.E1EA0407-B831-4D75-826E-80B82B821797,1
258,steady,287.575150,288.677020,1101.870,1.760,1100.055,256,TCGA-A2-A0SW-01Z-00-DX1.E1EA0407-B831-4D75-826E-80B82B821797,1
259,steady,288.689020,289.788277,1099.257,1.748,1097.455,256,TCGA-A2-A0SW-01Z-00-DX1.E1EA0407-B831-4D75-826E-80B82B821797,1
260,steady,289.799652,290.899849,1100.197,1.762,1098.374,256,TCGA-A2-A0SW-01Z-00-DX1.E1EA0407-B831-4D75-826E-80B82B821797,1
261,steady,290.907222,291.698618,791.396,1.027,790.315,153,TCGA-A2-A0SW-01Z-00-DX1.E1EA0407-B831-4D75-826E-80B82B821797,1
262,steady,291.925146,293.019995,1094.849,1.796,1092.972,256,TCGA-A2-A1FV-01Z-00-DX1.F70ACD9A-7819-4296-BD28-4D24BBA8AFF4,1
263,steady,293.031687,294.129690,1098.003,1.755,1096.190,256,TCGA-A2-A1FV-01Z-00-DX1.F70ACD9A-7819-4296-BD28-4D24BBA8AFF4,1
264,steady,294.141190,295.239174,1097.985,1.753,1096.174,256,TCGA-A2-A1FV-01Z-00-DX1.F70ACD9A-7819-4296-BD28-4D24BBA8AFF4,1
265,steady,295.251048,296.347902,1096.854,1.758,1095.039,256,TCGA-A2-A1FV-01Z-00-DX1.F70ACD9A-7819-4296-BD28-4D24BBA8AFF4,1
266,steady,296.359307,297.457528,1098.221,1.754,1096.409,256,TCGA-A2-A1FV-01Z-00-DX1.F70ACD9A-7819-4296-BD28-4D24BBA8AFF4,1
267,steady,297.469056,298.565505,1096.450,1.748,1094.646,256,TCGA-A2-A1FV-01Z-00-DX1.F70ACD9A-7819-4296-BD28-4D24BBA8AFF4,1
268,steady,298.576910,299.673832,1096.922,1.754,1095.110,256,TCGA-A2-A1FV-01Z-00-DX1.F70ACD9A-7819-4296-BD28-4D24BBA8AFF4,1
269,steady,299.685132,300.780956,1095.824,1.749,1094.016,256,TCGA-A2-A1FV-01Z-00-DX1.F70ACD9A-7819-4296-BD28-4D24BBA8AFF4,1
270,steady,300.792432,301.889078,1096.645,1.759,1094.830,256,TCGA-A2-A1FV-01Z-00-DX1.F70ACD9A-7819-4296-BD28-4D24BBA8AFF4,1
271,steady,301.900451,302.995464,1095.013,1.757,1093.199,256,TCGA-A2-A1FV-01Z-00-DX1.F70ACD9A-7819-4296-BD28-4D24BBA8AFF4,1
272,steady,303.006650,304.102742,1096.092,1.755,1094.277,256,TCGA-A2-A1FV-01Z-00-DX1.F70ACD9A-7819-4296-BD28-4D24BBA8AFF4,1
273,steady,304.114480,305.210134,1095.654,1.759,1093.811,256,TCGA-A2-A1FV-01Z-00-DX1.F70ACD9A-7819-4296-BD28-4D24BBA8AFF4,1
274,steady,305.221773,306.316174,1094.401,1.760,1092.578,256,TCGA-A2-A1FV-01Z-00-DX1.F70ACD9A-7819-4296-BD28-4D24BBA8AFF4,1
275,steady,306.327745,307.423439,1095.694,1.750,1093.884,256,TCGA-A2-A1FV-01Z-00-DX1.F70ACD9A-7819-4296-BD28-4D24BBA8AFF4,1
276,steady,307.435102,308.530765,1095.663,1.756,1093.848,256,TCGA-A2-A1FV-01Z-00-DX1.F70ACD9A-7819-4296-BD28-4D24BBA8AFF4,1
277,steady,308.542307,309.637837,1095.530,1.752,1093.721,256,TCGA-A2-A1FV-01Z-00-DX1.F70ACD9A-7819-4296-BD28-4D24BBA8AFF4,1
278,steady,309.649166,310.745960,1096.794,1.759,1094.974,256,TCGA-A2-A1FV-01Z-00-DX1.F70ACD9A-7819-4296-BD28-4D24BBA8AFF4,1
279,steady,310.757630,311.852571,1094.941,1.752,1093.133,256,TCGA-A2-A1FV-01Z-00-DX1.F70ACD9A-7819-4296-BD28-4D24BBA8AFF4,1
280,steady,311.863998,312.958659,1094.661,1.756,1092.845,256,TCGA-A2-A1FV-01Z-00-DX1.F70ACD9A-7819-4296-BD28-4D24BBA8AFF4,1
281,steady,312.970175,314.064476,1094.301,1.754,1092.485,256,TCGA-A2-A1FV-01Z-00-DX1.F70ACD9A-7819-4296-BD28-4D24BBA8AFF4,1
282,steady,314.076345,315.170594,1094.249,1.763,1092.416,256,TCGA-A2-A1FV-01Z-00-DX1.F70ACD9A-7819-4296-BD28-4D24BBA8AFF4,1
283,steady,315.182156,316.277215,1095.059,1.758,1093.243,256,TCGA-A2-A1FV-01Z-00-DX1.F70ACD9A-7819-4296-BD28-4D24BBA8AFF4,1
284,steady,316.288549,317.384228,1095.679,1.753,1093.872,256,TCGA-A2-A1FV-01Z-00-DX1.F70ACD9A-7819-4296-BD28-4D24BBA8AFF4,1
285,steady,317.395743,318.489490,1093.746,1.757,1091.931,256,TCGA-A2-A1FV-01Z-00-DX1.F70ACD9A-7819-4296-BD28-4D24BBA8AFF4,1
286,steady,318.500996,319.595634,1094.638,1.743,1092.835,256,TCGA-A2-A1FV-01Z-00-DX1.F70ACD9A-7819-4296-BD28-4D24BBA8AFF4,1
287,steady,319.606787,320.701714,1094.927,1.764,1093.105,256,TCGA-A2-A1FV-01Z-00-DX1.F70ACD9A-7819-4296-BD28-4D24BBA8AFF4,1
288,steady,320.713265,321.808581,1095.316,1.753,1093.504,256,TCGA-A2-A1FV-01Z-00-DX1.F70ACD9A-7819-4296-BD28-4D24BBA8AFF4,1
289,steady,321.820265,322.914788,1094.524,1.751,1092.714,256,TCGA-A2-A1FV-01Z-00-DX1.F70ACD9A-7819-4296-BD28-4D24BBA8AFF4,1
290,steady,322.926373,324.021384,1095.011,1.749,1093.208,256,TCGA-A2-A1FV-01Z-00-DX1.F70ACD9A-7819-4296-BD28-4D24BBA8AFF4,1
291,steady,324.034759,325.127633,1092.874,1.752,1091.066,256,TCGA-A2-A1FV-01Z-00-DX1.F70ACD9A-7819-4296-BD28-4D24BBA8AFF4,1
292,steady,325.139424,326.234378,1094.954,1.759,1093.138,256,TCGA-A2-A1FV-01Z-00-DX1.F70ACD9A-7819-4296-BD28-4D24BBA8AFF4,1
293,steady,326.245821,327.340373,1094.553,1.752,1092.743,256,TCGA-A2-A1FV-01Z-00-DX1.F70ACD9A-7819-4296-BD28-4D24BBA8AFF4,1
294,steady,327.352207,328.448053,1095.847,1.756,1094.031,256,TCGA-A2-A1FV-01Z-00-DX1.F70ACD9A-7819-4296-BD28-4D24BBA8AFF4,1
295,steady,328.459474,329.554785,1095.311,1.754,1093.497,256,TCGA-A2-A1FV-01Z-00-DX1.F70ACD9A-7819-4296-BD28-4D24BBA8AFF4,1
296,steady,329.567048,330.663816,1096.768,1.758,1094.952,256,TCGA-A2-A1FV-01Z-00-DX1.F70ACD9A-7819-4296-BD28-4D24BBA8AFF4,1
297,steady,330.675328,331.771475,1096.148,1.761,1094.325,256,TCGA-A2-A1FV-01Z-00-DX1.F70ACD9A-7819-4296-BD28-4D24BBA8AFF4,1
298,steady,331.782835,332.880448,1097.613,1.755,1095.790,256,TCGA-A2-A1FV-01Z-00-DX1.F70ACD9A-7819-4296-BD28-4D24BBA8AFF4,1
299,steady,332.892425,333.988185,1095.760,1.755,1093.947,256,TCGA-A2-A1FV-01Z-00-DX1.F70ACD9A-7819-4296-BD28-4D24BBA8AFF4,1
300,steady,333.999638,335.097768,1098.130,1.753,1096.320,256,TCGA-A2-A1FV-01Z-00-DX1.F70ACD9A-7819-4296-BD28-4D24BBA8AFF4,1
301,steady,335.109608,336.206473,1096.865,1.750,1095.059,256,TCGA-A2-A1FV-01Z-00-DX1.F70ACD9A-7819-4296-BD28-4D24BBA8AFF4,1
302,steady,336.217878,337.316103,1098.225,1.756,1096.411,256,TCGA-A2-A1FV-01Z-00-DX1.F70ACD9A-7819-4296-BD28-4D24BBA8AFF4,1
303,steady,337.327539,338.426114,1098.575,1.763,1096.754,256,TCGA-A2-A1FV-01Z-00-DX1.F70ACD9A-7819-4296-BD28-4D24BBA8AFF4,1
304,steady,338.437520,339.536582,1099.061,1.751,1097.251,256,TCGA-A2-A1FV-01Z-00-DX1.F70ACD9A-7819-4296-BD28-4D24BBA8AFF4,1
305,steady,339.548075,340.646819,1098.745,1.764,1096.924,256,TCGA-A2-A1FV-01Z-00-DX1.F70ACD9A-7819-4296-BD28-4D24BBA8AFF4,1
306,steady,340.658378,341.758418,1100.040,1.745,1098.239,256,TCGA-A2-A1FV-01Z-00-DX1.F70ACD9A-7819-4296-BD28-4D24BBA8AFF4,1
307,steady,341.770429,342.868483,1098.054,1.750,1096.223,256,TCGA-A2-A1FV-01Z-00-DX1.F70ACD9A-7819-4296-BD28-4D24BBA8AFF4,1
308,steady,342.880712,343.981248,1100.536,1.776,1098.668,256,TCGA-A2-A1FV-01Z-00-DX1.F70ACD9A-7819-4296-BD28-4D24BBA8AFF4,1
309,steady,343.993276,345.092981,1099.705,1.764,1097.867,256,TCGA-A2-A1FV-01Z-00-DX1.F70ACD9A-7819-4296-BD28-4D24BBA8AFF4,1
310,steady,345.104716,346.206320,1101.603,1.759,1099.784,256,TCGA-A2-A1FV-01Z-00-DX1.F70ACD9A-7819-4296-BD28-4D24BBA8AFF4,1
311,steady,346.218280,347.320128,1101.849,1.763,1100.021,256,TCGA-A2-A1FV-01Z-00-DX1.F70ACD9A-7819-4296-BD28-4D24BBA8AFF4,1
312,steady,347.331768,348.434074,1102.306,1.756,1100.492,256,TCGA-A2-A1FV-01Z-00-DX1.F70ACD9A-7819-4296-BD28-4D24BBA8AFF4,1
313,steady,348.445884,349.547501,1101.617,1.758,1099.802,256,TCGA-A2-A1FV-01Z-00-DX1.F70ACD9A-7819-4296-BD28-4D24BBA8AFF4,1
314,steady,349.559278,350.661769,1102.491,1.755,1100.677,256,TCGA-A2-A1FV-01Z-00-DX1.F70ACD9A-7819-4296-BD28-4D24BBA8AFF4,1
315,steady,350.673600,351.776835,1103.236,1.752,1101.423,256,TCGA-A2-A1FV-01Z-00-DX1.F70ACD9A-7819-4296-BD28-4D24BBA8AFF4,1
316,steady,351.788779,352.893069,1104.290,1.758,1102.475,256,TCGA-A2-A1FV-01Z-00-DX1.F70ACD9A-7819-4296-BD28-4D24BBA8AFF4,1
317,steady,352.904664,354.008378,1103.714,1.754,1101.900,256,TCGA-A2-A1FV-01Z-00-DX1.F70ACD9A-7819-4296-BD28-4D24BBA8AFF4,1
318,steady,354.019881,355.124138,1104.257,1.755,1102.443,256,TCGA-A2-A1FV-01Z-00-DX1.F70ACD9A-7819-4296-BD28-4D24BBA8AFF4,1
319,steady,355.138939,356.243375,1104.436,1.763,1102.614,256,TCGA-A2-A1FV-01Z-00-DX1.F70ACD9A-7819-4296-BD28-4D24BBA8AFF4,1
320,steady,356.255170,357.361177,1106.007,1.752,1104.199,256,TCGA-A2-A1FV-01Z-00-DX1.F70ACD9A-7819-4296-BD28-4D24BBA8AFF4,1
321,steady,357.372549,358.478502,1105.953,1.752,1104.145,256,TCGA-A2-A1FV-01Z-00-DX1.F70ACD9A-7819-4296-BD28-4D24BBA8AFF4,1
322,steady,358.490124,359.597900,1107.776,1.751,1105.967,256,TCGA-A2-A1FV-01Z-00-DX1.F70ACD9A-7819-4296-BD28-4D24BBA8AFF4,1
323,steady,359.609737,360.716830,1107.093,1.745,1105.294,256,TCGA-A2-A1FV-01Z-00-DX1.F70ACD9A-7819-4296-BD28-4D24BBA8AFF4,1
324,steady,360.728682,361.838837,1110.155,1.756,1108.344,256,TCGA-A2-A1FV-01Z-00-DX1.F70ACD9A-7819-4296-BD28-4D24BBA8AFF4,1
325,steady,361.850481,362.961228,1110.747,1.756,1108.928,256,TCGA-A2-A1FV-01Z-00-DX1.F70ACD9A-7819-4296-BD28-4D24BBA8AFF4,1
326,steady,362.973178,364.086264,1113.086,1.757,1111.268,256,TCGA-A2-A1FV-01Z-00-DX1.F70ACD9A-7819-4296-BD28-4D24BBA8AFF4,1
327,steady,364.098215,365.210363,1112.149,1.758,1110.333,256,TCGA-A2-A1FV-01Z-00-DX1.F70ACD9A-7819-4296-BD28-4D24BBA8AFF4,1
328,steady,365.222351,366.332996,1110.645,1.761,1108.826,256,TCGA-A2-A1FV-01Z-00-DX1.F70ACD9A-7819-4296-BD28-4D24BBA8AFF4,1
329,steady,366.344913,367.456967,1112.053,1.750,1110.244,256,TCGA-A2-A1FV-01Z-00-DX1.F70ACD9A-7819-4296-BD28-4D24BBA8AFF4,1
330,steady,367.468741,368.582399,1113.659,1.758,1111.844,256,TCGA-A2-A1FV-01Z-00-DX1.F70ACD9A-7819-4296-BD28-4D24BBA8AFF4,1
331,steady,368.594752,369.709294,1114.542,1.751,1112.734,256,TCGA-A2-A1FV-01Z-00-DX1.F70ACD9A-7819-4296-BD28-4D24BBA8AFF4,1
332,steady,369.720630,370.834773,1114.143,1.758,1112.330,256,TCGA-A2-A1FV-01Z-00-DX1.F70ACD9A-7819-4296-BD28-4D24BBA8AFF4,1
333,steady,370.846494,371.962066,1115.572,1.754,1113.760,256,TCGA-A2-A1FV-01Z-00-DX1.F70ACD9A-7819-4296-BD28-4D24BBA8AFF4,1
334,steady,371.973468,373.090938,1117.470,1.754,1115.660,256,TCGA-A2-A1FV-01Z-00-DX1.F70ACD9A-7819-4296-BD28-4D24BBA8AFF4,1
335,steady,373.102549,374.221150,1118.602,1.750,1116.798,256,TCGA-A2-A1FV-01Z-00-DX1.F70ACD9A-7819-4296-BD28-4D24BBA8AFF4,1
336,steady,374.233074,375.353361,1120.286,1.754,1118.477,256,TCGA-A2-A1FV-01Z-00-DX1.F70ACD9A-7819-4296-BD28-4D24BBA8AFF4,1
337,steady,375.364186,376.560576,1196.391,1.583,1194.752,232,TCGA-A2-A1FV-01Z-00-DX1.F70ACD9A-7819-4296-BD28-4D24BBA8AFF4,1
338,steady,376.777274,377.904814,1127.540,1.797,1125.655,256,TCGA-A2-A1G1-01Z-00-DX1.E52A474F-DE13-41CF-94D4-D00BAC46ECF4,1
339,steady,377.916762,379.042579,1125.817,1.766,1123.992,256,TCGA-A2-A1G1-01Z-00-DX1.E52A474F-DE13-41CF-94D4-D00BAC46ECF4,1
340,steady,379.054540,380.186196,1131.656,1.755,1129.839,256,TCGA-A2-A1G1-01Z-00-DX1.E52A474F-DE13-41CF-94D4-D00BAC46ECF4,1
341,steady,380.198024,381.332208,1134.184,1.768,1132.361,256,TCGA-A2-A1G1-01Z-00-DX1.E52A474F-DE13-41CF-94D4-D00BAC46ECF4,1
342,steady,381.343705,382.481041,1137.336,1.750,1135.530,256,TCGA-A2-A1G1-01Z-00-DX1.E52A474F-DE13-41CF-94D4-D00BAC46ECF4,1
343,steady,382.492445,383.623323,1130.878,1.754,1129.069,256,TCGA-A2-A1G1-01Z-00-DX1.E52A474F-DE13-41CF-94D4-D00BAC46ECF4,1
344,steady,383.634696,384.761506,1126.810,1.758,1124.997,256,TCGA-A2-A1G1-01Z-00-DX1.E52A474F-DE13-41CF-94D4-D00BAC46ECF4,1
345,steady,384.772805,385.894119,1121.314,1.748,1119.514,256,TCGA-A2-A1G1-01Z-00-DX1.E52A474F-DE13-41CF-94D4-D00BAC46ECF4,1
346,steady,385.905786,387.026789,1121.003,1.756,1119.189,256,TCGA-A2-A1G1-01Z-00-DX1.E52A474F-DE13-41CF-94D4-D00BAC46ECF4,1
347,steady,387.038624,388.154086,1115.462,1.758,1113.645,256,TCGA-A2-A1G1-01Z-00-DX1.E52A474F-DE13-41CF-94D4-D00BAC46ECF4,1
348,steady,388.165687,389.278217,1112.530,1.758,1110.715,256,TCGA-A2-A1G1-01Z-00-DX1.E52A474F-DE13-41CF-94D4-D00BAC46ECF4,1
349,steady,389.289960,390.402402,1112.442,1.752,1110.637,256,TCGA-A2-A1G1-01Z-00-DX1.E52A474F-DE13-41CF-94D4-D00BAC46ECF4,1
350,steady,390.413707,391.518245,1104.538,1.749,1102.734,256,TCGA-A2-A1G1-01Z-00-DX1.E52A474F-DE13-41CF-94D4-D00BAC46ECF4,1
351,steady,391.529934,392.638661,1108.727,1.757,1106.912,256,TCGA-A2-A1G1-01Z-00-DX1.E52A474F-DE13-41CF-94D4-D00BAC46ECF4,1
352,steady,392.649830,393.756926,1107.097,1.755,1105.285,256,TCGA-A2-A1G1-01Z-00-DX1.E52A474F-DE13-41CF-94D4-D00BAC46ECF4,1
353,steady,393.768211,394.869167,1100.956,1.748,1099.150,256,TCGA-A2-A1G1-01Z-00-DX1.E52A474F-DE13-41CF-94D4-D00BAC46ECF4,1
354,steady,394.880485,395.979435,1098.950,1.755,1097.141,256,TCGA-A2-A1G1-01Z-00-DX1.E52A474F-DE13-41CF-94D4-D00BAC46ECF4,1
355,steady,395.991151,397.088336,1097.185,1.750,1095.385,256,TCGA-A2-A1G1-01Z-00-DX1.E52A474F-DE13-41CF-94D4-D00BAC46ECF4,1
356,steady,397.097206,398.075872,978.666,1.274,977.344,189,TCGA-A2-A1G1-01Z-00-DX1.E52A474F-DE13-41CF-94D4-D00BAC46ECF4,1
357,steady,398.163721,399.257444,1093.724,1.795,1091.854,256,TCGA-A7-A13F-01Z-00-DX1.AB4ADDD3-8E1C-4AB9-813E-D137A2CFB950,1
358,steady,399.269206,400.365875,1096.670,1.754,1094.862,256,TCGA-A7-A13F-01Z-00-DX1.AB4ADDD3-8E1C-4AB9-813E-D137A2CFB950,1
359,steady,400.377388,401.472622,1095.234,1.750,1093.428,256,TCGA-A7-A13F-01Z-00-DX1.AB4ADDD3-8E1C-4AB9-813E-D137A2CFB950,1
360,steady,401.483970,402.577860,1093.890,1.770,1092.063,256,TCGA-A7-A13F-01Z-00-DX1.AB4ADDD3-8E1C-4AB9-813E-D137A2CFB950,1
361,steady,402.589488,403.683014,1093.526,1.753,1091.714,256,TCGA-A7-A13F-01Z-00-DX1.AB4ADDD3-8E1C-4AB9-813E-D137A2CFB950,1
362,steady,403.694675,404.787547,1092.872,1.761,1091.057,256,TCGA-A7-A13F-01Z-00-DX1.AB4ADDD3-8E1C-4AB9-813E-D137A2CFB950,1
363,steady,404.798818,405.891621,1092.803,1.768,1090.979,256,TCGA-A7-A13F-01Z-00-DX1.AB4ADDD3-8E1C-4AB9-813E-D137A2CFB950,1
364,steady,405.903176,406.994729,1091.553,1.764,1089.737,256,TCGA-A7-A13F-01Z-00-DX1.AB4ADDD3-8E1C-4AB9-813E-D137A2CFB950,1
365,steady,407.006498,408.097953,1091.455,1.747,1089.654,256,TCGA-A7-A13F-01Z-00-DX1.AB4ADDD3-8E1C-4AB9-813E-D137A2CFB950,1
366,steady,408.109454,409.198434,1088.980,1.774,1087.152,256,TCGA-A7-A13F-01Z-00-DX1.AB4ADDD3-8E1C-4AB9-813E-D137A2CFB950,1
367,steady,409.210152,410.299423,1089.271,1.753,1087.461,256,TCGA-A7-A13F-01Z-00-DX1.AB4ADDD3-8E1C-4AB9-813E-D137A2CFB950,1
368,steady,410.311036,411.400078,1089.042,1.768,1087.216,256,TCGA-A7-A13F-01Z-00-DX1.AB4ADDD3-8E1C-4AB9-813E-D137A2CFB950,1
369,steady,411.411612,412.499839,1088.228,1.749,1086.426,256,TCGA-A7-A13F-01Z-00-DX1.AB4ADDD3-8E1C-4AB9-813E-D137A2CFB950,1
370,steady,412.511453,413.599256,1087.803,1.765,1085.981,256,TCGA-A7-A13F-01Z-00-DX1.AB4ADDD3-8E1C-4AB9-813E-D137A2CFB950,1
371,steady,413.611495,414.698524,1087.028,1.750,1085.222,256,TCGA-A7-A13F-01Z-00-DX1.AB4ADDD3-8E1C-4AB9-813E-D137A2CFB950,1
372,steady,414.710071,415.796299,1086.228,1.762,1084.411,256,TCGA-A7-A13F-01Z-00-DX1.AB4ADDD3-8E1C-4AB9-813E-D137A2CFB950,1
373,steady,415.808300,416.893816,1085.516,1.750,1083.707,256,TCGA-A7-A13F-01Z-00-DX1.AB4ADDD3-8E1C-4AB9-813E-D137A2CFB950,1
374,steady,416.905116,417.988727,1083.610,1.755,1081.802,256,TCGA-A7-A13F-01Z-00-DX1.AB4ADDD3-8E1C-4AB9-813E-D137A2CFB950,1
375,steady,418.000222,419.085382,1085.160,1.749,1083.355,256,TCGA-A7-A13F-01Z-00-DX1.AB4ADDD3-8E1C-4AB9-813E-D137A2CFB950,1
376,steady,419.096943,420.180537,1083.594,1.762,1081.778,256,TCGA-A7-A13F-01Z-00-DX1.AB4ADDD3-8E1C-4AB9-813E-D137A2CFB950,1
377,steady,420.192319,421.276845,1084.526,1.748,1082.720,256,TCGA-A7-A13F-01Z-00-DX1.AB4ADDD3-8E1C-4AB9-813E-D137A2CFB950,1
378,steady,421.288256,422.371675,1083.418,1.767,1081.595,256,TCGA-A7-A13F-01Z-00-DX1.AB4ADDD3-8E1C-4AB9-813E-D137A2CFB950,1
379,steady,422.383457,423.466094,1082.637,1.748,1080.834,256,TCGA-A7-A13F-01Z-00-DX1.AB4ADDD3-8E1C-4AB9-813E-D137A2CFB950,1
380,steady,423.477751,424.559169,1081.418,1.767,1079.595,256,TCGA-A7-A13F-01Z-00-DX1.AB4ADDD3-8E1C-4AB9-813E-D137A2CFB950,1
381,steady,424.564590,425.143460,578.870,0.501,578.318,109,TCGA-A7-A13F-01Z-00-DX1.AB4ADDD3-8E1C-4AB9-813E-D137A2CFB950,1
382,steady,425.246560,426.326107,1079.547,1.776,1077.701,256,TCGA-A7-A426-01Z-00-DX1.3058E873-9442-4872-80DA-E8A5B35054D2,1
383,steady,426.337800,427.409519,1071.718,1.750,1069.911,256,TCGA-A7-A426-01Z-00-DX1.3058E873-9442-4872-80DA-E8A5B35054D2,1
384,steady,427.420966,428.499296,1078.329,1.751,1076.520,256,TCGA-A7-A426-01Z-00-DX1.3058E873-9442-4872-80DA-E8A5B35054D2,1
385,steady,428.510785,429.582134,1071.349,1.759,1069.534,256,TCGA-A7-A426-01Z-00-DX1.3058E873-9442-4872-80DA-E8A5B35054D2,1
386,steady,429.593748,430.672114,1078.366,1.753,1076.557,256,TCGA-A7-A426-01Z-00-DX1.3058E873-9442-4872-80DA-E8A5B35054D2,1
387,steady,430.684091,431.754818,1070.728,1.748,1068.922,256,TCGA-A7-A426-01Z-00-DX1.3058E873-9442-4872-80DA-E8A5B35054D2,1
388,steady,431.766399,432.844941,1078.543,1.748,1076.735,256,TCGA-A7-A426-01Z-00-DX1.3058E873-9442-4872-80DA-E8A5B35054D2,1
389,steady,432.856366,433.928608,1072.241,1.753,1070.432,256,TCGA-A7-A426-01Z-00-DX1.3058E873-9442-4872-80DA-E8A5B35054D2,1
390,steady,433.940215,435.016315,1076.099,1.752,1074.292,256,TCGA-A7-A426-01Z-00-DX1.3058E873-9442-4872-80DA-E8A5B35054D2,1
391,steady,435.028118,436.100883,1072.765,1.750,1070.958,256,TCGA-A7-A426-01Z-00-DX1.3058E873-9442-4872-80DA-E8A5B35054D2,1
392,steady,436.112305,437.188542,1076.238,1.744,1074.441,256,TCGA-A7-A426-01Z-00-DX1.3058E873-9442-4872-80DA-E8A5B35054D2,1
393,steady,437.200251,438.275248,1074.997,1.761,1073.179,256,TCGA-A7-A426-01Z-00-DX1.3058E873-9442-4872-80DA-E8A5B35054D2,1
394,steady,438.286766,439.360024,1073.258,1.747,1071.456,256,TCGA-A7-A426-01Z-00-DX1.3058E873-9442-4872-80DA-E8A5B35054D2,1
395,steady,439.371316,440.448496,1077.180,1.750,1075.375,256,TCGA-A7-A426-01Z-00-DX1.3058E873-9442-4872-80DA-E8A5B35054D2,1
396,steady,440.459865,441.533701,1073.836,1.751,1072.029,256,TCGA-A7-A426-01Z-00-DX1.3058E873-9442-4872-80DA-E8A5B35054D2,1
397,steady,441.545121,442.619910,1074.789,1.749,1072.984,256,TCGA-A7-A426-01Z-00-DX1.3058E873-9442-4872-80DA-E8A5B35054D2,1
398,steady,442.631195,443.706392,1075.197,1.748,1073.389,256,TCGA-A7-A426-01Z-00-DX1.3058E873-9442-4872-80DA-E8A5B35054D2,1
399,steady,443.717839,444.793596,1075.757,1.752,1073.946,256,TCGA-A7-A426-01Z-00-DX1.3058E873-9442-4872-80DA-E8A5B35054D2,1
400,steady,444.805092,445.878098,1073.006,1.753,1071.196,256,TCGA-A7-A426-01Z-00-DX1.3058E873-9442-4872-80DA-E8A5B35054D2,1
401,steady,445.890133,446.964698,1074.565,1.754,1072.755,256,TCGA-A7-A426-01Z-00-DX1.3058E873-9442-4872-80DA-E8A5B35054D2,1
402,steady,446.976021,448.052980,1076.958,1.749,1075.152,256,TCGA-A7-A426-01Z-00-DX1.3058E873-9442-4872-80DA-E8A5B35054D2,1
403,steady,448.064243,449.135883,1071.640,1.760,1069.825,256,TCGA-A7-A426-01Z-00-DX1.3058E873-9442-4872-80DA-E8A5B35054D2,1
404,steady,449.147177,450.226599,1079.422,1.743,1077.624,256,TCGA-A7-A426-01Z-00-DX1.3058E873-9442-4872-80DA-E8A5B35054D2,1
405,steady,450.233985,451.045459,811.475,1.050,810.372,156,TCGA-A7-A426-01Z-00-DX1.3058E873-9442-4872-80DA-E8A5B35054D2,1
406,steady,451.114141,452.194053,1079.912,1.772,1078.070,256,TCGA-A7-A4SB-01Z-00-DX1.E8925605-5189-441E-A719-92CFC1118B0B,1
407,steady,452.205347,453.281320,1075.974,1.755,1074.158,256,TCGA-A7-A4SB-01Z-00-DX1.E8925605-5189-441E-A719-92CFC1118B0B,1
408,steady,453.292753,454.367120,1074.368,1.760,1072.549,256,TCGA-A7-A4SB-01Z-00-DX1.E8925605-5189-441E-A719-92CFC1118B0B,1
409,steady,454.378985,455.453311,1074.326,1.747,1072.522,256,TCGA-A7-A4SB-01Z-00-DX1.E8925605-5189-441E-A719-92CFC1118B0B,1
410,steady,455.464829,456.540110,1075.281,1.759,1073.465,256,TCGA-A7-A4SB-01Z-00-DX1.E8925605-5189-441E-A719-92CFC1118B0B,1
411,steady,456.551564,457.626334,1074.769,1.747,1072.966,256,TCGA-A7-A4SB-01Z-00-DX1.E8925605-5189-441E-A719-92CFC1118B0B,1
412,steady,457.637942,458.712115,1074.173,1.759,1072.355,256,TCGA-A7-A4SB-01Z-00-DX1.E8925605-5189-441E-A719-92CFC1118B0B,1
413,steady,458.723510,459.798596,1075.086,1.751,1073.272,256,TCGA-A7-A4SB-01Z-00-DX1.E8925605-5189-441E-A719-92CFC1118B0B,1
414,steady,459.804839,460.481129,676.289,0.802,675.435,129,TCGA-A7-A4SB-01Z-00-DX1.E8925605-5189-441E-A719-92CFC1118B0B,1
415,steady,460.529649,461.601574,1071.925,1.768,1070.089,256,TCGA-A8-A06N-01Z-00-DX1.E25E65F8-DFE0-47CF-9FAB-B82EE8E321F7,1
416,steady,461.612781,462.685419,1072.637,1.745,1070.834,256,TCGA-A8-A06N-01Z-00-DX1.E25E65F8-DFE0-47CF-9FAB-B82EE8E321F7,1
417,steady,462.696885,463.771523,1074.638,1.750,1072.833,256,TCGA-A8-A06N-01Z-00-DX1.E25E65F8-DFE0-47CF-9FAB-B82EE8E321F7,1
418,steady,463.782629,464.857796,1075.167,1.748,1073.362,256,TCGA-A8-A06N-01Z-00-DX1.E25E65F8-DFE0-47CF-9FAB-B82EE8E321F7,1
419,steady,464.868994,465.943744,1074.749,1.753,1072.942,256,TCGA-A8-A06N-01Z-00-DX1.E25E65F8-DFE0-47CF-9FAB-B82EE8E321F7,1
420,steady,465.955740,467.030380,1074.641,1.746,1072.833,256,TCGA-A8-A06N-01Z-00-DX1.E25E65F8-DFE0-47CF-9FAB-B82EE8E321F7,1
421,steady,467.041927,468.116781,1074.854,1.759,1073.034,256,TCGA-A8-A06N-01Z-00-DX1.E25E65F8-DFE0-47CF-9FAB-B82EE8E321F7,1
422,steady,468.129103,469.202894,1073.791,1.752,1071.980,256,TCGA-A8-A06N-01Z-00-DX1.E25E65F8-DFE0-47CF-9FAB-B82EE8E321F7,1
423,steady,469.214383,470.289725,1075.342,1.758,1073.527,256,TCGA-A8-A06N-01Z-00-DX1.E25E65F8-DFE0-47CF-9FAB-B82EE8E321F7,1
424,steady,470.301224,471.376008,1074.784,1.743,1072.984,256,TCGA-A8-A06N-01Z-00-DX1.E25E65F8-DFE0-47CF-9FAB-B82EE8E321F7,1
425,steady,471.387473,472.462787,1075.314,1.753,1073.504,256,TCGA-A8-A06N-01Z-00-DX1.E25E65F8-DFE0-47CF-9FAB-B82EE8E321F7,1
426,steady,472.474613,473.548931,1074.318,1.747,1072.515,256,TCGA-A8-A06N-01Z-00-DX1.E25E65F8-DFE0-47CF-9FAB-B82EE8E321F7,1
427,steady,473.562862,474.635078,1072.216,1.759,1070.393,256,TCGA-A8-A06N-01Z-00-DX1.E25E65F8-DFE0-47CF-9FAB-B82EE8E321F7,1
428,steady,474.639609,475.081103,441.494,0.328,441.119,85,TCGA-A8-A06N-01Z-00-DX1.E25E65F8-DFE0-47CF-9FAB-B82EE8E321F7,1
429,steady,475.142755,476.217554,1074.799,1.775,1072.954,256,TCGA-A8-A076-01Z-00-DX1.BAAC4F9C-0C04-42FB-95F4-D765305089B8,1
430,steady,476.229172,477.302070,1072.898,1.748,1071.093,256,TCGA-A8-A076-01Z-00-DX1.BAAC4F9C-0C04-42FB-95F4-D765305089B8,1
431,steady,477.313590,478.388866,1075.277,1.749,1073.470,256,TCGA-A8-A076-01Z-00-DX1.BAAC4F9C-0C04-42FB-95F4-D765305089B8,1
432,steady,478.400229,479.477422,1077.193,1.749,1075.391,256,TCGA-A8-A076-01Z-00-DX1.BAAC4F9C-0C04-42FB-95F4-D765305089B8,1
433,steady,479.489152,480.560468,1071.316,1.752,1069.509,256,TCGA-A8-A076-01Z-00-DX1.BAAC4F9C-0C04-42FB-95F4-D765305089B8,1
434,steady,480.572216,481.650216,1078.000,1.757,1076.187,256,TCGA-A8-A076-01Z-00-DX1.BAAC4F9C-0C04-42FB-95F4-D765305089B8,1
435,steady,481.661772,482.747260,1085.488,1.754,1083.679,256,TCGA-A8-A076-01Z-00-DX1.BAAC4F9C-0C04-42FB-95F4-D765305089B8,1
436,steady,482.759036,483.835118,1076.082,1.768,1074.251,256,TCGA-A8-A076-01Z-00-DX1.BAAC4F9C-0C04-42FB-95F4-D765305089B8,1
437,steady,483.846727,484.919826,1073.099,1.750,1071.290,256,TCGA-A8-A076-01Z-00-DX1.BAAC4F9C-0C04-42FB-95F4-D765305089B8,1
438,steady,484.933317,486.008508,1075.191,1.758,1073.376,256,TCGA-A8-A076-01Z-00-DX1.BAAC4F9C-0C04-42FB-95F4-D765305089B8,1
439,steady,486.020076,487.102749,1082.673,1.756,1080.860,256,TCGA-A8-A076-01Z-00-DX1.BAAC4F9C-0C04-42FB-95F4-D765305089B8,1
440,steady,487.114283,488.204232,1089.949,1.758,1088.135,256,TCGA-A8-A076-01Z-00-DX1.BAAC4F9C-0C04-42FB-95F4-D765305089B8,1
441,steady,488.215799,489.300888,1085.089,1.756,1083.270,256,TCGA-A8-A076-01Z-00-DX1.BAAC4F9C-0C04-42FB-95F4-D765305089B8,1
442,steady,489.312746,490.399695,1086.949,1.766,1085.126,256,TCGA-A8-A076-01Z-00-DX1.BAAC4F9C-0C04-42FB-95F4-D765305089B8,1
443,steady,490.411476,491.497283,1085.807,1.760,1083.990,256,TCGA-A8-A076-01Z-00-DX1.BAAC4F9C-0C04-42FB-95F4-D765305089B8,1
444,steady,491.509297,492.590852,1081.554,1.758,1079.747,256,TCGA-A8-A076-01Z-00-DX1.BAAC4F9C-0C04-42FB-95F4-D765305089B8,1
445,steady,492.601015,493.675748,1074.733,1.475,1073.214,215,TCGA-A8-A076-01Z-00-DX1.BAAC4F9C-0C04-42FB-95F4-D765305089B8,1
446,steady,493.741212,494.820312,1079.100,1.777,1077.259,256,TCGA-A8-A07B-01Z-00-DX1.950B5E4E-C5F0-4445-9F88-E8C32CDFE6DA,1
447,steady,494.831973,495.913691,1081.717,1.756,1079.910,256,TCGA-A8-A07B-01Z-00-DX1.950B5E4E-C5F0-4445-9F88-E8C32CDFE6DA,1
448,steady,495.925492,497.006256,1080.764,1.760,1078.950,256,TCGA-A8-A07B-01Z-00-DX1.950B5E4E-C5F0-4445-9F88-E8C32CDFE6DA,1
449,steady,497.017384,498.100361,1082.977,1.755,1081.166,256,TCGA-A8-A07B-01Z-00-DX1.950B5E4E-C5F0-4445-9F88-E8C32CDFE6DA,1
450,steady,498.111973,499.194206,1082.233,1.765,1080.409,256,TCGA-A8-A07B-01Z-00-DX1.950B5E4E-C5F0-4445-9F88-E8C32CDFE6DA,1
451,steady,499.206223,500.287760,1081.537,1.751,1079.726,256,TCGA-A8-A07B-01Z-00-DX1.950B5E4E-C5F0-4445-9F88-E8C32CDFE6DA,1
452,steady,500.299885,501.380948,1081.063,1.759,1079.250,256,TCGA-A8-A07B-01Z-00-DX1.950B5E4E-C5F0-4445-9F88-E8C32CDFE6DA,1
453,steady,501.393114,502.474258,1081.144,1.746,1079.340,256,TCGA-A8-A07B-01Z-00-DX1.950B5E4E-C5F0-4445-9F88-E8C32CDFE6DA,1
454,steady,502.482384,503.139969,657.585,1.048,656.490,157,TCGA-A8-A07B-01Z-00-DX1.950B5E4E-C5F0-4445-9F88-E8C32CDFE6DA,1
455,steady,503.181053,504.265463,1084.410,1.762,1082.584,256,TCGA-A8-A07L-01Z-00-DX1.D9E1051F-724E-4E88-940A-C97005DC5BEB,1
456,steady,504.277502,505.360097,1082.595,1.758,1080.777,256,TCGA-A8-A07L-01Z-00-DX1.D9E1051F-724E-4E88-940A-C97005DC5BEB,1
457,steady,505.372238,506.455654,1083.416,1.751,1081.611,256,TCGA-A8-A07L-01Z-00-DX1.D9E1051F-724E-4E88-940A-C97005DC5BEB,1
458,steady,506.467453,507.552822,1085.369,1.757,1083.555,256,TCGA-A8-A07L-01Z-00-DX1.D9E1051F-724E-4E88-940A-C97005DC5BEB,1
459,steady,507.564557,508.648837,1084.280,1.752,1082.472,256,TCGA-A8-A07L-01Z-00-DX1.D9E1051F-724E-4E88-940A-C97005DC5BEB,1
460,steady,508.660147,509.745273,1085.126,1.753,1083.318,256,TCGA-A8-A07L-01Z-00-DX1.D9E1051F-724E-4E88-940A-C97005DC5BEB,1
461,steady,509.756672,510.840488,1083.816,1.751,1082.011,256,TCGA-A8-A07L-01Z-00-DX1.D9E1051F-724E-4E88-940A-C97005DC5BEB,1
462,steady,510.849416,511.827256,977.839,1.329,976.455,196,TCGA-A8-A07L-01Z-00-DX1.D9E1051F-724E-4E88-940A-C97005DC5BEB,1
463,steady,511.878744,512.970024,1091.280,1.766,1089.446,256,TCGA-A8-A084-01Z-00-DX1.2B52D1B8-5AD4-4BD6-ADF7-9D65B8EE2621,1
464,steady,512.982662,514.075394,1092.731,1.741,1090.931,256,TCGA-A8-A084-01Z-00-DX1.2B52D1B8-5AD4-4BD6-ADF7-9D65B8EE2621,1
465,steady,514.087353,515.181187,1093.834,1.753,1092.024,256,TCGA-A8-A084-01Z-00-DX1.2B52D1B8-5AD4-4BD6-ADF7-9D65B8EE2621,1
466,steady,515.192430,516.287524,1095.094,1.749,1093.291,256,TCGA-A8-A084-01Z-00-DX1.2B52D1B8-5AD4-4BD6-ADF7-9D65B8EE2621,1
467,steady,516.299120,517.396183,1097.063,1.754,1095.256,256,TCGA-A8-A084-01Z-00-DX1.2B52D1B8-5AD4-4BD6-ADF7-9D65B8EE2621,1
468,steady,517.407801,518.504532,1096.731,1.751,1094.917,256,TCGA-A8-A084-01Z-00-DX1.2B52D1B8-5AD4-4BD6-ADF7-9D65B8EE2621,1
469,steady,518.516001,519.613506,1097.505,1.748,1095.703,256,TCGA-A8-A084-01Z-00-DX1.2B52D1B8-5AD4-4BD6-ADF7-9D65B8EE2621,1
470,steady,519.624796,520.723063,1098.267,1.741,1096.472,256,TCGA-A8-A084-01Z-00-DX1.2B52D1B8-5AD4-4BD6-ADF7-9D65B8EE2621,1
471,steady,520.734578,521.832564,1097.986,1.746,1096.185,256,TCGA-A8-A084-01Z-00-DX1.2B52D1B8-5AD4-4BD6-ADF7-9D65B8EE2621,1
472,steady,521.844119,522.943617,1099.498,1.750,1097.691,256,TCGA-A8-A084-01Z-00-DX1.2B52D1B8-5AD4-4BD6-ADF7-9D65B8EE2621,1
473,steady,522.955104,524.055540,1100.436,1.752,1098.625,256,TCGA-A8-A084-01Z-00-DX1.2B52D1B8-5AD4-4BD6-ADF7-9D65B8EE2621,1
474,steady,524.067190,525.168973,1101.783,1.755,1099.972,256,TCGA-A8-A084-01Z-00-DX1.2B52D1B8-5AD4-4BD6-ADF7-9D65B8EE2621,1
475,steady,525.180922,526.283293,1102.371,1.745,1100.573,256,TCGA-A8-A084-01Z-00-DX1.2B52D1B8-5AD4-4BD6-ADF7-9D65B8EE2621,1
476,steady,526.294946,527.396595,1101.649,1.745,1099.850,256,TCGA-A8-A084-01Z-00-DX1.2B52D1B8-5AD4-4BD6-ADF7-9D65B8EE2621,1
477,steady,527.403854,528.176184,772.330,1.007,771.277,150,TCGA-A8-A084-01Z-00-DX1.2B52D1B8-5AD4-4BD6-ADF7-9D65B8EE2621,1
478,steady,528.225475,529.328978,1103.503,1.770,1101.665,256,TCGA-A8-A090-01Z-00-DX1.01574070-D65E-486F-B69D-0F8E3816D057,1
479,steady,529.340891,530.446208,1105.317,1.747,1103.513,256,TCGA-A8-A090-01Z-00-DX1.01574070-D65E-486F-B69D-0F8E3816D057,1
480,steady,530.458206,531.563876,1105.670,1.757,1103.855,256,TCGA-A8-A090-01Z-00-DX1.01574070-D65E-486F-B69D-0F8E3816D057,1
481,steady,531.575557,532.681305,1105.748,1.742,1103.953,256,TCGA-A8-A090-01Z-00-DX1.01574070-D65E-486F-B69D-0F8E3816D057,1
482,steady,532.692852,533.799879,1107.026,1.761,1105.210,256,TCGA-A8-A090-01Z-00-DX1.01574070-D65E-486F-B69D-0F8E3816D057,1
483,steady,533.811544,534.918791,1107.246,1.742,1105.450,256,TCGA-A8-A090-01Z-00-DX1.01574070-D65E-486F-B69D-0F8E3816D057,1
484,steady,534.922757,535.320384,397.626,0.226,397.358,70,TCGA-A8-A090-01Z-00-DX1.01574070-D65E-486F-B69D-0F8E3816D057,1
485,steady,535.358567,536.464745,1106.178,1.775,1104.341,256,TCGA-A8-A0A2-01Z-00-DX1.47BCDF13-1065-466A-B7CB-F91F5EAD7D91,1
486,steady,536.476060,537.585134,1109.074,1.766,1107.246,256,TCGA-A8-A0A2-01Z-00-DX1.47BCDF13-1065-466A-B7CB-F91F5EAD7D91,1
487,steady,537.596772,538.710700,1113.928,1.754,1112.118,256,TCGA-A8-A0A2-01Z-00-DX1.47BCDF13-1065-466A-B7CB-F91F5EAD7D91,1
488,steady,538.722217,539.837635,1115.419,1.760,1113.602,256,TCGA-A8-A0A2-01Z-00-DX1.47BCDF13-1065-466A-B7CB-F91F5EAD7D91,1
489,steady,539.849087,540.966540,1117.453,1.745,1115.652,256,TCGA-A8-A0A2-01Z-00-DX1.47BCDF13-1065-466A-B7CB-F91F5EAD7D91,1
490,steady,540.978121,542.097611,1119.490,1.763,1117.670,256,TCGA-A8-A0A2-01Z-00-DX1.47BCDF13-1065-466A-B7CB-F91F5EAD7D91,1
491,steady,542.109223,543.226535,1117.312,1.746,1115.511,256,TCGA-A8-A0A2-01Z-00-DX1.47BCDF13-1065-466A-B7CB-F91F5EAD7D91,1
492,steady,543.237206,544.253275,1016.069,1.586,1014.427,232,TCGA-A8-A0A2-01Z-00-DX1.47BCDF13-1065-466A-B7CB-F91F5EAD7D91,1
493,steady,544.304439,545.421429,1116.990,1.805,1115.108,256,TCGA-AC-A3TN-01Z-00-DX1.F00E81C7-0CA2-49E8-A30F-DE423538E93C,1
494,steady,545.432886,546.558175,1125.288,1.765,1123.465,256,TCGA-AC-A3TN-01Z-00-DX1.F00E81C7-0CA2-49E8-A30F-DE423538E93C,1
495,steady,546.569714,547.691204,1121.490,1.750,1119.683,256,TCGA-AC-A3TN-01Z-00-DX1.F00E81C7-0CA2-49E8-A30F-DE423538E93C,1
496,steady,547.702464,548.829542,1127.078,1.764,1125.256,256,TCGA-AC-A3TN-01Z-00-DX1.F00E81C7-0CA2-49E8-A30F-DE423538E93C,1
497,steady,548.840746,549.970849,1130.103,1.757,1128.289,256,TCGA-AC-A3TN-01Z-00-DX1.F00E81C7-0CA2-49E8-A30F-DE423538E93C,1
498,steady,549.982706,551.109411,1126.706,1.762,1124.885,256,TCGA-AC-A3TN-01Z-00-DX1.F00E81C7-0CA2-49E8-A30F-DE423538E93C,1
499,steady,551.121217,552.244873,1123.657,1.755,1121.846,256,TCGA-AC-A3TN-01Z-00-DX1.F00E81C7-0CA2-49E8-A30F-DE423538E93C,1
500,steady,552.256763,553.379758,1122.995,1.758,1121.178,256,TCGA-AC-A3TN-01Z-00-DX1.F00E81C7-0CA2-49E8-A30F-DE423538E93C,1
501,steady,553.391612,554.514295,1122.683,1.756,1120.867,256,TCGA-AC-A3TN-01Z-00-DX1.F00E81C7-0CA2-49E8-A30F-DE423538E93C,1
502,steady,554.525401,555.645144,1119.742,1.757,1117.926,256,TCGA-AC-A3TN-01Z-00-DX1.F00E81C7-0CA2-49E8-A30F-DE423538E93C,1
503,steady,555.656906,556.775355,1118.449,1.755,1116.640,256,TCGA-AC-A3TN-01Z-00-DX1.F00E81C7-0CA2-49E8-A30F-DE423538E93C,1
504,steady,556.786570,557.903901,1117.331,1.755,1115.519,256,TCGA-AC-A3TN-01Z-00-DX1.F00E81C7-0CA2-49E8-A30F-DE423538E93C,1
505,steady,557.915231,559.029211,1113.980,1.753,1112.171,256,TCGA-AC-A3TN-01Z-00-DX1.F00E81C7-0CA2-49E8-A30F-DE423538E93C,1
506,steady,559.040734,560.153893,1113.159,1.761,1111.343,256,TCGA-AC-A3TN-01Z-00-DX1.F00E81C7-0CA2-49E8-A30F-DE423538E93C,1
507,steady,560.165233,561.278245,1113.012,1.747,1111.206,256,TCGA-AC-A3TN-01Z-00-DX1.F00E81C7-0CA2-49E8-A30F-DE423538E93C,1
508,steady,561.289543,562.400867,1111.324,1.753,1109.495,256,TCGA-AC-A3TN-01Z-00-DX1.F00E81C7-0CA2-49E8-A30F-DE423538E93C,1
509,steady,562.412450,563.522850,1110.400,1.788,1108.525,256,TCGA-AC-A3TN-01Z-00-DX1.F00E81C7-0CA2-49E8-A30F-DE423538E93C,1
510,steady,563.529130,564.205713,676.583,0.727,675.799,126,TCGA-AC-A3TN-01Z-00-DX1.F00E81C7-0CA2-49E8-A30F-DE423538E93C,1
511,steady,564.308887,565.416040,1107.153,1.802,1105.270,256,TCGA-AN-A0AT-01Z-00-DX1.DFD68CD2-C25E-47BE-BC06-8CE3C657B9FD,1
512,steady,565.427851,566.541728,1113.877,1.759,1112.062,256,TCGA-AN-A0AT-01Z-00-DX1.DFD68CD2-C25E-47BE-BC06-8CE3C657B9FD,1
513,steady,566.553406,567.661087,1107.681,1.756,1105.868,256,TCGA-AN-A0AT-01Z-00-DX1.DFD68CD2-C25E-47BE-BC06-8CE3C657B9FD,1
514,steady,567.672344,568.779451,1107.106,1.753,1105.297,256,TCGA-AN-A0AT-01Z-00-DX1.DFD68CD2-C25E-47BE-BC06-8CE3C657B9FD,1
515,steady,568.790977,569.897443,1106.466,1.758,1104.648,256,TCGA-AN-A0AT-01Z-00-DX1.DFD68CD2-C25E-47BE-BC06-8CE3C657B9FD,1
516,steady,569.909139,571.014132,1104.993,1.756,1103.181,256,TCGA-AN-A0AT-01Z-00-DX1.DFD68CD2-C25E-47BE-BC06-8CE3C657B9FD,1
517,steady,571.025972,572.131163,1105.191,1.758,1103.377,256,TCGA-AN-A0AT-01Z-00-DX1.DFD68CD2-C25E-47BE-BC06-8CE3C657B9FD,1
518,steady,572.142570,573.246109,1103.539,1.750,1101.733,256,TCGA-AN-A0AT-01Z-00-DX1.DFD68CD2-C25E-47BE-BC06-8CE3C657B9FD,1
519,steady,573.257567,574.360211,1102.644,1.753,1100.835,256,TCGA-AN-A0AT-01Z-00-DX1.DFD68CD2-C25E-47BE-BC06-8CE3C657B9FD,1
520,steady,574.371884,575.474985,1103.101,1.759,1101.286,256,TCGA-AN-A0AT-01Z-00-DX1.DFD68CD2-C25E-47BE-BC06-8CE3C657B9FD,1
521,steady,575.486591,576.589414,1102.824,1.755,1101.013,256,TCGA-AN-A0AT-01Z-00-DX1.DFD68CD2-C25E-47BE-BC06-8CE3C657B9FD,1
522,steady,576.601031,577.702722,1101.691,1.750,1099.886,256,TCGA-AN-A0AT-01Z-00-DX1.DFD68CD2-C25E-47BE-BC06-8CE3C657B9FD,1
523,steady,577.715627,578.816338,1100.711,1.772,1098.877,256,TCGA-AN-A0AT-01Z-00-DX1.DFD68CD2-C25E-47BE-BC06-8CE3C657B9FD,1
524,steady,578.828279,579.929562,1101.283,1.762,1099.459,256,TCGA-AN-A0AT-01Z-00-DX1.DFD68CD2-C25E-47BE-BC06-8CE3C657B9FD,1
525,steady,579.941316,581.042207,1100.891,1.762,1099.072,256,TCGA-AN-A0AT-01Z-00-DX1.DFD68CD2-C25E-47BE-BC06-8CE3C657B9FD,1
526,steady,581.054010,582.154175,1100.165,1.756,1098.351,256,TCGA-AN-A0AT-01Z-00-DX1.DFD68CD2-C25E-47BE-BC06-8CE3C657B9FD,1
527,steady,582.165870,583.265594,1099.724,1.754,1097.911,256,TCGA-AN-A0AT-01Z-00-DX1.DFD68CD2-C25E-47BE-BC06-8CE3C657B9FD,1
528,steady,583.277375,584.376310,1098.935,1.754,1097.122,256,TCGA-AN-A0AT-01Z-00-DX1.DFD68CD2-C25E-47BE-BC06-8CE3C657B9FD,1
529,steady,584.388106,585.489620,1101.514,1.759,1099.700,256,TCGA-AN-A0AT-01Z-00-DX1.DFD68CD2-C25E-47BE-BC06-8CE3C657B9FD,1
530,steady,585.501534,586.601638,1100.104,1.752,1098.295,256,TCGA-AN-A0AT-01Z-00-DX1.DFD68CD2-C25E-47BE-BC06-8CE3C657B9FD,1
531,steady,586.613058,587.710687,1097.628,1.761,1095.810,256,TCGA-AN-A0AT-01Z-00-DX1.DFD68CD2-C25E-47BE-BC06-8CE3C657B9FD,1
532,steady,587.721982,588.821401,1099.420,1.755,1097.608,256,TCGA-AN-A0AT-01Z-00-DX1.DFD68CD2-C25E-47BE-BC06-8CE3C657B9FD,1
533,steady,588.833544,589.930485,1096.941,1.764,1095.111,256,TCGA-AN-A0AT-01Z-00-DX1.DFD68CD2-C25E-47BE-BC06-8CE3C657B9FD,1
534,steady,589.942146,591.040694,1098.549,1.756,1096.733,256,TCGA-AN-A0AT-01Z-00-DX1.DFD68CD2-C25E-47BE-BC06-8CE3C657B9FD,1
535,steady,591.052419,592.148906,1096.487,1.761,1094.666,256,TCGA-AN-A0AT-01Z-00-DX1.DFD68CD2-C25E-47BE-BC06-8CE3C657B9FD,1
536,steady,592.160501,593.259433,1098.932,1.753,1097.120,256,TCGA-AN-A0AT-01Z-00-DX1.DFD68CD2-C25E-47BE-BC06-8CE3C657B9FD,1
537,steady,593.271401,594.368145,1096.744,1.767,1094.916,256,TCGA-AN-A0AT-01Z-00-DX1.DFD68CD2-C25E-47BE-BC06-8CE3C657B9FD,1
538,steady,594.380318,595.478335,1098.017,1.757,1096.189,256,TCGA-AN-A0AT-01Z-00-DX1.DFD68CD2-C25E-47BE-BC06-8CE3C657B9FD,1
539,steady,595.490132,596.586526,1096.394,1.757,1094.576,256,TCGA-AN-A0AT-01Z-00-DX1.DFD68CD2-C25E-47BE-BC06-8CE3C657B9FD,1
540,steady,596.598836,597.698037,1099.201,1.758,1097.373,256,TCGA-AN-A0AT-01Z-00-DX1.DFD68CD2-C25E-47BE-BC06-8CE3C657B9FD,1
541,steady,597.709949,598.806813,1096.864,1.753,1095.052,256,TCGA-AN-A0AT-01Z-00-DX1.DFD68CD2-C25E-47BE-BC06-8CE3C657B9FD,1
542,steady,598.818534,599.917336,1098.802,1.752,1096.991,256,TCGA-AN-A0AT-01Z-00-DX1.DFD68CD2-C25E-47BE-BC06-8CE3C657B9FD,1
543,steady,599.930003,601.027008,1097.005,1.756,1095.192,256,TCGA-AN-A0AT-01Z-00-DX1.DFD68CD2-C25E-47BE-BC06-8CE3C657B9FD,1
544,steady,601.039091,602.138707,1099.616,1.755,1097.803,256,TCGA-AN-A0AT-01Z-00-DX1.DFD68CD2-C25E-47BE-BC06-8CE3C657B9FD,1
545,steady,602.150514,603.248273,1097.758,1.756,1095.935,256,TCGA-AN-A0AT-01Z-00-DX1.DFD68CD2-C25E-47BE-BC06-8CE3C657B9FD,1
546,steady,603.260101,604.359260,1099.159,1.758,1097.341,256,TCGA-AN-A0AT-01Z-00-DX1.DFD68CD2-C25E-47BE-BC06-8CE3C657B9FD,1
547,steady,604.371032,605.468946,1097.914,1.766,1096.088,256,TCGA-AN-A0AT-01Z-00-DX1.DFD68CD2-C25E-47BE-BC06-8CE3C657B9FD,1
548,steady,605.480954,606.578770,1097.815,1.752,1096.003,256,TCGA-AN-A0AT-01Z-00-DX1.DFD68CD2-C25E-47BE-BC06-8CE3C657B9FD,1
549,steady,606.590872,607.689098,1098.225,1.758,1096.410,256,TCGA-AN-A0AT-01Z-00-DX1.DFD68CD2-C25E-47BE-BC06-8CE3C657B9FD,1
550,steady,607.700875,608.800578,1099.703,1.759,1097.884,256,TCGA-AN-A0AT-01Z-00-DX1.DFD68CD2-C25E-47BE-BC06-8CE3C657B9FD,1
551,steady,608.812413,609.910763,1098.351,1.761,1096.524,256,TCGA-AN-A0AT-01Z-00-DX1.DFD68CD2-C25E-47BE-BC06-8CE3C657B9FD,1
552,steady,609.921894,611.125517,1203.623,1.628,1201.926,239,TCGA-AN-A0AT-01Z-00-DX1.DFD68CD2-C25E-47BE-BC06-8CE3C657B9FD,1
553,steady,611.267239,612.356008,1088.768,1.800,1086.888,256,TCGA-AN-A0FT-01Z-00-DX1.6F263AB3-FB1D-4056-AEC2-4F163017324F,1
554,steady,612.367611,613.460492,1092.881,1.762,1091.056,256,TCGA-AN-A0FT-01Z-00-DX1.6F263AB3-FB1D-4056-AEC2-4F163017324F,1
555,steady,613.472083,614.566586,1094.503,1.762,1092.674,256,TCGA-AN-A0FT-01Z-00-DX1.6F263AB3-FB1D-4056-AEC2-4F163017324F,1
556,steady,614.578916,615.674629,1095.713,1.765,1093.887,256,TCGA-AN-A0FT-01Z-00-DX1.6F263AB3-FB1D-4056-AEC2-4F163017324F,1
557,steady,615.685969,616.780478,1094.510,1.754,1092.698,256,TCGA-AN-A0FT-01Z-00-DX1.6F263AB3-FB1D-4056-AEC2-4F163017324F,1
558,steady,616.791832,617.888337,1096.505,1.761,1094.685,256,TCGA-AN-A0FT-01Z-00-DX1.6F263AB3-FB1D-4056-AEC2-4F163017324F,1
559,steady,617.899952,618.996667,1096.715,1.759,1094.891,256,TCGA-AN-A0FT-01Z-00-DX1.6F263AB3-FB1D-4056-AEC2-4F163017324F,1
560,steady,619.008468,620.110274,1101.806,1.754,1099.992,256,TCGA-AN-A0FT-01Z-00-DX1.6F263AB3-FB1D-4056-AEC2-4F163017324F,1
561,steady,620.122420,621.223942,1101.522,1.760,1099.699,256,TCGA-AN-A0FT-01Z-00-DX1.6F263AB3-FB1D-4056-AEC2-4F163017324F,1
562,steady,621.236746,622.339161,1102.414,1.760,1100.586,256,TCGA-AN-A0FT-01Z-00-DX1.6F263AB3-FB1D-4056-AEC2-4F163017324F,1
563,steady,622.351865,623.455700,1103.836,1.769,1101.996,256,TCGA-AN-A0FT-01Z-00-DX1.6F263AB3-FB1D-4056-AEC2-4F163017324F,1
564,steady,623.467397,624.571878,1104.481,1.756,1102.659,256,TCGA-AN-A0FT-01Z-00-DX1.6F263AB3-FB1D-4056-AEC2-4F163017324F,1
565,steady,624.585658,625.688497,1102.839,1.762,1101.012,256,TCGA-AN-A0FT-01Z-00-DX1.6F263AB3-FB1D-4056-AEC2-4F163017324F,1
566,steady,625.699938,626.803962,1104.024,1.762,1102.204,256,TCGA-AN-A0FT-01Z-00-DX1.6F263AB3-FB1D-4056-AEC2-4F163017324F,1
567,steady,626.815461,627.921691,1106.230,1.767,1104.398,256,TCGA-AN-A0FT-01Z-00-DX1.6F263AB3-FB1D-4056-AEC2-4F163017324F,1
568,steady,627.934241,629.039338,1105.097,1.764,1103.273,256,TCGA-AN-A0FT-01Z-00-DX1.6F263AB3-FB1D-4056-AEC2-4F163017324F,1
569,steady,629.051072,630.156892,1105.820,1.759,1104.000,256,TCGA-AN-A0FT-01Z-00-DX1.6F263AB3-FB1D-4056-AEC2-4F163017324F,1
570,steady,630.168345,631.274919,1106.573,1.757,1104.758,256,TCGA-AN-A0FT-01Z-00-DX1.6F263AB3-FB1D-4056-AEC2-4F163017324F,1
571,steady,631.286527,632.393188,1106.661,1.755,1104.848,256,TCGA-AN-A0FT-01Z-00-DX1.6F263AB3-FB1D-4056-AEC2-4F163017324F,1
572,steady,632.404751,633.512246,1107.496,1.765,1105.671,256,TCGA-AN-A0FT-01Z-00-DX1.6F263AB3-FB1D-4056-AEC2-4F163017324F,1
573,steady,633.523842,634.631529,1107.686,1.760,1105.868,256,TCGA-AN-A0FT-01Z-00-DX1.6F263AB3-FB1D-4056-AEC2-4F163017324F,1
574,steady,634.643243,635.750937,1107.694,1.755,1105.874,256,TCGA-AN-A0FT-01Z-00-DX1.6F263AB3-FB1D-4056-AEC2-4F163017324F,1
575,steady,635.762771,636.871800,1109.029,1.757,1107.211,256,TCGA-AN-A0FT-01Z-00-DX1.6F263AB3-FB1D-4056-AEC2-4F163017324F,1
576,steady,636.883093,637.993204,1110.111,1.760,1108.291,256,TCGA-AN-A0FT-01Z-00-DX1.6F263AB3-FB1D-4056-AEC2-4F163017324F,1
577,steady,637.998421,638.465210,466.790,0.383,466.361,92,TCGA-AN-A0FT-01Z-00-DX1.6F263AB3-FB1D-4056-AEC2-4F163017324F,1
578,steady,638.618424,639.718915,1100.491,1.800,1098.612,256,TCGA-AQ-A54O-01Z-00-DX1.85AB0AC4-47BB-4CD8-B7FB-5928108864AC,1
579,steady,639.730666,640.838077,1107.411,1.755,1105.596,256,TCGA-AQ-A54O-01Z-00-DX1.85AB0AC4-47BB-4CD8-B7FB-5928108864AC,1
580,steady,640.849797,641.960800,1111.003,1.759,1109.185,256,TCGA-AQ-A54O-01Z-00-DX1.85AB0AC4-47BB-4CD8-B7FB-5928108864AC,1
581,steady,641.972676,643.083106,1110.429,1.758,1108.613,256,TCGA-AQ-A54O-01Z-00-DX1.85AB0AC4-47BB-4CD8-B7FB-5928108864AC,1
582,steady,643.094726,644.206514,1111.788,1.761,1109.964,256,TCGA-AQ-A54O-01Z-00-DX1.85AB0AC4-47BB-4CD8-B7FB-5928108864AC,1
583,steady,644.218256,645.330324,1112.068,1.761,1110.250,256,TCGA-AQ-A54O-01Z-00-DX1.85AB0AC4-47BB-4CD8-B7FB-5928108864AC,1
584,steady,645.341627,646.455898,1114.271,1.766,1112.448,256,TCGA-AQ-A54O-01Z-00-DX1.85AB0AC4-47BB-4CD8-B7FB-5928108864AC,1
585,steady,646.467906,647.582763,1114.858,1.756,1113.047,256,TCGA-AQ-A54O-01Z-00-DX1.85AB0AC4-47BB-4CD8-B7FB-5928108864AC,1
586,steady,647.593684,648.709607,1115.923,1.755,1114.111,256,TCGA-AQ-A54O-01Z-00-DX1.85AB0AC4-47BB-4CD8-B7FB-5928108864AC,1
587,steady,648.721530,649.837756,1116.226,1.753,1114.416,256,TCGA-AQ-A54O-01Z-00-DX1.85AB0AC4-47BB-4CD8-B7FB-5928108864AC,1
588,steady,649.849702,650.968332,1118.631,1.764,1116.807,256,TCGA-AQ-A54O-01Z-00-DX1.85AB0AC4-47BB-4CD8-B7FB-5928108864AC,1
589,steady,650.980035,652.099328,1119.293,1.751,1117.482,256,TCGA-AQ-A54O-01Z-00-DX1.85AB0AC4-47BB-4CD8-B7FB-5928108864AC,1
590,steady,652.110631,653.231133,1120.501,1.755,1118.687,256,TCGA-AQ-A54O-01Z-00-DX1.85AB0AC4-47BB-4CD8-B7FB-5928108864AC,1
591,steady,653.243272,654.363371,1120.099,1.752,1118.286,256,TCGA-AQ-A54O-01Z-00-DX1.85AB0AC4-47BB-4CD8-B7FB-5928108864AC,1
592,steady,654.375185,655.499449,1124.264,1.760,1122.450,256,TCGA-AQ-A54O-01Z-00-DX1.85AB0AC4-47BB-4CD8-B7FB-5928108864AC,1
593,steady,655.510230,656.632405,1122.175,1.754,1120.365,256,TCGA-AQ-A54O-01Z-00-DX1.85AB0AC4-47BB-4CD8-B7FB-5928108864AC,1
594,steady,656.644242,657.768011,1123.769,1.755,1121.959,256,TCGA-AQ-A54O-01Z-00-DX1.85AB0AC4-47BB-4CD8-B7FB-5928108864AC,1
595,steady,657.780341,658.917903,1137.562,1.765,1135.733,256,TCGA-AQ-A54O-01Z-00-DX1.85AB0AC4-47BB-4CD8-B7FB-5928108864AC,1
596,steady,658.929635,660.076836,1147.201,1.762,1145.379,256,TCGA-AQ-A54O-01Z-00-DX1.85AB0AC4-47BB-4CD8-B7FB-5928108864AC,1
597,steady,660.087587,661.236296,1148.710,1.762,1146.891,256,TCGA-AQ-A54O-01Z-00-DX1.85AB0AC4-47BB-4CD8-B7FB-5928108864AC,1
598,steady,661.248330,662.396663,1148.333,1.763,1146.516,256,TCGA-AQ-A54O-01Z-00-DX1.85AB0AC4-47BB-4CD8-B7FB-5928108864AC,1
599,steady,662.408463,663.555561,1147.098,1.763,1145.276,256,TCGA-AQ-A54O-01Z-00-DX1.85AB0AC4-47BB-4CD8-B7FB-5928108864AC,1
600,steady,663.566373,664.705554,1139.182,1.766,1137.355,256,TCGA-AQ-A54O-01Z-00-DX1.85AB0AC4-47BB-4CD8-B7FB-5928108864AC,1
601,steady,664.717717,665.863294,1145.577,1.756,1143.763,256,TCGA-AQ-A54O-01Z-00-DX1.85AB0AC4-47BB-4CD8-B7FB-5928108864AC,1
602,steady,665.874448,667.013041,1138.592,1.789,1136.745,256,TCGA-AQ-A54O-01Z-00-DX1.85AB0AC4-47BB-4CD8-B7FB-5928108864AC,1
603,steady,667.025242,668.162395,1137.153,1.753,1135.343,256,TCGA-AQ-A54O-01Z-00-DX1.85AB0AC4-47BB-4CD8-B7FB-5928108864AC,1
604,steady,668.174341,669.311646,1137.305,1.759,1135.486,256,TCGA-AQ-A54O-01Z-00-DX1.85AB0AC4-47BB-4CD8-B7FB-5928108864AC,1
605,steady,669.322289,670.455373,1133.085,1.756,1131.271,256,TCGA-AQ-A54O-01Z-00-DX1.85AB0AC4-47BB-4CD8-B7FB-5928108864AC,1
606,steady,670.467587,671.588244,1120.657,1.762,1118.840,256,TCGA-AQ-A54O-01Z-00-DX1.85AB0AC4-47BB-4CD8-B7FB-5928108864AC,1
607,steady,671.600055,672.714848,1114.793,1.759,1112.973,256,TCGA-AQ-A54O-01Z-00-DX1.85AB0AC4-47BB-4CD8-B7FB-5928108864AC,1
608,steady,672.725765,673.839604,1113.839,1.753,1112.031,256,TCGA-AQ-A54O-01Z-00-DX1.85AB0AC4-47BB-4CD8-B7FB-5928108864AC,1
609,steady,673.851459,674.963819,1112.360,1.758,1110.544,256,TCGA-AQ-A54O-01Z-00-DX1.85AB0AC4-47BB-4CD8-B7FB-5928108864AC,1
610,steady,674.975613,676.087342,1111.729,1.754,1109.919,256,TCGA-AQ-A54O-01Z-00-DX1.85AB0AC4-47BB-4CD8-B7FB-5928108864AC,1
611,steady,676.098432,677.208620,1110.188,1.756,1108.379,256,TCGA-AQ-A54O-01Z-00-DX1.85AB0AC4-47BB-4CD8-B7FB-5928108864AC,1
612,steady,677.220338,678.329115,1108.777,1.763,1106.954,256,TCGA-AQ-A54O-01Z-00-DX1.85AB0AC4-47BB-4CD8-B7FB-5928108864AC,1
613,steady,678.340774,679.448447,1107.674,1.759,1105.858,256,TCGA-AQ-A54O-01Z-00-DX1.85AB0AC4-47BB-4CD8-B7FB-5928108864AC,1
614,steady,679.460079,680.567505,1107.426,1.758,1105.609,256,TCGA-AQ-A54O-01Z-00-DX1.85AB0AC4-47BB-4CD8-B7FB-5928108864AC,1
615,steady,680.579538,681.684749,1105.211,1.755,1103.400,256,TCGA-AQ-A54O-01Z-00-DX1.85AB0AC4-47BB-4CD8-B7FB-5928108864AC,1
616,steady,681.696218,682.799149,1102.931,1.761,1101.116,256,TCGA-AQ-A54O-01Z-00-DX1.85AB0AC4-47BB-4CD8-B7FB-5928108864AC,1
617,steady,682.809912,683.912566,1102.654,1.756,1100.837,256,TCGA-AQ-A54O-01Z-00-DX1.85AB0AC4-47BB-4CD8-B7FB-5928108864AC,1
618,steady,683.924848,685.025651,1100.803,1.761,1098.989,256,TCGA-AQ-A54O-01Z-00-DX1.85AB0AC4-47BB-4CD8-B7FB-5928108864AC,1
619,steady,685.037545,686.140551,1103.007,1.761,1101.192,256,TCGA-AQ-A54O-01Z-00-DX1.85AB0AC4-47BB-4CD8-B7FB-5928108864AC,1
620,steady,686.151617,687.253408,1101.791,1.755,1099.983,256,TCGA-AQ-A54O-01Z-00-DX1.85AB0AC4-47BB-4CD8-B7FB-5928108864AC,1
621,steady,687.265295,688.363918,1098.623,1.762,1096.808,256,TCGA-AQ-A54O-01Z-00-DX1.85AB0AC4-47BB-4CD8-B7FB-5928108864AC,1
622,steady,688.375868,689.481909,1106.041,1.752,1104.238,256,TCGA-AQ-A54O-01Z-00-DX1.85AB0AC4-47BB-4CD8-B7FB-5928108864AC,1
623,steady,689.492442,690.595892,1103.450,1.760,1101.620,256,TCGA-AQ-A54O-01Z-00-DX1.85AB0AC4-47BB-4CD8-B7FB-5928108864AC,1
624,steady,690.607921,691.711088,1103.166,1.785,1101.301,256,TCGA-AQ-A54O-01Z-00-DX1.85AB0AC4-47BB-4CD8-B7FB-5928108864AC,1
625,steady,691.722959,692.823519,1100.561,1.767,1098.738,256,TCGA-AQ-A54O-01Z-00-DX1.85AB0AC4-47BB-4CD8-B7FB-5928108864AC,1
626,steady,692.835156,693.939743,1104.587,1.759,1102.773,256,TCGA-AQ-A54O-01Z-00-DX1.85AB0AC4-47BB-4CD8-B7FB-5928108864AC,1
627,steady,693.950581,695.051944,1101.363,1.757,1099.550,256,TCGA-AQ-A54O-01Z-00-DX1.85AB0AC4-47BB-4CD8-B7FB-5928108864AC,1
628,steady,695.063862,696.160886,1097.024,1.763,1095.206,256,TCGA-AQ-A54O-01Z-00-DX1.85AB0AC4-47BB-4CD8-B7FB-5928108864AC,1
629,steady,696.173016,697.267485,1094.468,1.758,1092.651,256,TCGA-AQ-A54O-01Z-00-DX1.85AB0AC4-47BB-4CD8-B7FB-5928108864AC,1
630,steady,697.279077,698.374251,1095.173,1.759,1093.360,256,TCGA-AQ-A54O-01Z-00-DX1.85AB0AC4-47BB-4CD8-B7FB-5928108864AC,1
631,steady,698.386230,699.480867,1094.637,1.763,1092.815,256,TCGA-AQ-A54O-01Z-00-DX1.85AB0AC4-47BB-4CD8-B7FB-5928108864AC,1
632,steady,699.493145,700.590452,1097.307,1.760,1095.493,256,TCGA-AQ-A54O-01Z-00-DX1.85AB0AC4-47BB-4CD8-B7FB-5928108864AC,1
633,steady,700.602002,701.698661,1096.660,1.750,1094.853,256,TCGA-AQ-A54O-01Z-00-DX1.85AB0AC4-47BB-4CD8-B7FB-5928108864AC,1
634,steady,701.710148,702.805350,1095.202,1.755,1093.390,256,TCGA-AQ-A54O-01Z-00-DX1.85AB0AC4-47BB-4CD8-B7FB-5928108864AC,1
635,steady,702.816938,703.908897,1091.959,1.757,1090.143,256,TCGA-AQ-A54O-01Z-00-DX1.85AB0AC4-47BB-4CD8-B7FB-5928108864AC,1
636,steady,703.919457,705.014268,1094.811,1.759,1092.989,256,TCGA-AQ-A54O-01Z-00-DX1.85AB0AC4-47BB-4CD8-B7FB-5928108864AC,1
637,steady,705.027425,706.124766,1097.340,1.756,1095.528,256,TCGA-AQ-A54O-01Z-00-DX1.85AB0AC4-47BB-4CD8-B7FB-5928108864AC,1
638,steady,706.135789,707.230825,1095.035,1.753,1093.225,256,TCGA-AQ-A54O-01Z-00-DX1.85AB0AC4-47BB-4CD8-B7FB-5928108864AC,1
639,steady,707.242373,708.335421,1093.049,1.758,1091.232,256,TCGA-AQ-A54O-01Z-00-DX1.85AB0AC4-47BB-4CD8-B7FB-5928108864AC,1
640,steady,708.347068,709.441985,1094.916,1.756,1093.106,256,TCGA-AQ-A54O-01Z-00-DX1.85AB0AC4-47BB-4CD8-B7FB-5928108864AC,1
641,steady,709.452269,710.545952,1093.683,1.748,1091.874,256,TCGA-AQ-A54O-01Z-00-DX1.85AB0AC4-47BB-4CD8-B7FB-5928108864AC,1
642,steady,710.559627,711.654720,1095.093,1.748,1093.288,256,TCGA-AQ-A54O-01Z-00-DX1.85AB0AC4-47BB-4CD8-B7FB-5928108864AC,1
643,steady,711.666418,712.760593,1094.175,1.749,1092.372,256,TCGA-AQ-A54O-01Z-00-DX1.85AB0AC4-47BB-4CD8-B7FB-5928108864AC,1
644,steady,712.771542,713.866960,1095.418,1.755,1093.605,256,TCGA-AQ-A54O-01Z-00-DX1.85AB0AC4-47BB-4CD8-B7FB-5928108864AC,1
645,steady,713.879273,714.971674,1092.401,1.751,1090.595,256,TCGA-AQ-A54O-01Z-00-DX1.85AB0AC4-47BB-4CD8-B7FB-5928108864AC,1
646,steady,714.983194,716.078283,1095.089,1.759,1093.268,256,TCGA-AQ-A54O-01Z-00-DX1.85AB0AC4-47BB-4CD8-B7FB-5928108864AC,1
647,steady,716.088846,717.183224,1094.378,1.750,1092.571,256,TCGA-AQ-A54O-01Z-00-DX1.85AB0AC4-47BB-4CD8-B7FB-5928108864AC,1
648,steady,717.194588,718.290297,1095.709,1.753,1093.898,256,TCGA-AQ-A54O-01Z-00-DX1.85AB0AC4-47BB-4CD8-B7FB-5928108864AC,1
649,steady,718.301527,719.397015,1095.487,1.758,1093.674,256,TCGA-AQ-A54O-01Z-00-DX1.85AB0AC4-47BB-4CD8-B7FB-5928108864AC,1
650,steady,719.403643,720.147430,743.787,0.931,742.807,140,TCGA-AQ-A54O-01Z-00-DX1.85AB0AC4-47BB-4CD8-B7FB-5928108864AC,1
651,steady,720.365672,721.462092,1096.420,1.791,1094.548,256,TCGA-AR-A0U1-01Z-00-DX1.276433E7-E841-42D2-AF21-762F2FEA3B9B,1
652,steady,721.473468,722.574018,1100.550,1.752,1098.743,256,TCGA-AR-A0U1-01Z-00-DX1.276433E7-E841-42D2-AF21-762F2FEA3B9B,1
653,steady,722.585325,723.686152,1100.827,1.758,1099.012,256,TCGA-AR-A0U1-01Z-00-DX1.276433E7-E841-42D2-AF21-762F2FEA3B9B,1
654,steady,723.697337,724.798927,1101.590,1.757,1099.776,256,TCGA-AR-A0U1-01Z-00-DX1.276433E7-E841-42D2-AF21-762F2FEA3B9B,1
655,steady,724.810655,725.910662,1100.007,1.751,1098.200,256,TCGA-AR-A0U1-01Z-00-DX1.276433E7-E841-42D2-AF21-762F2FEA3B9B,1
656,steady,725.922482,727.024544,1102.062,1.757,1100.244,256,TCGA-AR-A0U1-01Z-00-DX1.276433E7-E841-42D2-AF21-762F2FEA3B9B,1
657,steady,727.037238,728.138809,1101.571,1.752,1099.763,256,TCGA-AR-A0U1-01Z-00-DX1.276433E7-E841-42D2-AF21-762F2FEA3B9B,1
658,steady,728.149994,729.250994,1101.000,1.757,1099.188,256,TCGA-AR-A0U1-01Z-00-DX1.276433E7-E841-42D2-AF21-762F2FEA3B9B,1
659,steady,729.262886,730.363275,1100.389,1.759,1098.571,256,TCGA-AR-A0U1-01Z-00-DX1.276433E7-E841-42D2-AF21-762F2FEA3B9B,1
660,steady,730.374467,731.474856,1100.389,1.786,1098.547,256,TCGA-AR-A0U1-01Z-00-DX1.276433E7-E841-42D2-AF21-762F2FEA3B9B,1
661,steady,731.486782,732.585637,1098.855,1.761,1097.038,256,TCGA-AR-A0U1-01Z-00-DX1.276433E7-E841-42D2-AF21-762F2FEA3B9B,1
662,steady,732.596253,733.696759,1100.506,1.756,1098.696,256,TCGA-AR-A0U1-01Z-00-DX1.276433E7-E841-42D2-AF21-762F2FEA3B9B,1
663,steady,733.708683,734.806966,1098.284,1.756,1096.469,256,TCGA-AR-A0U1-01Z-00-DX1.276433E7-E841-42D2-AF21-762F2FEA3B9B,1
664,steady,734.817984,735.916865,1098.882,1.751,1097.075,256,TCGA-AR-A0U1-01Z-00-DX1.276433E7-E841-42D2-AF21-762F2FEA3B9B,1
665,steady,735.928492,737.026634,1098.142,1.749,1096.333,256,TCGA-AR-A0U1-01Z-00-DX1.276433E7-E841-42D2-AF21-762F2FEA3B9B,1
666,steady,737.037556,738.135382,1097.826,1.756,1096.013,256,TCGA-AR-A0U1-01Z-00-DX1.276433E7-E841-42D2-AF21-762F2FEA3B9B,1
667,steady,738.147248,739.243766,1096.518,1.753,1094.704,256,TCGA-AR-A0U1-01Z-00-DX1.276433E7-E841-42D2-AF21-762F2FEA3B9B,1
668,steady,739.255107,740.353403,1098.296,1.758,1096.478,256,TCGA-AR-A0U1-01Z-00-DX1.276433E7-E841-42D2-AF21-762F2FEA3B9B,1
669,steady,740.365002,741.461955,1096.952,1.753,1095.146,256,TCGA-AR-A0U1-01Z-00-DX1.276433E7-E841-42D2-AF21-762F2FEA3B9B,1
670,steady,741.473885,742.572012,1098.127,1.755,1096.312,256,TCGA-AR-A0U1-01Z-00-DX1.276433E7-E841-42D2-AF21-762F2FEA3B9B,1
671,steady,742.582811,743.679499,1096.688,1.751,1094.869,256,TCGA-AR-A0U1-01Z-00-DX1.276433E7-E841-42D2-AF21-762F2FEA3B9B,1
672,steady,743.691084,744.786761,1095.677,1.761,1093.856,256,TCGA-AR-A0U1-01Z-00-DX1.276433E7-E841-42D2-AF21-762F2FEA3B9B,1
673,steady,744.797939,745.894550,1096.610,1.754,1094.799,256,TCGA-AR-A0U1-01Z-00-DX1.276433E7-E841-42D2-AF21-762F2FEA3B9B,1
674,steady,745.906015,747.002251,1096.236,1.755,1094.427,256,TCGA-AR-A0U1-01Z-00-DX1.276433E7-E841-42D2-AF21-762F2FEA3B9B,1
675,steady,747.013002,748.109818,1096.816,1.749,1095.014,256,TCGA-AR-A0U1-01Z-00-DX1.276433E7-E841-42D2-AF21-762F2FEA3B9B,1
676,steady,748.121949,749.217702,1095.753,1.749,1093.950,256,TCGA-AR-A0U1-01Z-00-DX1.276433E7-E841-42D2-AF21-762F2FEA3B9B,1
677,steady,749.228690,750.324257,1095.567,1.757,1093.754,256,TCGA-AR-A0U1-01Z-00-DX1.276433E7-E841-42D2-AF21-762F2FEA3B9B,1
678,steady,750.336362,751.431580,1095.218,1.758,1093.404,256,TCGA-AR-A0U1-01Z-00-DX1.276433E7-E841-42D2-AF21-762F2FEA3B9B,1
679,steady,751.443249,752.538100,1094.851,1.754,1093.040,256,TCGA-AR-A0U1-01Z-00-DX1.276433E7-E841-42D2-AF21-762F2FEA3B9B,1
680,steady,752.550114,753.646300,1096.186,1.755,1094.376,256,TCGA-AR-A0U1-01Z-00-DX1.276433E7-E841-42D2-AF21-762F2FEA3B9B,1
681,steady,753.657008,754.753740,1096.732,1.751,1094.921,256,TCGA-AR-A0U1-01Z-00-DX1.276433E7-E841-42D2-AF21-762F2FEA3B9B,1
682,steady,754.765362,755.861506,1096.144,1.762,1094.321,256,TCGA-AR-A0U1-01Z-00-DX1.276433E7-E841-42D2-AF21-762F2FEA3B9B,1
683,steady,755.873062,756.968923,1095.862,1.752,1094.055,256,TCGA-AR-A0U1-01Z-00-DX1.276433E7-E841-42D2-AF21-762F2FEA3B9B,1
684,steady,756.979850,758.075474,1095.624,1.750,1093.817,256,TCGA-AR-A0U1-01Z-00-DX1.276433E7-E841-42D2-AF21-762F2FEA3B9B,1
685,steady,758.087023,759.183948,1096.925,1.751,1095.119,256,TCGA-AR-A0U1-01Z-00-DX1.276433E7-E841-42D2-AF21-762F2FEA3B9B,1
686,steady,759.186050,759.332499,146.449,0.307,146.074,20,TCGA-AR-A0U1-01Z-00-DX1.276433E7-E841-42D2-AF21-762F2FEA3B9B,1
687,steady,759.482962,760.567231,1084.269,1.802,1082.385,256,TCGA-AR-A24U-01Z-00-DX1.220FD0D0-0DB6-4E3C-92A0-66CD6509F0AD,1
688,steady,760.578592,761.666457,1087.865,1.754,1086.055,256,TCGA-AR-A24U-01Z-00-DX1.220FD0D0-0DB6-4E3C-92A0-66CD6509F0AD,1
689,steady,761.678441,762.766606,1088.165,1.755,1086.350,256,TCGA-AR-A24U-01Z-00-DX1.220FD0D0-0DB6-4E3C-92A0-66CD6509F0AD,1
690,steady,762.778064,763.864872,1086.808,1.765,1084.986,256,TCGA-AR-A24U-01Z-00-DX1.220FD0D0-0DB6-4E3C-92A0-66CD6509F0AD,1
691,steady,763.876805,764.964865,1088.060,1.755,1086.250,256,TCGA-AR-A24U-01Z-00-DX1.220FD0D0-0DB6-4E3C-92A0-66CD6509F0AD,1
692,steady,764.976210,766.065763,1089.553,1.761,1087.737,256,TCGA-AR-A24U-01Z-00-DX1.220FD0D0-0DB6-4E3C-92A0-66CD6509F0AD,1
693,steady,766.077186,767.166252,1089.067,1.749,1087.264,256,TCGA-AR-A24U-01Z-00-DX1.220FD0D0-0DB6-4E3C-92A0-66CD6509F0AD,1
694,steady,767.177699,768.265981,1088.282,1.756,1086.470,256,TCGA-AR-A24U-01Z-00-DX1.220FD0D0-0DB6-4E3C-92A0-66CD6509F0AD,1
695,steady,768.277602,769.367557,1089.955,1.755,1088.144,256,TCGA-AR-A24U-01Z-00-DX1.220FD0D0-0DB6-4E3C-92A0-66CD6509F0AD,1
696,steady,769.379203,770.470673,1091.471,1.757,1089.658,256,TCGA-AR-A24U-01Z-00-DX1.220FD0D0-0DB6-4E3C-92A0-66CD6509F0AD,1
697,steady,770.482393,771.571275,1088.882,1.760,1087.066,256,TCGA-AR-A24U-01Z-00-DX1.220FD0D0-0DB6-4E3C-92A0-66CD6509F0AD,1
698,steady,771.582798,772.675171,1092.372,1.762,1090.556,256,TCGA-AR-A24U-01Z-00-DX1.220FD0D0-0DB6-4E3C-92A0-66CD6509F0AD,1
699,steady,772.686717,773.778149,1091.432,1.756,1089.622,256,TCGA-AR-A24U-01Z-00-DX1.220FD0D0-0DB6-4E3C-92A0-66CD6509F0AD,1
700,steady,773.789777,774.880834,1091.058,1.752,1089.251,256,TCGA-AR-A24U-01Z-00-DX1.220FD0D0-0DB6-4E3C-92A0-66CD6509F0AD,1
701,steady,774.892131,775.984248,1092.117,1.754,1090.303,256,TCGA-AR-A24U-01Z-00-DX1.220FD0D0-0DB6-4E3C-92A0-66CD6509F0AD,1
702,steady,775.995775,777.087132,1091.357,1.758,1089.545,256,TCGA-AR-A24U-01Z-00-DX1.220FD0D0-0DB6-4E3C-92A0-66CD6509F0AD,1
703,steady,777.098496,778.189929,1091.433,1.760,1089.616,256,TCGA-AR-A24U-01Z-00-DX1.220FD0D0-0DB6-4E3C-92A0-66CD6509F0AD,1
704,steady,778.201454,779.296049,1094.595,1.753,1092.787,256,TCGA-AR-A24U-01Z-00-DX1.220FD0D0-0DB6-4E3C-92A0-66CD6509F0AD,1
705,steady,779.307599,780.402741,1095.142,1.752,1093.336,256,TCGA-AR-A24U-01Z-00-DX1.220FD0D0-0DB6-4E3C-92A0-66CD6509F0AD,1
706,steady,780.414377,781.508303,1093.926,1.754,1092.112,256,TCGA-AR-A24U-01Z-00-DX1.220FD0D0-0DB6-4E3C-92A0-66CD6509F0AD,1
707,steady,781.519724,782.617592,1097.868,1.760,1096.053,256,TCGA-AR-A24U-01Z-00-DX1.220FD0D0-0DB6-4E3C-92A0-66CD6509F0AD,1
708,steady,782.628969,783.726007,1097.039,1.758,1095.226,256,TCGA-AR-A24U-01Z-00-DX1.220FD0D0-0DB6-4E3C-92A0-66CD6509F0AD,1
709,steady,783.737516,784.834167,1096.651,1.763,1094.831,256,TCGA-AR-A24U-01Z-00-DX1.220FD0D0-0DB6-4E3C-92A0-66CD6509F0AD,1
710,steady,784.845685,785.944724,1099.040,1.750,1097.238,256,TCGA-AR-A24U-01Z-00-DX1.220FD0D0-0DB6-4E3C-92A0-66CD6509F0AD,1
711,steady,785.956100,787.053987,1097.887,1.760,1096.067,256,TCGA-AR-A24U-01Z-00-DX1.220FD0D0-0DB6-4E3C-92A0-66CD6509F0AD,1
712,steady,787.065431,788.165363,1099.932,1.752,1098.125,256,TCGA-AR-A24U-01Z-00-DX1.220FD0D0-0DB6-4E3C-92A0-66CD6509F0AD,1
713,steady,788.176727,789.278135,1101.408,1.756,1099.597,256,TCGA-AR-A24U-01Z-00-DX1.220FD0D0-0DB6-4E3C-92A0-66CD6509F0AD,1
714,steady,789.289759,790.390244,1100.485,1.761,1098.667,256,TCGA-AR-A24U-01Z-00-DX1.220FD0D0-0DB6-4E3C-92A0-66CD6509F0AD,1
715,steady,790.401647,791.501089,1099.443,1.752,1097.637,256,TCGA-AR-A24U-01Z-00-DX1.220FD0D0-0DB6-4E3C-92A0-66CD6509F0AD,1
716,steady,791.512298,792.615030,1102.732,1.751,1100.928,256,TCGA-AR-A24U-01Z-00-DX1.220FD0D0-0DB6-4E3C-92A0-66CD6509F0AD,1
717,steady,792.626870,793.731599,1104.729,1.751,1102.923,256,TCGA-AR-A24U-01Z-00-DX1.220FD0D0-0DB6-4E3C-92A0-66CD6509F0AD,1
718,steady,793.743176,794.850352,1107.177,1.751,1105.367,256,TCGA-AR-A24U-01Z-00-DX1.220FD0D0-0DB6-4E3C-92A0-66CD6509F0AD,1
719,steady,794.861890,795.970947,1109.057,1.752,1107.247,256,TCGA-AR-A24U-01Z-00-DX1.220FD0D0-0DB6-4E3C-92A0-66CD6509F0AD,1
720,steady,795.982879,797.091604,1108.725,1.765,1106.902,256,TCGA-AR-A24U-01Z-00-DX1.220FD0D0-0DB6-4E3C-92A0-66CD6509F0AD,1
721,steady,797.103435,798.213575,1110.140,1.761,1108.325,256,TCGA-AR-A24U-01Z-00-DX1.220FD0D0-0DB6-4E3C-92A0-66CD6509F0AD,1
722,steady,798.225373,799.337345,1111.973,1.756,1110.161,256,TCGA-AR-A24U-01Z-00-DX1.220FD0D0-0DB6-4E3C-92A0-66CD6509F0AD,1
723,steady,799.348878,800.459617,1110.738,1.757,1108.925,256,TCGA-AR-A24U-01Z-00-DX1.220FD0D0-0DB6-4E3C-92A0-66CD6509F0AD,1
724,steady,800.471335,801.581516,1110.181,1.747,1108.380,256,TCGA-AR-A24U-01Z-00-DX1.220FD0D0-0DB6-4E3C-92A0-66CD6509F0AD,1
725,steady,801.588099,802.305102,717.002,0.774,716.175,128,TCGA-AR-A24U-01Z-00-DX1.220FD0D0-0DB6-4E3C-92A0-66CD6509F0AD,1
726,steady,802.489998,803.599443,1109.445,1.797,1107.569,256,TCGA-AR-A252-01Z-00-DX1.2E7EE069-A0B8-489B-A2F0-3175FB58F468,1
727,steady,803.610804,804.723232,1112.429,1.773,1110.604,256,TCGA-AR-A252-01Z-00-DX1.2E7EE069-A0B8-489B-A2F0-3175FB58F468,1
728,steady,804.735478,805.849370,1113.891,1.758,1112.078,256,TCGA-AR-A252-01Z-00-DX1.2E7EE069-A0B8-489B-A2F0-3175FB58F468,1
729,steady,805.860869,806.975638,1114.769,1.756,1112.959,256,TCGA-AR-A252-01Z-00-DX1.2E7EE069-A0B8-489B-A2F0-3175FB58F468,1
730,steady,806.987644,808.101882,1114.238,1.751,1112.433,256,TCGA-AR-A252-01Z-00-DX1.2E7EE069-A0B8-489B-A2F0-3175FB58F468,1
731,steady,808.115252,809.231853,1116.601,1.755,1114.789,256,TCGA-AR-A252-01Z-00-DX1.2E7EE069-A0B8-489B-A2F0-3175FB58F468,1
732,steady,809.244010,810.361326,1117.316,1.753,1115.510,256,TCGA-AR-A252-01Z-00-DX1.2E7EE069-A0B8-489B-A2F0-3175FB58F468,1
733,steady,810.372741,811.490363,1117.621,1.757,1115.808,256,TCGA-AR-A252-01Z-00-DX1.2E7EE069-A0B8-489B-A2F0-3175FB58F468,1
734,steady,811.502029,812.618044,1116.015,1.759,1114.201,256,TCGA-AR-A252-01Z-00-DX1.2E7EE069-A0B8-489B-A2F0-3175FB58F468,1
735,steady,812.629749,813.745490,1115.741,1.758,1113.929,256,TCGA-AR-A252-01Z-00-DX1.2E7EE069-A0B8-489B-A2F0-3175FB58F468,1
736,steady,813.756811,814.871843,1115.033,1.761,1113.215,256,TCGA-AR-A252-01Z-00-DX1.2E7EE069-A0B8-489B-A2F0-3175FB58F468,1
737,steady,814.883263,815.996859,1113.595,1.759,1111.782,256,TCGA-AR-A252-01Z-00-DX1.2E7EE069-A0B8-489B-A2F0-3175FB58F468,1
738,steady,816.008521,817.121664,1113.144,1.767,1111.322,256,TCGA-AR-A252-01Z-00-DX1.2E7EE069-A0B8-489B-A2F0-3175FB58F468,1
739,steady,817.133620,818.246650,1113.030,1.756,1111.217,256,TCGA-AR-A252-01Z-00-DX1.2E7EE069-A0B8-489B-A2F0-3175FB58F468,1
740,steady,818.258333,819.370530,1112.197,1.751,1110.391,256,TCGA-AR-A252-01Z-00-DX1.2E7EE069-A0B8-489B-A2F0-3175FB58F468,1
741,steady,819.381836,820.491452,1109.617,1.747,1107.816,256,TCGA-AR-A252-01Z-00-DX1.2E7EE069-A0B8-489B-A2F0-3175FB58F468,1
742,steady,820.503368,821.613345,1109.977,1.765,1108.153,256,TCGA-AR-A252-01Z-00-DX1.2E7EE069-A0B8-489B-A2F0-3175FB58F468,1
743,steady,821.624844,822.733319,1108.475,1.752,1106.667,256,TCGA-AR-A252-01Z-00-DX1.2E7EE069-A0B8-489B-A2F0-3175FB58F468,1
744,steady,822.745170,823.853135,1107.965,1.751,1106.161,256,TCGA-AR-A252-01Z-00-DX1.2E7EE069-A0B8-489B-A2F0-3175FB58F468,1
745,steady,823.864933,824.973230,1108.297,1.750,1106.490,256,TCGA-AR-A252-01Z-00-DX1.2E7EE069-A0B8-489B-A2F0-3175FB58F468,1
746,steady,824.985036,826.092156,1107.121,1.759,1105.311,256,TCGA-AR-A252-01Z-00-DX1.2E7EE069-A0B8-489B-A2F0-3175FB58F468,1
747,steady,826.103934,827.208052,1104.118,1.755,1102.308,256,TCGA-AR-A252-01Z-00-DX1.2E7EE069-A0B8-489B-A2F0-3175FB58F468,1
748,steady,827.219849,828.324889,1105.040,1.756,1103.229,256,TCGA-AR-A252-01Z-00-DX1.2E7EE069-A0B8-489B-A2F0-3175FB58F468,1
749,steady,828.336670,829.441569,1104.899,1.754,1103.093,256,TCGA-AR-A252-01Z-00-DX1.2E7EE069-A0B8-489B-A2F0-3175FB58F468,1
750,steady,829.453148,830.561768,1108.620,1.757,1106.806,256,TCGA-AR-A252-01Z-00-DX1.2E7EE069-A0B8-489B-A2F0-3175FB58F468,1
751,steady,830.574184,831.681882,1107.698,1.754,1105.889,256,TCGA-AR-A252-01Z-00-DX1.2E7EE069-A0B8-489B-A2F0-3175FB58F468,1
752,steady,831.694225,832.802180,1107.955,1.757,1106.144,256,TCGA-AR-A252-01Z-00-DX1.2E7EE069-A0B8-489B-A2F0-3175FB58F468,1
753,steady,832.813826,833.921109,1107.283,1.752,1105.476,256,TCGA-AR-A252-01Z-00-DX1.2E7EE069-A0B8-489B-A2F0-3175FB58F468,1
754,steady,833.932695,835.038259,1105.564,1.759,1103.750,256,TCGA-AR-A252-01Z-00-DX1.2E7EE069-A0B8-489B-A2F0-3175FB58F468,1
755,steady,835.050211,836.154551,1104.341,1.756,1102.531,256,TCGA-AR-A252-01Z-00-DX1.2E7EE069-A0B8-489B-A2F0-3175FB58F468,1
756,steady,836.166404,837.272611,1106.207,1.755,1104.399,256,TCGA-AR-A252-01Z-00-DX1.2E7EE069-A0B8-489B-A2F0-3175FB58F468,1
757,steady,837.284178,838.390693,1106.515,1.754,1104.708,256,TCGA-AR-A252-01Z-00-DX1.2E7EE069-A0B8-489B-A2F0-3175FB58F468,1
758,steady,838.402411,839.508239,1105.828,1.757,1104.015,256,TCGA-AR-A252-01Z-00-DX1.2E7EE069-A0B8-489B-A2F0-3175FB58F468,1
759,steady,839.519741,840.624781,1105.040,1.750,1103.236,256,TCGA-AR-A252-01Z-00-DX1.2E7EE069-A0B8-489B-A2F0-3175FB58F468,1
760,steady,840.636288,841.739984,1103.696,1.760,1101.882,256,TCGA-AR-A252-01Z-00-DX1.2E7EE069-A0B8-489B-A2F0-3175FB58F468,1
761,steady,841.751310,842.856083,1104.773,1.749,1102.969,256,TCGA-AR-A252-01Z-00-DX1.2E7EE069-A0B8-489B-A2F0-3175FB58F468,1
762,steady,842.868732,843.973968,1105.235,1.758,1103.422,256,TCGA-AR-A252-01Z-00-DX1.2E7EE069-A0B8-489B-A2F0-3175FB58F468,1
763,steady,843.985624,845.089640,1104.016,1.748,1102.216,256,TCGA-AR-A252-01Z-00-DX1.2E7EE069-A0B8-489B-A2F0-3175FB58F468,1
764,steady,845.101073,846.207007,1105.934,1.751,1104.128,256,TCGA-AR-A252-01Z-00-DX1.2E7EE069-A0B8-489B-A2F0-3175FB58F468,1
765,steady,846.218440,847.323434,1104.993,1.751,1103.190,256,TCGA-AR-A252-01Z-00-DX1.2E7EE069-A0B8-489B-A2F0-3175FB58F468,1
766,steady,847.334832,848.440548,1105.716,1.759,1103.899,256,TCGA-AR-A252-01Z-00-DX1.2E7EE069-A0B8-489B-A2F0-3175FB58F468,1
767,steady,848.452460,849.556522,1104.062,1.758,1102.249,256,TCGA-AR-A252-01Z-00-DX1.2E7EE069-A0B8-489B-A2F0-3175FB58F468,1
768,steady,849.568041,850.674240,1106.199,1.755,1104.388,256,TCGA-AR-A252-01Z-00-DX1.2E7EE069-A0B8-489B-A2F0-3175FB58F468,1
769,steady,850.686119,851.791234,1105.115,1.758,1103.297,256,TCGA-AR-A252-01Z-00-DX1.2E7EE069-A0B8-489B-A2F0-3175FB58F468,1
770,steady,851.802987,852.907169,1104.182,1.756,1102.373,256,TCGA-AR-A252-01Z-00-DX1.2E7EE069-A0B8-489B-A2F0-3175FB58F468,1
771,steady,852.918873,854.025873,1107.001,1.754,1105.191,256,TCGA-AR-A252-01Z-00-DX1.2E7EE069-A0B8-489B-A2F0-3175FB58F468,1
772,steady,854.037651,855.144270,1106.618,1.760,1104.799,256,TCGA-AR-A252-01Z-00-DX1.2E7EE069-A0B8-489B-A2F0-3175FB58F468,1
773,steady,855.159432,856.265818,1106.386,1.753,1104.577,256,TCGA-AR-A252-01Z-00-DX1.2E7EE069-A0B8-489B-A2F0-3175FB58F468,1
774,steady,856.277372,857.382883,1105.511,1.760,1103.697,256,TCGA-AR-A252-01Z-00-DX1.2E7EE069-A0B8-489B-A2F0-3175FB58F468,1
775,steady,857.394183,858.500581,1106.397,1.752,1104.590,256,TCGA-AR-A252-01Z-00-DX1.2E7EE069-A0B8-489B-A2F0-3175FB58F468,1
776,steady,858.512225,859.619115,1106.891,1.751,1105.084,256,TCGA-AR-A252-01Z-00-DX1.2E7EE069-A0B8-489B-A2F0-3175FB58F468,1
777,steady,859.630724,860.738105,1107.381,1.753,1105.576,256,TCGA-AR-A252-01Z-00-DX1.2E7EE069-A0B8-489B-A2F0-3175FB58F468,1
778,steady,860.749847,861.856843,1106.996,1.751,1105.189,256,TCGA-AR-A252-01Z-00-DX1.2E7EE069-A0B8-489B-A2F0-3175FB58F468,1
779,steady,861.868695,862.975559,1106.864,1.756,1105.055,256,TCGA-AR-A252-01Z-00-DX1.2E7EE069-A0B8-489B-A2F0-3175FB58F468,1
780,steady,862.987190,864.094173,1106.983,1.755,1105.173,256,TCGA-AR-A252-01Z-00-DX1.2E7EE069-A0B8-489B-A2F0-3175FB58F468,1
781,steady,864.105407,865.213803,1108.396,1.757,1106.583,256,TCGA-AR-A252-01Z-00-DX1.2E7EE069-A0B8-489B-A2F0-3175FB58F468,1
782,steady,865.225872,866.333777,1107.905,1.755,1106.092,256,TCGA-AR-A252-01Z-00-DX1.2E7EE069-A0B8-489B-A2F0-3175FB58F468,1
783,steady,866.345246,867.455520,1110.273,1.758,1108.458,256,TCGA-AR-A252-01Z-00-DX1.2E7EE069-A0B8-489B-A2F0-3175FB58F468,1
784,steady,867.457796,867.622058,164.262,0.150,164.070,28,TCGA-AR-A252-01Z-00-DX1.2E7EE069-A0B8-489B-A2F0-3175FB58F468,1
785,steady,867.797663,868.903603,1105.940,1.790,1104.074,256,TCGA-AR-A2LE-01Z-00-DX1.E8E1FC5C-9A4A-463F-81D7-E9A8AF43EAD9,1
786,steady,868.915882,870.025902,1110.021,1.753,1108.209,256,TCGA-AR-A2LE-01Z-00-DX1.E8E1FC5C-9A4A-463F-81D7-E9A8AF43EAD9,1
787,steady,870.037687,871.144899,1107.211,1.758,1105.400,256,TCGA-AR-A2LE-01Z-00-DX1.E8E1FC5C-9A4A-463F-81D7-E9A8AF43EAD9,1
788,steady,871.157460,872.266148,1108.688,1.746,1106.890,256,TCGA-AR-A2LE-01Z-00-DX1.E8E1FC5C-9A4A-463F-81D7-E9A8AF43EAD9,1
789,steady,872.277611,873.388196,1110.585,1.750,1108.781,256,TCGA-AR-A2LE-01Z-00-DX1.E8E1FC5C-9A4A-463F-81D7-E9A8AF43EAD9,1
790,steady,873.399746,874.508821,1109.075,1.741,1107.283,256,TCGA-AR-A2LE-01Z-00-DX1.E8E1FC5C-9A4A-463F-81D7-E9A8AF43EAD9,1
791,steady,874.521030,875.634070,1113.040,1.753,1111.229,256,TCGA-AR-A2LE-01Z-00-DX1.E8E1FC5C-9A4A-463F-81D7-E9A8AF43EAD9,1
792,steady,875.645865,876.757805,1111.940,1.752,1110.134,256,TCGA-AR-A2LE-01Z-00-DX1.E8E1FC5C-9A4A-463F-81D7-E9A8AF43EAD9,1
793,steady,876.770331,877.888620,1118.289,1.751,1116.484,256,TCGA-AR-A2LE-01Z-00-DX1.E8E1FC5C-9A4A-463F-81D7-E9A8AF43EAD9,1
794,steady,877.900314,879.016275,1115.961,1.748,1114.160,256,TCGA-AR-A2LE-01Z-00-DX1.E8E1FC5C-9A4A-463F-81D7-E9A8AF43EAD9,1
795,steady,879.027608,880.143948,1116.341,1.751,1114.534,256,TCGA-AR-A2LE-01Z-00-DX1.E8E1FC5C-9A4A-463F-81D7-E9A8AF43EAD9,1
796,steady,880.155397,881.272447,1117.050,1.753,1115.239,256,TCGA-AR-A2LE-01Z-00-DX1.E8E1FC5C-9A4A-463F-81D7-E9A8AF43EAD9,1
797,steady,881.284142,882.403963,1119.821,1.747,1118.020,256,TCGA-AR-A2LE-01Z-00-DX1.E8E1FC5C-9A4A-463F-81D7-E9A8AF43EAD9,1
798,steady,882.415726,883.539357,1123.631,1.756,1121.817,256,TCGA-AR-A2LE-01Z-00-DX1.E8E1FC5C-9A4A-463F-81D7-E9A8AF43EAD9,1
799,steady,883.551361,884.674098,1122.736,1.754,1120.930,256,TCGA-AR-A2LE-01Z-00-DX1.E8E1FC5C-9A4A-463F-81D7-E9A8AF43EAD9,1
800,steady,884.690793,885.809462,1118.669,1.763,1116.853,256,TCGA-AR-A2LE-01Z-00-DX1.E8E1FC5C-9A4A-463F-81D7-E9A8AF43EAD9,1
801,steady,885.820979,886.939003,1118.024,1.751,1116.220,256,TCGA-AR-A2LE-01Z-00-DX1.E8E1FC5C-9A4A-463F-81D7-E9A8AF43EAD9,1
802,steady,886.950498,888.068946,1118.448,1.747,1116.649,256,TCGA-AR-A2LE-01Z-00-DX1.E8E1FC5C-9A4A-463F-81D7-E9A8AF43EAD9,1
803,steady,888.080843,889.197559,1116.716,1.755,1114.905,256,TCGA-AR-A2LE-01Z-00-DX1.E8E1FC5C-9A4A-463F-81D7-E9A8AF43EAD9,1
804,steady,889.209021,890.325382,1116.361,1.748,1114.562,256,TCGA-AR-A2LE-01Z-00-DX1.E8E1FC5C-9A4A-463F-81D7-E9A8AF43EAD9,1
805,steady,890.330409,890.878244,547.834,0.390,547.399,93,TCGA-AR-A2LE-01Z-00-DX1.E8E1FC5C-9A4A-463F-81D7-E9A8AF43EAD9,1
806,steady,891.000866,892.122162,1121.296,1.788,1119.431,256,TCGA-AR-A2LN-01Z-00-DX1.3EF43524-28B8-4326-9356-6BCBC63A1DA8,1
807,steady,892.133373,893.250928,1117.556,1.755,1115.746,256,TCGA-AR-A2LN-01Z-00-DX1.3EF43524-28B8-4326-9356-6BCBC63A1DA8,1
808,steady,893.262298,894.378140,1115.842,1.753,1114.035,256,TCGA-AR-A2LN-01Z-00-DX1.3EF43524-28B8-4326-9356-6BCBC63A1DA8,1
809,steady,894.389619,895.506116,1116.497,1.756,1114.688,256,TCGA-AR-A2LN-01Z-00-DX1.3EF43524-28B8-4326-9356-6BCBC63A1DA8,1
810,steady,895.517945,896.630475,1112.530,1.754,1110.723,256,TCGA-AR-A2LN-01Z-00-DX1.3EF43524-28B8-4326-9356-6BCBC63A1DA8,1
811,steady,896.641830,897.755419,1113.589,1.755,1111.781,256,TCGA-AR-A2LN-01Z-00-DX1.3EF43524-28B8-4326-9356-6BCBC63A1DA8,1
812,steady,897.767777,898.880734,1112.957,1.756,1111.146,256,TCGA-AR-A2LN-01Z-00-DX1.3EF43524-28B8-4326-9356-6BCBC63A1DA8,1
813,steady,898.892107,900.006798,1114.690,1.764,1112.873,256,TCGA-AR-A2LN-01Z-00-DX1.3EF43524-28B8-4326-9356-6BCBC63A1DA8,1
814,steady,900.020595,901.133913,1113.318,1.750,1111.514,256,TCGA-AR-A2LN-01Z-00-DX1.3EF43524-28B8-4326-9356-6BCBC63A1DA8,1
815,steady,901.145853,902.260713,1114.860,1.764,1113.042,256,TCGA-AR-A2LN-01Z-00-DX1.3EF43524-28B8-4326-9356-6BCBC63A1DA8,1
816,steady,902.272185,903.387390,1115.205,1.750,1113.401,256,TCGA-AR-A2LN-01Z-00-DX1.3EF43524-28B8-4326-9356-6BCBC63A1DA8,1
817,steady,903.398984,904.514243,1115.259,1.761,1113.444,256,TCGA-AR-A2LN-01Z-00-DX1.3EF43524-28B8-4326-9356-6BCBC63A1DA8,1
818,steady,904.525759,905.640980,1115.221,1.747,1113.420,256,TCGA-AR-A2LN-01Z-00-DX1.3EF43524-28B8-4326-9356-6BCBC63A1DA8,1
819,steady,905.652659,906.767583,1114.923,1.755,1113.115,256,TCGA-AR-A2LN-01Z-00-DX1.3EF43524-28B8-4326-9356-6BCBC63A1DA8,1
820,steady,906.779297,907.893741,1114.443,1.756,1112.629,256,TCGA-AR-A2LN-01Z-00-DX1.3EF43524-28B8-4326-9356-6BCBC63A1DA8,1
821,steady,907.905320,909.020954,1115.635,1.756,1113.827,256,TCGA-AR-A2LN-01Z-00-DX1.3EF43524-28B8-4326-9356-6BCBC63A1DA8,1
822,steady,909.032519,910.148034,1115.515,1.750,1113.712,256,TCGA-AR-A2LN-01Z-00-DX1.3EF43524-28B8-4326-9356-6BCBC63A1DA8,1
823,steady,910.159831,911.276453,1116.622,1.751,1114.815,256,TCGA-AR-A2LN-01Z-00-DX1.3EF43524-28B8-4326-9356-6BCBC63A1DA8,1
824,steady,911.288479,912.405842,1117.364,1.750,1115.561,256,TCGA-AR-A2LN-01Z-00-DX1.3EF43524-28B8-4326-9356-6BCBC63A1DA8,1
825,steady,912.417862,913.534572,1116.710,1.756,1114.898,256,TCGA-AR-A2LN-01Z-00-DX1.3EF43524-28B8-4326-9356-6BCBC63A1DA8,1
826,steady,913.548450,914.665263,1116.813,1.755,1115.003,256,TCGA-AR-A2LN-01Z-00-DX1.3EF43524-28B8-4326-9356-6BCBC63A1DA8,1
827,steady,914.676926,915.793655,1116.730,1.755,1114.921,256,TCGA-AR-A2LN-01Z-00-DX1.3EF43524-28B8-4326-9356-6BCBC63A1DA8,1
828,steady,915.805265,916.922457,1117.192,1.747,1115.393,256,TCGA-AR-A2LN-01Z-00-DX1.3EF43524-28B8-4326-9356-6BCBC63A1DA8,1
829,steady,916.934062,918.051450,1117.388,1.756,1115.578,256,TCGA-AR-A2LN-01Z-00-DX1.3EF43524-28B8-4326-9356-6BCBC63A1DA8,1
830,steady,918.063301,919.181596,1118.295,1.749,1116.490,256,TCGA-AR-A2LN-01Z-00-DX1.3EF43524-28B8-4326-9356-6BCBC63A1DA8,1
831,steady,919.193170,920.312407,1119.237,1.757,1117.426,256,TCGA-AR-A2LN-01Z-00-DX1.3EF43524-28B8-4326-9356-6BCBC63A1DA8,1
832,steady,920.324041,921.443974,1119.933,1.744,1118.136,256,TCGA-AR-A2LN-01Z-00-DX1.3EF43524-28B8-4326-9356-6BCBC63A1DA8,1
833,steady,921.455712,922.575658,1119.946,1.754,1118.137,256,TCGA-AR-A2LN-01Z-00-DX1.3EF43524-28B8-4326-9356-6BCBC63A1DA8,1
834,steady,922.587471,923.707054,1119.583,1.756,1117.770,256,TCGA-AR-A2LN-01Z-00-DX1.3EF43524-28B8-4326-9356-6BCBC63A1DA8,1
835,steady,923.718929,924.840783,1121.855,1.748,1120.055,256,TCGA-AR-A2LN-01Z-00-DX1.3EF43524-28B8-4326-9356-6BCBC63A1DA8,1
836,steady,924.852203,925.974205,1122.001,1.754,1120.193,256,TCGA-AR-A2LN-01Z-00-DX1.3EF43524-28B8-4326-9356-6BCBC63A1DA8,1
837,steady,925.985589,927.106372,1120.783,1.756,1118.973,256,TCGA-AR-A2LN-01Z-00-DX1.3EF43524-28B8-4326-9356-6BCBC63A1DA8,1
838,steady,927.118220,928.238021,1119.801,1.755,1117.993,256,TCGA-AR-A2LN-01Z-00-DX1.3EF43524-28B8-4326-9356-6BCBC63A1DA8,1
839,steady,928.249656,929.368955,1119.300,1.750,1117.496,256,TCGA-AR-A2LN-01Z-00-DX1.3EF43524-28B8-4326-9356-6BCBC63A1DA8,1
840,steady,929.381009,930.500930,1119.922,1.755,1118.105,256,TCGA-AR-A2LN-01Z-00-DX1.3EF43524-28B8-4326-9356-6BCBC63A1DA8,1
841,steady,930.512780,931.631924,1119.144,1.760,1117.322,256,TCGA-AR-A2LN-01Z-00-DX1.3EF43524-28B8-4326-9356-6BCBC63A1DA8,1
842,steady,931.643686,932.760589,1116.903,1.757,1115.093,256,TCGA-AR-A2LN-01Z-00-DX1.3EF43524-28B8-4326-9356-6BCBC63A1DA8,1
843,steady,932.772575,933.891234,1118.660,1.760,1116.842,256,TCGA-AR-A2LN-01Z-00-DX1.3EF43524-28B8-4326-9356-6BCBC63A1DA8,1
844,steady,933.902644,935.019738,1117.094,1.747,1115.296,256,TCGA-AR-A2LN-01Z-00-DX1.3EF43524-28B8-4326-9356-6BCBC63A1DA8,1
845,steady,935.031466,936.147896,1116.430,1.753,1114.619,256,TCGA-AR-A2LN-01Z-00-DX1.3EF43524-28B8-4326-9356-6BCBC63A1DA8,1
846,steady,936.159403,937.275761,1116.358,1.753,1114.550,256,TCGA-AR-A2LN-01Z-00-DX1.3EF43524-28B8-4326-9356-6BCBC63A1DA8,1
847,steady,937.287588,938.404586,1116.997,1.754,1115.187,256,TCGA-AR-A2LN-01Z-00-DX1.3EF43524-28B8-4326-9356-6BCBC63A1DA8,1
848,steady,938.416166,939.531198,1115.032,1.758,1113.216,256,TCGA-AR-A2LN-01Z-00-DX1.3EF43524-28B8-4326-9356-6BCBC63A1DA8,1
849,steady,939.542572,940.657718,1115.146,1.755,1113.338,256,TCGA-AR-A2LN-01Z-00-DX1.3EF43524-28B8-4326-9356-6BCBC63A1DA8,1
850,steady,940.669204,941.784039,1114.835,1.750,1113.031,256,TCGA-AR-A2LN-01Z-00-DX1.3EF43524-28B8-4326-9356-6BCBC63A1DA8,1
851,steady,941.796008,942.911572,1115.563,1.762,1113.747,256,TCGA-AR-A2LN-01Z-00-DX1.3EF43524-28B8-4326-9356-6BCBC63A1DA8,1
852,steady,942.923045,944.037329,1114.284,1.758,1112.475,256,TCGA-AR-A2LN-01Z-00-DX1.3EF43524-28B8-4326-9356-6BCBC63A1DA8,1
853,steady,944.048941,945.164017,1115.075,1.753,1113.271,256,TCGA-AR-A2LN-01Z-00-DX1.3EF43524-28B8-4326-9356-6BCBC63A1DA8,1
854,steady,945.175506,946.290502,1114.997,1.753,1113.191,256,TCGA-AR-A2LN-01Z-00-DX1.3EF43524-28B8-4326-9356-6BCBC63A1DA8,1
855,steady,946.301831,947.415918,1114.086,1.750,1112.281,256,TCGA-AR-A2LN-01Z-00-DX1.3EF43524-28B8-4326-9356-6BCBC63A1DA8,1
856,steady,947.429346,948.543893,1114.547,1.747,1112.744,256,TCGA-AR-A2LN-01Z-00-DX1.3EF43524-28B8-4326-9356-6BCBC63A1DA8,1
857,steady,948.556347,949.672121,1115.774,1.757,1113.964,256,TCGA-AR-A2LN-01Z-00-DX1.3EF43524-28B8-4326-9356-6BCBC63A1DA8,1
858,steady,949.681010,950.695016,1014.005,1.290,1012.663,190,TCGA-AR-A2LN-01Z-00-DX1.3EF43524-28B8-4326-9356-6BCBC63A1DA8,1
859,steady,950.871451,951.981181,1109.730,1.792,1107.859,256,TCGA-B6-A0I2-01Z-00-DX1.885D2034-73B7-48AE-8343-631F89061C38,1
860,steady,951.992878,953.105705,1112.826,1.760,1111.010,256,TCGA-B6-A0I2-01Z-00-DX1.885D2034-73B7-48AE-8343-631F89061C38,1
861,steady,953.117628,954.230046,1112.418,1.749,1110.613,256,TCGA-B6-A0I2-01Z-00-DX1.885D2034-73B7-48AE-8343-631F89061C38,1
862,steady,954.241533,955.354881,1113.349,1.760,1111.527,256,TCGA-B6-A0I2-01Z-00-DX1.885D2034-73B7-48AE-8343-631F89061C38,1
863,steady,955.367010,956.481512,1114.502,1.755,1112.694,256,TCGA-B6-A0I2-01Z-00-DX1.885D2034-73B7-48AE-8343-631F89061C38,1
864,steady,956.493094,957.607830,1114.736,1.758,1112.924,256,TCGA-B6-A0I2-01Z-00-DX1.885D2034-73B7-48AE-8343-631F89061C38,1
865,steady,957.619759,958.735049,1115.290,1.753,1113.483,256,TCGA-B6-A0I2-01Z-00-DX1.885D2034-73B7-48AE-8343-631F89061C38,1
866,steady,958.746441,959.862459,1116.018,1.751,1114.213,256,TCGA-B6-A0I2-01Z-00-DX1.885D2034-73B7-48AE-8343-631F89061C38,1
867,steady,959.874475,960.990125,1115.650,1.773,1113.823,256,TCGA-B6-A0I2-01Z-00-DX1.885D2034-73B7-48AE-8343-631F89061C38,1
868,steady,961.001971,962.116282,1114.312,1.753,1112.505,256,TCGA-B6-A0I2-01Z-00-DX1.885D2034-73B7-48AE-8343-631F89061C38,1
869,steady,962.128175,963.243527,1115.352,1.752,1113.546,256,TCGA-B6-A0I2-01Z-00-DX1.885D2034-73B7-48AE-8343-631F89061C38,1
870,steady,963.255311,964.371264,1115.953,1.747,1114.152,256,TCGA-B6-A0I2-01Z-00-DX1.885D2034-73B7-48AE-8343-631F89061C38,1
871,steady,964.383298,965.501844,1118.547,1.751,1116.740,256,TCGA-B6-A0I2-01Z-00-DX1.885D2034-73B7-48AE-8343-631F89061C38,1
872,steady,965.513891,966.631374,1117.483,1.754,1115.672,256,TCGA-B6-A0I2-01Z-00-DX1.885D2034-73B7-48AE-8343-631F89061C38,1
873,steady,966.643334,967.762865,1119.530,1.761,1117.710,256,TCGA-B6-A0I2-01Z-00-DX1.885D2034-73B7-48AE-8343-631F89061C38,1
874,steady,967.775055,968.893276,1118.221,1.757,1116.411,256,TCGA-B6-A0I2-01Z-00-DX1.885D2034-73B7-48AE-8343-631F89061C38,1
875,steady,968.905500,970.026604,1121.105,1.755,1119.296,256,TCGA-B6-A0I2-01Z-00-DX1.885D2034-73B7-48AE-8343-631F89061C38,1
876,steady,970.039379,971.157985,1118.606,1.757,1116.791,256,TCGA-B6-A0I2-01Z-00-DX1.885D2034-73B7-48AE-8343-631F89061C38,1
877,steady,971.169691,972.290710,1121.019,1.750,1119.216,256,TCGA-B6-A0I2-01Z-00-DX1.885D2034-73B7-48AE-8343-631F89061C38,1
878,steady,972.302543,973.422765,1120.222,1.762,1118.407,256,TCGA-B6-A0I2-01Z-00-DX1.885D2034-73B7-48AE-8343-631F89061C38,1
879,steady,973.434691,974.554115,1119.423,1.764,1117.599,256,TCGA-B6-A0I2-01Z-00-DX1.885D2034-73B7-48AE-8343-631F89061C38,1
880,steady,974.566092,975.684769,1118.677,1.753,1116.872,256,TCGA-B6-A0I2-01Z-00-DX1.885D2034-73B7-48AE-8343-631F89061C38,1
881,steady,975.696804,976.814644,1117.840,1.751,1116.035,256,TCGA-B6-A0I2-01Z-00-DX1.885D2034-73B7-48AE-8343-631F89061C38,1
882,steady,976.826731,977.944754,1118.023,1.756,1116.212,256,TCGA-B6-A0I2-01Z-00-DX1.885D2034-73B7-48AE-8343-631F89061C38,1
883,steady,977.956506,979.073003,1116.497,1.749,1114.692,256,TCGA-B6-A0I2-01Z-00-DX1.885D2034-73B7-48AE-8343-631F89061C38,1
884,steady,979.084712,980.201830,1117.117,1.758,1115.304,256,TCGA-B6-A0I2-01Z-00-DX1.885D2034-73B7-48AE-8343-631F89061C38,1
885,steady,980.213286,981.329393,1116.108,1.747,1114.303,256,TCGA-B6-A0I2-01Z-00-DX1.885D2034-73B7-48AE-8343-631F89061C38,1
886,steady,981.341236,982.457058,1115.822,1.757,1114.009,256,TCGA-B6-A0I2-01Z-00-DX1.885D2034-73B7-48AE-8343-631F89061C38,1
887,steady,982.468899,983.583791,1114.893,1.748,1113.090,256,TCGA-B6-A0I2-01Z-00-DX1.885D2034-73B7-48AE-8343-631F89061C38,1
888,steady,983.595454,984.709142,1113.688,1.756,1111.876,256,TCGA-B6-A0I2-01Z-00-DX1.885D2034-73B7-48AE-8343-631F89061C38,1
889,steady,984.721045,985.835419,1114.374,1.749,1112.570,256,TCGA-B6-A0I2-01Z-00-DX1.885D2034-73B7-48AE-8343-631F89061C38,1
890,steady,985.847279,986.960408,1113.129,1.758,1111.317,256,TCGA-B6-A0I2-01Z-00-DX1.885D2034-73B7-48AE-8343-631F89061C38,1
891,steady,986.972027,988.085901,1113.874,1.757,1112.063,256,TCGA-B6-A0I2-01Z-00-DX1.885D2034-73B7-48AE-8343-631F89061C38,1
892,steady,988.097659,989.212181,1114.522,1.753,1112.714,256,TCGA-B6-A0I2-01Z-00-DX1.885D2034-73B7-48AE-8343-631F89061C38,1
893,steady,989.223833,990.337963,1114.130,1.753,1112.322,256,TCGA-B6-A0I2-01Z-00-DX1.885D2034-73B7-48AE-8343-631F89061C38,1
894,steady,990.349888,991.463059,1113.171,1.752,1111.365,256,TCGA-B6-A0I2-01Z-00-DX1.885D2034-73B7-48AE-8343-631F89061C38,1
895,steady,991.474636,992.587940,1113.305,1.751,1111.500,256,TCGA-B6-A0I2-01Z-00-DX1.885D2034-73B7-48AE-8343-631F89061C38,1
896,steady,992.599462,993.713373,1113.911,1.757,1112.098,256,TCGA-B6-A0I2-01Z-00-DX1.885D2034-73B7-48AE-8343-631F89061C38,1
897,steady,993.725155,994.838228,1113.073,1.753,1111.242,256,TCGA-B6-A0I2-01Z-00-DX1.885D2034-73B7-48AE-8343-631F89061C38,1
898,steady,994.843700,995.383852,540.152,0.502,539.572,102,TCGA-B6-A0I2-01Z-00-DX1.885D2034-73B7-48AE-8343-631F89061C38,1
899,steady,995.609453,996.716041,1106.589,1.800,1104.707,256,TCGA-B6-A0IH-01Z-00-DX1.3463B12E-D1B0-4FB2-B257-BFD63BA2B6BF,1
900,steady,996.727814,997.839905,1112.091,1.778,1110.254,256,TCGA-B6-A0IH-01Z-00-DX1.3463B12E-D1B0-4FB2-B257-BFD63BA2B6BF,1
901,steady,997.851463,998.963006,1111.543,1.758,1109.725,256,TCGA-B6-A0IH-01Z-00-DX1.3463B12E-D1B0-4FB2-B257-BFD63BA2B6BF,1
902,steady,998.974624,1000.088692,1114.068,1.763,1112.242,256,TCGA-B6-A0IH-01Z-00-DX1.3463B12E-D1B0-4FB2-B257-BFD63BA2B6BF,1
903,steady,1000.100085,1001.213199,1113.114,1.759,1111.294,256,TCGA-B6-A0IH-01Z-00-DX1.3463B12E-D1B0-4FB2-B257-BFD63BA2B6BF,1
904,steady,1001.224921,1002.337499,1112.578,1.762,1110.754,256,TCGA-B6-A0IH-01Z-00-DX1.3463B12E-D1B0-4FB2-B257-BFD63BA2B6BF,1
905,steady,1002.349086,1003.461661,1112.575,1.760,1110.741,256,TCGA-B6-A0IH-01Z-00-DX1.3463B12E-D1B0-4FB2-B257-BFD63BA2B6BF,1
906,steady,1003.473379,1004.586804,1113.424,1.774,1111.573,256,TCGA-B6-A0IH-01Z-00-DX1.3463B12E-D1B0-4FB2-B257-BFD63BA2B6BF,1
907,steady,1004.598592,1005.713197,1114.605,1.762,1112.782,256,TCGA-B6-A0IH-01Z-00-DX1.3463B12E-D1B0-4FB2-B257-BFD63BA2B6BF,1
908,steady,1005.724994,1006.839040,1114.046,1.764,1112.220,256,TCGA-B6-A0IH-01Z-00-DX1.3463B12E-D1B0-4FB2-B257-BFD63BA2B6BF,1
909,steady,1006.850514,1007.966629,1116.115,1.760,1114.290,256,TCGA-B6-A0IH-01Z-00-DX1.3463B12E-D1B0-4FB2-B257-BFD63BA2B6BF,1
910,steady,1007.978567,1009.095327,1116.760,1.768,1114.930,256,TCGA-B6-A0IH-01Z-00-DX1.3463B12E-D1B0-4FB2-B257-BFD63BA2B6BF,1
911,steady,1009.106772,1010.221979,1115.207,1.786,1113.351,256,TCGA-B6-A0IH-01Z-00-DX1.3463B12E-D1B0-4FB2-B257-BFD63BA2B6BF,1
912,steady,1010.233387,1011.349406,1116.020,1.767,1114.185,256,TCGA-B6-A0IH-01Z-00-DX1.3463B12E-D1B0-4FB2-B257-BFD63BA2B6BF,1
913,steady,1011.361046,1012.476111,1115.065,1.764,1113.236,256,TCGA-B6-A0IH-01Z-00-DX1.3463B12E-D1B0-4FB2-B257-BFD63BA2B6BF,1
914,steady,1012.487719,1013.605559,1117.841,1.761,1116.021,256,TCGA-B6-A0IH-01Z-00-DX1.3463B12E-D1B0-4FB2-B257-BFD63BA2B6BF,1
915,steady,1013.618151,1014.734532,1116.381,1.756,1114.561,256,TCGA-B6-A0IH-01Z-00-DX1.3463B12E-D1B0-4FB2-B257-BFD63BA2B6BF,1
916,steady,1014.746118,1015.863201,1117.082,1.764,1115.264,256,TCGA-B6-A0IH-01Z-00-DX1.3463B12E-D1B0-4FB2-B257-BFD63BA2B6BF,1
917,steady,1015.875402,1016.994082,1118.680,1.758,1116.865,256,TCGA-B6-A0IH-01Z-00-DX1.3463B12E-D1B0-4FB2-B257-BFD63BA2B6BF,1
918,steady,1017.005675,1018.125118,1119.444,1.756,1117.631,256,TCGA-B6-A0IH-01Z-00-DX1.3463B12E-D1B0-4FB2-B257-BFD63BA2B6BF,1
919,steady,1018.136616,1019.255418,1118.802,1.760,1116.977,256,TCGA-B6-A0IH-01Z-00-DX1.3463B12E-D1B0-4FB2-B257-BFD63BA2B6BF,1
920,steady,1019.266989,1020.386719,1119.730,1.759,1117.911,256,TCGA-B6-A0IH-01Z-00-DX1.3463B12E-D1B0-4FB2-B257-BFD63BA2B6BF,1
921,steady,1020.398279,1021.519946,1121.667,1.756,1119.857,256,TCGA-B6-A0IH-01Z-00-DX1.3463B12E-D1B0-4FB2-B257-BFD63BA2B6BF,1
922,steady,1021.531569,1022.652776,1121.207,1.770,1119.376,256,TCGA-B6-A0IH-01Z-00-DX1.3463B12E-D1B0-4FB2-B257-BFD63BA2B6BF,1
923,steady,1022.664170,1023.786974,1122.804,1.761,1120.982,256,TCGA-B6-A0IH-01Z-00-DX1.3463B12E-D1B0-4FB2-B257-BFD63BA2B6BF,1
924,steady,1023.798502,1024.920158,1121.656,1.772,1119.812,256,TCGA-B6-A0IH-01Z-00-DX1.3463B12E-D1B0-4FB2-B257-BFD63BA2B6BF,1
925,steady,1024.931530,1026.054213,1122.683,1.766,1120.852,256,TCGA-B6-A0IH-01Z-00-DX1.3463B12E-D1B0-4FB2-B257-BFD63BA2B6BF,1
926,steady,1026.065674,1027.188945,1123.271,1.782,1121.422,256,TCGA-B6-A0IH-01Z-00-DX1.3463B12E-D1B0-4FB2-B257-BFD63BA2B6BF,1
927,steady,1027.200420,1028.323404,1122.985,1.766,1121.152,256,TCGA-B6-A0IH-01Z-00-DX1.3463B12E-D1B0-4FB2-B257-BFD63BA2B6BF,1
928,steady,1028.334911,1029.456436,1121.524,1.764,1119.701,256,TCGA-B6-A0IH-01Z-00-DX1.3463B12E-D1B0-4FB2-B257-BFD63BA2B6BF,1
929,steady,1029.468156,1030.590681,1122.525,1.765,1120.698,256,TCGA-B6-A0IH-01Z-00-DX1.3463B12E-D1B0-4FB2-B257-BFD63BA2B6BF,1
930,steady,1030.602195,1031.724534,1122.339,1.770,1120.500,256,TCGA-B6-A0IH-01Z-00-DX1.3463B12E-D1B0-4FB2-B257-BFD63BA2B6BF,1
931,steady,1031.736239,1032.857035,1120.796,1.764,1118.969,256,TCGA-B6-A0IH-01Z-00-DX1.3463B12E-D1B0-4FB2-B257-BFD63BA2B6BF,1
932,steady,1032.868297,1033.990745,1122.448,1.766,1120.620,256,TCGA-B6-A0IH-01Z-00-DX1.3463B12E-D1B0-4FB2-B257-BFD63BA2B6BF,1
933,steady,1034.002150,1035.124339,1122.189,1.765,1120.363,256,TCGA-B6-A0IH-01Z-00-DX1.3463B12E-D1B0-4FB2-B257-BFD63BA2B6BF,1
934,steady,1035.135931,1036.256427,1120.496,1.773,1118.664,256,TCGA-B6-A0IH-01Z-00-DX1.3463B12E-D1B0-4FB2-B257-BFD63BA2B6BF,1
935,steady,1036.268186,1037.389831,1121.645,1.761,1119.826,256,TCGA-B6-A0IH-01Z-00-DX1.3463B12E-D1B0-4FB2-B257-BFD63BA2B6BF,1
936,steady,1037.401214,1038.523415,1122.202,1.765,1120.378,256,TCGA-B6-A0IH-01Z-00-DX1.3463B12E-D1B0-4FB2-B257-BFD63BA2B6BF,1
937,steady,1038.535047,1039.656623,1121.576,1.758,1119.761,256,TCGA-B6-A0IH-01Z-00-DX1.3463B12E-D1B0-4FB2-B257-BFD63BA2B6BF,1
938,steady,1039.668048,1040.790875,1122.827,1.761,1121.007,256,TCGA-B6-A0IH-01Z-00-DX1.3463B12E-D1B0-4FB2-B257-BFD63BA2B6BF,1
939,steady,1040.802447,1041.924915,1122.467,1.755,1120.655,256,TCGA-B6-A0IH-01Z-00-DX1.3463B12E-D1B0-4FB2-B257-BFD63BA2B6BF,1
940,steady,1041.936524,1043.056703,1120.180,1.756,1118.360,256,TCGA-B6-A0IH-01Z-00-DX1.3463B12E-D1B0-4FB2-B257-BFD63BA2B6BF,1
941,steady,1043.068163,1044.189950,1121.787,1.767,1119.961,256,TCGA-B6-A0IH-01Z-00-DX1.3463B12E-D1B0-4FB2-B257-BFD63BA2B6BF,1
942,steady,1044.201335,1045.322537,1121.202,1.762,1119.381,256,TCGA-B6-A0IH-01Z-00-DX1.3463B12E-D1B0-4FB2-B257-BFD63BA2B6BF,1
943,steady,1045.333906,1046.452975,1119.069,1.756,1117.256,256,TCGA-B6-A0IH-01Z-00-DX1.3463B12E-D1B0-4FB2-B257-BFD63BA2B6BF,1
944,steady,1046.464549,1047.581994,1117.444,1.765,1115.621,256,TCGA-B6-A0IH-01Z-00-DX1.3463B12E-D1B0-4FB2-B257-BFD63BA2B6BF,1
945,steady,1047.593388,1048.709524,1116.136,1.752,1114.327,256,TCGA-B6-A0IH-01Z-00-DX1.3463B12E-D1B0-4FB2-B257-BFD63BA2B6BF,1
946,steady,1048.721426,1049.836062,1114.636,1.758,1112.821,256,TCGA-B6-A0IH-01Z-00-DX1.3463B12E-D1B0-4FB2-B257-BFD63BA2B6BF,1
947,steady,1049.847580,1050.960370,1112.790,1.756,1110.973,256,TCGA-B6-A0IH-01Z-00-DX1.3463B12E-D1B0-4FB2-B257-BFD63BA2B6BF,1
948,steady,1050.972178,1052.084493,1112.316,1.764,1110.494,256,TCGA-B6-A0IH-01Z-00-DX1.3463B12E-D1B0-4FB2-B257-BFD63BA2B6BF,1
949,steady,1052.095917,1053.207097,1111.181,1.752,1109.371,256,TCGA-B6-A0IH-01Z-00-DX1.3463B12E-D1B0-4FB2-B257-BFD63BA2B6BF,1
950,steady,1053.218512,1054.328086,1109.574,1.757,1107.759,256,TCGA-B6-A0IH-01Z-00-DX1.3463B12E-D1B0-4FB2-B257-BFD63BA2B6BF,1
951,steady,1054.339835,1055.448498,1108.663,1.761,1106.841,256,TCGA-B6-A0IH-01Z-00-DX1.3463B12E-D1B0-4FB2-B257-BFD63BA2B6BF,1
952,steady,1055.460079,1056.566548,1106.469,1.754,1104.656,256,TCGA-B6-A0IH-01Z-00-DX1.3463B12E-D1B0-4FB2-B257-BFD63BA2B6BF,1
953,steady,1056.578036,1057.684420,1106.384,1.752,1104.568,256,TCGA-B6-A0IH-01Z-00-DX1.3463B12E-D1B0-4FB2-B257-BFD63BA2B6BF,1
954,steady,1057.695853,1058.802983,1107.130,1.758,1105.312,256,TCGA-B6-A0IH-01Z-00-DX1.3463B12E-D1B0-4FB2-B257-BFD63BA2B6BF,1
955,steady,1058.815471,1059.920257,1104.786,1.763,1102.963,256,TCGA-B6-A0IH-01Z-00-DX1.3463B12E-D1B0-4FB2-B257-BFD63BA2B6BF,1
956,steady,1059.931967,1061.036291,1104.324,1.761,1102.507,256,TCGA-B6-A0IH-01Z-00-DX1.3463B12E-D1B0-4FB2-B257-BFD63BA2B6BF,1
957,steady,1061.047793,1062.150676,1102.883,1.759,1101.066,256,TCGA-B6-A0IH-01Z-00-DX1.3463B12E-D1B0-4FB2-B257-BFD63BA2B6BF,1
958,steady,1062.162979,1063.265457,1102.479,1.761,1100.661,256,TCGA-B6-A0IH-01Z-00-DX1.3463B12E-D1B0-4FB2-B257-BFD63BA2B6BF,1
959,steady,1063.277248,1064.378244,1100.996,1.755,1099.184,256,TCGA-B6-A0IH-01Z-00-DX1.3463B12E-D1B0-4FB2-B257-BFD63BA2B6BF,1
960,steady,1064.389723,1065.489927,1100.204,1.772,1098.375,256,TCGA-B6-A0IH-01Z-00-DX1.3463B12E-D1B0-4FB2-B257-BFD63BA2B6BF,1
961,steady,1065.502069,1066.602357,1100.287,1.757,1098.474,256,TCGA-B6-A0IH-01Z-00-DX1.3463B12E-D1B0-4FB2-B257-BFD63BA2B6BF,1
962,steady,1066.614642,1067.714535,1099.894,1.760,1098.068,256,TCGA-B6-A0IH-01Z-00-DX1.3463B12E-D1B0-4FB2-B257-BFD63BA2B6BF,1
963,steady,1067.726260,1068.825591,1099.330,1.759,1097.515,256,TCGA-B6-A0IH-01Z-00-DX1.3463B12E-D1B0-4FB2-B257-BFD63BA2B6BF,1
964,steady,1068.837089,1069.935923,1098.834,1.757,1097.018,256,TCGA-B6-A0IH-01Z-00-DX1.3463B12E-D1B0-4FB2-B257-BFD63BA2B6BF,1
965,steady,1069.947472,1071.044547,1097.075,1.763,1095.246,256,TCGA-B6-A0IH-01Z-00-DX1.3463B12E-D1B0-4FB2-B257-BFD63BA2B6BF,1
966,steady,1071.058164,1072.155882,1097.718,1.761,1095.899,256,TCGA-B6-A0IH-01Z-00-DX1.3463B12E-D1B0-4FB2-B257-BFD63BA2B6BF,1
967,steady,1072.168708,1073.264454,1095.746,1.761,1093.917,256,TCGA-B6-A0IH-01Z-00-DX1.3463B12E-D1B0-4FB2-B257-BFD63BA2B6BF,1
968,steady,1073.275872,1074.372454,1096.581,1.766,1094.753,256,TCGA-B6-A0IH-01Z-00-DX1.3463B12E-D1B0-4FB2-B257-BFD63BA2B6BF,1
969,steady,1074.384252,1075.479874,1095.622,1.766,1093.781,256,TCGA-B6-A0IH-01Z-00-DX1.3463B12E-D1B0-4FB2-B257-BFD63BA2B6BF,1
970,steady,1075.491299,1076.587834,1096.535,1.761,1094.712,256,TCGA-B6-A0IH-01Z-00-DX1.3463B12E-D1B0-4FB2-B257-BFD63BA2B6BF,1
971,steady,1076.599534,1077.694919,1095.385,1.751,1093.574,256,TCGA-B6-A0IH-01Z-00-DX1.3463B12E-D1B0-4FB2-B257-BFD63BA2B6BF,1
972,steady,1077.706303,1078.801516,1095.212,1.759,1093.393,256,TCGA-B6-A0IH-01Z-00-DX1.3463B12E-D1B0-4FB2-B257-BFD63BA2B6BF,1
973,steady,1078.812775,1079.907577,1094.802,1.764,1092.976,256,TCGA-B6-A0IH-01Z-00-DX1.3463B12E-D1B0-4FB2-B257-BFD63BA2B6BF,1
974,steady,1079.919477,1081.014084,1094.607,1.763,1092.781,256,TCGA-B6-A0IH-01Z-00-DX1.3463B12E-D1B0-4FB2-B257-BFD63BA2B6BF,1
975,steady,1081.025596,1082.119945,1094.349,1.759,1092.523,256,TCGA-B6-A0IH-01Z-00-DX1.3463B12E-D1B0-4FB2-B257-BFD63BA2B6BF,1
976,steady,1082.131388,1083.226313,1094.925,1.767,1093.090,256,TCGA-B6-A0IH-01Z-00-DX1.3463B12E-D1B0-4FB2-B257-BFD63BA2B6BF,1
977,steady,1083.237800,1084.332290,1094.490,1.772,1092.654,256,TCGA-B6-A0IH-01Z-00-DX1.3463B12E-D1B0-4FB2-B257-BFD63BA2B6BF,1
978,steady,1084.343796,1085.438774,1094.978,1.774,1093.136,256,TCGA-B6-A0IH-01Z-00-DX1.3463B12E-D1B0-4FB2-B257-BFD63BA2B6BF,1
979,steady,1085.450008,1086.545274,1095.266,1.756,1093.446,256,TCGA-B6-A0IH-01Z-00-DX1.3463B12E-D1B0-4FB2-B257-BFD63BA2B6BF,1
980,steady,1086.556543,1087.650902,1094.359,1.763,1092.535,256,TCGA-B6-A0IH-01Z-00-DX1.3463B12E-D1B0-4FB2-B257-BFD63BA2B6BF,1
981,steady,1087.662080,1088.757097,1095.017,1.765,1093.191,256,TCGA-B6-A0IH-01Z-00-DX1.3463B12E-D1B0-4FB2-B257-BFD63BA2B6BF,1
982,steady,1088.768350,1089.862920,1094.570,1.760,1092.749,256,TCGA-B6-A0IH-01Z-00-DX1.3463B12E-D1B0-4FB2-B257-BFD63BA2B6BF,1
983,steady,1089.874126,1090.969182,1095.056,1.764,1093.225,256,TCGA-B6-A0IH-01Z-00-DX1.3463B12E-D1B0-4FB2-B257-BFD63BA2B6BF,1
984,steady,1090.980305,1092.074552,1094.247,1.769,1092.417,256,TCGA-B6-A0IH-01Z-00-DX1.3463B12E-D1B0-4FB2-B257-BFD63BA2B6BF,1
985,steady,1092.085866,1093.181076,1095.211,1.758,1093.392,256,TCGA-B6-A0IH-01Z-00-DX1.3463B12E-D1B0-4FB2-B257-BFD63BA2B6BF,1
986,steady,1093.192582,1094.287506,1094.924,1.767,1093.096,256,TCGA-B6-A0IH-01Z-00-DX1.3463B12E-D1B0-4FB2-B257-BFD63BA2B6BF,1
987,steady,1094.298764,1095.392550,1093.786,1.772,1091.952,256,TCGA-B6-A0IH-01Z-00-DX1.3463B12E-D1B0-4FB2-B257-BFD63BA2B6BF,1
988,steady,1095.400014,1095.952658,552.644,0.479,552.114,105,TCGA-B6-A0IH-01Z-00-DX1.3463B12E-D1B0-4FB2-B257-BFD63BA2B6BF,1
989,steady,1096.291247,1097.380294,1089.048,1.790,1087.170,256,TCGA-B6-A0WW-01Z-00-DX1.64048633-1D1A-4074-8C50-7641159355DB,1
990,steady,1097.391178,1098.484786,1093.608,1.775,1091.767,256,TCGA-B6-A0WW-01Z-00-DX1.64048633-1D1A-4074-8C50-7641159355DB,1
991,steady,1098.496233,1099.589083,1092.851,1.764,1091.020,256,TCGA-B6-A0WW-01Z-00-DX1.64048633-1D1A-4074-8C50-7641159355DB,1
992,steady,1099.600595,1100.694113,1093.517,1.761,1091.691,256,TCGA-B6-A0WW-01Z-00-DX1.64048633-1D1A-4074-8C50-7641159355DB,1
993,steady,1100.705990,1101.799175,1093.185,1.764,1091.356,256,TCGA-B6-A0WW-01Z-00-DX1.64048633-1D1A-4074-8C50-7641159355DB,1
994,steady,1101.810068,1102.904716,1094.648,1.752,1092.836,256,TCGA-B6-A0WW-01Z-00-DX1.64048633-1D1A-4074-8C50-7641159355DB,1
995,steady,1102.916281,1104.011040,1094.759,1.769,1092.927,256,TCGA-B6-A0WW-01Z-00-DX1.64048633-1D1A-4074-8C50-7641159355DB,1
996,steady,1104.022036,1105.117094,1095.058,1.755,1093.246,256,TCGA-B6-A0WW-01Z-00-DX1.64048633-1D1A-4074-8C50-7641159355DB,1
997,steady,1105.128940,1106.224335,1095.395,1.782,1093.544,256,TCGA-B6-A0WW-01Z-00-DX1.64048633-1D1A-4074-8C50-7641159355DB,1
998,steady,1106.235966,1107.330903,1094.937,1.761,1093.108,256,TCGA-B6-A0WW-01Z-00-DX1.64048633-1D1A-4074-8C50-7641159355DB,1
999,steady,1107.343142,1108.438986,1095.845,1.766,1094.017,256,TCGA-B6-A0WW-01Z-00-DX1.64048633-1D1A-4074-8C50-7641159355DB,1
1000,steady,1108.449837,1109.545052,1095.215,1.761,1093.390,256,TCGA-B6-A0WW-01Z-00-DX1.64048633-1D1A-4074-8C50-7641159355DB,1
1001,steady,1109.556872,1110.652218,1095.346,1.762,1093.517,256,TCGA-B6-A0WW-01Z-00-DX1.64048633-1D1A-4074-8C50-7641159355DB,1
1002,steady,1110.679742,1111.773478,1093.736,1.749,1091.926,256,TCGA-B6-A0WW-01Z-00-DX1.64048633-1D1A-4074-8C50-7641159355DB,1
1003,steady,1111.785642,1112.882734,1097.092,1.806,1095.189,256,TCGA-B6-A0WW-01Z-00-DX1.64048633-1D1A-4074-8C50-7641159355DB,1
1004,steady,1112.894297,1113.990421,1096.125,1.758,1094.298,256,TCGA-B6-A0WW-01Z-00-DX1.64048633-1D1A-4074-8C50-7641159355DB,1
1005,steady,1114.002505,1115.097489,1094.984,1.779,1093.115,256,TCGA-B6-A0WW-01Z-00-DX1.64048633-1D1A-4074-8C50-7641159355DB,1
1006,steady,1115.109034,1116.204155,1095.120,1.782,1093.252,256,TCGA-B6-A0WW-01Z-00-DX1.64048633-1D1A-4074-8C50-7641159355DB,1
1007,steady,1116.215486,1117.312728,1097.242,1.764,1095.407,256,TCGA-B6-A0WW-01Z-00-DX1.64048633-1D1A-4074-8C50-7641159355DB,1
1008,steady,1117.324915,1118.423136,1098.221,1.767,1096.368,256,TCGA-B6-A0WW-01Z-00-DX1.64048633-1D1A-4074-8C50-7641159355DB,1
1009,steady,1118.434469,1119.532951,1098.482,1.788,1096.581,256,TCGA-B6-A0WW-01Z-00-DX1.64048633-1D1A-4074-8C50-7641159355DB,1
1010,steady,1119.548993,1120.646486,1097.493,1.766,1095.663,256,TCGA-B6-A0WW-01Z-00-DX1.64048633-1D1A-4074-8C50-7641159355DB,1
1011,steady,1120.657734,1121.757282,1099.548,1.762,1097.726,256,TCGA-B6-A0WW-01Z-00-DX1.64048633-1D1A-4074-8C50-7641159355DB,1
1012,steady,1121.768760,1122.867935,1099.174,1.753,1097.360,256,TCGA-B6-A0WW-01Z-00-DX1.64048633-1D1A-4074-8C50-7641159355DB,1
1013,steady,1122.879385,1123.978468,1099.083,1.758,1097.268,256,TCGA-B6-A0WW-01Z-00-DX1.64048633-1D1A-4074-8C50-7641159355DB,1
1014,steady,1123.989969,1125.090203,1100.234,1.754,1098.419,256,TCGA-B6-A0WW-01Z-00-DX1.64048633-1D1A-4074-8C50-7641159355DB,1
1015,steady,1125.103639,1126.203758,1100.119,1.761,1098.299,256,TCGA-B6-A0WW-01Z-00-DX1.64048633-1D1A-4074-8C50-7641159355DB,1
1016,steady,1126.216261,1127.318475,1102.214,1.751,1100.405,256,TCGA-B6-A0WW-01Z-00-DX1.64048633-1D1A-4074-8C50-7641159355DB,1
1017,steady,1127.329771,1128.425359,1095.588,1.757,1093.773,256,TCGA-B6-A0WW-01Z-00-DX1.64048633-1D1A-4074-8C50-7641159355DB,1
1018,steady,1128.436594,1129.533278,1096.684,1.759,1094.861,256,TCGA-B6-A0WW-01Z-00-DX1.64048633-1D1A-4074-8C50-7641159355DB,1
1019,steady,1129.544820,1130.642983,1098.162,1.766,1096.332,256,TCGA-B6-A0WW-01Z-00-DX1.64048633-1D1A-4074-8C50-7641159355DB,1
1020,steady,1130.654382,1131.754815,1100.433,1.755,1098.621,256,TCGA-B6-A0WW-01Z-00-DX1.64048633-1D1A-4074-8C50-7641159355DB,1
1021,steady,1131.766165,1132.869966,1103.802,1.755,1101.988,256,TCGA-B6-A0WW-01Z-00-DX1.64048633-1D1A-4074-8C50-7641159355DB,1
1022,steady,1132.881440,1133.980925,1099.485,1.755,1097.662,256,TCGA-B6-A0WW-01Z-00-DX1.64048633-1D1A-4074-8C50-7641159355DB,1
1023,steady,1133.991954,1135.095350,1103.397,1.764,1101.577,256,TCGA-B6-A0WW-01Z-00-DX1.64048633-1D1A-4074-8C50-7641159355DB,1
1024,steady,1135.106572,1136.209097,1102.524,1.757,1100.699,256,TCGA-B6-A0WW-01Z-00-DX1.64048633-1D1A-4074-8C50-7641159355DB,1
1025,steady,1136.221015,1137.324977,1103.962,1.762,1102.145,256,TCGA-B6-A0WW-01Z-00-DX1.64048633-1D1A-4074-8C50-7641159355DB,1
1026,steady,1137.336479,1138.441005,1104.526,1.745,1102.723,256,TCGA-B6-A0WW-01Z-00-DX1.64048633-1D1A-4074-8C50-7641159355DB,1
1027,steady,1138.452506,1139.557393,1104.888,1.761,1103.069,256,TCGA-B6-A0WW-01Z-00-DX1.64048633-1D1A-4074-8C50-7641159355DB,1
1028,steady,1139.568642,1140.676920,1108.279,1.751,1106.473,256,TCGA-B6-A0WW-01Z-00-DX1.64048633-1D1A-4074-8C50-7641159355DB,1
1029,steady,1140.688609,1141.796410,1107.801,1.751,1105.997,256,TCGA-B6-A0WW-01Z-00-DX1.64048633-1D1A-4074-8C50-7641159355DB,1
1030,steady,1141.807454,1142.918159,1110.705,1.762,1108.888,256,TCGA-B6-A0WW-01Z-00-DX1.64048633-1D1A-4074-8C50-7641159355DB,1
1031,steady,1142.929629,1144.039378,1109.749,1.757,1107.932,256,TCGA-B6-A0WW-01Z-00-DX1.64048633-1D1A-4074-8C50-7641159355DB,1
1032,steady,1144.050212,1145.162192,1111.980,1.752,1110.173,256,TCGA-B6-A0WW-01Z-00-DX1.64048633-1D1A-4074-8C50-7641159355DB,1
1033,steady,1145.173681,1146.287272,1113.591,1.754,1111.778,256,TCGA-B6-A0WW-01Z-00-DX1.64048633-1D1A-4074-8C50-7641159355DB,1
1034,steady,1146.298328,1147.413165,1114.837,1.755,1113.026,256,TCGA-B6-A0WW-01Z-00-DX1.64048633-1D1A-4074-8C50-7641159355DB,1
1035,steady,1147.425088,1148.539518,1114.429,1.761,1112.614,256,TCGA-B6-A0WW-01Z-00-DX1.64048633-1D1A-4074-8C50-7641159355DB,1
1036,steady,1148.551029,1149.667316,1116.286,1.754,1114.477,256,TCGA-B6-A0WW-01Z-00-DX1.64048633-1D1A-4074-8C50-7641159355DB,1
1037,steady,1149.678733,1150.794782,1116.049,1.756,1114.236,256,TCGA-B6-A0WW-01Z-00-DX1.64048633-1D1A-4074-8C50-7641159355DB,1
1038,steady,1150.805807,1151.924563,1118.755,1.748,1116.948,256,TCGA-B6-A0WW-01Z-00-DX1.64048633-1D1A-4074-8C50-7641159355DB,1
1039,steady,1151.936091,1153.054561,1118.470,1.762,1116.648,256,TCGA-B6-A0WW-01Z-00-DX1.64048633-1D1A-4074-8C50-7641159355DB,1
1040,steady,1153.065686,1154.186804,1121.118,1.748,1119.306,256,TCGA-B6-A0WW-01Z-00-DX1.64048633-1D1A-4074-8C50-7641159355DB,1
1041,steady,1154.198361,1155.320022,1121.662,1.754,1119.853,256,TCGA-B6-A0WW-01Z-00-DX1.64048633-1D1A-4074-8C50-7641159355DB,1
1042,steady,1155.331171,1156.456667,1125.495,1.753,1123.692,256,TCGA-B6-A0WW-01Z-00-DX1.64048633-1D1A-4074-8C50-7641159355DB,1
1043,steady,1156.468146,1157.591864,1123.719,1.759,1121.906,256,TCGA-B6-A0WW-01Z-00-DX1.64048633-1D1A-4074-8C50-7641159355DB,1
1044,steady,1157.602782,1158.727765,1124.983,1.755,1123.172,256,TCGA-B6-A0WW-01Z-00-DX1.64048633-1D1A-4074-8C50-7641159355DB,1
1045,steady,1158.739261,1159.860877,1121.616,1.761,1119.798,256,TCGA-B6-A0WW-01Z-00-DX1.64048633-1D1A-4074-8C50-7641159355DB,1
1046,steady,1159.872382,1160.991544,1119.162,1.755,1117.349,256,TCGA-B6-A0WW-01Z-00-DX1.64048633-1D1A-4074-8C50-7641159355DB,1
1047,steady,1161.003122,1162.121815,1118.693,1.762,1116.871,256,TCGA-B6-A0WW-01Z-00-DX1.64048633-1D1A-4074-8C50-7641159355DB,1
1048,steady,1162.132635,1163.247927,1115.291,1.751,1113.481,256,TCGA-B6-A0WW-01Z-00-DX1.64048633-1D1A-4074-8C50-7641159355DB,1
1049,steady,1163.259364,1164.372215,1112.850,1.765,1111.026,256,TCGA-B6-A0WW-01Z-00-DX1.64048633-1D1A-4074-8C50-7641159355DB,1
1050,steady,1164.383359,1165.495911,1112.552,1.760,1110.734,256,TCGA-B6-A0WW-01Z-00-DX1.64048633-1D1A-4074-8C50-7641159355DB,1
1051,steady,1165.507455,1166.618539,1111.084,1.762,1109.262,256,TCGA-B6-A0WW-01Z-00-DX1.64048633-1D1A-4074-8C50-7641159355DB,1
1052,steady,1166.639571,1167.747599,1108.028,1.758,1106.213,256,TCGA-B6-A0WW-01Z-00-DX1.64048633-1D1A-4074-8C50-7641159355DB,1
1053,steady,1167.758780,1168.866795,1108.015,1.763,1106.195,256,TCGA-B6-A0WW-01Z-00-DX1.64048633-1D1A-4074-8C50-7641159355DB,1
1054,steady,1168.878168,1169.983220,1105.053,1.751,1103.241,256,TCGA-B6-A0WW-01Z-00-DX1.64048633-1D1A-4074-8C50-7641159355DB,1
1055,steady,1169.994660,1171.099644,1104.984,1.754,1103.167,256,TCGA-B6-A0WW-01Z-00-DX1.64048633-1D1A-4074-8C50-7641159355DB,1
1056,steady,1171.111370,1172.214529,1103.159,1.753,1101.339,256,TCGA-B6-A0WW-01Z-00-DX1.64048633-1D1A-4074-8C50-7641159355DB,1
1057,steady,1172.225716,1173.328793,1103.077,1.761,1101.255,256,TCGA-B6-A0WW-01Z-00-DX1.64048633-1D1A-4074-8C50-7641159355DB,1
1058,steady,1173.340324,1174.442747,1102.423,1.748,1100.618,256,TCGA-B6-A0WW-01Z-00-DX1.64048633-1D1A-4074-8C50-7641159355DB,1
1059,steady,1174.453653,1175.553946,1100.293,1.758,1098.477,256,TCGA-B6-A0WW-01Z-00-DX1.64048633-1D1A-4074-8C50-7641159355DB,1
1060,steady,1175.565778,1176.666896,1101.119,1.759,1099.301,256,TCGA-B6-A0WW-01Z-00-DX1.64048633-1D1A-4074-8C50-7641159355DB,1
1061,steady,1176.678490,1177.776982,1098.492,1.773,1096.664,256,TCGA-B6-A0WW-01Z-00-DX1.64048633-1D1A-4074-8C50-7641159355DB,1
1062,steady,1177.788795,1178.885888,1097.093,1.760,1095.269,256,TCGA-B6-A0WW-01Z-00-DX1.64048633-1D1A-4074-8C50-7641159355DB,1
1063,steady,1178.896469,1179.994045,1097.576,1.758,1095.759,256,TCGA-B6-A0WW-01Z-00-DX1.64048633-1D1A-4074-8C50-7641159355DB,1
1064,steady,1180.005640,1181.103065,1097.425,1.753,1095.615,256,TCGA-B6-A0WW-01Z-00-DX1.64048633-1D1A-4074-8C50-7641159355DB,1
1065,steady,1181.115661,1182.211108,1095.447,1.764,1093.627,256,TCGA-B6-A0WW-01Z-00-DX1.64048633-1D1A-4074-8C50-7641159355DB,1
1066,steady,1182.222435,1183.317454,1095.018,1.750,1093.213,256,TCGA-B6-A0WW-01Z-00-DX1.64048633-1D1A-4074-8C50-7641159355DB,1
1067,steady,1183.328532,1184.422140,1093.608,1.752,1091.798,256,TCGA-B6-A0WW-01Z-00-DX1.64048633-1D1A-4074-8C50-7641159355DB,1
1068,steady,1184.433755,1185.527231,1093.475,1.752,1091.668,256,TCGA-B6-A0WW-01Z-00-DX1.64048633-1D1A-4074-8C50-7641159355DB,1
1069,steady,1185.540635,1186.633632,1092.997,1.761,1091.178,256,TCGA-B6-A0WW-01Z-00-DX1.64048633-1D1A-4074-8C50-7641159355DB,1
1070,steady,1186.645243,1187.738837,1093.593,1.762,1091.767,256,TCGA-B6-A0WW-01Z-00-DX1.64048633-1D1A-4074-8C50-7641159355DB,1
1071,steady,1187.750183,1188.843165,1092.982,1.758,1091.167,256,TCGA-B6-A0WW-01Z-00-DX1.64048633-1D1A-4074-8C50-7641159355DB,1
1072,steady,1188.854694,1189.947532,1092.838,1.767,1091.007,256,TCGA-B6-A0WW-01Z-00-DX1.64048633-1D1A-4074-8C50-7641159355DB,1
1073,steady,1189.958498,1191.049885,1091.387,1.765,1089.565,256,TCGA-B6-A0WW-01Z-00-DX1.64048633-1D1A-4074-8C50-7641159355DB,1
1074,steady,1191.061409,1192.153600,1092.191,1.758,1090.371,256,TCGA-B6-A0WW-01Z-00-DX1.64048633-1D1A-4074-8C50-7641159355DB,1
1075,steady,1192.164915,1193.254601,1089.687,1.764,1087.863,256,TCGA-B6-A0WW-01Z-00-DX1.64048633-1D1A-4074-8C50-7641159355DB,1
1076,steady,1193.266129,1194.356332,1090.203,1.751,1088.391,256,TCGA-B6-A0WW-01Z-00-DX1.64048633-1D1A-4074-8C50-7641159355DB,1
1077,steady,1194.367223,1195.458171,1090.948,1.772,1089.107,256,TCGA-B6-A0WW-01Z-00-DX1.64048633-1D1A-4074-8C50-7641159355DB,1
1078,steady,1195.470212,1196.559583,1089.372,1.755,1087.557,256,TCGA-B6-A0WW-01Z-00-DX1.64048633-1D1A-4074-8C50-7641159355DB,1
1079,steady,1196.570996,1197.661480,1090.484,1.761,1088.661,256,TCGA-B6-A0WW-01Z-00-DX1.64048633-1D1A-4074-8C50-7641159355DB,1
1080,steady,1197.672979,1198.764054,1091.076,1.758,1089.256,256,TCGA-B6-A0WW-01Z-00-DX1.64048633-1D1A-4074-8C50-7641159355DB,1
1081,steady,1198.774904,1199.864095,1089.191,1.761,1087.372,256,TCGA-B6-A0WW-01Z-00-DX1.64048633-1D1A-4074-8C50-7641159355DB,1
1082,steady,1199.875649,1200.964284,1088.635,1.759,1086.814,256,TCGA-B6-A0WW-01Z-00-DX1.64048633-1D1A-4074-8C50-7641159355DB,1
1083,steady,1200.975503,1202.063760,1088.257,1.771,1086.418,256,TCGA-B6-A0WW-01Z-00-DX1.64048633-1D1A-4074-8C50-7641159355DB,1
1084,steady,1202.075216,1203.163269,1088.053,1.775,1086.205,256,TCGA-B6-A0WW-01Z-00-DX1.64048633-1D1A-4074-8C50-7641159355DB,1
1085,steady,1203.174603,1204.262755,1088.152,1.760,1086.328,256,TCGA-B6-A0WW-01Z-00-DX1.64048633-1D1A-4074-8C50-7641159355DB,1
1086,steady,1204.273978,1205.361558,1087.580,1.757,1085.764,256,TCGA-B6-A0WW-01Z-00-DX1.64048633-1D1A-4074-8C50-7641159355DB,1
1087,steady,1205.370668,1206.323380,952.712,1.248,951.408,183,TCGA-B6-A0WW-01Z-00-DX1.64048633-1D1A-4074-8C50-7641159355DB,1
1088,steady,1206.622029,1207.705974,1083.944,1.794,1082.067,256,TCGA-BH-A0BS-01Z-00-DX1.FEE32127-4D0B-4560-A39C-4EAA5B189B70,1
1089,steady,1207.717301,1208.806784,1089.484,1.757,1087.666,256,TCGA-BH-A0BS-01Z-00-DX1.FEE32127-4D0B-4560-A39C-4EAA5B189B70,1
1090,steady,1208.817897,1209.906613,1088.716,1.759,1086.893,256,TCGA-BH-A0BS-01Z-00-DX1.FEE32127-4D0B-4560-A39C-4EAA5B189B70,1
1091,steady,1209.917960,1211.006159,1088.199,1.772,1086.356,256,TCGA-BH-A0BS-01Z-00-DX1.FEE32127-4D0B-4560-A39C-4EAA5B189B70,1
1092,steady,1211.017367,1212.106912,1089.545,1.759,1087.721,256,TCGA-BH-A0BS-01Z-00-DX1.FEE32127-4D0B-4560-A39C-4EAA5B189B70,1
1093,steady,1212.118023,1213.206493,1088.470,1.757,1086.650,256,TCGA-BH-A0BS-01Z-00-DX1.FEE32127-4D0B-4560-A39C-4EAA5B189B70,1
1094,steady,1213.217955,1214.306471,1088.516,1.754,1086.699,256,TCGA-BH-A0BS-01Z-00-DX1.FEE32127-4D0B-4560-A39C-4EAA5B189B70,1
1095,steady,1214.317622,1215.406180,1088.558,1.739,1086.762,256,TCGA-BH-A0BS-01Z-00-DX1.FEE32127-4D0B-4560-A39C-4EAA5B189B70,1
1096,steady,1215.417523,1216.506360,1088.837,1.745,1087.036,256,TCGA-BH-A0BS-01Z-00-DX1.FEE32127-4D0B-4560-A39C-4EAA5B189B70,1
1097,steady,1216.517779,1217.597991,1080.212,1.754,1078.401,256,TCGA-BH-A0BS-01Z-00-DX1.FEE32127-4D0B-4560-A39C-4EAA5B189B70,1
1098,steady,1217.611411,1218.691080,1079.669,1.749,1077.863,256,TCGA-BH-A0BS-01Z-00-DX1.FEE32127-4D0B-4560-A39C-4EAA5B189B70,1
1099,steady,1218.702461,1219.783907,1081.446,1.752,1079.632,256,TCGA-BH-A0BS-01Z-00-DX1.FEE32127-4D0B-4560-A39C-4EAA5B189B70,1
1100,steady,1219.794972,1220.876619,1081.647,1.753,1079.835,256,TCGA-BH-A0BS-01Z-00-DX1.FEE32127-4D0B-4560-A39C-4EAA5B189B70,1
1101,steady,1220.888342,1221.969659,1081.317,1.755,1079.500,256,TCGA-BH-A0BS-01Z-00-DX1.FEE32127-4D0B-4560-A39C-4EAA5B189B70,1
1102,steady,1221.981070,1223.062065,1080.995,1.753,1079.179,256,TCGA-BH-A0BS-01Z-00-DX1.FEE32127-4D0B-4560-A39C-4EAA5B189B70,1
1103,steady,1223.073388,1224.155849,1082.461,1.754,1080.647,256,TCGA-BH-A0BS-01Z-00-DX1.FEE32127-4D0B-4560-A39C-4EAA5B189B70,1
1104,steady,1224.166958,1225.248849,1081.891,1.753,1080.078,256,TCGA-BH-A0BS-01Z-00-DX1.FEE32127-4D0B-4560-A39C-4EAA5B189B70,1
1105,steady,1225.260660,1226.342390,1081.730,1.751,1079.921,256,TCGA-BH-A0BS-01Z-00-DX1.FEE32127-4D0B-4560-A39C-4EAA5B189B70,1
1106,steady,1226.353610,1227.435686,1082.076,1.753,1080.261,256,TCGA-BH-A0BS-01Z-00-DX1.FEE32127-4D0B-4560-A39C-4EAA5B189B70,1
1107,steady,1227.446905,1228.528259,1081.355,1.764,1079.517,256,TCGA-BH-A0BS-01Z-00-DX1.FEE32127-4D0B-4560-A39C-4EAA5B189B70,1
1108,steady,1228.539958,1229.622125,1082.167,1.761,1080.339,256,TCGA-BH-A0BS-01Z-00-DX1.FEE32127-4D0B-4560-A39C-4EAA5B189B70,1
1109,steady,1229.634070,1230.714909,1080.839,1.759,1079.020,256,TCGA-BH-A0BS-01Z-00-DX1.FEE32127-4D0B-4560-A39C-4EAA5B189B70,1
1110,steady,1230.726019,1231.807930,1081.911,1.757,1080.089,256,TCGA-BH-A0BS-01Z-00-DX1.FEE32127-4D0B-4560-A39C-4EAA5B189B70,1
1111,steady,1231.819153,1232.900961,1081.808,1.757,1079.986,256,TCGA-BH-A0BS-01Z-00-DX1.FEE32127-4D0B-4560-A39C-4EAA5B189B70,1
1112,steady,1232.914600,1233.996506,1081.906,1.750,1080.097,256,TCGA-BH-A0BS-01Z-00-DX1.FEE32127-4D0B-4560-A39C-4EAA5B189B70,1
1113,steady,1234.007851,1235.092791,1084.940,1.755,1083.123,256,TCGA-BH-A0BS-01Z-00-DX1.FEE32127-4D0B-4560-A39C-4EAA5B189B70,1
1114,steady,1235.105532,1236.188714,1083.183,1.754,1081.367,256,TCGA-BH-A0BS-01Z-00-DX1.FEE32127-4D0B-4560-A39C-4EAA5B189B70,1
1115,steady,1236.199961,1237.284892,1084.931,1.763,1083.098,256,TCGA-BH-A0BS-01Z-00-DX1.FEE32127-4D0B-4560-A39C-4EAA5B189B70,1
1116,steady,1237.296757,1238.381019,1084.262,1.762,1082.432,256,TCGA-BH-A0BS-01Z-00-DX1.FEE32127-4D0B-4560-A39C-4EAA5B189B70,1
1117,steady,1238.392343,1239.477191,1084.848,1.755,1083.025,256,TCGA-BH-A0BS-01Z-00-DX1.FEE32127-4D0B-4560-A39C-4EAA5B189B70,1
1118,steady,1239.489146,1240.574398,1085.252,1.761,1083.426,256,TCGA-BH-A0BS-01Z-00-DX1.FEE32127-4D0B-4560-A39C-4EAA5B189B70,1
1119,steady,1240.585498,1241.671666,1086.168,1.754,1084.349,256,TCGA-BH-A0BS-01Z-00-DX1.FEE32127-4D0B-4560-A39C-4EAA5B189B70,1
1120,steady,1241.683403,1242.769512,1086.109,1.757,1084.290,256,TCGA-BH-A0BS-01Z-00-DX1.FEE32127-4D0B-4560-A39C-4EAA5B189B70,1
1121,steady,1242.780694,1243.868149,1087.455,1.759,1085.627,256,TCGA-BH-A0BS-01Z-00-DX1.FEE32127-4D0B-4560-A39C-4EAA5B189B70,1
1122,steady,1243.879536,1244.967416,1087.880,1.755,1086.064,256,TCGA-BH-A0BS-01Z-00-DX1.FEE32127-4D0B-4560-A39C-4EAA5B189B70,1
1123,steady,1244.978696,1246.067046,1088.350,1.758,1086.531,256,TCGA-BH-A0BS-01Z-00-DX1.FEE32127-4D0B-4560-A39C-4EAA5B189B70,1
1124,steady,1246.078253,1247.166829,1088.576,1.755,1086.762,256,TCGA-BH-A0BS-01Z-00-DX1.FEE32127-4D0B-4560-A39C-4EAA5B189B70,1
1125,steady,1247.178458,1248.267906,1089.448,1.754,1087.634,256,TCGA-BH-A0BS-01Z-00-DX1.FEE32127-4D0B-4560-A39C-4EAA5B189B70,1
1126,steady,1248.278877,1249.368602,1089.725,1.756,1087.909,256,TCGA-BH-A0BS-01Z-00-DX1.FEE32127-4D0B-4560-A39C-4EAA5B189B70,1
1127,steady,1249.380138,1250.469465,1089.327,1.749,1087.518,256,TCGA-BH-A0BS-01Z-00-DX1.FEE32127-4D0B-4560-A39C-4EAA5B189B70,1
1128,steady,1250.480604,1251.570178,1089.574,1.772,1087.737,256,TCGA-BH-A0BS-01Z-00-DX1.FEE32127-4D0B-4560-A39C-4EAA5B189B70,1
1129,steady,1251.582147,1252.673542,1091.395,1.762,1089.569,256,TCGA-BH-A0BS-01Z-00-DX1.FEE32127-4D0B-4560-A39C-4EAA5B189B70,1
1130,steady,1252.685210,1253.776487,1091.277,1.768,1089.446,256,TCGA-BH-A0BS-01Z-00-DX1.FEE32127-4D0B-4560-A39C-4EAA5B189B70,1
1131,steady,1253.787444,1254.878639,1091.195,1.754,1089.379,256,TCGA-BH-A0BS-01Z-00-DX1.FEE32127-4D0B-4560-A39C-4EAA5B189B70,1
1132,steady,1254.890383,1255.982430,1092.046,1.757,1090.228,256,TCGA-BH-A0BS-01Z-00-DX1.FEE32127-4D0B-4560-A39C-4EAA5B189B70,1
1133,steady,1255.993665,1257.087914,1094.249,1.760,1092.426,256,TCGA-BH-A0BS-01Z-00-DX1.FEE32127-4D0B-4560-A39C-4EAA5B189B70,1
1134,steady,1257.099625,1258.194091,1094.466,1.759,1092.647,256,TCGA-BH-A0BS-01Z-00-DX1.FEE32127-4D0B-4560-A39C-4EAA5B189B70,1
1135,steady,1258.205366,1259.299864,1094.498,1.764,1092.669,256,TCGA-BH-A0BS-01Z-00-DX1.FEE32127-4D0B-4560-A39C-4EAA5B189B70,1
1136,steady,1259.313460,1260.409102,1095.641,1.749,1093.834,256,TCGA-BH-A0BS-01Z-00-DX1.FEE32127-4D0B-4560-A39C-4EAA5B189B70,1
1137,steady,1260.420290,1261.517428,1097.138,1.756,1095.321,256,TCGA-BH-A0BS-01Z-00-DX1.FEE32127-4D0B-4560-A39C-4EAA5B189B70,1
1138,steady,1261.529479,1262.624798,1095.319,1.752,1093.508,256,TCGA-BH-A0BS-01Z-00-DX1.FEE32127-4D0B-4560-A39C-4EAA5B189B70,1
1139,steady,1262.636127,1263.732832,1096.705,1.762,1094.880,256,TCGA-BH-A0BS-01Z-00-DX1.FEE32127-4D0B-4560-A39C-4EAA5B189B70,1
1140,steady,1263.744718,1264.843854,1099.137,1.757,1097.320,256,TCGA-BH-A0BS-01Z-00-DX1.FEE32127-4D0B-4560-A39C-4EAA5B189B70,1
1141,steady,1264.854825,1265.953117,1098.292,1.762,1096.469,256,TCGA-BH-A0BS-01Z-00-DX1.FEE32127-4D0B-4560-A39C-4EAA5B189B70,1
1142,steady,1265.964565,1267.063980,1099.415,1.763,1097.583,256,TCGA-BH-A0BS-01Z-00-DX1.FEE32127-4D0B-4560-A39C-4EAA5B189B70,1
1143,steady,1267.075297,1268.175140,1099.843,1.761,1098.019,256,TCGA-BH-A0BS-01Z-00-DX1.FEE32127-4D0B-4560-A39C-4EAA5B189B70,1
1144,steady,1268.177945,1268.418781,240.836,0.159,240.629,41,TCGA-BH-A0BS-01Z-00-DX1.FEE32127-4D0B-4560-A39C-4EAA5B189B70,1
1145,steady,1268.603753,1269.699791,1096.039,1.797,1094.155,256,TCGA-BH-A0DX-01Z-00-DX1.45C27E71-9A0A-400E-93A9-5CE7780F3C5E,1
1146,steady,1269.711549,1270.810909,1099.360,1.761,1097.540,256,TCGA-BH-A0DX-01Z-00-DX1.45C27E71-9A0A-400E-93A9-5CE7780F3C5E,1
1147,steady,1270.822604,1271.924661,1102.057,1.752,1100.242,256,TCGA-BH-A0DX-01Z-00-DX1.45C27E71-9A0A-400E-93A9-5CE7780F3C5E,1
1148,steady,1271.936319,1273.038981,1102.662,1.759,1100.836,256,TCGA-BH-A0DX-01Z-00-DX1.45C27E71-9A0A-400E-93A9-5CE7780F3C5E,1
1149,steady,1273.050601,1274.156151,1105.550,1.761,1103.724,256,TCGA-BH-A0DX-01Z-00-DX1.45C27E71-9A0A-400E-93A9-5CE7780F3C5E,1
1150,steady,1274.167944,1275.274171,1106.226,1.766,1104.394,256,TCGA-BH-A0DX-01Z-00-DX1.45C27E71-9A0A-400E-93A9-5CE7780F3C5E,1
1151,steady,1275.287305,1276.398776,1111.471,1.748,1109.664,256,TCGA-BH-A0DX-01Z-00-DX1.45C27E71-9A0A-400E-93A9-5CE7780F3C5E,1
1152,steady,1276.410180,1277.518704,1108.524,1.766,1106.699,256,TCGA-BH-A0DX-01Z-00-DX1.45C27E71-9A0A-400E-93A9-5CE7780F3C5E,1
1153,steady,1277.530533,1278.639217,1108.685,1.754,1106.873,256,TCGA-BH-A0DX-01Z-00-DX1.45C27E71-9A0A-400E-93A9-5CE7780F3C5E,1
1154,steady,1278.650803,1279.761412,1110.608,1.764,1108.785,256,TCGA-BH-A0DX-01Z-00-DX1.45C27E71-9A0A-400E-93A9-5CE7780F3C5E,1
1155,steady,1279.773002,1280.885905,1112.903,1.756,1111.090,256,TCGA-BH-A0DX-01Z-00-DX1.45C27E71-9A0A-400E-93A9-5CE7780F3C5E,1
1156,steady,1280.897537,1282.011858,1114.321,1.768,1112.490,256,TCGA-BH-A0DX-01Z-00-DX1.45C27E71-9A0A-400E-93A9-5CE7780F3C5E,1
1157,steady,1282.023463,1283.141230,1117.767,1.753,1115.954,256,TCGA-BH-A0DX-01Z-00-DX1.45C27E71-9A0A-400E-93A9-5CE7780F3C5E,1
1158,steady,1283.152977,1284.276448,1123.472,1.762,1121.650,256,TCGA-BH-A0DX-01Z-00-DX1.45C27E71-9A0A-400E-93A9-5CE7780F3C5E,1
1159,steady,1284.288086,1285.410745,1122.659,1.759,1120.846,256,TCGA-BH-A0DX-01Z-00-DX1.45C27E71-9A0A-400E-93A9-5CE7780F3C5E,1
1160,steady,1285.422365,1286.550258,1127.893,1.756,1126.080,256,TCGA-BH-A0DX-01Z-00-DX1.45C27E71-9A0A-400E-93A9-5CE7780F3C5E,1
1161,steady,1286.561875,1287.685651,1123.776,1.763,1121.954,256,TCGA-BH-A0DX-01Z-00-DX1.45C27E71-9A0A-400E-93A9-5CE7780F3C5E,1
1162,steady,1287.697101,1288.831364,1134.263,1.755,1132.452,256,TCGA-BH-A0DX-01Z-00-DX1.45C27E71-9A0A-400E-93A9-5CE7780F3C5E,1
1163,steady,1288.842835,1289.979948,1137.113,1.768,1135.286,256,TCGA-BH-A0DX-01Z-00-DX1.45C27E71-9A0A-400E-93A9-5CE7780F3C5E,1
1164,steady,1289.991273,1291.131120,1139.848,1.760,1138.035,256,TCGA-BH-A0DX-01Z-00-DX1.45C27E71-9A0A-400E-93A9-5CE7780F3C5E,1
1165,steady,1291.140355,1292.201167,1060.812,1.359,1059.399,199,TCGA-BH-A0DX-01Z-00-DX1.45C27E71-9A0A-400E-93A9-5CE7780F3C5E,1
1166,steady,1292.316236,1293.447886,1131.649,1.802,1129.767,256,TCGA-BH-A0E7-01Z-00-DX1.7FEE54C4-3795-403C-85B9-FF932BE56788,1
1167,steady,1293.459312,1294.589586,1130.275,1.760,1128.459,256,TCGA-BH-A0E7-01Z-00-DX1.7FEE54C4-3795-403C-85B9-FF932BE56788,1
1168,steady,1294.600811,1295.736521,1135.711,1.754,1133.898,256,TCGA-BH-A0E7-01Z-00-DX1.7FEE54C4-3795-403C-85B9-FF932BE56788,1
1169,steady,1295.748514,1296.879294,1130.780,1.763,1128.956,256,TCGA-BH-A0E7-01Z-00-DX1.7FEE54C4-3795-403C-85B9-FF932BE56788,1
1170,steady,1296.891260,1298.016844,1125.584,1.776,1123.745,256,TCGA-BH-A0E7-01Z-00-DX1.7FEE54C4-3795-403C-85B9-FF932BE56788,1
1171,steady,1298.028345,1299.157224,1128.879,1.758,1127.060,256,TCGA-BH-A0E7-01Z-00-DX1.7FEE54C4-3795-403C-85B9-FF932BE56788,1
1172,steady,1299.168957,1300.291668,1122.711,1.757,1120.894,256,TCGA-BH-A0E7-01Z-00-DX1.7FEE54C4-3795-403C-85B9-FF932BE56788,1
1173,steady,1300.303416,1301.421688,1118.273,1.755,1116.457,256,TCGA-BH-A0E7-01Z-00-DX1.7FEE54C4-3795-403C-85B9-FF932BE56788,1
1174,steady,1301.433465,1302.539899,1106.434,1.759,1104.607,256,TCGA-BH-A0E7-01Z-00-DX1.7FEE54C4-3795-403C-85B9-FF932BE56788,1
1175,steady,1302.551390,1303.653384,1101.994,1.759,1100.166,256,TCGA-BH-A0E7-01Z-00-DX1.7FEE54C4-3795-403C-85B9-FF932BE56788,1
1176,steady,1303.665506,1304.767434,1101.927,1.769,1100.079,256,TCGA-BH-A0E7-01Z-00-DX1.7FEE54C4-3795-403C-85B9-FF932BE56788,1
1177,steady,1304.779461,1305.881990,1102.529,1.761,1100.706,256,TCGA-BH-A0E7-01Z-00-DX1.7FEE54C4-3795-403C-85B9-FF932BE56788,1
1178,steady,1305.893206,1306.992567,1099.361,1.759,1097.540,256,TCGA-BH-A0E7-01Z-00-DX1.7FEE54C4-3795-403C-85B9-FF932BE56788,1
1179,steady,1307.004156,1308.102238,1098.082,1.762,1096.263,256,TCGA-BH-A0E7-01Z-00-DX1.7FEE54C4-3795-403C-85B9-FF932BE56788,1
1180,steady,1308.113706,1309.209592,1095.886,1.752,1094.074,256,TCGA-BH-A0E7-01Z-00-DX1.7FEE54C4-3795-403C-85B9-FF932BE56788,1
1181,steady,1309.220980,1310.318437,1097.457,1.760,1095.638,256,TCGA-BH-A0E7-01Z-00-DX1.7FEE54C4-3795-403C-85B9-FF932BE56788,1
1182,steady,1310.330161,1311.423372,1093.211,1.753,1091.400,256,TCGA-BH-A0E7-01Z-00-DX1.7FEE54C4-3795-403C-85B9-FF932BE56788,1
1183,steady,1311.434728,1312.526973,1092.245,1.762,1090.423,256,TCGA-BH-A0E7-01Z-00-DX1.7FEE54C4-3795-403C-85B9-FF932BE56788,1
1184,steady,1312.539167,1313.630474,1091.306,1.756,1089.496,256,TCGA-BH-A0E7-01Z-00-DX1.7FEE54C4-3795-403C-85B9-FF932BE56788,1
1185,steady,1313.641846,1314.731930,1090.085,1.756,1088.273,256,TCGA-BH-A0E7-01Z-00-DX1.7FEE54C4-3795-403C-85B9-FF932BE56788,1
1186,steady,1314.743418,1315.834117,1090.700,1.756,1088.884,256,TCGA-BH-A0E7-01Z-00-DX1.7FEE54C4-3795-403C-85B9-FF932BE56788,1
1187,steady,1315.845833,1316.933496,1087.663,1.754,1085.855,256,TCGA-BH-A0E7-01Z-00-DX1.7FEE54C4-3795-403C-85B9-FF932BE56788,1
1188,steady,1316.944962,1318.032101,1087.139,1.755,1085.326,256,TCGA-BH-A0E7-01Z-00-DX1.7FEE54C4-3795-403C-85B9-FF932BE56788,1
1189,steady,1318.043476,1319.131839,1088.363,1.759,1086.547,256,TCGA-BH-A0E7-01Z-00-DX1.7FEE54C4-3795-403C-85B9-FF932BE56788,1
1190,steady,1319.143324,1320.229903,1086.579,1.751,1084.765,256,TCGA-BH-A0E7-01Z-00-DX1.7FEE54C4-3795-403C-85B9-FF932BE56788,1
1191,steady,1320.241662,1321.328826,1087.164,1.756,1085.353,256,TCGA-BH-A0E7-01Z-00-DX1.7FEE54C4-3795-403C-85B9-FF932BE56788,1
1192,steady,1321.340507,1322.427114,1086.607,1.753,1084.796,256,TCGA-BH-A0E7-01Z-00-DX1.7FEE54C4-3795-403C-85B9-FF932BE56788,1
1193,steady,1322.438409,1323.524388,1085.979,1.755,1084.165,256,TCGA-BH-A0E7-01Z-00-DX1.7FEE54C4-3795-403C-85B9-FF932BE56788,1
1194,steady,1323.538269,1324.622028,1083.760,1.757,1081.945,256,TCGA-BH-A0E7-01Z-00-DX1.7FEE54C4-3795-403C-85B9-FF932BE56788,1
1195,steady,1324.633376,1325.718447,1085.070,1.752,1083.259,256,TCGA-BH-A0E7-01Z-00-DX1.7FEE54C4-3795-403C-85B9-FF932BE56788,1
1196,steady,1325.729151,1326.717487,988.337,1.587,986.695,232,TCGA-BH-A0E7-01Z-00-DX1.7FEE54C4-3795-403C-85B9-FF932BE56788,1
1197,steady,1326.873745,1327.960089,1086.344,1.804,1084.455,256,TCGA-BH-A0HQ-01Z-00-DX1.0921FCEF-20A2-4D4B-A198-91AF9F6C814C,1
1198,steady,1327.971599,1329.062320,1090.721,1.755,1088.899,256,TCGA-BH-A0HQ-01Z-00-DX1.0921FCEF-20A2-4D4B-A198-91AF9F6C814C,1
1199,steady,1329.073613,1330.162360,1088.747,1.764,1086.921,256,TCGA-BH-A0HQ-01Z-00-DX1.0921FCEF-20A2-4D4B-A198-91AF9F6C814C,1
1200,steady,1330.173963,1331.261164,1087.201,1.759,1085.381,256,TCGA-BH-A0HQ-01Z-00-DX1.0921FCEF-20A2-4D4B-A198-91AF9F6C814C,1
1201,steady,1331.272614,1332.360082,1087.468,1.757,1085.649,256,TCGA-BH-A0HQ-01Z-00-DX1.0921FCEF-20A2-4D4B-A198-91AF9F6C814C,1
1202,steady,1332.371550,1333.457035,1085.485,1.754,1083.671,256,TCGA-BH-A0HQ-01Z-00-DX1.0921FCEF-20A2-4D4B-A198-91AF9F6C814C,1
1203,steady,1333.468614,1334.550205,1081.591,1.754,1079.778,256,TCGA-BH-A0HQ-01Z-00-DX1.0921FCEF-20A2-4D4B-A198-91AF9F6C814C,1
1204,steady,1334.561791,1335.645548,1083.757,1.754,1081.944,256,TCGA-BH-A0HQ-01Z-00-DX1.0921FCEF-20A2-4D4B-A198-91AF9F6C814C,1
1205,steady,1335.657303,1336.743134,1085.831,1.752,1084.024,256,TCGA-BH-A0HQ-01Z-00-DX1.0921FCEF-20A2-4D4B-A198-91AF9F6C814C,1
1206,steady,1336.755611,1337.841635,1086.024,1.751,1084.207,256,TCGA-BH-A0HQ-01Z-00-DX1.0921FCEF-20A2-4D4B-A198-91AF9F6C814C,1
1207,steady,1337.853120,1338.934402,1081.281,1.760,1079.462,256,TCGA-BH-A0HQ-01Z-00-DX1.0921FCEF-20A2-4D4B-A198-91AF9F6C814C,1
1208,steady,1338.945865,1340.028405,1082.539,1.746,1080.735,256,TCGA-BH-A0HQ-01Z-00-DX1.0921FCEF-20A2-4D4B-A198-91AF9F6C814C,1
1209,steady,1340.039828,1341.119342,1079.514,1.753,1077.704,256,TCGA-BH-A0HQ-01Z-00-DX1.0921FCEF-20A2-4D4B-A198-91AF9F6C814C,1
1210,steady,1341.130981,1342.220634,1089.653,1.755,1087.839,256,TCGA-BH-A0HQ-01Z-00-DX1.0921FCEF-20A2-4D4B-A198-91AF9F6C814C,1
1211,steady,1342.232246,1343.314032,1081.786,1.756,1079.967,256,TCGA-BH-A0HQ-01Z-00-DX1.0921FCEF-20A2-4D4B-A198-91AF9F6C814C,1
1212,steady,1343.325312,1344.406268,1080.956,1.757,1079.140,256,TCGA-BH-A0HQ-01Z-00-DX1.0921FCEF-20A2-4D4B-A198-91AF9F6C814C,1
1213,steady,1344.417637,1345.495425,1077.788,1.753,1075.978,256,TCGA-BH-A0HQ-01Z-00-DX1.0921FCEF-20A2-4D4B-A198-91AF9F6C814C,1
1214,steady,1345.511506,1346.586770,1075.265,1.755,1073.449,256,TCGA-BH-A0HQ-01Z-00-DX1.0921FCEF-20A2-4D4B-A198-91AF9F6C814C,1
1215,steady,1346.598244,1347.677409,1079.165,1.757,1077.347,256,TCGA-BH-A0HQ-01Z-00-DX1.0921FCEF-20A2-4D4B-A198-91AF9F6C814C,1
1216,steady,1347.689067,1348.767646,1078.579,1.748,1076.772,256,TCGA-BH-A0HQ-01Z-00-DX1.0921FCEF-20A2-4D4B-A198-91AF9F6C814C,1
1217,steady,1348.779209,1349.862449,1083.240,1.758,1081.423,256,TCGA-BH-A0HQ-01Z-00-DX1.0921FCEF-20A2-4D4B-A198-91AF9F6C814C,1
1218,steady,1349.874145,1350.952852,1078.707,1.756,1076.893,256,TCGA-BH-A0HQ-01Z-00-DX1.0921FCEF-20A2-4D4B-A198-91AF9F6C814C,1
1219,steady,1350.964573,1352.051614,1087.041,1.749,1085.236,256,TCGA-BH-A0HQ-01Z-00-DX1.0921FCEF-20A2-4D4B-A198-91AF9F6C814C,1
1220,steady,1352.062968,1353.145075,1082.107,1.751,1080.295,256,TCGA-BH-A0HQ-01Z-00-DX1.0921FCEF-20A2-4D4B-A198-91AF9F6C814C,1
1221,steady,1353.156678,1354.237813,1081.135,1.752,1079.328,256,TCGA-BH-A0HQ-01Z-00-DX1.0921FCEF-20A2-4D4B-A198-91AF9F6C814C,1
1222,steady,1354.249155,1355.330260,1081.105,1.750,1079.299,256,TCGA-BH-A0HQ-01Z-00-DX1.0921FCEF-20A2-4D4B-A198-91AF9F6C814C,1
1223,steady,1355.341796,1356.416350,1074.553,1.758,1072.737,256,TCGA-BH-A0HQ-01Z-00-DX1.0921FCEF-20A2-4D4B-A198-91AF9F6C814C,1
1224,steady,1356.428019,1357.506106,1078.088,1.749,1076.282,256,TCGA-BH-A0HQ-01Z-00-DX1.0921FCEF-20A2-4D4B-A198-91AF9F6C814C,1
1225,steady,1357.518156,1358.602915,1084.759,1.753,1082.950,256,TCGA-BH-A0HQ-01Z-00-DX1.0921FCEF-20A2-4D4B-A198-91AF9F6C814C,1
1226,steady,1358.614273,1359.691346,1077.073,1.754,1075.263,256,TCGA-BH-A0HQ-01Z-00-DX1.0921FCEF-20A2-4D4B-A198-91AF9F6C814C,1
1227,steady,1359.702794,1360.786641,1083.847,1.761,1082.029,256,TCGA-BH-A0HQ-01Z-00-DX1.0921FCEF-20A2-4D4B-A198-91AF9F6C814C,1
1228,steady,1360.798050,1361.877676,1079.627,1.752,1077.819,256,TCGA-BH-A0HQ-01Z-00-DX1.0921FCEF-20A2-4D4B-A198-91AF9F6C814C,1
1229,steady,1361.889369,1362.975185,1085.816,1.758,1083.999,256,TCGA-BH-A0HQ-01Z-00-DX1.0921FCEF-20A2-4D4B-A198-91AF9F6C814C,1
1230,steady,1362.986754,1364.072021,1085.267,1.757,1083.460,256,TCGA-BH-A0HQ-01Z-00-DX1.0921FCEF-20A2-4D4B-A198-91AF9F6C814C,1
1231,steady,1364.083619,1365.179813,1096.194,1.761,1094.375,256,TCGA-BH-A0HQ-01Z-00-DX1.0921FCEF-20A2-4D4B-A198-91AF9F6C814C,1
1232,steady,1365.191276,1366.274365,1083.089,1.750,1081.285,256,TCGA-BH-A0HQ-01Z-00-DX1.0921FCEF-20A2-4D4B-A198-91AF9F6C814C,1
1233,steady,1366.285871,1367.370983,1085.112,1.756,1083.301,256,TCGA-BH-A0HQ-01Z-00-DX1.0921FCEF-20A2-4D4B-A198-91AF9F6C814C,1
1234,steady,1367.382453,1368.469662,1087.209,1.760,1085.390,256,TCGA-BH-A0HQ-01Z-00-DX1.0921FCEF-20A2-4D4B-A198-91AF9F6C814C,1
1235,steady,1368.481386,1369.569668,1088.282,1.755,1086.472,256,TCGA-BH-A0HQ-01Z-00-DX1.0921FCEF-20A2-4D4B-A198-91AF9F6C814C,1
1236,steady,1369.581121,1370.668154,1087.034,1.750,1085.226,256,TCGA-BH-A0HQ-01Z-00-DX1.0921FCEF-20A2-4D4B-A198-91AF9F6C814C,1
1237,steady,1370.679624,1371.768661,1089.038,1.761,1087.220,256,TCGA-BH-A0HQ-01Z-00-DX1.0921FCEF-20A2-4D4B-A198-91AF9F6C814C,1
1238,steady,1371.780215,1372.868135,1087.920,1.748,1086.115,256,TCGA-BH-A0HQ-01Z-00-DX1.0921FCEF-20A2-4D4B-A198-91AF9F6C814C,1
1239,steady,1372.879833,1373.968760,1088.927,1.754,1087.116,256,TCGA-BH-A0HQ-01Z-00-DX1.0921FCEF-20A2-4D4B-A198-91AF9F6C814C,1
1240,steady,1373.980024,1375.067955,1087.931,1.758,1086.117,256,TCGA-BH-A0HQ-01Z-00-DX1.0921FCEF-20A2-4D4B-A198-91AF9F6C814C,1
1241,steady,1375.079543,1376.169281,1089.738,1.760,1087.921,256,TCGA-BH-A0HQ-01Z-00-DX1.0921FCEF-20A2-4D4B-A198-91AF9F6C814C,1
1242,steady,1376.180612,1377.269388,1088.776,1.756,1086.965,256,TCGA-BH-A0HQ-01Z-00-DX1.0921FCEF-20A2-4D4B-A198-91AF9F6C814C,1
1243,steady,1377.281133,1378.370477,1089.344,1.754,1087.533,256,TCGA-BH-A0HQ-01Z-00-DX1.0921FCEF-20A2-4D4B-A198-91AF9F6C814C,1
1244,steady,1378.381996,1379.471837,1089.841,1.751,1088.033,256,TCGA-BH-A0HQ-01Z-00-DX1.0921FCEF-20A2-4D4B-A198-91AF9F6C814C,1
1245,steady,1379.483304,1380.572595,1089.291,1.761,1087.472,256,TCGA-BH-A0HQ-01Z-00-DX1.0921FCEF-20A2-4D4B-A198-91AF9F6C814C,1
1246,steady,1380.573841,1380.724580,150.739,0.157,150.530,4,TCGA-BH-A0HQ-01Z-00-DX1.0921FCEF-20A2-4D4B-A198-91AF9F6C814C,1
1247,steady,1380.917971,1382.003021,1085.050,1.798,1083.157,256,TCGA-BH-A0W5-01Z-00-DX1.84EA3913-667B-4694-A0F0-E629CAC615C8,1
1248,steady,1382.014551,1383.103476,1088.925,1.751,1087.117,256,TCGA-BH-A0W5-01Z-00-DX1.84EA3913-667B-4694-A0F0-E629CAC615C8,1
1249,steady,1383.114873,1384.204565,1089.692,1.749,1087.882,256,TCGA-BH-A0W5-01Z-00-DX1.84EA3913-667B-4694-A0F0-E629CAC615C8,1
1250,steady,1384.215744,1385.305567,1089.823,1.751,1088.014,256,TCGA-BH-A0W5-01Z-00-DX1.84EA3913-667B-4694-A0F0-E629CAC615C8,1
1251,steady,1385.317056,1386.406954,1089.898,1.747,1088.092,256,TCGA-BH-A0W5-01Z-00-DX1.84EA3913-667B-4694-A0F0-E629CAC615C8,1
1252,steady,1386.418617,1387.508877,1090.260,1.754,1088.445,256,TCGA-BH-A0W5-01Z-00-DX1.84EA3913-667B-4694-A0F0-E629CAC615C8,1
1253,steady,1387.520528,1388.612362,1091.834,1.745,1090.033,256,TCGA-BH-A0W5-01Z-00-DX1.84EA3913-667B-4694-A0F0-E629CAC615C8,1
1254,steady,1388.624013,1389.714072,1090.058,1.755,1088.246,256,TCGA-BH-A0W5-01Z-00-DX1.84EA3913-667B-4694-A0F0-E629CAC615C8,1
1255,steady,1389.725407,1390.816503,1091.097,1.750,1089.289,256,TCGA-BH-A0W5-01Z-00-DX1.84EA3913-667B-4694-A0F0-E629CAC615C8,1
1256,steady,1390.828367,1391.920312,1091.945,1.756,1090.135,256,TCGA-BH-A0W5-01Z-00-DX1.84EA3913-667B-4694-A0F0-E629CAC615C8,1
1257,steady,1391.932171,1393.025355,1093.184,1.756,1091.374,256,TCGA-BH-A0W5-01Z-00-DX1.84EA3913-667B-4694-A0F0-E629CAC615C8,1
1258,steady,1393.036528,1394.130097,1093.569,1.759,1091.751,256,TCGA-BH-A0W5-01Z-00-DX1.84EA3913-667B-4694-A0F0-E629CAC615C8,1
1259,steady,1394.141719,1395.234459,1092.740,1.751,1090.933,256,TCGA-BH-A0W5-01Z-00-DX1.84EA3913-667B-4694-A0F0-E629CAC615C8,1
1260,steady,1395.246940,1396.341171,1094.231,1.745,1092.430,256,TCGA-BH-A0W5-01Z-00-DX1.84EA3913-667B-4694-A0F0-E629CAC615C8,1
1261,steady,1396.352781,1397.448612,1095.831,1.759,1094.017,256,TCGA-BH-A0W5-01Z-00-DX1.84EA3913-667B-4694-A0F0-E629CAC615C8,1
1262,steady,1397.460508,1398.555511,1095.003,1.749,1093.200,256,TCGA-BH-A0W5-01Z-00-DX1.84EA3913-667B-4694-A0F0-E629CAC615C8,1
1263,steady,1398.567049,1399.661535,1094.486,1.750,1092.681,256,TCGA-BH-A0W5-01Z-00-DX1.84EA3913-667B-4694-A0F0-E629CAC615C8,1
1264,steady,1399.672703,1400.768461,1095.758,1.754,1093.951,256,TCGA-BH-A0W5-01Z-00-DX1.84EA3913-667B-4694-A0F0-E629CAC615C8,1
1265,steady,1400.780078,1401.875286,1095.208,1.754,1093.400,256,TCGA-BH-A0W5-01Z-00-DX1.84EA3913-667B-4694-A0F0-E629CAC615C8,1
1266,steady,1401.886646,1402.983084,1096.438,1.751,1094.631,256,TCGA-BH-A0W5-01Z-00-DX1.84EA3913-667B-4694-A0F0-E629CAC615C8,1
1267,steady,1402.995064,1404.092938,1097.874,1.751,1096.067,256,TCGA-BH-A0W5-01Z-00-DX1.84EA3913-667B-4694-A0F0-E629CAC615C8,1
1268,steady,1404.104766,1405.202308,1097.542,1.753,1095.735,256,TCGA-BH-A0W5-01Z-00-DX1.84EA3913-667B-4694-A0F0-E629CAC615C8,1
1269,steady,1405.213774,1406.312293,1098.519,1.744,1096.720,256,TCGA-BH-A0W5-01Z-00-DX1.84EA3913-667B-4694-A0F0-E629CAC615C8,1
1270,steady,1406.323954,1407.422348,1098.394,1.749,1096.591,256,TCGA-BH-A0W5-01Z-00-DX1.84EA3913-667B-4694-A0F0-E629CAC615C8,1
1271,steady,1407.434009,1408.534658,1100.649,1.756,1098.837,256,TCGA-BH-A0W5-01Z-00-DX1.84EA3913-667B-4694-A0F0-E629CAC615C8,1
1272,steady,1408.546165,1409.647326,1101.161,1.755,1099.351,256,TCGA-BH-A0W5-01Z-00-DX1.84EA3913-667B-4694-A0F0-E629CAC615C8,1
1273,steady,1409.658897,1410.759363,1100.466,1.752,1098.658,256,TCGA-BH-A0W5-01Z-00-DX1.84EA3913-667B-4694-A0F0-E629CAC615C8,1
1274,steady,1410.770843,1411.872856,1102.013,1.751,1100.194,256,TCGA-BH-A0W5-01Z-00-DX1.84EA3913-667B-4694-A0F0-E629CAC615C8,1
1275,steady,1411.884346,1412.987131,1102.785,1.751,1100.978,256,TCGA-BH-A0W5-01Z-00-DX1.84EA3913-667B-4694-A0F0-E629CAC615C8,1
1276,steady,1412.998479,1414.101299,1102.820,1.761,1101.005,256,TCGA-BH-A0W5-01Z-00-DX1.84EA3913-667B-4694-A0F0-E629CAC615C8,1
1277,steady,1414.113258,1415.216780,1103.522,1.750,1101.718,256,TCGA-BH-A0W5-01Z-00-DX1.84EA3913-667B-4694-A0F0-E629CAC615C8,1
1278,steady,1415.228306,1416.331867,1103.561,1.752,1101.751,256,TCGA-BH-A0W5-01Z-00-DX1.84EA3913-667B-4694-A0F0-E629CAC615C8,1
1279,steady,1416.344012,1417.448874,1104.862,1.754,1103.050,256,TCGA-BH-A0W5-01Z-00-DX1.84EA3913-667B-4694-A0F0-E629CAC615C8,1
1280,steady,1417.461007,1418.565752,1104.745,1.749,1102.941,256,TCGA-BH-A0W5-01Z-00-DX1.84EA3913-667B-4694-A0F0-E629CAC615C8,1
1281,steady,1418.577538,1419.683198,1105.661,1.749,1103.857,256,TCGA-BH-A0W5-01Z-00-DX1.84EA3913-667B-4694-A0F0-E629CAC615C8,1
1282,steady,1419.694956,1420.800689,1105.734,1.750,1103.929,256,TCGA-BH-A0W5-01Z-00-DX1.84EA3913-667B-4694-A0F0-E629CAC615C8,1
1283,steady,1420.812269,1421.918404,1106.134,1.753,1104.323,256,TCGA-BH-A0W5-01Z-00-DX1.84EA3913-667B-4694-A0F0-E629CAC615C8,1
1284,steady,1421.930301,1423.038803,1108.501,1.758,1106.690,256,TCGA-BH-A0W5-01Z-00-DX1.84EA3913-667B-4694-A0F0-E629CAC615C8,1
1285,steady,1423.050816,1424.160845,1110.029,1.759,1108.217,256,TCGA-BH-A0W5-01Z-00-DX1.84EA3913-667B-4694-A0F0-E629CAC615C8,1
1286,steady,1424.172167,1425.282845,1110.678,1.757,1108.867,256,TCGA-BH-A0W5-01Z-00-DX1.84EA3913-667B-4694-A0F0-E629CAC615C8,1
1287,steady,1425.294258,1426.405193,1110.935,1.756,1109.125,256,TCGA-BH-A0W5-01Z-00-DX1.84EA3913-667B-4694-A0F0-E629CAC615C8,1
1288,steady,1426.416982,1427.528995,1112.013,1.752,1110.202,256,TCGA-BH-A0W5-01Z-00-DX1.84EA3913-667B-4694-A0F0-E629CAC615C8,1
1289,steady,1427.540975,1428.654656,1113.682,1.751,1111.876,256,TCGA-BH-A0W5-01Z-00-DX1.84EA3913-667B-4694-A0F0-E629CAC615C8,1
1290,steady,1428.666749,1429.780847,1114.098,1.752,1112.289,256,TCGA-BH-A0W5-01Z-00-DX1.84EA3913-667B-4694-A0F0-E629CAC615C8,1
1291,steady,1429.792422,1430.908321,1115.899,1.748,1114.097,256,TCGA-BH-A0W5-01Z-00-DX1.84EA3913-667B-4694-A0F0-E629CAC615C8,1
1292,steady,1430.919909,1432.036790,1116.881,1.747,1115.081,256,TCGA-BH-A0W5-01Z-00-DX1.84EA3913-667B-4694-A0F0-E629CAC615C8,1
1293,steady,1432.048360,1433.164510,1116.150,1.760,1114.334,256,TCGA-BH-A0W5-01Z-00-DX1.84EA3913-667B-4694-A0F0-E629CAC615C8,1
1294,steady,1433.176241,1434.292611,1116.370,1.752,1114.565,256,TCGA-BH-A0W5-01Z-00-DX1.84EA3913-667B-4694-A0F0-E629CAC615C8,1
1295,steady,1434.304636,1435.419920,1115.284,1.756,1113.476,256,TCGA-BH-A0W5-01Z-00-DX1.84EA3913-667B-4694-A0F0-E629CAC615C8,1
1296,steady,1435.431400,1436.546620,1115.220,1.747,1113.418,256,TCGA-BH-A0W5-01Z-00-DX1.84EA3913-667B-4694-A0F0-E629CAC615C8,1
1297,steady,1436.558389,1437.674422,1116.033,1.748,1114.231,256,TCGA-BH-A0W5-01Z-00-DX1.84EA3913-667B-4694-A0F0-E629CAC615C8,1
1298,steady,1437.686049,1438.801739,1115.690,1.751,1113.885,256,TCGA-BH-A0W5-01Z-00-DX1.84EA3913-667B-4694-A0F0-E629CAC615C8,1
1299,steady,1438.808680,1439.604093,795.412,0.985,794.379,147,TCGA-BH-A0W5-01Z-00-DX1.84EA3913-667B-4694-A0F0-E629CAC615C8,1
1300,steady,1439.784675,1440.897875,1113.200,1.790,1111.326,256,TCGA-C8-A26V-01Z-00-DX1.6E86DF74-D575-4969-8142-963D9DF5208F,1
1301,steady,1440.910148,1442.025774,1115.626,1.757,1113.812,256,TCGA-C8-A26V-01Z-00-DX1.6E86DF74-D575-4969-8142-963D9DF5208F,1
1302,steady,1442.037825,1443.155546,1117.721,1.753,1115.912,256,TCGA-C8-A26V-01Z-00-DX1.6E86DF74-D575-4969-8142-963D9DF5208F,1
1303,steady,1443.167266,1444.285549,1118.283,1.750,1116.476,256,TCGA-C8-A26V-01Z-00-DX1.6E86DF74-D575-4969-8142-963D9DF5208F,1
1304,steady,1444.297129,1445.413992,1116.862,1.762,1115.046,256,TCGA-C8-A26V-01Z-00-DX1.6E86DF74-D575-4969-8142-963D9DF5208F,1
1305,steady,1445.425612,1446.539160,1113.548,1.756,1111.738,256,TCGA-C8-A26V-01Z-00-DX1.6E86DF74-D575-4969-8142-963D9DF5208F,1
1306,steady,1446.551153,1447.665814,1114.661,1.767,1112.837,256,TCGA-C8-A26V-01Z-00-DX1.6E86DF74-D575-4969-8142-963D9DF5208F,1
1307,steady,1447.677334,1448.796521,1119.186,1.751,1117.383,256,TCGA-C8-A26V-01Z-00-DX1.6E86DF74-D575-4969-8142-963D9DF5208F,1
1308,steady,1448.808310,1449.922491,1114.181,1.757,1112.366,256,TCGA-C8-A26V-01Z-00-DX1.6E86DF74-D575-4969-8142-963D9DF5208F,1
1309,steady,1449.933908,1451.051562,1117.654,1.751,1115.847,256,TCGA-C8-A26V-01Z-00-DX1.6E86DF74-D575-4969-8142-963D9DF5208F,1
1310,steady,1451.062810,1452.177898,1115.088,1.767,1113.265,256,TCGA-C8-A26V-01Z-00-DX1.6E86DF74-D575-4969-8142-963D9DF5208F,1
1311,steady,1452.190524,1453.305298,1114.774,1.757,1112.956,256,TCGA-C8-A26V-01Z-00-DX1.6E86DF74-D575-4969-8142-963D9DF5208F,1
1312,steady,1453.317471,1454.432034,1114.563,1.757,1112.745,256,TCGA-C8-A26V-01Z-00-DX1.6E86DF74-D575-4969-8142-963D9DF5208F,1
1313,steady,1454.443743,1455.558698,1114.955,1.757,1113.137,256,TCGA-C8-A26V-01Z-00-DX1.6E86DF74-D575-4969-8142-963D9DF5208F,1
1314,steady,1455.570489,1456.686072,1115.583,1.758,1113.768,256,TCGA-C8-A26V-01Z-00-DX1.6E86DF74-D575-4969-8142-963D9DF5208F,1
1315,steady,1456.697813,1457.813197,1115.384,1.758,1113.571,256,TCGA-C8-A26V-01Z-00-DX1.6E86DF74-D575-4969-8142-963D9DF5208F,1
1316,steady,1457.825023,1458.940027,1115.003,1.753,1113.190,256,TCGA-C8-A26V-01Z-00-DX1.6E86DF74-D575-4969-8142-963D9DF5208F,1
1317,steady,1458.951552,1460.067550,1115.998,1.758,1114.182,256,TCGA-C8-A26V-01Z-00-DX1.6E86DF74-D575-4969-8142-963D9DF5208F,1
1318,steady,1460.079616,1461.196102,1116.486,1.764,1114.665,256,TCGA-C8-A26V-01Z-00-DX1.6E86DF74-D575-4969-8142-963D9DF5208F,1
1319,steady,1461.208351,1462.325164,1116.813,1.754,1115.003,256,TCGA-C8-A26V-01Z-00-DX1.6E86DF74-D575-4969-8142-963D9DF5208F,1
1320,steady,1462.336653,1463.454783,1118.130,1.759,1116.314,256,TCGA-C8-A26V-01Z-00-DX1.6E86DF74-D575-4969-8142-963D9DF5208F,1
1321,steady,1463.466667,1464.583795,1117.128,1.757,1115.314,256,TCGA-C8-A26V-01Z-00-DX1.6E86DF74-D575-4969-8142-963D9DF5208F,1
1322,steady,1464.595520,1465.714525,1119.005,1.754,1117.183,256,TCGA-C8-A26V-01Z-00-DX1.6E86DF74-D575-4969-8142-963D9DF5208F,1
1323,steady,1465.725993,1466.842984,1116.991,1.760,1115.175,256,TCGA-C8-A26V-01Z-00-DX1.6E86DF74-D575-4969-8142-963D9DF5208F,1
1324,steady,1466.854492,1467.973825,1119.333,1.759,1117.491,256,TCGA-C8-A26V-01Z-00-DX1.6E86DF74-D575-4969-8142-963D9DF5208F,1
1325,steady,1467.985499,1469.105239,1119.740,1.754,1117.931,256,TCGA-C8-A26V-01Z-00-DX1.6E86DF74-D575-4969-8142-963D9DF5208F,1
1326,steady,1469.116959,1470.236895,1119.936,1.752,1118.131,256,TCGA-C8-A26V-01Z-00-DX1.6E86DF74-D575-4969-8142-963D9DF5208F,1
1327,steady,1470.248439,1471.368877,1120.438,1.753,1118.631,256,TCGA-C8-A26V-01Z-00-DX1.6E86DF74-D575-4969-8142-963D9DF5208F,1
1328,steady,1471.380448,1472.499653,1119.205,1.750,1117.397,256,TCGA-C8-A26V-01Z-00-DX1.6E86DF74-D575-4969-8142-963D9DF5208F,1
1329,steady,1472.511010,1473.629605,1118.595,1.753,1116.785,256,TCGA-C8-A26V-01Z-00-DX1.6E86DF74-D575-4969-8142-963D9DF5208F,1
1330,steady,1473.641543,1474.759958,1118.415,1.756,1116.602,256,TCGA-C8-A26V-01Z-00-DX1.6E86DF74-D575-4969-8142-963D9DF5208F,1
1331,steady,1474.771380,1475.890778,1119.399,1.753,1117.591,256,TCGA-C8-A26V-01Z-00-DX1.6E86DF74-D575-4969-8142-963D9DF5208F,1
1332,steady,1475.902373,1477.019459,1117.086,1.758,1115.270,256,TCGA-C8-A26V-01Z-00-DX1.6E86DF74-D575-4969-8142-963D9DF5208F,1
1333,steady,1477.031065,1478.148879,1117.814,1.752,1116.006,256,TCGA-C8-A26V-01Z-00-DX1.6E86DF74-D575-4969-8142-963D9DF5208F,1
1334,steady,1478.160093,1479.277211,1117.117,1.758,1115.302,256,TCGA-C8-A26V-01Z-00-DX1.6E86DF74-D575-4969-8142-963D9DF5208F,1
1335,steady,1479.288000,1480.492807,1204.807,1.605,1203.146,235,TCGA-C8-A26V-01Z-00-DX1.6E86DF74-D575-4969-8142-963D9DF5208F,1
1336,steady,1480.656423,1481.764532,1108.109,1.794,1106.225,256,TCGA-C8-A275-01Z-00-DX1.44D27E67-4DD6-4893-B38A-01E48F5A358A,1
1337,steady,1481.776256,1482.893736,1117.480,1.755,1115.670,256,TCGA-C8-A275-01Z-00-DX1.44D27E67-4DD6-4893-B38A-01E48F5A358A,1
1338,steady,1482.907212,1484.026678,1119.466,1.756,1117.655,256,TCGA-C8-A275-01Z-00-DX1.44D27E67-4DD6-4893-B38A-01E48F5A358A,1
1339,steady,1484.038148,1485.154766,1116.617,1.760,1114.803,256,TCGA-C8-A275-01Z-00-DX1.44D27E67-4DD6-4893-B38A-01E48F5A358A,1
1340,steady,1485.168457,1486.288184,1119.727,1.761,1117.915,256,TCGA-C8-A275-01Z-00-DX1.44D27E67-4DD6-4893-B38A-01E48F5A358A,1
1341,steady,1486.299728,1487.416999,1117.272,1.762,1115.455,256,TCGA-C8-A275-01Z-00-DX1.44D27E67-4DD6-4893-B38A-01E48F5A358A,1
1342,steady,1487.428314,1488.547001,1118.687,1.760,1116.873,256,TCGA-C8-A275-01Z-00-DX1.44D27E67-4DD6-4893-B38A-01E48F5A358A,1
1343,steady,1488.559072,1489.678384,1119.311,1.753,1117.505,256,TCGA-C8-A275-01Z-00-DX1.44D27E67-4DD6-4893-B38A-01E48F5A358A,1
1344,steady,1489.689948,1490.809512,1119.563,1.759,1117.749,256,TCGA-C8-A275-01Z-00-DX1.44D27E67-4DD6-4893-B38A-01E48F5A358A,1
1345,steady,1490.820964,1491.938229,1117.265,1.764,1115.447,256,TCGA-C8-A275-01Z-00-DX1.44D27E67-4DD6-4893-B38A-01E48F5A358A,1
1346,steady,1491.949580,1493.068673,1119.093,1.753,1117.282,256,TCGA-C8-A275-01Z-00-DX1.44D27E67-4DD6-4893-B38A-01E48F5A358A,1
1347,steady,1493.080473,1494.199781,1119.308,1.755,1117.499,256,TCGA-C8-A275-01Z-00-DX1.44D27E67-4DD6-4893-B38A-01E48F5A358A,1
1348,steady,1494.211185,1495.330437,1119.252,1.759,1117.438,256,TCGA-C8-A275-01Z-00-DX1.44D27E67-4DD6-4893-B38A-01E48F5A358A,1
1349,steady,1495.342245,1496.459539,1117.294,1.758,1115.480,256,TCGA-C8-A275-01Z-00-DX1.44D27E67-4DD6-4893-B38A-01E48F5A358A,1
1350,steady,1496.471114,1497.588406,1117.292,1.758,1115.479,256,TCGA-C8-A275-01Z-00-DX1.44D27E67-4DD6-4893-B38A-01E48F5A358A,1
1351,steady,1497.599727,1498.718918,1119.192,1.759,1117.376,256,TCGA-C8-A275-01Z-00-DX1.44D27E67-4DD6-4893-B38A-01E48F5A358A,1
1352,steady,1498.730556,1499.849925,1119.369,1.760,1117.554,256,TCGA-C8-A275-01Z-00-DX1.44D27E67-4DD6-4893-B38A-01E48F5A358A,1
1353,steady,1499.861160,1500.979936,1118.776,1.754,1116.964,256,TCGA-C8-A275-01Z-00-DX1.44D27E67-4DD6-4893-B38A-01E48F5A358A,1
1354,steady,1500.991357,1502.112003,1120.647,1.752,1118.837,256,TCGA-C8-A275-01Z-00-DX1.44D27E67-4DD6-4893-B38A-01E48F5A358A,1
1355,steady,1502.123462,1503.247183,1123.721,1.758,1121.906,256,TCGA-C8-A275-01Z-00-DX1.44D27E67-4DD6-4893-B38A-01E48F5A358A,1
1356,steady,1503.258297,1504.380168,1121.871,1.760,1120.051,256,TCGA-C8-A275-01Z-00-DX1.44D27E67-4DD6-4893-B38A-01E48F5A358A,1
1357,steady,1504.392334,1505.517808,1125.475,1.770,1123.646,256,TCGA-C8-A275-01Z-00-DX1.44D27E67-4DD6-4893-B38A-01E48F5A358A,1
1358,steady,1505.529428,1506.654463,1125.035,1.756,1123.218,256,TCGA-C8-A275-01Z-00-DX1.44D27E67-4DD6-4893-B38A-01E48F5A358A,1
1359,steady,1506.665820,1507.790088,1124.268,1.752,1122.459,256,TCGA-C8-A275-01Z-00-DX1.44D27E67-4DD6-4893-B38A-01E48F5A358A,1
1360,steady,1507.802081,1508.928015,1125.934,1.751,1124.126,256,TCGA-C8-A275-01Z-00-DX1.44D27E67-4DD6-4893-B38A-01E48F5A358A,1
1361,steady,1508.939467,1510.063898,1124.431,1.757,1122.619,256,TCGA-C8-A275-01Z-00-DX1.44D27E67-4DD6-4893-B38A-01E48F5A358A,1
1362,steady,1510.075631,1511.201744,1126.112,1.753,1124.302,256,TCGA-C8-A275-01Z-00-DX1.44D27E67-4DD6-4893-B38A-01E48F5A358A,1
1363,steady,1511.213293,1512.338770,1125.476,1.752,1123.666,256,TCGA-C8-A275-01Z-00-DX1.44D27E67-4DD6-4893-B38A-01E48F5A358A,1
1364,steady,1512.350107,1513.476666,1126.559,1.757,1124.745,256,TCGA-C8-A275-01Z-00-DX1.44D27E67-4DD6-4893-B38A-01E48F5A358A,1
1365,steady,1513.488540,1514.616039,1127.499,1.763,1125.676,256,TCGA-C8-A275-01Z-00-DX1.44D27E67-4DD6-4893-B38A-01E48F5A358A,1
1366,steady,1514.627322,1515.754171,1126.849,1.759,1125.034,256,TCGA-C8-A275-01Z-00-DX1.44D27E67-4DD6-4893-B38A-01E48F5A358A,1
1367,steady,1515.765771,1516.888275,1122.505,1.758,1120.690,256,TCGA-C8-A275-01Z-00-DX1.44D27E67-4DD6-4893-B38A-01E48F5A358A,1
1368,steady,1516.900135,1518.023818,1123.683,1.763,1121.862,256,TCGA-C8-A275-01Z-00-DX1.44D27E67-4DD6-4893-B38A-01E48F5A358A,1
1369,steady,1518.035412,1519.161304,1125.892,1.757,1124.077,256,TCGA-C8-A275-01Z-00-DX1.44D27E67-4DD6-4893-B38A-01E48F5A358A,1
1370,steady,1519.173158,1520.294011,1120.853,1.753,1119.044,256,TCGA-C8-A275-01Z-00-DX1.44D27E67-4DD6-4893-B38A-01E48F5A358A,1
1371,steady,1520.305722,1521.430489,1124.767,1.745,1122.968,256,TCGA-C8-A275-01Z-00-DX1.44D27E67-4DD6-4893-B38A-01E48F5A358A,1
1372,steady,1521.441950,1522.564782,1122.832,1.763,1121.012,256,TCGA-C8-A275-01Z-00-DX1.44D27E67-4DD6-4893-B38A-01E48F5A358A,1
1373,steady,1522.576319,1523.700745,1124.426,1.763,1122.608,256,TCGA-C8-A275-01Z-00-DX1.44D27E67-4DD6-4893-B38A-01E48F5A358A,1
1374,steady,1523.712101,1524.833046,1120.945,1.757,1119.133,256,TCGA-C8-A275-01Z-00-DX1.44D27E67-4DD6-4893-B38A-01E48F5A358A,1
1375,steady,1524.844444,1525.965989,1121.546,1.775,1119.716,256,TCGA-C8-A275-01Z-00-DX1.44D27E67-4DD6-4893-B38A-01E48F5A358A,1
1376,steady,1525.977392,1527.098448,1121.056,1.758,1119.242,256,TCGA-C8-A275-01Z-00-DX1.44D27E67-4DD6-4893-B38A-01E48F5A358A,1
1377,steady,1527.109978,1528.231229,1121.251,1.755,1119.439,256,TCGA-C8-A275-01Z-00-DX1.44D27E67-4DD6-4893-B38A-01E48F5A358A,1
1378,steady,1528.242571,1529.362497,1119.926,1.758,1118.113,256,TCGA-C8-A275-01Z-00-DX1.44D27E67-4DD6-4893-B38A-01E48F5A358A,1
1379,steady,1529.373846,1530.498944,1125.098,1.767,1123.268,256,TCGA-C8-A275-01Z-00-DX1.44D27E67-4DD6-4893-B38A-01E48F5A358A,1
1380,steady,1530.510351,1531.632670,1122.319,1.756,1120.504,256,TCGA-C8-A275-01Z-00-DX1.44D27E67-4DD6-4893-B38A-01E48F5A358A,1
1381,steady,1531.644452,1532.761016,1116.564,1.781,1114.725,256,TCGA-C8-A275-01Z-00-DX1.44D27E67-4DD6-4893-B38A-01E48F5A358A,1
1382,steady,1532.772488,1533.893444,1120.956,1.753,1119.149,256,TCGA-C8-A275-01Z-00-DX1.44D27E67-4DD6-4893-B38A-01E48F5A358A,1
1383,steady,1533.905152,1535.028747,1123.595,1.758,1121.783,256,TCGA-C8-A275-01Z-00-DX1.44D27E67-4DD6-4893-B38A-01E48F5A358A,1
1384,steady,1535.032683,1535.386655,353.972,0.209,353.717,66,TCGA-C8-A275-01Z-00-DX1.44D27E67-4DD6-4893-B38A-01E48F5A358A,1
1385,steady,1535.543512,1536.654303,1110.790,1.795,1108.920,256,TCGA-C8-A8HR-01Z-00-DX1.8E841CA8-1CE2-4242-AC5A-3247075CF8F4,1
1386,steady,1536.665605,1537.783658,1118.053,1.752,1116.246,256,TCGA-C8-A8HR-01Z-00-DX1.8E841CA8-1CE2-4242-AC5A-3247075CF8F4,1
1387,steady,1537.795143,1538.913200,1118.057,1.749,1116.253,256,TCGA-C8-A8HR-01Z-00-DX1.8E841CA8-1CE2-4242-AC5A-3247075CF8F4,1
1388,steady,1538.924650,1540.042603,1117.954,1.746,1116.154,256,TCGA-C8-A8HR-01Z-00-DX1.8E841CA8-1CE2-4242-AC5A-3247075CF8F4,1
1389,steady,1540.054847,1541.171385,1116.538,1.760,1114.714,256,TCGA-C8-A8HR-01Z-00-DX1.8E841CA8-1CE2-4242-AC5A-3247075CF8F4,1
1390,steady,1541.182790,1542.301028,1118.237,1.759,1116.426,256,TCGA-C8-A8HR-01Z-00-DX1.8E841CA8-1CE2-4242-AC5A-3247075CF8F4,1
1391,steady,1542.312525,1543.430482,1117.956,1.755,1116.145,256,TCGA-C8-A8HR-01Z-00-DX1.8E841CA8-1CE2-4242-AC5A-3247075CF8F4,1
1392,steady,1543.441943,1544.560214,1118.271,1.754,1116.458,256,TCGA-C8-A8HR-01Z-00-DX1.8E841CA8-1CE2-4242-AC5A-3247075CF8F4,1
1393,steady,1544.571819,1545.690223,1118.404,1.757,1116.593,256,TCGA-C8-A8HR-01Z-00-DX1.8E841CA8-1CE2-4242-AC5A-3247075CF8F4,1
1394,steady,1545.701577,1546.820769,1119.191,1.750,1117.387,256,TCGA-C8-A8HR-01Z-00-DX1.8E841CA8-1CE2-4242-AC5A-3247075CF8F4,1
1395,steady,1546.832275,1547.951780,1119.506,1.746,1117.705,256,TCGA-C8-A8HR-01Z-00-DX1.8E841CA8-1CE2-4242-AC5A-3247075CF8F4,1
1396,steady,1547.963087,1549.082538,1119.451,1.753,1117.640,256,TCGA-C8-A8HR-01Z-00-DX1.8E841CA8-1CE2-4242-AC5A-3247075CF8F4,1
1397,steady,1549.094435,1550.213451,1119.016,1.756,1117.201,256,TCGA-C8-A8HR-01Z-00-DX1.8E841CA8-1CE2-4242-AC5A-3247075CF8F4,1
1398,steady,1550.225259,1551.346198,1120.939,1.760,1119.120,256,TCGA-C8-A8HR-01Z-00-DX1.8E841CA8-1CE2-4242-AC5A-3247075CF8F4,1
1399,steady,1551.357772,1552.478834,1121.062,1.747,1119.260,256,TCGA-C8-A8HR-01Z-00-DX1.8E841CA8-1CE2-4242-AC5A-3247075CF8F4,1
1400,steady,1552.490347,1553.611878,1121.531,1.755,1119.721,256,TCGA-C8-A8HR-01Z-00-DX1.8E841CA8-1CE2-4242-AC5A-3247075CF8F4,1
1401,steady,1553.623523,1554.747750,1124.227,1.755,1122.414,256,TCGA-C8-A8HR-01Z-00-DX1.8E841CA8-1CE2-4242-AC5A-3247075CF8F4,1
1402,steady,1554.759335,1555.883403,1124.068,1.747,1122.265,256,TCGA-C8-A8HR-01Z-00-DX1.8E841CA8-1CE2-4242-AC5A-3247075CF8F4,1
1403,steady,1555.895057,1557.017995,1122.938,1.749,1121.136,256,TCGA-C8-A8HR-01Z-00-DX1.8E841CA8-1CE2-4242-AC5A-3247075CF8F4,1
1404,steady,1557.029583,1558.152445,1122.863,1.760,1121.050,256,TCGA-C8-A8HR-01Z-00-DX1.8E841CA8-1CE2-4242-AC5A-3247075CF8F4,1
1405,steady,1558.163675,1559.286450,1122.775,1.752,1120.969,256,TCGA-C8-A8HR-01Z-00-DX1.8E841CA8-1CE2-4242-AC5A-3247075CF8F4,1
1406,steady,1559.289002,1559.505147,216.145,0.119,215.985,34,TCGA-C8-A8HR-01Z-00-DX1.8E841CA8-1CE2-4242-AC5A-3247075CF8F4,1
1407,steady,1559.622447,1560.745681,1123.234,1.792,1121.364,256,TCGA-D8-A1JI-01Z-00-DX2.E688E270-26C9-43EC-BC26-86BF8B74A31D,1
1408,steady,1560.757261,1561.877237,1119.976,1.754,1118.158,256,TCGA-D8-A1JI-01Z-00-DX2.E688E270-26C9-43EC-BC26-86BF8B74A31D,1
1409,steady,1561.888889,1563.008389,1119.500,1.764,1117.679,256,TCGA-D8-A1JI-01Z-00-DX2.E688E270-26C9-43EC-BC26-86BF8B74A31D,1
1410,steady,1563.020069,1564.140999,1120.929,1.758,1119.113,256,TCGA-D8-A1JI-01Z-00-DX2.E688E270-26C9-43EC-BC26-86BF8B74A31D,1
1411,steady,1564.152460,1565.273408,1120.948,1.750,1119.144,256,TCGA-D8-A1JI-01Z-00-DX2.E688E270-26C9-43EC-BC26-86BF8B74A31D,1
1412,steady,1565.284814,1566.407852,1123.038,1.752,1121.231,256,TCGA-D8-A1JI-01Z-00-DX2.E688E270-26C9-43EC-BC26-86BF8B74A31D,1
1413,steady,1566.419409,1567.542138,1122.729,1.752,1120.920,256,TCGA-D8-A1JI-01Z-00-DX2.E688E270-26C9-43EC-BC26-86BF8B74A31D,1
1414,steady,1567.555863,1568.679261,1123.397,1.752,1121.590,256,TCGA-D8-A1JI-01Z-00-DX2.E688E270-26C9-43EC-BC26-86BF8B74A31D,1
1415,steady,1568.690715,1569.813340,1122.625,1.748,1120.823,256,TCGA-D8-A1JI-01Z-00-DX2.E688E270-26C9-43EC-BC26-86BF8B74A31D,1
1416,steady,1569.825191,1570.946176,1120.986,1.753,1119.177,256,TCGA-D8-A1JI-01Z-00-DX2.E688E270-26C9-43EC-BC26-86BF8B74A31D,1
1417,steady,1570.957624,1572.078215,1120.591,1.748,1118.790,256,TCGA-D8-A1JI-01Z-00-DX2.E688E270-26C9-43EC-BC26-86BF8B74A31D,1
1418,steady,1572.090822,1573.209749,1118.927,1.768,1117.101,256,TCGA-D8-A1JI-01Z-00-DX2.E688E270-26C9-43EC-BC26-86BF8B74A31D,1
1419,steady,1573.221405,1574.340133,1118.728,1.762,1116.912,256,TCGA-D8-A1JI-01Z-00-DX2.E688E270-26C9-43EC-BC26-86BF8B74A31D,1
1420,steady,1574.351377,1575.466614,1115.238,1.759,1113.426,256,TCGA-D8-A1JI-01Z-00-DX2.E688E270-26C9-43EC-BC26-86BF8B74A31D,1
1421,steady,1575.478403,1576.592821,1114.418,1.748,1112.614,256,TCGA-D8-A1JI-01Z-00-DX2.E688E270-26C9-43EC-BC26-86BF8B74A31D,1
1422,steady,1576.604232,1577.716724,1112.492,1.759,1110.680,256,TCGA-D8-A1JI-01Z-00-DX2.E688E270-26C9-43EC-BC26-86BF8B74A31D,1
1423,steady,1577.728317,1578.841095,1112.778,1.744,1110.980,256,TCGA-D8-A1JI-01Z-00-DX2.E688E270-26C9-43EC-BC26-86BF8B74A31D,1
1424,steady,1578.852820,1579.965173,1112.353,1.759,1110.541,256,TCGA-D8-A1JI-01Z-00-DX2.E688E270-26C9-43EC-BC26-86BF8B74A31D,1
1425,steady,1579.976913,1581.086854,1109.942,1.750,1108.138,256,TCGA-D8-A1JI-01Z-00-DX2.E688E270-26C9-43EC-BC26-86BF8B74A31D,1
1426,steady,1581.098418,1582.207865,1109.447,1.759,1107.633,256,TCGA-D8-A1JI-01Z-00-DX2.E688E270-26C9-43EC-BC26-86BF8B74A31D,1
1427,steady,1582.219367,1583.328494,1109.127,1.755,1107.317,256,TCGA-D8-A1JI-01Z-00-DX2.E688E270-26C9-43EC-BC26-86BF8B74A31D,1
1428,steady,1583.340192,1584.449421,1109.230,1.757,1107.420,256,TCGA-D8-A1JI-01Z-00-DX2.E688E270-26C9-43EC-BC26-86BF8B74A31D,1
1429,steady,1584.460984,1585.567375,1106.391,1.751,1104.585,256,TCGA-D8-A1JI-01Z-00-DX2.E688E270-26C9-43EC-BC26-86BF8B74A31D,1
1430,steady,1585.579137,1586.686238,1107.102,1.759,1105.286,256,TCGA-D8-A1JI-01Z-00-DX2.E688E270-26C9-43EC-BC26-86BF8B74A31D,1
1431,steady,1586.698560,1587.803759,1105.199,1.755,1103.391,256,TCGA-D8-A1JI-01Z-00-DX2.E688E270-26C9-43EC-BC26-86BF8B74A31D,1
1432,steady,1587.815488,1588.920240,1104.752,1.758,1102.939,256,TCGA-D8-A1JI-01Z-00-DX2.E688E270-26C9-43EC-BC26-86BF8B74A31D,1
1433,steady,1588.931833,1590.036972,1105.139,1.748,1103.335,256,TCGA-D8-A1JI-01Z-00-DX2.E688E270-26C9-43EC-BC26-86BF8B74A31D,1
1434,steady,1590.048400,1591.154056,1105.656,1.764,1103.837,256,TCGA-D8-A1JI-01Z-00-DX2.E688E270-26C9-43EC-BC26-86BF8B74A31D,1
1435,steady,1591.165651,1592.268383,1102.732,1.746,1100.930,256,TCGA-D8-A1JI-01Z-00-DX2.E688E270-26C9-43EC-BC26-86BF8B74A31D,1
1436,steady,1592.279765,1593.381451,1101.686,1.752,1099.880,256,TCGA-D8-A1JI-01Z-00-DX2.E688E270-26C9-43EC-BC26-86BF8B74A31D,1
1437,steady,1593.392776,1594.494186,1101.410,1.746,1099.608,256,TCGA-D8-A1JI-01Z-00-DX2.E688E270-26C9-43EC-BC26-86BF8B74A31D,1
1438,steady,1594.505868,1595.606866,1100.998,1.754,1099.184,256,TCGA-D8-A1JI-01Z-00-DX2.E688E270-26C9-43EC-BC26-86BF8B74A31D,1
1439,steady,1595.618625,1596.718787,1100.162,1.745,1098.364,256,TCGA-D8-A1JI-01Z-00-DX2.E688E270-26C9-43EC-BC26-86BF8B74A31D,1
1440,steady,1596.726972,1597.602315,875.343,1.134,874.156,168,TCGA-D8-A1JI-01Z-00-DX2.E688E270-26C9-43EC-BC26-86BF8B74A31D,1
1441,steady,1597.753183,1598.845319,1092.137,1.804,1090.254,256,TCGA-D8-A1JM-01Z-00-DX1.3CD15BC8-08B3-4BEE-9FD7-A8BEED33268E,1
1442,steady,1598.856856,1599.951476,1094.620,1.753,1092.812,256,TCGA-D8-A1JM-01Z-00-DX1.3CD15BC8-08B3-4BEE-9FD7-A8BEED33268E,1
1443,steady,1599.962997,1601.056926,1093.930,1.750,1092.125,256,TCGA-D8-A1JM-01Z-00-DX1.3CD15BC8-08B3-4BEE-9FD7-A8BEED33268E,1
1444,steady,1601.068584,1602.162875,1094.291,1.752,1092.485,256,TCGA-D8-A1JM-01Z-00-DX1.3CD15BC8-08B3-4BEE-9FD7-A8BEED33268E,1
1445,steady,1602.174280,1603.269171,1094.891,1.758,1093.077,256,TCGA-D8-A1JM-01Z-00-DX1.3CD15BC8-08B3-4BEE-9FD7-A8BEED33268E,1
1446,steady,1603.280654,1604.374754,1094.099,1.751,1092.294,256,TCGA-D8-A1JM-01Z-00-DX1.3CD15BC8-08B3-4BEE-9FD7-A8BEED33268E,1
1447,steady,1604.386333,1605.480754,1094.421,1.759,1092.609,256,TCGA-D8-A1JM-01Z-00-DX1.3CD15BC8-08B3-4BEE-9FD7-A8BEED33268E,1
1448,steady,1605.492450,1606.586090,1093.640,1.758,1091.826,256,TCGA-D8-A1JM-01Z-00-DX1.3CD15BC8-08B3-4BEE-9FD7-A8BEED33268E,1
1449,steady,1606.597692,1607.690111,1092.419,1.757,1090.606,256,TCGA-D8-A1JM-01Z-00-DX1.3CD15BC8-08B3-4BEE-9FD7-A8BEED33268E,1
1450,steady,1607.701838,1608.793684,1091.846,1.754,1090.037,256,TCGA-D8-A1JM-01Z-00-DX1.3CD15BC8-08B3-4BEE-9FD7-A8BEED33268E,1
1451,steady,1608.806153,1609.900650,1094.497,1.750,1092.689,256,TCGA-D8-A1JM-01Z-00-DX1.3CD15BC8-08B3-4BEE-9FD7-A8BEED33268E,1
1452,steady,1609.912553,1611.005912,1093.359,1.757,1091.547,256,TCGA-D8-A1JM-01Z-00-DX1.3CD15BC8-08B3-4BEE-9FD7-A8BEED33268E,1
1453,steady,1611.017875,1612.110011,1092.136,1.755,1090.322,256,TCGA-D8-A1JM-01Z-00-DX1.3CD15BC8-08B3-4BEE-9FD7-A8BEED33268E,1
1454,steady,1612.121819,1613.214442,1092.622,1.747,1090.819,256,TCGA-D8-A1JM-01Z-00-DX1.3CD15BC8-08B3-4BEE-9FD7-A8BEED33268E,1
1455,steady,1613.226060,1614.318691,1092.631,1.762,1090.813,256,TCGA-D8-A1JM-01Z-00-DX1.3CD15BC8-08B3-4BEE-9FD7-A8BEED33268E,1
1456,steady,1614.330221,1615.423779,1093.558,1.755,1091.746,256,TCGA-D8-A1JM-01Z-00-DX1.3CD15BC8-08B3-4BEE-9FD7-A8BEED33268E,1
1457,steady,1615.435793,1616.528678,1092.885,1.760,1091.069,256,TCGA-D8-A1JM-01Z-00-DX1.3CD15BC8-08B3-4BEE-9FD7-A8BEED33268E,1
1458,steady,1616.540489,1617.634047,1093.558,1.750,1091.749,256,TCGA-D8-A1JM-01Z-00-DX1.3CD15BC8-08B3-4BEE-9FD7-A8BEED33268E,1
1459,steady,1617.645688,1618.738439,1092.751,1.768,1090.922,256,TCGA-D8-A1JM-01Z-00-DX1.3CD15BC8-08B3-4BEE-9FD7-A8BEED33268E,1
1460,steady,1618.749975,1619.843174,1093.199,1.755,1091.387,256,TCGA-D8-A1JM-01Z-00-DX1.3CD15BC8-08B3-4BEE-9FD7-A8BEED33268E,1
1461,steady,1619.855288,1620.947830,1092.542,1.758,1090.727,256,TCGA-D8-A1JM-01Z-00-DX1.3CD15BC8-08B3-4BEE-9FD7-A8BEED33268E,1
1462,steady,1620.959574,1622.052736,1093.162,1.752,1091.357,256,TCGA-D8-A1JM-01Z-00-DX1.3CD15BC8-08B3-4BEE-9FD7-A8BEED33268E,1
1463,steady,1622.064508,1623.158527,1094.020,1.760,1092.182,256,TCGA-D8-A1JM-01Z-00-DX1.3CD15BC8-08B3-4BEE-9FD7-A8BEED33268E,1
1464,steady,1623.170210,1624.264815,1094.605,1.748,1092.801,256,TCGA-D8-A1JM-01Z-00-DX1.3CD15BC8-08B3-4BEE-9FD7-A8BEED33268E,1
1465,steady,1624.276501,1625.370997,1094.496,1.757,1092.679,256,TCGA-D8-A1JM-01Z-00-DX1.3CD15BC8-08B3-4BEE-9FD7-A8BEED33268E,1
1466,steady,1625.383138,1626.483303,1100.165,1.750,1098.355,256,TCGA-D8-A1JM-01Z-00-DX1.3CD15BC8-08B3-4BEE-9FD7-A8BEED33268E,1
1467,steady,1626.495227,1627.595116,1099.889,1.754,1098.076,256,TCGA-D8-A1JM-01Z-00-DX1.3CD15BC8-08B3-4BEE-9FD7-A8BEED33268E,1
1468,steady,1627.606895,1628.707532,1100.637,1.760,1098.815,256,TCGA-D8-A1JM-01Z-00-DX1.3CD15BC8-08B3-4BEE-9FD7-A8BEED33268E,1
1469,steady,1628.719397,1629.820898,1101.501,1.752,1099.695,256,TCGA-D8-A1JM-01Z-00-DX1.3CD15BC8-08B3-4BEE-9FD7-A8BEED33268E,1
1470,steady,1629.832525,1630.934462,1101.937,1.749,1100.133,256,TCGA-D8-A1JM-01Z-00-DX1.3CD15BC8-08B3-4BEE-9FD7-A8BEED33268E,1
1471,steady,1630.946088,1632.047793,1101.705,1.758,1099.889,256,TCGA-D8-A1JM-01Z-00-DX1.3CD15BC8-08B3-4BEE-9FD7-A8BEED33268E,1
1472,steady,1632.059614,1633.161433,1101.819,1.762,1099.999,256,TCGA-D8-A1JM-01Z-00-DX1.3CD15BC8-08B3-4BEE-9FD7-A8BEED33268E,1
1473,steady,1633.173302,1634.274090,1100.787,1.749,1098.981,256,TCGA-D8-A1JM-01Z-00-DX1.3CD15BC8-08B3-4BEE-9FD7-A8BEED33268E,1
1474,steady,1634.286129,1635.388634,1102.505,1.757,1100.693,256,TCGA-D8-A1JM-01Z-00-DX1.3CD15BC8-08B3-4BEE-9FD7-A8BEED33268E,1
1475,steady,1635.402385,1636.504308,1101.923,1.759,1100.104,256,TCGA-D8-A1JM-01Z-00-DX1.3CD15BC8-08B3-4BEE-9FD7-A8BEED33268E,1
1476,steady,1636.516050,1637.618945,1102.895,1.754,1101.089,256,TCGA-D8-A1JM-01Z-00-DX1.3CD15BC8-08B3-4BEE-9FD7-A8BEED33268E,1
1477,steady,1637.630825,1638.734257,1103.432,1.750,1101.618,256,TCGA-D8-A1JM-01Z-00-DX1.3CD15BC8-08B3-4BEE-9FD7-A8BEED33268E,1
1478,steady,1638.746158,1639.848812,1102.654,1.757,1100.839,256,TCGA-D8-A1JM-01Z-00-DX1.3CD15BC8-08B3-4BEE-9FD7-A8BEED33268E,1
1479,steady,1639.860520,1640.963950,1103.430,1.756,1101.620,256,TCGA-D8-A1JM-01Z-00-DX1.3CD15BC8-08B3-4BEE-9FD7-A8BEED33268E,1
1480,steady,1640.975697,1642.080776,1105.079,1.756,1103.265,256,TCGA-D8-A1JM-01Z-00-DX1.3CD15BC8-08B3-4BEE-9FD7-A8BEED33268E,1
1481,steady,1642.093577,1643.199072,1105.495,1.760,1103.680,256,TCGA-D8-A1JM-01Z-00-DX1.3CD15BC8-08B3-4BEE-9FD7-A8BEED33268E,1
1482,steady,1643.210950,1644.316031,1105.081,1.754,1103.270,256,TCGA-D8-A1JM-01Z-00-DX1.3CD15BC8-08B3-4BEE-9FD7-A8BEED33268E,1
1483,steady,1644.327502,1645.433016,1105.514,1.757,1103.700,256,TCGA-D8-A1JM-01Z-00-DX1.3CD15BC8-08B3-4BEE-9FD7-A8BEED33268E,1
1484,steady,1645.444764,1646.550393,1105.629,1.754,1103.819,256,TCGA-D8-A1JM-01Z-00-DX1.3CD15BC8-08B3-4BEE-9FD7-A8BEED33268E,1
1485,steady,1646.562327,1647.667598,1105.272,1.751,1103.465,256,TCGA-D8-A1JM-01Z-00-DX1.3CD15BC8-08B3-4BEE-9FD7-A8BEED33268E,1
1486,steady,1647.679001,1648.786630,1107.629,1.756,1105.821,256,TCGA-D8-A1JM-01Z-00-DX1.3CD15BC8-08B3-4BEE-9FD7-A8BEED33268E,1
1487,steady,1648.791730,1649.327115,535.385,0.429,534.909,98,TCGA-D8-A1JM-01Z-00-DX1.3CD15BC8-08B3-4BEE-9FD7-A8BEED33268E,1
1488,steady,1649.536070,1650.636305,1100.236,1.799,1098.354,256,TCGA-D8-A1XT-01Z-00-DX1.9E4DEEEB-AB0A-45F6-A69B-65B3E6F22D46,1
1489,steady,1650.647950,1651.752073,1104.123,1.755,1102.313,256,TCGA-D8-A1XT-01Z-00-DX1.9E4DEEEB-AB0A-45F6-A69B-65B3E6F22D46,1
1490,steady,1651.763587,1652.869293,1105.706,1.764,1103.885,256,TCGA-D8-A1XT-01Z-00-DX1.9E4DEEEB-AB0A-45F6-A69B-65B3E6F22D46,1
1491,steady,1652.880903,1653.986454,1105.550,1.755,1103.741,256,TCGA-D8-A1XT-01Z-00-DX1.9E4DEEEB-AB0A-45F6-A69B-65B3E6F22D46,1
1492,steady,1653.997694,1655.105088,1107.394,1.749,1105.591,256,TCGA-D8-A1XT-01Z-00-DX1.9E4DEEEB-AB0A-45F6-A69B-65B3E6F22D46,1
1493,steady,1655.116870,1656.226596,1109.726,1.750,1107.923,256,TCGA-D8-A1XT-01Z-00-DX1.9E4DEEEB-AB0A-45F6-A69B-65B3E6F22D46,1
1494,steady,1656.238104,1657.349341,1111.237,1.762,1109.417,256,TCGA-D8-A1XT-01Z-00-DX1.9E4DEEEB-AB0A-45F6-A69B-65B3E6F22D46,1
1495,steady,1657.360805,1658.472191,1111.386,1.760,1109.562,256,TCGA-D8-A1XT-01Z-00-DX1.9E4DEEEB-AB0A-45F6-A69B-65B3E6F22D46,1
1496,steady,1658.483651,1659.595512,1111.861,1.758,1110.040,256,TCGA-D8-A1XT-01Z-00-DX1.9E4DEEEB-AB0A-45F6-A69B-65B3E6F22D46,1
1497,steady,1659.606975,1660.721131,1114.156,1.756,1112.342,256,TCGA-D8-A1XT-01Z-00-DX1.9E4DEEEB-AB0A-45F6-A69B-65B3E6F22D46,1
1498,steady,1660.732669,1661.847014,1114.345,1.758,1112.529,256,TCGA-D8-A1XT-01Z-00-DX1.9E4DEEEB-AB0A-45F6-A69B-65B3E6F22D46,1
1499,steady,1661.858874,1662.973407,1114.534,1.763,1112.714,256,TCGA-D8-A1XT-01Z-00-DX1.9E4DEEEB-AB0A-45F6-A69B-65B3E6F22D46,1
1500,steady,1662.984941,1664.101109,1116.168,1.754,1114.357,256,TCGA-D8-A1XT-01Z-00-DX1.9E4DEEEB-AB0A-45F6-A69B-65B3E6F22D46,1
1501,steady,1664.113089,1665.231581,1118.492,1.753,1116.685,256,TCGA-D8-A1XT-01Z-00-DX1.9E4DEEEB-AB0A-45F6-A69B-65B3E6F22D46,1
1502,steady,1665.243128,1666.361849,1118.721,1.761,1116.906,256,TCGA-D8-A1XT-01Z-00-DX1.9E4DEEEB-AB0A-45F6-A69B-65B3E6F22D46,1
1503,steady,1666.373377,1667.494258,1120.882,1.755,1119.071,256,TCGA-D8-A1XT-01Z-00-DX1.9E4DEEEB-AB0A-45F6-A69B-65B3E6F22D46,1
1504,steady,1667.506075,1668.627116,1121.042,1.757,1119.230,256,TCGA-D8-A1XT-01Z-00-DX1.9E4DEEEB-AB0A-45F6-A69B-65B3E6F22D46,1
1505,steady,1668.638770,1669.759948,1121.178,1.751,1119.371,256,TCGA-D8-A1XT-01Z-00-DX1.9E4DEEEB-AB0A-45F6-A69B-65B3E6F22D46,1
1506,steady,1669.771552,1670.894449,1122.897,1.751,1121.093,256,TCGA-D8-A1XT-01Z-00-DX1.9E4DEEEB-AB0A-45F6-A69B-65B3E6F22D46,1
1507,steady,1670.906493,1672.028510,1122.017,1.751,1120.213,256,TCGA-D8-A1XT-01Z-00-DX1.9E4DEEEB-AB0A-45F6-A69B-65B3E6F22D46,1
1508,steady,1672.040110,1673.160428,1120.318,1.751,1118.514,256,TCGA-D8-A1XT-01Z-00-DX1.9E4DEEEB-AB0A-45F6-A69B-65B3E6F22D46,1
1509,steady,1673.172219,1674.290370,1118.151,1.750,1116.346,256,TCGA-D8-A1XT-01Z-00-DX1.9E4DEEEB-AB0A-45F6-A69B-65B3E6F22D46,1
1510,steady,1674.301851,1675.420026,1118.175,1.758,1116.363,256,TCGA-D8-A1XT-01Z-00-DX1.9E4DEEEB-AB0A-45F6-A69B-65B3E6F22D46,1
1511,steady,1675.431469,1676.546140,1114.672,1.762,1112.854,256,TCGA-D8-A1XT-01Z-00-DX1.9E4DEEEB-AB0A-45F6-A69B-65B3E6F22D46,1
1512,steady,1676.557908,1677.671771,1113.863,1.759,1112.051,256,TCGA-D8-A1XT-01Z-00-DX1.9E4DEEEB-AB0A-45F6-A69B-65B3E6F22D46,1
1513,steady,1677.683715,1678.796686,1112.971,1.749,1111.166,256,TCGA-D8-A1XT-01Z-00-DX1.9E4DEEEB-AB0A-45F6-A69B-65B3E6F22D46,1
1514,steady,1678.808178,1679.919847,1111.669,1.755,1109.859,256,TCGA-D8-A1XT-01Z-00-DX1.9E4DEEEB-AB0A-45F6-A69B-65B3E6F22D46,1
1515,steady,1679.931591,1681.041909,1110.318,1.758,1108.506,256,TCGA-D8-A1XT-01Z-00-DX1.9E4DEEEB-AB0A-45F6-A69B-65B3E6F22D46,1
1516,steady,1681.053457,1682.160893,1107.436,1.759,1105.621,256,TCGA-D8-A1XT-01Z-00-DX1.9E4DEEEB-AB0A-45F6-A69B-65B3E6F22D46,1
1517,steady,1682.172410,1683.279451,1107.040,1.756,1105.229,256,TCGA-D8-A1XT-01Z-00-DX1.9E4DEEEB-AB0A-45F6-A69B-65B3E6F22D46,1
1518,steady,1683.292042,1684.395671,1103.629,1.754,1101.820,256,TCGA-D8-A1XT-01Z-00-DX1.9E4DEEEB-AB0A-45F6-A69B-65B3E6F22D46,1
1519,steady,1684.407165,1685.511930,1104.765,1.758,1102.950,256,TCGA-D8-A1XT-01Z-00-DX1.9E4DEEEB-AB0A-45F6-A69B-65B3E6F22D46,1
1520,steady,1685.523746,1686.627917,1104.171,1.757,1102.359,256,TCGA-D8-A1XT-01Z-00-DX1.9E4DEEEB-AB0A-45F6-A69B-65B3E6F22D46,1
1521,steady,1686.639861,1687.744569,1104.708,1.753,1102.898,256,TCGA-D8-A1XT-01Z-00-DX1.9E4DEEEB-AB0A-45F6-A69B-65B3E6F22D46,1
1522,steady,1687.756064,1688.858288,1102.224,1.754,1100.416,256,TCGA-D8-A1XT-01Z-00-DX1.9E4DEEEB-AB0A-45F6-A69B-65B3E6F22D46,1
1523,steady,1688.869806,1689.971414,1101.608,1.751,1099.802,256,TCGA-D8-A1XT-01Z-00-DX1.9E4DEEEB-AB0A-45F6-A69B-65B3E6F22D46,1
1524,steady,1689.982893,1691.084169,1101.276,1.758,1099.463,256,TCGA-D8-A1XT-01Z-00-DX1.9E4DEEEB-AB0A-45F6-A69B-65B3E6F22D46,1
1525,steady,1691.096003,1692.196314,1100.311,1.755,1098.502,256,TCGA-D8-A1XT-01Z-00-DX1.9E4DEEEB-AB0A-45F6-A69B-65B3E6F22D46,1
1526,steady,1692.207949,1693.307650,1099.700,1.753,1097.892,256,TCGA-D8-A1XT-01Z-00-DX1.9E4DEEEB-AB0A-45F6-A69B-65B3E6F22D46,1
1527,steady,1693.319263,1694.419153,1099.890,1.757,1098.079,256,TCGA-D8-A1XT-01Z-00-DX1.9E4DEEEB-AB0A-45F6-A69B-65B3E6F22D46,1
1528,steady,1694.430512,1695.528435,1097.923,1.759,1096.109,256,TCGA-D8-A1XT-01Z-00-DX1.9E4DEEEB-AB0A-45F6-A69B-65B3E6F22D46,1
1529,steady,1695.539996,1696.638307,1098.311,1.757,1096.499,256,TCGA-D8-A1XT-01Z-00-DX1.9E4DEEEB-AB0A-45F6-A69B-65B3E6F22D46,1
1530,steady,1696.650498,1697.748053,1097.555,1.757,1095.742,256,TCGA-D8-A1XT-01Z-00-DX1.9E4DEEEB-AB0A-45F6-A69B-65B3E6F22D46,1
1531,steady,1697.760061,1698.857709,1097.648,1.757,1095.835,256,TCGA-D8-A1XT-01Z-00-DX1.9E4DEEEB-AB0A-45F6-A69B-65B3E6F22D46,1
1532,steady,1698.869153,1699.965700,1096.547,1.755,1094.738,256,TCGA-D8-A1XT-01Z-00-DX1.9E4DEEEB-AB0A-45F6-A69B-65B3E6F22D46,1
1533,steady,1699.977621,1701.074923,1097.302,1.762,1095.484,256,TCGA-D8-A1XT-01Z-00-DX1.9E4DEEEB-AB0A-45F6-A69B-65B3E6F22D46,1
1534,steady,1701.091437,1702.187657,1096.220,1.759,1094.397,256,TCGA-D8-A1XT-01Z-00-DX1.9E4DEEEB-AB0A-45F6-A69B-65B3E6F22D46,1
1535,steady,1702.199438,1703.295000,1095.562,1.769,1093.714,256,TCGA-D8-A1XT-01Z-00-DX1.9E4DEEEB-AB0A-45F6-A69B-65B3E6F22D46,1
1536,steady,1703.306716,1704.401555,1094.839,1.759,1093.022,256,TCGA-D8-A1XT-01Z-00-DX1.9E4DEEEB-AB0A-45F6-A69B-65B3E6F22D46,1
1537,steady,1704.413997,1705.509748,1095.751,1.756,1093.942,256,TCGA-D8-A1XT-01Z-00-DX1.9E4DEEEB-AB0A-45F6-A69B-65B3E6F22D46,1
1538,steady,1705.521720,1706.617633,1095.913,1.752,1094.103,256,TCGA-D8-A1XT-01Z-00-DX1.9E4DEEEB-AB0A-45F6-A69B-65B3E6F22D46,1
1539,steady,1706.636729,1707.730796,1094.067,1.752,1092.261,256,TCGA-D8-A1XT-01Z-00-DX1.9E4DEEEB-AB0A-45F6-A69B-65B3E6F22D46,1
1540,steady,1707.742524,1708.837787,1095.264,1.759,1093.449,256,TCGA-D8-A1XT-01Z-00-DX1.9E4DEEEB-AB0A-45F6-A69B-65B3E6F22D46,1
1541,steady,1708.849697,1709.943925,1094.228,1.753,1092.420,256,TCGA-D8-A1XT-01Z-00-DX1.9E4DEEEB-AB0A-45F6-A69B-65B3E6F22D46,1
1542,steady,1709.955402,1711.051201,1095.799,1.756,1093.987,256,TCGA-D8-A1XT-01Z-00-DX1.9E4DEEEB-AB0A-45F6-A69B-65B3E6F22D46,1
1543,steady,1711.063833,1712.157577,1093.744,1.759,1091.929,256,TCGA-D8-A1XT-01Z-00-DX1.9E4DEEEB-AB0A-45F6-A69B-65B3E6F22D46,1
1544,steady,1712.169517,1713.263295,1093.777,1.752,1091.972,256,TCGA-D8-A1XT-01Z-00-DX1.9E4DEEEB-AB0A-45F6-A69B-65B3E6F22D46,1
1545,steady,1713.275264,1714.369680,1094.416,1.749,1092.611,256,TCGA-D8-A1XT-01Z-00-DX1.9E4DEEEB-AB0A-45F6-A69B-65B3E6F22D46,1
1546,steady,1714.381185,1715.474914,1093.729,1.760,1091.915,256,TCGA-D8-A1XT-01Z-00-DX1.9E4DEEEB-AB0A-45F6-A69B-65B3E6F22D46,1
1547,steady,1715.486464,1716.580489,1094.025,1.758,1092.214,256,TCGA-D8-A1XT-01Z-00-DX1.9E4DEEEB-AB0A-45F6-A69B-65B3E6F22D46,1
1548,steady,1716.591785,1717.686974,1095.189,1.756,1093.381,256,TCGA-D8-A1XT-01Z-00-DX1.9E4DEEEB-AB0A-45F6-A69B-65B3E6F22D46,1
1549,steady,1717.697240,1718.617154,919.914,1.463,918.401,215,TCGA-D8-A1XT-01Z-00-DX1.9E4DEEEB-AB0A-45F6-A69B-65B3E6F22D46,1
1550,steady,1718.830603,1719.915067,1084.464,1.798,1082.585,256,TCGA-D8-A1XV-01Z-00-DX2.D1988E01-5FDC-4F50-8183-F0CCE74D0CB2,1
1551,steady,1719.926746,1721.013380,1086.635,1.752,1084.829,256,TCGA-D8-A1XV-01Z-00-DX2.D1988E01-5FDC-4F50-8183-F0CCE74D0CB2,1
1552,steady,1721.025085,1722.111197,1086.112,1.754,1084.307,256,TCGA-D8-A1XV-01Z-00-DX2.D1988E01-5FDC-4F50-8183-F0CCE74D0CB2,1
1553,steady,1722.122848,1723.208575,1085.728,1.755,1083.908,256,TCGA-D8-A1XV-01Z-00-DX2.D1988E01-5FDC-4F50-8183-F0CCE74D0CB2,1
1554,steady,1723.220098,1724.306979,1086.881,1.757,1085.072,256,TCGA-D8-A1XV-01Z-00-DX2.D1988E01-5FDC-4F50-8183-F0CCE74D0CB2,1
1555,steady,1724.318820,1725.406031,1087.211,1.757,1085.391,256,TCGA-D8-A1XV-01Z-00-DX2.D1988E01-5FDC-4F50-8183-F0CCE74D0CB2,1
1556,steady,1725.418981,1726.505410,1086.429,1.752,1084.626,256,TCGA-D8-A1XV-01Z-00-DX2.D1988E01-5FDC-4F50-8183-F0CCE74D0CB2,1
1557,steady,1726.516946,1727.605092,1088.145,1.751,1086.342,256,TCGA-D8-A1XV-01Z-00-DX2.D1988E01-5FDC-4F50-8183-F0CCE74D0CB2,1
1558,steady,1727.616765,1728.703467,1086.702,1.752,1084.896,256,TCGA-D8-A1XV-01Z-00-DX2.D1988E01-5FDC-4F50-8183-F0CCE74D0CB2,1
1559,steady,1728.715136,1729.804199,1089.063,1.752,1087.255,256,TCGA-D8-A1XV-01Z-00-DX2.D1988E01-5FDC-4F50-8183-F0CCE74D0CB2,1
1560,steady,1729.815948,1730.905598,1089.650,1.758,1087.835,256,TCGA-D8-A1XV-01Z-00-DX2.D1988E01-5FDC-4F50-8183-F0CCE74D0CB2,1
1561,steady,1730.917373,1732.004752,1087.378,1.758,1085.566,256,TCGA-D8-A1XV-01Z-00-DX2.D1988E01-5FDC-4F50-8183-F0CCE74D0CB2,1
1562,steady,1732.016598,1733.105222,1088.624,1.755,1086.812,256,TCGA-D8-A1XV-01Z-00-DX2.D1988E01-5FDC-4F50-8183-F0CCE74D0CB2,1
1563,steady,1733.117082,1734.205336,1088.254,1.752,1086.448,256,TCGA-D8-A1XV-01Z-00-DX2.D1988E01-5FDC-4F50-8183-F0CCE74D0CB2,1
1564,steady,1734.217075,1735.304322,1087.247,1.752,1085.438,256,TCGA-D8-A1XV-01Z-00-DX2.D1988E01-5FDC-4F50-8183-F0CCE74D0CB2,1
1565,steady,1735.315928,1736.403619,1087.691,1.754,1085.882,256,TCGA-D8-A1XV-01Z-00-DX2.D1988E01-5FDC-4F50-8183-F0CCE74D0CB2,1
1566,steady,1736.415867,1737.504605,1088.739,1.753,1086.930,256,TCGA-D8-A1XV-01Z-00-DX2.D1988E01-5FDC-4F50-8183-F0CCE74D0CB2,1
1567,steady,1737.516371,1738.605320,1088.949,1.758,1087.135,256,TCGA-D8-A1XV-01Z-00-DX2.D1988E01-5FDC-4F50-8183-F0CCE74D0CB2,1
1568,steady,1738.616668,1739.704730,1088.062,1.755,1086.251,256,TCGA-D8-A1XV-01Z-00-DX2.D1988E01-5FDC-4F50-8183-F0CCE74D0CB2,1
1569,steady,1739.716477,1740.804946,1088.469,1.753,1086.661,256,TCGA-D8-A1XV-01Z-00-DX2.D1988E01-5FDC-4F50-8183-F0CCE74D0CB2,1
1570,steady,1740.816361,1741.905986,1089.625,1.757,1087.814,256,TCGA-D8-A1XV-01Z-00-DX2.D1988E01-5FDC-4F50-8183-F0CCE74D0CB2,1
1571,steady,1741.918042,1743.009476,1091.434,1.756,1089.622,256,TCGA-D8-A1XV-01Z-00-DX2.D1988E01-5FDC-4F50-8183-F0CCE74D0CB2,1
1572,steady,1743.021645,1744.114111,1092.467,1.755,1090.655,256,TCGA-D8-A1XV-01Z-00-DX2.D1988E01-5FDC-4F50-8183-F0CCE74D0CB2,1
1573,steady,1744.125867,1745.217643,1091.776,1.759,1089.961,256,TCGA-D8-A1XV-01Z-00-DX2.D1988E01-5FDC-4F50-8183-F0CCE74D0CB2,1
1574,steady,1745.229230,1746.323771,1094.541,1.757,1092.729,256,TCGA-D8-A1XV-01Z-00-DX2.D1988E01-5FDC-4F50-8183-F0CCE74D0CB2,1
1575,steady,1746.335787,1747.430125,1094.338,1.751,1092.529,256,TCGA-D8-A1XV-01Z-00-DX2.D1988E01-5FDC-4F50-8183-F0CCE74D0CB2,1
1576,steady,1747.442106,1748.537428,1095.323,1.751,1093.519,256,TCGA-D8-A1XV-01Z-00-DX2.D1988E01-5FDC-4F50-8183-F0CCE74D0CB2,1
1577,steady,1748.549386,1749.646733,1097.347,1.750,1095.542,256,TCGA-D8-A1XV-01Z-00-DX2.D1988E01-5FDC-4F50-8183-F0CCE74D0CB2,1
1578,steady,1749.658252,1750.754439,1096.187,1.763,1094.371,256,TCGA-D8-A1XV-01Z-00-DX2.D1988E01-5FDC-4F50-8183-F0CCE74D0CB2,1
1579,steady,1750.780800,1751.876189,1095.389,1.757,1093.575,256,TCGA-D8-A1XV-01Z-00-DX2.D1988E01-5FDC-4F50-8183-F0CCE74D0CB2,1
1580,steady,1751.888505,1752.985595,1097.090,1.753,1095.283,256,TCGA-D8-A1XV-01Z-00-DX2.D1988E01-5FDC-4F50-8183-F0CCE74D0CB2,1
1581,steady,1752.997397,1754.094238,1096.841,1.753,1095.034,256,TCGA-D8-A1XV-01Z-00-DX2.D1988E01-5FDC-4F50-8183-F0CCE74D0CB2,1
1582,steady,1754.106133,1755.206360,1100.228,1.756,1098.415,256,TCGA-D8-A1XV-01Z-00-DX2.D1988E01-5FDC-4F50-8183-F0CCE74D0CB2,1
1583,steady,1755.218049,1756.318113,1100.064,1.756,1098.254,256,TCGA-D8-A1XV-01Z-00-DX2.D1988E01-5FDC-4F50-8183-F0CCE74D0CB2,1
1584,steady,1756.330059,1757.431655,1101.597,1.758,1099.784,256,TCGA-D8-A1XV-01Z-00-DX2.D1988E01-5FDC-4F50-8183-F0CCE74D0CB2,1
1585,steady,1757.443418,1758.547643,1104.225,1.755,1102.417,256,TCGA-D8-A1XV-01Z-00-DX2.D1988E01-5FDC-4F50-8183-F0CCE74D0CB2,1
1586,steady,1758.559651,1759.662463,1102.812,1.754,1101.003,256,TCGA-D8-A1XV-01Z-00-DX2.D1988E01-5FDC-4F50-8183-F0CCE74D0CB2,1
1587,steady,1759.673963,1760.779122,1105.159,1.754,1103.349,256,TCGA-D8-A1XV-01Z-00-DX2.D1988E01-5FDC-4F50-8183-F0CCE74D0CB2,1
1588,steady,1760.790688,1761.893858,1103.170,1.754,1101.361,256,TCGA-D8-A1XV-01Z-00-DX2.D1988E01-5FDC-4F50-8183-F0CCE74D0CB2,1
1589,steady,1761.905749,1763.009886,1104.136,1.750,1102.330,256,TCGA-D8-A1XV-01Z-00-DX2.D1988E01-5FDC-4F50-8183-F0CCE74D0CB2,1
1590,steady,1763.021789,1764.126896,1105.107,1.755,1103.299,256,TCGA-D8-A1XV-01Z-00-DX2.D1988E01-5FDC-4F50-8183-F0CCE74D0CB2,1
1591,steady,1764.138624,1765.243871,1105.247,1.751,1103.438,256,TCGA-D8-A1XV-01Z-00-DX2.D1988E01-5FDC-4F50-8183-F0CCE74D0CB2,1
1592,steady,1765.255436,1766.364025,1108.589,1.757,1106.772,256,TCGA-D8-A1XV-01Z-00-DX2.D1988E01-5FDC-4F50-8183-F0CCE74D0CB2,1
1593,steady,1766.375621,1767.485188,1109.567,1.765,1107.743,256,TCGA-D8-A1XV-01Z-00-DX2.D1988E01-5FDC-4F50-8183-F0CCE74D0CB2,1
1594,steady,1767.492207,1768.248440,756.233,0.982,755.197,146,TCGA-D8-A1XV-01Z-00-DX2.D1988E01-5FDC-4F50-8183-F0CCE74D0CB2,1
1595,steady,1768.456443,1769.561051,1104.608,1.792,1102.735,256,TCGA-E2-A15E-06Z-00-DX1.D394A007-91A2-4445-9B4A-1629EE684A51,1
1596,steady,1769.572859,1770.684044,1111.185,1.749,1109.379,256,TCGA-E2-A15E-06Z-00-DX1.D394A007-91A2-4445-9B4A-1629EE684A51,1
1597,steady,1770.695795,1771.807564,1111.769,1.751,1109.960,256,TCGA-E2-A15E-06Z-00-DX1.D394A007-91A2-4445-9B4A-1629EE684A51,1
1598,steady,1771.819344,1772.930789,1111.445,1.752,1109.638,256,TCGA-E2-A15E-06Z-00-DX1.D394A007-91A2-4445-9B4A-1629EE684A51,1
1599,steady,1772.942363,1774.054590,1112.227,1.751,1110.421,256,TCGA-E2-A15E-06Z-00-DX1.D394A007-91A2-4445-9B4A-1629EE684A51,1
1600,steady,1774.066173,1775.180175,1114.002,1.753,1112.194,256,TCGA-E2-A15E-06Z-00-DX1.D394A007-91A2-4445-9B4A-1629EE684A51,1
1601,steady,1775.191997,1776.307938,1115.942,1.750,1114.135,256,TCGA-E2-A15E-06Z-00-DX1.D394A007-91A2-4445-9B4A-1629EE684A51,1
1602,steady,1776.319693,1777.437653,1117.960,1.764,1116.140,256,TCGA-E2-A15E-06Z-00-DX1.D394A007-91A2-4445-9B4A-1629EE684A51,1
1603,steady,1777.449385,1778.567182,1117.796,1.754,1115.983,256,TCGA-E2-A15E-06Z-00-DX1.D394A007-91A2-4445-9B4A-1629EE684A51,1
1604,steady,1778.579020,1779.698430,1119.411,1.751,1117.601,256,TCGA-E2-A15E-06Z-00-DX1.D394A007-91A2-4445-9B4A-1629EE684A51,1
1605,steady,1779.710383,1780.832062,1121.680,1.753,1119.871,256,TCGA-E2-A15E-06Z-00-DX1.D394A007-91A2-4445-9B4A-1629EE684A51,1
1606,steady,1780.844327,1781.964997,1120.670,1.760,1118.854,256,TCGA-E2-A15E-06Z-00-DX1.D394A007-91A2-4445-9B4A-1629EE684A51,1
1607,steady,1781.976778,1783.100325,1123.547,1.759,1121.731,256,TCGA-E2-A15E-06Z-00-DX1.D394A007-91A2-4445-9B4A-1629EE684A51,1
1608,steady,1783.112353,1784.234861,1122.508,1.755,1120.699,256,TCGA-E2-A15E-06Z-00-DX1.D394A007-91A2-4445-9B4A-1629EE684A51,1
1609,steady,1784.246661,1785.367635,1120.974,1.752,1119.167,256,TCGA-E2-A15E-06Z-00-DX1.D394A007-91A2-4445-9B4A-1629EE684A51,1
1610,steady,1785.379347,1786.500066,1120.719,1.748,1118.917,256,TCGA-E2-A15E-06Z-00-DX1.D394A007-91A2-4445-9B4A-1629EE684A51,1
1611,steady,1786.511666,1787.632514,1120.849,1.762,1119.031,256,TCGA-E2-A15E-06Z-00-DX1.D394A007-91A2-4445-9B4A-1629EE684A51,1
1612,steady,1787.644455,1788.764580,1120.125,1.777,1118.289,256,TCGA-E2-A15E-06Z-00-DX1.D394A007-91A2-4445-9B4A-1629EE684A51,1
1613,steady,1788.776205,1789.896924,1120.719,1.766,1118.900,256,TCGA-E2-A15E-06Z-00-DX1.D394A007-91A2-4445-9B4A-1629EE684A51,1
1614,steady,1789.908864,1791.028689,1119.825,1.759,1118.008,256,TCGA-E2-A15E-06Z-00-DX1.D394A007-91A2-4445-9B4A-1629EE684A51,1
1615,steady,1791.040682,1792.159184,1118.502,1.760,1116.688,256,TCGA-E2-A15E-06Z-00-DX1.D394A007-91A2-4445-9B4A-1629EE684A51,1
1616,steady,1792.171269,1793.288019,1116.750,1.745,1114.951,256,TCGA-E2-A15E-06Z-00-DX1.D394A007-91A2-4445-9B4A-1629EE684A51,1
1617,steady,1793.301909,1794.416449,1114.540,1.756,1112.728,256,TCGA-E2-A15E-06Z-00-DX1.D394A007-91A2-4445-9B4A-1629EE684A51,1
1618,steady,1794.428363,1795.541490,1113.127,1.756,1111.314,256,TCGA-E2-A15E-06Z-00-DX1.D394A007-91A2-4445-9B4A-1629EE684A51,1
1619,steady,1795.553500,1796.667260,1113.760,1.753,1111.950,256,TCGA-E2-A15E-06Z-00-DX1.D394A007-91A2-4445-9B4A-1629EE684A51,1
1620,steady,1796.679416,1797.791664,1112.247,1.757,1110.439,256,TCGA-E2-A15E-06Z-00-DX1.D394A007-91A2-4445-9B4A-1629EE684A51,1
1621,steady,1797.804114,1798.917525,1113.411,1.753,1111.600,256,TCGA-E2-A15E-06Z-00-DX1.D394A007-91A2-4445-9B4A-1629EE684A51,1
1622,steady,1798.929628,1800.042387,1112.759,1.755,1110.945,256,TCGA-E2-A15E-06Z-00-DX1.D394A007-91A2-4445-9B4A-1629EE684A51,1
1623,steady,1800.054027,1801.164144,1110.118,1.758,1108.306,256,TCGA-E2-A15E-06Z-00-DX1.D394A007-91A2-4445-9B4A-1629EE684A51,1
1624,steady,1801.176291,1802.285106,1108.814,1.757,1107.004,256,TCGA-E2-A15E-06Z-00-DX1.D394A007-91A2-4445-9B4A-1629EE684A51,1
1625,steady,1802.296825,1803.405391,1108.566,1.758,1106.758,256,TCGA-E2-A15E-06Z-00-DX1.D394A007-91A2-4445-9B4A-1629EE684A51,1
1626,steady,1803.417113,1804.525101,1107.988,1.762,1106.168,256,TCGA-E2-A15E-06Z-00-DX1.D394A007-91A2-4445-9B4A-1629EE684A51,1
1627,steady,1804.536707,1805.644406,1107.699,1.759,1105.890,256,TCGA-E2-A15E-06Z-00-DX1.D394A007-91A2-4445-9B4A-1629EE684A51,1
1628,steady,1805.656254,1806.764914,1108.659,1.754,1106.854,256,TCGA-E2-A15E-06Z-00-DX1.D394A007-91A2-4445-9B4A-1629EE684A51,1
1629,steady,1806.776478,1807.883078,1106.600,1.748,1104.799,256,TCGA-E2-A15E-06Z-00-DX1.D394A007-91A2-4445-9B4A-1629EE684A51,1
1630,steady,1807.896147,1809.002407,1106.260,1.754,1104.452,256,TCGA-E2-A15E-06Z-00-DX1.D394A007-91A2-4445-9B4A-1629EE684A51,1
1631,steady,1809.014292,1810.119893,1105.602,1.747,1103.801,256,TCGA-E2-A15E-06Z-00-DX1.D394A007-91A2-4445-9B4A-1629EE684A51,1
1632,steady,1810.131525,1811.236924,1105.399,1.751,1103.597,256,TCGA-E2-A15E-06Z-00-DX1.D394A007-91A2-4445-9B4A-1629EE684A51,1
1633,steady,1811.248976,1812.355347,1106.371,1.751,1104.566,256,TCGA-E2-A15E-06Z-00-DX1.D394A007-91A2-4445-9B4A-1629EE684A51,1
1634,steady,1812.367222,1813.473913,1106.691,1.767,1104.870,256,TCGA-E2-A15E-06Z-00-DX1.D394A007-91A2-4445-9B4A-1629EE684A51,1
1635,steady,1813.485375,1814.590336,1104.961,1.759,1103.148,256,TCGA-E2-A15E-06Z-00-DX1.D394A007-91A2-4445-9B4A-1629EE684A51,1
1636,steady,1814.602620,1815.707480,1104.860,1.754,1103.050,256,TCGA-E2-A15E-06Z-00-DX1.D394A007-91A2-4445-9B4A-1629EE684A51,1
1637,steady,1815.719302,1816.824780,1105.479,1.758,1103.670,256,TCGA-E2-A15E-06Z-00-DX1.D394A007-91A2-4445-9B4A-1629EE684A51,1
1638,steady,1816.836298,1817.940404,1104.106,1.752,1102.300,256,TCGA-E2-A15E-06Z-00-DX1.D394A007-91A2-4445-9B4A-1629EE684A51,1
1639,steady,1817.952078,1819.056494,1104.416,1.754,1102.607,256,TCGA-E2-A15E-06Z-00-DX1.D394A007-91A2-4445-9B4A-1629EE684A51,1
1640,steady,1819.068405,1820.171789,1103.385,1.751,1101.581,256,TCGA-E2-A15E-06Z-00-DX1.D394A007-91A2-4445-9B4A-1629EE684A51,1
1641,steady,1820.183516,1821.287661,1104.145,1.755,1102.334,256,TCGA-E2-A15E-06Z-00-DX1.D394A007-91A2-4445-9B4A-1629EE684A51,1
1642,steady,1821.301933,1822.407363,1105.430,1.761,1103.614,256,TCGA-E2-A15E-06Z-00-DX1.D394A007-91A2-4445-9B4A-1629EE684A51,1
1643,steady,1822.419496,1823.524874,1105.378,1.750,1103.573,256,TCGA-E2-A15E-06Z-00-DX1.D394A007-91A2-4445-9B4A-1629EE684A51,1
1644,steady,1823.536665,1824.642600,1105.935,1.758,1104.123,256,TCGA-E2-A15E-06Z-00-DX1.D394A007-91A2-4445-9B4A-1629EE684A51,1
1645,steady,1824.656372,1825.761243,1104.871,1.756,1103.061,256,TCGA-E2-A15E-06Z-00-DX1.D394A007-91A2-4445-9B4A-1629EE684A51,1
1646,steady,1825.773009,1826.877433,1104.424,1.755,1102.615,256,TCGA-E2-A15E-06Z-00-DX1.D394A007-91A2-4445-9B4A-1629EE684A51,1
1647,steady,1826.889292,1827.993761,1104.469,1.746,1102.667,256,TCGA-E2-A15E-06Z-00-DX1.D394A007-91A2-4445-9B4A-1629EE684A51,1
1648,steady,1828.005564,1829.110751,1105.187,1.762,1103.369,256,TCGA-E2-A15E-06Z-00-DX1.D394A007-91A2-4445-9B4A-1629EE684A51,1
1649,steady,1829.122948,1830.228550,1105.602,1.757,1103.790,256,TCGA-E2-A15E-06Z-00-DX1.D394A007-91A2-4445-9B4A-1629EE684A51,1
1650,steady,1830.240415,1831.345220,1104.804,1.766,1102.981,256,TCGA-E2-A15E-06Z-00-DX1.D394A007-91A2-4445-9B4A-1629EE684A51,1
1651,steady,1831.357610,1832.462799,1105.188,1.754,1103.380,256,TCGA-E2-A15E-06Z-00-DX1.D394A007-91A2-4445-9B4A-1629EE684A51,1
1652,steady,1832.474915,1833.580741,1105.826,1.756,1104.014,256,TCGA-E2-A15E-06Z-00-DX1.D394A007-91A2-4445-9B4A-1629EE684A51,1
1653,steady,1833.592201,1834.697554,1105.353,1.756,1103.539,256,TCGA-E2-A15E-06Z-00-DX1.D394A007-91A2-4445-9B4A-1629EE684A51,1
1654,steady,1834.709692,1835.816118,1106.426,1.759,1104.598,256,TCGA-E2-A15E-06Z-00-DX1.D394A007-91A2-4445-9B4A-1629EE684A51,1
1655,steady,1835.828118,1836.933900,1105.782,1.779,1103.920,256,TCGA-E2-A15E-06Z-00-DX1.D394A007-91A2-4445-9B4A-1629EE684A51,1
1656,steady,1836.946070,1838.051849,1105.778,1.764,1103.956,256,TCGA-E2-A15E-06Z-00-DX1.D394A007-91A2-4445-9B4A-1629EE684A51,1
1657,steady,1838.063381,1839.168485,1105.105,1.753,1103.296,256,TCGA-E2-A15E-06Z-00-DX1.D394A007-91A2-4445-9B4A-1629EE684A51,1
1658,steady,1839.171271,1839.388585,217.314,0.120,217.153,37,TCGA-E2-A15E-06Z-00-DX1.D394A007-91A2-4445-9B4A-1629EE684A51,1
1659,steady,1839.617265,1840.719251,1101.985,1.798,1100.104,256,TCGA-E2-A15J-01Z-00-DX1.BF7901D1-30B1-4A76-B0A5-E9B8B36EF4C9,1
1660,steady,1840.730977,1841.837306,1106.329,1.749,1104.527,256,TCGA-E2-A15J-01Z-00-DX1.BF7901D1-30B1-4A76-B0A5-E9B8B36EF4C9,1
1661,steady,1841.849126,1842.954161,1105.034,1.749,1103.232,256,TCGA-E2-A15J-01Z-00-DX1.BF7901D1-30B1-4A76-B0A5-E9B8B36EF4C9,1
1662,steady,1842.965762,1844.072234,1106.472,1.754,1104.661,256,TCGA-E2-A15J-01Z-00-DX1.BF7901D1-30B1-4A76-B0A5-E9B8B36EF4C9,1
1663,steady,1844.084063,1845.191044,1106.981,1.754,1105.175,256,TCGA-E2-A15J-01Z-00-DX1.BF7901D1-30B1-4A76-B0A5-E9B8B36EF4C9,1
1664,steady,1845.202931,1846.310190,1107.259,1.756,1105.450,256,TCGA-E2-A15J-01Z-00-DX1.BF7901D1-30B1-4A76-B0A5-E9B8B36EF4C9,1
1665,steady,1846.321760,1847.428599,1106.839,1.752,1105.033,256,TCGA-E2-A15J-01Z-00-DX1.BF7901D1-30B1-4A76-B0A5-E9B8B36EF4C9,1
1666,steady,1847.441149,1848.549731,1108.582,1.750,1106.780,256,TCGA-E2-A15J-01Z-00-DX1.BF7901D1-30B1-4A76-B0A5-E9B8B36EF4C9,1
1667,steady,1848.561998,1849.672216,1110.218,1.754,1108.403,256,TCGA-E2-A15J-01Z-00-DX1.BF7901D1-30B1-4A76-B0A5-E9B8B36EF4C9,1
1668,steady,1849.683793,1850.793993,1110.199,1.748,1108.399,256,TCGA-E2-A15J-01Z-00-DX1.BF7901D1-30B1-4A76-B0A5-E9B8B36EF4C9,1
1669,steady,1850.805718,1851.915683,1109.965,1.749,1108.164,256,TCGA-E2-A15J-01Z-00-DX1.BF7901D1-30B1-4A76-B0A5-E9B8B36EF4C9,1
1670,steady,1851.927356,1853.038712,1111.356,1.754,1109.548,256,TCGA-E2-A15J-01Z-00-DX1.BF7901D1-30B1-4A76-B0A5-E9B8B36EF4C9,1
1671,steady,1853.050412,1854.161606,1111.195,1.755,1109.385,256,TCGA-E2-A15J-01Z-00-DX1.BF7901D1-30B1-4A76-B0A5-E9B8B36EF4C9,1
1672,steady,1854.173238,1855.286013,1112.775,1.757,1110.963,256,TCGA-E2-A15J-01Z-00-DX1.BF7901D1-30B1-4A76-B0A5-E9B8B36EF4C9,1
1673,steady,1855.297967,1856.411438,1113.471,1.759,1111.660,256,TCGA-E2-A15J-01Z-00-DX1.BF7901D1-30B1-4A76-B0A5-E9B8B36EF4C9,1
1674,steady,1856.423030,1857.536104,1113.074,1.753,1111.240,256,TCGA-E2-A15J-01Z-00-DX1.BF7901D1-30B1-4A76-B0A5-E9B8B36EF4C9,1
1675,steady,1857.550972,1858.665192,1114.220,1.769,1112.367,256,TCGA-E2-A15J-01Z-00-DX1.BF7901D1-30B1-4A76-B0A5-E9B8B36EF4C9,1
1676,steady,1858.677054,1859.792203,1115.149,1.756,1113.338,256,TCGA-E2-A15J-01Z-00-DX1.BF7901D1-30B1-4A76-B0A5-E9B8B36EF4C9,1
1677,steady,1859.804216,1860.920188,1115.972,1.754,1114.161,256,TCGA-E2-A15J-01Z-00-DX1.BF7901D1-30B1-4A76-B0A5-E9B8B36EF4C9,1
1678,steady,1860.931916,1862.048503,1116.587,1.748,1114.784,256,TCGA-E2-A15J-01Z-00-DX1.BF7901D1-30B1-4A76-B0A5-E9B8B36EF4C9,1
1679,steady,1862.060226,1863.177338,1117.112,1.754,1115.305,256,TCGA-E2-A15J-01Z-00-DX1.BF7901D1-30B1-4A76-B0A5-E9B8B36EF4C9,1
1680,steady,1863.189871,1864.307924,1118.053,1.748,1116.250,256,TCGA-E2-A15J-01Z-00-DX1.BF7901D1-30B1-4A76-B0A5-E9B8B36EF4C9,1
1681,steady,1864.320118,1865.438743,1118.625,1.752,1116.819,256,TCGA-E2-A15J-01Z-00-DX1.BF7901D1-30B1-4A76-B0A5-E9B8B36EF4C9,1
1682,steady,1865.451156,1866.572042,1120.886,1.744,1119.090,256,TCGA-E2-A15J-01Z-00-DX1.BF7901D1-30B1-4A76-B0A5-E9B8B36EF4C9,1
1683,steady,1866.583980,1867.705727,1121.747,1.756,1119.934,256,TCGA-E2-A15J-01Z-00-DX1.BF7901D1-30B1-4A76-B0A5-E9B8B36EF4C9,1
1684,steady,1867.718012,1868.839204,1121.192,1.747,1119.390,256,TCGA-E2-A15J-01Z-00-DX1.BF7901D1-30B1-4A76-B0A5-E9B8B36EF4C9,1
1685,steady,1868.851146,1869.973456,1122.310,1.761,1120.494,256,TCGA-E2-A15J-01Z-00-DX1.BF7901D1-30B1-4A76-B0A5-E9B8B36EF4C9,1
1686,steady,1869.985246,1871.109426,1124.179,1.754,1122.370,256,TCGA-E2-A15J-01Z-00-DX1.BF7901D1-30B1-4A76-B0A5-E9B8B36EF4C9,1
1687,steady,1871.121744,1872.245304,1123.560,1.748,1121.758,256,TCGA-E2-A15J-01Z-00-DX1.BF7901D1-30B1-4A76-B0A5-E9B8B36EF4C9,1
1688,steady,1872.257383,1873.379519,1122.137,1.764,1120.314,256,TCGA-E2-A15J-01Z-00-DX1.BF7901D1-30B1-4A76-B0A5-E9B8B36EF4C9,1
1689,steady,1873.391448,1874.509206,1117.758,1.759,1115.938,256,TCGA-E2-A15J-01Z-00-DX1.BF7901D1-30B1-4A76-B0A5-E9B8B36EF4C9,1
1690,steady,1874.523162,1875.640872,1117.710,1.752,1115.906,256,TCGA-E2-A15J-01Z-00-DX1.BF7901D1-30B1-4A76-B0A5-E9B8B36EF4C9,1
1691,steady,1875.652782,1876.769030,1116.248,1.754,1114.443,256,TCGA-E2-A15J-01Z-00-DX1.BF7901D1-30B1-4A76-B0A5-E9B8B36EF4C9,1
1692,steady,1876.780659,1877.897117,1116.458,1.749,1114.657,256,TCGA-E2-A15J-01Z-00-DX1.BF7901D1-30B1-4A76-B0A5-E9B8B36EF4C9,1
1693,steady,1877.909535,1879.023036,1113.501,1.756,1111.694,256,TCGA-E2-A15J-01Z-00-DX1.BF7901D1-30B1-4A76-B0A5-E9B8B36EF4C9,1
1694,steady,1879.035549,1880.147548,1111.999,1.806,1110.099,256,TCGA-E2-A15J-01Z-00-DX1.BF7901D1-30B1-4A76-B0A5-E9B8B36EF4C9,1
1695,steady,1880.159203,1881.270938,1111.735,1.760,1109.913,256,TCGA-E2-A15J-01Z-00-DX1.BF7901D1-30B1-4A76-B0A5-E9B8B36EF4C9,1
1696,steady,1881.282712,1882.392374,1109.662,1.759,1107.845,256,TCGA-E2-A15J-01Z-00-DX1.BF7901D1-30B1-4A76-B0A5-E9B8B36EF4C9,1
1697,steady,1882.403922,1883.512290,1108.368,1.765,1106.546,256,TCGA-E2-A15J-01Z-00-DX1.BF7901D1-30B1-4A76-B0A5-E9B8B36EF4C9,1
1698,steady,1883.524333,1884.632079,1107.746,1.748,1105.942,256,TCGA-E2-A15J-01Z-00-DX1.BF7901D1-30B1-4A76-B0A5-E9B8B36EF4C9,1
1699,steady,1884.644445,1885.751482,1107.037,1.772,1105.206,256,TCGA-E2-A15J-01Z-00-DX1.BF7901D1-30B1-4A76-B0A5-E9B8B36EF4C9,1
1700,steady,1885.763345,1886.869172,1105.826,1.753,1104.016,256,TCGA-E2-A15J-01Z-00-DX1.BF7901D1-30B1-4A76-B0A5-E9B8B36EF4C9,1
1701,steady,1886.880795,1887.985978,1105.183,1.756,1103.370,256,TCGA-E2-A15J-01Z-00-DX1.BF7901D1-30B1-4A76-B0A5-E9B8B36EF4C9,1
1702,steady,1887.997837,1889.103761,1105.924,1.748,1104.119,256,TCGA-E2-A15J-01Z-00-DX1.BF7901D1-30B1-4A76-B0A5-E9B8B36EF4C9,1
1703,steady,1889.115584,1890.219664,1104.080,1.753,1102.269,256,TCGA-E2-A15J-01Z-00-DX1.BF7901D1-30B1-4A76-B0A5-E9B8B36EF4C9,1
1704,steady,1890.231604,1891.335683,1104.079,1.754,1102.269,256,TCGA-E2-A15J-01Z-00-DX1.BF7901D1-30B1-4A76-B0A5-E9B8B36EF4C9,1
1705,steady,1891.347946,1892.450285,1102.339,1.752,1100.532,256,TCGA-E2-A15J-01Z-00-DX1.BF7901D1-30B1-4A76-B0A5-E9B8B36EF4C9,1
1706,steady,1892.461963,1893.564388,1102.425,1.758,1100.612,256,TCGA-E2-A15J-01Z-00-DX1.BF7901D1-30B1-4A76-B0A5-E9B8B36EF4C9,1
1707,steady,1893.575970,1894.678546,1102.576,1.759,1100.759,256,TCGA-E2-A15J-01Z-00-DX1.BF7901D1-30B1-4A76-B0A5-E9B8B36EF4C9,1
1708,steady,1894.690607,1895.790604,1099.997,1.752,1098.191,256,TCGA-E2-A15J-01Z-00-DX1.BF7901D1-30B1-4A76-B0A5-E9B8B36EF4C9,1
1709,steady,1895.802251,1896.903342,1101.091,1.758,1099.278,256,TCGA-E2-A15J-01Z-00-DX1.BF7901D1-30B1-4A76-B0A5-E9B8B36EF4C9,1
1710,steady,1896.914939,1898.014970,1100.031,1.749,1098.225,256,TCGA-E2-A15J-01Z-00-DX1.BF7901D1-30B1-4A76-B0A5-E9B8B36EF4C9,1
1711,steady,1898.026591,1899.124319,1097.728,1.754,1095.920,256,TCGA-E2-A15J-01Z-00-DX1.BF7901D1-30B1-4A76-B0A5-E9B8B36EF4C9,1
1712,steady,1899.135806,1900.236758,1100.952,1.751,1099.148,256,TCGA-E2-A15J-01Z-00-DX1.BF7901D1-30B1-4A76-B0A5-E9B8B36EF4C9,1
1713,steady,1900.248193,1901.347844,1099.651,1.752,1097.843,256,TCGA-E2-A15J-01Z-00-DX1.BF7901D1-30B1-4A76-B0A5-E9B8B36EF4C9,1
1714,steady,1901.359371,1902.458362,1098.991,1.751,1097.183,256,TCGA-E2-A15J-01Z-00-DX1.BF7901D1-30B1-4A76-B0A5-E9B8B36EF4C9,1
1715,steady,1902.469644,1903.567607,1097.963,1.756,1096.149,256,TCGA-E2-A15J-01Z-00-DX1.BF7901D1-30B1-4A76-B0A5-E9B8B36EF4C9,1
1716,steady,1903.578925,1904.676979,1098.054,1.757,1096.211,256,TCGA-E2-A15J-01Z-00-DX1.BF7901D1-30B1-4A76-B0A5-E9B8B36EF4C9,1
1717,steady,1904.687565,1905.556912,869.347,1.120,868.149,165,TCGA-E2-A15J-01Z-00-DX1.BF7901D1-30B1-4A76-B0A5-E9B8B36EF4C9,1
1718,steady,1905.734479,1906.829046,1094.567,1.781,1092.695,256,TCGA-E2-A15K-01Z-00-DX1.9F424BE2-9BFE-4DFF-8CC9-10D2DADBBEA7,1
1719,steady,1906.840995,1907.937747,1096.753,1.743,1094.956,256,TCGA-E2-A15K-01Z-00-DX1.9F424BE2-9BFE-4DFF-8CC9-10D2DADBBEA7,1
1720,steady,1907.949624,1909.047690,1098.065,1.753,1096.259,256,TCGA-E2-A15K-01Z-00-DX1.9F424BE2-9BFE-4DFF-8CC9-10D2DADBBEA7,1
1721,steady,1909.060198,1910.157254,1097.056,1.749,1095.252,256,TCGA-E2-A15K-01Z-00-DX1.9F424BE2-9BFE-4DFF-8CC9-10D2DADBBEA7,1
1722,steady,1910.169228,1911.265869,1096.640,1.754,1094.829,256,TCGA-E2-A15K-01Z-00-DX1.9F424BE2-9BFE-4DFF-8CC9-10D2DADBBEA7,1
1723,steady,1911.278230,1912.375645,1097.415,1.750,1095.612,256,TCGA-E2-A15K-01Z-00-DX1.9F424BE2-9BFE-4DFF-8CC9-10D2DADBBEA7,1
1724,steady,1912.387632,1913.484259,1096.627,1.758,1094.815,256,TCGA-E2-A15K-01Z-00-DX1.9F424BE2-9BFE-4DFF-8CC9-10D2DADBBEA7,1
1725,steady,1913.496003,1914.593535,1097.532,1.809,1095.619,256,TCGA-E2-A15K-01Z-00-DX1.9F424BE2-9BFE-4DFF-8CC9-10D2DADBBEA7,1
1726,steady,1914.605317,1915.701421,1096.103,1.764,1094.276,256,TCGA-E2-A15K-01Z-00-DX1.9F424BE2-9BFE-4DFF-8CC9-10D2DADBBEA7,1
1727,steady,1915.713224,1916.809178,1095.954,1.755,1094.141,256,TCGA-E2-A15K-01Z-00-DX1.9F424BE2-9BFE-4DFF-8CC9-10D2DADBBEA7,1
1728,steady,1916.820848,1917.916733,1095.885,1.752,1094.078,256,TCGA-E2-A15K-01Z-00-DX1.9F424BE2-9BFE-4DFF-8CC9-10D2DADBBEA7,1
1729,steady,1917.928496,1919.025495,1096.999,1.750,1095.192,256,TCGA-E2-A15K-01Z-00-DX1.9F424BE2-9BFE-4DFF-8CC9-10D2DADBBEA7,1
1730,steady,1919.037768,1920.134204,1096.437,1.763,1094.615,256,TCGA-E2-A15K-01Z-00-DX1.9F424BE2-9BFE-4DFF-8CC9-10D2DADBBEA7,1
1731,steady,1920.146309,1921.242380,1096.072,1.753,1094.264,256,TCGA-E2-A15K-01Z-00-DX1.9F424BE2-9BFE-4DFF-8CC9-10D2DADBBEA7,1
1732,steady,1921.254047,1922.351534,1097.487,1.758,1095.674,256,TCGA-E2-A15K-01Z-00-DX1.9F424BE2-9BFE-4DFF-8CC9-10D2DADBBEA7,1
1733,steady,1922.363056,1923.460119,1097.063,1.754,1095.250,256,TCGA-E2-A15K-01Z-00-DX1.9F424BE2-9BFE-4DFF-8CC9-10D2DADBBEA7,1
1734,steady,1923.471620,1924.567907,1096.287,1.755,1094.477,256,TCGA-E2-A15K-01Z-00-DX1.9F424BE2-9BFE-4DFF-8CC9-10D2DADBBEA7,1
1735,steady,1924.579392,1925.674962,1095.570,1.757,1093.757,256,TCGA-E2-A15K-01Z-00-DX1.9F424BE2-9BFE-4DFF-8CC9-10D2DADBBEA7,1
1736,steady,1925.686487,1926.783660,1097.173,1.758,1095.356,256,TCGA-E2-A15K-01Z-00-DX1.9F424BE2-9BFE-4DFF-8CC9-10D2DADBBEA7,1
1737,steady,1926.797415,1927.894018,1096.603,1.759,1094.786,256,TCGA-E2-A15K-01Z-00-DX1.9F424BE2-9BFE-4DFF-8CC9-10D2DADBBEA7,1
1738,steady,1927.905752,1929.003981,1098.229,1.760,1096.413,256,TCGA-E2-A15K-01Z-00-DX1.9F424BE2-9BFE-4DFF-8CC9-10D2DADBBEA7,1
1739,steady,1929.015797,1930.112276,1096.478,1.757,1094.665,256,TCGA-E2-A15K-01Z-00-DX1.9F424BE2-9BFE-4DFF-8CC9-10D2DADBBEA7,1
1740,steady,1930.117221,1930.585869,468.648,0.354,468.249,87,TCGA-E2-A15K-01Z-00-DX1.9F424BE2-9BFE-4DFF-8CC9-10D2DADBBEA7,1
1741,steady,1930.724267,1931.818093,1093.826,1.802,1091.941,256,TCGA-E9-A1N8-01Z-00-DX1.1243AB1C-75A3-4A5E-9674-53992E6DD377,1
1742,steady,1931.829722,1932.927307,1097.585,1.755,1095.771,256,TCGA-E9-A1N8-01Z-00-DX1.1243AB1C-75A3-4A5E-9674-53992E6DD377,1
1743,steady,1932.938972,1934.037168,1098.195,1.763,1096.376,256,TCGA-E9-A1N8-01Z-00-DX1.1243AB1C-75A3-4A5E-9674-53992E6DD377,1
1744,steady,1934.048859,1935.148614,1099.754,1.757,1097.943,256,TCGA-E9-A1N8-01Z-00-DX1.1243AB1C-75A3-4A5E-9674-53992E6DD377,1
1745,steady,1935.166533,1936.265286,1098.753,1.751,1096.946,256,TCGA-E9-A1N8-01Z-00-DX1.1243AB1C-75A3-4A5E-9674-53992E6DD377,1
1746,steady,1936.277111,1937.376483,1099.372,1.755,1097.561,256,TCGA-E9-A1N8-01Z-00-DX1.1243AB1C-75A3-4A5E-9674-53992E6DD377,1
1747,steady,1937.388106,1938.488518,1100.411,1.761,1098.594,256,TCGA-E9-A1N8-01Z-00-DX1.1243AB1C-75A3-4A5E-9674-53992E6DD377,1
1748,steady,1938.499789,1939.600669,1100.880,1.759,1099.062,256,TCGA-E9-A1N8-01Z-00-DX1.1243AB1C-75A3-4A5E-9674-53992E6DD377,1
1749,steady,1939.612725,1940.712346,1099.621,1.755,1097.810,256,TCGA-E9-A1N8-01Z-00-DX1.1243AB1C-75A3-4A5E-9674-53992E6DD377,1
1750,steady,1940.724143,1941.825262,1101.120,1.764,1099.297,256,TCGA-E9-A1N8-01Z-00-DX1.1243AB1C-75A3-4A5E-9674-53992E6DD377,1
1751,steady,1941.837126,1942.937649,1100.524,1.808,1098.619,256,TCGA-E9-A1N8-01Z-00-DX1.1243AB1C-75A3-4A5E-9674-53992E6DD377,1
1752,steady,1942.949399,1944.051180,1101.781,1.752,1099.965,256,TCGA-E9-A1N8-01Z-00-DX1.1243AB1C-75A3-4A5E-9674-53992E6DD377,1
1753,steady,1944.063133,1945.165287,1102.154,1.756,1100.341,256,TCGA-E9-A1N8-01Z-00-DX1.1243AB1C-75A3-4A5E-9674-53992E6DD377,1
1754,steady,1945.176788,1946.278834,1102.045,1.757,1100.224,256,TCGA-E9-A1N8-01Z-00-DX1.1243AB1C-75A3-4A5E-9674-53992E6DD377,1
1755,steady,1946.290782,1947.393318,1102.536,1.769,1100.703,256,TCGA-E9-A1N8-01Z-00-DX1.1243AB1C-75A3-4A5E-9674-53992E6DD377,1
1756,steady,1947.405359,1948.509077,1103.718,1.759,1101.897,256,TCGA-E9-A1N8-01Z-00-DX1.1243AB1C-75A3-4A5E-9674-53992E6DD377,1
1757,steady,1948.521049,1949.625295,1104.246,1.758,1102.426,256,TCGA-E9-A1N8-01Z-00-DX1.1243AB1C-75A3-4A5E-9674-53992E6DD377,1
1758,steady,1949.636947,1950.742272,1105.325,1.760,1103.489,256,TCGA-E9-A1N8-01Z-00-DX1.1243AB1C-75A3-4A5E-9674-53992E6DD377,1
1759,steady,1950.754026,1951.858302,1104.276,1.766,1102.433,256,TCGA-E9-A1N8-01Z-00-DX1.1243AB1C-75A3-4A5E-9674-53992E6DD377,1
1760,steady,1951.870144,1952.974990,1104.846,1.758,1103.021,256,TCGA-E9-A1N8-01Z-00-DX1.1243AB1C-75A3-4A5E-9674-53992E6DD377,1
1761,steady,1952.989186,1954.092645,1103.459,1.764,1101.619,256,TCGA-E9-A1N8-01Z-00-DX1.1243AB1C-75A3-4A5E-9674-53992E6DD377,1
1762,steady,1954.104666,1955.211948,1107.282,1.780,1105.424,256,TCGA-E9-A1N8-01Z-00-DX1.1243AB1C-75A3-4A5E-9674-53992E6DD377,1
1763,steady,1955.223928,1956.331259,1107.331,1.764,1105.498,256,TCGA-E9-A1N8-01Z-00-DX1.1243AB1C-75A3-4A5E-9674-53992E6DD377,1
1764,steady,1956.343195,1957.450819,1107.624,1.763,1105.793,256,TCGA-E9-A1N8-01Z-00-DX1.1243AB1C-75A3-4A5E-9674-53992E6DD377,1
1765,steady,1957.462393,1958.571417,1109.023,1.759,1107.198,256,TCGA-E9-A1N8-01Z-00-DX1.1243AB1C-75A3-4A5E-9674-53992E6DD377,1
1766,steady,1958.583491,1959.693515,1110.024,1.755,1108.199,256,TCGA-E9-A1N8-01Z-00-DX1.1243AB1C-75A3-4A5E-9674-53992E6DD377,1
1767,steady,1959.705235,1960.814492,1109.256,1.765,1107.413,256,TCGA-E9-A1N8-01Z-00-DX1.1243AB1C-75A3-4A5E-9674-53992E6DD377,1
1768,steady,1960.826261,1961.936650,1110.389,1.762,1108.554,256,TCGA-E9-A1N8-01Z-00-DX1.1243AB1C-75A3-4A5E-9674-53992E6DD377,1
1769,steady,1961.948445,1963.059740,1111.295,1.767,1109.457,256,TCGA-E9-A1N8-01Z-00-DX1.1243AB1C-75A3-4A5E-9674-53992E6DD377,1
1770,steady,1963.071523,1964.183009,1111.485,1.760,1109.640,256,TCGA-E9-A1N8-01Z-00-DX1.1243AB1C-75A3-4A5E-9674-53992E6DD377,1
1771,steady,1964.194721,1965.308881,1114.161,1.780,1112.297,256,TCGA-E9-A1N8-01Z-00-DX1.1243AB1C-75A3-4A5E-9674-53992E6DD377,1
1772,steady,1965.321120,1966.434143,1113.023,1.768,1111.185,256,TCGA-E9-A1N8-01Z-00-DX1.1243AB1C-75A3-4A5E-9674-53992E6DD377,1
1773,steady,1966.446220,1967.560412,1114.193,1.757,1112.369,256,TCGA-E9-A1N8-01Z-00-DX1.1243AB1C-75A3-4A5E-9674-53992E6DD377,1
1774,steady,1967.572359,1968.688875,1116.516,1.765,1114.681,256,TCGA-E9-A1N8-01Z-00-DX1.1243AB1C-75A3-4A5E-9674-53992E6DD377,1
1775,steady,1968.701020,1969.816761,1115.741,1.772,1113.890,256,TCGA-E9-A1N8-01Z-00-DX1.1243AB1C-75A3-4A5E-9674-53992E6DD377,1
1776,steady,1969.828618,1970.944906,1116.288,1.764,1114.446,256,TCGA-E9-A1N8-01Z-00-DX1.1243AB1C-75A3-4A5E-9674-53992E6DD377,1
1777,steady,1970.956816,1972.075259,1118.444,1.760,1116.611,256,TCGA-E9-A1N8-01Z-00-DX1.1243AB1C-75A3-4A5E-9674-53992E6DD377,1
1778,steady,1972.087686,1973.205537,1117.850,1.762,1116.008,256,TCGA-E9-A1N8-01Z-00-DX1.1243AB1C-75A3-4A5E-9674-53992E6DD377,1
1779,steady,1973.217532,1974.343174,1125.641,1.764,1123.800,256,TCGA-E9-A1N8-01Z-00-DX1.1243AB1C-75A3-4A5E-9674-53992E6DD377,1
1780,steady,1974.355316,1975.493415,1138.099,1.763,1136.259,256,TCGA-E9-A1N8-01Z-00-DX1.1243AB1C-75A3-4A5E-9674-53992E6DD377,1
1781,steady,1975.505556,1976.645869,1140.314,1.763,1138.481,256,TCGA-E9-A1N8-01Z-00-DX1.1243AB1C-75A3-4A5E-9674-53992E6DD377,1
1782,steady,1976.657892,1977.797954,1140.062,1.756,1138.224,256,TCGA-E9-A1N8-01Z-00-DX1.1243AB1C-75A3-4A5E-9674-53992E6DD377,1
1783,steady,1977.809933,1978.955697,1145.764,1.773,1143.905,256,TCGA-E9-A1N8-01Z-00-DX1.1243AB1C-75A3-4A5E-9674-53992E6DD377,1
1784,steady,1978.967279,1980.105893,1138.614,1.762,1136.765,256,TCGA-E9-A1N8-01Z-00-DX1.1243AB1C-75A3-4A5E-9674-53992E6DD377,1
1785,steady,1980.115762,1981.193687,1077.925,1.426,1076.412,205,TCGA-E9-A1N8-01Z-00-DX1.1243AB1C-75A3-4A5E-9674-53992E6DD377,1
1786,steady,1981.353947,1982.475278,1121.331,1.787,1119.461,256,TCGA-E9-A1RD-01Z-00-DX1.34083668-cbd2-4610-b857-d50ee9f3e5bd,1
1787,steady,1982.486746,1983.622529,1135.782,1.768,1133.950,256,TCGA-E9-A1RD-01Z-00-DX1.34083668-cbd2-4610-b857-d50ee9f3e5bd,1
1788,steady,1983.634600,1984.770781,1136.181,1.765,1134.339,256,TCGA-E9-A1RD-01Z-00-DX1.34083668-cbd2-4610-b857-d50ee9f3e5bd,1
1789,steady,1984.783203,1985.914414,1131.211,1.775,1129.350,256,TCGA-E9-A1RD-01Z-00-DX1.34083668-cbd2-4610-b857-d50ee9f3e5bd,1
1790,steady,1985.926049,1987.061310,1135.260,1.774,1133.412,256,TCGA-E9-A1RD-01Z-00-DX1.34083668-cbd2-4610-b857-d50ee9f3e5bd,1
1791,steady,1987.073181,1988.201610,1128.429,1.773,1126.584,256,TCGA-E9-A1RD-01Z-00-DX1.34083668-cbd2-4610-b857-d50ee9f3e5bd,1
1792,steady,1988.214285,1989.342521,1128.237,1.762,1126.409,256,TCGA-E9-A1RD-01Z-00-DX1.34083668-cbd2-4610-b857-d50ee9f3e5bd,1
1793,steady,1989.354415,1990.480435,1126.020,1.763,1124.188,256,TCGA-E9-A1RD-01Z-00-DX1.34083668-cbd2-4610-b857-d50ee9f3e5bd,1
1794,steady,1990.492097,1991.620216,1128.119,1.762,1126.290,256,TCGA-E9-A1RD-01Z-00-DX1.34083668-cbd2-4610-b857-d50ee9f3e5bd,1
1795,steady,1991.632437,1992.756323,1123.886,1.770,1122.048,256,TCGA-E9-A1RD-01Z-00-DX1.34083668-cbd2-4610-b857-d50ee9f3e5bd,1
1796,steady,1992.768036,1993.880788,1112.751,1.773,1110.901,256,TCGA-E9-A1RD-01Z-00-DX1.34083668-cbd2-4610-b857-d50ee9f3e5bd,1
1797,steady,1993.893061,1995.000833,1107.772,1.777,1105.917,256,TCGA-E9-A1RD-01Z-00-DX1.34083668-cbd2-4610-b857-d50ee9f3e5bd,1
1798,steady,1995.012626,1996.122622,1109.996,1.773,1108.154,256,TCGA-E9-A1RD-01Z-00-DX1.34083668-cbd2-4610-b857-d50ee9f3e5bd,1
1799,steady,1996.134420,1997.242647,1108.227,1.758,1106.395,256,TCGA-E9-A1RD-01Z-00-DX1.34083668-cbd2-4610-b857-d50ee9f3e5bd,1
1800,steady,1997.254641,1998.365919,1111.278,1.762,1109.445,256,TCGA-E9-A1RD-01Z-00-DX1.34083668-cbd2-4610-b857-d50ee9f3e5bd,1
1801,steady,1998.377756,1999.485993,1108.237,1.766,1106.409,256,TCGA-E9-A1RD-01Z-00-DX1.34083668-cbd2-4610-b857-d50ee9f3e5bd,1
1802,steady,1999.498013,2000.606140,1108.127,1.758,1106.307,256,TCGA-E9-A1RD-01Z-00-DX1.34083668-cbd2-4610-b857-d50ee9f3e5bd,1
1803,steady,2000.617809,2001.726087,1108.278,1.760,1106.457,256,TCGA-E9-A1RD-01Z-00-DX1.34083668-cbd2-4610-b857-d50ee9f3e5bd,1
1804,steady,2001.737626,2002.845371,1107.745,1.757,1105.928,256,TCGA-E9-A1RD-01Z-00-DX1.34083668-cbd2-4610-b857-d50ee9f3e5bd,1
1805,steady,2002.857127,2003.964484,1107.357,1.764,1105.524,256,TCGA-E9-A1RD-01Z-00-DX1.34083668-cbd2-4610-b857-d50ee9f3e5bd,1
1806,steady,2003.976210,2005.083825,1107.616,1.757,1105.799,256,TCGA-E9-A1RD-01Z-00-DX1.34083668-cbd2-4610-b857-d50ee9f3e5bd,1
1807,steady,2005.095900,2006.202609,1106.709,1.759,1104.888,256,TCGA-E9-A1RD-01Z-00-DX1.34083668-cbd2-4610-b857-d50ee9f3e5bd,1
1808,steady,2006.214762,2007.321632,1106.871,1.761,1105.046,256,TCGA-E9-A1RD-01Z-00-DX1.34083668-cbd2-4610-b857-d50ee9f3e5bd,1
1809,steady,2007.333358,2008.438280,1104.922,1.759,1103.099,256,TCGA-E9-A1RD-01Z-00-DX1.34083668-cbd2-4610-b857-d50ee9f3e5bd,1
1810,steady,2008.450143,2009.559757,1109.614,1.759,1107.795,256,TCGA-E9-A1RD-01Z-00-DX1.34083668-cbd2-4610-b857-d50ee9f3e5bd,1
1811,steady,2009.571294,2010.676379,1105.085,1.755,1103.269,256,TCGA-E9-A1RD-01Z-00-DX1.34083668-cbd2-4610-b857-d50ee9f3e5bd,1
1812,steady,2010.692085,2011.797104,1105.019,1.762,1103.187,256,TCGA-E9-A1RD-01Z-00-DX1.34083668-cbd2-4610-b857-d50ee9f3e5bd,1
1813,steady,2011.808851,2012.913811,1104.961,1.773,1103.128,256,TCGA-E9-A1RD-01Z-00-DX1.34083668-cbd2-4610-b857-d50ee9f3e5bd,1
1814,steady,2012.925689,2014.031340,1105.652,1.756,1103.838,256,TCGA-E9-A1RD-01Z-00-DX1.34083668-cbd2-4610-b857-d50ee9f3e5bd,1
1815,steady,2014.043506,2015.148385,1104.878,1.763,1103.056,256,TCGA-E9-A1RD-01Z-00-DX1.34083668-cbd2-4610-b857-d50ee9f3e5bd,1
1816,steady,2015.161184,2016.265309,1104.125,1.761,1102.306,256,TCGA-E9-A1RD-01Z-00-DX1.34083668-cbd2-4610-b857-d50ee9f3e5bd,1
1817,steady,2016.277056,2017.382556,1105.500,1.757,1103.684,256,TCGA-E9-A1RD-01Z-00-DX1.34083668-cbd2-4610-b857-d50ee9f3e5bd,1
1818,steady,2017.394299,2018.497593,1103.294,1.755,1101.481,256,TCGA-E9-A1RD-01Z-00-DX1.34083668-cbd2-4610-b857-d50ee9f3e5bd,1
1819,steady,2018.509503,2019.611836,1102.333,1.765,1100.502,256,TCGA-E9-A1RD-01Z-00-DX1.34083668-cbd2-4610-b857-d50ee9f3e5bd,1
1820,steady,2019.615031,2019.889503,274.472,0.145,274.276,49,TCGA-E9-A1RD-01Z-00-DX1.34083668-cbd2-4610-b857-d50ee9f3e5bd,1
1821,steady,2020.042724,2021.142903,1100.179,1.805,1098.290,256,TCGA-GM-A2DN-01Z-00-DX1.593003B0-BA87-486B-B472-D6B85867D54D,1
1822,steady,2021.155087,2022.261081,1105.994,1.759,1104.173,256,TCGA-GM-A2DN-01Z-00-DX1.593003B0-BA87-486B-B472-D6B85867D54D,1
1823,steady,2022.272774,2023.380061,1107.287,1.747,1105.482,256,TCGA-GM-A2DN-01Z-00-DX1.593003B0-BA87-486B-B472-D6B85867D54D,1
1824,steady,2023.391651,2024.497190,1105.539,1.765,1103.715,256,TCGA-GM-A2DN-01Z-00-DX1.593003B0-BA87-486B-B472-D6B85867D54D,1
1825,steady,2024.508580,2025.614760,1106.180,1.756,1104.368,256,TCGA-GM-A2DN-01Z-00-DX1.593003B0-BA87-486B-B472-D6B85867D54D,1
1826,steady,2025.626160,2026.734158,1107.998,1.754,1106.179,256,TCGA-GM-A2DN-01Z-00-DX1.593003B0-BA87-486B-B472-D6B85867D54D,1
1827,steady,2026.745704,2027.852413,1106.709,1.767,1104.867,256,TCGA-GM-A2DN-01Z-00-DX1.593003B0-BA87-486B-B472-D6B85867D54D,1
1828,steady,2027.863734,2028.969822,1106.088,1.765,1104.258,256,TCGA-GM-A2DN-01Z-00-DX1.593003B0-BA87-486B-B472-D6B85867D54D,1
1829,steady,2028.981431,2030.091454,1110.024,1.757,1108.203,256,TCGA-GM-A2DN-01Z-00-DX1.593003B0-BA87-486B-B472-D6B85867D54D,1
1830,steady,2030.103259,2031.211656,1108.397,1.760,1106.572,256,TCGA-GM-A2DN-01Z-00-DX1.593003B0-BA87-486B-B472-D6B85867D54D,1
1831,steady,2031.223395,2032.331330,1107.935,1.777,1106.096,256,TCGA-GM-A2DN-01Z-00-DX1.593003B0-BA87-486B-B472-D6B85867D54D,1
1832,steady,2032.342263,2033.451859,1109.596,1.765,1107.765,256,TCGA-GM-A2DN-01Z-00-DX1.593003B0-BA87-486B-B472-D6B85867D54D,1
1833,steady,2033.463707,2034.572793,1109.086,1.756,1107.262,256,TCGA-GM-A2DN-01Z-00-DX1.593003B0-BA87-486B-B472-D6B85867D54D,1
1834,steady,2034.584925,2035.695110,1110.185,1.767,1108.347,256,TCGA-GM-A2DN-01Z-00-DX1.593003B0-BA87-486B-B472-D6B85867D54D,1
1835,steady,2035.706586,2036.819132,1112.546,1.762,1110.713,256,TCGA-GM-A2DN-01Z-00-DX1.593003B0-BA87-486B-B472-D6B85867D54D,1
1836,steady,2036.830560,2037.942941,1112.382,1.762,1110.551,256,TCGA-GM-A2DN-01Z-00-DX1.593003B0-BA87-486B-B472-D6B85867D54D,1
1837,steady,2037.954909,2039.067830,1112.921,1.765,1111.093,256,TCGA-GM-A2DN-01Z-00-DX1.593003B0-BA87-486B-B472-D6B85867D54D,1
1838,steady,2039.080733,2040.194065,1113.333,1.752,1111.516,256,TCGA-GM-A2DN-01Z-00-DX1.593003B0-BA87-486B-B472-D6B85867D54D,1
1839,steady,2040.205670,2041.317600,1111.930,1.767,1110.097,256,TCGA-GM-A2DN-01Z-00-DX1.593003B0-BA87-486B-B472-D6B85867D54D,1
1840,steady,2041.329912,2042.443809,1113.897,1.760,1112.075,256,TCGA-GM-A2DN-01Z-00-DX1.593003B0-BA87-486B-B472-D6B85867D54D,1
1841,steady,2042.454633,2043.570714,1116.082,1.753,1114.261,256,TCGA-GM-A2DN-01Z-00-DX1.593003B0-BA87-486B-B472-D6B85867D54D,1
1842,steady,2043.582561,2044.696862,1114.301,1.757,1112.483,256,TCGA-GM-A2DN-01Z-00-DX1.593003B0-BA87-486B-B472-D6B85867D54D,1
1843,steady,2044.709381,2045.824430,1115.049,1.765,1113.215,256,TCGA-GM-A2DN-01Z-00-DX1.593003B0-BA87-486B-B472-D6B85867D54D,1
1844,steady,2045.835421,2046.953980,1118.559,1.762,1116.734,256,TCGA-GM-A2DN-01Z-00-DX1.593003B0-BA87-486B-B472-D6B85867D54D,1
1845,steady,2046.966089,2048.082574,1116.485,1.750,1114.675,256,TCGA-GM-A2DN-01Z-00-DX1.593003B0-BA87-486B-B472-D6B85867D54D,1
1846,steady,2048.093737,2049.212683,1118.946,1.771,1117.119,256,TCGA-GM-A2DN-01Z-00-DX1.593003B0-BA87-486B-B472-D6B85867D54D,1
1847,steady,2049.224594,2050.342880,1118.287,1.748,1116.473,256,TCGA-GM-A2DN-01Z-00-DX1.593003B0-BA87-486B-B472-D6B85867D54D,1
1848,steady,2050.354772,2051.475242,1120.470,1.772,1118.633,256,TCGA-GM-A2DN-01Z-00-DX1.593003B0-BA87-486B-B472-D6B85867D54D,1
1849,steady,2051.486794,2052.607943,1121.149,1.770,1119.317,256,TCGA-GM-A2DN-01Z-00-DX1.593003B0-BA87-486B-B472-D6B85867D54D,1
1850,steady,2052.619064,2053.740778,1121.714,1.763,1119.885,256,TCGA-GM-A2DN-01Z-00-DX1.593003B0-BA87-486B-B472-D6B85867D54D,1
1851,steady,2053.753225,2054.877482,1124.257,1.768,1122.422,256,TCGA-GM-A2DN-01Z-00-DX1.593003B0-BA87-486B-B472-D6B85867D54D,1
1852,steady,2054.889567,2056.012995,1123.428,1.777,1121.585,256,TCGA-GM-A2DN-01Z-00-DX1.593003B0-BA87-486B-B472-D6B85867D54D,1
1853,steady,2056.023905,2057.149104,1125.200,1.754,1123.383,256,TCGA-GM-A2DN-01Z-00-DX1.593003B0-BA87-486B-B472-D6B85867D54D,1
1854,steady,2057.161444,2058.285193,1123.750,1.759,1121.931,256,TCGA-GM-A2DN-01Z-00-DX1.593003B0-BA87-486B-B472-D6B85867D54D,1
1855,steady,2058.296295,2059.419358,1123.063,1.761,1121.238,256,TCGA-GM-A2DN-01Z-00-DX1.593003B0-BA87-486B-B472-D6B85867D54D,1
1856,steady,2059.431478,2060.555775,1124.297,1.758,1122.479,256,TCGA-GM-A2DN-01Z-00-DX1.593003B0-BA87-486B-B472-D6B85867D54D,1
1857,steady,2060.566153,2061.691040,1124.888,1.754,1123.070,256,TCGA-GM-A2DN-01Z-00-DX1.593003B0-BA87-486B-B472-D6B85867D54D,1
1858,steady,2061.703760,2062.827298,1123.539,1.770,1121.693,256,TCGA-GM-A2DN-01Z-00-DX1.593003B0-BA87-486B-B472-D6B85867D54D,1
1859,steady,2062.840225,2063.964766,1124.541,1.749,1122.723,256,TCGA-GM-A2DN-01Z-00-DX1.593003B0-BA87-486B-B472-D6B85867D54D,1
1860,steady,2063.975884,2065.099120,1123.236,1.763,1121.411,256,TCGA-GM-A2DN-01Z-00-DX1.593003B0-BA87-486B-B472-D6B85867D54D,1
1861,steady,2065.108170,2066.104259,996.089,1.263,994.765,185,TCGA-GM-A2DN-01Z-00-DX1.593003B0-BA87-486B-B472-D6B85867D54D,1
1862,steady,2066.245511,2067.371054,1125.543,1.783,1123.679,256,TCGA-PE-A5DC-01Z-00-DX1.8E6953AD-C14A-43F5-B062-E31AB13C7BDF,1
1863,steady,2067.382765,2068.513852,1131.088,1.758,1129.268,256,TCGA-PE-A5DC-01Z-00-DX1.8E6953AD-C14A-43F5-B062-E31AB13C7BDF,1
1864,steady,2068.526036,2069.647987,1121.951,1.765,1120.123,256,TCGA-PE-A5DC-01Z-00-DX1.8E6953AD-C14A-43F5-B062-E31AB13C7BDF,1
1865,steady,2069.659790,2070.784101,1124.311,1.754,1122.491,256,TCGA-PE-A5DC-01Z-00-DX1.8E6953AD-C14A-43F5-B062-E31AB13C7BDF,1
1866,steady,2070.795834,2071.914800,1118.966,1.786,1117.105,256,TCGA-PE-A5DC-01Z-00-DX1.8E6953AD-C14A-43F5-B062-E31AB13C7BDF,1
1867,steady,2071.926824,2073.046603,1119.779,1.766,1117.940,256,TCGA-PE-A5DC-01Z-00-DX1.8E6953AD-C14A-43F5-B062-E31AB13C7BDF,1
1868,steady,2073.058187,2074.173067,1114.880,1.770,1113.044,256,TCGA-PE-A5DC-01Z-00-DX1.8E6953AD-C14A-43F5-B062-E31AB13C7BDF,1
1869,steady,2074.187611,2075.301745,1114.134,1.764,1112.304,256,TCGA-PE-A5DC-01Z-00-DX1.8E6953AD-C14A-43F5-B062-E31AB13C7BDF,1
1870,steady,2075.313365,2076.425477,1112.112,1.775,1110.272,256,TCGA-PE-A5DC-01Z-00-DX1.8E6953AD-C14A-43F5-B062-E31AB13C7BDF,1
1871,steady,2076.437171,2077.549925,1112.753,1.757,1110.928,256,TCGA-PE-A5DC-01Z-00-DX1.8E6953AD-C14A-43F5-B062-E31AB13C7BDF,1
1872,steady,2077.561910,2078.672466,1110.556,1.766,1108.727,256,TCGA-PE-A5DC-01Z-00-DX1.8E6953AD-C14A-43F5-B062-E31AB13C7BDF,1
1873,steady,2078.684391,2079.794930,1110.539,1.766,1108.704,256,TCGA-PE-A5DC-01Z-00-DX1.8E6953AD-C14A-43F5-B062-E31AB13C7BDF,1
1874,steady,2079.807769,2080.916908,1109.139,1.776,1107.286,256,TCGA-PE-A5DC-01Z-00-DX1.8E6953AD-C14A-43F5-B062-E31AB13C7BDF,1
1875,steady,2080.928816,2082.037868,1109.053,1.766,1107.217,256,TCGA-PE-A5DC-01Z-00-DX1.8E6953AD-C14A-43F5-B062-E31AB13C7BDF,1
1876,steady,2082.049893,2083.157647,1107.754,1.771,1105.914,256,TCGA-PE-A5DC-01Z-00-DX1.8E6953AD-C14A-43F5-B062-E31AB13C7BDF,1
1877,steady,2083.169505,2084.275022,1105.517,1.765,1103.684,256,TCGA-PE-A5DC-01Z-00-DX1.8E6953AD-C14A-43F5-B062-E31AB13C7BDF,1
1878,steady,2084.286788,2085.393268,1106.480,1.787,1104.630,256,TCGA-PE-A5DC-01Z-00-DX1.8E6953AD-C14A-43F5-B062-E31AB13C7BDF,1
1879,steady,2085.408717,2086.514216,1105.499,1.756,1103.681,256,TCGA-PE-A5DC-01Z-00-DX1.8E6953AD-C14A-43F5-B062-E31AB13C7BDF,1
1880,steady,2086.526190,2087.630732,1104.542,1.759,1102.719,256,TCGA-PE-A5DC-01Z-00-DX1.8E6953AD-C14A-43F5-B062-E31AB13C7BDF,1
1881,steady,2087.642722,2088.748907,1106.185,1.760,1104.364,256,TCGA-PE-A5DC-01Z-00-DX1.8E6953AD-C14A-43F5-B062-E31AB13C7BDF,1
1882,steady,2088.761048,2089.866445,1105.397,1.764,1103.574,256,TCGA-PE-A5DC-01Z-00-DX1.8E6953AD-C14A-43F5-B062-E31AB13C7BDF,1
1883,steady,2089.878202,2090.982356,1104.154,1.761,1102.334,256,TCGA-PE-A5DC-01Z-00-DX1.8E6953AD-C14A-43F5-B062-E31AB13C7BDF,1
1884,steady,2090.993916,2092.099268,1105.352,1.758,1103.535,256,TCGA-PE-A5DC-01Z-00-DX1.8E6953AD-C14A-43F5-B062-E31AB13C7BDF,1
1885,steady,2092.111142,2093.215321,1104.179,1.764,1102.352,256,TCGA-PE-A5DC-01Z-00-DX1.8E6953AD-C14A-43F5-B062-E31AB13C7BDF,1
1886,steady,2093.220670,2093.776680,556.010,0.498,555.465,107,TCGA-PE-A5DC-01Z-00-DX1.8E6953AD-C14A-43F5-B062-E31AB13C7BDF,1
1887,steady,2093.957965,2095.055314,1097.349,1.795,1095.471,256,TCGA-S3-AA12-01Z-00-DX1.2A991B9F-E7E6-410B-B0BF-635E3CC40C7E,1
1888,steady,2095.067381,2096.162778,1095.397,1.758,1093.571,256,TCGA-S3-AA12-01Z-00-DX1.2A991B9F-E7E6-410B-B0BF-635E3CC40C7E,1
1889,steady,2096.174929,2097.271918,1096.989,1.750,1095.182,256,TCGA-S3-AA12-01Z-00-DX1.2A991B9F-E7E6-410B-B0BF-635E3CC40C7E,1
1890,steady,2097.283837,2098.379314,1095.478,1.755,1093.666,256,TCGA-S3-AA12-01Z-00-DX1.2A991B9F-E7E6-410B-B0BF-635E3CC40C7E,1
1891,steady,2098.391165,2099.487575,1096.409,1.751,1094.599,256,TCGA-S3-AA12-01Z-00-DX1.2A991B9F-E7E6-410B-B0BF-635E3CC40C7E,1
1892,steady,2099.499529,2100.596314,1096.784,1.745,1094.981,256,TCGA-S3-AA12-01Z-00-DX1.2A991B9F-E7E6-410B-B0BF-635E3CC40C7E,1
1893,steady,2100.608065,2101.703654,1095.589,1.752,1093.778,256,TCGA-S3-AA12-01Z-00-DX1.2A991B9F-E7E6-410B-B0BF-635E3CC40C7E,1
1894,steady,2101.715566,2102.811758,1096.192,1.741,1094.394,256,TCGA-S3-AA12-01Z-00-DX1.2A991B9F-E7E6-410B-B0BF-635E3CC40C7E,1
1895,steady,2102.823905,2103.919539,1095.634,1.756,1093.820,256,TCGA-S3-AA12-01Z-00-DX1.2A991B9F-E7E6-410B-B0BF-635E3CC40C7E,1
1896,steady,2103.931445,2105.029501,1098.057,1.753,1096.247,256,TCGA-S3-AA12-01Z-00-DX1.2A991B9F-E7E6-410B-B0BF-635E3CC40C7E,1
1897,steady,2105.042252,2106.137503,1095.251,1.756,1093.404,256,TCGA-S3-AA12-01Z-00-DX1.2A991B9F-E7E6-410B-B0BF-635E3CC40C7E,1
1898,steady,2106.150017,2107.247129,1097.112,1.776,1095.239,256,TCGA-S3-AA12-01Z-00-DX1.2A991B9F-E7E6-410B-B0BF-635E3CC40C7E,1
1899,steady,2107.259875,2108.361604,1101.730,1.768,1099.876,256,TCGA-S3-AA12-01Z-00-DX1.2A991B9F-E7E6-410B-B0BF-635E3CC40C7E,1
1900,steady,2108.374454,2109.477359,1102.905,1.811,1101.010,256,TCGA-S3-AA12-01Z-00-DX1.2A991B9F-E7E6-410B-B0BF-635E3CC40C7E,1
1901,steady,2109.490012,2110.593449,1103.436,1.769,1101.584,256,TCGA-S3-AA12-01Z-00-DX1.2A991B9F-E7E6-410B-B0BF-635E3CC40C7E,1
1902,steady,2110.605830,2111.707291,1101.461,1.776,1099.601,256,TCGA-S3-AA12-01Z-00-DX1.2A991B9F-E7E6-410B-B0BF-635E3CC40C7E,1
1903,steady,2111.719767,2112.821686,1101.919,1.773,1100.058,256,TCGA-S3-AA12-01Z-00-DX1.2A991B9F-E7E6-410B-B0BF-635E3CC40C7E,1
1904,steady,2112.834021,2113.937043,1103.022,1.769,1101.155,256,TCGA-S3-AA12-01Z-00-DX1.2A991B9F-E7E6-410B-B0BF-635E3CC40C7E,1
1905,steady,2113.949753,2115.052705,1102.952,1.787,1101.056,256,TCGA-S3-AA12-01Z-00-DX1.2A991B9F-E7E6-410B-B0BF-635E3CC40C7E,1
1906,steady,2115.065196,2116.168002,1102.805,1.776,1100.923,256,TCGA-S3-AA12-01Z-00-DX1.2A991B9F-E7E6-410B-B0BF-635E3CC40C7E,1
1907,steady,2116.180840,2117.283266,1102.425,1.785,1100.533,256,TCGA-S3-AA12-01Z-00-DX1.2A991B9F-E7E6-410B-B0BF-635E3CC40C7E,1
1908,steady,2117.296994,2118.399110,1102.116,1.781,1100.241,256,TCGA-S3-AA12-01Z-00-DX1.2A991B9F-E7E6-410B-B0BF-635E3CC40C7E,1
1909,steady,2118.411244,2119.515202,1103.958,1.781,1102.093,256,TCGA-S3-AA12-01Z-00-DX1.2A991B9F-E7E6-410B-B0BF-635E3CC40C7E,1
1910,steady,2119.527440,2120.631553,1104.113,1.775,1102.244,256,TCGA-S3-AA12-01Z-00-DX1.2A991B9F-E7E6-410B-B0BF-635E3CC40C7E,1
1911,steady,2120.643923,2121.747602,1103.679,1.780,1101.799,256,TCGA-S3-AA12-01Z-00-DX1.2A991B9F-E7E6-410B-B0BF-635E3CC40C7E,1
1912,steady,2121.760333,2122.863774,1103.441,1.779,1101.574,256,TCGA-S3-AA12-01Z-00-DX1.2A991B9F-E7E6-410B-B0BF-635E3CC40C7E,1
1913,steady,2122.876094,2123.978763,1102.669,1.761,1100.826,256,TCGA-S3-AA12-01Z-00-DX1.2A991B9F-E7E6-410B-B0BF-635E3CC40C7E,1
1914,steady,2123.993437,2125.098000,1104.563,1.773,1102.709,256,TCGA-S3-AA12-01Z-00-DX1.2A991B9F-E7E6-410B-B0BF-635E3CC40C7E,1
1915,steady,2125.110604,2126.216124,1105.519,1.766,1103.670,256,TCGA-S3-AA12-01Z-00-DX1.2A991B9F-E7E6-410B-B0BF-635E3CC40C7E,1
1916,steady,2126.228624,2127.333539,1104.915,1.774,1103.060,256,TCGA-S3-AA12-01Z-00-DX1.2A991B9F-E7E6-410B-B0BF-635E3CC40C7E,1
1917,steady,2127.346143,2128.450449,1104.306,1.773,1102.455,256,TCGA-S3-AA12-01Z-00-DX1.2A991B9F-E7E6-410B-B0BF-635E3CC40C7E,1
1918,steady,2128.462932,2129.568184,1105.253,1.758,1103.416,256,TCGA-S3-AA12-01Z-00-DX1.2A991B9F-E7E6-410B-B0BF-635E3CC40C7E,1
1919,steady,2129.582501,2130.688243,1105.742,1.773,1103.883,256,TCGA-S3-AA12-01Z-00-DX1.2A991B9F-E7E6-410B-B0BF-635E3CC40C7E,1
1920,steady,2130.700592,2131.806362,1105.770,1.775,1103.909,256,TCGA-S3-AA12-01Z-00-DX1.2A991B9F-E7E6-410B-B0BF-635E3CC40C7E,1
1921,steady,2131.818750,2132.924400,1105.650,1.767,1103.805,256,TCGA-S3-AA12-01Z-00-DX1.2A991B9F-E7E6-410B-B0BF-635E3CC40C7E,1
1922,steady,2132.938194,2134.043798,1105.604,1.779,1103.736,256,TCGA-S3-AA12-01Z-00-DX1.2A991B9F-E7E6-410B-B0BF-635E3CC40C7E,1
1923,steady,2134.056216,2135.162430,1106.214,1.769,1104.360,256,TCGA-S3-AA12-01Z-00-DX1.2A991B9F-E7E6-410B-B0BF-635E3CC40C7E,1
1924,steady,2135.175152,2136.283298,1108.145,1.760,1106.304,256,TCGA-S3-AA12-01Z-00-DX1.2A991B9F-E7E6-410B-B0BF-635E3CC40C7E,1
1925,steady,2136.295769,2137.403249,1107.480,1.763,1105.634,256,TCGA-S3-AA12-01Z-00-DX1.2A991B9F-E7E6-410B-B0BF-635E3CC40C7E,1
1926,steady,2137.415591,2138.523539,1107.947,1.765,1106.098,256,TCGA-S3-AA12-01Z-00-DX1.2A991B9F-E7E6-410B-B0BF-635E3CC40C7E,1
1927,steady,2138.536179,2139.645160,1108.980,1.767,1107.128,256,TCGA-S3-AA12-01Z-00-DX1.2A991B9F-E7E6-410B-B0BF-635E3CC40C7E,1
1928,steady,2139.657461,2140.768039,1110.578,1.766,1108.736,256,TCGA-S3-AA12-01Z-00-DX1.2A991B9F-E7E6-410B-B0BF-635E3CC40C7E,1
1929,steady,2140.781449,2141.891539,1110.090,1.773,1108.236,256,TCGA-S3-AA12-01Z-00-DX1.2A991B9F-E7E6-410B-B0BF-635E3CC40C7E,1
1930,steady,2141.903808,2143.015833,1112.025,1.768,1110.180,256,TCGA-S3-AA12-01Z-00-DX1.2A991B9F-E7E6-410B-B0BF-635E3CC40C7E,1
1931,steady,2143.028333,2144.139392,1111.059,1.767,1109.203,256,TCGA-S3-AA12-01Z-00-DX1.2A991B9F-E7E6-410B-B0BF-635E3CC40C7E,1
1932,steady,2144.152217,2145.264466,1112.248,1.773,1110.374,256,TCGA-S3-AA12-01Z-00-DX1.2A991B9F-E7E6-410B-B0BF-635E3CC40C7E,1
1933,steady,2145.279827,2146.392623,1112.796,1.786,1110.913,256,TCGA-S3-AA12-01Z-00-DX1.2A991B9F-E7E6-410B-B0BF-635E3CC40C7E,1
1934,steady,2146.405266,2147.519595,1114.328,1.767,1112.478,256,TCGA-S3-AA12-01Z-00-DX1.2A991B9F-E7E6-410B-B0BF-635E3CC40C7E,1
1935,steady,2147.532070,2148.646490,1114.420,1.766,1112.570,256,TCGA-S3-AA12-01Z-00-DX1.2A991B9F-E7E6-410B-B0BF-635E3CC40C7E,1
1936,steady,2148.659037,2149.774284,1115.247,1.768,1113.395,256,TCGA-S3-AA12-01Z-00-DX1.2A991B9F-E7E6-410B-B0BF-635E3CC40C7E,1
1937,steady,2149.788713,2150.905087,1116.374,1.775,1114.519,256,TCGA-S3-AA12-01Z-00-DX1.2A991B9F-E7E6-410B-B0BF-635E3CC40C7E,1
1938,steady,2150.917615,2152.034077,1116.463,1.766,1114.621,256,TCGA-S3-AA12-01Z-00-DX1.2A991B9F-E7E6-410B-B0BF-635E3CC40C7E,1
1939,steady,2152.046690,2153.164616,1117.926,1.760,1116.076,256,TCGA-S3-AA12-01Z-00-DX1.2A991B9F-E7E6-410B-B0BF-635E3CC40C7E,1
1940,steady,2153.176779,2154.296460,1119.681,1.772,1117.819,256,TCGA-S3-AA12-01Z-00-DX1.2A991B9F-E7E6-410B-B0BF-635E3CC40C7E,1
1941,steady,2154.308749,2155.428917,1120.168,1.762,1118.334,256,TCGA-S3-AA12-01Z-00-DX1.2A991B9F-E7E6-410B-B0BF-635E3CC40C7E,1
1942,steady,2155.440503,2156.563415,1122.912,1.760,1121.085,256,TCGA-S3-AA12-01Z-00-DX1.2A991B9F-E7E6-410B-B0BF-635E3CC40C7E,1
1943,steady,2156.574943,2157.697892,1122.948,1.750,1121.137,256,TCGA-S3-AA12-01Z-00-DX1.2A991B9F-E7E6-410B-B0BF-635E3CC40C7E,1
1944,steady,2157.709956,2158.833088,1123.132,1.762,1121.303,256,TCGA-S3-AA12-01Z-00-DX1.2A991B9F-E7E6-410B-B0BF-635E3CC40C7E,1
1945,steady,2158.844822,2159.968726,1123.904,1.761,1122.074,256,TCGA-S3-AA12-01Z-00-DX1.2A991B9F-E7E6-410B-B0BF-635E3CC40C7E,1
1946,steady,2159.980736,2161.106268,1125.532,1.758,1123.704,256,TCGA-S3-AA12-01Z-00-DX1.2A991B9F-E7E6-410B-B0BF-635E3CC40C7E,1
1947,steady,2161.118199,2162.245916,1127.716,1.761,1125.886,256,TCGA-S3-AA12-01Z-00-DX1.2A991B9F-E7E6-410B-B0BF-635E3CC40C7E,1
1948,steady,2162.257866,2163.385752,1127.886,1.753,1126.070,256,TCGA-S3-AA12-01Z-00-DX1.2A991B9F-E7E6-410B-B0BF-635E3CC40C7E,1
1949,steady,2163.397765,2164.525748,1127.984,1.757,1126.161,256,TCGA-S3-AA12-01Z-00-DX1.2A991B9F-E7E6-410B-B0BF-635E3CC40C7E,1
1950,steady,2164.537974,2165.666532,1128.557,1.759,1126.736,256,TCGA-S3-AA12-01Z-00-DX1.2A991B9F-E7E6-410B-B0BF-635E3CC40C7E,1
1951,steady,2165.678894,2166.806518,1127.624,1.756,1125.798,256,TCGA-S3-AA12-01Z-00-DX1.2A991B9F-E7E6-410B-B0BF-635E3CC40C7E,1
1952,steady,2166.818431,2167.944567,1126.136,1.763,1124.295,256,TCGA-S3-AA12-01Z-00-DX1.2A991B9F-E7E6-410B-B0BF-635E3CC40C7E,1
1953,steady,2167.956742,2169.082097,1125.355,1.759,1123.528,256,TCGA-S3-AA12-01Z-00-DX1.2A991B9F-E7E6-410B-B0BF-635E3CC40C7E,1
1954,steady,2169.094110,2170.217358,1123.248,1.754,1121.429,256,TCGA-S3-AA12-01Z-00-DX1.2A991B9F-E7E6-410B-B0BF-635E3CC40C7E,1
1955,steady,2170.229864,2171.352691,1122.826,1.770,1120.984,256,TCGA-S3-AA12-01Z-00-DX1.2A991B9F-E7E6-410B-B0BF-635E3CC40C7E,1
1956,steady,2171.364816,2172.485839,1121.023,1.763,1119.192,256,TCGA-S3-AA12-01Z-00-DX1.2A991B9F-E7E6-410B-B0BF-635E3CC40C7E,1
1957,steady,2172.497922,2173.618722,1120.799,1.761,1118.975,256,TCGA-S3-AA12-01Z-00-DX1.2A991B9F-E7E6-410B-B0BF-635E3CC40C7E,1
1958,steady,2173.630842,2174.750058,1119.215,1.755,1117.380,256,TCGA-S3-AA12-01Z-00-DX1.2A991B9F-E7E6-410B-B0BF-635E3CC40C7E,1
1959,steady,2174.762011,2175.878772,1116.761,1.762,1114.929,256,TCGA-S3-AA12-01Z-00-DX1.2A991B9F-E7E6-410B-B0BF-635E3CC40C7E,1
1960,steady,2175.890838,2177.008307,1117.469,1.765,1115.630,256,TCGA-S3-AA12-01Z-00-DX1.2A991B9F-E7E6-410B-B0BF-635E3CC40C7E,1
1961,steady,2177.020489,2178.136601,1116.112,1.756,1114.293,256,TCGA-S3-AA12-01Z-00-DX1.2A991B9F-E7E6-410B-B0BF-635E3CC40C7E,1
1962,steady,2178.148656,2179.263810,1115.154,1.758,1113.333,256,TCGA-S3-AA12-01Z-00-DX1.2A991B9F-E7E6-410B-B0BF-635E3CC40C7E,1
1963,steady,2179.267159,2179.515958,248.800,0.135,248.622,45,TCGA-S3-AA12-01Z-00-DX1.2A991B9F-E7E6-410B-B0BF-635E3CC40C7E,1
1964,steady,2179.775275,2180.883616,1108.341,2.040,1106.219,256,TCGA-Z7-A8R6-01Z-00-DX1.CE4ED818-D762-4324-9DEA-2ACB38B9B0B9,1
1965,steady,2180.895479,2182.005736,1110.257,1.767,1108.434,256,TCGA-Z7-A8R6-01Z-00-DX1.CE4ED818-D762-4324-9DEA-2ACB38B9B0B9,1
1966,steady,2182.017847,2183.126895,1109.047,1.759,1107.230,256,TCGA-Z7-A8R6-01Z-00-DX1.CE4ED818-D762-4324-9DEA-2ACB38B9B0B9,1
1967,steady,2183.138682,2184.248286,1109.604,1.756,1107.792,256,TCGA-Z7-A8R6-01Z-00-DX1.CE4ED818-D762-4324-9DEA-2ACB38B9B0B9,1
1968,steady,2184.259891,2185.368798,1108.907,1.754,1107.094,256,TCGA-Z7-A8R6-01Z-00-DX1.CE4ED818-D762-4324-9DEA-2ACB38B9B0B9,1
1969,steady,2185.380579,2186.489473,1108.894,1.763,1107.073,256,TCGA-Z7-A8R6-01Z-00-DX1.CE4ED818-D762-4324-9DEA-2ACB38B9B0B9,1
1970,steady,2186.501321,2187.610391,1109.070,1.756,1107.253,256,TCGA-Z7-A8R6-01Z-00-DX1.CE4ED818-D762-4324-9DEA-2ACB38B9B0B9,1
1971,steady,2187.622471,2188.730259,1107.788,1.756,1105.974,256,TCGA-Z7-A8R6-01Z-00-DX1.CE4ED818-D762-4324-9DEA-2ACB38B9B0B9,1
1972,steady,2188.742121,2189.850587,1108.465,1.761,1106.644,256,TCGA-Z7-A8R6-01Z-00-DX1.CE4ED818-D762-4324-9DEA-2ACB38B9B0B9,1
1973,steady,2189.862564,2190.971045,1108.481,1.758,1106.662,256,TCGA-Z7-A8R6-01Z-00-DX1.CE4ED818-D762-4324-9DEA-2ACB38B9B0B9,1
1974,steady,2190.982703,2192.090732,1108.029,1.760,1106.207,256,TCGA-Z7-A8R6-01Z-00-DX1.CE4ED818-D762-4324-9DEA-2ACB38B9B0B9,1
1975,steady,2192.102679,2193.211454,1108.775,1.750,1106.969,256,TCGA-Z7-A8R6-01Z-00-DX1.CE4ED818-D762-4324-9DEA-2ACB38B9B0B9,1
1976,steady,2193.223350,2194.331907,1108.556,1.748,1106.749,256,TCGA-Z7-A8R6-01Z-00-DX1.CE4ED818-D762-4324-9DEA-2ACB38B9B0B9,1
1977,steady,2194.343636,2195.451954,1108.317,1.753,1106.507,256,TCGA-Z7-A8R6-01Z-00-DX1.CE4ED818-D762-4324-9DEA-2ACB38B9B0B9,1
1978,steady,2195.463728,2196.571634,1107.906,1.757,1106.090,256,TCGA-Z7-A8R6-01Z-00-DX1.CE4ED818-D762-4324-9DEA-2ACB38B9B0B9,1
1979,steady,2196.583278,2197.691584,1108.306,1.754,1106.495,256,TCGA-Z7-A8R6-01Z-00-DX1.CE4ED818-D762-4324-9DEA-2ACB38B9B0B9,1
1980,steady,2197.703581,2198.809308,1105.726,1.755,1103.914,256,TCGA-Z7-A8R6-01Z-00-DX1.CE4ED818-D762-4324-9DEA-2ACB38B9B0B9,1
1981,steady,2198.821578,2199.929296,1107.718,1.760,1105.903,256,TCGA-Z7-A8R6-01Z-00-DX1.CE4ED818-D762-4324-9DEA-2ACB38B9B0B9,1
1982,steady,2199.941126,2201.049063,1107.937,1.758,1106.122,256,TCGA-Z7-A8R6-01Z-00-DX1.CE4ED818-D762-4324-9DEA-2ACB38B9B0B9,1
1983,steady,2201.060979,2202.168232,1107.253,1.756,1105.439,256,TCGA-Z7-A8R6-01Z-00-DX1.CE4ED818-D762-4324-9DEA-2ACB38B9B0B9,1
1984,steady,2202.180437,2203.289339,1108.902,1.748,1107.096,256,TCGA-Z7-A8R6-01Z-00-DX1.CE4ED818-D762-4324-9DEA-2ACB38B9B0B9,1
1985,steady,2203.301696,2204.410168,1108.471,1.762,1106.643,256,TCGA-Z7-A8R6-01Z-00-DX1.CE4ED818-D762-4324-9DEA-2ACB38B9B0B9,1
1986,steady,2204.422159,2205.529945,1107.786,1.758,1105.972,256,TCGA-Z7-A8R6-01Z-00-DX1.CE4ED818-D762-4324-9DEA-2ACB38B9B0B9,1
1987,steady,2205.541953,2206.649469,1107.516,1.752,1105.706,256,TCGA-Z7-A8R6-01Z-00-DX1.CE4ED818-D762-4324-9DEA-2ACB38B9B0B9,1
1988,steady,2206.661185,2207.769818,1108.633,1.756,1106.817,256,TCGA-Z7-A8R6-01Z-00-DX1.CE4ED818-D762-4324-9DEA-2ACB38B9B0B9,1
1989,steady,2207.782197,2208.891012,1108.815,1.765,1106.979,256,TCGA-Z7-A8R6-01Z-00-DX1.CE4ED818-D762-4324-9DEA-2ACB38B9B0B9,1
1990,steady,2208.903368,2210.012131,1108.762,1.762,1106.936,256,TCGA-Z7-A8R6-01Z-00-DX1.CE4ED818-D762-4324-9DEA-2ACB38B9B0B9,1
1991,steady,2210.023974,2211.134345,1110.370,1.761,1108.547,256,TCGA-Z7-A8R6-01Z-00-DX1.CE4ED818-D762-4324-9DEA-2ACB38B9B0B9,1
1992,steady,2211.146348,2212.254816,1108.468,1.756,1106.650,256,TCGA-Z7-A8R6-01Z-00-DX1.CE4ED818-D762-4324-9DEA-2ACB38B9B0B9,1
1993,steady,2212.266446,2213.374550,1108.105,1.763,1106.281,256,TCGA-Z7-A8R6-01Z-00-DX1.CE4ED818-D762-4324-9DEA-2ACB38B9B0B9,1
1994,steady,2213.386363,2214.496067,1109.704,1.764,1107.875,256,TCGA-Z7-A8R6-01Z-00-DX1.CE4ED818-D762-4324-9DEA-2ACB38B9B0B9,1
1995,steady,2214.509148,2215.617546,1108.398,1.758,1106.578,256,TCGA-Z7-A8R6-01Z-00-DX1.CE4ED818-D762-4324-9DEA-2ACB38B9B0B9,1
1996,steady,2215.629696,2216.740006,1110.311,1.755,1108.492,256,TCGA-Z7-A8R6-01Z-00-DX1.CE4ED818-D762-4324-9DEA-2ACB38B9B0B9,1
1997,steady,2216.752242,2217.862289,1110.046,1.768,1108.208,256,TCGA-Z7-A8R6-01Z-00-DX1.CE4ED818-D762-4324-9DEA-2ACB38B9B0B9,1
1998,steady,2217.874471,2218.985146,1110.675,1.773,1108.838,256,TCGA-Z7-A8R6-01Z-00-DX1.CE4ED818-D762-4324-9DEA-2ACB38B9B0B9,1
1999,steady,2218.997097,2220.109099,1112.002,1.763,1110.178,256,TCGA-Z7-A8R6-01Z-00-DX1.CE4ED818-D762-4324-9DEA-2ACB38B9B0B9,1
2000,steady,2220.120904,2221.232816,1111.913,1.762,1110.087,256,TCGA-Z7-A8R6-01Z-00-DX1.CE4ED818-D762-4324-9DEA-2ACB38B9B0B9,1
2001,steady,2221.244954,2222.355471,1110.517,1.757,1108.702,256,TCGA-Z7-A8R6-01Z-00-DX1.CE4ED818-D762-4324-9DEA-2ACB38B9B0B9,1
2002,steady,2222.367141,2223.479559,1112.417,1.755,1110.599,256,TCGA-Z7-A8R6-01Z-00-DX1.CE4ED818-D762-4324-9DEA-2ACB38B9B0B9,1
2003,steady,2223.491309,2224.603484,1112.175,1.762,1110.353,256,TCGA-Z7-A8R6-01Z-00-DX1.CE4ED818-D762-4324-9DEA-2ACB38B9B0B9,1
2004,steady,2224.615355,2225.728477,1113.123,1.754,1111.303,256,TCGA-Z7-A8R6-01Z-00-DX1.CE4ED818-D762-4324-9DEA-2ACB38B9B0B9,1
2005,steady,2225.740453,2226.854239,1113.786,1.757,1111.961,256,TCGA-Z7-A8R6-01Z-00-DX1.CE4ED818-D762-4324-9DEA-2ACB38B9B0B9,1
2006,steady,2226.866594,2227.980988,1114.394,1.758,1112.575,256,TCGA-Z7-A8R6-01Z-00-DX1.CE4ED818-D762-4324-9DEA-2ACB38B9B0B9,1
2007,steady,2227.993002,2229.107067,1114.064,1.763,1112.242,256,TCGA-Z7-A8R6-01Z-00-DX1.CE4ED818-D762-4324-9DEA-2ACB38B9B0B9,1
2008,steady,2229.119162,2230.234179,1115.017,1.751,1113.208,256,TCGA-Z7-A8R6-01Z-00-DX1.CE4ED818-D762-4324-9DEA-2ACB38B9B0B9,1
2009,steady,2230.245852,2231.362160,1116.309,1.752,1114.500,256,TCGA-Z7-A8R6-01Z-00-DX1.CE4ED818-D762-4324-9DEA-2ACB38B9B0B9,1
2010,steady,2231.374215,2232.490766,1116.551,1.758,1114.732,256,TCGA-Z7-A8R6-01Z-00-DX1.CE4ED818-D762-4324-9DEA-2ACB38B9B0B9,1
2011,steady,2232.502831,2233.619065,1116.234,1.756,1114.408,256,TCGA-Z7-A8R6-01Z-00-DX1.CE4ED818-D762-4324-9DEA-2ACB38B9B0B9,1
2012,steady,2233.631618,2234.750413,1118.795,1.756,1116.977,256,TCGA-Z7-A8R6-01Z-00-DX1.CE4ED818-D762-4324-9DEA-2ACB38B9B0B9,1
2013,steady,2234.762736,2235.879971,1117.235,1.764,1115.406,256,TCGA-Z7-A8R6-01Z-00-DX1.CE4ED818-D762-4324-9DEA-2ACB38B9B0B9,1
2014,steady,2235.892176,2237.011231,1119.055,1.757,1117.235,256,TCGA-Z7-A8R6-01Z-00-DX1.CE4ED818-D762-4324-9DEA-2ACB38B9B0B9,1
2015,steady,2237.022919,2238.141459,1118.540,1.760,1116.720,256,TCGA-Z7-A8R6-01Z-00-DX1.CE4ED818-D762-4324-9DEA-2ACB38B9B0B9,1
2016,steady,2238.153516,2239.271891,1118.375,1.752,1116.560,256,TCGA-Z7-A8R6-01Z-00-DX1.CE4ED818-D762-4324-9DEA-2ACB38B9B0B9,1
2017,steady,2239.285958,2240.407805,1121.847,1.753,1120.036,256,TCGA-Z7-A8R6-01Z-00-DX1.CE4ED818-D762-4324-9DEA-2ACB38B9B0B9,1
2018,steady,2240.420283,2241.542706,1122.422,1.757,1120.606,256,TCGA-Z7-A8R6-01Z-00-DX1.CE4ED818-D762-4324-9DEA-2ACB38B9B0B9,1
2019,steady,2241.555273,2242.679307,1124.034,1.757,1122.219,256,TCGA-Z7-A8R6-01Z-00-DX1.CE4ED818-D762-4324-9DEA-2ACB38B9B0B9,1
2020,steady,2242.691390,2243.817451,1126.062,1.751,1124.248,256,TCGA-Z7-A8R6-01Z-00-DX1.CE4ED818-D762-4324-9DEA-2ACB38B9B0B9,1
2021,steady,2243.829749,2244.957033,1127.284,1.769,1125.448,256,TCGA-Z7-A8R6-01Z-00-DX1.CE4ED818-D762-4324-9DEA-2ACB38B9B0B9,1
2022,steady,2244.969025,2246.094718,1125.692,1.758,1123.873,256,TCGA-Z7-A8R6-01Z-00-DX1.CE4ED818-D762-4324-9DEA-2ACB38B9B0B9,1
2023,steady,2246.106626,2247.230602,1123.976,1.790,1122.125,256,TCGA-Z7-A8R6-01Z-00-DX1.CE4ED818-D762-4324-9DEA-2ACB38B9B0B9,1
2024,steady,2247.242707,2248.367938,1125.231,1.756,1123.415,256,TCGA-Z7-A8R6-01Z-00-DX1.CE4ED818-D762-4324-9DEA-2ACB38B9B0B9,1
2025,steady,2248.382089,2249.499870,1117.781,1.760,1115.962,256,TCGA-Z7-A8R6-01Z-00-DX1.CE4ED818-D762-4324-9DEA-2ACB38B9B0B9,1
2026,steady,2249.511900,2250.631215,1119.316,1.757,1117.495,256,TCGA-Z7-A8R6-01Z-00-DX1.CE4ED818-D762-4324-9DEA-2ACB38B9B0B9,1
2027,steady,2250.643357,2251.764901,1121.544,1.770,1119.712,256,TCGA-Z7-A8R6-01Z-00-DX1.CE4ED818-D762-4324-9DEA-2ACB38B9B0B9,1
2028,steady,2251.769479,2252.205457,435.978,0.265,435.661,76,TCGA-Z7-A8R6-01Z-00-DX1.CE4ED818-D762-4324-9DEA-2ACB38B9B0B9,1
