slide_id,rank_handled,world_size,n_tiles,t_start_s,t_end_s,wallclock_s,tiles_per_sec_slide,embedding_dim
TCGA-3C-AALI-01Z-00-DX1.F6E9A5DF-D8FB-45CF-B4BD-C6B76294C291,0,4,14193,0.338679,81.984427,81.646,173.8,1536
TCGA-3C-AALI-01Z-00-DX2.CF4496E0-AB52-4F3E-BDF5-C34833B91B7C,1,4,20438,0.450456,117.715979,117.266,174.3,1536
TCGA-3C-AALJ-01Z-00-DX1.777C0957-255A-42F0-9EEB-A3606BCF0C96,2,4,22521,0.456309,130.108606,129.652,173.7,1536
TCGA-3C-AALJ-01Z-00-DX2.62DFE56B-B84C-40F9-9625-FCB55767B70D,3,4,17930,0.402275,102.434162,102.032,175.7,1536
TCGA-3C-AALK-01Z-00-DX1.4E6EB156-BB19-410F-878F-FC0EA7BD0B53,0,4,13701,82.395398,160.759060,78.364,174.8,1536
TCGA-4H-AAAK-01Z-00-DX1.ABF1B042-1970-4E28-8671-43AAD393D2F9,1,4,9711,118.071358,166.025632,47.954,202.5,1536
TCGA-5L-AAT0-01Z-00-DX1.5E171263-30BF-4C6B-88A1-E8EA0522A861,2,4,3359,130.353452,146.677107,16.324,205.8,1536
TCGA-5L-AAT1-01Z-00-DX1.F3449A5B-2AC4-4ED7-BF44-4C8946CDB47D,3,4,3847,102.689534,121.007473,18.318,210.0,1536
TCGA-5T-A9QA-01Z-00-DX1.B4212117-E0A7-4EF2-B324-8396042ACEC1,0,4,23415,161.278920,271.831212,110.552,211.8,1536
TCGA-A1-A0SB-01Z-00-DX1.B34C267B-CAAA-4AB6-AD5C-276C26F997A1,1,4,7320,166.265607,201.501051,35.235,207.7,1536
TCGA-A1-A0SD-01Z-00-DX1.DB17BFA9-D951-42A8-91D2-F4C2EBC6EB9F,2,4,8888,146.828150,190.099305,43.271,205.4,1536
TCGA-A1-A0SE-01Z-00-DX1.04B09232-C6C4-46EF-AA2C-41D078D0A80A,3,4,18901,121.229760,210.977078,89.747,210.6,1536
TCGA-A1-A0SF-01Z-00-DX1.7F252D89-EA78-419F-A969-1B7313D77499,0,4,9719,272.115011,317.867152,45.752,212.4,1536
TCGA-A1-A0SH-01Z-00-DX1.90E71B08-E1D9-4FC2-85AC-062E56DDF17C,1,4,9373,201.677796,246.032070,44.354,211.3,1536
TCGA-A1-A0SI-01Z-00-DX1.AB717348-F964-4F29-BBE2-972B7C640432,2,4,13919,190.288833,256.803934,66.515,209.3,1536
TCGA-A1-A0SJ-01Z-00-DX1.C196FA66-C376-4016-86BC-3D8E745B3A51,3,4,7570,211.208625,246.608025,35.399,213.8,1536
TCGA-A1-A0SK-01Z-00-DX1.A44D70FA-4D96-43F4-9DD7-A61535786297,0,4,19539,318.132011,411.401404,93.269,209.5,1536
TCGA-A1-A0SM-01Z-00-DX1.AD503DBD-4D93-4476-B467-F091254FDF78,1,4,11002,246.217157,298.382358,52.165,210.9,1536
TCGA-A1-A0SN-01Z-00-DX1.5E9B85AE-AFB7-41DC-8A1B-BD6DA39B6540,2,4,8766,256.998412,298.834518,41.836,209.5,1536
TCGA-A1-A0SP-01Z-00-DX1.20D689C6-EFA5-4694-BE76-24475A89ACC0,3,4,23239,246.876643,356.220048,109.343,212.5,1536
TCGA-A1-A0SQ-01Z-00-DX1.36071264-3407-4224-BCBB-2ED00294569A,0,4,24416,411.771860,528.033504,116.262,210.0,1536
TCGA-A2-A04N-01Z-00-DX1.9E9B7DB0-1CF1-4631-8292-A9DBCA0BD37C,1,4,10214,298.610757,348.347990,49.737,205.4,1536
TCGA-A2-A04P-01Z-00-DX1.5B481E02-D269-4732-8FDD-6494E6EE2B71,2,4,12227,299.033710,357.991894,58.958,207.4,1536
TCGA-A2-A04Q-01Z-00-DX1.DF7ED6B6-7701-486D-9007-F26B6F0682C4,3,4,3486,356.440166,373.084007,16.644,209.4,1536
TCGA-A2-A04R-01Z-00-DX1.BE3661A3-A2A0-4248-B7D5-D8986E529B6C,0,4,10870,528.337732,580.362319,52.025,208.9,1536
TCGA-A2-A04T-01Z-00-DX1.71444266-BD56-4183-9603-C7AC20C9DA1E,1,4,11314,348.539405,403.637803,55.098,205.3,1536
TCGA-A2-A04U-01Z-00-DX1.06D17357-46A8-4DC3-A22B-2F4EB6EE3F79,2,4,12593,358.237173,419.188585,60.951,206.6,1536
TCGA-A2-A04V-01Z-00-DX1.EB430DDB-8FE9-4302-8829-53DBAD09E79F,3,4,20775,373.325398,472.089602,98.764,210.3,1536
TCGA-A2-A04W-01Z-00-DX1.F7E7B945-2ADC-4741-8FCE-ACEA657DB9C7,0,4,20261,580.684380,678.869114,98.185,206.4,1536
TCGA-A2-A04X-01Z-00-DX1.E01A4522-67B3-4FEF-BD6B-99DFED9E7C85,1,4,11175,403.865361,459.128634,55.263,202.2,1536
TCGA-A2-A04Y-01Z-00-DX1.4DC97AD6-4806-4A3A-A998-FD36F93590A4,2,4,4752,419.355673,442.621926,23.266,204.2,1536
TCGA-A2-A0CK-01Z-00-DX1.C3226BD1-11B0-4034-946A-BAB42958CE85,3,4,3926,472.294032,490.847922,18.554,211.6,1536
TCGA-A2-A0CL-01Z-00-DX1.5342E971-DCD2-42C4-B4FF-E6942A95829E,0,4,15945,679.162884,756.857403,77.695,205.2,1536
TCGA-A2-A0CM-01Z-00-DX1.AC4901DE-4B6D-4185-BB9F-156033839828,1,4,9356,459.319083,504.461400,45.142,207.3,1536
TCGA-A2-A0CO-01Z-00-DX1.B191DADE-7DEA-4575-AED7-1C52BE15B8D5,2,4,10115,442.763749,491.646051,48.882,206.9,1536
TCGA-A2-A0CP-01Z-00-DX1.ECFD263C-BB17-4ADA-8F2C-654C2AA4C45F,3,4,6467,490.952460,521.401825,30.449,212.4,1536
TCGA-A2-A0CQ-01Z-00-DX1.4E5FB4E5-A08C-4C87-A3BE-0640A95AE649,0,4,5338,757.066972,783.137104,26.070,204.8,1536
TCGA-A2-A0CR-01Z-00-DX1.F7D36CA5-A4C6-443A-AEED-5B23CD924FA3,1,4,17894,504.739911,591.851822,87.112,205.4,1536
TCGA-A2-A0CS-01Z-00-DX1.3986B545-63E8-4727-BCC1-701DE947D1FB,2,4,13227,491.846340,555.435855,63.590,208.0,1536
TCGA-A2-A0CT-01Z-00-DX1.A8564130-49CF-4F5B-B5AB-F4D1A10479FF,3,4,13841,521.576720,587.362533,65.786,210.4,1536
TCGA-A2-A0CU-01Z-00-DX1.5B77D21C-A497-478B-9752-3730322AD9ED,0,4,24320,783.433814,901.033473,117.600,206.8,1536
TCGA-A2-A0CV-01Z-00-DX1.B02D017A-61CD-45FE-BB31-705CD127DDAB,1,4,22363,592.208701,704.268397,112.060,199.6,1536
TCGA-A2-A0CW-01Z-00-DX1.8E313A22-B0E8-44CF-ADEA-8BF29BA23FFE,2,4,9660,555.641183,602.768569,47.127,205.0,1536
TCGA-A2-A0CX-01Z-00-DX1.F07C75AB-E568-45CB-B497-37C712490393,3,4,5505,587.536912,613.913461,26.377,208.7,1536
TCGA-A2-A0CY-01Z-00-DX1.8815F011-317B-4BB7-A48F-64EABD0E558B,0,4,22051,901.454608,1006.149627,104.695,210.6,1536
TCGA-A2-A0CZ-01Z-00-DX1.A433A414-4F1B-4F99-8FD9-E64803F5E042,1,4,20174,704.656002,803.946605,99.291,203.2,1536
TCGA-A2-A0D0-01Z-00-DX1.4FF6B8E5-703B-400F-920A-104F56E0F874,2,4,14030,603.001336,671.531794,68.530,204.7,1536
TCGA-A2-A0D3-01Z-00-DX1.D18CE1C0-291D-41C1-8F71-2A0551F8C661,3,4,7641,614.034032,651.266628,37.233,205.2,1536
TCGA-A2-A0D4-01Z-00-DX1.35E43827-DABC-4685-A62A-333672923349,0,4,10451,1006.469339,1061.351204,54.882,190.4,1536
TCGA-A2-A0EM-01Z-00-DX1.305CF011-7451-4880-9A5D-AB4432CF53A5,1,4,5522,804.190969,830.836692,26.646,207.2,1536
TCGA-A2-A0EN-01Z-00-DX1.F43A5D17-9267-4963-993A-93AC91BDC031,2,4,9945,671.753656,721.347939,49.594,200.5,1536
TCGA-A2-A0EO-01Z-00-DX1.D7A09E23-2CAB-4B3B-814C-BF0BA75B7589,3,4,11520,651.466843,708.869107,57.402,200.7,1536
TCGA-A2-A0EP-01Z-00-DX1.1180C406-5C18-4373-8621-1B7B70875113,0,4,4069,1061.522323,1081.295565,19.773,205.8,1536
TCGA-A2-A0EQ-01Z-00-DX1.5FCD8890-4594-4BE2-93B1-B8F698BFD2A0,1,4,13187,831.027139,895.595860,64.569,204.2,1536
TCGA-A2-A0ER-01Z-00-DX1.18123C1B-A0CC-4957-9373-5FFAB985C2E8,2,4,7989,721.526482,760.283139,38.757,206.1,1536
TCGA-A2-A0ES-01Z-00-DX1.5652EE30-48C1-4EC1-AD77-8C72DFCB9A97,3,4,25506,709.189953,830.033851,120.844,211.1,1536
TCGA-A2-A0ET-01Z-00-DX1.41E86BB9-EA52-4615-94E7-0F09DDB094F4,0,4,12773,1081.475800,1143.528521,62.053,205.8,1536
TCGA-A2-A0EU-01Z-00-DX1.13335BEB-63D4-469B-A389-8A079A096129,1,4,4708,895.760344,921.647647,25.887,181.9,1536
TCGA-A2-A0EV-01Z-00-DX1.EA8C5594-BA4F-47A8-949B-D536E00E62C9,2,4,19226,760.573248,854.153134,93.580,205.5,1536
TCGA-A2-A0EW-01Z-00-DX1.F24495CB-63D8-483F-9834-F761E3F16BF0,3,4,7883,830.324329,867.723174,37.399,210.8,1536
TCGA-A2-A0EX-01Z-00-DX1.F4C293E9-9BB2-48A1-8080-5F3082E219C5,0,4,10437,1143.732385,1194.242016,50.510,206.6,1536
TCGA-A2-A0EY-01Z-00-DX1.2F2428B3-0767-48E0-AC22-443C244CBD16,1,4,26624,921.970145,1055.965229,133.995,198.7,1536
TCGA-A2-A0ST-01Z-00-DX1.AE05A5DB-4861-40DE-B0F5-7955FC903A96,2,4,6627,854.385431,886.783193,32.398,204.6,1536
TCGA-A2-A0SU-01Z-00-DX1.22420EE2-4FEB-42F3-9547-4739F0F73D50,3,4,19296,867.984333,962.259290,94.275,204.7,1536
TCGA-A2-A0SV-01Z-00-DX1.F5645E47-3540-4753-AF5D-F5709BD8DFC1,0,4,18592,1194.522265,1283.870575,89.348,208.1,1536
TCGA-A2-A0SW-01Z-00-DX1.E1EA0407-B831-4D75-826E-80B82B821797,1,4,11161,1056.308601,1111.798507,55.490,201.1,1536
TCGA-A2-A0SX-01Z-00-DX1.219A994C-8974-4458-98FA-FB1F14868E04,2,4,10880,886.972724,942.769700,55.797,195.0,1536
TCGA-A2-A0SY-01Z-00-DX1.279A5479-E183-4F79-AF40-50BF1834BA4A,3,4,23928,962.674258,1082.956318,120.282,198.9,1536
TCGA-A2-A0T0-01Z-00-DX1.51F904DA-A4B5-4451-8AEF-58E7EF7651DB,0,4,13375,1284.172974,1347.785231,63.612,210.3,1536
TCGA-A2-A0T1-01Z-00-DX1.CD1E9C46-18A3-466B-AA0B-24F3055FA851,1,4,8918,1112.015451,1156.393228,44.378,201.0,1536
TCGA-A2-A0T2-01Z-00-DX1.29A5C4C8-6AE8-44EE-98C2-ACBCBFBE9D60,2,4,21236,943.099993,1050.886854,107.787,197.0,1536
TCGA-A2-A0T3-01Z-00-DX1.5E96BC87-F4FB-4ABA-8D81-FAB7F4A80661,3,4,10843,1083.262364,1135.366425,52.104,208.1,1536
TCGA-A2-A0T4-01Z-00-DX1.AC61ED08-2E42-4D4A-BB81-746D3FEBB653,0,4,6689,1347.977956,1382.267307,34.289,195.1,1536
TCGA-A2-A0T5-01Z-00-DX1.128C288B-B357-439B-A8D4-8E7DEBF73E4E,1,4,18593,1156.662133,1248.478463,91.816,202.5,1536
TCGA-A2-A0T6-01Z-00-DX1.207A3883-5B41-40EB-95A1-D64C9610650B,2,4,18430,1051.245411,1141.686727,90.441,203.8,1536
TCGA-A2-A0T7-01Z-00-DX1.EA4DF9B5-8D04-4BCC-9ECB-CB8CB8ACBE1C,3,4,12339,1135.598901,1194.944572,59.346,207.9,1536
TCGA-A2-A0YC-01Z-00-DX1.F01F2268-17D8-45FD-8917-FD89454D0709,0,4,13332,1382.477248,1445.364366,62.887,212.0,1536
TCGA-A2-A0YD-01Z-00-DX1.B81FF541-F154-4C49-950B-B6CB723369E2,1,4,19832,1248.840920,1345.924335,97.083,204.3,1536
TCGA-A2-A0YE-01Z-00-DX1.8A2E3094-5755-42BC-969D-7F0A2ECA0F39,2,4,15156,1142.010739,1216.447261,74.437,203.6,1536
TCGA-A2-A0YF-01Z-00-DX1.6166E995-0669-43D6-B9C7-FE39BCE529CF,3,4,15829,1195.203221,1270.908015,75.705,209.1,1536
TCGA-A2-A0YG-01Z-00-DX1.89A39319-F880-47DE-B311-DA1F6A64B6F3,0,4,8345,1445.565821,1487.840645,42.275,197.4,1536
TCGA-A2-A0YH-01Z-00-DX1.FBA5E711-8275-45B3-BC20-5A786EE23548,1,4,6755,1346.143998,1381.706146,35.562,189.9,1536
TCGA-A2-A0YI-01Z-00-DX1.1CF2EC2D-C722-467F-8832-409B823E8D8F,2,4,11922,1216.700389,1274.670946,57.971,205.7,1536
TCGA-A2-A0YJ-01Z-00-DX1.8135C74E-DAA8-4C8E-AF14-A4B5B57695BE,3,4,11737,1271.157543,1326.811693,55.654,210.9,1536
TCGA-A2-A0YK-01Z-00-DX1.FB23FC30-B3B2-452A-A6B0-94129B333207,0,4,11416,1488.036328,1542.727911,54.692,208.7,1536
TCGA-A2-A0YL-01Z-00-DX1.69A438C7-B1E0-4990-B1E6-586C551DC79C,1,4,12641,1381.887802,1442.194244,60.306,209.6,1536
TCGA-A2-A0YM-01Z-00-DX1.A48B4C96-2CC5-464C-98B7-F0F92AE56533,2,4,9765,1274.875214,1322.144628,47.269,206.6,1536
TCGA-A2-A0YT-01Z-00-DX1.63CA3E36-B3E4-4D3F-9F80-2703970DBE5B,3,4,17669,1327.099527,1413.357424,86.258,204.8,1536
TCGA-A2-A1FV-01Z-00-DX1.F70ACD9A-7819-4296-BD28-4D24BBA8AFF4,0,4,19432,1543.018477,1637.681955,94.663,205.3,1536
TCGA-A2-A1FW-01Z-00-DX1.DC2BC5D7-E57B-444E-833F-9A1B6E11DE6D,1,4,9462,1442.403291,1491.321237,48.918,193.4,1536
TCGA-A2-A1FX-01Z-00-DX1.35B93F3A-9959-4D72-A702-08B27563D24F,2,4,6749,1322.308700,1355.066311,32.758,206.0,1536
TCGA-A2-A1FZ-01Z-00-DX1.0BAAEF41-DCA4-4677-9A27-09E990033FA6,3,4,10009,1413.605163,1460.887693,47.283,211.7,1536
TCGA-A2-A1G0-01Z-00-DX1.9ECB0B8A-EF4E-45A9-82AC-EF36375DEF65,0,4,11406,1637.953090,1692.510392,54.557,209.1,1536
TCGA-A2-A1G1-01Z-00-DX1.E52A474F-DE13-41CF-94D4-D00BAC46ECF4,1,4,4797,1491.474529,1515.330048,23.856,201.1,1536
TCGA-A2-A1G4-01Z-00-DX1.0274DF5B-5920-419A-B778-2F04D9C602F2,2,4,15198,1355.272891,1430.590584,75.318,201.8,1536
TCGA-A2-A1G6-01Z-00-DX1.BCC3EC46-CEBF-4B37-BCF0-266D18170B54,3,4,14210,1461.124867,1531.695507,70.571,201.4,1536
TCGA-A2-A259-01Z-00-DX1.7289CD72-CB74-41D4-B4AC-4EA5FDFEC666,0,4,23668,1692.844877,1807.493145,114.648,206.4,1536
TCGA-A2-A25A-01Z-00-DX1.6D311E39-9F96-4775-B9DA-8D034D1AD1DC,1,4,15436,1515.540170,1592.836653,77.296,199.7,1536
TCGA-A2-A25B-01Z-00-DX1.58D7BEDE-5558-4A9E-A95E-DDF24C9267EF,2,4,17578,1430.903765,1518.362304,87.459,201.0,1536
TCGA-A2-A25C-01Z-00-DX1.F8E6044A-435E-42D5-94FF-C0F572F1ED99,3,4,16975,1531.968991,1615.322605,83.354,203.7,1536
TCGA-A2-A25D-01Z-00-DX1.41DADDB8-3E3F-4F8F-8BE7-C43F8FBCFD2B,0,4,17425,1807.906536,1891.112343,83.206,209.4,1536
TCGA-A2-A25E-01Z-00-DX1.46D1950B-0BAF-4A44-B58F-CD738E74CB27,1,4,13071,1593.116603,1655.976365,62.860,207.9,1536
TCGA-A2-A25F-01Z-00-DX1.87499CD4-E41C-46B1-AAF3-5CE881F2B8BC,2,4,13336,1518.663220,1586.393267,67.730,196.9,1536
TCGA-A2-A3KC-01Z-00-DX1.2532878B-49E2-48D5-82D5-00730C90EEF8,3,4,12293,1615.593806,1673.571952,57.978,212.0,1536
TCGA-A2-A3KD-01Z-00-DX1.E400D529-A0D1-4C78-AD5C-33EB0508B128,0,4,10726,1891.373664,1942.551789,51.178,209.6,1536
TCGA-A2-A3XS-01Z-00-DX1.867925C0-91D8-40A0-9FEA-25A635AC31E7,1,4,5970,1656.154922,1685.610486,29.456,202.7,1536
TCGA-A2-A3XT-01Z-00-DX1.336D6C78-576A-481B-8C83-F3A0FC4B182C,2,4,14305,1586.663250,1655.600427,68.937,207.5,1536
TCGA-A2-A3XU-01Z-00-DX1.174A92D4-50B2-4A59-AD31-D5EC5BBF2F65,3,4,14111,1673.830368,1740.884355,67.054,210.4,1536
TCGA-A2-A3XV-01Z-00-DX1.4B58B7CD-B3F6-4C31-863F-924D291EF17C,0,4,10854,1942.757562,1998.798396,56.041,193.7,1536
TCGA-A2-A3XW-01Z-00-DX1.45F5F36F-5503-4A38-AF37-E526915A8DBE,1,4,11634,1685.774132,1741.711451,55.937,208.0,1536
TCGA-A2-A3XX-01Z-00-DX1.03C6D70F-2833-4E97-91B7-DE70CD083D92,2,4,10314,1655.820443,1706.014698,50.194,205.5,1536
TCGA-A2-A3XY-01Z-00-DX1.E57FC9BF-411E-4028-AC10-8BCA5D0C8472,3,4,11153,1741.127535,1796.880155,55.753,200.0,1536
TCGA-A2-A3XZ-01Z-00-DX1.B7A1344E-7015-4A21-B3D4-EB760161BE7C,0,4,13705,1999.031767,2063.596573,64.565,212.3,1536
TCGA-A2-A3Y0-01Z-00-DX1.A1EDDF82-FFAA-44A4-A749-7FB6F8133CC0,1,4,13045,1741.958502,1807.298518,65.340,199.6,1536
TCGA-A2-A4RW-01Z-00-DX1.4AF8656E-2478-4895-8C59-B0C969F3E474,2,4,23561,1706.350908,1822.569396,116.218,202.7,1536
TCGA-A2-A4RX-01Z-00-DX1.E2C96C9D-5023-4F41-8CC8-24C6E015B252,3,4,9377,1797.078438,1841.309678,44.231,212.0,1536
TCGA-A2-A4RY-01Z-00-DX1.143E32FC-E10F-4590-9C72-32094B24EF8C,0,4,14497,2063.860797,2137.951223,74.090,195.7,1536
TCGA-A2-A4S0-01Z-00-DX1.5878187D-325F-4274-BE41-86BB2BA5F841,1,4,13539,1807.570011,1873.370678,65.801,205.8,1536
TCGA-A2-A4S1-01Z-00-DX1.C69B14F6-5021-4FD8-8F2D-70227A5DA2B1,2,4,6145,1822.824663,1852.661222,29.837,206.0,1536
TCGA-A2-A4S2-01Z-00-DX1.D779B63B-8817-43F1-A8F4-236C82DB78F8,3,4,12882,1841.531689,1903.016048,61.484,209.5,1536
TCGA-A2-A4S3-01Z-00-DX1.50699E65-E536-4C9B-93A7-4C9894624A29,0,4,16128,2138.251692,2218.553096,80.301,200.8,1536
TCGA-A7-A0CD-01Z-00-DX1.F045B9C8-049C-41BF-8432-EF89F236D34D,1,4,2068,1873.517812,1883.742450,10.225,202.3,1536
TCGA-A7-A0CE-01Z-00-DX1.E67322FB-ED25-4B85-B3B0-2B8BD277BB4A,2,4,11959,1852.862440,1911.195340,58.333,205.0,1536
TCGA-A7-A0CE-01Z-00-DX2.5AD1DB65-10E7-4996-AB5E-13D7851EC5FA,3,4,7616,1903.204259,1939.626713,36.422,209.1,1536
TCGA-A7-A0CG-01Z-00-DX1.D77019C2-96B1-4EF5-A61E-5F2D5B8D9852,0,4,7009,2218.778228,2255.173299,36.395,192.6,1536
TCGA-A7-A0CG-01Z-00-DX2.81138E90-373A-4C12-B9CA-6EEF5F84A5B5,1,4,6098,1883.835123,1913.729106,29.894,204.0,1536
TCGA-A7-A0CH-01Z-00-DX1.48ADDD0B-527A-404C-B794-7D7D35BF861F,2,4,4738,1911.354553,1934.484938,23.130,204.8,1536
TCGA-A7-A0CH-01Z-00-DX2.81DDF423-FCA8-46CA-83A4-2E80B611844D,3,4,2751,1939.735634,1953.114106,13.378,205.6,1536
TCGA-A7-A0CJ-01Z-00-DX1.E26F2F62-D688-4373-BB7B-790A06734E49,0,4,2509,2255.274593,2267.604958,12.330,203.5,1536
TCGA-A7-A0CJ-01Z-00-DX2.4B591117-5FC9-4B43-8A45-444CCCABC666,1,4,2524,1913.799889,1926.297528,12.498,202.0,1536
TCGA-A7-A0D9-01Z-00-DX1.FBC3B90F-C58B-4476-8354-0AF9248324E3,2,4,2266,1934.558766,1945.782099,11.223,201.9,1536
TCGA-A7-A0D9-01Z-00-DX2.66CD9ED8-223B-4AC8-AA1A-2481FB0C47B3,3,4,1572,1953.167824,1960.820622,7.653,205.4,1536
TCGA-A7-A0DA-01Z-00-DX1.5F087009-16E9-4A07-BA24-62340E108B17,0,4,8746,2267.715617,2314.674747,46.959,186.2,1536
TCGA-A7-A0DA-01Z-00-DX2.90C93176-C3C6-41B3-B34B-B16F1A1779E6,1,4,3551,1926.365440,1943.987726,17.622,201.5,1536
TCGA-A7-A0DB-01Z-00-DX1.9CE855BC-0C37-43FB-8806-6625E176BE2E,2,4,4954,1945.860754,1970.141554,24.281,204.0,1536
TCGA-A7-A0DB-01Z-00-DX2.6C6A5F9C-294F-4A86-A0F1-B68D4729B535,3,4,3507,1960.883077,1980.964491,20.081,174.6,1536
TCGA-A7-A0DC-01Z-00-DX1.C770781E-83E4-47DD-B658-25BBBBB32066,0,4,1559,2314.775828,2322.338863,7.563,206.1,1536
TCGA-A7-A0DC-01Z-00-DX2.795FD529-D7C2-407D-9E8A-5DCE1EF49029,1,4,3298,1944.060423,1960.650143,16.590,198.8,1536
TCGA-A7-A13D-01Z-00-DX1.D206783C-FA6A-4B6A-B3AA-4132A2C9626B,2,4,4811,1970.238705,1997.216539,26.978,178.3,1536
TCGA-A7-A13D-01Z-00-DX2.8165A362-6A08-4BFD-9428-7EEB6C59D7F1,3,4,8619,1981.074669,2021.748036,40.673,211.9,1536
TCGA-A7-A13E-01Z-00-DX1.891954FF-316A-4562-AA14-429631944F22,0,4,3415,2322.400174,2338.883284,16.483,207.2,1536
TCGA-A7-A13E-01Z-00-DX2.1E1262AE-A32D-4814-94A5-D951CA8BA35D,1,4,3331,1960.723051,1980.162351,19.439,171.4,1536
TCGA-A7-A13F-01Z-00-DX1.AB4ADDD3-8E1C-4AB9-813E-D137A2CFB950,2,4,6253,1997.336738,2027.511640,30.175,207.2,1536
TCGA-A7-A13F-01Z-00-DX2.8CC23BAD-B3CC-4BBC-832A-A3879D6EF62D,3,4,4293,2021.873665,2042.129513,20.256,211.9,1536
TCGA-A7-A13G-01Z-00-DX1.C258C545-8C1F-41D4-846F-962A746CBDFB,0,4,1060,2338.929406,2344.081363,5.152,205.7,1536
TCGA-A7-A13G-01Z-00-DX2.72EF429E-75A7-4D1B-AFFC-8767CB213CDA,1,4,1477,1980.203262,1987.534252,7.331,201.5,1536
TCGA-A7-A13H-01Z-00-DX1.FCB33A3C-6209-474C-83C1-02551F242937,2,4,3300,2027.606122,2043.597007,15.991,206.4,1536
TCGA-A7-A13H-01Z-00-DX2.6C937651-4D3E-475D-99F6-4A9FD25CD48B,3,4,4609,2042.219064,2063.949058,21.730,212.1,1536
TCGA-A7-A26E-01Z-00-DX1.BA4A7E28-0563-4C23-82D0-AB34A2E79AE3,0,4,5596,2344.157874,2374.870360,30.712,182.2,1536
TCGA-A7-A26F-01Z-00-DX1.7ADE881D-325D-48ED-BA2D-30F589CA8EF2,1,4,3010,1987.588692,2002.252746,14.664,205.3,1536
TCGA-A7-A26G-01Z-00-DX1.29A27673-A16D-4044-BCCF-14BF6236D7D3,2,4,5093,2043.693652,2068.409381,24.716,206.1,1536
TCGA-A7-A26H-01Z-00-DX1.3344CFD3-5A19-4B01-BEB2-AB89F83FD53A,3,4,4304,2064.040154,2084.574744,20.535,209.6,1536
TCGA-A7-A26I-01Z-00-DX1.0077D012-BC14-4E96-84F7-A1A6A3A778DF,0,4,1703,2374.941501,2383.293816,8.352,203.9,1536
TCGA-A7-A26J-01Z-00-DX1.86A92FBD-F346-4206-A1BE-0CBA1596135F,1,4,1901,2002.308391,2011.545480,9.237,205.8,1536
TCGA-A7-A2KD-01Z-00-DX1.BFF2DFC8-1D95-4DC2-98FC-5BD7D7C6CDF5,2,4,10370,2068.564202,2124.546159,55.982,185.2,1536
TCGA-A7-A3IY-01Z-00-DX1.B4E75265-3B2A-456C-996A-F95B5A645BF8,3,4,2065,2084.629361,2094.472157,9.843,209.8,1536
TCGA-A7-A3IZ-01Z-00-DX1.7437130B-DF49-40C8-ABCD-FF9364B9B1B0,0,4,2285,2383.335694,2394.481285,11.146,205.0,1536
TCGA-A7-A3J0-01Z-00-DX1.59DB32BC-F59C-43B3-8DDD-4A728EBA8AB8,1,4,1717,2011.590779,2019.929708,8.339,205.9,1536
TCGA-A7-A3J1-01Z-00-DX1.92895B92-5F95-4EA3-9237-4CAF63CDE3FF,2,4,4279,2124.692868,2145.356148,20.663,207.1,1536
TCGA-A7-A3RF-01Z-00-DX1.E60647BC-229D-4409-A564-EE0945F912EE,3,4,4295,2094.543863,2119.629095,25.085,171.2,1536
TCGA-A7-A425-01Z-00-DX1.812A94B1-0403-4298-A6C5-F71AFD3A9995,0,4,4489,2394.568157,2418.334209,23.766,188.9,1536
TCGA-A7-A426-01Z-00-DX1.3058E873-9442-4872-80DA-E8A5B35054D2,1,4,6044,2020.016703,2048.943076,28.926,208.9,1536
TCGA-A7-A4SA-01Z-00-DX1.B48FFD3E-9B45-4CEA-ACEE-5B08058CCF5F,2,4,2579,2145.424647,2157.950479,12.526,205.9,1536
TCGA-A7-A4SB-01Z-00-DX1.E8925605-5189-441E-A719-92CFC1118B0B,3,4,2177,2119.695901,2130.209196,10.513,207.1,1536
TCGA-A7-A4SC-01Z-00-DX1.171E89D2-2D64-4C3F-A42C-B1167654858B,0,4,4122,2418.426724,2438.313666,19.887,207.3,1536
TCGA-A7-A4SD-01Z-00-DX1.677152B3-17B2-42DB-AEEC-C9509ACCE831,1,4,3996,2049.048243,2068.192147,19.144,208.7,1536
TCGA-A7-A4SE-01Z-00-DX1.16BC8401-E40E-4A1A-9BD9-12735C9AE3F6,2,4,4104,2158.025110,2178.016772,19.992,205.3,1536
TCGA-A7-A4SF-01Z-00-DX1.CDCFD4BC-4363-4CF2-95F5-4922E04C3B9D,3,4,1373,2130.244659,2136.886167,6.642,206.7,1536
TCGA-A7-A56D-01Z-00-DX1.87D9CCF4-04EE-46D2-B7FC-A83561D7752C,0,4,4184,2438.396154,2461.310374,22.914,182.6,1536
TCGA-A7-A5ZV-01Z-00-DX1.21F2EA4A-4F31-43D6-A036-E20E326AF37E,1,4,5481,2068.285728,2095.087997,26.802,204.5,1536
TCGA-A7-A5ZW-01Z-00-DX1.5F571EE3-A1A3-4604-BE89-1A46E0EC508B,2,4,1724,2178.074667,2186.428643,8.354,206.4,1536
TCGA-A7-A5ZX-01Z-00-DX1.A4C651F0-DB8E-4534-84A2-AD875F62209F,3,4,2714,2136.938951,2150.015721,13.077,207.5,1536
TCGA-A7-A5ZX-01Z-00-DX2.02F586FE-4775-480B-8035-D6AD3386F45D,0,4,492,2461.353704,2463.987042,2.633,186.8,1536
TCGA-A7-A6VV-01Z-00-DX1.07AE0E16-A883-4C86-BC74-4E13081175F2,1,4,4816,2095.184382,2123.947274,28.763,167.4,1536
TCGA-A7-A6VV-01Z-00-DX2.4C2BF8C1-CC84-4A6E-BC0F-430BC8BE6B26,2,4,2058,2186.480788,2199.189506,12.709,161.9,1536
TCGA-A7-A6VW-01Z-00-DX1.1BC4790C-DB45-4A3D-9C97-92C92C03FF60,3,4,4880,2150.089086,2173.215831,23.127,211.0,1536
TCGA-A7-A6VX-01Z-00-DX1.F74DA243-C65A-4997-BCA0-F1C89675978C,0,4,3881,2464.043129,2482.800433,18.757,206.9,1536
TCGA-A7-A6VY-01Z-00-DX1.38D4EBD7-40B0-4EE3-960A-1F00E8F83ADB,1,4,1250,2124.004937,2130.177113,6.172,202.5,1536
TCGA-A8-A06N-01Z-00-DX1.E25E65F8-DFE0-47CF-9FAB-B82EE8E321F7,2,4,3413,2199.258174,2216.181681,16.924,201.7,1536
TCGA-A8-A06O-01Z-00-DX1.FA4495B2-5B13-4448-ADCB-EF5316E0955B,3,4,2092,2173.281850,2183.443048,10.161,205.9,1536
TCGA-A8-A06P-01Z-00-DX1.37660D0F-1595-43C5-9D30-58D6CB93B52C,0,4,2773,2482.877935,2496.471071,13.593,204.0,1536
TCGA-A8-A06Q-01Z-00-DX1.622AC6E4-DB1A-4C8D-8185-52D4FD1F30B4,1,4,2089,2130.223072,2140.653729,10.431,200.3,1536
TCGA-A8-A06R-01Z-00-DX1.41476D0D-BA72-4FB8-B143-9EB679F26D28,2,4,2511,2216.244106,2228.781929,12.538,200.3,1536
TCGA-A8-A06T-01Z-00-DX1.BA8B8FC3-6169-48C1-BE1F-37F140CB4D3B,3,4,2199,2183.495035,2197.343410,13.848,158.8,1536
TCGA-A8-A06U-01Z-00-DX1.56070AB9-A73E-44B8-8051-D93E8F881BBE,0,4,1343,2496.527411,2503.018856,6.491,206.9,1536
TCGA-A8-A06X-01Z-00-DX1.21F19EDD-ABCB-4398-B210-D795BB7A34E3,1,4,3447,2140.735826,2157.635324,16.899,204.0,1536
TCGA-A8-A06Y-01Z-00-DX1.3BC58446-524E-43F3-AAE6-FBC4AA543E66,2,4,1855,2228.832728,2240.061734,11.229,165.2,1536
TCGA-A8-A06Z-01Z-00-DX1.2BC8B71D-E01B-4CC1-B5E7-09BB54A5E1F8,3,4,3573,2197.422838,2214.695827,17.273,206.9,1536
TCGA-A8-A075-01Z-00-DX1.8E06AF51-951F-48E8-934E-42A455F65E5F,0,4,2816,2503.077579,2516.599904,13.522,208.2,1536
TCGA-A8-A076-01Z-00-DX1.BAAC4F9C-0C04-42FB-95F4-D765305089B8,1,4,4311,2157.725447,2178.803903,21.078,204.5,1536
TCGA-A8-A079-01Z-00-DX1.DC32BC20-A3BC-43B3-B69F-1E71E289EA34,2,4,9208,2240.208187,2285.816315,45.608,201.9,1536
TCGA-A8-A07B-01Z-00-DX1.950B5E4E-C5F0-4445-9F88-E8C32CDFE6DA,3,4,2205,2214.753820,2225.543913,10.790,204.4,1536
TCGA-A8-A07C-01Z-00-DX1.1F069BCA-D2B3-49CF-81FD-9EBA49A3439F,0,4,2118,2516.661826,2526.901582,10.240,206.8,1536
TCGA-A8-A07E-01Z-00-DX1.AC684481-979A-46F9-91D7-C56CE85992F2,1,4,3913,2178.909913,2202.085930,23.176,168.8,1536
TCGA-A8-A07F-01Z-00-DX1.E6FE5B3A-A412-4E7B-A710-7DFD3596F4E3,2,4,2799,2285.943095,2304.791862,18.849,148.5,1536
TCGA-A8-A07G-01Z-00-DX1.37E8A762-8141-4BE6-935A-B3DCB712BB4A,3,4,2220,2225.597972,2236.385436,10.787,205.8,1536
TCGA-A8-A07I-01Z-00-DX1.37E7BB2E-8210-4216-B75F-0FD06D6C9AE3,0,4,4498,2526.995407,2548.780257,21.785,206.5,1536
TCGA-A8-A07J-01Z-00-DX1.FE16248C-D890-4750-A9FC-5F72BE8D8B85,1,4,2381,2202.150813,2214.061768,11.911,199.9,1536
TCGA-A8-A07L-01Z-00-DX1.D9E1051F-724E-4E88-940A-C97005DC5BEB,2,4,1988,2304.851935,2314.732677,9.881,201.2,1536
TCGA-A8-A07O-01Z-00-DX1.3D657129-F2A7-4BC1-A910-805FBDCE2212,3,4,2350,2236.437815,2251.190741,14.753,159.3,1536
TCGA-A8-A07P-01Z-00-DX1.2C7C75EF-EEE2-4A42-994C-A1A40850C87A,0,4,1625,2548.839231,2556.843170,8.004,203.0,1536
TCGA-A8-A07R-01Z-00-DX1.D716752E-86AF-468B-A905-A7894B978F22,1,4,2471,2214.119976,2226.382587,12.263,201.5,1536
TCGA-A8-A07S-01Z-00-DX1.34AFF327-E7FD-49E1-B918-0C09129581FB,2,4,1671,2314.787316,2323.169052,8.382,199.4,1536
TCGA-A8-A07U-01Z-00-DX1.69D356C3-C7FC-47E9-B753-BE421263343F,3,4,4399,2251.281730,2272.938846,21.657,203.1,1536
TCGA-A8-A07W-01Z-00-DX1.5970CF33-D675-4AF4-800F-7182AA1A44A6,0,4,3841,2556.919809,2578.994422,22.075,174.0,1536
TCGA-A8-A07Z-01Z-00-DX1.713945D9-6855-456D-87FB-EF8AF8980F51,1,4,2468,2226.440397,2241.878868,15.438,159.9,1536
TCGA-A8-A081-01Z-00-DX1.06D727F7-4B41-419B-A251-3D804235ACE5,2,4,1322,2323.204286,2329.751081,6.547,201.9,1536
TCGA-A8-A082-01Z-00-DX1.5F82E38D-0DFD-4C2C-BC05-8F0EFEFC507C,3,4,2435,2273.017162,2284.971149,11.954,203.7,1536
TCGA-A8-A083-01Z-00-DX1.AD121BA9-B5FA-4A03-869B-8FE2C5014CE0,0,4,3517,2579.090346,2596.570654,17.480,201.2,1536
TCGA-A8-A084-01Z-00-DX1.2B52D1B8-5AD4-4BD6-ADF7-9D65B8EE2621,1,4,3734,2241.957647,2260.689146,18.731,199.3,1536
TCGA-A8-A085-01Z-00-DX1.0DA29016-AEA4-4E5F-B679-83095A79F5B3,2,4,3235,2329.818500,2345.920784,16.102,200.9,1536
TCGA-A8-A086-01Z-00-DX1.E5FD8C53-2068-4018-B3C0-08EED253ACD2,3,4,4761,2285.071823,2312.952148,27.880,170.8,1536
TCGA-A8-A08A-01Z-00-DX1.3BB777A0-8652-4483-8DD6-8EB88AB0A8EF,0,4,2475,2596.647567,2608.812264,12.165,203.5,1536
TCGA-A8-A08B-01Z-00-DX1.416316FD-E8BF-402C-939A-08920F08A181,1,4,1934,2260.749275,2270.657038,9.908,195.2,1536
TCGA-A8-A08C-01Z-00-DX1.0602211C-1098-4711-AA41-8F56B11DB36F,2,4,2718,2346.003577,2363.414820,17.411,156.1,1536
TCGA-A8-A08F-01Z-00-DX1.9D2222F6-1425-46FD-BC94-728EF835FAC2,3,4,2624,2313.025026,2325.747231,12.722,206.3,1536
TCGA-A8-A08G-01Z-00-DX1.C3BB7FEC-91B7-4B45-8DFC-36CABCC0FD57,0,4,2958,2608.877089,2623.180393,14.303,206.8,1536
TCGA-A8-A08H-01Z-00-DX1.6AA6A530-3BD3-4582-9D6B-8AE3B4A73948,1,4,2718,2270.721879,2284.506383,13.785,197.2,1536
TCGA-A8-A08I-01Z-00-DX1.96A0065E-5430-40F6-835E-1A7238A79DDA,2,4,2415,2363.479320,2375.684379,12.205,197.9,1536
TCGA-A8-A08J-01Z-00-DX1.4607286A-033B-4C44-8306-50DB9C596166,3,4,3310,2325.835701,2342.060990,16.225,204.0,1536
TCGA-A8-A08L-01Z-00-DX1.0FC652B1-336D-4198-93FE-58D2214866D3,0,4,4513,2623.272728,2644.951508,21.679,208.2,1536
TCGA-A8-A08O-01Z-00-DX1.BC87C01D-F081-41CA-939A-875C61588E88,1,4,1388,2284.550445,2291.693394,7.143,194.3,1536
TCGA-A8-A08P-01Z-00-DX1.431A1290-9CF4-4CE7-A9F0-13F9ADA46ADA,2,4,6167,2375.802407,2408.370257,32.568,189.4,1536
TCGA-A8-A08R-01Z-00-DX1.72FBD9A3-5EB9-4855-89EB-697883C2EA9B,3,4,942,2342.106865,2346.816821,4.710,200.0,1536
TCGA-A8-A08S-01Z-00-DX1.C0E044C2-FC3F-4E3D-A779-A725FF375F21,0,4,2112,2645.025612,2655.230346,10.205,207.0,1536
TCGA-A8-A08T-01Z-00-DX1.ABA1ABF2-DDB1-4E31-89DC-0F7821311D11,1,4,3276,2291.752514,2312.192646,20.440,160.3,1536
TCGA-A8-A08X-01Z-00-DX1.01FB49CC-6B8E-4317-8C42-6B6D81187A40,2,4,2356,2408.464163,2420.075771,11.612,202.9,1536
TCGA-A8-A08Z-01Z-00-DX1.D0AADCA6-C27C-4FB8-89C1-94B5901146E7,3,4,3631,2346.885371,2367.527548,20.642,175.9,1536
TCGA-A8-A090-01Z-00-DX1.01574070-D65E-486F-B69D-0F8E3816D057,0,4,1606,2655.276432,2662.972076,7.696,208.7,1536
TCGA-A8-A091-01Z-00-DX1.1F38CADB-A093-416E-A8A8-31E61CD730BA,1,4,2146,2312.250947,2322.981762,10.731,200.0,1536
TCGA-A8-A092-01Z-00-DX1.2A55EA0C-47CD-426B-9697-F2B761730585,2,4,3600,2420.151830,2438.003024,17.851,201.7,1536
TCGA-A8-A093-01Z-00-DX1.1C8056D1-11CD-482D-9A23-3A9D1B4E63F0,3,4,1385,2367.579525,2374.497159,6.918,200.2,1536
TCGA-A8-A094-01Z-00-DX1.6750B72A-FEC7-49FA-8520-FCF101CA59AC,0,4,3762,2663.047587,2681.346853,18.299,205.6,1536
TCGA-A8-A095-01Z-00-DX1.97072E53-7323-4836-9D58-22B7C346A7CE,1,4,1454,2323.023398,2330.287168,7.264,200.2,1536
TCGA-A8-A096-01Z-00-DX1.FCECFB0D-4E02-4C69-A0FE-7D6C7F9FEB07,2,4,1317,2438.057641,2444.577857,6.520,202.0,1536
TCGA-A8-A097-01Z-00-DX1.4D06990E-E759-40F0-9106-59408CF350E5,3,4,3029,2374.556922,2389.341320,14.784,204.9,1536
TCGA-A8-A099-01Z-00-DX1.B19C28B5-FEBC-49B4-A60E-E6B85BB00DD7,0,4,3307,2681.426329,2697.590581,16.164,204.6,1536
TCGA-A8-A09A-01Z-00-DX1.78773A6C-BA8A-46BE-AC2A-9C6FDAB45622,1,4,2925,2330.342503,2344.890920,14.548,201.1,1536
TCGA-A8-A09B-01Z-00-DX1.97CCDA89-AB73-4F05-A900-668160227B78,2,4,2865,2444.637101,2461.248211,16.611,172.5,1536
TCGA-A8-A09C-01Z-00-DX1.19E0C0E9-0ED6-4E3A-95FE-A5778F5DDBCD,3,4,1828,2389.402125,2398.252347,8.850,206.5,1536
TCGA-A8-A09D-01Z-00-DX1.66312A8A-88BA-4B58-96DF-1A7AC39F9E4A,0,4,3302,2697.669459,2713.692576,16.023,206.1,1536
TCGA-A8-A09E-01Z-00-DX1.239A8E03-49EA-4C29-AF86-FC1BD8A9DB20,1,4,1413,2344.931531,2352.115132,7.184,196.7,1536
TCGA-A8-A09G-01Z-00-DX1.B834728C-DAC5-4463-961D-7E3B220905C1,2,4,4937,2461.344649,2485.964684,24.620,200.5,1536
TCGA-A8-A09I-01Z-00-DX1.B738E479-8766-4766-B012-B32AC2F27533,3,4,2326,2398.309777,2411.989885,13.680,170.0,1536
TCGA-A8-A09K-01Z-00-DX1.41B2DF5F-C0E1-43BB-BAA5-2946A9EC4650,0,4,4817,2713.793497,2737.411556,23.618,204.0,1536
TCGA-A8-A09M-01Z-00-DX1.E2CEA8B5-C86D-4873-BE67-359FBEECCA09,1,4,3800,2352.194215,2374.299118,22.105,171.9,1536
TCGA-A8-A09N-01Z-00-DX1.A0E4EF10-5BFF-46A0-94C7-578EA3A88599,2,4,2053,2486.047870,2496.268802,10.221,200.9,1536
TCGA-A8-A09Q-01Z-00-DX1.C7240AFB-5971-4577-812C-A255C249001A,3,4,1998,2412.047495,2421.872705,9.825,203.4,1536
TCGA-A8-A09R-01Z-00-DX1.392580F3-0CE5-4EDB-91CF-814AAD0DB649,0,4,3162,2737.493991,2755.173925,17.680,178.8,1536
TCGA-A8-A09T-01Z-00-DX1.4183BBA4-AF11-4602-9EC2-35083C34A393,1,4,1992,2374.356960,2384.574240,10.217,195.0,1536
TCGA-A8-A09V-01Z-00-DX1.2D6731CA-5712-4EB8-8602-E53301BF4238,2,4,1399,2496.307753,2503.321149,7.013,199.5,1536
TCGA-A8-A09W-01Z-00-DX1.BF33B0F9-5786-4682-B59E-DCBD33D7BB03,3,4,2748,2421.937087,2435.337206,13.400,205.1,1536
TCGA-A8-A09X-01Z-00-DX1.17B5BE28-944F-427B-8F90-44885C3EDD36,0,4,2933,2755.257518,2769.429071,14.172,207.0,1536
TCGA-A8-A09Z-01Z-00-DX1.D56497BE-5099-4537-9600-60F3213F7BF5,1,4,6507,2384.694880,2418.923043,34.228,190.1,1536
TCGA-A8-A0A1-01Z-00-DX1.CA64E221-E2A8-42B5-B611-25B9FE5FB0B0,2,4,3745,2503.391008,2521.780876,18.390,203.6,1536
TCGA-A8-A0A2-01Z-00-DX1.47BCDF13-1065-466A-B7CB-F91F5EAD7D91,3,4,2024,2435.396063,2445.335197,9.939,203.6,1536
TCGA-A8-A0A4-01Z-00-DX1.06C38F98-F34B-49F0-AFB5-7F0086188346,0,4,1894,2769.482468,2778.610147,9.128,207.5,1536
TCGA-A8-A0A7-01Z-00-DX1.A0FD4EEF-B536-47C1-BDA1-7AC71BA3E978,1,4,3102,2419.013699,2434.577995,15.564,199.3,1536
TCGA-A8-A0A9-01Z-00-DX1.16524DDD-539D-4E47-9A8F-1B910D4FEC2D,2,4,1536,2521.843090,2529.339894,7.497,204.9,1536
TCGA-A8-A0AB-01Z-00-DX1.103ED338-A0F9-403B-A10C-49840BD60EB8,3,4,1729,2445.368044,2457.392990,12.025,143.8,1536
TCGA-A8-A0AD-01Z-00-DX1.A831FB53-7605-4138-9341-6BBCA284441C,0,4,1710,2778.654262,2787.006485,8.352,204.7,1536
TCGA-AC-A23C-01Z-00-DX1.0E67C785-83D3-49AF-B600-FB5B909AE6ED,1,4,960,2434.612119,2440.149903,5.538,173.4,1536
TCGA-AC-A23E-01Z-00-DX1.F12A5A87-72CF-42F8-A6EC-8E7FAD80B1F7,2,4,4071,2529.394504,2551.924940,22.530,180.7,1536
TCGA-AC-A23G-01Z-00-DX1.2F0326F7-6B77-4B3F-B4FA-59ADB785AA07,3,4,642,2457.416144,2460.981170,3.565,180.1,1536
TCGA-AC-A23H-01Z-00-DX1.8E0AE339-1047-4CA5-BFC5-37A3B10FD8B5,0,4,1730,2787.038582,2796.467037,9.428,183.5,1536
TCGA-AC-A2B8-01Z-00-DX1.14F3A9B2-1382-436A-B53C-92FC8495AD48,1,4,4806,2440.228397,2466.241752,26.013,184.8,1536
TCGA-AC-A2BK-01Z-00-DX1.A3A1F275-9CDC-48BA-BB81-BCA6F02ACA94,2,4,4503,2552.001355,2579.610437,27.609,163.1,1536
TCGA-AC-A2BM-01Z-00-DX1.162A9FA9-6E61-48BF-B0A5-C6C7640ABD9B,3,4,8716,2461.071413,2508.019905,46.948,185.7,1536
TCGA-AC-A2FB-01Z-00-DX1.A4D93E32-BBD7-45E4-8ACF-3724B059ECBC,0,4,4116,2796.521026,2818.438567,21.918,187.8,1536
TCGA-AC-A2FE-01Z-00-DX1.C036AE58-3C0D-4DBF-B658-296D03FD6701,1,4,761,2466.295954,2470.294993,3.999,190.3,1536
TCGA-AC-A2FF-01Z-00-DX1.012DAC86-E05C-44FA-81C2-FE4C754F409C,2,4,12268,2579.758596,2644.219444,64.461,190.3,1536
TCGA-AC-A2FG-01Z-00-DX1.0F13DE40-9F7A-42C6-AB3D-02E8521B690A,3,4,1249,2508.104957,2515.107854,7.003,178.4,1536
TCGA-AC-A2FK-01Z-00-DX1.033F3C27-9860-4EF3-9330-37DE5EC45724,0,4,2123,2818.500185,2830.193380,11.693,181.6,1536
TCGA-AC-A2FM-01Z-00-DX1.5D2309D5-C47B-4B04-B7B8-2F0685842889,1,4,4493,2470.348043,2495.138469,24.790,181.2,1536
TCGA-AC-A2FO-01Z-00-DX1.46929316-D7ED-4D69-B068-409BFFBCEC4D,2,4,1187,2644.344775,2650.816414,6.472,183.4,1536
TCGA-AC-A2QH-01Z-00-DX1.00B8BFFF-F1E2-4F99-A969-8DD7EE4F8E0B,3,4,6047,2515.196913,2543.899351,28.702,210.7,1536
TCGA-AC-A2QI-01Z-00-DX1.977549F4-D866-4465-85FB-5C916282A488,0,4,3422,2830.262763,2849.439379,19.177,178.4,1536
TCGA-AC-A2QJ-01Z-00-DX1.48C303BB-5A23-4037-BD28-77629A8CD9DA,1,4,5270,2495.241978,2520.712454,25.470,206.9,1536
TCGA-AC-A3BB-01Z-00-DX1.CE889249-2A5E-44DA-B04E-746BE82CD805,2,4,4375,2650.874228,2674.256289,23.382,187.1,1536
TCGA-AC-A3EH-01Z-00-DX1.30160436-4DE9-4F99-87E2-214E3CA47289,3,4,3218,2544.000255,2559.681549,15.681,205.2,1536
TCGA-AC-A3HN-01Z-00-DX1.1AA71B9B-1B61-41A9-91CF-B7649DEC189E,0,4,5155,2849.542456,2874.558218,25.016,206.1,1536
TCGA-AC-A3OD-01Z-00-DX1.E19B311B-BAB1-4CE8-9421-B49D5BE4537E,1,4,2329,2520.781928,2532.020750,11.239,207.2,1536
TCGA-AC-A3QP-01Z-00-DX1.4B97E53E-1069-40C5-A062-C988663B37DD,2,4,3995,2674.348040,2693.893230,19.545,204.4,1536
TCGA-AC-A3QQ-01Z-00-DX1.86463263-AB12-49FB-8967-D5FD1F7D221A,3,4,1881,2559.735419,2571.711758,11.976,157.1,1536
TCGA-AC-A3TM-01Z-00-DX1.4421EE37-A2CC-4638-AC44-9C26CB09FDC1,0,4,18475,2874.815450,2964.658243,89.843,205.6,1536
TCGA-AC-A3TN-01Z-00-DX1.F00E81C7-0CA2-49E8-A30F-DE423538E93C,1,4,4478,2532.090094,2554.031700,21.942,204.1,1536
TCGA-AC-A3W5-01Z-00-DX1.522F702C-776E-45F1-84D3-1648DF04137C,2,4,430,2693.940486,2696.177691,2.237,192.2,1536
TCGA-AC-A3W7-01Z-00-DX1.189BB448-ECBA-4042-8A35-4B787271E8FE,3,4,1350,2571.747032,2578.347224,6.600,204.5,1536
TCGA-AC-A3YI-01Z-00-DX1.321C0A32-ABF9-48ED-8071-C6B1774E9F7B,0,4,3925,2964.859236,2984.023031,19.164,204.8,1536
TCGA-AC-A3YJ-01Z-00-DX1.8E665F69-FD8C-419A-871F-3AEE2E5A3A60,1,4,4281,2554.124256,2578.898638,24.774,172.8,1536
TCGA-AC-A4ZE-01Z-00-DX1.A9BB4DBC-4314-4A77-AA1C-0882DBC370F1,2,4,1114,2696.198652,2702.345662,6.147,181.2,1536
TCGA-AC-A5EH-01Z-00-DX1.DF59B26B-379F-4047-B7AE-4493810D30A0,3,4,6355,2578.418851,2611.040451,32.622,194.8,1536
TCGA-AC-A5EI-01Z-00-DX1.A174D91A-730E-460C-AE73-46CA1E5B177B,0,4,10164,2984.148046,3038.674210,54.526,186.4,1536
TCGA-AC-A5XS-01Z-00-DX1.E5F2481E-9314-4B20-84B7-370EF82AF4BB,1,4,1691,2578.948393,2587.574526,8.626,196.0,1536
TCGA-AC-A5XU-01Z-00-DX1.1AEEFAAF-0906-4086-8022-13B689FAB9F5,2,4,7445,2702.416809,2742.506423,40.090,185.7,1536
TCGA-AC-A62V-01Z-00-DX1.2D8994FD-58B8-43C1-B99D-AA964E7DFD60,3,4,1185,2611.111420,2617.426791,6.315,187.6,1536
TCGA-AC-A62X-01Z-00-DX1.36FDC9AA-4EBE-40E6-92C2-8471049171A4,0,4,7413,3038.834707,3078.698768,39.864,186.0,1536
TCGA-AC-A62Y-01Z-00-DX1.5075F4DA-488C-40AD-BD73-6DE8953E1864,1,4,2172,2587.616567,2598.456240,10.840,200.4,1536
TCGA-AC-A6IV-01Z-00-DX1.DA4F4B9F-9070-4B3A-996F-311E0A989FFB,2,4,1057,2742.586830,2748.674427,6.088,173.6,1536
TCGA-AC-A6IW-01Z-00-DX1.C4514189-E64F-4603-8970-230FA2BB77FC,3,4,1732,2617.460019,2627.110743,9.651,179.5,1536
TCGA-AC-A6IX-01Z-00-DX1.45B63C4F-9DC3-4CED-9DF9-0F86E647BEA3,0,4,2275,3078.798794,3091.106466,12.308,184.8,1536
TCGA-AC-A6NO-01Z-00-DX1.61B7F48C-6D6E-4C1B-B236-DD130ECBDA9D,1,4,2369,2598.502446,2611.211326,12.709,186.4,1536
TCGA-AC-A7VB-01Z-00-DX1.62D7FDB3-280D-43B2-92EA-AB810384B0B7,2,4,3463,2748.721931,2767.398217,18.676,185.4,1536
TCGA-AC-A7VC-01Z-00-DX1.EB247544-EADE-419C-B7A7-BB9CC978336F,3,4,5176,2627.178531,2655.674538,28.496,181.6,1536
TCGA-AC-A8OP-01Z-00-DX1.A2AF501D-7DCD-4BE7-93A4-EBCAF0C0D54E,0,4,2580,3091.159061,3105.389390,14.230,181.3,1536
TCGA-AC-A8OQ-01Z-00-DX1.15946A44-711C-4765-AB46-5CFB7BD11E42,1,4,5339,2611.291228,2641.568167,30.277,176.3,1536
TCGA-AC-A8OR-01Z-00-DX1.C9A35592-1E73-40D4-834A-46E3471D84A3,2,4,1255,2767.451488,2774.184951,6.733,186.4,1536
TCGA-AC-A8OS-01Z-00-DX1.3FD44846-8BD2-4A7A-9A87-8D3D29C25F60,3,4,3462,2655.734339,2673.986182,18.252,189.7,1536
TCGA-AN-A03Y-01Z-00-DX1.074C48E5-ED69-40AE-8709-444898122BF4,0,4,4968,3105.472795,3128.961807,23.489,211.5,1536
TCGA-AN-A041-01Z-00-DX1.96D3628B-FB6E-4A41-A5E8-8896B0657F1C,1,4,4485,2641.663567,2663.074727,21.411,209.5,1536
TCGA-AN-A046-01Z-00-DX1.C529B94F-AFE3-4701-BC98-5D6EDF7B82C0,2,4,3962,2774.244449,2793.460241,19.216,206.2,1536
TCGA-AN-A0AJ-01Z-00-DX1.74EE47B0-FE27-44CF-9355-C738DE1BD017,3,4,14161,2674.178423,2742.807894,68.629,206.3,1536
TCGA-AN-A0AK-01Z-00-DX1.4B410152-8588-4000-870A-B31B21161015,0,4,14447,3129.152691,3204.004968,74.852,193.0,1536
TCGA-AN-A0AL-01Z-00-DX1.D9E446A3-175F-4242-AFC1-78FFE3FC9AC4,1,4,12018,2663.240970,2722.343212,59.102,203.3,1536
TCGA-AN-A0AM-01Z-00-DX1.169CE39A-DD54-46D8-8D03-60B69A473CDB,2,4,4290,2793.533064,2814.287572,20.755,206.7,1536
TCGA-AN-A0AR-01Z-00-DX1.0CF1267E-C61B-4928-875E-59032F838F07,3,4,10970,2743.050141,2794.962282,51.912,211.3,1536
TCGA-AN-A0AS-01Z-00-DX1.51E551E9-E5F4-4C94-9B25-71DA41109E92,0,4,4995,3204.195165,3228.367287,24.172,206.6,1536
TCGA-AN-A0AT-01Z-00-DX1.DFD68CD2-C25E-47BE-BC06-8CE3C657B9FD,1,4,10735,2722.570710,2776.638137,54.067,198.5,1536
TCGA-AN-A0FD-01Z-00-DX1.8970DBBA-7D43-4C2E-B14A-6D21F1EF3425,2,4,3647,2814.364187,2835.550938,21.187,172.1,1536
TCGA-AN-A0FF-01Z-00-DX1.A23982C3-E0EB-4DB2-84EE-26E0005E3F66,3,4,13676,2795.208452,2862.980280,67.772,201.8,1536
TCGA-AN-A0FJ-01Z-00-DX1.97B60767-916E-4938-9D0B-E6C0FE1CB3FC,0,4,8292,3228.498399,3268.554995,40.057,207.0,1536
TCGA-AN-A0FK-01Z-00-DX1.8966A1D5-CE3A-4B08-A1F6-E613BEB1ABD1,1,4,12407,2776.872170,2839.681395,62.809,197.5,1536
TCGA-AN-A0FL-01Z-00-DX1.20A041C6-A306-4599-A7D1-65032A252AA9,2,4,8977,2835.678354,2879.656496,43.978,204.1,1536
TCGA-AN-A0FN-01Z-00-DX1.CAA3C2D0-7E74-48E5-ACB7-487434C7AAD2,3,4,7529,2863.187055,2901.407087,38.220,197.0,1536
TCGA-AN-A0FS-01Z-00-DX1.104368C2-28DA-4E43-8B27-78336AD5ABC8,0,4,7296,3268.697558,3302.992893,34.295,212.7,1536
TCGA-AN-A0FT-01Z-00-DX1.6F263AB3-FB1D-4056-AEC2-4F163017324F,1,4,6236,2839.859039,2870.922609,31.064,200.7,1536
TCGA-AN-A0FV-01Z-00-DX1.C0D02946-FCDA-472D-895D-7ACF5C96B264,2,4,7333,2879.826629,2918.315062,38.488,190.5,1536
TCGA-AN-A0FW-01Z-00-DX1.5EEDFC71-6ABE-4189-8C45-2127403A8F04,3,4,5494,2901.537249,2927.521514,25.984,211.4,1536
TCGA-AN-A0FX-01Z-00-DX1.C9656600-F823-4044-972B-7059B39FC539,0,4,5196,3303.120974,3327.624400,24.503,212.1,1536
TCGA-AN-A0FY-01Z-00-DX1.25F5E2A1-F92C-4FE1-BD90-0CDDE50DC066,1,4,5441,2871.043079,2900.298012,29.255,186.0,1536
TCGA-AN-A0FZ-01Z-00-DX1.9555AF11-3A0D-4FE3-AE91-09DA77B175CA,2,4,4090,2918.434615,2938.283788,19.849,206.1,1536
TCGA-AN-A0G0-01Z-00-DX1.BE0BB5DF-DEDA-48D8-B5D8-2735C767F28F,3,4,3701,2927.621690,2945.193632,17.572,210.6,1536
TCGA-AN-A0XL-01Z-00-DX1.E90AA056-51DC-4A6B-96EB-A0B707496912,0,4,6221,3327.728352,3357.324424,29.596,210.2,1536
TCGA-AN-A0XN-01Z-00-DX1.A8EB9F62-236E-4C59-A206-DF0C7654AC30,1,4,5956,2900.403633,2929.151194,28.748,207.2,1536
TCGA-AN-A0XO-01Z-00-DX1.204E554E-B1A8-41AD-8E39-62484DF4E3CD,2,4,5330,2938.381973,2964.313020,25.931,205.5,1536
TCGA-AN-A0XP-01Z-00-DX1.A4EE3970-5C1F-482E-9AED-F1E3C52A776F,3,4,5599,2945.283902,2972.069675,26.786,209.0,1536
TCGA-AN-A0XS-01Z-00-DX1.B4D4B73E-2912-4B2E-B18A-FBC35F8160D3,0,4,3480,3357.414562,3373.788088,16.374,212.5,1536
TCGA-AN-A0XT-01Z-00-DX1.882AF4CE-62A1-4808-9B4B-780066E5E602,1,4,4614,2929.254904,2951.689090,22.434,205.7,1536
TCGA-AN-A0XU-01Z-00-DX1.6B0DD0FF-A20D-4BA2-8D48-FC357BA5313F,2,4,5472,2964.425275,2991.348936,26.924,203.2,1536
TCGA-AN-A0XW-01Z-00-DX1.811E11E7-FA67-46BB-9BC6-1FD0106B789D,3,4,142,2972.122204,2972.917090,0.795,178.6,1536
TCGA-AQ-A04H-01Z-00-DX1.5AC1E459-EF27-401D-98FD-0AC16559AF17,0,4,5202,3373.883081,3401.431094,27.548,188.8,1536
TCGA-AQ-A04J-01Z-00-DX1.6A4E16D4-2696-4E5F-BCA8-708556FC3A8C,1,4,10342,2951.832215,3006.198156,54.366,190.2,1536
TCGA-AQ-A04L-01Z-00-DX1.F35BF4DD-896A-43C2-8DA6-C67945C003BE,2,4,5670,2991.453656,3021.827028,30.373,186.7,1536
TCGA-AQ-A0Y5-01Z-00-DX1.f68f5b49-30fa-4fb6-bec6-5da9f6809d02,3,4,11256,2973.033588,3029.884885,56.851,198.0,1536
TCGA-AQ-A54N-01Z-00-DX1.E53271E9-AFD2-4071-9B1E-CD05F63B8136,0,4,7989,3401.557719,3439.331775,37.774,211.5,1536
TCGA-AQ-A54O-01Z-00-DX1.85AB0AC4-47BB-4CD8-B7FB-5928108864AC,1,4,18572,3006.473701,3095.039061,88.565,209.7,1536
TCGA-AQ-A7U7-01Z-00-DX1.AB5629A1-399E-402B-AD3D-DAF9F97D8300,2,4,15258,3022.044265,3094.966451,72.922,209.2,1536
TCGA-AR-A0TP-01Z-00-DX1.58E6A3A6-D1D7-4AE5-87A5-E823F04CBB2F,3,4,11311,3030.112688,3083.410035,53.297,212.2,1536
TCGA-AR-A0TQ-01Z-00-DX1.2BEA298C-6B3D-4133-ADBC-769E62CEFFA0,0,4,6068,3439.471229,3470.181026,30.710,197.6,1536
TCGA-AR-A0TR-01Z-00-DX1.BBCE653F-7DD0-4830-BAD3-C06207A93853,1,4,13715,3095.358727,3162.192396,66.834,205.2,1536
TCGA-AR-A0TS-01Z-00-DX1.2DB81A2E-16C1-4EE0-8175-65FA46768277,2,4,26566,3095.412901,3230.977136,135.564,196.0,1536
TCGA-AR-A0TT-01Z-00-DX1.127C2A4F-62AC-4E83-99DB-13519BD2949D,3,4,9457,3083.644614,3128.249676,44.605,212.0,1536
TCGA-AR-A0TU-01Z-00-DX1.2CBBDDAB-C1DD-4205-A555-431542F9C069,0,4,17015,3470.413181,3554.045466,83.632,203.5,1536
TCGA-AR-A0TV-01Z-00-DX1.29AE9996-E73A-41F8-BCC9-23DEDCA5A7AC,1,4,9250,3162.421498,3213.974580,51.553,179.4,1536
TCGA-AR-A0TW-01Z-00-DX1.0C1EAE07-6BA6-4908-89E1-0133F3640174,2,4,23966,3231.456057,3347.410927,115.955,206.7,1536
TCGA-AR-A0TX-01Z-00-DX1.5BEA4E65-8CEC-49B2-9F29-DBE53E8ED46E,3,4,3103,3128.373643,3143.077219,14.704,211.0,1536
TCGA-AR-A0TY-01Z-00-DX1.089EB6B4-9921-441D-84F3-C64C97AFC3B4,0,4,9605,3554.298191,3600.643714,46.346,207.2,1536
TCGA-AR-A0TZ-01Z-00-DX1.2D58BE38-03F6-4310-8E06-F1A523FB0904,1,4,6220,3214.133923,3244.675475,30.542,203.7,1536
TCGA-AR-A0U0-01Z-00-DX1.C8BECD9F-68D9-47B1-B31E-C1C6CAE456B6,2,4,5080,3347.659760,3372.276938,24.617,206.4,1536
TCGA-AR-A0U1-01Z-00-DX1.276433E7-E841-42D2-AF21-762F2FEA3B9B,3,4,8980,3143.197266,3192.398688,49.201,182.5,1536
TCGA-AR-A0U2-01Z-00-DX1.03E2ADD9-F20F-44DA-93D1-D10BBD3844A5,0,4,10508,3600.855147,3651.272984,50.418,208.4,1536
TCGA-AR-A0U3-01Z-00-DX1.9BB87F9D-459F-4A18-B591-29822EA5AE18,1,4,22862,3244.983243,3354.970102,109.987,207.9,1536
TCGA-AR-A0U4-01Z-00-DX1.DE722DC5-859D-4866-ADCC-ED98EDBFB588,2,4,17590,3372.530456,3460.067747,87.537,200.9,1536
TCGA-AR-A1AH-01Z-00-DX1.5D5D7774-77BB-4EA0-9E8E-A8D28F70A575,3,4,16873,3192.667390,3273.369059,80.702,209.1,1536
TCGA-AR-A1AI-01Z-00-DX1.5EF2A589-4284-45CF-BF0C-169E3A85530C,0,4,11953,3651.504348,3713.074062,61.570,194.1,1536
TCGA-AR-A1AJ-01Z-00-DX1.34B9FCF0-74D8-4328-9B5A-698AD57EDA85,1,4,6031,3355.222567,3384.297050,29.074,207.4,1536
TCGA-AR-A1AK-01Z-00-DX1.0AFFA0B5-D1A6-43E9-892A-7CB16A79E5F9,2,4,7329,3460.314007,3497.049053,36.735,199.5,1536
TCGA-AR-A1AL-01Z-00-DX1.0970370F-6D4B-449A-AF33-76355DD99F91,3,4,7824,3273.609940,3310.419097,36.809,212.6,1536
TCGA-AR-A1AM-01Z-00-DX1.B3F006D9-9386-41E5-B0B1-B0832EE104A0,0,4,2779,3713.213575,3726.589228,13.376,207.8,1536
TCGA-AR-A1AN-01Z-00-DX1.1118F9FE-6DF2-4496-B102-D3A10D332EC0,1,4,2744,3384.402872,3400.946988,16.544,165.9,1536
TCGA-AR-A1AO-01Z-00-DX1.244DEE5B-0896-452F-A14D-E290260A9D8F,2,4,1376,3497.147392,3503.732964,6.586,208.9,1536
TCGA-AR-A1AP-01Z-00-DX1.F163EED5-0385-41AA-BA35-54E4910CD99E,3,4,9377,3310.603646,3354.616563,44.013,213.1,1536
TCGA-AR-A1AQ-01Z-00-DX1.09D5D7FC-0FA8-4176-94B2-995F44D8ED4C,0,4,7242,3726.704204,3761.274829,34.571,209.5,1536
TCGA-AR-A1AR-01Z-00-DX1.E7B7F6F0-9CC0-4D4F-8C9F-443A74D2BE40,1,4,6589,3401.040662,3432.534717,31.494,209.2,1536
TCGA-AR-A1AS-01Z-00-DX1.72979519-0A90-42AD-9F23-1991F75C8CE7,2,4,20492,3503.974426,3606.303035,102.329,200.3,1536
TCGA-AR-A1AT-01Z-00-DX1.6ED69002-2CC1-4AD4-9573-B245D7C2D060,3,4,15374,3354.860938,3430.823927,75.963,202.4,1536
TCGA-AR-A1AU-01Z-00-DX1.F06647D1-E5A3-46FE-8537-01A10A08A4EC,0,4,17064,3761.506804,3843.574175,82.067,207.9,1536
TCGA-AR-A1AV-01Z-00-DX1.93698893-7C5C-44C1-A488-ED358D523693,1,4,8330,3432.680161,3474.784022,42.104,197.8,1536
TCGA-AR-A1AW-01Z-00-DX1.E527CA46-D83F-4055-8C7E-AEFEF13C1E29,2,4,8351,3606.566589,3647.373316,40.807,204.6,1536
TCGA-AR-A1AX-01Z-00-DX1.2389D54F-545E-499E-B392-DD731834460A,3,4,8559,3431.055112,3473.617273,42.562,201.1,1536
TCGA-AR-A1AY-01Z-00-DX1.6AC0BE3B-FFC5-4EDA-9E40-B18CAAC52B81,0,4,8753,3843.817871,3885.851750,42.034,208.2,1536
TCGA-AR-A24H-01Z-00-DX1.5CFC7E16-3F38-4531-968C-A4E4C9D00659,1,4,6355,3474.958133,3505.504553,30.546,208.0,1536
TCGA-AR-A24K-01Z-00-DX1.3A56BAEC-484E-4F9B-BCB4-360ABF6DDB4B,2,4,18764,3647.670936,3742.407522,94.737,198.1,1536
TCGA-AR-A24L-01Z-00-DX1.218A0AE1-D070-4A16-A277-31185F10724D,3,4,8647,3473.798078,3514.503930,40.706,212.4,1536
TCGA-AR-A24M-01Z-00-DX1.D81F1BDF-00DD-42A3-AFFE-55655A877213,0,4,14743,3886.098950,3958.137121,72.038,204.7,1536
TCGA-AR-A24N-01Z-00-DX1.563E9160-9E09-4E3F-8CE9-FFED0AA52927,1,4,15465,3505.731150,3584.626656,78.896,196.0,1536
TCGA-AR-A24O-01Z-00-DX1.04EFBAC8-7A4A-4005-890C-5CC3E1C67DBD,2,4,10825,3742.697246,3795.747981,53.051,204.0,1536
TCGA-AR-A24P-01Z-00-DX1.08BE8830-C55E-4E2B-9378-371A670C75FD,3,4,17006,3514.757702,3598.362362,83.605,203.4,1536
TCGA-AR-A24Q-01Z-00-DX1.69DC7E35-DC0D-4F20-88DA-04C25F28628C,0,4,19743,3958.493599,4055.923165,97.430,202.6,1536
TCGA-AR-A24R-01Z-00-DX1.47D79205-63E7-43E6-A513-2CD10DFA53C9,1,4,13064,3584.888032,3648.762311,63.874,204.5,1536
TCGA-AR-A24S-01Z-00-DX1.317C3B19-0D0F-4315-AC2D-C741F09DD775,2,4,8542,3795.947409,3837.287448,41.340,206.6,1536
TCGA-AR-A24T-01Z-00-DX1.3B325D54-38EC-4E16-BDE1-628894CC15AA,3,4,18890,3598.697791,3689.362051,90.664,208.4,1536
TCGA-AR-A24U-01Z-00-DX1.220FD0D0-0DB6-4E3C-92A0-66CD6509F0AD,0,4,9856,4056.212491,4103.823233,47.611,207.0,1536
TCGA-AR-A24V-01Z-00-DX1.E749C2FE-E26B-4306-80B4-8269EEB23270,1,4,11733,3649.002148,3709.704309,60.702,193.3,1536
TCGA-AR-A24W-01Z-00-DX1.0663B4A3-6475-4981-91F0-20D2C79CBF89,2,4,10714,3837.481711,3889.459255,51.978,206.1,1536
TCGA-AR-A24X-01Z-00-DX1.304BF142-B01A-4AE9-B98C-FB3DE3BEAE57,3,4,4255,3689.570002,3712.764814,23.195,183.4,1536
TCGA-AR-A24Z-01Z-00-DX1.C88AFF18-A8E4-426A-BEA3-70566DE39C46,0,4,1800,4103.943508,4112.682080,8.739,206.0,1536
TCGA-AR-A250-01Z-00-DX1.572A2F73-6BF5-4932-BFEF-4B8904755ACF,1,4,13730,3709.963514,3777.348033,67.385,203.8,1536
TCGA-AR-A251-01Z-00-DX1.E91E357A-3AD4-4F79-A698-05F0B21A37EC,2,4,8723,3889.652584,3933.143213,43.491,200.6,1536
TCGA-AR-A252-01Z-00-DX1.2E7EE069-A0B8-489B-A2F0-3175FB58F468,3,4,14876,3712.973123,3784.026742,71.054,209.4,1536
TCGA-AR-A254-01Z-00-DX1.EA5CD008-1106-41EC-998A-04EF08EEEC9D,0,4,10997,4112.821535,4165.663641,52.842,208.1,1536
TCGA-AR-A255-01Z-00-DX1.E67C081D-50C9-451C-814B-F097B2671300,1,4,2742,3777.500645,3791.337211,13.837,198.2,1536
TCGA-AR-A256-01Z-00-DX1.950D4546-4BF4-4380-9877-51D86A93D755,2,4,7455,3933.277878,3969.406008,36.128,206.3,1536
TCGA-AR-A2LE-01Z-00-DX1.E8E1FC5C-9A4A-463F-81D7-E9A8AF43EAD9,3,4,5213,3784.211709,3809.176104,24.964,208.8,1536
TCGA-AR-A2LH-01Z-00-DX1.40D4FD67-FB13-46D9-A202-56A5791EA11C,0,4,18166,4165.968031,4254.453152,88.485,205.3,1536
TCGA-AR-A2LJ-01Z-00-DX1.9D6257FA-2767-4640-9252-9BE18BD9D158,1,4,14360,3791.528976,3861.378987,69.850,205.6,1536
TCGA-AR-A2LK-01Z-00-DX1.FBD59C38-CD4E-4C22-BC74-A57C192A9BBC,2,4,9610,3969.582035,4019.611395,50.029,192.1,1536
TCGA-AR-A2LL-01Z-00-DX1.F0AF890C-2B34-4758-A929-58AAFF593EC5,3,4,16928,3809.403345,3889.853563,80.450,210.4,1536
TCGA-AR-A2LM-01Z-00-DX1.CB64A062-2E35-41F9-97C7-07BB60754799,0,4,16211,4254.780504,4334.436520,79.656,203.5,1536
TCGA-AR-A2LN-01Z-00-DX1.3EF43524-28B8-4326-9356-6BCBC63A1DA8,1,4,13502,3861.629231,3929.495794,67.867,198.9,1536
TCGA-AR-A2LO-01Z-00-DX1.A8C81E1E-B224-4CF4-83D4-FFB2F51A7002,2,4,8640,4019.800876,4061.816828,42.016,205.6,1536
TCGA-AR-A2LQ-01Z-00-DX1.2F579E62-69A8-40F4-A516-542C7C808628,3,4,11350,3890.107436,3945.118967,55.012,206.3,1536
TCGA-AR-A2LR-01Z-00-DX1.C686A7D6-0361-49EE-B6CA-672B3086243C,0,4,19684,4334.795743,4431.150256,96.355,204.3,1536
TCGA-AR-A5QM-01Z-00-DX1.A9017CED-FF57-4090-95B9-94DC91854347,1,4,11551,3929.729857,3986.390819,56.661,203.9,1536
TCGA-AR-A5QN-01Z-00-DX1.BF92AA24-3D44-4FFA-BCC0-CDB934EC3BBC,2,4,10835,4061.988840,4115.012581,53.024,204.3,1536
TCGA-AR-A5QP-01Z-00-DX1.256FDB13-1F81-42DA-AF6E-8A94835550C1,3,4,11908,3945.347973,4002.348570,57.001,208.9,1536
TCGA-AR-A5QQ-01Z-00-DX1.4185D6D2-498E-4E71-8CB3-EDB4739C6229,0,4,18851,4431.533305,4522.122143,90.589,208.1,1536
TCGA-B6-A0I1-01Z-00-DX1.86BEC5E4-A2D1-4039-8D08-0598FA8BCC2B,1,4,16569,3986.683432,4071.519130,84.836,195.3,1536
TCGA-B6-A0I2-01Z-00-DX1.885D2034-73B7-48AE-8343-631F89061C38,2,4,10086,4115.208589,4163.974911,48.766,206.8,1536
TCGA-B6-A0I5-01Z-00-DX1.47A30509-4BA0-4BA5-AD9B-F2C2DB701159,3,4,10137,4002.547247,4053.310232,50.763,199.7,1536
TCGA-B6-A0I6-01Z-00-DX1.D597D207-BEB2-4CE5-B315-FE7AD6E9C30B,0,4,21224,4522.499128,4625.914334,103.415,205.2,1536
TCGA-B6-A0I8-01Z-00-DX1.E576652B-C3F6-4A01-83BC-6DD154C75605,1,4,29007,4071.928921,4214.620400,142.691,203.3,1536
TCGA-B6-A0I9-01Z-00-DX1.78E1D43A-507E-482E-B988-AF13B12B4497,2,4,26239,4164.291425,4292.545724,128.254,204.6,1536
TCGA-B6-A0IA-01Z-00-DX1.8A868F0A-6CE2-46A7-AF0C-C5FC5D657D86,3,4,23452,4053.610391,4165.560254,111.950,209.5,1536
TCGA-B6-A0IB-01Z-00-DX1.BAA1D655-1B80-49E2-B1EB-2ECC83DED989,0,4,12646,4626.196382,4688.175513,61.979,204.0,1536
TCGA-B6-A0IC-01Z-00-DX1.60ED7BBF-A448-4E4E-80F9-91527A697588,1,4,14361,4215.006740,4285.069971,70.063,205.0,1536
TCGA-B6-A0IE-01Z-00-DX1.E6C4E5C0-338C-481D-B691-0385E8D090B1,2,4,20606,4292.958733,4394.716010,101.757,202.5,1536
TCGA-B6-A0IG-01Z-00-DX1.4238CB6E-0561-49FD-9C49-9B8AEAFC4618,3,4,22297,4165.984504,4273.333126,107.349,207.7,1536
TCGA-B6-A0IH-01Z-00-DX1.3463B12E-D1B0-4FB2-B257-BFD63BA2B6BF,0,4,22889,4688.527339,4799.519846,110.993,206.2,1536
TCGA-B6-A0IJ-01Z-00-DX1.BF2E062F-06DA-4CA8-86C4-36674C035CAA,1,4,2489,4285.238672,4300.421321,15.183,163.9,1536
TCGA-B6-A0IK-01Z-00-DX1.1640DB44-4AC0-4A34-9E21-4673C4289A99,2,4,7931,4394.976877,4435.159984,40.183,197.4,1536
TCGA-B6-A0IM-01Z-00-DX1.E2CBD42F-D933-4446-BE7C-C2F8B5AFB976,3,4,31891,4273.812569,4429.402994,155.590,205.0,1536
TCGA-B6-A0IN-01Z-00-DX1.5C1CBEF7-0C4A-4B22-A85B-6F6FD9435573,0,4,30190,4800.000787,4942.833613,142.833,211.4,1536
TCGA-B6-A0IO-01Z-00-DX1.D8898C30-4016-4983-9359-5C1507C01715,1,4,10008,4300.552699,4349.999522,49.447,202.4,1536
TCGA-B6-A0IP-01Z-00-DX1.3723A250-AA4B-4AFE-A692-C1311E9BA268,2,4,14829,4435.376768,4507.684725,72.308,205.1,1536
TCGA-B6-A0IQ-01Z-00-DX1.662EA039-825E-41FF-91D6-021EB0E099BD,3,4,20267,4429.900643,4526.752162,96.852,209.3,1536
TCGA-B6-A0RE-01Z-00-DX1.8933BDB4-EF8D-41FA-9A50-05BB3AB976E5,0,4,13084,4943.205212,5005.562394,62.357,209.8,1536
TCGA-B6-A0RG-01Z-00-DX1.C83D21A0-EC61-459C-9776-EA3D91469E72,1,4,34887,4350.390024,4522.615669,172.226,202.6,1536
TCGA-B6-A0RH-01Z-00-DX1.33DB5CF9-AC87-435B-A8AF-C4F84BEF15F1,2,4,21669,4508.019441,4615.329531,107.310,201.9,1536
TCGA-B6-A0RI-01Z-00-DX1.E39951A4-AC6A-4B07-851B-F35CB86D79AA,3,4,16908,4527.100682,4609.264616,82.164,205.8,1536
TCGA-B6-A0RL-01Z-00-DX1.B5B6709B-5F38-4561-A0E7-C78F97B33F22,0,4,20646,5005.884959,5108.188229,102.303,201.8,1536
TCGA-B6-A0RM-01Z-00-DX1.31DE3E32-7996-4D30-BB5F-72C94409C940,1,4,15159,4523.049602,4599.060663,76.011,199.4,1536
TCGA-B6-A0RN-01Z-00-DX1.0D02A3FB-D694-4A5B-80C1-CF1469E29BFD,2,4,11796,4615.616226,4674.938921,59.323,198.8,1536
TCGA-B6-A0RO-01Z-00-DX1.3ADBFF05-92CE-41B5-BD49-CB3CE5B74CC9,3,4,30713,4609.678121,4757.008374,147.330,208.5,1536
TCGA-B6-A0RP-01Z-00-DX1.02A55E9D-2AA9-497A-B481-85724EA813AD,0,4,15834,5108.534315,5186.020612,77.486,204.3,1536
TCGA-B6-A0RQ-01Z-00-DX1.68B4F49D-9F81-4501-BC66-0349012077C8,1,4,12928,4599.317686,4663.243684,63.926,202.2,1536
TCGA-B6-A0RS-01Z-00-DX1.F72B766D-FC49-4876-A93D-D88B05702267,2,4,22513,4675.234318,4783.622663,108.388,207.7,1536
TCGA-B6-A0RT-01Z-00-DX1.6C2BA663-D61B-404B-B62C-B81747B6A3AC,3,4,11392,4757.366930,4812.974086,55.607,204.9,1536
TCGA-B6-A0RU-01Z-00-DX1.4977531C-6003-4DA6-9925-30E2DA62C076,0,4,17841,5186.319366,5273.936069,87.617,203.6,1536
TCGA-B6-A0RV-01Z-00-DX1.C46C2937-868D-47B7-B9B9-E51F5433BE97,1,4,27358,4663.628856,4795.697983,132.069,207.1,1536
TCGA-B6-A0WS-01Z-00-DX1.020ED7BF-9497-4F13-AA07-FE0E839F9A06,2,4,12709,4783.957996,4847.862927,63.905,198.9,1536
TCGA-B6-A0WT-01Z-00-DX1.7ED21DA2-A3D8-4DCA-9742-963879A658D8,3,4,19680,4813.286827,4906.765100,93.478,210.5,1536
TCGA-B6-A0WV-01Z-00-DX1.A8B9E114-A8CF-4389-B47C-2E1B842F7FF9,0,4,16615,5274.268194,5354.003441,79.735,208.4,1536
TCGA-B6-A0WW-01Z-00-DX1.64048633-1D1A-4074-8C50-7641159355DB,1,4,25271,4796.139959,4920.383556,124.244,203.4,1536
TCGA-B6-A0WX-01Z-00-DX1.1C4F7BCC-8423-4941-9490-0F35038E1878,2,4,20847,4848.177483,4949.039746,100.862,206.7,1536
TCGA-B6-A0WY-01Z-00-DX1.FA103E02-3BDC-47DC-BA6E-59FCC58866D1,3,4,19399,4907.117323,4998.620666,91.503,212.0,1536
TCGA-B6-A0WZ-01Z-00-DX1.6CFB236E-36F5-43D6-8DE3-C4ECBD3C14C6,0,4,8681,5354.249560,5398.756283,44.507,195.0,1536
TCGA-B6-A0X0-01Z-00-DX1.5D67D9D5-C2F0-40BE-A661-E25B6A6287A2,1,4,15811,4920.763284,4998.252105,77.489,204.0,1536
TCGA-B6-A0X1-01Z-00-DX1.2A41630E-A8BF-4966-99F5-D5D8036B1759,2,4,39052,4949.593180,5145.674566,196.081,199.2,1536
TCGA-B6-A0X4-01Z-00-DX1.4B7914DE-3436-4D69-9BC6-F6419D3CC518,3,4,14454,4998.945252,5071.842975,72.898,198.3,1536
TCGA-B6-A0X5-01Z-00-DX1.02A9FF1E-EA20-4F2D-A2BB-427A287DE3FD,0,4,12716,5398.963666,5460.317604,61.354,207.3,1536
TCGA-B6-A0X7-01Z-00-DX1.A2AA8FE9-CF43-434A-AE72-7277D124BD0A,1,4,20277,4998.572785,5100.436038,101.863,199.1,1536
TCGA-B6-A1KC-01Z-00-DX1.4DD3E48B-F434-499F-9FF1-0FFD2883A375,2,4,12007,5146.124747,5204.415262,58.291,206.0,1536
TCGA-B6-A1KF-01Z-00-DX1.2E08E830-4216-4CD0-9646-1F489300E11D,3,4,14743,5072.136171,5145.109225,72.973,202.0,1536
TCGA-B6-A1KI-01Z-00-DX1.EFAA08A8-02EC-4A9B-AC6B-79BF2DC5A2AA,0,4,9039,5460.532341,5505.966652,45.434,198.9,1536
TCGA-B6-A1KN-01Z-00-DX1.E769FD65-E5CE-4CA4-8BBE-6FC54A2ED870,1,4,17443,5100.771632,5187.334405,86.563,201.5,1536
TCGA-B6-A2IU-01Z-00-DX1.3C7DF701-4ED9-4989-AA63-A6B7B105F6EE,2,4,21614,5204.781129,5312.906512,108.125,199.9,1536
TCGA-BH-A0AU-01Z-00-DX1.E852F218-B15C-4CF8-8FD0-F284043834C4,3,4,16620,5145.410632,5224.349734,78.939,210.5,1536
TCGA-BH-A0AV-01Z-00-DX1.5A686DA4-A29D-4BA7-9BCA-B707F8755E83,0,4,16928,5506.207612,5587.060757,80.853,209.4,1536
TCGA-BH-A0AW-01Z-00-DX1.9D50A0D2-B103-411C-831E-8520C3D50173,1,4,12312,5187.621443,5247.983517,60.362,204.0,1536
TCGA-BH-A0AY-01Z-00-DX1.A1153465-D9B3-4D83-BE85-F2524B071EE5,2,4,12451,5313.228499,5373.470426,60.242,206.7,1536
TCGA-BH-A0AZ-01Z-00-DX1.E20051E8-DEEF-48E5-B519-40777DDBC96B,3,4,13380,5224.620177,5290.535937,65.916,203.0,1536
TCGA-BH-A0B0-01Z-00-DX1.316D35DB-7F13-4AE5-82A7-5716D2519669,0,4,12016,5587.321865,5648.286231,60.964,197.1,1536
TCGA-BH-A0B1-01Z-00-DX1.CC60D284-04FB-4B73-90AA-FCE9185DADB6,1,4,10078,5248.212449,5299.181523,50.969,197.7,1536
TCGA-BH-A0B3-01Z-00-DX1.90CB0ED5-FBB7-4ABF-93A0-DD88D60D3D55,2,4,16891,5373.765642,5459.884238,86.119,196.1,1536
TCGA-BH-A0B4-01Z-00-DX1.A2CB0BF4-32F9-48FD-9B96-A744013BADDB,3,4,16190,5290.831820,5367.824047,76.992,210.3,1536
TCGA-BH-A0B5-01Z-00-DX1.742DB0E8-8EB1-47C8-B698-8E2438FB6299,0,4,15864,5648.563686,5724.172758,75.609,209.8,1536
TCGA-BH-A0B6-01Z-00-DX1.4D982935-F600-4F37-ABB5-13AF74F4FDC4,1,4,18484,5299.447720,5392.962847,93.515,197.7,1536
TCGA-BH-A0B7-01Z-00-DX1.6950CDDF-8A81-4B10-BFFF-BE0E33A2C6CC,2,4,11253,5460.146757,5516.656679,56.510,199.1,1536
TCGA-BH-A0B8-01Z-00-DX1.380ABAE9-EA83-4E9B-BFB2-6476A86C1ADD,3,4,6697,5368.032563,5403.779362,35.747,187.3,1536
TCGA-BH-A0B9-01Z-00-DX1.C23ADB4C-52D4-4DFD-B8E3-156E43F0E645,0,4,15700,5724.466190,5801.979770,77.514,202.5,1536
TCGA-BH-A0BA-01Z-00-DX1.579E11C9-437C-4D49-8811-DD94D8454712,1,4,17184,5393.321702,5477.817060,84.495,203.4,1536
TCGA-BH-A0BC-01Z-00-DX1.7A91831D-9625-49FC-B783-C633F80F898C,2,4,8545,5516.859334,5558.648077,41.789,204.5,1536
TCGA-BH-A0BD-01Z-00-DX1.CD4A6FC2-BA8C-4E30-972A-E6CD1BEAD8AD,3,4,9650,5403.971190,5450.429507,46.458,207.7,1536
TCGA-BH-A0BF-01Z-00-DX1.934DF984-9054-4B20-B85B-9CF94B8DC3D4,0,4,19587,5802.302258,5896.312779,94.011,208.3,1536
TCGA-BH-A0BG-01Z-00-DX1.0838FB7F-8C85-4687-9F70-D136A1063383,1,4,7153,5478.039165,5515.428617,37.389,191.3,1536
TCGA-BH-A0BJ-01Z-00-DX1.77BE9A20-3D23-4650-843A-0483BF9DD07B,2,4,15656,5558.897844,5634.551392,75.654,206.9,1536
TCGA-BH-A0BL-01Z-00-DX1.D5A413B0-2141-4A6F-A671-6C5EA8641D25,3,4,17446,5450.660637,5535.987191,85.327,204.5,1536
TCGA-BH-A0BM-01Z-00-DX1.8BD324F2-60F5-4F59-AF2D-533A5FB230BF,0,4,5657,5896.538106,5924.581545,28.043,201.7,1536
TCGA-BH-A0BO-01Z-00-DX1.1A704471-FEB3-40F9-9838-3E347A18285F,1,4,3221,5515.541785,5531.219229,15.677,205.5,1536
TCGA-BH-A0BP-01Z-00-DX1.63A87C1D-87FA-494D-9836-74290B5DC30D,2,4,5443,5634.745245,5663.732182,28.987,187.8,1536
TCGA-BH-A0BQ-01Z-00-DX1.F5C6386B-BB2C-49DF-B3B8-6C4B80D060D4,3,4,20896,5536.324291,5639.038347,102.714,203.4,1536
TCGA-BH-A0BR-01Z-00-DX1.F7912887-8AE9-4391-9B83-9AC7B4FF38EF,0,4,9573,5924.729936,5970.921412,46.191,207.2,1536
TCGA-BH-A0BS-01Z-00-DX1.FEE32127-4D0B-4560-A39C-4EAA5B189B70,1,4,14377,5531.385561,5601.794233,70.409,204.2,1536
TCGA-BH-A0BT-01Z-00-DX1.9087B9E7-C0CD-4179-AF57-AD9255785169,2,4,12673,5663.896177,5725.027949,61.132,207.3,1536
TCGA-BH-A0BV-01Z-00-DX1.3C9CD4F7-A001-430D-AA8D-80CAD61C344E,3,4,14955,5639.376846,5710.626452,71.250,209.9,1536
TCGA-BH-A0BW-01Z-00-DX1.39B0C363-46A2-4FFB-B1C5-C054A86F4A25,0,4,17232,5971.169072,6056.786316,85.617,201.3,1536
TCGA-BH-A0BZ-01Z-00-DX1.45EB3E93-A871-49C6-9EAE-90D98AE01913,1,4,11814,5602.035743,5662.796265,60.761,194.4,1536
TCGA-BH-A0C0-01Z-00-DX1.2D32D35A-EB7E-4D0E-BE5F-E56F7B930463,2,4,18750,5725.316996,5817.732431,92.415,202.9,1536
TCGA-BH-A0C1-01Z-00-DX1.21FE357E-B182-4397-BFEF-7E96E994236A,3,4,10858,5710.870490,5763.685668,52.815,205.6,1536
TCGA-BH-A0C3-01Z-00-DX1.14D3210D-0CBE-4DCA-A986-A26AE5382502,0,4,13020,6057.058594,6119.068370,62.010,210.0,1536
TCGA-BH-A0C7-01Z-00-DX1.C70D358E-C48F-4F69-86CE-3218E9C95837,1,4,21855,5663.117939,5770.369497,107.252,203.8,1536
TCGA-BH-A0DD-01Z-00-DX1.2242DD1F-0B7C-4B43-A7A9-8130D2BDEE78,2,4,13274,5818.024468,5882.691203,64.667,205.3,1536
TCGA-BH-A0DE-01Z-00-DX1.64A0340A-8146-48E8-AAF7-4035988B9152,3,4,10820,5763.888325,5815.534449,51.646,209.5,1536
TCGA-BH-A0DG-01Z-00-DX1.D3C4F57F-608F-46AA-A978-B558117C9DFB,0,4,17766,6119.363824,6205.726200,86.362,205.7,1536
TCGA-BH-A0DH-01Z-00-DX1.968AA1FD-068C-4B90-8C95-85BF2EFC3E3F,1,4,12525,5770.694763,5832.496073,61.801,202.7,1536
TCGA-BH-A0DI-01Z-00-DX1.6A42D535-8842-4C36-8299-A40E9E56759D,2,4,14243,5882.964346,5953.598764,70.634,201.6,1536
TCGA-BH-A0DK-01Z-00-DX1.0CFED53C-BAD9-4E35-B12F-57E64F3FEF1C,3,4,12332,5815.765228,5874.844659,59.079,208.7,1536
TCGA-BH-A0DL-01Z-00-DX1.553F0021-1FC2-4675-810D-BBD9785D065E,0,4,16082,6206.036782,6285.295939,79.259,202.9,1536
TCGA-BH-A0DO-01Z-00-DX1.1684557E-A5D4-4828-B2D5-FA899993A019,1,4,9927,5832.722910,5881.807137,49.084,202.2,1536
TCGA-BH-A0DP-01Z-00-DX1.5550557D-4E5B-4B57-8C1E-9290A7AA32A9,2,4,9017,5953.822943,6001.218856,47.396,190.2,1536
TCGA-BH-A0DQ-01Z-00-DX1.5A98747C-52D9-45AD-BC84-934A96F069EB,3,4,21803,5875.181772,5980.204559,105.023,207.6,1536
TCGA-BH-A0DS-01Z-00-DX1.38E82A1F-21B9-4B97-A304-15B886EA68A0,0,4,8558,6285.540306,6326.439663,40.899,209.2,1536
TCGA-BH-A0DT-01Z-00-DX1.73AFCEBB-06B1-4870-ADA2-881511B1BE2D,1,4,4960,5881.957430,5905.951087,23.994,206.7,1536
TCGA-BH-A0DV-01Z-00-DX1.2F0B5FB3-40F0-4D27-BFAC-390FB9A42B39,2,4,23086,6001.514024,6113.307456,111.793,206.5,1536
TCGA-BH-A0DX-01Z-00-DX1.45C27E71-9A0A-400E-93A9-5CE7780F3C5E,3,4,5319,5980.450664,6009.219504,28.769,184.9,1536
TCGA-BH-A0DZ-01Z-00-DX1.138BAEC2-589E-4960-B94E-DF48DDAA5490,0,4,15827,6326.688703,6404.959474,78.271,202.2,1536
TCGA-BH-A0E0-01Z-00-DX1.01E88024-83DF-4282-ABAF-F4E35807DA06,1,4,18142,5906.185960,5996.445560,90.260,201.0,1536
TCGA-BH-A0E1-01Z-00-DX1.257EB36A-1008-4890-927B-204EF05DBE90,2,4,18001,6113.688038,6203.376131,89.688,200.7,1536
TCGA-BH-A0E2-01Z-00-DX1.5F6FA19C-D59F-45BE-80CE-F738CAB1EF0B,3,4,14400,6009.426020,6078.163808,68.738,209.5,1536
TCGA-BH-A0E6-01Z-00-DX1.44DFEFB4-FA05-4246-8D6B-55BA8C3275DB,0,4,10486,6405.204616,6454.316722,49.112,213.5,1536
TCGA-BH-A0E7-01Z-00-DX1.7FEE54C4-3795-403C-85B9-FF932BE56788,1,4,7912,5996.684595,6040.096320,43.412,182.3,1536
TCGA-BH-A0E9-01Z-00-DX1.5FC4A5E1-3984-4869-9FFB-C0C7F9EAF5FE,2,4,18193,6203.717266,6293.855028,90.138,201.8,1536
TCGA-BH-A0EA-01Z-00-DX1.85FF2B48-2AF7-4C15-A7E6-FCA68CAB76C7,3,4,10769,6078.382683,6129.210532,50.828,211.9,1536
TCGA-BH-A0EB-01Z-00-DX1.70D7BBA0-214D-4D1A-933C-7CFCDA5416A3,0,4,19386,6454.606962,6544.971830,90.365,214.5,1536
TCGA-BH-A0EE-01Z-00-DX1.872EA586-25C8-4835-A138-152DFA1EBF30,1,4,16943,6040.364518,6123.466251,83.102,203.9,1536
TCGA-BH-A0EI-01Z-00-DX1.929E126A-C9F8-4240-BF00-B6C4A57B7FF6,2,4,11891,6294.128748,6351.388010,57.259,207.7,1536
TCGA-BH-A0GY-01Z-00-DX1.E1AEAA36-94FA-41ED-851F-7BB11DD3C06D,3,4,13436,6129.463975,6196.033821,66.570,201.8,1536
TCGA-BH-A0GZ-01Z-00-DX1.9AD4F493-A0A9-499D-B667-B33333FC1A51,0,4,15794,6545.279687,6623.113416,77.834,202.9,1536
TCGA-BH-A0H0-01Z-00-DX1.B3B394DD-1F4E-42CA-BB51-C002E423B3D0,1,4,12125,6123.725601,6184.729679,61.004,198.8,1536
TCGA-BH-A0H3-01Z-00-DX1.C6D4DFB9-A4FA-40B2-90EF-75294CBC4523,2,4,12721,6351.627070,6416.651412,65.024,195.6,1536
TCGA-BH-A0H5-01Z-00-DX1.28F24D4D-EE80-4EDA-BC30-A194E22FD61C,3,4,17607,6196.338691,6281.673729,85.335,206.3,1536
TCGA-BH-A0H6-01Z-00-DX1.0CF7253A-B42C-4778-B1C6-17EC78A039ED,0,4,5672,6623.321955,6650.024231,26.702,212.4,1536
TCGA-BH-A0H7-01Z-00-DX1.21502FEA-DB37-4630-BA42-778DDF3A6D17,1,4,19895,6185.044827,6282.481242,97.436,204.2,1536
TCGA-BH-A0H9-01Z-00-DX1.8AE869C6-5C78-4D52-AC8B-5B6FD5FD91AA,2,4,13739,6416.910234,6482.480734,65.570,209.5,1536
TCGA-BH-A0HA-01Z-00-DX1.5A2F5C86-E1E7-445D-A4E3-29980FA37708,3,4,21629,6282.022550,6387.549786,105.527,205.0,1536
TCGA-BH-A0HB-01Z-00-DX1.F90F7139-B804-4548-9FAF-9B475BF225EB,0,4,18072,6650.265858,6735.868708,85.603,211.1,1536
TCGA-BH-A0HF-01Z-00-DX1.1EB2F7CE-54F4-4E41-A3CF-78209770B7CE,1,4,5431,6282.723721,6309.335386,26.612,204.1,1536
TCGA-BH-A0HI-01Z-00-DX1.89DB9F79-0DCC-4C65-831E-96AE026C2C4E,2,4,8797,6482.688113,6524.753453,42.065,209.1,1536
TCGA-BH-A0HK-01Z-00-DX1.019036F5-647A-4EC4-8479-F2C100291AEF,3,4,26155,6388.009758,6509.808184,121.798,214.7,1536
TCGA-BH-A0HL-01Z-00-DX1.972DE96D-51F4-4A2D-B074-8D965023DC01,0,4,19431,6736.224670,6830.501653,94.277,206.1,1536
TCGA-BH-A0HN-01Z-00-DX1.4997F641-C593-41F6-82ED-6A0E4EFA55F3,1,4,14714,6309.542787,6383.629188,74.086,198.6,1536
TCGA-BH-A0HO-01Z-00-DX1.D3D66547-F5D4-40F5-B737-2FECEEB35ACB,2,4,13483,6524.973924,6592.625205,67.651,199.3,1536
TCGA-BH-A0HP-01Z-00-DX1.F1FF6E88-B2D1-40AA-8373-1714D82E666F,3,4,10569,6510.132778,6562.551849,52.419,201.6,1536
TCGA-BH-A0HQ-01Z-00-DX1.0921FCEF-20A2-4D4B-A198-91AF9F6C814C,0,4,12548,6830.798755,6893.750424,62.952,199.3,1536
TCGA-BH-A0HU-01Z-00-DX1.73B38904-E4F8-4F45-BD75-A27EC833B6DE,1,4,9601,6383.861065,6429.660411,45.799,209.6,1536
TCGA-BH-A0HW-01Z-00-DX1.44DCCE00-133F-4469-A4DA-5057C011B4AC,2,4,18668,6592.940437,6682.719079,89.779,207.9,1536
TCGA-BH-A0HX-01Z-00-DX1.44EBA39E-383D-4820-915E-4E5FDA1D43DA,3,4,15748,6562.816177,6636.768264,73.952,212.9,1536
TCGA-BH-A0HY-01Z-00-DX1.D7A1BF42-F268-4220-B71B-354CE2AF32D8,0,4,16493,6894.041536,6973.394845,79.353,207.8,1536
TCGA-BH-A0RX-01Z-00-DX1.B4ABAFB9-6696-4F22-9468-DA56E1AD32D3,1,4,19731,6429.963521,6523.020276,93.057,212.0,1536
TCGA-BH-A0W3-01Z-00-DX1.38DCA2B7-1A54-4FFA-BABA-29F80974BB17,2,4,20492,6683.101214,6784.740753,101.640,201.6,1536
TCGA-BH-A0W4-01Z-00-DX1.23E017DC-15CB-4838-AC91-CFB11B932AB0,3,4,15332,6637.070260,6709.991273,72.921,210.3,1536
TCGA-BH-A0W5-01Z-00-DX1.84EA3913-667B-4694-A0F0-E629CAC615C8,0,4,13459,6973.691507,7042.830073,69.139,194.7,1536
TCGA-BH-A0W7-01Z-00-DX1.93F11232-A1FB-4682-B744-3531D4DF11AF,1,4,10294,6523.291580,6576.006823,52.715,195.3,1536
TCGA-BH-A0WA-01Z-00-DX1.C0EB7B73-5529-49EC-B660-3F849B041963,2,4,10295,6785.021714,6835.157183,50.135,205.3,1536
TCGA-BH-A18F-01Z-00-DX1.81A81589-2D77-4CD6-BD34-76E292AA031D,3,4,6970,6710.207613,6746.336346,36.129,192.9,1536
TCGA-BH-A18G-01Z-00-DX1.DB2B5819-CE83-4E07-BD03-2CD9CF2E246C,0,4,3219,7042.990833,7058.368548,15.378,209.3,1536
TCGA-BH-A18H-01Z-00-DX1.4EC9108F-04C2-4B28-BD74-97A414C9A536,1,4,13666,6576.260958,6640.929690,64.669,211.3,1536
TCGA-BH-A18I-01Z-00-DX1.EE699DE3-EBF4-4AB4-8319-9911F027FA18,2,4,10486,6835.386462,6890.203693,54.817,191.3,1536
TCGA-BH-A18J-01Z-00-DX1.AE20ADB6-050C-405D-BF17-1EE4A1A4979A,3,4,17952,6746.597869,6832.039502,85.442,210.1,1536
TCGA-BH-A18L-01Z-00-DX1.01D6E3EF-6857-4CC6-BEA1-0BBC1A0B728F,0,4,15542,7058.563997,7132.904529,74.341,209.1,1536
TCGA-BH-A18M-01Z-00-DX1.56E6935A-62CB-4CBE-BDCA-60DA56422CE0,1,4,17573,6641.220579,6726.934251,85.714,205.0,1536
TCGA-BH-A18N-01Z-00-DX1.FE0E24A1-8AE9-4021-B9C7-B408EE0DE329,2,4,13993,6890.448093,6958.728137,68.280,204.9,1536
TCGA-BH-A18P-01Z-00-DX1.C66642D3-BE44-4D65-B4AE-C1C3D959D22C,3,4,16271,6832.364115,6912.602795,80.239,202.8,1536
TCGA-BH-A18Q-01Z-00-DX1.E89E49C7-D62A-4408-A3D9-19E79FCB249E,0,4,15862,7133.186119,7211.196969,78.011,203.3,1536
TCGA-BH-A18R-01Z-00-DX1.07E6FA7F-5072-4327-9982-A40F010B7532,1,4,19240,6727.283818,6823.824496,96.541,199.3,1536
TCGA-BH-A18S-01Z-00-DX1.B36FC684-0010-4ABB-9E25-303C8DF1C4E2,2,4,7104,6958.945097,6993.355389,34.410,206.4,1536
TCGA-BH-A18T-01Z-00-DX1.90123A74-F631-4538-AB2E-4076486ADF88,3,4,23824,6913.020210,7029.770654,116.750,204.1,1536
TCGA-BH-A18U-01Z-00-DX1.63940315-59BC-462B-87A8-2BBB33C9503E,0,4,15021,7211.507376,7284.060224,72.553,207.0,1536
TCGA-BH-A18V-01Z-00-DX1.7797760A-05CD-436E-97DA-31D6201F943B,1,4,12395,6824.106835,6887.769484,63.663,194.7,1536
TCGA-BH-A1EN-01Z-00-DX1.F535657F-E2FA-4283-87AE-7DAB663B196B,2,4,20825,6993.608028,7098.270798,104.663,199.0,1536
TCGA-BH-A1EO-01Z-00-DX1.0E624888-D7E4-48DF-B51A-9AD8F75A66B7,3,4,14693,7030.158734,7099.470064,69.311,212.0,1536
TCGA-BH-A1ES-01Z-00-DX1.C54C809F-748F-4BB0-B018-A8A83A4134C0,0,4,10550,7284.318761,7338.394004,54.075,195.1,1536
TCGA-BH-A1ET-01Z-00-DX1.05C126CD-CC10-44BF-9A68-6CDDE97272B2,1,4,14408,6888.035533,6958.899125,70.864,203.3,1536
TCGA-BH-A1EU-01Z-00-DX1.5A0956EF-0100-47FD-9026-1994CF22D0F1,2,4,13545,7098.562886,7165.571033,67.008,202.1,1536
TCGA-BH-A1EV-01Z-00-DX1.106CF220-1D7D-40DD-88B2-A7F00B758F8F,3,4,17244,7099.771042,7183.011060,83.240,207.2,1536
TCGA-BH-A1EW-01Z-00-DX1.A6A5F9C5-FB97-4DA3-A1EA-1F84BC006681,0,4,16528,7338.659910,7417.310303,78.650,210.1,1536
TCGA-BH-A1EX-01Z-00-DX1.16B6A817-6729-446E-9FCF-A4A333C5295D,1,4,14423,6959.164121,7033.171759,74.008,194.9,1536
TCGA-BH-A1EY-01Z-00-DX1.25C3DE1F-C702-4959-8DFA-69EF78AD9307,2,4,12983,7165.837253,7229.141685,63.304,205.1,1536
TCGA-BH-A1F0-01Z-00-DX1.E1557A67-230A-4337-AEC8-158258A917FF,3,4,5860,7183.236560,7211.332969,28.096,208.6,1536
TCGA-BH-A1F2-01Z-00-DX1.17E2FD6F-0DCF-425B-864B-21ADCDAE734B,0,4,10561,7417.561968,7467.916383,50.354,209.7,1536
TCGA-BH-A1F5-01Z-00-DX1.9A1AA3BB-80B1-473D-B075-8D65A94C4E0B,1,4,22545,7033.519152,7142.803986,109.285,206.3,1536
TCGA-BH-A1F6-01Z-00-DX1.E83F0DC0-EA2C-4641-81B0-8702B9C5D579,2,4,14220,7229.390639,7298.414466,69.024,206.0,1536
TCGA-BH-A1F8-01Z-00-DX1.8BB026F7-35CB-483F-B665-4C3A3EF47E1B,3,4,29176,7211.663433,7353.650250,141.987,205.5,1536
TCGA-BH-A1FB-01Z-00-DX1.9D778D1A-07F6-450D-B7AA-0E17B4D0A88C,0,4,17444,7468.180965,7551.405602,83.225,209.6,1536
TCGA-BH-A1FC-01Z-00-DX1.B816A21B-1559-42F5-902A-A1532E59C015,1,4,8152,7143.089025,7183.994748,40.906,199.3,1536
TCGA-BH-A1FE-01Z-00-DX1.8FB57ECF-350B-44E4-8612-63E8374D3C4B,2,4,10248,7298.656188,7350.889008,52.233,196.2,1536
TCGA-BH-A1FG-01Z-00-DX1.DA665FB6-9DD9-4B18-A925-2EFD9BC4C43B,3,4,10115,7353.989027,7402.060031,48.071,210.4,1536
TCGA-BH-A1FH-01Z-00-DX1.F90A691F-B6DB-4C4A-9975-9A2CB01F29E2,0,4,13158,7551.671674,7616.864407,65.193,201.8,1536
TCGA-BH-A1FJ-01Z-00-DX1.BCED4CEF-2B33-45BA-ABC7-29BEE818F4A3,1,4,22336,7184.290121,7294.472321,110.182,202.7,1536
TCGA-BH-A1FL-01Z-00-DX1.D3E9F46E-9A28-4AAE-8C87-D6F1851227A3,2,4,23969,7351.203296,7467.056573,115.853,206.9,1536
TCGA-BH-A1FM-01Z-00-DX1.860C5169-FE2B-43A6-A13D-E736374303DD,3,4,12718,7402.277050,7462.966302,60.689,209.6,1536
TCGA-BH-A1FN-01Z-00-DX1.CEE3C59B-6CF0-4D41-8334-6067BB5A8BF7,0,4,12824,7617.123560,7678.523116,61.400,208.9,1536
TCGA-BH-A1FR-01Z-00-DX1.03E51FCD-DDF2-4924-827D-85A02280C9C7,1,4,20607,7294.846527,7397.572177,102.726,200.6,1536
TCGA-BH-A1FU-01Z-00-DX1.3D195750-8C9E-48C6-92EC-44AC6AB56267,2,4,8029,7467.339920,7506.621467,39.282,204.4,1536
TCGA-BH-A201-01Z-00-DX1.6D6E3224-50A0-45A2-B231-EEF27CA7EFD2,3,4,20218,7463.279244,7559.720448,96.441,209.6,1536
TCGA-BH-A202-01Z-00-DX1.8CECDB74-5E6F-4CE8-B52C-A89E574F38FB,0,4,14981,7678.801458,7754.328035,75.527,198.4,1536
TCGA-BH-A203-01Z-00-DX1.FAE40A13-0C4A-415F-9396-01041FF6B855,1,4,14677,7397.910841,7469.932057,72.021,203.8,1536
TCGA-BH-A204-01Z-00-DX1.9DCE8242-E862-45AB-9452-D7299110973F,2,4,12250,7506.811897,7568.014954,61.203,200.2,1536
TCGA-BH-A208-01Z-00-DX1.C7A2885D-0535-4506-B06E-82BC62D6DFE9,3,4,14133,7560.057098,7629.902352,69.845,202.3,1536
TCGA-BH-A209-01Z-00-DX1.88B11AEB-11FA-4D23-BC21-378EF177E04B,0,4,25363,7754.751517,7876.116909,121.365,209.0,1536
TCGA-BH-A28O-01Z-00-DX1.B37603E3-BC80-4DDA-B44D-B5F794E3398E,1,4,17129,7470.247203,7554.361106,84.114,203.6,1536
TCGA-BH-A28Q-01Z-00-DX1.C6D1CA93-6B2A-4722-9270-5D56592D833D,2,4,23090,7568.386686,7680.998573,112.612,205.0,1536
TCGA-BH-A2L8-01Z-00-DX1.ACA51CA9-3C38-48A6-B4A9-C12FFAB9AB56,3,4,24132,7630.284813,7749.184970,118.900,203.0,1536
TCGA-BH-A42T-01Z-00-DX1.6E4609B9-BE7E-4CA9-A1C0-A77A7DEFBB2B,0,4,12736,7876.480475,7938.886224,62.406,204.1,1536
TCGA-BH-A42U-01Z-00-DX1.130D060A-3DD8-407E-B8B0-EBBF743491AE,1,4,19653,7554.728880,7652.731616,98.003,200.5,1536
TCGA-BH-A42V-01Z-00-DX1.B6D78256-05D1-45FA-826A-1B8554D60B7D,2,4,4583,7681.238176,7707.479216,26.241,174.7,1536
TCGA-BH-A5IZ-01Z-00-DX1.6C871030-82E1-463E-A67B-976A5F3DCDB2,3,4,16723,7749.577113,7829.800243,80.223,208.5,1536
TCGA-BH-A5J0-01Z-00-DX1.73CFBC85-8449-48FF-86F8-D4D49A90498B,0,4,14605,7939.198124,8008.983425,69.785,209.3,1536
TCGA-C8-A12K-01Z-00-DX1.D71C7974-65F7-4EF0-8FFB-9F27CEC85242,1,4,10216,7653.015887,7706.500930,53.485,191.0,1536
TCGA-C8-A12L-01Z-00-DX1.01863BE4-F4AB-45DE-894A-46544777C519,2,4,11889,7707.650149,7765.478790,57.829,205.6,1536
TCGA-C8-A12M-01Z-00-DX1.0C5F2DED-873F-4C86-97A2-2AA76A6236DF,3,4,9561,7830.057926,7875.028505,44.971,212.6,1536
TCGA-C8-A12N-01Z-00-DX1.8E50110E-A6C0-496F-B44E-7190096C113E,0,4,7280,8009.184453,8046.492022,37.308,195.1,1536
TCGA-C8-A12O-01Z-00-DX1.A77E552B-7B69-45B7-B341-A03571F2A06C,1,4,7514,7706.669629,7743.719507,37.050,202.8,1536
TCGA-C8-A12P-01Z-00-DX1.670B5DE8-07B0-4E4C-93FA-FA3DFFCCE50D,2,4,6436,7765.638965,7796.972096,31.333,205.4,1536
TCGA-C8-A12Q-01Z-00-DX1.CE74E5B7-FD30-4CBE-8716-ECCF2213AAC3,3,4,10666,7875.228181,7927.193006,51.965,205.3,1536
TCGA-C8-A12T-01Z-00-DX1.EF628C26-C570-4D15-A0C0-58B2CC40ABFC,0,4,12701,8046.668341,8107.810121,61.142,207.7,1536
TCGA-C8-A12U-01Z-00-DX1.8E90FC9F-630E-4611-A5D2-D6F11DBE81EF,1,4,17457,7743.995532,7830.294075,86.299,202.3,1536
TCGA-C8-A12V-01Z-00-DX1.84B29360-B87B-4648-A697-B6610336C2BB,2,4,15426,7797.173812,7872.485910,75.312,204.8,1536
TCGA-C8-A12W-01Z-00-DX1.3727E7BB-831E-42DB-B5CB-F2D7C649290F,3,4,10397,7927.404603,7976.618321,49.214,211.3,1536
TCGA-C8-A12X-01Z-00-DX1.2967579D-40AE-4425-BE81-5109713C16B4,0,4,8621,8108.001274,8148.684308,40.683,211.9,1536
TCGA-C8-A12Y-01Z-00-DX1.A15CB3E2-E145-4C75-8FEA-1DD503CD7C20,1,4,10151,7830.538101,7880.060765,49.523,205.0,1536
TCGA-C8-A12Z-01Z-00-DX1.22616420-7C80-42DE-9C44-0F00327681C6,2,4,11845,7872.743064,7932.056204,59.313,199.7,1536
TCGA-C8-A130-01Z-00-DX1.F6810204-C35A-4461-A18A-0A117739B988,3,4,8172,7976.813921,8015.938579,39.125,208.9,1536
TCGA-C8-A131-01Z-00-DX1.5CB27A29-9951-40B9-B4DB-26A4D2EA89B8,0,4,8861,8148.872747,8193.592137,44.719,198.1,1536
TCGA-C8-A132-01Z-00-DX1.6CCE1FE0-BB4B-4046-BAF0-43AA110B2EBE,1,4,5453,7880.235961,7906.932146,26.696,204.3,1536
TCGA-C8-A133-01Z-00-DX1.AFEE2057-2793-49E4-A477-E0DE3F6C67F9,2,4,10577,7932.308213,7983.451763,51.144,206.8,1536
TCGA-C8-A134-01Z-00-DX1.78D10BCC-98B3-4587-897D-3E27DA28D2EB,3,4,7117,8016.099933,8051.906214,35.806,198.8,1536
TCGA-C8-A135-01Z-00-DX1.B69A605E-B577-4F43-9471-2C95312B05D9,0,4,13974,8193.840368,8261.076655,67.236,207.8,1536
TCGA-C8-A137-01Z-00-DX1.87F3775D-A401-4D5E-843F-8FB1D4BE97F8,1,4,8430,7907.087780,7948.882283,41.795,201.7,1536
TCGA-C8-A138-01Z-00-DX1.845A0680-23A4-4A58-A9C4-2EE17BDBD371,2,4,9848,7983.655566,8031.770589,48.115,204.7,1536
TCGA-C8-A1HE-01Z-00-DX1.83A5D816-E3A6-46B8-B1B8-B31486EB686E,3,4,7596,8052.056646,8088.395251,36.339,209.0,1536
TCGA-C8-A1HF-01Z-00-DX1.81EF9A57-54E1-4750-9816-5571FD18A297,0,4,14700,8261.365411,8334.589460,73.224,200.8,1536
TCGA-C8-A1HG-01Z-00-DX1.F2AB6D0F-4D6B-491F-915B-92E838E79D67,1,4,16850,7949.181108,8031.937769,82.757,203.6,1536
TCGA-C8-A1HI-01Z-00-DX1.C6D0F8B8-55ED-477F-BAF7-AA05D0449CC8,2,4,9937,8031.970956,8082.063827,50.093,198.4,1536
TCGA-C8-A1HJ-01Z-00-DX1.745159F1-85E7-4CC0-B088-E1CA91916FB8,3,4,10132,8088.582918,8136.967915,48.385,209.4,1536
TCGA-C8-A1HK-01Z-00-DX1.A15F452B-1260-4106-86D1-05F00082F0CE,0,4,9874,8334.817180,8385.675855,50.859,194.1,1536
TCGA-C8-A1HL-01Z-00-DX1.CC21CAE9-DE48-4ADE-A959-5A99010AAFAC,1,4,10825,8032.195643,8087.903338,55.708,194.3,1536
TCGA-C8-A1HM-01Z-00-DX1.F93C3F56-3AA6-4D38-B51E-4694CBEA3830,2,4,6087,8082.228078,8112.121203,29.893,203.6,1536
TCGA-C8-A1HN-01Z-00-DX1.7EBBEAB1-EBB7-456F-8848-AFE2263242B7,3,4,7768,8137.164862,8175.980208,38.815,200.1,1536
TCGA-C8-A1HO-01Z-00-DX1.0C702CEE-C373-4D00-A706-32206D41AC17,0,4,8790,8385.871041,8428.115203,42.244,208.1,1536
TCGA-C8-A26V-01Z-00-DX1.6E86DF74-D575-4969-8142-963D9DF5208F,1,4,9195,8088.102115,8133.274167,45.172,203.6,1536
TCGA-C8-A26W-01Z-00-DX1.CFF07941-6CD1-4CF9-BE5F-387DA67B66CC,2,4,14442,8112.330977,8185.097101,72.766,198.5,1536
TCGA-C8-A26X-01Z-00-DX1.FBD86F91-BAD7-4484-8D50-202340FBF242,3,4,4643,8176.104891,8198.406883,22.302,208.2,1536
TCGA-C8-A26Y-01Z-00-DX1.166EE604-4EF3-401D-99E9-3A9711316CC4,0,4,6372,8428.261946,8460.116044,31.854,200.0,1536
TCGA-C8-A26Z-01Z-00-DX1.1A15D951-F3BD-4024-91DD-E7633C09A837,1,4,14031,8133.513006,8204.531569,71.019,197.6,1536
TCGA-C8-A273-01Z-00-DX1.6E5D581F-DF80-478D-82D1-6D6525EED1B5,2,4,8492,8185.316140,8226.829669,41.514,204.6,1536
TCGA-C8-A274-01Z-00-DX1.B667DAB1-C944-4285-A312-5E4DDAE0EE78,3,4,11232,8198.568508,8252.201225,53.633,209.4,1536
TCGA-C8-A275-01Z-00-DX1.44D27E67-4DD6-4893-B38A-01E48F5A358A,0,4,12354,8460.307560,8525.056120,64.749,190.8,1536
TCGA-C8-A278-01Z-00-DX1.188B3FE0-7B20-401A-A6B7-8F1798018162,1,4,6826,8204.736918,8238.502403,33.765,202.2,1536
TCGA-C8-A27A-01Z-00-DX1.0E26C46D-CD65-40F3-8976-EB4415582934,2,4,8155,8227.004121,8266.704450,39.700,205.4,1536
TCGA-C8-A27B-01Z-00-DX1.5A8A14E8-6430-4147-9C71-805024E098CB,3,4,10658,8252.405233,8306.504803,54.100,197.0,1536
TCGA-C8-A3M7-01Z-00-DX1.846C75F1-2E7E-44F7-B21F-C246141558FA,0,4,17951,8525.355839,8609.942866,84.587,212.2,1536
TCGA-C8-A3M8-01Z-00-DX1.97AC85E0-6281-4F2E-8034-24AD5F52D5A6,1,4,7737,8238.653953,8278.903861,40.250,192.2,1536
TCGA-C8-A8HP-01Z-00-DX1.B6EE8271-2E51-4184-9B0C-2ADA69B4A714,2,4,6970,8266.827621,8303.344956,36.517,190.9,1536
TCGA-C8-A8HQ-01Z-00-DX1.A08190B5-F17E-4057-9DBD-B2F34CAEAFDC,3,4,10155,8306.711454,8355.209050,48.498,209.4,1536
TCGA-C8-A8HR-01Z-00-DX1.8E841CA8-1CE2-4242-AC5A-3247075CF8F4,0,4,5410,8610.151054,8636.244794,26.094,207.3,1536
TCGA-C8-A9FZ-01Z-00-DX1.FA6B5909-3024-44B9-9CC5-71F8AB133A45,1,4,22013,8279.218158,8390.847141,111.629,197.2,1536
TCGA-D8-A13Y-01Z-00-DX1.02321E77-A11E-41A5-95FE-BB897EA5CE58,2,4,13532,8303.560760,8372.777568,69.217,195.5,1536
TCGA-D8-A13Y-01Z-00-DX2.0043D2BB-B04D-4A44-AAB1-1CAAD97AC246,3,4,10525,8355.422850,8409.605850,54.183,194.2,1536
TCGA-D8-A13Z-01Z-00-DX1.517140BB-D34C-42F8-952C-340EF16D382F,0,4,14788,8636.459032,8709.539290,73.080,202.4,1536
TCGA-D8-A140-01Z-00-DX1.5B9382C0-332C-4FBF-82CD-B9453D02B815,1,4,3675,8391.083967,8409.107678,18.024,203.9,1536
TCGA-D8-A140-01Z-00-DX2.0C0A62BB-1FB8-47D8-8FAF-112D221F18BE,2,4,4027,8372.953117,8392.908500,19.955,201.8,1536
TCGA-D8-A141-01Z-00-DX1.10F6EEB2-C920-43FF-B5A7-B5A651CBDBE3,3,4,6465,8409.776085,8440.414787,30.639,211.0,1536
TCGA-D8-A141-01Z-00-DX2.DBD0D81E-28FC-4466-BDE3-94753BD6CBEB,0,4,8348,8709.746853,8753.730134,43.983,189.8,1536
TCGA-D8-A142-01Z-00-DX1.F6D58989-9120-40C9-918D-6B1650C1A8E8,1,4,13144,8409.296590,8474.688616,65.392,201.0,1536
TCGA-D8-A143-01Z-00-DX1.4697FB2F-91D5-4506-AF23-7DE304D44A3F,2,4,12966,8393.085064,8457.759834,64.675,200.5,1536
TCGA-D8-A145-01Z-00-DX1.34D4EC27-7FD7-4BE2-95A4-CA521CB5590E,3,4,12842,8440.608607,8507.953105,67.344,190.7,1536
TCGA-D8-A145-01Z-00-DX2.B834BF47-1CD6-45EA-BB88-D8ECE1FDDC6A,0,4,4213,8753.868545,8774.123670,20.255,208.0,1536
TCGA-D8-A146-01Z-00-DX1.D93FB315-E5D7-49BA-8380-38B16B70361B,1,4,6564,8474.873553,8512.642932,37.769,173.8,1536
TCGA-D8-A147-01Z-00-DX1.159094F2-BB78-4910-B7AE-3D7CAAB1DAD9,2,4,15034,8458.050704,8536.383093,78.332,191.9,1536
TCGA-D8-A1J8-01Z-00-DX1.EADAB43A-87C6-47FA-9120-25B69E23366D,3,4,14885,8508.239034,8578.363854,70.125,212.3,1536
TCGA-D8-A1J8-01Z-00-DX2.5DCB3447-548D-442C-86B1-CEF79B8689DF,0,4,21212,8774.403417,8878.085743,103.682,204.6,1536
TCGA-D8-A1J9-01Z-00-DX1.F81FA9EF-8129-4E17-A9AD-2B850782CC18,1,4,26031,8513.012102,8638.787521,125.775,207.0,1536
TCGA-D8-A1J9-01Z-00-DX2.E1C59487-9563-4501-845F-2067A0C5C59B,2,4,8329,8536.611271,8576.790858,40.180,207.3,1536
TCGA-D8-A1JA-01Z-00-DX1.BD43F94A-D5A8-490E-AED4-5F3AB24080FA,3,4,18323,8578.697870,8668.435874,89.738,204.2,1536
TCGA-D8-A1JB-01Z-00-DX1.6CF48257-066C-4B8C-91AA-30A6B4AD4307,0,4,14248,8878.403174,8948.643733,70.241,202.8,1536
TCGA-D8-A1JC-01Z-00-DX1.16D32FE8-4D76-4EEC-9739-D394087605BC,1,4,3665,8639.085089,8659.763379,20.678,177.2,1536
TCGA-D8-A1JC-01Z-00-DX2.854ABF5D-40F1-48AE-802F-97D75497F1FD,2,4,12980,8577.019147,8640.245613,63.226,205.3,1536
TCGA-D8-A1JD-01Z-00-DX1.6D215B14-DD90-4635-8645-AF06EBD9BA3F,3,4,14554,8668.754465,8738.359018,69.605,209.1,1536
TCGA-D8-A1JD-01Z-00-DX2.C6A7667E-25C9-48BD-A4E7-F4BB740FE589,0,4,11467,8948.913715,9004.053931,55.140,208.0,1536
TCGA-D8-A1JE-01Z-00-DX1.714805A1-E337-46DA-88D9-6CE4B4E3C2D0,1,4,20228,8660.032578,8763.162746,103.130,196.1,1536
TCGA-D8-A1JE-01Z-00-DX2.CCF3DFEF-E851-425A-BCD0-0F7B377A00BC,2,4,7329,8640.445392,8677.573810,37.128,197.4,1536
TCGA-D8-A1JF-01Z-00-DX1.224EDA43-F822-4A88-814A-BA7D4C60F8CC,3,4,20007,8738.710599,8836.378885,97.668,204.8,1536
TCGA-D8-A1JG-01Z-00-DX1.BA6D5CC7-3A9B-4D17-A86A-B159D345A216,0,4,19489,9004.382535,9099.756278,95.374,204.3,1536
TCGA-D8-A1JH-01Z-00-DX1.4A4F2502-612C-421D-9F64-444BF2C85620,1,4,18358,8763.541696,8854.716871,91.175,201.3,1536
TCGA-D8-A1JI-01Z-00-DX1.9BDB647F-EEAB-4235-BE44-A3815A48CCE0,2,4,9371,8677.736283,8723.407752,45.671,205.2,1536
TCGA-D8-A1JI-01Z-00-DX2.E688E270-26C9-43EC-BC26-86BF8B74A31D,3,4,8616,8836.648102,8879.369770,42.722,201.7,1536
TCGA-D8-A1JJ-01Z-00-DX1.a986b48f-b295-4d7a-b778-ce829cdf9c38,0,4,12471,9100.060739,9163.516423,63.456,196.5,1536
TCGA-D8-A1JJ-01Z-00-DX2.7D20F308-7DC6-4367-9459-3AC4C654E7F7,1,4,14910,8855.049542,8926.418741,71.369,208.9,1536
TCGA-D8-A1JK-01Z-00-DX1.3190C919-A403-460D-9F6C-D2AB5FD3FD05,2,4,21095,8723.725966,8830.167346,106.441,198.2,1536
TCGA-D8-A1JL-01Z-00-DX1.FE3F0C6B-F98A-4036-BF9A-25A8CC66B1FD,3,4,25697,8879.737734,9003.676973,123.939,207.3,1536
TCGA-D8-A1JM-01Z-00-DX1.3CD15BC8-08B3-4BEE-9FD7-A8BEED33268E,0,4,11874,9163.781145,9221.329107,57.548,206.3,1536
TCGA-D8-A1JN-01Z-00-DX1.3B02989C-CEA0-4EDD-A6DC-21C3A957C640,1,4,20664,8926.782194,9030.401426,103.619,199.4,1536
TCGA-D8-A1JP-01Z-00-DX1.B02959C4-6AAD-4ACA-9838-61D224D838E4,2,4,10036,8830.446211,8881.502603,51.056,196.6,1536
TCGA-D8-A1JS-01Z-00-DX1.76C592B0-DC6D-401A-9533-C9FE5B6CA08D,3,4,12786,9004.045333,9067.997807,63.952,199.9,1536
TCGA-D8-A1JT-01Z-00-DX1.F278C419-E405-4BDA-BA50-BFBA08801168,0,4,12461,9221.589116,9283.790994,62.202,200.3,1536
TCGA-D8-A1JT-01Z-00-DX2.8DB9BB5B-17F3-4D80-835D-872BA275FD3B,1,4,7466,9030.665944,9069.850874,39.185,190.5,1536
TCGA-D8-A1JU-01Z-00-DX1.355D93B4-E69E-417C-B3D1-3E1AAF1E02FE,2,4,8655,8881.700798,8923.066547,41.366,209.2,1536
TCGA-D8-A1X5-01Z-00-DX1.81B10B43-0D99-44D0-A245-D652041B8FEE,3,4,12757,9068.262322,9128.815300,60.553,210.7,1536
TCGA-D8-A1X5-01Z-00-DX2.E4D28EE2-9C87-4613-BD2E-89FBEF960DEE,0,4,22123,9284.162237,9394.398919,110.237,200.7,1536
TCGA-D8-A1X6-01Z-00-DX1.ABF237D4-708C-46A5-AEF8-58712E5DCC04,1,4,15667,9070.091625,9146.592952,76.501,204.8,1536
TCGA-D8-A1X6-01Z-00-DX2.F36D68F2-70C3-4E0E-ABE6-6969170BA6DC,2,4,13822,8923.268091,8992.946633,69.679,198.4,1536
TCGA-D8-A1X7-01Z-00-DX1.3529AEED-2827-4D94-9A8B-32F116EE49D5,3,4,8856,9129.018126,9175.466763,46.449,190.7,1536
TCGA-D8-A1X7-01Z-00-DX2.F0631B8C-EB75-4995-8ED7-1A8972BE8997,0,4,14478,9394.768045,9466.838695,72.071,200.9,1536
TCGA-D8-A1X8-01Z-00-DX1.DDA3866E-C7CC-4650-BE2B-5C9A98A2D531,1,4,10892,9146.864041,9205.517910,58.654,185.7,1536
TCGA-D8-A1X9-01Z-00-DX1.28CE7849-EEC5-4ABB-A319-A977A1FD3CD1,2,4,12643,8993.213732,9056.538314,63.325,199.7,1536
TCGA-D8-A1XA-01Z-00-DX1.36A807F0-2D35-4CE3-8A27-CC59181B1A3D,3,4,2056,9175.580590,9185.688942,10.108,203.4,1536
TCGA-D8-A1XB-01Z-00-DX1.DA8E2FA4-DBBA-4157-8052-B90FB3BB58F1,0,4,15520,9467.144932,9541.892502,74.748,207.6,1536
TCGA-D8-A1XB-01Z-00-DX2.B262C269-F22B-4306-8195-079C0874EF8E,1,4,14155,9205.788262,9274.884733,69.096,204.9,1536
TCGA-D8-A1XC-01Z-00-DX1.E7494388-838B-4D35-9CA1-77017CBE77F2,2,4,14911,9056.822162,9128.852300,72.030,207.0,1536
TCGA-D8-A1XC-01Z-00-DX2.10BA8536-D6AF-460E-9796-EB77FFE3EF5B,3,4,17061,9185.881349,9266.829616,80.948,210.8,1536
TCGA-D8-A1XD-01Z-00-DX1.E500D561-1F49-4F08-99AE-E8345F21B406,0,4,14696,9542.203400,9616.297549,74.094,198.3,1536
TCGA-D8-A1XF-01Z-00-DX1.8B9AB4A1-DEC5-4587-B022-3077CCD220F9,1,4,10856,9275.149835,9332.317998,57.168,189.9,1536
TCGA-D8-A1XF-01Z-00-DX2.1460E522-5B87-4690-8B6B-3183C5D282D6,2,4,15671,9129.176521,9210.488533,81.312,192.7,1536
TCGA-D8-A1XG-01Z-00-DX1.0A58EF43-B97E-4111-8DC3-2F8D9BDBE7D6,3,4,11521,9267.083748,9325.163316,58.080,198.4,1536
TCGA-D8-A1XJ-01Z-00-DX1.660DDF8D-6816-4EBE-AF37-6F7A374F4E9E,0,4,12470,9616.560679,9676.237208,59.677,209.0,1536
TCGA-D8-A1XK-01Z-00-DX1.41EB1BBC-F230-4E3F-8C4E-CE331CAF1935,1,4,13127,9332.549302,9399.661477,67.112,195.6,1536
TCGA-D8-A1XL-01Z-00-DX1.FDF07020-8F40-4C00-9023-E5F40E0D8A7C,2,4,8848,9210.728063,9253.285688,42.558,207.9,1536
TCGA-D8-A1XL-01Z-00-DX2.FDE2C80D-5DC4-4743-A180-C5AFC5BB0BE2,3,4,15745,9325.458040,9404.222196,78.764,199.9,1536
TCGA-D8-A1XM-01Z-00-DX1.5F6A140E-5D20-45F6-B76F-0F98AB27AD08,0,4,5644,9676.434773,9705.996770,29.562,190.9,1536
TCGA-D8-A1XO-01Z-00-DX1.A9EF6AFF-62B0-4E2D-ABC7-DC06FF473890,1,4,10467,9399.914767,9451.513138,51.598,202.9,1536
TCGA-D8-A1XQ-01Z-00-DX1.1A17A5C7-F14B-4AD2-AD5F-D3400D86A366,2,4,9225,9253.503164,9300.794984,47.292,195.1,1536
TCGA-D8-A1XR-01Z-00-DX1.7F443346-C564-47B6-9736-6944230CAF46,3,4,31991,9404.716793,9563.958759,159.242,200.9,1536
TCGA-D8-A1XR-01Z-00-DX2.A103FB8B-4397-4DD4-8587-90A736407484,0,4,12433,9706.188084,9765.691458,59.503,208.9,1536
TCGA-D8-A1XS-01Z-00-DX1.E5C78E5A-947C-499D-9E95-619FEEC63E69,1,4,14798,9451.773305,9526.729560,74.956,197.4,1536
TCGA-D8-A1XS-01Z-00-DX2.ED8BBDB4-CEA6-4E47-8214-4666F3CC6E44,2,4,13758,9301.035608,9368.691866,67.656,203.4,1536
TCGA-D8-A1XT-01Z-00-DX1.9E4DEEEB-AB0A-45F6-A69B-65B3E6F22D46,3,4,15831,9564.392356,9640.341295,75.949,208.4,1536
TCGA-D8-A1XU-01Z-00-DX1.769DBC38-6F0D-425B-A904-79EBA1C119EF,0,4,8738,9765.922677,9810.791010,44.868,194.7,1536
TCGA-D8-A1XV-01Z-00-DX1.D0D78B02-2A0D-4107-8083-D2FE1D3F1207,1,4,12519,9526.996499,9591.843513,64.847,193.1,1536
TCGA-D8-A1XV-01Z-00-DX2.D1988E01-5FDC-4F50-8183-F0CCE74D0CB2,2,4,11410,9368.936184,9427.208445,58.272,195.8,1536
TCGA-D8-A1XW-01Z-00-DX1.10187A1F-086B-4CD9-AC01-ADA2E435CD34,3,4,14611,9640.641213,9712.070320,71.429,204.6,1536
TCGA-D8-A1XW-01Z-00-DX2.9849E503-BE3E-417C-ABE8-93A39583DDE0,0,4,17863,9811.085286,9897.050156,85.965,207.8,1536
TCGA-D8-A1XY-01Z-00-DX1.AC051FB4-1D51-449B-BF2D-9DDB4382414C,1,4,12688,9592.106271,9654.408870,62.303,203.7,1536
TCGA-D8-A1XY-01Z-00-DX2.33D96E5C-5291-4864-B282-8BACA2043586,2,4,11690,9427.443747,9486.767904,59.324,197.1,1536
TCGA-D8-A1XZ-01Z-00-DX1.8E51A61D-B01C-4A52-8F5D-44D2ABCA46FC,3,4,10477,9712.344158,9762.124092,49.780,210.5,1536
TCGA-D8-A1XZ-01Z-00-DX2.73D59546-C003-4DED-80D5-866E7055EC79,0,4,8705,9897.301438,9940.007036,42.706,203.8,1536
TCGA-D8-A1Y0-01Z-00-DX1.10F40197-4174-43CC-AAD3-8CB85154FB2D,1,4,6329,9654.608968,9688.491775,33.883,186.8,1536
TCGA-D8-A1Y0-01Z-00-DX2.7C25E941-12A6-46CE-B1A5-488D08E35684,2,4,6531,9486.971295,9518.878911,31.908,204.7,1536
TCGA-D8-A1Y1-01Z-00-DX1.477390C8-2141-4ADD-813E-25220D2A71FC,3,4,22605,9762.470716,9874.182974,111.712,202.4,1536
TCGA-D8-A1Y1-01Z-00-DX2.B58DC955-F864-4E78-8B1A-8156E2F7D554,0,4,11386,9940.218487,9997.259233,57.041,199.6,1536
TCGA-D8-A1Y2-01Z-00-DX1.77451A0F-00FD-44A9-A0D0-CB7A39CE74CC,1,4,11595,9688.677809,9745.220894,56.543,205.1,1536
TCGA-D8-A1Y2-01Z-00-DX2.A563ABFE-18DE-4D78-BB66-9CD18D3CBE3A,2,4,9770,9519.049299,9569.074487,50.025,195.3,1536
TCGA-D8-A1Y3-01Z-00-DX1.8AA5F695-A06C-4DEA-AD71-16254A48B218,3,4,11294,9874.493411,9929.057368,54.564,207.0,1536
TCGA-D8-A1Y3-01Z-00-DX2.B9BD14AF-52A6-4241-B3B3-03F8F5DFC8DA,0,4,21923,9997.588721,10104.794965,107.206,204.5,1536
TCGA-D8-A27E-01Z-00-DX1.7950998F-7E23-4C70-A926-1ADAA5A20BED,1,4,4807,9745.390457,9769.058141,23.668,203.1,1536
TCGA-D8-A27F-01Z-00-DX1.C1A87F27-49F1-46BA-B2E2-A89293F7FD0C,2,4,15178,9569.343201,9643.545437,74.202,204.5,1536
TCGA-D8-A27G-01Z-00-DX1.04FCF306-67AA-4F56-AE90-44A4F5DD56D4,3,4,11759,9929.292239,9988.082255,58.790,200.0,1536
TCGA-D8-A27H-01Z-00-DX1.BE9DFDD4-97C5-4327-B1DA-4B34A6F267C5,0,4,9667,10105.078616,10150.577953,45.499,212.5,1536
TCGA-D8-A27I-01Z-00-DX1.ACAE0048-7AF0-41C9-992B-6ACDABF80B1C,1,4,4587,9769.161949,9794.761620,25.600,179.2,1536
TCGA-D8-A27K-01Z-00-DX1.25AF7928-046B-45BF-BAD6-F34156203F5A,2,4,13607,9643.832469,9712.669828,68.837,197.7,1536
TCGA-D8-A27L-01Z-00-DX1.6572593C-B015-4F9A-8C9B-B634CAA0D3B4,3,4,8301,9988.282321,10027.122728,38.840,213.7,1536
TCGA-D8-A27M-01Z-00-DX1.3020D223-2400-4A2D-8BFE-08A5B78FE13B,0,4,11335,10150.779054,10204.653739,53.875,210.4,1536
TCGA-D8-A27N-01Z-00-DX1.85613A4F-1FFB-4091-B925-8E8A7C7A6D95,1,4,9811,9794.910444,9842.805034,47.895,204.8,1536
TCGA-D8-A27N-01Z-00-DX2.EB803DEC-438B-43A9-B906-FD7C3B9A0138,2,4,2639,9712.837597,9725.768915,12.931,204.1,1536
TCGA-D8-A27P-01Z-00-DX1.EF426996-D0DC-4418-BEC4-F7CE3C82C869,3,4,9040,10027.296779,10069.176687,41.880,215.9,1536
TCGA-D8-A27R-01Z-00-DX1.F6E2FD1C-0666-4788-8D95-A76D15907270,0,4,19743,10204.970347,10302.984772,98.014,201.4,1536
TCGA-D8-A27R-01Z-00-DX2.31F47D8F-DFD7-42AE-BBBA-7DBBA12FA97D,1,4,18182,9843.111219,9933.322431,90.211,201.5,1536
TCGA-D8-A27T-01Z-00-DX1.1E3A4D57-9CF2-4EBF-B74D-ADD7BD8CBFA5,2,4,19168,9725.978958,9822.035899,96.057,199.5,1536
TCGA-D8-A27T-01Z-00-DX2.7CCFE3AA-955B-4D77-9EDB-7B36D5A01168,3,4,1386,10069.285399,10075.780822,6.495,213.4,1536
TCGA-D8-A27V-01Z-00-DX1.F937C53B-0B55-4271-843E-2C28F72CF28E,0,4,22564,10303.381877,10412.531731,109.150,206.7,1536
TCGA-D8-A27V-01Z-00-DX2.81E4FFDF-7123-4AC3-BE24-A82564A6C34C,1,4,3991,9933.520718,9953.529157,20.008,199.5,1536
TCGA-D8-A27W-01Z-00-DX1.CE2D4FEA-284C-44AF-A70F-7956D91CCB29,2,4,29428,9822.491863,9968.957467,146.466,200.9,1536
TCGA-D8-A27W-01Z-00-DX2.4E0D2E4E-5662-4305-8FC2-C651CDDA4998,3,4,12978,10075.924940,10141.023405,65.098,199.4,1536
TCGA-D8-A3Z5-01Z-00-DX1.4DBF937F-623C-4212-8493-ECE3C8F555E3,0,4,18883,10412.940514,10507.842581,94.902,199.0,1536
TCGA-D8-A3Z5-01Z-00-DX2.6196B9FF-F09E-4D44-873D-E53BFB2BF4E1,1,4,15503,9953.765957,10028.928657,75.163,206.3,1536
TCGA-D8-A3Z5-01Z-00-DX3.BB83C7D4-F795-47E7-9A5C-7DBF0EB7FDAA,2,4,13359,9969.359053,10033.410458,64.051,208.6,1536
TCGA-D8-A3Z6-01Z-00-DX1.4076A770-5901-4325-85C3-AF7B192272F5,3,4,9706,10141.255142,10187.183471,45.928,211.3,1536
TCGA-D8-A3Z6-01Z-00-DX2.19C6AA07-5D58-46CD-91D0-90DD5CC84022,0,4,13172,10508.151273,10570.196115,62.045,212.3,1536
TCGA-D8-A3Z6-01Z-00-DX3.66566DB7-661D-4002-90C1-B15BF3425903,1,4,1915,10029.089878,10038.215920,9.126,209.8,1536
TCGA-D8-A4Z1-01Z-00-DX1.D39D38B5-FC9F-4298-8720-016407DC6591,2,4,7157,10033.626258,10067.710699,34.084,210.0,1536
TCGA-D8-A73U-01Z-00-DX1.6ECEF7C0-00CC-4AC2-87BD-DBFB6E0DC042,3,4,4043,10187.338134,10206.714519,19.376,208.7,1536
TCGA-D8-A73U-01Z-00-DX2.91F571C8-303C-463D-952C-263FAA5097DF,0,4,1578,10570.345718,10577.838781,7.493,210.6,1536
TCGA-D8-A73W-01Z-00-DX1.2A4B8A37-BE62-42C8-A109-800A7970FF0F,1,4,16239,10038.409408,10118.178813,79.769,203.6,1536
TCGA-D8-A73W-01Z-00-DX2.EBBBBA5A-AB7C-49EC-9F7F-14248C928F3A,2,4,15347,10067.903068,10144.733426,76.830,199.8,1536
TCGA-D8-A73X-01Z-00-DX1.5F0DF75C-594C-42DF-BE3F-E00E5E01DCD6,3,4,4863,10206.811026,10230.292989,23.482,207.1,1536
TCGA-D8-A73X-01Z-00-DX2.1ABCCE71-A70C-48C3-924E-2C8F5F71E269,0,4,16971,10578.044551,10662.239162,84.195,201.6,1536
TCGA-E2-A105-01Z-00-DX1.192813F9-2D7B-40C7-88D9-BFA939D43FEE,1,4,8082,10118.411194,10156.632952,38.222,211.5,1536
TCGA-E2-A106-01Z-00-DX1.A8D49C06-3C93-48A6-87F8-86D646BEA28C,2,4,6655,10144.946496,10177.167478,32.221,206.5,1536
TCGA-E2-A107-01Z-00-DX1.3BFCCC24-7286-488D-A9E9-98E498AD0767,3,4,16840,10230.518341,10313.266713,82.748,203.5,1536
TCGA-E2-A108-01Z-00-DX1.B110ED43-08A4-476A-A658-1CA75F7C0DDE,0,4,12604,10662.523236,10723.019739,60.497,208.3,1536
TCGA-E2-A109-01Z-00-DX1.FCF5E9FC-F9FE-4F5F-96DD-5628E2609BEF,1,4,9616,10156.824577,10203.513553,46.689,206.0,1536
TCGA-E2-A10A-01Z-00-DX1.98B19EF1-0DAE-4DC6-8B0E-963CFABC6724,2,4,13140,10177.366187,10241.541882,64.176,204.8,1536
TCGA-E2-A10B-01Z-00-DX1.148CFC4B-EE65-4A7E-918F-10C72F37CB0F,3,4,12455,10313.550021,10375.117474,61.567,202.3,1536
TCGA-E2-A10C-01Z-00-DX1.29A2B20B-29C6-4491-ADAB-0584C772EF25,0,4,9791,10723.254750,10771.906588,48.652,201.2,1536
TCGA-E2-A10E-01Z-00-DX1.C45030A9-CC1A-4BA7-8F62-872619C5AD5E,1,4,16853,10203.778137,10290.031598,86.253,195.4,1536
TCGA-E2-A10F-01Z-00-DX1.18F9324C-A38F-478E-95DF-B8E172D0DD07,2,4,5972,10241.726155,10273.563101,31.837,187.6,1536
TCGA-E2-A14N-01Z-00-DX1.15F5644F-CA9F-4688-B56E-BCC00CA4769B,3,4,9902,10375.356277,10422.699272,47.343,209.2,1536
TCGA-E2-A14O-01Z-00-DX1.432DB252-35D4-4B02-B0A7-39BF85A38F89,0,4,5767,10772.071147,10799.477739,27.407,210.4,1536
TCGA-E2-A14P-01Z-00-DX1.663B02FF-C64B-41A6-8685-FD61CD76F9C6,1,4,13781,10290.344287,10356.976203,66.632,206.8,1536
TCGA-E2-A14Q-01Z-00-DX1.C19BA7FD-D986-4E3B-9A79-F3531A78F05D,2,4,20196,10273.842052,10374.331548,100.489,201.0,1536
TCGA-E2-A14R-01Z-00-DX1.DDE62ED5-1FC0-4B3B-A874-95C08B33AB20,3,4,11653,10422.949336,10482.223012,59.274,196.6,1536
TCGA-E2-A14S-01Z-00-DX1.5C332E99-7296-473A-9917-7EFC38A8251D,0,4,5482,10799.603305,10826.983190,27.380,200.2,1536
TCGA-E2-A14T-01Z-00-DX1.61B4C988-6D75-447B-A5F4-9DE92CEACC9F,1,4,8380,10357.188264,10400.475320,43.287,193.6,1536
TCGA-E2-A14U-01Z-00-DX1.F788A244-6C96-4CDC-AD9A-157DE951A723,2,4,12768,10374.654713,10436.764279,62.110,205.6,1536
TCGA-E2-A14V-01Z-00-DX1.D6274B5E-644C-478C-817F-B8BB9262D6F4,3,4,9278,10482.429841,10526.084708,43.655,212.5,1536
TCGA-E2-A14W-01Z-00-DX1.2AF665A9-F582-4C41-B2B8-1982648CDEC7,0,4,4117,10827.098828,10846.763257,19.664,209.4,1536
TCGA-E2-A14X-01Z-00-DX1.24ADDA43-F127-4A6B-9AAD-2FAD982A853D,1,4,17089,10400.745293,10488.871066,88.126,193.9,1536
TCGA-E2-A14Y-01Z-00-DX1.804A22A3-FD8D-4C8A-A766-48D28434DE22,2,4,19386,10437.100687,10534.476026,97.375,199.1,1536
TCGA-E2-A14Z-01Z-00-DX1.A1344A78-1842-4578-8CDE-921E50656891,3,4,10183,10526.307522,10574.174470,47.867,212.7,1536
TCGA-E2-A150-01Z-00-DX1.55643D23-83E6-4058-8EA5-18AAA8547839,0,4,17012,10846.991593,10930.705545,83.714,203.2,1536
TCGA-E2-A152-01Z-00-DX1.B0860DEB-D34B-4C5D-97F5-C1C646437424,1,4,20708,10489.248304,10588.184807,98.937,209.3,1536
TCGA-E2-A153-01Z-00-DX1.CA994467-E541-4131-A9FC-DCD9944F29C4,2,4,9107,10534.756801,10578.479477,43.723,208.3,1536
TCGA-E2-A154-01Z-00-DX1.01FC9B1A-8ECD-4467-9EDD-0B02E4AEEF72,3,4,12588,10574.403147,10637.452922,63.050,199.7,1536
TCGA-E2-A155-01Z-00-DX1.A5AF232A-61BB-4FDC-ABF9-2FE9BA461BDC,0,4,14281,10931.014615,11001.342641,70.328,203.1,1536
TCGA-E2-A156-01Z-00-DX1.CEF32B4D-A676-4230-992D-45A046E4043A,1,4,11385,10588.501553,10648.234756,59.733,190.6,1536
TCGA-E2-A158-01Z-00-DX1.994C60FE-E651-4224-95E7-4669834F2338,2,4,4627,10578.628324,10600.881023,22.253,207.9,1536
TCGA-E2-A159-01Z-00-DX1.C8DC3356-CAE9-4E7A-AEFF-ABB4BE38192B,3,4,13558,10637.741392,10702.465911,64.725,209.5,1536
TCGA-E2-A15A-01Z-00-DX1.B9D22735-FE9F-46D9-84E6-0C71A1BF84D6,0,4,20549,11001.687774,11098.603875,96.916,212.0,1536
TCGA-E2-A15C-01Z-00-DX1.26E13415-1D37-43C7-9EBB-4411BE7FCE10,1,4,14939,10648.517884,10721.695752,73.178,204.1,1536
TCGA-E2-A15D-01Z-00-DX1.AA5AF847-3635-4BAF-AAC3-BADB4A1B2CB1,2,4,10599,10601.050571,10655.501717,54.451,194.7,1536
TCGA-E2-A15E-06Z-00-DX1.D394A007-91A2-4445-9B4A-1629EE684A51,3,4,16165,10702.767860,10782.177367,79.410,203.6,1536
TCGA-E2-A15F-01Z-00-DX1.F022214A-3F0C-4DA4-A0EE-735D27480A45,0,4,6131,11098.859186,11131.594104,32.735,187.3,1536
TCGA-E2-A15G-01Z-00-DX1.BAA5235E-1022-463B-A852-586ED7CA75FF,1,4,13858,10721.961990,10790.152281,68.190,203.2,1536
TCGA-E2-A15H-01Z-00-DX1.E3A9DFDC-204D-4F03-98D9-97BBBB74E840,2,4,11621,10655.724128,10712.252896,56.529,205.6,1536
TCGA-E2-A15I-01Z-00-DX1.DFF60A40-B03D-438F-A233-06132A213619,3,4,5012,10782.375714,10805.799514,23.424,214.0,1536
TCGA-E2-A15J-01Z-00-DX1.BF7901D1-30B1-4A76-B0A5-E9B8B36EF4C9,0,4,15013,11131.818635,11204.126079,72.307,207.6,1536
TCGA-E2-A15K-01Z-00-DX1.9F424BE2-9BFE-4DFF-8CC9-10D2DADBBEA7,1,4,5719,10790.352544,10817.561109,27.209,210.2,1536
TCGA-E2-A15L-01Z-00-DX1.626032DC-D396-48E7-B888-DFEBCF7102FF,2,4,15019,10712.541100,10787.586517,75.045,200.1,1536
TCGA-E2-A15M-01Z-00-DX1.6E4671E5-18EA-4464-BE7C-C94767136E5C,3,4,6296,10805.935905,10838.027284,32.091,196.2,1536
TCGA-E2-A15O-01Z-00-DX1.4D0F3975-93EA-4DC2-AD0C-A76A24C3AE0C,0,4,8366,11204.346718,11247.751993,43.405,192.7,1536
TCGA-E2-A15P-01Z-00-DX1.4C7F95DC-B319-4A78-8F34-8CB9166EA6A8,1,4,8628,10817.729001,10862.196414,44.467,194.0,1536
TCGA-E2-A15R-01Z-00-DX1.B58D2D9D-05EE-4D66-8DC0-9E5C6AD2E3D3,2,4,11863,10787.855153,10846.812152,58.957,201.2,1536
TCGA-E2-A15S-01Z-00-DX1.77CFA95F-F1AE-41BD-BAF8-BCA6F0DFA3A3,3,4,14522,10838.245452,10907.575721,69.330,209.5,1536
TCGA-E2-A15T-01Z-00-DX1.23913E37-53A8-4E11-9B64-CDD016F6D87A,0,4,19549,11248.029332,11340.046819,92.017,212.4,1536
TCGA-E2-A1AZ-01Z-00-DX1.FE769F5F-385B-4DCF-819A-735C98D84FA8,1,4,18548,10862.470866,10954.229111,91.758,202.1,1536
TCGA-E2-A1B0-01Z-00-DX1.4C50EC91-A62A-450E-88C0-7DCAB8E9724C,2,4,13031,10847.089497,10910.525802,63.436,205.4,1536
TCGA-E2-A1B1-01Z-00-DX1.7C8DF153-B09B-44C7-87B8-14591E319354,3,4,4475,10907.756309,10930.885169,23.129,193.5,1536
TCGA-E2-A1B4-01Z-00-DX1.E585C4FB-0D3E-4160-8192-53A329648F5C,0,4,9691,11340.311070,11392.966360,52.655,184.0,1536
TCGA-E2-A1B5-01Z-00-DX1.AB19FF3D-5C42-4D49-ABEA-D2315709B6EA,1,4,12780,10954.551464,11019.949238,65.398,195.4,1536
TCGA-E2-A1B6-01Z-00-DX1.8CD458BE-C4F9-4AF3-A927-18C042E9B4B7,2,4,9478,10910.758520,10958.973662,48.215,196.6,1536
TCGA-E2-A1BC-01Z-00-DX1.FD19F2F8-497F-4D7D-97C6-271DC6B75173,3,4,14942,10931.090353,11004.328397,73.238,204.0,1536
TCGA-E2-A1BD-01Z-00-DX1.A2AFF7AD-ED47-43E4-87FE-62882BAEB8DA,0,4,12624,11393.222441,11453.519633,60.297,209.4,1536
TCGA-E2-A1IE-01Z-00-DX1.D6BF29A7-4FBD-4F7D-B093-991FA0F49FE8,1,4,6981,11020.160258,11053.295060,33.135,210.7,1536
TCGA-E2-A1IF-01Z-00-DX1.51F5B0AC-E4D6-439D-8168-34934471FA06,2,4,16013,10959.233628,11039.295051,80.061,200.0,1536
TCGA-E2-A1IG-01Z-00-DX1.C894EEA1-708A-4043-8C60-3BCA98AA751E,3,4,19647,11004.676728,11096.833568,92.157,213.2,1536
TCGA-E2-A1IH-01Z-00-DX1.816F0C54-D87E-4E23-891B-98169F5B439B,0,4,2230,11453.668494,11464.400915,10.732,207.8,1536
TCGA-E2-A1II-01Z-00-DX1.7F782477-0F92-4C57-8735-A1E3F95A6B94,1,4,5819,11053.410559,11081.181636,27.771,209.5,1536
TCGA-E2-A1IJ-01Z-00-DX1.00093877-7B01-42D3-857C-987BC1F604A3,2,4,7023,11039.526269,11073.161067,33.635,208.8,1536
TCGA-E2-A1IK-01Z-00-DX1.25C554BB-AA90-4FF4-9D68-EEC899B8A27D,3,4,13059,11097.151643,11161.854989,64.703,201.8,1536
TCGA-E2-A1IL-01Z-00-DX1.46B6AA99-C7CE-4573-B15D-2C56A708B082,0,4,9172,11464.539984,11511.820913,47.281,194.0,1536
TCGA-E2-A1IN-01Z-00-DX1.F63F004F-847D-41B0-BAEF-3189D4965838,1,4,3652,11081.279986,11098.579247,17.299,211.1,1536
TCGA-E2-A1IO-01Z-00-DX1.C812D02F-3B40-496B-9EF5-7F68ADE64962,2,4,7472,11073.302552,11112.473578,39.171,190.8,1536
TCGA-E2-A1IU-01Z-00-DX1.E2F24814-24BA-4158-8841-F27A8E100589,3,4,11625,11162.088133,11219.414890,57.327,202.8,1536
TCGA-E2-A1L6-01Z-00-DX1.AFE87067-2BFD-42C2-9334-9DDE8AB61B49,0,4,17893,11512.116256,11597.751957,85.636,208.9,1536
TCGA-E2-A1L7-01Z-00-DX1.BE796CD2-2E81-44E8-8CA2-85B4D2A31B64,1,4,2683,11098.642022,11113.897912,15.256,175.9,1536
TCGA-E2-A1L8-01Z-00-DX1.842BF73D-2D64-4ABA-880D-DBE8F4C2AA19,2,4,3624,11112.581994,11129.999648,17.418,208.1,1536
TCGA-E2-A1L9-01Z-00-DX1.F2CC1036-8EEE-4664-962E-541B8ACB10DE,3,4,6538,11219.604987,11252.515604,32.911,198.7,1536
TCGA-E2-A1LA-01Z-00-DX1.AE49E943-B830-4ED9-B09E-E499441BC2EC,0,4,13594,11598.061729,11662.039947,63.978,212.5,1536
TCGA-E2-A1LB-01Z-00-DX1.B4AFDB08-BA09-4F6E-806E-4054B790AB8E,1,4,8985,11114.017865,11157.646649,43.629,205.9,1536
TCGA-E2-A1LE-01Z-00-DX1.22856B2A-FBAA-4530-AEEC-E8F77BDA7F7F,2,4,10380,11130.170071,11180.752497,50.582,205.2,1536
TCGA-E2-A1LG-01Z-00-DX1.8ff0fdd8-e5d5-4ff8-8707-4a760aaa5d36,3,4,4044,11252.636198,11271.710028,19.074,212.0,1536
TCGA-E2-A1LH-01Z-00-DX1.F85384B7-1EBF-4F57-A45B-4A668B68E535,0,4,8892,11662.261433,11704.230437,41.969,211.9,1536
TCGA-E2-A1LI-01Z-00-DX1.503dd2fa-23ef-4b11-8aab-301e069eaa88,1,4,12315,11157.860718,11220.254788,62.394,197.4,1536
TCGA-E2-A1LK-01Z-00-DX1.5EBAA1F4-F1B4-4938-A51F-0246621BB0ED,2,4,19668,11181.039325,11280.556480,99.517,197.6,1536
TCGA-E2-A1LL-01Z-00-DX1.D1AA1613-902C-4579-9612-48A76042B0AE,3,4,9770,11271.839255,11317.674868,45.836,213.2,1536
TCGA-E2-A1LS-01Z-00-DX1.9a43a58a-df40-4375-8456-ef0071bc9eb9,0,4,5542,11704.382067,11730.467339,26.085,212.5,1536
TCGA-E2-A2P5-01Z-00-DX1.375B5E5D-D8D0-425C-9163-6DF26E31BBE1,1,4,19011,11220.572481,11313.582770,93.010,204.4,1536
TCGA-E2-A2P6-01Z-00-DX1.9D8060AA-881F-49FF-AEF5-B40A3625A44A,2,4,16445,11280.908287,11360.082350,79.174,207.7,1536
TCGA-E2-A3DX-01Z-00-DX1.75094CA2-CE51-4886-A564-BD10043A6E4C,3,4,20324,11317.986306,11420.326840,102.341,198.6,1536
TCGA-E2-A56Z-01Z-00-DX1.EC28E279-B869-4485-A19F-C732D4CCD374,0,4,11123,11730.648501,11786.712284,56.064,198.4,1536
TCGA-E2-A570-01Z-00-DX1.64E5F2CA-9396-40DC-A300-04A54657BDE6,1,4,19827,11313.957515,11416.143675,102.186,194.0,1536
TCGA-E2-A572-01Z-00-DX1.7DDF1C25-58E2-4AF9-B831-598222A4E85D,2,4,14865,11360.406217,11437.896613,77.490,191.8,1536
TCGA-E2-A573-01Z-00-DX1.D6633BC2-524D-4153-952F-6B1D8D067370,3,4,10634,11420.625380,11471.269493,50.644,210.0,1536
TCGA-E2-A574-01Z-00-DX1.60341091-B118-4F20-9ADB-FB2886790B0E,0,4,8225,11786.919443,11826.210333,39.291,209.3,1536
TCGA-E2-A576-01Z-00-DX1.2E045763-7EB0-48F5-8C47-E4B84287D739,1,4,3746,11416.375384,11434.518803,18.143,206.5,1536
TCGA-E2-A9RU-01Z-00-DX1.A06BE284-B9DC-4B45-A202-A9D027AEEDD9,2,4,17295,11438.211347,11525.160959,86.950,198.9,1536
TCGA-E9-A1N3-01Z-00-DX1.608fb360-17bf-4f85-b090-b8fc867831a3,3,4,3968,11471.412566,11490.316617,18.904,209.9,1536
TCGA-E9-A1N4-01Z-00-DX1.71c8d4a5-ec99-4012-9fe2-ddb3349ad5bc,0,4,10655,11826.393132,11877.166911,50.774,209.9,1536
TCGA-E9-A1N5-01Z-00-DX1.94DE7B4B-3798-4CC2-8A64-77796A58821A,1,4,8044,11434.648091,11474.172384,39.524,203.5,1536
TCGA-E9-A1N6-01Z-00-DX1.C0E8FFDC-2614-4DBF-B51E-4646A3919911,2,4,11943,11525.416372,11583.289833,57.873,206.4,1536
TCGA-E9-A1N8-01Z-00-DX1.1243AB1C-75A3-4A5E-9674-53992E6DD377,3,4,11469,11490.453748,11547.767976,57.314,200.1,1536
TCGA-E9-A1N9-01Z-00-DX1.982C83A6-0E06-47B3-A7C7-1773A2CD1771,0,4,7790,11877.337723,11916.724949,39.387,197.8,1536
TCGA-E9-A1NA-01Z-00-DX1.2A2FE8BB-621E-43A2-8449-F8FE730C0487,1,4,4444,11474.291986,11496.116097,21.824,203.6,1536
TCGA-E9-A1NC-01Z-00-DX1.20edf036-8ba6-4187-a74c-124fc39f5aa1,2,4,4505,11583.441561,11605.317698,21.876,205.9,1536
TCGA-E9-A1ND-01Z-00-DX1.5C2F5250-A3B2-4B97-9E11-56CF3C7CA2DB,3,4,7492,11547.945791,11583.768022,35.822,209.1,1536
TCGA-E9-A1NE-01Z-00-DX1.f332124a-cdab-4ab5-82d1-4b8b7f3c9821,0,4,4517,11916.843648,11938.193378,21.350,211.6,1536
TCGA-E9-A1NF-01Z-00-DX1.08779060-F710-45CB-A016-56D3C5B745E0,1,4,10750,11496.255398,11551.613970,55.359,194.2,1536
TCGA-E9-A1NG-01Z-00-DX1.30d2a611-21ad-4ba0-a03c-31f36ecb83d5,2,4,10879,11605.458020,11657.274269,51.816,210.0,1536
TCGA-E9-A1NH-01Z-00-DX1.20FF11B7-DAF0-41C2-B7C5-449BA5268EC0,3,4,5634,11583.899539,11610.700229,26.801,210.2,1536
TCGA-E9-A1NI-01Z-00-DX1.AF90ACEF-EDED-40E6-955B-80ACC49778F9,0,4,8449,11938.324065,11978.497711,40.174,210.3,1536
TCGA-E9-A1QZ-01Z-00-DX1.CDAECCA9-4F09-491F-A975-B775D47E46F0,1,4,8803,11551.792929,11594.889166,43.096,204.3,1536
TCGA-E9-A1R0-01Z-00-DX1.187C58EA-132E-4B3C-BAD0-7F59101D5C4D,2,4,8049,11657.450288,11695.843416,38.393,209.6,1536
TCGA-E9-A1R2-01Z-00-DX1.5529C856-4F4F-4F17-94A2-5CEF94A940EB,3,4,9512,11610.844013,11655.249565,44.406,214.2,1536
TCGA-E9-A1R3-01Z-00-DX1.779642c7-b3b0-4ff2-af97-201d4bcfc197,0,4,9172,11978.657183,12022.619218,43.962,208.6,1536
TCGA-E9-A1R4-01Z-00-DX1.B04D5A22-8CE5-49FD-8510-14444F46894D,1,4,7769,11595.038433,11631.917941,36.880,210.7,1536
TCGA-E9-A1R5-01Z-00-DX1.b870d5eb-6259-4b49-86e4-569a9e32ecd5,2,4,12154,11696.016360,11755.767173,59.751,203.4,1536
TCGA-E9-A1R6-01Z-00-DX1.59770592-498A-47EA-AE32-42AC1D8E99BE,3,4,14417,11655.452706,11722.579876,67.127,214.8,1536
TCGA-E9-A1R7-01Z-00-DX1.af9ff432-440e-44ac-bc33-298f5db9a706,0,4,12118,12022.811846,12085.098468,62.287,194.6,1536
TCGA-E9-A1RA-01Z-00-DX1.E1C527C3-EDF2-442A-80FE-3E3AFBC5EF5A,1,4,6250,11632.047391,11661.518948,29.472,212.1,1536
TCGA-E9-A1RB-01Z-00-DX1.845074ea-43bc-4752-9dc0-fca72d2ab5de,2,4,9123,11755.957988,11800.402172,44.444,205.3,1536
TCGA-E9-A1RC-01Z-00-DX1.8e1008da-b17b-4096-a070-f536fe8ce52d,3,4,13348,11722.805513,11788.343569,65.538,203.7,1536
TCGA-E9-A1RD-01Z-00-DX1.34083668-cbd2-4610-b857-d50ee9f3e5bd,0,4,8753,12085.280560,12126.819594,41.539,210.7,1536
TCGA-E9-A1RE-01Z-00-DX1.fd100503-ba95-4af8-8e59-689b2cea145c,1,4,12878,11661.691871,11722.723158,61.031,211.0,1536
TCGA-E9-A1RF-01Z-00-DX1.ee37dfd4-1431-4e80-bd7e-3e1f878273e0,2,4,11325,11800.588579,11855.254674,54.666,207.2,1536
TCGA-E9-A1RG-01Z-00-DX1.044C235A-75AE-4C7D-AC7F-56C8E64354AA,3,4,12713,11788.575260,11848.977748,60.402,210.5,1536
TCGA-E9-A1RH-01Z-00-DX1.CC9CEDCC-7BF2-4C96-A0F1-C98071DA2CD3,0,4,14596,12127.033994,12196.471067,69.437,210.2,1536
TCGA-E9-A1RI-01Z-00-DX1.3259644B-0888-4B18-B16F-397D55167EAD,1,4,10305,11722.930528,11775.569797,52.639,195.8,1536
TCGA-E9-A226-01Z-00-DX1.14f1f4c7-4e6e-4574-af20-60d2ab511b2a,2,4,8366,11855.444455,11898.196760,42.752,195.7,1536
TCGA-E9-A227-01Z-00-DX1.823062BF-3444-489B-AF91-AAD4ECAA1DC7,3,4,5003,11849.158586,11873.226465,24.068,207.9,1536
TCGA-E9-A228-01Z-00-DX1.adbeed20-3b14-44fe-a98a-3bf7cecea30a,0,4,13704,12196.741801,12263.928596,67.187,204.0,1536
TCGA-E9-A229-01Z-00-DX1.5B448B88-DA0C-44FF-87B3-20649A4A26FE,1,4,10206,11775.775659,11825.718080,49.942,204.4,1536
TCGA-E9-A22A-01Z-00-DX1.d986c9eb-2c54-4663-a54b-04c0756db6db,2,4,13227,11898.418283,11962.157337,63.739,207.5,1536
TCGA-E9-A22B-01Z-00-DX1.01692f98-bd7c-4b02-990c-53560276baa0,3,4,9941,11873.375643,11922.340274,48.965,203.0,1536
TCGA-E9-A22D-01Z-00-DX1.b2867437-0add-4b7d-8002-fb09ed961942,0,4,9754,12264.149932,12310.599252,46.449,210.0,1536
TCGA-E9-A22E-01Z-00-DX1.3d5b1ba6-466f-4852-b1fc-bc29ef3be9a2,1,4,13551,11825.953066,11894.806998,68.854,196.8,1536
TCGA-E9-A22G-01Z-00-DX1.2b47e321-7910-40ec-ad1c-c4e08ed26334,2,4,13294,11962.419032,12027.389556,64.971,204.6,1536
TCGA-E9-A22H-01Z-00-DX1.0ee39fd1-b077-40ea-bd0d-8a3db474fdd5,3,4,10483,11922.527737,11972.162591,49.635,211.2,1536
TCGA-E9-A243-01Z-00-DX1.9A3B34E5-25EF-4243-8680-FABF2F1CCDA9,0,4,9921,12310.789671,12358.554012,47.764,207.7,1536
TCGA-E9-A244-01Z-00-DX1.4FDAA892-9DBF-4E5D-89F3-2A84C8AC8F0A,1,4,14813,11895.079663,11966.603747,71.524,207.1,1536
TCGA-E9-A245-01Z-00-DX1.648850D5-EB80-4FBE-8507-32313FAD1060,2,4,12605,12027.636171,12092.216599,64.580,195.2,1536
TCGA-E9-A247-01Z-00-DX1.3B2DF1CB-054A-44C4-9AD5-D8FA6D386A93,3,4,6898,11972.330737,12005.397597,33.067,208.6,1536
TCGA-E9-A248-01Z-00-DX1.C991932F-39D4-4F2C-91C3-CE12B5BAEDB1,0,4,13938,12358.802028,12428.289836,69.488,200.6,1536
TCGA-E9-A249-01Z-00-DX1.CA244384-FD89-44F6-8F94-A060A4C241CA,1,4,16098,11966.891166,12049.297489,82.406,195.3,1536
TCGA-E9-A24A-01Z-00-DX1.F0342837-5750-4172-B60D-5F902E2A02FD,2,4,6150,12092.394425,12122.199574,29.805,206.3,1536
TCGA-E9-A295-01Z-00-DX1.ED6CC024-56E7-45A9-B41F-F84550A899F7,3,4,17953,12005.635965,12094.653859,89.018,201.7,1536
TCGA-E9-A2JS-01Z-00-DX1.445BA2F8-3A4A-49D2-8D41-4ACFD32F2074,0,4,12719,12428.542190,12489.762533,61.220,207.8,1536
TCGA-E9-A2JT-01Z-00-DX1.49C2B936-3B1A-4014-8B43-26D483DEF53A,1,4,6964,12049.516220,12083.730173,34.214,203.5,1536
TCGA-E9-A3HO-01Z-00-DX1.8C897764-4CD4-40DE-9F8B-7F1BE5FF89C7,2,4,12425,12122.363195,12182.110366,59.747,208.0,1536
TCGA-E9-A3Q9-01Z-00-DX1.2D0CA5D4-CCE5-4647-BFB3-D5359F53DA83,3,4,11261,12094.901527,12148.384881,53.483,210.6,1536
TCGA-E9-A3QA-01Z-00-DX1.9D664AF3-9ABD-4EED-B826-4C4FBFC33F3E,0,4,5472,12489.944704,12519.280154,29.335,186.5,1536
TCGA-E9-A3X8-01Z-00-DX1.D1532F80-F5F8-47AF-8A1B-B59E345F5D70,1,4,5010,12083.855808,12108.660971,24.805,202.0,1536
TCGA-E9-A54X-01Z-00-DX1.9BF3DE15-FA5A-459D-9B2E-8EB92F34228D,2,4,2651,12182.237413,12195.221254,12.984,204.2,1536
TCGA-E9-A54Y-01Z-00-DX1.5FD70369-6514-4E5E-8BEF-65DAC5671E1A,3,4,11029,12148.596289,12201.561003,52.965,208.2,1536
TCGA-E9-A5FK-01Z-00-DX1.3F002C99-B4CA-4068-A816-EAC370A2E8C4,0,4,8971,12519.430730,12562.895751,43.465,206.4,1536
TCGA-E9-A5FL-01Z-00-DX1.FB810D6A-303E-45DF-BEF1-D9CE83B4417E,1,4,11328,12108.827170,12163.446558,54.619,207.4,1536
TCGA-E9-A5UO-01Z-00-DX1.96BFEB0C-86DB-4D3B-9364-C708937219B2,2,4,9395,12195.353345,12240.944610,45.591,206.1,1536
TCGA-E9-A5UP-01Z-00-DX1.135466CC-601C-48B2-935D-42F8D7C4CDF7,3,4,7129,12201.747851,12235.983972,34.236,208.2,1536
TCGA-E9-A6HE-01Z-00-DX1.97514DBA-9BC0-4554-9A43-99C48C6B953A,0,4,7650,12563.060696,12599.893095,36.832,207.7,1536
TCGA-EW-A1IW-01Z-00-DX1.0DE87057-951F-4887-A2D5-485736D66E4E,1,4,24092,12163.779208,12283.710211,119.931,200.9,1536
TCGA-EW-A1IX-01Z-00-DX1.72AE0E0F-B213-454F-8275-76A7C43FAB86,2,4,13982,12241.179935,12310.177888,68.998,202.6,1536
TCGA-EW-A1IY-01Z-00-DX1.3FD00274-C2CD-491A-915B-23FD535A4723,3,4,13565,12236.194894,12302.105562,65.911,205.8,1536
TCGA-EW-A1IZ-01Z-00-DX1.81D5544E-0A7D-4A92-A3B0-4F22CFB8BBB2,0,4,6535,12600.040363,12631.525827,31.485,207.6,1536
TCGA-EW-A1J1-01Z-00-DX1.FFC2D5DB-E6D0-4143-A1E7-0A2027846C8C,1,4,16035,12284.069457,12362.942477,78.873,203.3,1536
TCGA-EW-A1J2-01Z-00-DX1.F1D8E593-2DF4-44C3-873D-FD3C910011E4,2,4,7280,12310.387855,12345.933758,35.546,204.8,1536
TCGA-EW-A1J3-01Z-00-DX1.F736F6F4-0859-439A-A417-98B520C8D65A,3,4,17907,12302.401714,12387.117527,84.716,211.4,1536
TCGA-EW-A1J5-01Z-00-DX1.FFE303B1-7F36-4276-B931-C2A6B2CBD1F2,0,4,20840,12631.806405,12732.162189,100.356,207.7,1536
TCGA-EW-A1J6-01Z-00-DX1.F668E978-13B6-4284-9522-37C65C57A21A,1,4,12073,12363.231050,12425.767023,62.536,193.1,1536
TCGA-EW-A1OV-01Z-00-DX1.93698123-5B34-4163-848B-2D75A5F7B001,2,4,21362,12346.212883,12453.687851,107.475,198.8,1536
TCGA-EW-A1OW-01Z-00-DX1.97888686-EBB6-4B13-AB5D-452F475E865B,3,4,12730,12387.404996,12450.997996,63.593,200.2,1536
TCGA-EW-A1OX-01Z-00-DX1.9B19CBEE-E592-4A4D-839F-CECDCA20F4B1,0,4,27872,12732.617670,12872.034947,139.417,199.9,1536
TCGA-EW-A1OY-01Z-00-DX1.42AF5C9A-A90F-4A58-B5D4-B615F8CD4333,1,4,21608,12426.109269,12536.199371,110.090,196.3,1536
TCGA-EW-A1OZ-01Z-00-DX1.9639BB06-FF02-475F-A89D-773BE12721CC,2,4,25734,12454.134934,12583.336213,129.201,199.2,1536
TCGA-EW-A1P0-01Z-00-DX1.6C75EEBD-CE05-4DE2-8C43-8B6435F1379F,3,4,18540,12451.286276,12543.520654,92.234,201.0,1536
TCGA-EW-A1P1-01Z-00-DX1.4B670029-4B3B-4D76-8EA4-F4F29EEF9E37,0,4,16689,12872.446528,12952.371222,79.925,208.8,1536
TCGA-EW-A1P3-01Z-00-DX1.EF69B964-57D6-4F8E-A183-A3022AF6E835,1,4,30263,12536.689197,12685.495372,148.806,203.4,1536
TCGA-EW-A1P4-01Z-00-DX1.3E9AE553-83D4-4B09-AB7F-D096BCE3BC4D,2,4,12873,12583.699473,12646.063511,62.364,206.4,1536
TCGA-EW-A1P5-01Z-00-DX1.B0D59A56-116E-48B3-BC90-237EA4B3F95B,3,4,20092,12543.887995,12639.483705,95.596,210.2,1536
TCGA-EW-A1P6-01Z-00-DX1.A8024C26-6336-4858-88FD-5679795899BA,0,4,15542,12952.704456,13025.522341,72.818,213.4,1536
TCGA-EW-A1P7-01Z-00-DX1.97575C9F-C318-45A5-A4B7-1A902B93FA3F,1,4,37279,12686.113734,12875.144086,189.030,197.2,1536
TCGA-EW-A1P8-01Z-00-DX1.E9852193-8CDD-49EF-B49B-DA6931198F0D,2,4,24619,12646.439281,12766.142002,119.703,205.7,1536
TCGA-EW-A1PA-01Z-00-DX1.03B033F8-62C0-49E1-BDEA-C5217AB3460A,3,4,15282,12639.820559,12712.565592,72.745,210.1,1536
TCGA-EW-A1PB-01Z-00-DX1.B2E9B88F-C371-4821-9B7B-8A63BB120D95,0,4,16147,13025.849828,13108.029265,82.179,196.5,1536
TCGA-EW-A1PC-01Z-00-DX1.45369705-AD49-419F-A0F0-EC51473BBAB9,1,4,23649,12875.720375,12991.294698,115.574,204.6,1536
TCGA-EW-A1PD-01Z-00-DX1.6F6A0122-A50B-4D00-9A3F-7A2502D44E38,2,4,13838,12766.497258,12839.879654,73.382,188.6,1536
TCGA-EW-A1PE-01Z-00-DX1.8EF56824-0B37-4AD1-AF3E-7988FCBEF773,3,4,18187,12712.896233,12799.016457,86.120,211.2,1536
TCGA-EW-A1PF-01Z-00-DX1.9420D058-65CE-4DF8-815F-EB407003096E,0,4,9399,13108.294222,13152.301006,44.007,213.6,1536
TCGA-EW-A1PG-01Z-00-DX1.A31B2048-D04D-467C-A9E4-6A63942A58C6,1,4,12169,12991.641296,13054.413783,62.772,193.9,1536
TCGA-EW-A1PH-01Z-00-DX1.77e0f907-fe59-4dc2-b582-6f10330a9c01,2,4,36906,12840.379242,13018.700002,178.321,207.0,1536
TCGA-EW-A2FR-01Z-00-DX1.FF521BBF-F5BA-4B03-9CA1-101A337F4B45,3,4,7100,12799.272128,12839.166539,39.894,178.0,1536
TCGA-EW-A2FS-01Z-00-DX1.A01C9183-2AC8-456A-B5A6-85C5BB0361D8,0,4,14582,13152.515734,13222.470426,69.955,208.4,1536
TCGA-EW-A2FV-01Z-00-DX1.0C59AC06-DD9B-413A-8A03-B71774F662FA,1,4,16061,13054.697200,13130.743897,76.047,211.2,1536
TCGA-EW-A2FW-01Z-00-DX1.4F948681-81F3-46C5-A4E8-FDE8A4116F7A,2,4,14190,13019.155622,13092.343937,73.188,193.9,1536
TCGA-EW-A3E8-01Z-00-DX1.E185B2E4-3E16-4C66-90D7-FDB9A14BA00D,3,4,16296,12839.390872,12917.333074,77.942,209.1,1536
TCGA-EW-A3U0-01Z-00-DX1.526F60F9-D1EB-4613-B428-18A1FC0BAAE2,0,4,15639,13222.781723,13300.815046,78.033,200.4,1536
TCGA-EW-A423-01Z-00-DX1.31502D62-9C83-4A9C-9682-05A185486EAA,1,4,13972,13131.042791,13199.188185,68.145,205.0,1536
TCGA-EW-A423-01Z-00-DX2.5EF1CF39-600A-4ED3-A5A2-AF4435A5F8B5,2,4,22432,13092.725184,13201.364806,108.640,206.5,1536
TCGA-EW-A424-01Z-00-DX1.662894F0-31FE-494B-9A9E-7C369AE23D27,3,4,19233,12917.681238,13009.104184,91.423,210.4,1536
TCGA-EW-A6S9-01Z-00-DX1.4A8CD2D4-D528-465C-82DC-9CAE35DD424B,0,4,15513,13301.141141,13376.129294,74.988,206.9,1536
TCGA-EW-A6SA-01Z-00-DX1.DE032DD7-169D-4AA2-A4E0-1EFC158431FA,1,4,19121,13199.518488,13296.254518,96.736,197.7,1536
TCGA-EW-A6SB-01Z-00-DX1.D56E1922-01A9-4AEE-AB95-D69447DD13EE,2,4,13541,13201.718724,13269.856974,68.138,198.7,1536
TCGA-EW-A6SC-01Z-00-DX1.C2D50E7C-3AD0-4038-9A1C-CAE54A3FBE2F,3,4,17981,13009.475345,13099.350528,89.875,200.1,1536
TCGA-EW-A6SD-01Z-00-DX1.32D8240E-2076-492B-BB95-300A9FCA96E7,0,4,18932,13376.489217,13469.353165,92.864,203.9,1536
TCGA-GI-A2C8-01Z-00-DX1.09BD8AC9-645A-4C8B-9B36-77D833BDBA09,1,4,3789,13296.467970,13315.355184,18.887,200.6,1536
TCGA-GI-A2C9-01Z-00-DX1.90181423-51ED-41FE-9B8F-973A67793D4F,2,4,2429,13270.025183,13281.981668,11.956,203.2,1536
TCGA-GM-A2D9-01Z-00-DX1.AF4BF2DD-05FB-400B-A1BC-6E7C9B9DDF05,3,4,18175,13099.699483,13185.124395,85.425,212.8,1536
TCGA-GM-A2DA-01Z-00-DX1.6E409F88-F654-48C8-A753-BB054037BE16,0,4,6336,13469.597712,13500.692777,31.095,203.8,1536
TCGA-GM-A2DB-01Z-00-DX1.9EE36AA6-2594-44C7-B05C-91A0AEC7E511,1,4,11208,13315.529224,13370.670598,55.141,203.3,1536
TCGA-GM-A2DC-01Z-00-DX1.39F956BB-52D0-4385-9923-4D7D36D78862,2,4,9596,13282.115029,13329.201978,47.087,203.8,1536
TCGA-GM-A2DD-01Z-00-DX1.01332FF3-7488-41B7-A515-7841715DE92B,3,4,15829,13185.443570,13262.013353,76.570,206.7,1536
TCGA-GM-A2DF-01Z-00-DX1.CD0BE6D7-2DB3-4193-84CC-F9BE7BF18CC2,0,4,12741,13500.879266,13561.368003,60.489,210.6,1536
TCGA-GM-A2DH-01Z-00-DX1.5790F15F-2A0F-4929-8FE4-18A557007989,1,4,12271,13370.905086,13433.085595,62.181,197.3,1536
TCGA-GM-A2DI-01Z-00-DX1.5E9715EA-9D2B-49D0-8F1D-972CF24B1960,2,4,7059,13329.364329,13364.144095,34.780,203.0,1536
TCGA-GM-A2DK-01Z-00-DX1.4F81A585-9549-454C-8E15-2E4545795460,3,4,12149,13262.274052,13323.310471,61.036,199.0,1536
TCGA-GM-A2DL-01Z-00-DX1.1CE6992E-B1CE-45AB-B2EB-75338B6FEE9D,0,4,10874,13561.612012,13615.563092,53.951,201.6,1536
TCGA-GM-A2DM-01Z-00-DX1.652038F4-C370-40EB-A545-51062783C74C,1,4,14816,13433.359243,13507.726384,74.367,199.2,1536
TCGA-GM-A2DN-01Z-00-DX1.593003B0-BA87-486B-B472-D6B85867D54D,2,4,10425,13364.305284,13416.799861,52.495,198.6,1536
TCGA-GM-A2DO-01Z-00-DX1.60817A51-93B7-483D-ABC9-8ED6341C6660,3,4,5758,13323.501875,13351.675542,28.174,204.4,1536
TCGA-GM-A3NW-01Z-00-DX1.3B0324F0-4007-4390-AF26-3789A50684E5,0,4,10848,13615.800370,13667.187462,51.387,211.1,1536
TCGA-GM-A3NY-01Z-00-DX1.BEED8B8F-5A1B-4CE2-BB5D-A7ED40551AE4,1,4,8523,13507.958723,13548.847993,40.889,208.4,1536
TCGA-GM-A3XG-01Z-00-DX1.68FFB600-8573-451F-8100-D11DB091F457,2,4,9976,13417.009637,13465.649507,48.640,205.1,1536
TCGA-GM-A3XL-01Z-00-DX1.CCE8AA1D-9194-4E49-9546-DBF25A35847C,3,4,8872,13351.811875,13396.396852,44.585,199.0,1536
TCGA-GM-A3XN-01Z-00-DX1.49F5C8AC-0328-4BC2-9FE2-E7150B7A42E2,0,4,14212,13667.439810,13735.776425,68.337,208.0,1536
TCGA-GM-A4E0-01Z-00-DX1.55A5D765-AA35-4052-9185-6872B580F0F6,1,4,11600,13549.075229,13608.307873,59.233,195.8,1536
TCGA-JL-A3YW-01Z-00-DX1.827C5C53-9C30-4307-802A-5A7896828A7F,2,4,6313,13465.806609,13497.418762,31.612,199.7,1536
TCGA-JL-A3YX-01Z-00-DX1.0FE8F389-F79A-4CF8-A83C-420380A02552,3,4,14461,13396.607942,13465.254493,68.647,210.7,1536
TCGA-LD-A66U-01Z-00-DX1.AEC25C62-0519-47ED-A85B-2A964BA2BA87,0,4,11053,13736.027448,13788.648249,52.621,210.1,1536
TCGA-LD-A74U-01Z-00-DX1.F3C1EBBB-4AED-49A9-A8D2-B6145E162BE4,1,4,11851,13608.541346,13665.732713,57.191,207.2,1536
TCGA-LD-A7W5-01Z-00-DX1.C9920081-C2FE-461E-AEF8-625D4A95BE2F,2,4,12046,13497.604213,13555.620830,58.017,207.6,1536
TCGA-LD-A7W6-01Z-00-DX1.3E125146-B447-4973-AE09-6D374970B46C,3,4,6236,13465.449071,13496.675173,31.226,199.7,1536
TCGA-LD-A9QF-01Z-00-DX1.092108DF-1A60-459E-ACE6-5A71826A98D1,0,4,10757,13788.876504,13843.272915,54.396,197.8,1536
TCGA-LL-A440-01Z-00-DX1.6E031FD6-236C-49FA-B920-4CB120C59037,1,4,4308,13665.897296,13687.062115,21.165,203.5,1536
TCGA-LL-A441-01Z-00-DX1.33B13078-BB14-4C42-88A6-7460AD2BCD00,2,4,13571,13555.863221,13624.093223,68.230,198.9,1536
TCGA-LL-A442-01Z-00-DX1.9275EDBD-1C89-4AF3-B02B-19F613A4E083,3,4,18354,13496.923773,13583.717894,86.794,211.5,1536
TCGA-LL-A50Y-01Z-00-DX1.7F08413F-2C59-4322-9296-84F8CD3DF619,0,4,8474,13843.477837,13884.502922,41.025,206.6,1536
TCGA-LL-A5YL-01Z-00-DX1.164C74AB-87D5-46CC-9D96-33FE1F88DC80,1,4,16734,13687.282938,13768.964938,81.682,204.9,1536
TCGA-LL-A5YM-01Z-00-DX1.2B8904A9-6A45-4FFD-AF15-EB81773E5B79,2,4,17743,13624.390928,13710.302004,85.911,206.5,1536
TCGA-LL-A5YN-01Z-00-DX1.F221939B-3680-4B95-93A9-BE8599550E87,3,4,15538,13584.019563,13659.332229,75.313,206.3,1536
TCGA-LL-A5YO-01Z-00-DX1.B5B6DFDB-1020-41FF-AA50-9C633E17DE5F,0,4,13445,13884.730752,13952.263821,67.533,199.1,1536
TCGA-LL-A5YP-01Z-00-DX1.ADA978DF-6625-4C4D-AE0C-F589B2BA4897,1,4,12983,13769.269175,13835.704368,66.435,195.4,1536
TCGA-LL-A6FP-01Z-00-DX1.6261398A-7288-4924-BBE2-FC1949256E40,2,4,7071,13710.544432,13744.718083,34.174,206.9,1536
TCGA-LL-A6FQ-01Z-00-DX1.D4FEEC16-FC67-4C4A-A4B1-F8BA34ECBCBD,3,4,13417,13659.621787,13723.738199,64.116,209.3,1536
TCGA-LL-A6FR-01Z-00-DX1.107010FD-8EDD-406D-B4DE-DEC9E85576FF,0,4,12043,13952.515357,14013.573637,61.058,197.2,1536
TCGA-LL-A73Y-01Z-00-DX1.50C20931-3AA9-40B4-8A73-56B1976423A8,1,4,10827,13835.936722,13889.591554,53.655,201.8,1536
TCGA-LL-A73Z-01Z-00-DX1.C010142E-29C0-411D-9E0E-4B7D8A4C09BF,2,4,4696,13744.827216,13767.514159,22.687,207.0,1536
TCGA-LL-A740-01Z-00-DX1.757D94A5-EF0F-4A0E-99A9-8809B66438DA,3,4,14146,13724.014389,13790.901077,66.887,211.5,1536
TCGA-LL-A7SZ-01Z-00-DX1.4DAF6421-6A1D-41C8-BFD6-859FE10CB8CC,0,4,16945,14013.877804,14094.346584,80.469,210.6,1536
TCGA-LL-A7T0-01Z-00-DX1.B03BBA63-ACF4-4BCA-9F2B-F631F0C6A25C,1,4,23644,13889.968889,14011.631930,121.663,194.3,1536
TCGA-LL-A8F5-01Z-00-DX1.7579425E-1425-4160-A9DD-3D50F4C5428D,2,4,26168,13767.849211,13897.863770,130.015,201.3,1536
TCGA-LL-A9Q3-01Z-00-DX1.94FA76F5-008A-401B-BFDC-817804BAE5F6,3,4,15605,13791.188122,13868.870247,77.682,200.9,1536
TCGA-LQ-A4E4-01Z-00-DX1.CF422C39-614F-4F14-813B-95BB7B171977,0,4,18809,14094.694313,14185.229925,90.536,207.8,1536
TCGA-OK-A5Q2-01Z-00-DX1.0D169898-37C6-44CA-AC87-27887123AA6F,1,4,16483,14012.021119,14090.824873,78.804,209.2,1536
TCGA-OK-A5Q2-01Z-00-DX2.C828A160-87DF-4625-A8C5-2057F61D54F4,2,4,20926,13898.276168,14001.830472,103.554,202.1,1536
TCGA-OK-A5Q2-01Z-00-DX3.5F9215C3-E407-46F8-968E-503D7D14605C,3,4,18935,13869.202291,13962.328400,93.126,203.3,1536
TCGA-OK-A5Q2-01Z-00-DX4.83B45D6C-E350-4436-812F-4155D9F7D331,0,4,12810,14185.529787,14254.416298,68.887,186.0,1536
TCGA-OL-A5D6-01Z-00-DX1.6B11331B-4A0D-4E13-B054-A5C7A6FC3AAC,1,4,13375,14091.125570,14157.293017,66.167,202.1,1536
TCGA-OL-A5D7-01Z-00-DX1.A4A45393-9AE1-4370-8B92-CB85CDB04934,2,4,10449,14002.122012,14056.393883,54.272,192.5,1536
TCGA-OL-A5D8-01Z-00-DX1.C0A75731-1DDC-4FAF-A2C5-2E2ECB23DC13,3,4,19406,13962.731279,14057.746193,95.015,204.2,1536
TCGA-OL-A5DA-01Z-00-DX1.1B1E9CC4-7B42-43BB-A1D7-A26F1D1F8557,0,4,14273,14254.684204,14322.352389,67.668,210.9,1536
TCGA-OL-A6VQ-01Z-00-DX1.E3B81163-0239-47C3-B53F-064405B58685,1,4,16880,14157.596204,14240.963629,83.367,202.5,1536
TCGA-OL-A97C-01Z-00-DX1.BDEEDEE2-6D07-4046-A8A9-D6FF8F337393,2,4,10962,14056.617150,14109.504994,52.888,207.3,1536
TCGA-PE-A5DC-01Z-00-DX1.8E6953AD-C14A-43F5-B062-E31AB13C7BDF,3,4,6251,14057.993768,14087.490590,29.497,211.9,1536
TCGA-PE-A5DD-01Z-00-DX1.E1EF11EC-B87B-49DE-A544-2E162F9AE789,0,4,7665,14322.561517,14359.651801,37.090,206.7,1536
TCGA-PE-A5DE-01Z-00-DX1.88B354F2-5485-44AA-A057-89E40B988F69,1,4,2347,14241.137690,14259.459524,18.322,128.1,1536
TCGA-PL-A8LV-01A-01-DX1.88F3D934-96C2-4652-9450-90F2E302FF6D,2,4,950,14109.624584,14114.232246,4.608,206.2,1536
TCGA-PL-A8LV-01A-02-DX2.346FF42B-2363-4B37-8884-12D5F841842C,3,4,2484,14087.587841,14099.582655,11.995,207.1,1536
TCGA-PL-A8LX-01A-01-DX1.9646D69F-A764-4246-9243-67A63006DE96,0,4,1850,14359.749758,14368.715783,8.966,206.3,1536
TCGA-PL-A8LX-01A-02-DX2.84DA8B75-1196-4704-B6B2-C5E7BF645E95,1,4,3046,14259.518259,14274.024937,14.507,210.0,1536
TCGA-PL-A8LY-01A-01-DX1.32047D5E-8A42-480A-B2B8-A56B47B949FD,2,4,1663,14114.269111,14122.326653,8.058,206.4,1536
TCGA-PL-A8LY-01A-02-DX2.6F9520F1-3210-4A96-81C2-A14424F650D1,3,4,1622,14099.623194,14107.355184,7.732,209.8,1536
TCGA-PL-A8LZ-01A-01-DX1.B9F233EE-06DD-4C14-A392-D2937C7C0868,0,4,1517,14368.762686,14376.009185,7.246,209.3,1536
TCGA-PL-A8LZ-01A-02-DX2.E2697718-12E1-4D7C-9ED8-0A71C6D855B8,1,4,3208,14274.083392,14289.499389,15.416,208.1,1536
TCGA-PL-A8LZ-01A-03-DX3.E5D16DBF-CABD-4C96-A794-5F27BC305055,2,4,3470,14122.388734,14139.370187,16.981,204.3,1536
TCGA-S3-A6ZF-01Z-00-DX1.E50205A0-63CA-49DE-8831-2A8916DEF403,3,4,12514,14107.497621,14167.539369,60.042,208.4,1536
TCGA-S3-A6ZG-01Z-00-DX1.659A0BFB-D99B-474F-B4C2-6590C9161BD1,0,4,5034,14376.089489,14400.253692,24.164,208.3,1536
TCGA-S3-A6ZH-01Z-00-DX1.E728FF79-4921-436F-BFF5-5B782C0EEB9A,1,4,4754,14289.586006,14312.341686,22.756,208.9,1536
TCGA-S3-AA0Z-01Z-00-DX1.4D96156A-4067-41F2-90B8-41EF7ED794CF,2,4,14293,14139.562464,14209.074738,69.512,205.6,1536
TCGA-S3-AA10-01Z-00-DX1.C0468882-0DD8-4FC5-8C2F-E18BE8000F69,3,4,9278,14167.747597,14212.164579,44.417,208.9,1536
TCGA-S3-AA11-01Z-00-DX1.36B83B37-2928-4DB7-A04A-8D511F1183FD,0,4,6873,14400.374096,14435.060439,34.686,198.1,1536
TCGA-S3-AA12-01Z-00-DX1.2A991B9F-E7E6-410B-B0BF-635E3CC40C7E,1,4,19501,14312.605898,14408.431706,95.826,203.5,1536
TCGA-S3-AA12-01Z-00-DX2.4F0A4F18-41C7-4497-A7B8-5DCE610E08AD,2,4,14703,14209.359184,14287.119454,77.760,189.1,1536
TCGA-S3-AA14-01Z-00-DX1.000A865F-19E6-4018-9352-BFA54EF0CE31,3,4,19078,14212.455225,14309.183284,96.728,197.2,1536
TCGA-S3-AA15-01Z-00-DX1.A2456A4A-E6E8-4429-8F09-B997AA497BB0,0,4,10795,14435.258542,14488.072147,52.814,204.4,1536
TCGA-S3-AA15-01Z-00-DX2.915A4F90-25CB-4535-99C7-D0D0CFC90412,1,4,12284,14408.730784,14472.701797,63.971,192.0,1536
TCGA-S3-AA17-01Z-00-DX1.9B7DC02E-ECB2-4403-A894-F418AD452E49,2,4,9312,14287.370574,14332.375309,45.005,206.9,1536
TCGA-UL-AAZ6-01Z-00-DX1.0488628B-C06B-4A1D-9198-EC29D0BACF6E,3,4,19364,14309.547274,14402.036273,92.489,209.4,1536
TCGA-UU-A93S-01Z-00-DX1.C4809779-DF5F-4F5D-A78C-B7F95F2D050F,0,4,25838,14488.452013,14611.808602,123.357,209.5,1536
TCGA-W8-A86G-01Z-00-DX2.DEC2CC1C-3662-43C6-A5CB-EC94B343FA3D,1,4,6196,14472.899715,14503.104739,30.205,205.1,1536
TCGA-WT-AB41-01Z-00-DX1.75BDFDF2-CD87-46D1-B32C-725741CB02BE,2,4,13278,14332.599476,14397.146750,64.547,205.7,1536
TCGA-WT-AB44-01Z-00-DX1.B6ECEA7C-DA26-4B34-88CE-6834631DFA35,3,4,4235,14402.250300,14424.167776,21.917,193.2,1536
TCGA-XX-A899-01Z-00-DX1.08FE27B7-73B8-4CE3-ACF4-0689C81C140B,0,4,10716,14612.141743,14663.344912,51.203,209.3,1536
TCGA-XX-A89A-01Z-00-DX1.671E2AD6-4D1A-4579-88C1-5B0B15818126,1,4,10123,14503.280553,14552.207916,48.927,206.9,1536
TCGA-Z7-A8R5-01Z-00-DX1.3BDB407F-514C-4131-B058-FA1E69154276,2,4,11007,14397.366410,14453.116239,55.750,197.4,1536
TCGA-Z7-A8R6-01Z-00-DX1.CE4ED818-D762-4324-9DEA-2ACB38B9B0B9,3,4,16460,14424.382895,14503.621312,79.238,207.7,1536
